solid TRY2_ASS - Internal_Rod-2
   facet normal -5.493558e-01 -4.452062e-01 7.071065e-01
      outer loop
         vertex 1.048230e+02 1.106410e+02 6.234840e+01
         vertex 1.050560e+02 1.108299e+02 6.264840e+01
         vertex 1.030833e+02 1.127877e+02 6.234840e+01
      endloop
   endfacet
   facet normal -5.493562e-01 -4.452066e-01 7.071060e-01
      outer loop
         vertex 1.030833e+02 1.127877e+02 6.234840e+01
         vertex 1.050560e+02 1.108299e+02 6.264840e+01
         vertex 1.033163e+02 1.129766e+02 6.264840e+01
      endloop
   endfacet
   facet normal -4.555729e-01 -5.498165e-01 7.001108e-01
      outer loop
         vertex 1.050560e+02 1.108299e+02 6.264840e+01
         vertex 1.048230e+02 1.106410e+02 6.234840e+01
         vertex 1.061849e+02 1.095126e+02 6.234840e+01
      endloop
   endfacet
   facet normal -4.555736e-01 -5.498169e-01 7.001101e-01
      outer loop
         vertex 1.050560e+02 1.108299e+02 6.264840e+01
         vertex 1.061849e+02 1.095126e+02 6.234840e+01
         vertex 1.063271e+02 1.097767e+02 6.264840e+01
      endloop
   endfacet
   facet normal -2.085033e-01 -6.829145e-01 7.001101e-01
      outer loop
         vertex 1.063271e+02 1.097767e+02 6.264840e+01
         vertex 1.061849e+02 1.095126e+02 6.234840e+01
         vertex 1.078764e+02 1.089961e+02 6.234840e+01
      endloop
   endfacet
   facet normal -2.085032e-01 -6.829144e-01 7.001103e-01
      outer loop
         vertex 1.063271e+02 1.097767e+02 6.264840e+01
         vertex 1.078764e+02 1.089961e+02 6.234840e+01
         vertex 1.079059e+02 1.092947e+02 6.264840e+01
      endloop
   endfacet
   facet normal 7.077490e-02 -7.105192e-01 7.001095e-01
      outer loop
         vertex 1.079059e+02 1.092947e+02 6.264840e+01
         vertex 1.078764e+02 1.089961e+02 6.234840e+01
         vertex 1.096364e+02 1.091714e+02 6.234840e+01
      endloop
   endfacet
   facet normal 7.077498e-02 -7.105189e-01 7.001099e-01
      outer loop
         vertex 1.079059e+02 1.092947e+02 6.264840e+01
         vertex 1.096364e+02 1.091714e+02 6.234840e+01
         vertex 1.095485e+02 1.094583e+02 6.264840e+01
      endloop
   endfacet
   facet normal -3.698701e-01 6.150362e-01 6.963666e-01
      outer loop
         vertex 1.046236e+02 1.172583e+02 6.264840e+01
         vertex 1.045358e+02 1.175451e+02 6.234840e+01
         vertex 1.032919e+02 1.167971e+02 6.234840e+01
      endloop
   endfacet
   facet normal -3.698698e-01 6.150340e-01 6.963688e-01
      outer loop
         vertex 1.046236e+02 1.172583e+02 6.264840e+01
         vertex 1.032919e+02 1.167971e+02 6.234840e+01
         vertex 1.035041e+02 1.165850e+02 6.264840e+01
      endloop
   endfacet
   facet normal -6.153160e-01 3.694007e-01 6.963687e-01
      outer loop
         vertex 1.035041e+02 1.165850e+02 6.264840e+01
         vertex 1.032919e+02 1.167971e+02 6.234840e+01
         vertex 1.025447e+02 1.155526e+02 6.234840e+01
      endloop
   endfacet
   facet normal -6.153170e-01 3.694022e-01 6.963670e-01
      outer loop
         vertex 1.035041e+02 1.165850e+02 6.264840e+01
         vertex 1.025447e+02 1.155526e+02 6.234840e+01
         vertex 1.028317e+02 1.154650e+02 6.264840e+01
      endloop
   endfacet
   facet normal -7.167161e-01 3.728742e-02 6.963675e-01
      outer loop
         vertex 1.028317e+02 1.154650e+02 6.264840e+01
         vertex 1.025447e+02 1.155526e+02 6.234840e+01
         vertex 1.024693e+02 1.141030e+02 6.234840e+01
      endloop
   endfacet
   facet normal -7.167159e-01 3.728730e-02 6.963677e-01
      outer loop
         vertex 1.028317e+02 1.154650e+02 6.264840e+01
         vertex 1.024693e+02 1.141030e+02 6.234840e+01
         vertex 1.027638e+02 1.141604e+02 6.264840e+01
      endloop
   endfacet
   facet normal -6.503285e-01 -3.035551e-01 6.963671e-01
      outer loop
         vertex 1.027638e+02 1.141604e+02 6.264840e+01
         vertex 1.024693e+02 1.141030e+02 6.234840e+01
         vertex 1.030833e+02 1.127877e+02 6.234840e+01
      endloop
   endfacet
   facet normal -6.503294e-01 -3.035551e-01 6.963662e-01
      outer loop
         vertex 1.027638e+02 1.141604e+02 6.264840e+01
         vertex 1.030833e+02 1.127877e+02 6.234840e+01
         vertex 1.033163e+02 1.129766e+02 6.264840e+01
      endloop
   endfacet
   facet normal 2.069959e-01 -6.761317e-01 7.071058e-01
      outer loop
         vertex 1.095485e+02 1.094583e+02 6.264840e+01
         vertex 1.096364e+02 1.091714e+02 6.234840e+01
         vertex 1.353242e+02 1.173494e+02 6.264840e+01
      endloop
   endfacet
   facet normal 2.069958e-01 -6.761313e-01 7.071062e-01
      outer loop
         vertex 1.353242e+02 1.173494e+02 6.264840e+01
         vertex 1.096364e+02 1.091714e+02 6.234840e+01
         vertex 1.354121e+02 1.170626e+02 6.234840e+01
      endloop
   endfacet
   facet normal -2.069957e-01 6.761311e-01 7.071064e-01
      outer loop
         vertex 1.045358e+02 1.175451e+02 6.234840e+01
         vertex 1.046236e+02 1.172583e+02 6.264840e+01
         vertex 1.326311e+02 1.261464e+02 6.234840e+01
      endloop
   endfacet
   facet normal -2.069961e-01 6.761322e-01 7.071053e-01
      outer loop
         vertex 1.326311e+02 1.261464e+02 6.234840e+01
         vertex 1.046236e+02 1.172583e+02 6.264840e+01
         vertex 1.327189e+02 1.258596e+02 6.264840e+01
      endloop
   endfacet
   facet normal 3.381578e-01 -6.287680e-01 7.002143e-01
      outer loop
         vertex 1.353242e+02 1.173494e+02 6.264840e+01
         vertex 1.354121e+02 1.170626e+02 6.234840e+01
         vertex 1.370443e+02 1.179404e+02 6.234840e+01
      endloop
   endfacet
   facet normal 3.381580e-01 -6.287692e-01 7.002132e-01
      outer loop
         vertex 1.353242e+02 1.173494e+02 6.264840e+01
         vertex 1.370443e+02 1.179404e+02 6.234840e+01
         vertex 1.368534e+02 1.181719e+02 6.264840e+01
      endloop
   endfacet
   facet normal 5.530367e-01 -4.514986e-01 7.002138e-01
      outer loop
         vertex 1.368534e+02 1.181719e+02 6.264840e+01
         vertex 1.370443e+02 1.179404e+02 6.234840e+01
         vertex 1.382164e+02 1.193761e+02 6.234840e+01
      endloop
   endfacet
   facet normal 5.530369e-01 -4.514989e-01 7.002135e-01
      outer loop
         vertex 1.368534e+02 1.181719e+02 6.264840e+01
         vertex 1.382164e+02 1.193761e+02 6.234840e+01
         vertex 1.379515e+02 1.195169e+02 6.264840e+01
      endloop
   endfacet
   facet normal 6.837205e-01 -2.054921e-01 7.002138e-01
      outer loop
         vertex 1.379515e+02 1.195169e+02 6.264840e+01
         vertex 1.382164e+02 1.193761e+02 6.234840e+01
         vertex 1.387499e+02 1.211510e+02 6.234840e+01
      endloop
   endfacet
   facet normal 6.837201e-01 -2.054919e-01 7.002142e-01
      outer loop
         vertex 1.379515e+02 1.195169e+02 6.264840e+01
         vertex 1.387499e+02 1.211510e+02 6.234840e+01
         vertex 1.384512e+02 1.211797e+02 6.264840e+01
      endloop
   endfacet
   facet normal 7.103134e-01 7.179717e-02 7.002143e-01
      outer loop
         vertex 1.384512e+02 1.211797e+02 6.264840e+01
         vertex 1.387499e+02 1.211510e+02 6.234840e+01
         vertex 1.385635e+02 1.229950e+02 6.234840e+01
      endloop
   endfacet
   facet normal 7.103125e-01 7.179737e-02 7.002152e-01
      outer loop
         vertex 1.384512e+02 1.211797e+02 6.264840e+01
         vertex 1.385635e+02 1.229950e+02 6.234840e+01
         vertex 1.382766e+02 1.229072e+02 6.264840e+01
      endloop
   endfacet
   facet normal 6.287665e-01 3.381577e-01 7.002157e-01
      outer loop
         vertex 1.382766e+02 1.229072e+02 6.264840e+01
         vertex 1.385635e+02 1.229950e+02 6.234840e+01
         vertex 1.376856e+02 1.246273e+02 6.234840e+01
      endloop
   endfacet
   facet normal 6.287666e-01 3.381577e-01 7.002156e-01
      outer loop
         vertex 1.382766e+02 1.229072e+02 6.264840e+01
         vertex 1.376856e+02 1.246273e+02 6.234840e+01
         vertex 1.374542e+02 1.244364e+02 6.264840e+01
      endloop
   endfacet
   facet normal 4.514972e-01 5.530359e-01 7.002153e-01
      outer loop
         vertex 1.374542e+02 1.244364e+02 6.264840e+01
         vertex 1.376856e+02 1.246273e+02 6.234840e+01
         vertex 1.362500e+02 1.257994e+02 6.234840e+01
      endloop
   endfacet
   facet normal 4.515009e-01 5.530382e-01 7.002112e-01
      outer loop
         vertex 1.374542e+02 1.244364e+02 6.264840e+01
         vertex 1.362500e+02 1.257994e+02 6.234840e+01
         vertex 1.361092e+02 1.255344e+02 6.264840e+01
      endloop
   endfacet
   facet normal 2.054939e-01 6.837219e-01 7.002119e-01
      outer loop
         vertex 1.361092e+02 1.255344e+02 6.264840e+01
         vertex 1.362500e+02 1.257994e+02 6.234840e+01
         vertex 1.344750e+02 1.263328e+02 6.234840e+01
      endloop
   endfacet
   facet normal 2.054932e-01 6.837209e-01 7.002130e-01
      outer loop
         vertex 1.361092e+02 1.255344e+02 6.264840e+01
         vertex 1.344750e+02 1.263328e+02 6.234840e+01
         vertex 1.344464e+02 1.260342e+02 6.264840e+01
      endloop
   endfacet
   facet normal -7.179854e-02 7.103141e-01 7.002134e-01
      outer loop
         vertex 1.344464e+02 1.260342e+02 6.264840e+01
         vertex 1.344750e+02 1.263328e+02 6.234840e+01
         vertex 1.326311e+02 1.261464e+02 6.234840e+01
      endloop
   endfacet
   facet normal -7.179840e-02 7.103147e-01 7.002128e-01
      outer loop
         vertex 1.344464e+02 1.260342e+02 6.264840e+01
         vertex 1.326311e+02 1.261464e+02 6.234840e+01
         vertex 1.327189e+02 1.258596e+02 6.264840e+01
      endloop
   endfacet
   facet normal -5.493558e-01 -4.452063e-01 -7.071065e-01
      outer loop
         vertex 1.050560e+02 1.108299e+02 3.864840e+01
         vertex 1.048230e+02 1.106410e+02 3.894840e+01
         vertex 1.033163e+02 1.129766e+02 3.864840e+01
      endloop
   endfacet
   facet normal -5.493563e-01 -4.452065e-01 -7.071060e-01
      outer loop
         vertex 1.033163e+02 1.129766e+02 3.864840e+01
         vertex 1.048230e+02 1.106410e+02 3.894840e+01
         vertex 1.030833e+02 1.127877e+02 3.894840e+01
      endloop
   endfacet
   facet normal 7.077487e-02 -7.105189e-01 -7.001099e-01
      outer loop
         vertex 1.095485e+02 1.094583e+02 3.864840e+01
         vertex 1.096364e+02 1.091714e+02 3.894840e+01
         vertex 1.078764e+02 1.089961e+02 3.894840e+01
      endloop
   endfacet
   facet normal 7.077502e-02 -7.105192e-01 -7.001095e-01
      outer loop
         vertex 1.095485e+02 1.094583e+02 3.864840e+01
         vertex 1.078764e+02 1.089961e+02 3.894840e+01
         vertex 1.079059e+02 1.092947e+02 3.864840e+01
      endloop
   endfacet
   facet normal -2.085033e-01 -6.829143e-01 -7.001103e-01
      outer loop
         vertex 1.079059e+02 1.092947e+02 3.864840e+01
         vertex 1.078764e+02 1.089961e+02 3.894840e+01
         vertex 1.061849e+02 1.095126e+02 3.894840e+01
      endloop
   endfacet
   facet normal -2.085033e-01 -6.829145e-01 -7.001101e-01
      outer loop
         vertex 1.079059e+02 1.092947e+02 3.864840e+01
         vertex 1.061849e+02 1.095126e+02 3.894840e+01
         vertex 1.063271e+02 1.097767e+02 3.864840e+01
      endloop
   endfacet
   facet normal -4.555733e-01 -5.498171e-01 -7.001101e-01
      outer loop
         vertex 1.063271e+02 1.097767e+02 3.864840e+01
         vertex 1.061849e+02 1.095126e+02 3.894840e+01
         vertex 1.048230e+02 1.106410e+02 3.894840e+01
      endloop
   endfacet
   facet normal -4.555731e-01 -5.498164e-01 -7.001108e-01
      outer loop
         vertex 1.063271e+02 1.097767e+02 3.864840e+01
         vertex 1.048230e+02 1.106410e+02 3.894840e+01
         vertex 1.050560e+02 1.108299e+02 3.864840e+01
      endloop
   endfacet
   facet normal -6.503292e-01 -3.035554e-01 -6.963663e-01
      outer loop
         vertex 1.033163e+02 1.129766e+02 3.864840e+01
         vertex 1.030833e+02 1.127877e+02 3.894840e+01
         vertex 1.024693e+02 1.141030e+02 3.894840e+01
      endloop
   endfacet
   facet normal -6.503286e-01 -3.035547e-01 -6.963671e-01
      outer loop
         vertex 1.033163e+02 1.129766e+02 3.864840e+01
         vertex 1.024693e+02 1.141030e+02 3.894840e+01
         vertex 1.027638e+02 1.141604e+02 3.864840e+01
      endloop
   endfacet
   facet normal -7.167159e-01 3.728741e-02 -6.963677e-01
      outer loop
         vertex 1.027638e+02 1.141604e+02 3.864840e+01
         vertex 1.024693e+02 1.141030e+02 3.894840e+01
         vertex 1.025447e+02 1.155526e+02 3.894840e+01
      endloop
   endfacet
   facet normal -7.167162e-01 3.728731e-02 -6.963674e-01
      outer loop
         vertex 1.027638e+02 1.141604e+02 3.864840e+01
         vertex 1.025447e+02 1.155526e+02 3.894840e+01
         vertex 1.028317e+02 1.154650e+02 3.864840e+01
      endloop
   endfacet
   facet normal -6.153173e-01 3.694015e-01 -6.963671e-01
      outer loop
         vertex 1.028317e+02 1.154650e+02 3.864840e+01
         vertex 1.025447e+02 1.155526e+02 3.894840e+01
         vertex 1.032919e+02 1.167971e+02 3.894840e+01
      endloop
   endfacet
   facet normal -6.153155e-01 3.694013e-01 -6.963688e-01
      outer loop
         vertex 1.028317e+02 1.154650e+02 3.864840e+01
         vertex 1.032919e+02 1.167971e+02 3.894840e+01
         vertex 1.035041e+02 1.165850e+02 3.864840e+01
      endloop
   endfacet
   facet normal -3.698691e-01 6.150346e-01 -6.963687e-01
      outer loop
         vertex 1.035041e+02 1.165850e+02 3.864840e+01
         vertex 1.032919e+02 1.167971e+02 3.894840e+01
         vertex 1.045358e+02 1.175451e+02 3.894840e+01
      endloop
   endfacet
   facet normal -3.698710e-01 6.150359e-01 -6.963665e-01
      outer loop
         vertex 1.035041e+02 1.165850e+02 3.864840e+01
         vertex 1.045358e+02 1.175451e+02 3.894840e+01
         vertex 1.046236e+02 1.172583e+02 3.864840e+01
      endloop
   endfacet
   facet normal 2.069959e-01 -6.761317e-01 -7.071058e-01
      outer loop
         vertex 1.096364e+02 1.091714e+02 3.894840e+01
         vertex 1.095485e+02 1.094583e+02 3.864840e+01
         vertex 1.354121e+02 1.170626e+02 3.894840e+01
      endloop
   endfacet
   facet normal 2.069958e-01 -6.761313e-01 -7.071062e-01
      outer loop
         vertex 1.354121e+02 1.170626e+02 3.894840e+01
         vertex 1.095485e+02 1.094583e+02 3.864840e+01
         vertex 1.353242e+02 1.173494e+02 3.864840e+01
      endloop
   endfacet
   facet normal -2.069957e-01 6.761311e-01 -7.071064e-01
      outer loop
         vertex 1.046236e+02 1.172583e+02 3.864840e+01
         vertex 1.045358e+02 1.175451e+02 3.894840e+01
         vertex 1.327189e+02 1.258596e+02 3.864840e+01
      endloop
   endfacet
   facet normal -2.069960e-01 6.761322e-01 -7.071053e-01
      outer loop
         vertex 1.327189e+02 1.258596e+02 3.864840e+01
         vertex 1.045358e+02 1.175451e+02 3.894840e+01
         vertex 1.326311e+02 1.261464e+02 3.894840e+01
      endloop
   endfacet
   facet normal -7.179859e-02 7.103147e-01 -7.002128e-01
      outer loop
         vertex 1.327189e+02 1.258596e+02 3.864840e+01
         vertex 1.326311e+02 1.261464e+02 3.894840e+01
         vertex 1.344750e+02 1.263328e+02 3.894840e+01
      endloop
   endfacet
   facet normal -7.179833e-02 7.103141e-01 -7.002134e-01
      outer loop
         vertex 1.327189e+02 1.258596e+02 3.864840e+01
         vertex 1.344750e+02 1.263328e+02 3.894840e+01
         vertex 1.344464e+02 1.260342e+02 3.864840e+01
      endloop
   endfacet
   facet normal 2.054936e-01 6.837208e-01 -7.002130e-01
      outer loop
         vertex 1.344464e+02 1.260342e+02 3.864840e+01
         vertex 1.344750e+02 1.263328e+02 3.894840e+01
         vertex 1.362500e+02 1.257994e+02 3.894840e+01
      endloop
   endfacet
   facet normal 2.054935e-01 6.837220e-01 -7.002118e-01
      outer loop
         vertex 1.344464e+02 1.260342e+02 3.864840e+01
         vertex 1.362500e+02 1.257994e+02 3.894840e+01
         vertex 1.361092e+02 1.255344e+02 3.864840e+01
      endloop
   endfacet
   facet normal 4.514997e-01 5.530390e-01 -7.002113e-01
      outer loop
         vertex 1.361092e+02 1.255344e+02 3.864840e+01
         vertex 1.362500e+02 1.257994e+02 3.894840e+01
         vertex 1.376856e+02 1.246273e+02 3.894840e+01
      endloop
   endfacet
   facet normal 4.514982e-01 5.530350e-01 -7.002154e-01
      outer loop
         vertex 1.361092e+02 1.255344e+02 3.864840e+01
         vertex 1.376856e+02 1.246273e+02 3.894840e+01
         vertex 1.374542e+02 1.244364e+02 3.864840e+01
      endloop
   endfacet
   facet normal 6.287666e-01 3.381578e-01 -7.002156e-01
      outer loop
         vertex 1.374542e+02 1.244364e+02 3.864840e+01
         vertex 1.376856e+02 1.246273e+02 3.894840e+01
         vertex 1.385635e+02 1.229950e+02 3.894840e+01
      endloop
   endfacet
   facet normal 6.287666e-01 3.381577e-01 -7.002157e-01
      outer loop
         vertex 1.374542e+02 1.244364e+02 3.864840e+01
         vertex 1.385635e+02 1.229950e+02 3.894840e+01
         vertex 1.382766e+02 1.229072e+02 3.864840e+01
      endloop
   endfacet
   facet normal 7.103126e-01 7.179709e-02 -7.002151e-01
      outer loop
         vertex 1.382766e+02 1.229072e+02 3.864840e+01
         vertex 1.385635e+02 1.229950e+02 3.894840e+01
         vertex 1.387499e+02 1.211510e+02 3.894840e+01
      endloop
   endfacet
   facet normal 7.103134e-01 7.179746e-02 -7.002143e-01
      outer loop
         vertex 1.382766e+02 1.229072e+02 3.864840e+01
         vertex 1.387499e+02 1.211510e+02 3.894840e+01
         vertex 1.384512e+02 1.211797e+02 3.864840e+01
      endloop
   endfacet
   facet normal 6.837201e-01 -2.054920e-01 -7.002141e-01
      outer loop
         vertex 1.384512e+02 1.211797e+02 3.864840e+01
         vertex 1.387499e+02 1.211510e+02 3.894840e+01
         vertex 1.382164e+02 1.193761e+02 3.894840e+01
      endloop
   endfacet
   facet normal 6.837205e-01 -2.054920e-01 -7.002137e-01
      outer loop
         vertex 1.384512e+02 1.211797e+02 3.864840e+01
         vertex 1.382164e+02 1.193761e+02 3.894840e+01
         vertex 1.379515e+02 1.195169e+02 3.864840e+01
      endloop
   endfacet
   facet normal 5.530370e-01 -4.514988e-01 -7.002135e-01
      outer loop
         vertex 1.379515e+02 1.195169e+02 3.864840e+01
         vertex 1.382164e+02 1.193761e+02 3.894840e+01
         vertex 1.370443e+02 1.179404e+02 3.894840e+01
      endloop
   endfacet
   facet normal 5.530367e-01 -4.514987e-01 -7.002138e-01
      outer loop
         vertex 1.379515e+02 1.195169e+02 3.864840e+01
         vertex 1.370443e+02 1.179404e+02 3.894840e+01
         vertex 1.368534e+02 1.181719e+02 3.864840e+01
      endloop
   endfacet
   facet normal 3.381583e-01 -6.287690e-01 -7.002132e-01
      outer loop
         vertex 1.368534e+02 1.181719e+02 3.864840e+01
         vertex 1.370443e+02 1.179404e+02 3.894840e+01
         vertex 1.354121e+02 1.170626e+02 3.894840e+01
      endloop
   endfacet
   facet normal 3.381575e-01 -6.287682e-01 -7.002143e-01
      outer loop
         vertex 1.368534e+02 1.181719e+02 3.864840e+01
         vertex 1.354121e+02 1.170626e+02 3.894840e+01
         vertex 1.353242e+02 1.173494e+02 3.864840e+01
      endloop
   endfacet
   facet normal -2.670877e-01 6.562541e-01 -7.056874e-01
      outer loop
         vertex 8.829061e+01 1.122580e+02 4.814840e+01
         vertex 8.820279e+01 1.125448e+02 4.844840e+01
         vertex 8.906092e+01 1.128075e+02 4.836793e+01
      endloop
   endfacet
   facet normal -3.161712e-01 6.992682e-01 -6.411394e-01
      outer loop
         vertex 8.829061e+01 1.122580e+02 4.814840e+01
         vertex 8.906092e+01 1.128075e+02 4.836793e+01
         vertex 8.914384e+01 1.125671e+02 4.806480e+01
      endloop
   endfacet
   facet normal -3.422464e-01 6.883239e-01 -6.395917e-01
      outer loop
         vertex 8.914384e+01 1.125671e+02 4.806480e+01
         vertex 8.906092e+01 1.128075e+02 4.836793e+01
         vertex 8.926468e+01 1.128699e+02 4.832603e+01
      endloop
   endfacet
   facet normal -4.188388e-01 6.831780e-01 -5.981989e-01
      outer loop
         vertex 8.914384e+01 1.125671e+02 4.806480e+01
         vertex 8.926468e+01 1.128699e+02 4.832603e+01
         vertex 9.000299e+01 1.128840e+02 4.782517e+01
      endloop
   endfacet
   facet normal -4.858318e-01 7.519622e-01 -4.455561e-01
      outer loop
         vertex 9.144066e+01 1.135361e+02 4.737357e+01
         vertex 9.090458e+01 1.132193e+02 4.742353e+01
         vertex 9.069767e+01 1.133086e+02 4.779983e+01
      endloop
   endfacet
   facet normal -4.792214e-01 7.575480e-01 -4.432468e-01
      outer loop
         vertex 9.069767e+01 1.133086e+02 4.779983e+01
         vertex 9.090458e+01 1.132193e+02 4.742353e+01
         vertex 9.000299e+01 1.128840e+02 4.782517e+01
      endloop
   endfacet
   facet normal -4.505380e-01 7.043368e-01 -5.485664e-01
      outer loop
         vertex 9.069767e+01 1.133086e+02 4.779983e+01
         vertex 9.000299e+01 1.128840e+02 4.782517e+01
         vertex 8.989532e+01 1.130630e+02 4.814341e+01
      endloop
   endfacet
   facet normal -3.858913e-01 7.421682e-01 -5.479729e-01
      outer loop
         vertex 8.989532e+01 1.130630e+02 4.814341e+01
         vertex 9.000299e+01 1.128840e+02 4.782517e+01
         vertex 8.926468e+01 1.128699e+02 4.832603e+01
      endloop
   endfacet
   facet normal -4.773650e-01 8.171873e-01 -3.229977e-01
      outer loop
         vertex 9.219157e+01 1.137660e+02 4.684541e+01
         vertex 9.184533e+01 1.135718e+02 4.686574e+01
         vertex 9.144066e+01 1.135361e+02 4.737357e+01
      endloop
   endfacet
   facet normal -5.247902e-01 7.694121e-01 -3.641433e-01
      outer loop
         vertex 9.144066e+01 1.135361e+02 4.737357e+01
         vertex 9.184533e+01 1.135718e+02 4.686574e+01
         vertex 9.181970e+01 1.135622e+02 4.688253e+01
      endloop
   endfacet
   facet normal -5.011419e-01 7.937969e-01 -3.445914e-01
      outer loop
         vertex 9.144066e+01 1.135361e+02 4.737357e+01
         vertex 9.181970e+01 1.135622e+02 4.688253e+01
         vertex 9.090458e+01 1.132193e+02 4.742353e+01
      endloop
   endfacet
   facet normal -3.768277e-01 9.197775e-01 -1.095913e-01
      outer loop
         vertex 9.414429e+01 1.143638e+02 4.514840e+01
         vertex 9.362864e+01 1.142010e+02 4.555465e+01
         vertex 9.219157e+01 1.137660e+02 4.684541e+01
      endloop
   endfacet
   facet normal -4.853911e-01 8.350496e-01 -2.590130e-01
      outer loop
         vertex 9.219157e+01 1.137660e+02 4.684541e+01
         vertex 9.362864e+01 1.142010e+02 4.555465e+01
         vertex 9.206613e+01 1.136535e+02 4.671779e+01
      endloop
   endfacet
   facet normal -4.839091e-01 8.353687e-01 -2.607510e-01
      outer loop
         vertex 9.219157e+01 1.137660e+02 4.684541e+01
         vertex 9.206613e+01 1.136535e+02 4.671779e+01
         vertex 9.184533e+01 1.135718e+02 4.686574e+01
      endloop
   endfacet
   facet normal -2.069962e-01 6.761328e-01 -7.071046e-01
      outer loop
         vertex 8.820279e+01 1.125448e+02 4.844840e+01
         vertex 8.829061e+01 1.122580e+02 4.814840e+01
         vertex 7.405174e+01 1.082125e+02 4.844840e+01
      endloop
   endfacet
   facet normal -2.069961e-01 6.761324e-01 -7.071050e-01
      outer loop
         vertex 7.405174e+01 1.082125e+02 4.844840e+01
         vertex 8.829061e+01 1.122580e+02 4.814840e+01
         vertex 7.413956e+01 1.079257e+02 4.814840e+01
      endloop
   endfacet
   facet normal 2.325172e-01 -6.743268e-01 -7.008702e-01
      outer loop
         vertex 7.784230e+01 9.935948e+01 4.814840e+01
         vertex 7.799108e+01 9.909897e+01 4.844840e+01
         vertex 7.623662e+01 9.849401e+01 4.844840e+01
      endloop
   endfacet
   facet normal 2.325162e-01 -6.743254e-01 -7.008719e-01
      outer loop
         vertex 7.784230e+01 9.935948e+01 4.814840e+01
         vertex 7.623662e+01 9.849401e+01 4.844840e+01
         vertex 7.619321e+01 9.879085e+01 4.814840e+01
      endloop
   endfacet
   facet normal -2.971001e-02 -7.126682e-01 -7.008719e-01
      outer loop
         vertex 7.619321e+01 9.879085e+01 4.814840e+01
         vertex 7.623662e+01 9.849401e+01 4.844840e+01
         vertex 7.438240e+01 9.857131e+01 4.844840e+01
      endloop
   endfacet
   facet normal -2.970996e-02 -7.126683e-01 -7.008717e-01
      outer loop
         vertex 7.619321e+01 9.879085e+01 4.814840e+01
         vertex 7.438240e+01 9.857131e+01 4.844840e+01
         vertex 7.445036e+01 9.886351e+01 4.814840e+01
      endloop
   endfacet
   facet normal -2.878366e-01 -6.526320e-01 -7.008720e-01
      outer loop
         vertex 7.445036e+01 9.886351e+01 4.814840e+01
         vertex 7.438240e+01 9.857131e+01 4.844840e+01
         vertex 7.268438e+01 9.932020e+01 4.844840e+01
      endloop
   endfacet
   facet normal -2.878365e-01 -6.526317e-01 -7.008723e-01
      outer loop
         vertex 7.445036e+01 9.886351e+01 4.814840e+01
         vertex 7.268438e+01 9.932020e+01 4.844840e+01
         vertex 7.285433e+01 9.956742e+01 4.814840e+01
      endloop
   endfacet
   facet normal -5.062277e-01 -5.025045e-01 -7.008728e-01
      outer loop
         vertex 7.285433e+01 9.956742e+01 4.814840e+01
         vertex 7.268438e+01 9.932020e+01 4.844840e+01
         vertex 7.137697e+01 1.006373e+02 4.844840e+01
      endloop
   endfacet
   facet normal -5.062279e-01 -5.025048e-01 -7.008725e-01
      outer loop
         vertex 7.285433e+01 9.956742e+01 4.814840e+01
         vertex 7.137697e+01 1.006373e+02 4.844840e+01
         vertex 7.162544e+01 1.008054e+02 4.814840e+01
      endloop
   endfacet
   facet normal -6.547392e-01 -2.830111e-01 -7.008718e-01
      outer loop
         vertex 7.162544e+01 1.008054e+02 4.814840e+01
         vertex 7.137697e+01 1.006373e+02 4.844840e+01
         vertex 7.064063e+01 1.023408e+02 4.844840e+01
      endloop
   endfacet
   facet normal -6.547390e-01 -2.830109e-01 -7.008721e-01
      outer loop
         vertex 7.162544e+01 1.008054e+02 4.814840e+01
         vertex 7.064063e+01 1.023408e+02 4.844840e+01
         vertex 7.093333e+01 1.024066e+02 4.814840e+01
      endloop
   endfacet
   facet normal -7.128678e-01 -2.444854e-02 -7.008722e-01
      outer loop
         vertex 7.093333e+01 1.024066e+02 4.814840e+01
         vertex 7.064063e+01 1.023408e+02 4.844840e+01
         vertex 7.057702e+01 1.041955e+02 4.844840e+01
      endloop
   endfacet
   facet normal -7.128693e-01 -2.444911e-02 -7.008706e-01
      outer loop
         vertex 7.093333e+01 1.024066e+02 4.814840e+01
         vertex 7.057702e+01 1.041955e+02 4.844840e+01
         vertex 7.087354e+01 1.041499e+02 4.814840e+01
      endloop
   endfacet
   facet normal -6.725927e-01 2.374882e-01 -7.008698e-01
      outer loop
         vertex 7.087354e+01 1.041499e+02 4.814840e+01
         vertex 7.057702e+01 1.041955e+02 4.844840e+01
         vertex 7.119492e+01 1.059455e+02 4.844840e+01
      endloop
   endfacet
   facet normal -6.725896e-01 2.374881e-01 -7.008728e-01
      outer loop
         vertex 7.087354e+01 1.041499e+02 4.814840e+01
         vertex 7.119492e+01 1.059455e+02 4.844840e+01
         vertex 7.145432e+01 1.057948e+02 4.814840e+01
      endloop
   endfacet
   facet normal -5.394665e-01 4.666411e-01 -7.008723e-01
      outer loop
         vertex 7.145432e+01 1.057948e+02 4.814840e+01
         vertex 7.119492e+01 1.059455e+02 4.844840e+01
         vertex 7.240902e+01 1.073491e+02 4.844840e+01
      endloop
   endfacet
   facet normal -5.394660e-01 4.666409e-01 -7.008728e-01
      outer loop
         vertex 7.145432e+01 1.057948e+02 4.814840e+01
         vertex 7.240902e+01 1.073491e+02 4.844840e+01
         vertex 7.259551e+01 1.071141e+02 4.814840e+01
      endloop
   endfacet
   facet normal -3.318728e-01 6.313784e-01 -7.008722e-01
      outer loop
         vertex 7.259551e+01 1.071141e+02 4.814840e+01
         vertex 7.240902e+01 1.073491e+02 4.844840e+01
         vertex 7.405174e+01 1.082125e+02 4.844840e+01
      endloop
   endfacet
   facet normal -3.318749e-01 6.313805e-01 -7.008693e-01
      outer loop
         vertex 7.259551e+01 1.071141e+02 4.814840e+01
         vertex 7.405174e+01 1.082125e+02 4.844840e+01
         vertex 7.413956e+01 1.079257e+02 4.814840e+01
      endloop
   endfacet
   facet normal 3.163465e-01 -6.330054e-01 -7.065614e-01
      outer loop
         vertex 7.799108e+01 9.909897e+01 4.844840e+01
         vertex 7.784230e+01 9.935948e+01 4.814840e+01
         vertex 7.947845e+01 9.984229e+01 4.844840e+01
      endloop
   endfacet
   facet normal 3.163468e-01 -6.330076e-01 -7.065593e-01
      outer loop
         vertex 7.947845e+01 9.984229e+01 4.844840e+01
         vertex 7.784230e+01 9.935948e+01 4.814840e+01
         vertex 7.935942e+01 1.001177e+02 4.814840e+01
      endloop
   endfacet
   facet normal 2.443405e-01 -6.641323e-01 -7.065593e-01
      outer loop
         vertex 7.947845e+01 9.984229e+01 4.844840e+01
         vertex 7.935942e+01 1.001177e+02 4.814840e+01
         vertex 8.103896e+01 1.004164e+02 4.844840e+01
      endloop
   endfacet
   facet normal 2.443405e-01 -6.641265e-01 -7.065647e-01
      outer loop
         vertex 8.103896e+01 1.004164e+02 4.844840e+01
         vertex 7.935942e+01 1.001177e+02 4.814840e+01
         vertex 8.095114e+01 1.007033e+02 4.814840e+01
      endloop
   endfacet
   facet normal 2.069950e-01 -6.761288e-01 -7.071088e-01
      outer loop
         vertex 8.103896e+01 1.004164e+02 4.844840e+01
         vertex 8.095114e+01 1.007033e+02 4.814840e+01
         vertex 9.098379e+01 1.034610e+02 4.844840e+01
      endloop
   endfacet
   facet normal 2.069952e-01 -6.761293e-01 -7.071083e-01
      outer loop
         vertex 9.098379e+01 1.034610e+02 4.844840e+01
         vertex 8.095114e+01 1.007033e+02 4.814840e+01
         vertex 9.089596e+01 1.037479e+02 4.814840e+01
      endloop
   endfacet
   facet normal 2.286154e-01 -9.705655e-01 -7.574665e-02
      outer loop
         vertex 9.692528e+01 1.052800e+02 4.514840e+01
         vertex 9.575210e+01 1.049208e+02 4.620965e+01
         vertex 9.641759e+01 1.051293e+02 4.554629e+01
      endloop
   endfacet
   facet normal 1.606507e-01 -9.761982e-01 -1.456995e-01
      outer loop
         vertex 9.641759e+01 1.051293e+02 4.554629e+01
         vertex 9.575210e+01 1.049208e+02 4.620965e+01
         vertex 9.591830e+01 1.049901e+02 4.592844e+01
      endloop
   endfacet
   facet normal -4.063179e-03 -9.313471e-01 -3.641101e-01
      outer loop
         vertex 9.454817e+01 1.046423e+02 4.688391e+01
         vertex 9.458055e+01 1.046501e+02 4.686345e+01
         vertex 9.422165e+01 1.044523e+02 4.737357e+01
      endloop
   endfacet
   facet normal -2.083187e-02 -9.270911e-01 -3.742567e-01
      outer loop
         vertex 9.422165e+01 1.044523e+02 4.737357e+01
         vertex 9.458055e+01 1.046501e+02 4.686345e+01
         vertex 9.520929e+01 1.048057e+02 4.644310e+01
      endloop
   endfacet
   facet normal 8.588163e-02 -9.582261e-01 -2.728133e-01
      outer loop
         vertex 9.422165e+01 1.044523e+02 4.737357e+01
         vertex 9.520929e+01 1.048057e+02 4.644310e+01
         vertex 9.575210e+01 1.049208e+02 4.620965e+01
      endloop
   endfacet
   facet normal 1.426921e-01 -9.782443e-01 -1.505893e-01
      outer loop
         vertex 9.575210e+01 1.049208e+02 4.620965e+01
         vertex 9.520929e+01 1.048057e+02 4.644310e+01
         vertex 9.553490e+01 1.048889e+02 4.621102e+01
      endloop
   endfacet
   facet normal 1.425168e-01 -9.773110e-01 -1.566914e-01
      outer loop
         vertex 9.575210e+01 1.049208e+02 4.620965e+01
         vertex 9.553490e+01 1.048889e+02 4.621102e+01
         vertex 9.591830e+01 1.049901e+02 4.592844e+01
      endloop
   endfacet
   facet normal 1.195101e-02 -9.348669e-01 -3.547973e-01
      outer loop
         vertex 9.454817e+01 1.046423e+02 4.688391e+01
         vertex 9.422165e+01 1.044523e+02 4.737357e+01
         vertex 9.406032e+01 1.045250e+02 4.717641e+01
      endloop
   endfacet
   facet normal 4.906670e-02 -9.233115e-01 -3.809047e-01
      outer loop
         vertex 9.406032e+01 1.045250e+02 4.717641e+01
         vertex 9.422165e+01 1.044523e+02 4.737357e+01
         vertex 9.391150e+01 1.043573e+02 4.756378e+01
      endloop
   endfacet
   facet normal 3.042825e-02 -9.214659e-01 -3.872658e-01
      outer loop
         vertex 9.406032e+01 1.045250e+02 4.717641e+01
         vertex 9.391150e+01 1.043573e+02 4.756378e+01
         vertex 9.303985e+01 1.042790e+02 4.768160e+01
      endloop
   endfacet
   facet normal -2.136505e-03 -8.254978e-01 -5.644013e-01
      outer loop
         vertex 9.391150e+01 1.043573e+02 4.756378e+01
         vertex 9.249098e+01 1.039224e+02 4.820523e+01
         vertex 9.303985e+01 1.042790e+02 4.768160e+01
      endloop
   endfacet
   facet normal 1.628736e-01 -8.865511e-01 -4.330120e-01
      outer loop
         vertex 9.303985e+01 1.042790e+02 4.768160e+01
         vertex 9.249098e+01 1.039224e+02 4.820523e+01
         vertex 9.184191e+01 1.037237e+02 4.836793e+01
      endloop
   endfacet
   facet normal -4.527542e-02 -7.365006e-01 -6.749200e-01
      outer loop
         vertex 9.303985e+01 1.042790e+02 4.768160e+01
         vertex 9.184191e+01 1.037237e+02 4.836793e+01
         vertex 9.210819e+01 1.040513e+02 4.799258e+01
      endloop
   endfacet
   facet normal 9.273001e-02 -7.818196e-01 -6.165706e-01
      outer loop
         vertex 9.210819e+01 1.040513e+02 4.799258e+01
         vertex 9.184191e+01 1.037237e+02 4.836793e+01
         vertex 9.124449e+01 1.038367e+02 4.813485e+01
      endloop
   endfacet
   facet normal 1.453359e-01 -6.914793e-01 -7.076255e-01
      outer loop
         vertex 9.124449e+01 1.038367e+02 4.813485e+01
         vertex 9.184191e+01 1.037237e+02 4.836793e+01
         vertex 9.098379e+01 1.034610e+02 4.844840e+01
      endloop
   endfacet
   facet normal 1.490231e-01 -6.925347e-01 -7.058242e-01
      outer loop
         vertex 9.124449e+01 1.038367e+02 4.813485e+01
         vertex 9.098379e+01 1.034610e+02 4.844840e+01
         vertex 9.089596e+01 1.037479e+02 4.814840e+01
      endloop
   endfacet
   facet normal -3.538998e-01 9.322123e-01 7.573138e-02
      outer loop
         vertex 9.414429e+01 1.143638e+02 5.614840e+01
         vertex 9.297111e+01 1.140046e+02 5.508716e+01
         vertex 9.363928e+01 1.142044e+02 5.575052e+01
      endloop
   endfacet
   facet normal -4.133918e-01 8.988191e-01 1.457105e-01
      outer loop
         vertex 9.363928e+01 1.142044e+02 5.575052e+01
         vertex 9.297111e+01 1.140046e+02 5.508716e+01
         vertex 9.314764e+01 1.140402e+02 5.536837e+01
      endloop
   endfacet
   facet normal -5.248287e-01 7.693735e-01 3.641692e-01
      outer loop
         vertex 9.181759e+01 1.135614e+02 5.441290e+01
         vertex 9.184881e+01 1.135731e+02 5.443336e+01
         vertex 9.144066e+01 1.135361e+02 5.392324e+01
      endloop
   endfacet
   facet normal -5.362672e-01 7.565406e-01 3.742510e-01
      outer loop
         vertex 9.144066e+01 1.135361e+02 5.392324e+01
         vertex 9.184881e+01 1.135731e+02 5.443336e+01
         vertex 9.245689e+01 1.137961e+02 5.485371e+01
      endloop
   endfacet
   facet normal -4.652733e-01 8.420787e-01 2.728079e-01
      outer loop
         vertex 9.144066e+01 1.135361e+02 5.392324e+01
         vertex 9.245689e+01 1.137961e+02 5.485371e+01
         vertex 9.297111e+01 1.140046e+02 5.508716e+01
      endloop
   endfacet
   facet normal -4.294030e-01 8.904719e-01 1.505751e-01
      outer loop
         vertex 9.297111e+01 1.140046e+02 5.508716e+01
         vertex 9.245689e+01 1.137961e+02 5.485371e+01
         vertex 9.277328e+01 1.139095e+02 5.508579e+01
      endloop
   endfacet
   facet normal -4.290250e-01 8.895984e-01 1.566913e-01
      outer loop
         vertex 9.297111e+01 1.140046e+02 5.508716e+01
         vertex 9.277328e+01 1.139095e+02 5.508579e+01
         vertex 9.314764e+01 1.140402e+02 5.536837e+01
      endloop
   endfacet
   facet normal -5.134579e-01 7.813323e-01 3.547971e-01
      outer loop
         vertex 9.181759e+01 1.135614e+02 5.441290e+01
         vertex 9.144066e+01 1.135361e+02 5.392324e+01
         vertex 9.134771e+01 1.133855e+02 5.412040e+01
      endloop
   endfacet
   facet normal -4.762342e-01 7.925356e-01 3.809046e-01
      outer loop
         vertex 9.134771e+01 1.133855e+02 5.412040e+01
         vertex 9.144066e+01 1.135361e+02 5.392324e+01
         vertex 9.113051e+01 1.134411e+02 5.373303e+01
      endloop
   endfacet
   facet normal -4.906435e-01 7.805734e-01 3.872650e-01
      outer loop
         vertex 9.134771e+01 1.133855e+02 5.412040e+01
         vertex 9.113051e+01 1.134411e+02 5.373303e+01
         vertex 9.036442e+01 1.130181e+02 5.361520e+01
      endloop
   endfacet
   facet normal -4.639031e-01 6.828255e-01 5.643964e-01
      outer loop
         vertex 9.113051e+01 1.134411e+02 5.373303e+01
         vertex 8.970999e+01 1.130063e+02 5.309158e+01
         vertex 9.036442e+01 1.130181e+02 5.361520e+01
      endloop
   endfacet
   facet normal -3.613552e-01 8.257874e-01 4.330098e-01
      outer loop
         vertex 9.036442e+01 1.130181e+02 5.361520e+01
         vertex 8.970999e+01 1.130063e+02 5.309158e+01
         vertex 8.906092e+01 1.128075e+02 5.292888e+01
      endloop
   endfacet
   facet normal -4.498278e-01 5.849275e-01 6.749183e-01
      outer loop
         vertex 9.036442e+01 1.130181e+02 5.361520e+01
         vertex 8.906092e+01 1.128075e+02 5.292888e+01
         vertex 8.946496e+01 1.126852e+02 5.330423e+01
      endloop
   endfacet
   facet normal -3.608472e-01 6.997366e-01 6.165695e-01
      outer loop
         vertex 8.946496e+01 1.126852e+02 5.330423e+01
         vertex 8.906092e+01 1.128075e+02 5.292888e+01
         vertex 8.862913e+01 1.123795e+02 5.316196e+01
      endloop
   endfacet
   facet normal -2.666799e-01 6.543285e-01 7.076271e-01
      outer loop
         vertex 8.862913e+01 1.123795e+02 5.316196e+01
         vertex 8.906092e+01 1.128075e+02 5.292888e+01
         vertex 8.820279e+01 1.125448e+02 5.284840e+01
      endloop
   endfacet
   facet normal -2.642088e-01 6.572751e-01 7.058209e-01
      outer loop
         vertex 8.862913e+01 1.123795e+02 5.316196e+01
         vertex 8.820279e+01 1.125448e+02 5.284840e+01
         vertex 8.829061e+01 1.122580e+02 5.314840e+01
      endloop
   endfacet
   facet normal -2.069962e-01 6.761328e-01 7.071046e-01
      outer loop
         vertex 8.829061e+01 1.122580e+02 5.314840e+01
         vertex 8.820279e+01 1.125448e+02 5.284840e+01
         vertex 7.413956e+01 1.079257e+02 5.314840e+01
      endloop
   endfacet
   facet normal -2.069961e-01 6.761324e-01 7.071050e-01
      outer loop
         vertex 7.413956e+01 1.079257e+02 5.314840e+01
         vertex 8.820279e+01 1.125448e+02 5.284840e+01
         vertex 7.405174e+01 1.082125e+02 5.284840e+01
      endloop
   endfacet
   facet normal -3.318740e-01 6.313808e-01 7.008694e-01
      outer loop
         vertex 7.413956e+01 1.079257e+02 5.314840e+01
         vertex 7.405174e+01 1.082125e+02 5.284840e+01
         vertex 7.240902e+01 1.073491e+02 5.284840e+01
      endloop
   endfacet
   facet normal -3.318735e-01 6.313779e-01 7.008723e-01
      outer loop
         vertex 7.413956e+01 1.079257e+02 5.314840e+01
         vertex 7.240902e+01 1.073491e+02 5.284840e+01
         vertex 7.259551e+01 1.071141e+02 5.314840e+01
      endloop
   endfacet
   facet normal -5.394661e-01 4.666408e-01 7.008728e-01
      outer loop
         vertex 7.259551e+01 1.071141e+02 5.314840e+01
         vertex 7.240902e+01 1.073491e+02 5.284840e+01
         vertex 7.119492e+01 1.059455e+02 5.284840e+01
      endloop
   endfacet
   facet normal -5.394664e-01 4.666412e-01 7.008723e-01
      outer loop
         vertex 7.259551e+01 1.071141e+02 5.314840e+01
         vertex 7.119492e+01 1.059455e+02 5.284840e+01
         vertex 7.145432e+01 1.057948e+02 5.314840e+01
      endloop
   endfacet
   facet normal -6.725900e-01 2.374872e-01 7.008727e-01
      outer loop
         vertex 7.145432e+01 1.057948e+02 5.314840e+01
         vertex 7.119492e+01 1.059455e+02 5.284840e+01
         vertex 7.057702e+01 1.041955e+02 5.284840e+01
      endloop
   endfacet
   facet normal -6.725925e-01 2.374891e-01 7.008697e-01
      outer loop
         vertex 7.145432e+01 1.057948e+02 5.314840e+01
         vertex 7.057702e+01 1.041955e+02 5.284840e+01
         vertex 7.087354e+01 1.041499e+02 5.314840e+01
      endloop
   endfacet
   facet normal -7.128693e-01 -2.444859e-02 7.008706e-01
      outer loop
         vertex 7.087354e+01 1.041499e+02 5.314840e+01
         vertex 7.057702e+01 1.041955e+02 5.284840e+01
         vertex 7.064063e+01 1.023408e+02 5.284840e+01
      endloop
   endfacet
   facet normal -7.128677e-01 -2.444905e-02 7.008722e-01
      outer loop
         vertex 7.087354e+01 1.041499e+02 5.314840e+01
         vertex 7.064063e+01 1.023408e+02 5.284840e+01
         vertex 7.093333e+01 1.024066e+02 5.314840e+01
      endloop
   endfacet
   facet normal -6.547389e-01 -2.830110e-01 7.008721e-01
      outer loop
         vertex 7.093333e+01 1.024066e+02 5.314840e+01
         vertex 7.064063e+01 1.023408e+02 5.284840e+01
         vertex 7.137697e+01 1.006373e+02 5.284840e+01
      endloop
   endfacet
   facet normal -6.547393e-01 -2.830110e-01 7.008718e-01
      outer loop
         vertex 7.093333e+01 1.024066e+02 5.314840e+01
         vertex 7.137697e+01 1.006373e+02 5.284840e+01
         vertex 7.162544e+01 1.008054e+02 5.314840e+01
      endloop
   endfacet
   facet normal -5.062280e-01 -5.025047e-01 7.008725e-01
      outer loop
         vertex 7.162544e+01 1.008054e+02 5.314840e+01
         vertex 7.137697e+01 1.006373e+02 5.284840e+01
         vertex 7.268438e+01 9.932020e+01 5.284840e+01
      endloop
   endfacet
   facet normal -5.062277e-01 -5.025046e-01 7.008728e-01
      outer loop
         vertex 7.162544e+01 1.008054e+02 5.314840e+01
         vertex 7.268438e+01 9.932020e+01 5.284840e+01
         vertex 7.285433e+01 9.956742e+01 5.314840e+01
      endloop
   endfacet
   facet normal -2.878365e-01 -6.526318e-01 7.008723e-01
      outer loop
         vertex 7.285433e+01 9.956742e+01 5.314840e+01
         vertex 7.268438e+01 9.932020e+01 5.284840e+01
         vertex 7.438240e+01 9.857131e+01 5.284840e+01
      endloop
   endfacet
   facet normal -2.878366e-01 -6.526320e-01 7.008720e-01
      outer loop
         vertex 7.285433e+01 9.956742e+01 5.314840e+01
         vertex 7.438240e+01 9.857131e+01 5.284840e+01
         vertex 7.445036e+01 9.886351e+01 5.314840e+01
      endloop
   endfacet
   facet normal -2.971002e-02 -7.126683e-01 7.008717e-01
      outer loop
         vertex 7.445036e+01 9.886351e+01 5.314840e+01
         vertex 7.438240e+01 9.857131e+01 5.284840e+01
         vertex 7.623662e+01 9.849401e+01 5.284840e+01
      endloop
   endfacet
   facet normal -2.970996e-02 -7.126682e-01 7.008719e-01
      outer loop
         vertex 7.445036e+01 9.886351e+01 5.314840e+01
         vertex 7.623662e+01 9.849401e+01 5.284840e+01
         vertex 7.619321e+01 9.879085e+01 5.314840e+01
      endloop
   endfacet
   facet normal 2.325167e-01 -6.743253e-01 7.008719e-01
      outer loop
         vertex 7.619321e+01 9.879085e+01 5.314840e+01
         vertex 7.623662e+01 9.849401e+01 5.284840e+01
         vertex 7.799108e+01 9.909897e+01 5.284840e+01
      endloop
   endfacet
   facet normal 2.325167e-01 -6.743270e-01 7.008702e-01
      outer loop
         vertex 7.619321e+01 9.879085e+01 5.314840e+01
         vertex 7.799108e+01 9.909897e+01 5.284840e+01
         vertex 7.784230e+01 9.935948e+01 5.314840e+01
      endloop
   endfacet
   facet normal 2.443387e-01 -6.641271e-01 7.065648e-01
      outer loop
         vertex 8.103896e+01 1.004164e+02 5.284840e+01
         vertex 8.095114e+01 1.007033e+02 5.314840e+01
         vertex 7.947845e+01 9.984229e+01 5.284840e+01
      endloop
   endfacet
   facet normal 2.443423e-01 -6.641316e-01 7.065593e-01
      outer loop
         vertex 7.947845e+01 9.984229e+01 5.284840e+01
         vertex 8.095114e+01 1.007033e+02 5.314840e+01
         vertex 7.935942e+01 1.001177e+02 5.314840e+01
      endloop
   endfacet
   facet normal 3.163475e-01 -6.330073e-01 7.065593e-01
      outer loop
         vertex 7.947845e+01 9.984229e+01 5.284840e+01
         vertex 7.935942e+01 1.001177e+02 5.314840e+01
         vertex 7.799108e+01 9.909897e+01 5.284840e+01
      endloop
   endfacet
   facet normal 3.163459e-01 -6.330058e-01 7.065614e-01
      outer loop
         vertex 7.799108e+01 9.909897e+01 5.284840e+01
         vertex 7.935942e+01 1.001177e+02 5.314840e+01
         vertex 7.784230e+01 9.935948e+01 5.314840e+01
      endloop
   endfacet
   facet normal 2.069950e-01 -6.761288e-01 7.071088e-01
      outer loop
         vertex 8.095114e+01 1.007033e+02 5.314840e+01
         vertex 8.103896e+01 1.004164e+02 5.284840e+01
         vertex 9.089596e+01 1.037479e+02 5.314840e+01
      endloop
   endfacet
   facet normal 2.069952e-01 -6.761293e-01 7.071083e-01
      outer loop
         vertex 9.089596e+01 1.037479e+02 5.314840e+01
         vertex 8.103896e+01 1.004164e+02 5.284840e+01
         vertex 9.098379e+01 1.034610e+02 5.284840e+01
      endloop
   endfacet
   facet normal 2.098262e-02 -8.358412e-01 5.485701e-01
      outer loop
         vertex 9.266533e+01 1.041877e+02 5.347163e+01
         vertex 9.267632e+01 1.039792e+02 5.315339e+01
         vertex 9.347867e+01 1.042248e+02 5.349698e+01
      endloop
   endfacet
   facet normal 9.572719e-02 -8.309982e-01 5.479765e-01
      outer loop
         vertex 9.267632e+01 1.039792e+02 5.315339e+01
         vertex 9.266533e+01 1.041877e+02 5.347163e+01
         vertex 9.204567e+01 1.037861e+02 5.297077e+01
      endloop
   endfacet
   facet normal 3.540965e-02 -8.005667e-01 5.981965e-01
      outer loop
         vertex 9.204567e+01 1.037861e+02 5.297077e+01
         vertex 9.266533e+01 1.041877e+02 5.347163e+01
         vertex 9.177602e+01 1.039694e+02 5.323201e+01
      endloop
   endfacet
   facet normal 1.017579e-01 -7.619507e-01 6.395908e-01
      outer loop
         vertex 9.204567e+01 1.037861e+02 5.297077e+01
         vertex 9.177602e+01 1.039694e+02 5.323201e+01
         vertex 9.184191e+01 1.037237e+02 5.292888e+01
      endloop
   endfacet
   facet normal 1.294817e-01 -7.564235e-01 6.411380e-01
      outer loop
         vertex 9.184191e+01 1.037237e+02 5.292888e+01
         vertex 9.177602e+01 1.039694e+02 5.323201e+01
         vertex 9.089596e+01 1.037479e+02 5.314840e+01
      endloop
   endfacet
   facet normal 1.460740e-01 -6.932983e-01 7.056911e-01
      outer loop
         vertex 9.184191e+01 1.037237e+02 5.292888e+01
         vertex 9.089596e+01 1.037479e+02 5.314840e+01
         vertex 9.098379e+01 1.034610e+02 5.284840e+01
      endloop
   endfacet
   facet normal 1.289015e-01 -9.505499e-01 2.825586e-01
      outer loop
         vertex 9.422165e+01 1.044523e+02 5.392324e+01
         vertex 9.455035e+01 1.046428e+02 5.441428e+01
         vertex 9.347867e+01 1.042248e+02 5.349698e+01
      endloop
   endfacet
   facet normal -5.100557e-02 -8.849637e-01 4.628582e-01
      outer loop
         vertex 9.347867e+01 1.042248e+02 5.349698e+01
         vertex 9.455035e+01 1.046428e+02 5.441428e+01
         vertex 9.360013e+01 1.044146e+02 5.387328e+01
      endloop
   endfacet
   facet normal 2.700452e-02 -8.959947e-01 4.432428e-01
      outer loop
         vertex 9.347867e+01 1.042248e+02 5.349698e+01
         vertex 9.360013e+01 1.044146e+02 5.387328e+01
         vertex 9.266533e+01 1.041877e+02 5.347163e+01
      endloop
   endfacet
   facet normal 2.026503e-01 -9.730969e-01 1.096145e-01
      outer loop
         vertex 9.692528e+01 1.052800e+02 5.614840e+01
         vertex 9.640684e+01 1.051262e+02 5.574216e+01
         vertex 9.497256e+01 1.046821e+02 5.445140e+01
      endloop
   endfacet
   facet normal 6.527213e-02 -9.636633e-01 2.590224e-01
      outer loop
         vertex 9.497256e+01 1.046821e+02 5.445140e+01
         vertex 9.640684e+01 1.051262e+02 5.574216e+01
         vertex 9.480564e+01 1.047051e+02 5.457902e+01
      endloop
   endfacet
   facet normal 8.908348e-02 -9.533830e-01 2.883140e-01
      outer loop
         vertex 9.497256e+01 1.046821e+02 5.445140e+01
         vertex 9.480564e+01 1.047051e+02 5.457902e+01
         vertex 9.422165e+01 1.044523e+02 5.392324e+01
      endloop
   endfacet
   facet normal -1.110887e-02 -9.296123e-01 3.683715e-01
      outer loop
         vertex 9.422165e+01 1.044523e+02 5.392324e+01
         vertex 9.480564e+01 1.047051e+02 5.457902e+01
         vertex 9.457693e+01 1.046493e+02 5.443107e+01
      endloop
   endfacet
   facet normal -4.007722e-03 -9.313587e-01 3.640810e-01
      outer loop
         vertex 9.422165e+01 1.044523e+02 5.392324e+01
         vertex 9.457693e+01 1.046493e+02 5.443107e+01
         vertex 9.455035e+01 1.046428e+02 5.441428e+01
      endloop
   endfacet
   facet normal -6.547407e-01 -5.063800e-01 5.611541e-01
      outer loop
         vertex 9.265059e+01 1.065217e+02 5.857829e+01
         vertex 9.204094e+01 1.071835e+02 5.846418e+01
         vertex 9.194029e+01 1.071527e+02 5.831894e+01
      endloop
   endfacet
   facet normal -4.365436e-01 -5.604320e-01 7.038080e-01
      outer loop
         vertex 9.335036e+01 1.056901e+02 5.834840e+01
         vertex 9.350087e+01 1.059496e+02 5.864840e+01
         vertex 9.270111e+01 1.061476e+02 5.830998e+01
      endloop
   endfacet
   facet normal -4.363919e-01 -5.625503e-01 7.022103e-01
      outer loop
         vertex 9.270111e+01 1.061476e+02 5.830998e+01
         vertex 9.350087e+01 1.059496e+02 5.864840e+01
         vertex 9.265059e+01 1.065217e+02 5.857829e+01
      endloop
   endfacet
   facet normal -5.581824e-01 -5.320141e-01 6.367051e-01
      outer loop
         vertex 9.270111e+01 1.061476e+02 5.830998e+01
         vertex 9.265059e+01 1.065217e+02 5.857829e+01
         vertex 9.250549e+01 1.063233e+02 5.828530e+01
      endloop
   endfacet
   facet normal -6.339718e-01 -4.573133e-01 6.236540e-01
      outer loop
         vertex 9.250549e+01 1.063233e+02 5.828530e+01
         vertex 9.265059e+01 1.065217e+02 5.857829e+01
         vertex 9.194029e+01 1.071527e+02 5.831894e+01
      endloop
   endfacet
   facet normal -6.726202e-01 -4.811577e-01 5.622004e-01
      outer loop
         vertex 9.250549e+01 1.063233e+02 5.828530e+01
         vertex 9.194029e+01 1.071527e+02 5.831894e+01
         vertex 9.184037e+01 1.071221e+02 5.817322e+01
      endloop
   endfacet
   facet normal -2.995760e-01 -6.420579e-01 7.057024e-01
      outer loop
         vertex 9.350087e+01 1.059496e+02 5.864840e+01
         vertex 9.335036e+01 1.056901e+02 5.834840e+01
         vertex 9.407520e+01 1.053519e+02 5.834840e+01
      endloop
   endfacet
   facet normal -2.995758e-01 -6.420578e-01 7.057026e-01
      outer loop
         vertex 9.350087e+01 1.059496e+02 5.864840e+01
         vertex 9.407520e+01 1.053519e+02 5.834840e+01
         vertex 9.417738e+01 1.056340e+02 5.864840e+01
      endloop
   endfacet
   facet normal -1.207753e-01 -7.023626e-01 7.014984e-01
      outer loop
         vertex 9.417738e+01 1.056340e+02 5.864840e+01
         vertex 9.407520e+01 1.053519e+02 5.834840e+01
         vertex 9.563942e+01 1.050829e+02 5.834840e+01
      endloop
   endfacet
   facet normal -1.207746e-01 -7.023615e-01 7.014997e-01
      outer loop
         vertex 9.417738e+01 1.056340e+02 5.864840e+01
         vertex 9.563942e+01 1.050829e+02 5.834840e+01
         vertex 9.563733e+01 1.053829e+02 5.864840e+01
      endloop
   endfacet
   facet normal 1.076575e-01 -7.026293e-01 7.033647e-01
      outer loop
         vertex 9.563733e+01 1.053829e+02 5.864840e+01
         vertex 9.563942e+01 1.050829e+02 5.834840e+01
         vertex 9.692528e+01 1.052800e+02 5.834840e+01
      endloop
   endfacet
   facet normal 1.076573e-01 -7.026302e-01 7.033639e-01
      outer loop
         vertex 9.563733e+01 1.053829e+02 5.864840e+01
         vertex 9.692528e+01 1.052800e+02 5.834840e+01
         vertex 9.683746e+01 1.055668e+02 5.864840e+01
      endloop
   endfacet
   facet normal 2.069961e-01 -6.761323e-01 7.071052e-01
      outer loop
         vertex 1.080038e+02 1.089854e+02 5.864840e+01
         vertex 9.683746e+01 1.055668e+02 5.864840e+01
         vertex 1.088286e+02 1.090032e+02 5.842404e+01
      endloop
   endfacet
   facet normal 2.069959e-01 -6.761315e-01 7.071060e-01
      outer loop
         vertex 1.088286e+02 1.090032e+02 5.842404e+01
         vertex 9.683746e+01 1.055668e+02 5.864840e+01
         vertex 9.692528e+01 1.052800e+02 5.834840e+01
      endloop
   endfacet
   facet normal 2.069943e-01 -6.761266e-01 7.071111e-01
      outer loop
         vertex 1.088286e+02 1.090032e+02 5.842404e+01
         vertex 9.692528e+01 1.052800e+02 5.834840e+01
         vertex 1.096364e+02 1.091714e+02 5.834840e+01
      endloop
   endfacet
   facet normal -6.547360e-01 -5.063680e-01 -5.611704e-01
      outer loop
         vertex 9.194029e+01 1.071527e+02 4.297787e+01
         vertex 9.204094e+01 1.071835e+02 4.283263e+01
         vertex 9.265059e+01 1.065217e+02 4.271852e+01
      endloop
   endfacet
   facet normal -4.355542e-01 -5.610996e-01 -7.038891e-01
      outer loop
         vertex 9.265059e+01 1.065217e+02 4.271852e+01
         vertex 9.350087e+01 1.059496e+02 4.264840e+01
         vertex 9.335036e+01 1.056901e+02 4.294840e+01
      endloop
   endfacet
   facet normal -6.726198e-01 -4.811575e-01 -5.622011e-01
      outer loop
         vertex 9.184037e+01 1.071221e+02 4.312359e+01
         vertex 9.194029e+01 1.071527e+02 4.297787e+01
         vertex 9.250549e+01 1.063233e+02 4.301151e+01
      endloop
   endfacet
   facet normal -6.339718e-01 -4.573133e-01 -6.236540e-01
      outer loop
         vertex 9.250549e+01 1.063233e+02 4.301151e+01
         vertex 9.194029e+01 1.071527e+02 4.297787e+01
         vertex 9.265059e+01 1.065217e+02 4.271852e+01
      endloop
   endfacet
   facet normal -5.581734e-01 -5.320222e-01 -6.367062e-01
      outer loop
         vertex 9.250549e+01 1.063233e+02 4.301151e+01
         vertex 9.265059e+01 1.065217e+02 4.271852e+01
         vertex 9.270120e+01 1.061475e+02 4.298682e+01
      endloop
   endfacet
   facet normal -4.376955e-01 -5.622741e-01 -7.016198e-01
      outer loop
         vertex 9.270120e+01 1.061475e+02 4.298682e+01
         vertex 9.265059e+01 1.065217e+02 4.271852e+01
         vertex 9.335036e+01 1.056901e+02 4.294840e+01
      endloop
   endfacet
   facet normal 1.076576e-01 -7.026301e-01 -7.033639e-01
      outer loop
         vertex 9.683746e+01 1.055668e+02 4.264840e+01
         vertex 9.692528e+01 1.052800e+02 4.294840e+01
         vertex 9.563942e+01 1.050829e+02 4.294840e+01
      endloop
   endfacet
   facet normal 1.076571e-01 -7.026293e-01 -7.033647e-01
      outer loop
         vertex 9.683746e+01 1.055668e+02 4.264840e+01
         vertex 9.563942e+01 1.050829e+02 4.294840e+01
         vertex 9.563733e+01 1.053829e+02 4.264840e+01
      endloop
   endfacet
   facet normal -1.207751e-01 -7.023615e-01 -7.014996e-01
      outer loop
         vertex 9.563733e+01 1.053829e+02 4.264840e+01
         vertex 9.563942e+01 1.050829e+02 4.294840e+01
         vertex 9.407520e+01 1.053519e+02 4.294840e+01
      endloop
   endfacet
   facet normal -1.207748e-01 -7.023628e-01 -7.014984e-01
      outer loop
         vertex 9.563733e+01 1.053829e+02 4.264840e+01
         vertex 9.407520e+01 1.053519e+02 4.294840e+01
         vertex 9.417738e+01 1.056340e+02 4.264840e+01
      endloop
   endfacet
   facet normal -2.995759e-01 -6.420577e-01 -7.057026e-01
      outer loop
         vertex 9.417738e+01 1.056340e+02 4.264840e+01
         vertex 9.407520e+01 1.053519e+02 4.294840e+01
         vertex 9.335036e+01 1.056901e+02 4.294840e+01
      endloop
   endfacet
   facet normal -2.995759e-01 -6.420580e-01 -7.057024e-01
      outer loop
         vertex 9.417738e+01 1.056340e+02 4.264840e+01
         vertex 9.335036e+01 1.056901e+02 4.294840e+01
         vertex 9.350087e+01 1.059496e+02 4.264840e+01
      endloop
   endfacet
   facet normal 2.069959e-01 -6.761315e-01 -7.071060e-01
      outer loop
         vertex 9.683746e+01 1.055668e+02 4.264840e+01
         vertex 1.080038e+02 1.089854e+02 4.264840e+01
         vertex 9.692528e+01 1.052800e+02 4.294840e+01
      endloop
   endfacet
   facet normal 2.069961e-01 -6.761322e-01 -7.071053e-01
      outer loop
         vertex 9.692528e+01 1.052800e+02 4.294840e+01
         vertex 1.080038e+02 1.089854e+02 4.264840e+01
         vertex 1.088286e+02 1.090032e+02 4.287277e+01
      endloop
   endfacet
   facet normal 2.069943e-01 -6.761266e-01 -7.071111e-01
      outer loop
         vertex 9.692528e+01 1.052800e+02 4.294840e+01
         vertex 1.088286e+02 1.090032e+02 4.287277e+01
         vertex 1.096364e+02 1.091714e+02 4.294840e+01
      endloop
   endfacet
   facet normal -8.259975e-01 5.304664e-02 5.611721e-01
      outer loop
         vertex 9.106208e+01 1.100213e+02 5.831894e+01
         vertex 9.116273e+01 1.100521e+02 5.846418e+01
         vertex 9.129739e+01 1.109418e+02 5.857829e+01
      endloop
   endfacet
   facet normal -6.750210e-01 2.210980e-01 7.038908e-01
      outer loop
         vertex 9.129739e+01 1.109418e+02 5.857829e+01
         vertex 9.168168e+01 1.118918e+02 5.864840e+01
         vertex 9.141168e+01 1.120226e+02 5.834840e+01
      endloop
   endfacet
   facet normal -8.267082e-01 2.214462e-02 5.621950e-01
      outer loop
         vertex 9.096216e+01 1.099907e+02 5.817322e+01
         vertex 9.106208e+01 1.100213e+02 5.831894e+01
         vertex 9.106609e+01 1.110250e+02 5.828530e+01
      endloop
   endfacet
   facet normal -7.813297e-01 2.402335e-02 6.236559e-01
      outer loop
         vertex 9.106609e+01 1.110250e+02 5.828530e+01
         vertex 9.106208e+01 1.100213e+02 5.831894e+01
         vertex 9.129739e+01 1.109418e+02 5.857829e+01
      endloop
   endfacet
   facet normal -7.603469e-01 1.283598e-01 6.367074e-01
      outer loop
         vertex 9.106609e+01 1.110250e+02 5.828530e+01
         vertex 9.129739e+01 1.109418e+02 5.857829e+01
         vertex 9.112985e+01 1.112802e+02 5.830999e+01
      endloop
   endfacet
   facet normal -6.774546e-01 2.208723e-01 7.016200e-01
      outer loop
         vertex 9.112985e+01 1.112802e+02 5.830999e+01
         vertex 9.129739e+01 1.109418e+02 5.857829e+01
         vertex 9.141168e+01 1.120226e+02 5.834840e+01
      endloop
   endfacet
   facet normal -3.041424e-01 6.424791e-01 7.033619e-01
      outer loop
         vertex 9.423211e+01 1.140769e+02 5.864840e+01
         vertex 9.414429e+01 1.143638e+02 5.834840e+01
         vertex 9.296852e+01 1.138072e+02 5.834840e+01
      endloop
   endfacet
   facet normal -3.041424e-01 6.424728e-01 7.033677e-01
      outer loop
         vertex 9.423211e+01 1.140769e+02 5.864840e+01
         vertex 9.296852e+01 1.138072e+02 5.834840e+01
         vertex 9.313472e+01 1.135575e+02 5.864840e+01
      endloop
   endfacet
   facet normal -4.932723e-01 5.143695e-01 7.015030e-01
      outer loop
         vertex 9.313472e+01 1.135575e+02 5.864840e+01
         vertex 9.296852e+01 1.138072e+02 5.834840e+01
         vertex 9.182296e+01 1.127086e+02 5.834840e+01
      endloop
   endfacet
   facet normal -4.932724e-01 5.143698e-01 7.015027e-01
      outer loop
         vertex 9.313472e+01 1.135575e+02 5.864840e+01
         vertex 9.182296e+01 1.127086e+02 5.834840e+01
         vertex 9.206554e+01 1.125321e+02 5.864840e+01
      endloop
   endfacet
   facet normal -6.076686e-01 3.643041e-01 7.057063e-01
      outer loop
         vertex 9.206554e+01 1.125321e+02 5.864840e+01
         vertex 9.182296e+01 1.127086e+02 5.834840e+01
         vertex 9.141168e+01 1.120226e+02 5.834840e+01
      endloop
   endfacet
   facet normal -6.076694e-01 3.643062e-01 7.057045e-01
      outer loop
         vertex 9.206554e+01 1.125321e+02 5.864840e+01
         vertex 9.141168e+01 1.120226e+02 5.834840e+01
         vertex 9.168168e+01 1.118918e+02 5.864840e+01
      endloop
   endfacet
   facet normal -2.069964e-01 6.761334e-01 7.071041e-01
      outer loop
         vertex 9.423211e+01 1.140769e+02 5.864840e+01
         vertex 1.033732e+02 1.168755e+02 5.864840e+01
         vertex 9.414429e+01 1.143638e+02 5.834840e+01
      endloop
   endfacet
   facet normal -2.069960e-01 6.761318e-01 7.071056e-01
      outer loop
         vertex 9.414429e+01 1.143638e+02 5.834840e+01
         vertex 1.033732e+02 1.168755e+02 5.864840e+01
         vertex 1.039166e+02 1.172761e+02 5.842437e+01
      endloop
   endfacet
   facet normal -2.069955e-01 6.761303e-01 7.071073e-01
      outer loop
         vertex 9.414429e+01 1.143638e+02 5.834840e+01
         vertex 1.039166e+02 1.172761e+02 5.842437e+01
         vertex 1.045358e+02 1.175451e+02 5.834840e+01
      endloop
   endfacet
   facet normal -8.260044e-01 5.305139e-02 -5.611615e-01
      outer loop
         vertex 9.129739e+01 1.109418e+02 4.271852e+01
         vertex 9.116273e+01 1.100521e+02 4.283263e+01
         vertex 9.106208e+01 1.100213e+02 4.297787e+01
      endloop
   endfacet
   facet normal -6.754678e-01 2.199894e-01 -7.038096e-01
      outer loop
         vertex 9.141168e+01 1.120226e+02 4.294840e+01
         vertex 9.168168e+01 1.118918e+02 4.264840e+01
         vertex 9.112981e+01 1.112801e+02 4.298683e+01
      endloop
   endfacet
   facet normal -6.765294e-01 2.218322e-01 -7.022097e-01
      outer loop
         vertex 9.112981e+01 1.112801e+02 4.298683e+01
         vertex 9.168168e+01 1.118918e+02 4.264840e+01
         vertex 9.129739e+01 1.109418e+02 4.271852e+01
      endloop
   endfacet
   facet normal -7.603492e-01 1.283504e-01 -6.367066e-01
      outer loop
         vertex 9.112981e+01 1.112801e+02 4.298683e+01
         vertex 9.129739e+01 1.109418e+02 4.271852e+01
         vertex 9.106609e+01 1.110250e+02 4.301151e+01
      endloop
   endfacet
   facet normal -7.813297e-01 2.402335e-02 -6.236559e-01
      outer loop
         vertex 9.106609e+01 1.110250e+02 4.301151e+01
         vertex 9.129739e+01 1.109418e+02 4.271852e+01
         vertex 9.106208e+01 1.100213e+02 4.297787e+01
      endloop
   endfacet
   facet normal -8.267058e-01 2.214473e-02 -5.621985e-01
      outer loop
         vertex 9.106609e+01 1.110250e+02 4.301151e+01
         vertex 9.106208e+01 1.100213e+02 4.297787e+01
         vertex 9.096216e+01 1.099907e+02 4.312359e+01
      endloop
   endfacet
   facet normal -6.076701e-01 3.643050e-01 -7.057046e-01
      outer loop
         vertex 9.168168e+01 1.118918e+02 4.264840e+01
         vertex 9.141168e+01 1.120226e+02 4.294840e+01
         vertex 9.182296e+01 1.127086e+02 4.294840e+01
      endloop
   endfacet
   facet normal -6.076678e-01 3.643053e-01 -7.057064e-01
      outer loop
         vertex 9.168168e+01 1.118918e+02 4.264840e+01
         vertex 9.182296e+01 1.127086e+02 4.294840e+01
         vertex 9.206554e+01 1.125321e+02 4.264840e+01
      endloop
   endfacet
   facet normal -4.932725e-01 5.143697e-01 -7.015027e-01
      outer loop
         vertex 9.206554e+01 1.125321e+02 4.264840e+01
         vertex 9.182296e+01 1.127086e+02 4.294840e+01
         vertex 9.296852e+01 1.138072e+02 4.294840e+01
      endloop
   endfacet
   facet normal -4.932722e-01 5.143696e-01 -7.015030e-01
      outer loop
         vertex 9.206554e+01 1.125321e+02 4.264840e+01
         vertex 9.296852e+01 1.138072e+02 4.294840e+01
         vertex 9.313472e+01 1.135575e+02 4.264840e+01
      endloop
   endfacet
   facet normal -3.041400e-01 6.424742e-01 -7.033675e-01
      outer loop
         vertex 9.313472e+01 1.135575e+02 4.264840e+01
         vertex 9.296852e+01 1.138072e+02 4.294840e+01
         vertex 9.414429e+01 1.143638e+02 4.294840e+01
      endloop
   endfacet
   facet normal -3.041449e-01 6.424782e-01 -7.033617e-01
      outer loop
         vertex 9.313472e+01 1.135575e+02 4.264840e+01
         vertex 9.414429e+01 1.143638e+02 4.294840e+01
         vertex 9.423211e+01 1.140769e+02 4.264840e+01
      endloop
   endfacet
   facet normal -2.069959e-01 6.761317e-01 -7.071058e-01
      outer loop
         vertex 1.033732e+02 1.168755e+02 4.264840e+01
         vertex 9.423211e+01 1.140769e+02 4.264840e+01
         vertex 1.039166e+02 1.172761e+02 4.287244e+01
      endloop
   endfacet
   facet normal -2.069964e-01 6.761333e-01 -7.071041e-01
      outer loop
         vertex 1.039166e+02 1.172761e+02 4.287244e+01
         vertex 9.423211e+01 1.140769e+02 4.264840e+01
         vertex 9.414429e+01 1.143638e+02 4.294840e+01
      endloop
   endfacet
   facet normal -2.069955e-01 6.761303e-01 -7.071073e-01
      outer loop
         vertex 1.039166e+02 1.172761e+02 4.287244e+01
         vertex 9.414429e+01 1.143638e+02 4.294840e+01
         vertex 1.045358e+02 1.175451e+02 4.294840e+01
      endloop
   endfacet
   facet normal -2.098517e-01 -6.424554e-02 -9.756202e-01
      outer loop
         vertex 8.600879e+01 1.053368e+02 4.814840e+01
         vertex 8.513058e+01 1.082054e+02 4.814840e+01
         vertex 8.723720e+01 1.057129e+02 4.785941e+01
      endloop
   endfacet
   facet normal -2.098517e-01 -6.424554e-02 -9.756202e-01
      outer loop
         vertex 8.723720e+01 1.057129e+02 4.785941e+01
         vertex 8.513058e+01 1.082054e+02 4.814840e+01
         vertex 8.635899e+01 1.085815e+02 4.785941e+01
      endloop
   endfacet
   facet normal -5.891246e-01 -1.803589e-01 -7.876566e-01
      outer loop
         vertex 8.723720e+01 1.057129e+02 4.785941e+01
         vertex 8.635899e+01 1.085815e+02 4.785941e+01
         vertex 8.822894e+01 1.060165e+02 4.704812e+01
      endloop
   endfacet
   facet normal -5.891246e-01 -1.803589e-01 -7.876566e-01
      outer loop
         vertex 8.822894e+01 1.060165e+02 4.704812e+01
         vertex 8.635899e+01 1.085815e+02 4.785941e+01
         vertex 8.735074e+01 1.088851e+02 4.704812e+01
      endloop
   endfacet
   facet normal -2.421476e-01 6.939999e-02 -9.677542e-01
      outer loop
         vertex 8.914384e+01 1.125671e+02 4.806480e+01
         vertex 8.922373e+01 1.125290e+02 4.804208e+01
         vertex 8.886339e+01 1.112717e+02 4.804208e+01
      endloop
   endfacet
   facet normal -4.630159e-01 2.149431e-01 -8.598928e-01
      outer loop
         vertex 9.009166e+01 1.121856e+02 4.760285e+01
         vertex 9.000299e+01 1.128840e+02 4.782517e+01
         vertex 9.090458e+01 1.132193e+02 4.742353e+01
      endloop
   endfacet
   facet normal -5.096131e-01 8.041068e-01 -3.061155e-01
      outer loop
         vertex 9.362864e+01 1.142010e+02 4.555465e+01
         vertex 9.282955e+01 1.138412e+02 4.594002e+01
         vertex 9.206613e+01 1.136535e+02 4.671779e+01
      endloop
   endfacet
   facet normal -8.176964e-01 5.600582e-01 -1.330692e-01
      outer loop
         vertex 9.182296e+01 1.127086e+02 4.514840e+01
         vertex 9.167800e+01 1.124970e+02 4.514840e+01
         vertex 9.158859e+01 1.125545e+02 4.594002e+01
      endloop
   endfacet
   facet normal -9.875692e-01 8.299689e-02 -1.334863e-01
      outer loop
         vertex 9.096215e+01 1.099907e+02 4.514840e+01
         vertex 9.085571e+01 1.099974e+02 4.594002e+01
         vertex 9.093092e+01 1.108923e+02 4.594002e+01
      endloop
   endfacet
   facet normal -7.470367e-01 -6.579777e-01 -9.487636e-02
      outer loop
         vertex 9.085571e+01 1.099974e+02 4.594002e+01
         vertex 9.096215e+01 1.099907e+02 4.514840e+01
         vertex 9.090336e+01 1.099727e+02 4.573610e+01
      endloop
   endfacet
   facet normal -8.766336e-01 -1.756381e-03 -4.811553e-01
      outer loop
         vertex 9.072700e+01 1.099187e+02 4.630803e+01
         vertex 9.040466e+01 1.098200e+02 4.689566e+01
         vertex 9.041653e+01 1.099913e+02 4.687342e+01
      endloop
   endfacet
   facet normal -3.548636e-01 -6.214786e-03 -9.348974e-01
      outer loop
         vertex 8.935947e+01 1.095001e+02 4.781531e+01
         vertex 8.870624e+01 1.093001e+02 4.806459e+01
         vertex 8.875386e+01 1.099684e+02 4.804208e+01
      endloop
   endfacet
   facet normal -4.982361e-01 -2.409984e-01 -8.328749e-01
      outer loop
         vertex 8.935947e+01 1.095001e+02 4.781531e+01
         vertex 8.875386e+01 1.099684e+02 4.804208e+01
         vertex 8.993481e+01 1.096762e+02 4.742017e+01
      endloop
   endfacet
   facet normal -8.817253e-01 4.527741e-01 -1.324994e-01
      outer loop
         vertex 9.158859e+01 1.125545e+02 4.594002e+01
         vertex 9.167800e+01 1.124970e+02 4.514840e+01
         vertex 9.117835e+01 1.117556e+02 4.594002e+01
      endloop
   endfacet
   facet normal -8.817252e-01 4.527744e-01 -1.324990e-01
      outer loop
         vertex 9.117835e+01 1.117556e+02 4.594002e+01
         vertex 9.167800e+01 1.124970e+02 4.514840e+01
         vertex 9.127722e+01 1.117165e+02 4.514840e+01
      endloop
   endfacet
   facet normal -9.528219e-01 2.730834e-01 -1.324990e-01
      outer loop
         vertex 9.117835e+01 1.117556e+02 4.594002e+01
         vertex 9.127722e+01 1.117165e+02 4.514840e+01
         vertex 9.093092e+01 1.108923e+02 4.594002e+01
      endloop
   endfacet
   facet normal -9.528219e-01 2.730830e-01 -1.324994e-01
      outer loop
         vertex 9.093092e+01 1.108923e+02 4.594002e+01
         vertex 9.127722e+01 1.117165e+02 4.514840e+01
         vertex 9.103550e+01 1.108731e+02 4.514840e+01
      endloop
   endfacet
   facet normal -9.877776e-01 8.211288e-02 -1.324877e-01
      outer loop
         vertex 9.093092e+01 1.108923e+02 4.594002e+01
         vertex 9.103550e+01 1.108731e+02 4.514840e+01
         vertex 9.096215e+01 1.099907e+02 4.514840e+01
      endloop
   endfacet
   facet normal -7.620848e-01 6.395298e-01 -1.011355e-01
      outer loop
         vertex 9.182296e+01 1.127086e+02 4.514840e+01
         vertex 9.158859e+01 1.125545e+02 4.594002e+01
         vertex 9.222259e+01 1.131848e+02 4.514840e+01
      endloop
   endfacet
   facet normal -7.771130e-01 6.152556e-01 -1.324988e-01
      outer loop
         vertex 9.222259e+01 1.131848e+02 4.514840e+01
         vertex 9.158859e+01 1.125545e+02 4.594002e+01
         vertex 9.214606e+01 1.132587e+02 4.594002e+01
      endloop
   endfacet
   facet normal -6.429573e-01 7.543540e-01 -1.324988e-01
      outer loop
         vertex 9.222259e+01 1.131848e+02 4.514840e+01
         vertex 9.214606e+01 1.132587e+02 4.594002e+01
         vertex 9.289031e+01 1.137540e+02 4.514840e+01
      endloop
   endfacet
   facet normal -3.468584e-01 9.356493e-01 -6.518850e-02
      outer loop
         vertex 9.414429e+01 1.143638e+02 4.514840e+01
         vertex 9.365576e+01 1.141827e+02 4.514840e+01
         vertex 9.362864e+01 1.142010e+02 4.555465e+01
      endloop
   endfacet
   facet normal -4.874214e-01 8.702238e-01 -7.163060e-02
      outer loop
         vertex 9.362864e+01 1.142010e+02 4.555465e+01
         vertex 9.365576e+01 1.141827e+02 4.514840e+01
         vertex 9.289031e+01 1.137540e+02 4.514840e+01
      endloop
   endfacet
   facet normal -4.591609e-01 8.784798e-01 -1.320780e-01
      outer loop
         vertex 9.362864e+01 1.142010e+02 4.555465e+01
         vertex 9.289031e+01 1.137540e+02 4.514840e+01
         vertex 9.282955e+01 1.138412e+02 4.594002e+01
      endloop
   endfacet
   facet normal -6.429591e-01 7.543520e-01 -1.325018e-01
      outer loop
         vertex 9.282955e+01 1.138412e+02 4.594002e+01
         vertex 9.289031e+01 1.137540e+02 4.514840e+01
         vertex 9.214606e+01 1.132587e+02 4.594002e+01
      endloop
   endfacet
   facet normal -5.908777e-01 6.932475e-01 -4.126396e-01
      outer loop
         vertex 9.282955e+01 1.138412e+02 4.594002e+01
         vertex 9.214606e+01 1.132587e+02 4.594002e+01
         vertex 9.206613e+01 1.136535e+02 4.671779e+01
      endloop
   endfacet
   facet normal -5.497408e-01 7.206992e-01 -4.223478e-01
      outer loop
         vertex 9.206613e+01 1.136535e+02 4.671779e+01
         vertex 9.214606e+01 1.132587e+02 4.594002e+01
         vertex 9.184533e+01 1.135718e+02 4.686574e+01
      endloop
   endfacet
   facet normal -1.124079e-01 4.174996e-02 -9.927847e-01
      outer loop
         vertex 8.914384e+01 1.125671e+02 4.806480e+01
         vertex 8.886339e+01 1.112717e+02 4.804208e+01
         vertex 8.829061e+01 1.122580e+02 4.814840e+01
      endloop
   endfacet
   facet normal -1.143494e-01 -2.531048e-02 -9.931181e-01
      outer loop
         vertex 8.870624e+01 1.093001e+02 4.806459e+01
         vertex 8.802453e+01 1.090914e+02 4.814840e+01
         vertex 8.875386e+01 1.099684e+02 4.804208e+01
      endloop
   endfacet
   facet normal -1.329982e-01 -9.554556e-03 -9.910702e-01
      outer loop
         vertex 8.875386e+01 1.099684e+02 4.804208e+01
         vertex 8.802453e+01 1.090914e+02 4.814840e+01
         vertex 8.796231e+01 1.099575e+02 4.814840e+01
      endloop
   endfacet
   facet normal -1.332772e-01 1.120106e-02 -9.910155e-01
      outer loop
         vertex 8.875386e+01 1.099684e+02 4.804208e+01
         vertex 8.796231e+01 1.099575e+02 4.814840e+01
         vertex 8.886339e+01 1.112717e+02 4.804208e+01
      endloop
   endfacet
   facet normal -1.332772e-01 1.120106e-02 -9.910155e-01
      outer loop
         vertex 8.886339e+01 1.112717e+02 4.804208e+01
         vertex 8.796231e+01 1.099575e+02 4.814840e+01
         vertex 8.808477e+01 1.114146e+02 4.814840e+01
      endloop
   endfacet
   facet normal -1.295384e-01 3.161642e-02 -9.910702e-01
      outer loop
         vertex 8.886339e+01 1.112717e+02 4.804208e+01
         vertex 8.808477e+01 1.114146e+02 4.814840e+01
         vertex 8.829061e+01 1.122580e+02 4.814840e+01
      endloop
   endfacet
   facet normal -2.707919e-01 6.263848e-03 -9.626175e-01
      outer loop
         vertex 8.914384e+01 1.125671e+02 4.806480e+01
         vertex 9.000299e+01 1.128840e+02 4.782517e+01
         vertex 8.922373e+01 1.125290e+02 4.804208e+01
      endloop
   endfacet
   facet normal -3.606052e-01 2.410418e-01 -9.010343e-01
      outer loop
         vertex 8.922373e+01 1.125290e+02 4.804208e+01
         vertex 9.000299e+01 1.128840e+02 4.782517e+01
         vertex 9.009166e+01 1.121856e+02 4.760285e+01
      endloop
   endfacet
   facet normal -4.109024e-01 1.177654e-01 -9.040412e-01
      outer loop
         vertex 8.922373e+01 1.125290e+02 4.804208e+01
         vertex 9.009166e+01 1.121856e+02 4.760285e+01
         vertex 8.886339e+01 1.112717e+02 4.804208e+01
      endloop
   endfacet
   facet normal -4.109028e-01 1.177660e-01 -9.040410e-01
      outer loop
         vertex 8.886339e+01 1.112717e+02 4.804208e+01
         vertex 9.009166e+01 1.121856e+02 4.760285e+01
         vertex 8.978146e+01 1.111033e+02 4.760285e+01
      endloop
   endfacet
   facet normal -4.259441e-01 3.579777e-02 -9.040410e-01
      outer loop
         vertex 8.886339e+01 1.112717e+02 4.804208e+01
         vertex 8.978146e+01 1.111033e+02 4.760285e+01
         vertex 8.875386e+01 1.099684e+02 4.804208e+01
      endloop
   endfacet
   facet normal -4.259432e-01 3.579678e-02 -9.040415e-01
      outer loop
         vertex 8.875386e+01 1.099684e+02 4.804208e+01
         vertex 8.978146e+01 1.111033e+02 4.760285e+01
         vertex 8.968716e+01 1.099813e+02 4.760285e+01
      endloop
   endfacet
   facet normal -4.201846e-01 1.902090e-01 -8.872798e-01
      outer loop
         vertex 8.875386e+01 1.099684e+02 4.804208e+01
         vertex 8.968716e+01 1.099813e+02 4.760285e+01
         vertex 8.993481e+01 1.096762e+02 4.742017e+01
      endloop
   endfacet
   facet normal -7.394303e-01 -3.606534e-02 -6.722665e-01
      outer loop
         vertex 9.040466e+01 1.098200e+02 4.689566e+01
         vertex 8.993481e+01 1.096762e+02 4.742017e+01
         vertex 9.041653e+01 1.099913e+02 4.687342e+01
      endloop
   endfacet
   facet normal -6.983853e-01 -1.475276e-01 -7.003525e-01
      outer loop
         vertex 9.041653e+01 1.099913e+02 4.687342e+01
         vertex 8.993481e+01 1.096762e+02 4.742017e+01
         vertex 8.968716e+01 1.099813e+02 4.760285e+01
      endloop
   endfacet
   facet normal -7.063035e-01 5.935944e-02 -7.054161e-01
      outer loop
         vertex 9.041653e+01 1.099913e+02 4.687342e+01
         vertex 8.968716e+01 1.099813e+02 4.760285e+01
         vertex 9.049891e+01 1.109716e+02 4.687342e+01
      endloop
   endfacet
   facet normal -7.063029e-01 5.935855e-02 -7.054167e-01
      outer loop
         vertex 9.049891e+01 1.109716e+02 4.687342e+01
         vertex 8.968716e+01 1.099813e+02 4.760285e+01
         vertex 8.978146e+01 1.111033e+02 4.760285e+01
      endloop
   endfacet
   facet normal -6.813609e-01 1.952807e-01 -7.054168e-01
      outer loop
         vertex 9.049891e+01 1.109716e+02 4.687342e+01
         vertex 8.978146e+01 1.111033e+02 4.760285e+01
         vertex 9.076993e+01 1.119172e+02 4.687342e+01
      endloop
   endfacet
   facet normal -6.813607e-01 1.952801e-01 -7.054171e-01
      outer loop
         vertex 9.076993e+01 1.119172e+02 4.687342e+01
         vertex 8.978146e+01 1.111033e+02 4.760285e+01
         vertex 9.009166e+01 1.121856e+02 4.760285e+01
      endloop
   endfacet
   facet normal -6.305195e-01 3.237772e-01 -7.054172e-01
      outer loop
         vertex 9.076993e+01 1.119172e+02 4.687342e+01
         vertex 9.009166e+01 1.121856e+02 4.760285e+01
         vertex 9.121929e+01 1.127923e+02 4.687342e+01
      endloop
   endfacet
   facet normal -6.384974e-01 3.866734e-01 -6.654358e-01
      outer loop
         vertex 9.121929e+01 1.127923e+02 4.687342e+01
         vertex 9.009166e+01 1.121856e+02 4.760285e+01
         vertex 9.090458e+01 1.132193e+02 4.742353e+01
      endloop
   endfacet
   facet normal -5.733050e-01 4.551478e-01 -6.812942e-01
      outer loop
         vertex 9.121929e+01 1.127923e+02 4.687342e+01
         vertex 9.090458e+01 1.132193e+02 4.742353e+01
         vertex 9.181970e+01 1.135622e+02 4.688253e+01
      endloop
   endfacet
   facet normal -9.143498e-01 3.169299e-01 -2.520317e-01
      outer loop
         vertex 9.090336e+01 1.099727e+02 4.573610e+01
         vertex 9.072700e+01 1.099187e+02 4.630803e+01
         vertex 9.085571e+01 1.099974e+02 4.594002e+01
      endloop
   endfacet
   facet normal -7.995617e-01 -4.657081e-01 -3.792321e-01
      outer loop
         vertex 9.085571e+01 1.099974e+02 4.594002e+01
         vertex 9.072700e+01 1.099187e+02 4.630803e+01
         vertex 9.041653e+01 1.099913e+02 4.687342e+01
      endloop
   endfacet
   facet normal -9.024258e-01 7.584131e-02 -4.241176e-01
      outer loop
         vertex 9.085571e+01 1.099974e+02 4.594002e+01
         vertex 9.041653e+01 1.099913e+02 4.687342e+01
         vertex 9.093092e+01 1.108923e+02 4.594002e+01
      endloop
   endfacet
   facet normal -9.024260e-01 7.584206e-02 -4.241170e-01
      outer loop
         vertex 9.093092e+01 1.108923e+02 4.594002e+01
         vertex 9.041653e+01 1.099913e+02 4.687342e+01
         vertex 9.049891e+01 1.109716e+02 4.687342e+01
      endloop
   endfacet
   facet normal -8.705581e-01 2.495062e-01 -4.241170e-01
      outer loop
         vertex 9.093092e+01 1.108923e+02 4.594002e+01
         vertex 9.049891e+01 1.109716e+02 4.687342e+01
         vertex 9.117835e+01 1.117556e+02 4.594002e+01
      endloop
   endfacet
   facet normal -8.705581e-01 2.495054e-01 -4.241176e-01
      outer loop
         vertex 9.117835e+01 1.117556e+02 4.594002e+01
         vertex 9.049891e+01 1.109716e+02 4.687342e+01
         vertex 9.076993e+01 1.119172e+02 4.687342e+01
      endloop
   endfacet
   facet normal -8.055996e-01 4.136829e-01 -4.241176e-01
      outer loop
         vertex 9.117835e+01 1.117556e+02 4.594002e+01
         vertex 9.076993e+01 1.119172e+02 4.687342e+01
         vertex 9.158859e+01 1.125545e+02 4.594002e+01
      endloop
   endfacet
   facet normal -8.055996e-01 4.136824e-01 -4.241180e-01
      outer loop
         vertex 9.158859e+01 1.125545e+02 4.594002e+01
         vertex 9.076993e+01 1.119172e+02 4.687342e+01
         vertex 9.121929e+01 1.127923e+02 4.687342e+01
      endloop
   endfacet
   facet normal -7.100190e-01 5.621360e-01 -4.241181e-01
      outer loop
         vertex 9.158859e+01 1.125545e+02 4.594002e+01
         vertex 9.121929e+01 1.127923e+02 4.687342e+01
         vertex 9.214606e+01 1.132587e+02 4.594002e+01
      endloop
   endfacet
   facet normal -7.108603e-01 5.594003e-01 -4.263203e-01
      outer loop
         vertex 9.214606e+01 1.132587e+02 4.594002e+01
         vertex 9.121929e+01 1.127923e+02 4.687342e+01
         vertex 9.181970e+01 1.135622e+02 4.688253e+01
      endloop
   endfacet
   facet normal -5.458205e-01 7.238033e-01 -4.221242e-01
      outer loop
         vertex 9.214606e+01 1.132587e+02 4.594002e+01
         vertex 9.181970e+01 1.135622e+02 4.688253e+01
         vertex 9.184533e+01 1.135718e+02 4.686574e+01
      endloop
   endfacet
   facet normal 2.363819e-01 -9.694557e-01 -6.541651e-02
      outer loop
         vertex 9.641759e+01 1.051293e+02 4.554629e+01
         vertex 9.641909e+01 1.051565e+02 4.514840e+01
         vertex 9.692528e+01 1.052800e+02 4.514840e+01
      endloop
   endfacet
   facet normal -9.083683e-01 -1.407514e-01 -3.937716e-01
      outer loop
         vertex 9.175591e+01 1.070570e+02 4.594002e+01
         vertex 9.138861e+01 1.068161e+02 4.687342e+01
         vertex 9.151939e+01 1.070239e+02 4.649747e+01
      endloop
   endfacet
   facet normal -6.490267e-01 -5.474522e-01 -5.282618e-01
      outer loop
         vertex 9.151939e+01 1.070239e+02 4.649747e+01
         vertex 9.138861e+01 1.068161e+02 4.687342e+01
         vertex 9.114271e+01 1.069085e+02 4.707977e+01
      endloop
   endfacet
   facet normal -6.754236e-01 -2.409576e-01 -6.969522e-01
      outer loop
         vertex 9.114271e+01 1.069085e+02 4.707977e+01
         vertex 9.138861e+01 1.068161e+02 4.687342e+01
         vertex 9.077862e+01 1.064162e+02 4.760285e+01
      endloop
   endfacet
   facet normal -5.964391e-01 -3.342219e-01 -7.297645e-01
      outer loop
         vertex 9.114271e+01 1.069085e+02 4.707977e+01
         vertex 9.077862e+01 1.064162e+02 4.760285e+01
         vertex 9.064063e+01 1.067548e+02 4.756053e+01
      endloop
   endfacet
   facet normal -4.167875e-01 -2.779834e-01 -8.654556e-01
      outer loop
         vertex 9.064063e+01 1.067548e+02 4.756053e+01
         vertex 9.077862e+01 1.064162e+02 4.760285e+01
         vertex 9.003808e+01 1.065704e+02 4.790995e+01
      endloop
   endfacet
   facet normal -4.057264e-01 -1.543329e-01 -9.008704e-01
      outer loop
         vertex 9.003808e+01 1.065704e+02 4.790995e+01
         vertex 9.077862e+01 1.064162e+02 4.760285e+01
         vertex 8.999806e+01 1.059043e+02 4.804208e+01
      endloop
   endfacet
   facet normal -2.493088e-01 -1.740073e-01 -9.526629e-01
      outer loop
         vertex 9.003808e+01 1.065704e+02 4.790995e+01
         vertex 8.999806e+01 1.059043e+02 4.804208e+01
         vertex 8.946789e+01 1.063958e+02 4.809105e+01
      endloop
   endfacet
   facet normal -1.310829e-01 -4.270269e-02 -9.904513e-01
      outer loop
         vertex 8.946789e+01 1.063958e+02 4.809105e+01
         vertex 8.999806e+01 1.059043e+02 4.804208e+01
         vertex 8.933607e+01 1.054703e+02 4.814840e+01
      endloop
   endfacet
   facet normal -8.584572e-02 -4.943257e-02 -9.950814e-01
      outer loop
         vertex 8.946789e+01 1.063958e+02 4.809105e+01
         vertex 8.933607e+01 1.054703e+02 4.814840e+01
         vertex 8.890274e+01 1.062228e+02 4.814840e+01
      endloop
   endfacet
   facet normal -3.411967e-01 -6.212662e-01 -7.054170e-01
      outer loop
         vertex 9.234782e+01 1.048161e+02 4.760285e+01
         vertex 9.275960e+01 1.054182e+02 4.687342e+01
         vertex 9.362184e+01 1.049446e+02 4.687342e+01
      endloop
   endfacet
   facet normal -1.703213e-01 3.255892e-02 -9.848505e-01
      outer loop
         vertex 9.124449e+01 1.038367e+02 4.813485e+01
         vertex 9.182089e+01 1.040457e+02 4.804208e+01
         vertex 9.210819e+01 1.040513e+02 4.799258e+01
      endloop
   endfacet
   facet normal -1.468059e-01 -4.122138e-01 -8.991817e-01
      outer loop
         vertex 9.210819e+01 1.040513e+02 4.799258e+01
         vertex 9.182089e+01 1.040457e+02 4.804208e+01
         vertex 9.234782e+01 1.048161e+02 4.760285e+01
      endloop
   endfacet
   facet normal -2.031806e-01 -3.932793e-01 -8.966878e-01
      outer loop
         vertex 9.210819e+01 1.040513e+02 4.799258e+01
         vertex 9.234782e+01 1.048161e+02 4.760285e+01
         vertex 9.303985e+01 1.042790e+02 4.768160e+01
      endloop
   endfacet
   facet normal -3.622900e-01 -5.744396e-01 -7.340062e-01
      outer loop
         vertex 9.303985e+01 1.042790e+02 4.768160e+01
         vertex 9.234782e+01 1.048161e+02 4.760285e+01
         vertex 9.362184e+01 1.049446e+02 4.687342e+01
      endloop
   endfacet
   facet normal -1.792581e-01 -6.921437e-01 -6.991450e-01
      outer loop
         vertex 9.303985e+01 1.042790e+02 4.768160e+01
         vertex 9.362184e+01 1.049446e+02 4.687342e+01
         vertex 9.406032e+01 1.045250e+02 4.717641e+01
      endloop
   endfacet
   facet normal -2.256203e-01 -7.141935e-01 -6.625882e-01
      outer loop
         vertex 9.406032e+01 1.045250e+02 4.717641e+01
         vertex 9.362184e+01 1.049446e+02 4.687342e+01
         vertex 9.454817e+01 1.046423e+02 4.688391e+01
      endloop
   endfacet
   facet normal -6.523703e-02 -9.067186e-01 -4.166599e-01
      outer loop
         vertex 9.520929e+01 1.048057e+02 4.644310e+01
         vertex 9.465084e+01 1.050770e+02 4.594002e+01
         vertex 9.553490e+01 1.048889e+02 4.621102e+01
      endloop
   endfacet
   facet normal -1.059412e-01 -9.447305e-01 -3.102592e-01
      outer loop
         vertex 9.553490e+01 1.048889e+02 4.621102e+01
         vertex 9.465084e+01 1.050770e+02 4.594002e+01
         vertex 9.554332e+01 1.049770e+02 4.594002e+01
      endloop
   endfacet
   facet normal 2.385914e-02 -9.510012e-01 -3.082653e-01
      outer loop
         vertex 9.553490e+01 1.048889e+02 4.621102e+01
         vertex 9.554332e+01 1.049770e+02 4.594002e+01
         vertex 9.591830e+01 1.049901e+02 4.592844e+01
      endloop
   endfacet
   facet normal 8.331397e-02 -9.942219e-01 -6.768750e-02
      outer loop
         vertex 9.641909e+01 1.051565e+02 4.514840e+01
         vertex 9.641759e+01 1.051293e+02 4.554629e+01
         vertex 9.554481e+01 1.050833e+02 4.514840e+01
      endloop
   endfacet
   facet normal 1.336392e-01 -9.744790e-01 -1.803641e-01
      outer loop
         vertex 9.641759e+01 1.051293e+02 4.554629e+01
         vertex 9.591830e+01 1.049901e+02 4.592844e+01
         vertex 9.554481e+01 1.050833e+02 4.514840e+01
      endloop
   endfacet
   facet normal 3.066445e-02 -9.906431e-01 -1.329884e-01
      outer loop
         vertex 9.554481e+01 1.050833e+02 4.514840e+01
         vertex 9.591830e+01 1.049901e+02 4.592844e+01
         vertex 9.554332e+01 1.049770e+02 4.594002e+01
      endloop
   endfacet
   facet normal -1.104595e-01 -9.850091e-01 -1.324979e-01
      outer loop
         vertex 9.554481e+01 1.050833e+02 4.514840e+01
         vertex 9.554332e+01 1.049770e+02 4.594002e+01
         vertex 9.467293e+01 1.051811e+02 4.514840e+01
      endloop
   endfacet
   facet normal -1.104580e-01 -9.850091e-01 -1.324996e-01
      outer loop
         vertex 9.467293e+01 1.051811e+02 4.514840e+01
         vertex 9.554332e+01 1.049770e+02 4.594002e+01
         vertex 9.465084e+01 1.050770e+02 4.594002e+01
      endloop
   endfacet
   facet normal -2.724220e-01 -9.529679e-01 -1.328099e-01
      outer loop
         vertex 9.467293e+01 1.051811e+02 4.514840e+01
         vertex 9.465084e+01 1.050770e+02 4.594002e+01
         vertex 9.407520e+01 1.053519e+02 4.514840e+01
      endloop
   endfacet
   facet normal -3.002982e-01 -9.474104e-01 -1.106096e-01
      outer loop
         vertex 9.407520e+01 1.053519e+02 4.514840e+01
         vertex 9.465084e+01 1.050770e+02 4.594002e+01
         vertex 9.379474e+01 1.053484e+02 4.594002e+01
      endloop
   endfacet
   facet normal -3.640105e-01 -9.218401e-01 -1.330684e-01
      outer loop
         vertex 9.407520e+01 1.053519e+02 4.514840e+01
         vertex 9.379474e+01 1.053484e+02 4.594002e+01
         vertex 9.383659e+01 1.054461e+02 4.514840e+01
      endloop
   endfacet
   facet normal -6.121411e-01 -7.303424e-01 -3.031226e-01
      outer loop
         vertex 9.151939e+01 1.070239e+02 4.649747e+01
         vertex 9.176012e+01 1.070976e+02 4.583377e+01
         vertex 9.175591e+01 1.070570e+02 4.594002e+01
      endloop
   endfacet
   facet normal -9.686493e-01 -2.168751e-01 -1.211767e-01
      outer loop
         vertex 9.175591e+01 1.070570e+02 4.594002e+01
         vertex 9.176012e+01 1.070976e+02 4.583377e+01
         vertex 9.184036e+01 1.071221e+02 4.514840e+01
      endloop
   endfacet
   facet normal -7.724104e-01 -6.209370e-01 -1.334894e-01
      outer loop
         vertex 9.175591e+01 1.070570e+02 4.594002e+01
         vertex 9.184036e+01 1.071221e+02 4.514840e+01
         vertex 9.239514e+01 1.064320e+02 4.514840e+01
      endloop
   endfacet
   facet normal -4.359389e-01 -7.937772e-01 -4.241168e-01
      outer loop
         vertex 9.275960e+01 1.054182e+02 4.687342e+01
         vertex 9.300756e+01 1.057807e+02 4.594002e+01
         vertex 9.362184e+01 1.049446e+02 4.687342e+01
      endloop
   endfacet
   facet normal -4.359390e-01 -7.937772e-01 -4.241168e-01
      outer loop
         vertex 9.362184e+01 1.049446e+02 4.687342e+01
         vertex 9.300756e+01 1.057807e+02 4.594002e+01
         vertex 9.379474e+01 1.053484e+02 4.594002e+01
      endloop
   endfacet
   facet normal -2.766513e-01 -8.622581e-01 -4.242345e-01
      outer loop
         vertex 9.362184e+01 1.049446e+02 4.687342e+01
         vertex 9.379474e+01 1.053484e+02 4.594002e+01
         vertex 9.454817e+01 1.046423e+02 4.688391e+01
      endloop
   endfacet
   facet normal -2.732486e-01 -8.620716e-01 -4.268112e-01
      outer loop
         vertex 9.454817e+01 1.046423e+02 4.688391e+01
         vertex 9.379474e+01 1.053484e+02 4.594002e+01
         vertex 9.465084e+01 1.050770e+02 4.594002e+01
      endloop
   endfacet
   facet normal -4.705535e-02 -9.053145e-01 -4.221274e-01
      outer loop
         vertex 9.454817e+01 1.046423e+02 4.688391e+01
         vertex 9.465084e+01 1.050770e+02 4.594002e+01
         vertex 9.458055e+01 1.046501e+02 4.686345e+01
      endloop
   endfacet
   facet normal -5.876381e-02 -9.044092e-01 -4.226001e-01
      outer loop
         vertex 9.458055e+01 1.046501e+02 4.686345e+01
         vertex 9.465084e+01 1.050770e+02 4.594002e+01
         vertex 9.520929e+01 1.048057e+02 4.644310e+01
      endloop
   endfacet
   facet normal -3.033604e-02 -3.340880e-02 -9.989813e-01
      outer loop
         vertex 9.089596e+01 1.037479e+02 4.814840e+01
         vertex 9.025326e+01 1.043314e+02 4.814840e+01
         vertex 9.124449e+01 1.038367e+02 4.813485e+01
      endloop
   endfacet
   facet normal -7.183266e-02 -1.167728e-01 -9.905575e-01
      outer loop
         vertex 9.124449e+01 1.038367e+02 4.813485e+01
         vertex 9.025326e+01 1.043314e+02 4.814840e+01
         vertex 9.081845e+01 1.048857e+02 4.804208e+01
      endloop
   endfacet
   facet normal -1.106669e-01 -1.320567e-01 -9.850451e-01
      outer loop
         vertex 9.124449e+01 1.038367e+02 4.813485e+01
         vertex 9.081845e+01 1.048857e+02 4.804208e+01
         vertex 9.182089e+01 1.040457e+02 4.804208e+01
      endloop
   endfacet
   facet normal -2.745501e-01 -3.276153e-01 -9.040412e-01
      outer loop
         vertex 9.182089e+01 1.040457e+02 4.804208e+01
         vertex 9.081845e+01 1.048857e+02 4.804208e+01
         vertex 9.148485e+01 1.055393e+02 4.760285e+01
      endloop
   endfacet
   facet normal -2.745501e-01 -3.276153e-01 -9.040412e-01
      outer loop
         vertex 9.182089e+01 1.040457e+02 4.804208e+01
         vertex 9.148485e+01 1.055393e+02 4.760285e+01
         vertex 9.234782e+01 1.048161e+02 4.760285e+01
      endloop
   endfacet
   facet normal -4.552608e-01 -5.432540e-01 -7.054167e-01
      outer loop
         vertex 9.234782e+01 1.048161e+02 4.760285e+01
         vertex 9.148485e+01 1.055393e+02 4.760285e+01
         vertex 9.200564e+01 1.060500e+02 4.687342e+01
      endloop
   endfacet
   facet normal -4.552605e-01 -5.432540e-01 -7.054169e-01
      outer loop
         vertex 9.234782e+01 1.048161e+02 4.760285e+01
         vertex 9.200564e+01 1.060500e+02 4.687342e+01
         vertex 9.275960e+01 1.054182e+02 4.687342e+01
      endloop
   endfacet
   facet normal -5.816754e-01 -6.941026e-01 -4.241171e-01
      outer loop
         vertex 9.275960e+01 1.054182e+02 4.687342e+01
         vertex 9.200564e+01 1.060500e+02 4.687342e+01
         vertex 9.231923e+01 1.063576e+02 4.594002e+01
      endloop
   endfacet
   facet normal -5.816757e-01 -6.941025e-01 -4.241168e-01
      outer loop
         vertex 9.275960e+01 1.054182e+02 4.687342e+01
         vertex 9.231923e+01 1.063576e+02 4.594002e+01
         vertex 9.300756e+01 1.057807e+02 4.594002e+01
      endloop
   endfacet
   facet normal -4.771330e-01 -8.687855e-01 -1.324986e-01
      outer loop
         vertex 9.383659e+01 1.054461e+02 4.514840e+01
         vertex 9.379474e+01 1.053484e+02 4.594002e+01
         vertex 9.306758e+01 1.058685e+02 4.514840e+01
      endloop
   endfacet
   facet normal -4.771332e-01 -8.687854e-01 -1.324984e-01
      outer loop
         vertex 9.306758e+01 1.058685e+02 4.514840e+01
         vertex 9.379474e+01 1.053484e+02 4.594002e+01
         vertex 9.300756e+01 1.057807e+02 4.594002e+01
      endloop
   endfacet
   facet normal -6.366410e-01 -7.596923e-01 -1.324986e-01
      outer loop
         vertex 9.306758e+01 1.058685e+02 4.514840e+01
         vertex 9.300756e+01 1.057807e+02 4.594002e+01
         vertex 9.239514e+01 1.064320e+02 4.514840e+01
      endloop
   endfacet
   facet normal -6.366414e-01 -7.596920e-01 -1.324981e-01
      outer loop
         vertex 9.239514e+01 1.064320e+02 4.514840e+01
         vertex 9.300756e+01 1.057807e+02 4.594002e+01
         vertex 9.231923e+01 1.063576e+02 4.594002e+01
      endloop
   endfacet
   facet normal -7.719499e-01 -6.217214e-01 -1.324983e-01
      outer loop
         vertex 9.239514e+01 1.064320e+02 4.514840e+01
         vertex 9.231923e+01 1.063576e+02 4.594002e+01
         vertex 9.175591e+01 1.070570e+02 4.594002e+01
      endloop
   endfacet
   facet normal -7.053020e-01 -5.680438e-01 -4.241170e-01
      outer loop
         vertex 9.175591e+01 1.070570e+02 4.594002e+01
         vertex 9.231923e+01 1.063576e+02 4.594002e+01
         vertex 9.200564e+01 1.060500e+02 4.687342e+01
      endloop
   endfacet
   facet normal -7.053022e-01 -5.680437e-01 -4.241168e-01
      outer loop
         vertex 9.175591e+01 1.070570e+02 4.594002e+01
         vertex 9.200564e+01 1.060500e+02 4.687342e+01
         vertex 9.138861e+01 1.068161e+02 4.687342e+01
      endloop
   endfacet
   facet normal -5.520197e-01 -4.445914e-01 -7.054167e-01
      outer loop
         vertex 9.138861e+01 1.068161e+02 4.687342e+01
         vertex 9.200564e+01 1.060500e+02 4.687342e+01
         vertex 9.148485e+01 1.055393e+02 4.760285e+01
      endloop
   endfacet
   facet normal -5.520195e-01 -4.445915e-01 -7.054168e-01
      outer loop
         vertex 9.138861e+01 1.068161e+02 4.687342e+01
         vertex 9.148485e+01 1.055393e+02 4.760285e+01
         vertex 9.077862e+01 1.064162e+02 4.760285e+01
      endloop
   endfacet
   facet normal -3.329016e-01 -2.681159e-01 -9.040411e-01
      outer loop
         vertex 9.077862e+01 1.064162e+02 4.760285e+01
         vertex 9.148485e+01 1.055393e+02 4.760285e+01
         vertex 9.081845e+01 1.048857e+02 4.804208e+01
      endloop
   endfacet
   facet normal -3.329015e-01 -2.681159e-01 -9.040412e-01
      outer loop
         vertex 9.077862e+01 1.064162e+02 4.760285e+01
         vertex 9.081845e+01 1.048857e+02 4.804208e+01
         vertex 8.999806e+01 1.059043e+02 4.804208e+01
      endloop
   endfacet
   facet normal -1.041643e-01 -8.389301e-02 -9.910155e-01
      outer loop
         vertex 8.999806e+01 1.059043e+02 4.804208e+01
         vertex 9.081845e+01 1.048857e+02 4.804208e+01
         vertex 9.025326e+01 1.043314e+02 4.814840e+01
      endloop
   endfacet
   facet normal -1.041644e-01 -8.389302e-02 -9.910155e-01
      outer loop
         vertex 8.999806e+01 1.059043e+02 4.804208e+01
         vertex 9.025326e+01 1.043314e+02 4.814840e+01
         vertex 8.933607e+01 1.054703e+02 4.814840e+01
      endloop
   endfacet
   facet normal -1.617887e-01 -1.930594e-01 9.677564e-01
      outer loop
         vertex 9.177602e+01 1.039694e+02 5.323201e+01
         vertex 9.182089e+01 1.040457e+02 5.325473e+01
         vertex 9.081845e+01 1.048857e+02 5.325473e+01
      endloop
   endfacet
   facet normal -2.633310e-01 -4.373122e-01 8.598923e-01
      outer loop
         vertex 9.234782e+01 1.048161e+02 5.369396e+01
         vertex 9.266533e+01 1.041877e+02 5.347163e+01
         vertex 9.360013e+01 1.044146e+02 5.387328e+01
      endloop
   endfacet
   facet normal 2.788190e-02 -9.515842e-01 3.061212e-01
      outer loop
         vertex 9.640684e+01 1.051262e+02 5.574216e+01
         vertex 9.554332e+01 1.049770e+02 5.535679e+01
         vertex 9.480564e+01 1.047051e+02 5.457902e+01
      endloop
   endfacet
   facet normal -1.104595e-01 -9.850089e-01 1.324997e-01
      outer loop
         vertex 9.554481e+01 1.050833e+02 5.614840e+01
         vertex 9.467293e+01 1.051811e+02 5.614840e+01
         vertex 9.465084e+01 1.050770e+02 5.535679e+01
      endloop
   endfacet
   facet normal -7.718466e-01 -6.216382e-01 1.334870e-01
      outer loop
         vertex 9.184036e+01 1.071221e+02 5.614840e+01
         vertex 9.175591e+01 1.070570e+02 5.535679e+01
         vertex 9.231923e+01 1.063576e+02 5.535679e+01
      endloop
   endfacet
   facet normal -9.873539e-01 1.270060e-01 9.487709e-02
      outer loop
         vertex 9.175591e+01 1.070570e+02 5.535679e+01
         vertex 9.184036e+01 1.071221e+02 5.614840e+01
         vertex 9.178157e+01 1.071041e+02 5.556071e+01
      endloop
   endfacet
   facet normal -2.975237e-01 -1.935123e-01 9.348971e-01
      outer loop
         vertex 9.023768e+01 1.066315e+02 5.348150e+01
         vertex 8.958445e+01 1.064315e+02 5.323222e+01
         vertex 8.999806e+01 1.059043e+02 5.325473e+01
      endloop
   endfacet
   facet normal -5.477607e-01 -7.923212e-02 8.328749e-01
      outer loop
         vertex 9.023768e+01 1.066315e+02 5.348150e+01
         vertex 8.999806e+01 1.059043e+02 5.325473e+01
         vertex 9.081301e+01 1.068076e+02 5.387664e+01
      endloop
   endfacet
   facet normal -2.994882e-01 -9.448549e-01 1.324994e-01
      outer loop
         vertex 9.465084e+01 1.050770e+02 5.535679e+01
         vertex 9.467293e+01 1.051811e+02 5.614840e+01
         vertex 9.379474e+01 1.053484e+02 5.535679e+01
      endloop
   endfacet
   facet normal -2.734475e-01 -9.565551e-01 1.011373e-01
      outer loop
         vertex 9.467293e+01 1.051811e+02 5.614840e+01
         vertex 9.407520e+01 1.053519e+02 5.614840e+01
         vertex 9.379474e+01 1.053484e+02 5.535679e+01
      endloop
   endfacet
   facet normal -3.640105e-01 -9.218401e-01 1.330684e-01
      outer loop
         vertex 9.379474e+01 1.053484e+02 5.535679e+01
         vertex 9.407520e+01 1.053519e+02 5.614840e+01
         vertex 9.383659e+01 1.054461e+02 5.614840e+01
      endloop
   endfacet
   facet normal -4.771332e-01 -8.687854e-01 1.324986e-01
      outer loop
         vertex 9.379474e+01 1.053484e+02 5.535679e+01
         vertex 9.383659e+01 1.054461e+02 5.614840e+01
         vertex 9.300756e+01 1.057807e+02 5.535679e+01
      endloop
   endfacet
   facet normal -4.771330e-01 -8.687855e-01 1.324984e-01
      outer loop
         vertex 9.300756e+01 1.057807e+02 5.535679e+01
         vertex 9.383659e+01 1.054461e+02 5.614840e+01
         vertex 9.306758e+01 1.058685e+02 5.614840e+01
      endloop
   endfacet
   facet normal -6.366414e-01 -7.596919e-01 1.324986e-01
      outer loop
         vertex 9.300756e+01 1.057807e+02 5.535679e+01
         vertex 9.306758e+01 1.058685e+02 5.614840e+01
         vertex 9.231923e+01 1.063576e+02 5.535679e+01
      endloop
   endfacet
   facet normal -6.366411e-01 -7.596923e-01 1.324980e-01
      outer loop
         vertex 9.231923e+01 1.063576e+02 5.535679e+01
         vertex 9.306758e+01 1.058685e+02 5.614840e+01
         vertex 9.239514e+01 1.064320e+02 5.614840e+01
      endloop
   endfacet
   facet normal -7.725153e-01 -6.210213e-01 1.324866e-01
      outer loop
         vertex 9.231923e+01 1.063576e+02 5.535679e+01
         vertex 9.239514e+01 1.064320e+02 5.614840e+01
         vertex 9.184036e+01 1.071221e+02 5.614840e+01
      endloop
   endfacet
   facet normal 2.363854e-01 -9.694701e-01 6.519006e-02
      outer loop
         vertex 9.692528e+01 1.052800e+02 5.614840e+01
         vertex 9.641909e+01 1.051565e+02 5.614840e+01
         vertex 9.640684e+01 1.051262e+02 5.574216e+01
      endloop
   endfacet
   facet normal 8.329097e-02 -9.939474e-01 7.163175e-02
      outer loop
         vertex 9.640684e+01 1.051262e+02 5.574216e+01
         vertex 9.641909e+01 1.051565e+02 5.614840e+01
         vertex 9.554481e+01 1.050833e+02 5.614840e+01
      endloop
   endfacet
   facet normal 1.113275e-01 -9.849683e-01 1.320741e-01
      outer loop
         vertex 9.640684e+01 1.051262e+02 5.574216e+01
         vertex 9.554481e+01 1.050833e+02 5.614840e+01
         vertex 9.554332e+01 1.049770e+02 5.535679e+01
      endloop
   endfacet
   facet normal -1.104580e-01 -9.850093e-01 1.324979e-01
      outer loop
         vertex 9.554332e+01 1.049770e+02 5.535679e+01
         vertex 9.554481e+01 1.050833e+02 5.614840e+01
         vertex 9.465084e+01 1.050770e+02 5.535679e+01
      endloop
   endfacet
   facet normal -1.015105e-01 -9.052204e-01 4.126399e-01
      outer loop
         vertex 9.554332e+01 1.049770e+02 5.535679e+01
         vertex 9.465084e+01 1.050770e+02 5.535679e+01
         vertex 9.480564e+01 1.047051e+02 5.457902e+01
      endloop
   endfacet
   facet normal -5.205424e-02 -9.049377e-01 4.223484e-01
      outer loop
         vertex 9.480564e+01 1.047051e+02 5.457902e+01
         vertex 9.465084e+01 1.050770e+02 5.535679e+01
         vertex 9.457693e+01 1.046493e+02 5.443107e+01
      endloop
   endfacet
   facet normal -6.977010e-02 -9.752324e-02 9.927846e-01
      outer loop
         vertex 9.177602e+01 1.039694e+02 5.323201e+01
         vertex 9.081845e+01 1.048857e+02 5.325473e+01
         vertex 9.089596e+01 1.037479e+02 5.314840e+01
      endloop
   endfacet
   facet normal -1.089206e-01 -4.304302e-02 9.931181e-01
      outer loop
         vertex 8.958445e+01 1.064315e+02 5.323222e+01
         vertex 8.890274e+01 1.062228e+02 5.314840e+01
         vertex 8.999806e+01 1.059043e+02 5.325473e+01
      endloop
   endfacet
   facet normal -1.155527e-01 -6.653873e-02 9.910702e-01
      outer loop
         vertex 8.999806e+01 1.059043e+02 5.325473e+01
         vertex 8.890274e+01 1.062228e+02 5.314840e+01
         vertex 8.933607e+01 1.054703e+02 5.314840e+01
      endloop
   endfacet
   facet normal -1.041644e-01 -8.389306e-02 9.910155e-01
      outer loop
         vertex 8.999806e+01 1.059043e+02 5.325473e+01
         vertex 8.933607e+01 1.054703e+02 5.314840e+01
         vertex 9.081845e+01 1.048857e+02 5.325473e+01
      endloop
   endfacet
   facet normal -1.041643e-01 -8.389297e-02 9.910155e-01
      outer loop
         vertex 9.081845e+01 1.048857e+02 5.325473e+01
         vertex 8.933607e+01 1.054703e+02 5.314840e+01
         vertex 9.025326e+01 1.043314e+02 5.314840e+01
      endloop
   endfacet
   facet normal -8.963709e-02 -9.871650e-02 9.910703e-01
      outer loop
         vertex 9.081845e+01 1.048857e+02 5.325473e+01
         vertex 9.025326e+01 1.043314e+02 5.314840e+01
         vertex 9.089596e+01 1.037479e+02 5.314840e+01
      endloop
   endfacet
   facet normal -5.802168e-01 -7.744850e-01 2.520347e-01
      outer loop
         vertex 9.178157e+01 1.071041e+02 5.556071e+01
         vertex 9.160520e+01 1.070501e+02 5.498878e+01
         vertex 9.175591e+01 1.070570e+02 5.535679e+01
      endloop
   endfacet
   facet normal -9.232390e-01 -6.173353e-02 3.792345e-01
      outer loop
         vertex 9.175591e+01 1.070570e+02 5.535679e+01
         vertex 9.160520e+01 1.070501e+02 5.498878e+01
         vertex 9.138861e+01 1.068161e+02 5.442339e+01
      endloop
   endfacet
   facet normal -7.053021e-01 -5.680439e-01 4.241168e-01
      outer loop
         vertex 9.175591e+01 1.070570e+02 5.535679e+01
         vertex 9.138861e+01 1.068161e+02 5.442339e+01
         vertex 9.231923e+01 1.063576e+02 5.535679e+01
      endloop
   endfacet
   facet normal -7.053022e-01 -5.680437e-01 4.241170e-01
      outer loop
         vertex 9.231923e+01 1.063576e+02 5.535679e+01
         vertex 9.138861e+01 1.068161e+02 5.442339e+01
         vertex 9.200564e+01 1.060500e+02 5.442339e+01
      endloop
   endfacet
   facet normal -5.816756e-01 -6.941024e-01 4.241171e-01
      outer loop
         vertex 9.231923e+01 1.063576e+02 5.535679e+01
         vertex 9.200564e+01 1.060500e+02 5.442339e+01
         vertex 9.300756e+01 1.057807e+02 5.535679e+01
      endloop
   endfacet
   facet normal -5.816755e-01 -6.941027e-01 4.241168e-01
      outer loop
         vertex 9.300756e+01 1.057807e+02 5.535679e+01
         vertex 9.200564e+01 1.060500e+02 5.442339e+01
         vertex 9.275960e+01 1.054182e+02 5.442339e+01
      endloop
   endfacet
   facet normal -4.359390e-01 -7.937772e-01 4.241168e-01
      outer loop
         vertex 9.300756e+01 1.057807e+02 5.535679e+01
         vertex 9.275960e+01 1.054182e+02 5.442339e+01
         vertex 9.379474e+01 1.053484e+02 5.535679e+01
      endloop
   endfacet
   facet normal -4.359389e-01 -7.937772e-01 4.241168e-01
      outer loop
         vertex 9.379474e+01 1.053484e+02 5.535679e+01
         vertex 9.275960e+01 1.054182e+02 5.442339e+01
         vertex 9.362184e+01 1.049446e+02 5.442339e+01
      endloop
   endfacet
   facet normal -2.736313e-01 -8.632791e-01 4.241168e-01
      outer loop
         vertex 9.379474e+01 1.053484e+02 5.535679e+01
         vertex 9.362184e+01 1.049446e+02 5.442339e+01
         vertex 9.465084e+01 1.050770e+02 5.535679e+01
      endloop
   endfacet
   facet normal -2.758635e-01 -8.614804e-01 4.263225e-01
      outer loop
         vertex 9.465084e+01 1.050770e+02 5.535679e+01
         vertex 9.362184e+01 1.049446e+02 5.442339e+01
         vertex 9.455035e+01 1.046428e+02 5.441428e+01
      endloop
   endfacet
   facet normal -4.700985e-02 -9.053193e-01 4.221220e-01
      outer loop
         vertex 9.465084e+01 1.050770e+02 5.535679e+01
         vertex 9.455035e+01 1.046428e+02 5.441428e+01
         vertex 9.457693e+01 1.046493e+02 5.443107e+01
      endloop
   endfacet
   facet normal -5.520196e-01 -4.445913e-01 7.054168e-01
      outer loop
         vertex 9.138861e+01 1.068161e+02 5.442339e+01
         vertex 9.077862e+01 1.064162e+02 5.369396e+01
         vertex 9.200564e+01 1.060500e+02 5.442339e+01
      endloop
   endfacet
   facet normal -5.520196e-01 -4.445915e-01 7.054167e-01
      outer loop
         vertex 9.200564e+01 1.060500e+02 5.442339e+01
         vertex 9.077862e+01 1.064162e+02 5.369396e+01
         vertex 9.148485e+01 1.055393e+02 5.369396e+01
      endloop
   endfacet
   facet normal -4.552606e-01 -5.432542e-01 7.054167e-01
      outer loop
         vertex 9.200564e+01 1.060500e+02 5.442339e+01
         vertex 9.148485e+01 1.055393e+02 5.369396e+01
         vertex 9.275960e+01 1.054182e+02 5.442339e+01
      endloop
   endfacet
   facet normal -4.552607e-01 -5.432538e-01 7.054169e-01
      outer loop
         vertex 9.275960e+01 1.054182e+02 5.442339e+01
         vertex 9.148485e+01 1.055393e+02 5.369396e+01
         vertex 9.234782e+01 1.048161e+02 5.369396e+01
      endloop
   endfacet
   facet normal -3.411967e-01 -6.212662e-01 7.054170e-01
      outer loop
         vertex 9.275960e+01 1.054182e+02 5.442339e+01
         vertex 9.234782e+01 1.048161e+02 5.369396e+01
         vertex 9.362184e+01 1.049446e+02 5.442339e+01
      endloop
   endfacet
   facet normal -3.125982e-01 -6.778456e-01 6.654380e-01
      outer loop
         vertex 9.362184e+01 1.049446e+02 5.442339e+01
         vertex 9.234782e+01 1.048161e+02 5.369396e+01
         vertex 9.360013e+01 1.044146e+02 5.387328e+01
      endloop
   endfacet
   facet normal -2.202458e-01 -6.980879e-01 6.812965e-01
      outer loop
         vertex 9.362184e+01 1.049446e+02 5.442339e+01
         vertex 9.360013e+01 1.044146e+02 5.387328e+01
         vertex 9.455035e+01 1.046428e+02 5.441428e+01
      endloop
   endfacet
   facet normal -7.273719e-01 -4.893075e-01 4.811531e-01
      outer loop
         vertex 9.160520e+01 1.070501e+02 5.498878e+01
         vertex 9.128287e+01 1.069515e+02 5.440115e+01
         vertex 9.138861e+01 1.068161e+02 5.442339e+01
      endloop
   endfacet
   facet normal -6.328893e-01 -3.840664e-01 6.722679e-01
      outer loop
         vertex 9.138861e+01 1.068161e+02 5.442339e+01
         vertex 9.128287e+01 1.069515e+02 5.440115e+01
         vertex 9.081301e+01 1.068076e+02 5.387664e+01
      endloop
   endfacet
   facet normal -6.612778e-01 -2.687326e-01 7.003531e-01
      outer loop
         vertex 9.138861e+01 1.068161e+02 5.442339e+01
         vertex 9.081301e+01 1.068076e+02 5.387664e+01
         vertex 9.077862e+01 1.064162e+02 5.369396e+01
      endloop
   endfacet
   facet normal -2.416870e-01 -3.928389e-01 8.872795e-01
      outer loop
         vertex 9.077862e+01 1.064162e+02 5.369396e+01
         vertex 9.081301e+01 1.068076e+02 5.387664e+01
         vertex 8.999806e+01 1.059043e+02 5.325473e+01
      endloop
   endfacet
   facet normal -3.329016e-01 -2.681159e-01 9.040412e-01
      outer loop
         vertex 9.077862e+01 1.064162e+02 5.369396e+01
         vertex 8.999806e+01 1.059043e+02 5.325473e+01
         vertex 9.148485e+01 1.055393e+02 5.369396e+01
      endloop
   endfacet
   facet normal -3.329016e-01 -2.681160e-01 9.040411e-01
      outer loop
         vertex 9.148485e+01 1.055393e+02 5.369396e+01
         vertex 8.999806e+01 1.059043e+02 5.325473e+01
         vertex 9.081845e+01 1.048857e+02 5.325473e+01
      endloop
   endfacet
   facet normal -2.745501e-01 -3.276153e-01 9.040412e-01
      outer loop
         vertex 9.148485e+01 1.055393e+02 5.369396e+01
         vertex 9.081845e+01 1.048857e+02 5.325473e+01
         vertex 9.234782e+01 1.048161e+02 5.369396e+01
      endloop
   endfacet
   facet normal -2.745501e-01 -3.276153e-01 9.040412e-01
      outer loop
         vertex 9.234782e+01 1.048161e+02 5.369396e+01
         vertex 9.081845e+01 1.048857e+02 5.325473e+01
         vertex 9.182089e+01 1.040457e+02 5.325473e+01
      endloop
   endfacet
   facet normal -1.638607e-01 -4.016055e-01 9.010342e-01
      outer loop
         vertex 9.234782e+01 1.048161e+02 5.369396e+01
         vertex 9.182089e+01 1.040457e+02 5.325473e+01
         vertex 9.266533e+01 1.041877e+02 5.347163e+01
      endloop
   endfacet
   facet normal -2.208764e-01 -1.567772e-01 9.626186e-01
      outer loop
         vertex 9.266533e+01 1.041877e+02 5.347163e+01
         vertex 9.182089e+01 1.040457e+02 5.325473e+01
         vertex 9.177602e+01 1.039694e+02 5.323201e+01
      endloop
   endfacet
   facet normal -5.891246e-01 -1.803589e-01 7.876566e-01
      outer loop
         vertex 8.822894e+01 1.060165e+02 5.424869e+01
         vertex 8.735074e+01 1.088851e+02 5.424869e+01
         vertex 8.723720e+01 1.057129e+02 5.343740e+01
      endloop
   endfacet
   facet normal -5.891246e-01 -1.803589e-01 7.876566e-01
      outer loop
         vertex 8.723720e+01 1.057129e+02 5.343740e+01
         vertex 8.735074e+01 1.088851e+02 5.424869e+01
         vertex 8.635899e+01 1.085815e+02 5.343740e+01
      endloop
   endfacet
   facet normal -2.098517e-01 -6.424554e-02 9.756202e-01
      outer loop
         vertex 8.723720e+01 1.057129e+02 5.343740e+01
         vertex 8.635899e+01 1.085815e+02 5.343740e+01
         vertex 8.600879e+01 1.053368e+02 5.314840e+01
      endloop
   endfacet
   facet normal -2.098517e-01 -6.424554e-02 9.756202e-01
      outer loop
         vertex 8.600879e+01 1.053368e+02 5.314840e+01
         vertex 8.635899e+01 1.085815e+02 5.343740e+01
         vertex 8.513058e+01 1.082054e+02 5.314840e+01
      endloop
   endfacet
   facet normal -3.468533e-01 9.356354e-01 6.541640e-02
      outer loop
         vertex 9.363928e+01 1.142044e+02 5.575052e+01
         vertex 9.365576e+01 1.141827e+02 5.614840e+01
         vertex 9.414429e+01 1.143638e+02 5.614840e+01
      endloop
   endfacet
   facet normal -8.314819e-01 -3.918944e-01 3.937723e-01
      outer loop
         vertex 9.085571e+01 1.099974e+02 5.535679e+01
         vertex 9.041653e+01 1.099913e+02 5.442339e+01
         vertex 9.064118e+01 1.098924e+02 5.479934e+01
      endloop
   endfacet
   facet normal -8.442686e-01 9.028184e-02 5.282610e-01
      outer loop
         vertex 9.064118e+01 1.098924e+02 5.479934e+01
         vertex 9.041653e+01 1.099913e+02 5.442339e+01
         vertex 9.026450e+01 1.097771e+02 5.421703e+01
      endloop
   endfacet
   facet normal -6.945580e-01 -1.784569e-01 6.969522e-01
      outer loop
         vertex 9.026450e+01 1.097771e+02 5.421703e+01
         vertex 9.041653e+01 1.099913e+02 5.442339e+01
         vertex 8.968716e+01 1.099813e+02 5.369396e+01
      endloop
   endfacet
   facet normal -6.813219e-01 -5.695889e-02 7.297645e-01
      outer loop
         vertex 9.026450e+01 1.097771e+02 5.421703e+01
         vertex 8.968716e+01 1.099813e+02 5.369396e+01
         vertex 8.976242e+01 1.096234e+02 5.373628e+01
      endloop
   endfacet
   facet normal -5.009775e-01 -2.985877e-03 8.654551e-01
      outer loop
         vertex 8.976242e+01 1.096234e+02 5.373628e+01
         vertex 8.968716e+01 1.099813e+02 5.369396e+01
         vertex 8.915988e+01 1.094389e+02 5.338686e+01
      endloop
   endfacet
   facet normal -4.225884e-01 -9.925356e-02 9.008706e-01
      outer loop
         vertex 8.915988e+01 1.094389e+02 5.338686e+01
         vertex 8.968716e+01 1.099813e+02 5.369396e+01
         vertex 8.875386e+01 1.099684e+02 5.325473e+01
      endloop
   endfacet
   facet normal -3.039940e-01 4.614533e-03 9.526628e-01
      outer loop
         vertex 8.915988e+01 1.094389e+02 5.338686e+01
         vertex 8.875386e+01 1.099684e+02 5.325473e+01
         vertex 8.858968e+01 1.092644e+02 5.320575e+01
      endloop
   endfacet
   facet normal -1.325227e-01 -3.799986e-02 9.904513e-01
      outer loop
         vertex 8.858968e+01 1.092644e+02 5.320575e+01
         vertex 8.875386e+01 1.099684e+02 5.325473e+01
         vertex 8.796231e+01 1.099575e+02 5.314840e+01
      endloop
   endfacet
   facet normal -9.880603e-02 -7.098199e-03 9.950814e-01
      outer loop
         vertex 8.858968e+01 1.092644e+02 5.320575e+01
         vertex 8.796231e+01 1.099575e+02 5.314840e+01
         vertex 8.802453e+01 1.090914e+02 5.314840e+01
      endloop
   endfacet
   facet normal -6.305195e-01 3.237772e-01 7.054172e-01
      outer loop
         vertex 9.009166e+01 1.121856e+02 5.369396e+01
         vertex 9.076993e+01 1.119172e+02 5.442339e+01
         vertex 9.121929e+01 1.127923e+02 5.442339e+01
      endloop
   endfacet
   facet normal -1.229019e-01 -1.223302e-01 9.848505e-01
      outer loop
         vertex 8.862913e+01 1.123795e+02 5.316196e+01
         vertex 8.922373e+01 1.125290e+02 5.325473e+01
         vertex 8.946496e+01 1.126852e+02 5.330423e+01
      endloop
   endfacet
   facet normal -3.524112e-01 2.593819e-01 8.991815e-01
      outer loop
         vertex 8.946496e+01 1.126852e+02 5.330423e+01
         vertex 8.922373e+01 1.125290e+02 5.325473e+01
         vertex 9.009166e+01 1.121856e+02 5.369396e+01
      endloop
   endfacet
   facet normal -3.885258e-01 2.121302e-01 8.966875e-01
      outer loop
         vertex 8.946496e+01 1.126852e+02 5.330423e+01
         vertex 9.009166e+01 1.121856e+02 5.369396e+01
         vertex 9.036442e+01 1.130181e+02 5.361520e+01
      endloop
   endfacet
   facet normal -6.217831e-01 2.731681e-01 7.340061e-01
      outer loop
         vertex 9.036442e+01 1.130181e+02 5.361520e+01
         vertex 9.009166e+01 1.121856e+02 5.369396e+01
         vertex 9.121929e+01 1.127923e+02 5.442339e+01
      endloop
   endfacet
   facet normal -5.360128e-01 4.731676e-01 6.991442e-01
      outer loop
         vertex 9.036442e+01 1.130181e+02 5.361520e+01
         vertex 9.121929e+01 1.127923e+02 5.442339e+01
         vertex 9.134771e+01 1.133855e+02 5.412040e+01
      endloop
   endfacet
   facet normal -5.867739e-01 4.654836e-01 6.625869e-01
      outer loop
         vertex 9.134771e+01 1.133855e+02 5.412040e+01
         vertex 9.121929e+01 1.127923e+02 5.442339e+01
         vertex 9.181759e+01 1.135614e+02 5.441290e+01
      endloop
   endfacet
   facet normal -5.616607e-01 7.147960e-01 4.166579e-01
      outer loop
         vertex 9.245689e+01 1.137961e+02 5.485371e+01
         vertex 9.214606e+01 1.132587e+02 5.535679e+01
         vertex 9.277328e+01 1.139095e+02 5.508579e+01
      endloop
   endfacet
   facet normal -6.166679e-01 7.235057e-01 3.102583e-01
      outer loop
         vertex 9.277328e+01 1.139095e+02 5.508579e+01
         vertex 9.214606e+01 1.132587e+02 5.535679e+01
         vertex 9.282955e+01 1.138412e+02 5.535679e+01
      endloop
   endfacet
   facet normal -5.126168e-01 8.013722e-01 3.082638e-01
      outer loop
         vertex 9.277328e+01 1.139095e+02 5.508579e+01
         vertex 9.282955e+01 1.138412e+02 5.535679e+01
         vertex 9.314764e+01 1.140402e+02 5.536837e+01
      endloop
   endfacet
   facet normal -4.875559e-01 8.704640e-01 6.768747e-02
      outer loop
         vertex 9.365576e+01 1.141827e+02 5.614840e+01
         vertex 9.363928e+01 1.142044e+02 5.575052e+01
         vertex 9.289031e+01 1.137540e+02 5.614840e+01
      endloop
   endfacet
   facet normal -4.348038e-01 8.822782e-01 1.803631e-01
      outer loop
         vertex 9.363928e+01 1.142044e+02 5.575052e+01
         vertex 9.314764e+01 1.140402e+02 5.536837e+01
         vertex 9.289031e+01 1.137540e+02 5.614840e+01
      endloop
   endfacet
   facet normal -5.291697e-01 8.380290e-01 1.329923e-01
      outer loop
         vertex 9.289031e+01 1.137540e+02 5.614840e+01
         vertex 9.314764e+01 1.140402e+02 5.536837e+01
         vertex 9.282955e+01 1.138412e+02 5.535679e+01
      endloop
   endfacet
   facet normal -6.429571e-01 7.543537e-01 1.325018e-01
      outer loop
         vertex 9.289031e+01 1.137540e+02 5.614840e+01
         vertex 9.282955e+01 1.138412e+02 5.535679e+01
         vertex 9.222259e+01 1.131848e+02 5.614840e+01
      endloop
   endfacet
   facet normal -6.429594e-01 7.543522e-01 1.324989e-01
      outer loop
         vertex 9.222259e+01 1.131848e+02 5.614840e+01
         vertex 9.282955e+01 1.138412e+02 5.535679e+01
         vertex 9.214606e+01 1.132587e+02 5.535679e+01
      endloop
   endfacet
   facet normal -7.592268e-01 6.371314e-01 1.328094e-01
      outer loop
         vertex 9.222259e+01 1.131848e+02 5.614840e+01
         vertex 9.214606e+01 1.132587e+02 5.535679e+01
         vertex 9.182296e+01 1.127086e+02 5.614840e+01
      endloop
   endfacet
   facet normal -7.792149e-01 6.169197e-01 1.106081e-01
      outer loop
         vertex 9.182296e+01 1.127086e+02 5.614840e+01
         vertex 9.214606e+01 1.132587e+02 5.535679e+01
         vertex 9.158859e+01 1.125545e+02 5.535679e+01
      endloop
   endfacet
   facet normal -8.817253e-01 4.527741e-01 1.324990e-01
      outer loop
         vertex 9.117835e+01 1.117556e+02 5.535679e+01
         vertex 9.127722e+01 1.117165e+02 5.614840e+01
         vertex 9.158859e+01 1.125545e+02 5.535679e+01
      endloop
   endfacet
   facet normal -8.817251e-01 4.527744e-01 1.324994e-01
      outer loop
         vertex 9.158859e+01 1.125545e+02 5.535679e+01
         vertex 9.127722e+01 1.117165e+02 5.614840e+01
         vertex 9.167800e+01 1.124970e+02 5.614840e+01
      endloop
   endfacet
   facet normal -8.176964e-01 5.600582e-01 1.330692e-01
      outer loop
         vertex 9.158859e+01 1.125545e+02 5.535679e+01
         vertex 9.167800e+01 1.124970e+02 5.614840e+01
         vertex 9.182296e+01 1.127086e+02 5.614840e+01
      endloop
   endfacet
   facet normal -9.160858e-01 2.624985e-01 3.031194e-01
      outer loop
         vertex 9.064118e+01 1.098924e+02 5.479934e+01
         vertex 9.088191e+01 1.099661e+02 5.546304e+01
         vertex 9.085571e+01 1.099974e+02 5.535679e+01
      endloop
   endfacet
   facet normal -9.240516e-01 -3.625534e-01 1.211764e-01
      outer loop
         vertex 9.085571e+01 1.099974e+02 5.535679e+01
         vertex 9.088191e+01 1.099661e+02 5.546304e+01
         vertex 9.096215e+01 1.099907e+02 5.614840e+01
      endloop
   endfacet
   facet normal -9.876437e-01 8.210175e-02 1.334887e-01
      outer loop
         vertex 9.085571e+01 1.099974e+02 5.535679e+01
         vertex 9.096215e+01 1.099907e+02 5.614840e+01
         vertex 9.103550e+01 1.108731e+02 5.614840e+01
      endloop
   endfacet
   facet normal -5.550023e-01 7.165068e-01 4.225997e-01
      outer loop
         vertex 9.245689e+01 1.137961e+02 5.485371e+01
         vertex 9.184881e+01 1.135731e+02 5.443336e+01
         vertex 9.214606e+01 1.132587e+02 5.535679e+01
      endloop
   endfacet
   facet normal -5.458556e-01 7.237736e-01 4.221296e-01
      outer loop
         vertex 9.214606e+01 1.132587e+02 5.535679e+01
         vertex 9.184881e+01 1.135731e+02 5.443336e+01
         vertex 9.181759e+01 1.135614e+02 5.441290e+01
      endloop
   endfacet
   facet normal -7.090271e-01 5.613507e-01 4.268090e-01
      outer loop
         vertex 9.214606e+01 1.132587e+02 5.535679e+01
         vertex 9.181759e+01 1.135614e+02 5.441290e+01
         vertex 9.158859e+01 1.125545e+02 5.535679e+01
      endloop
   endfacet
   facet normal -7.119473e-01 5.596026e-01 4.242357e-01
      outer loop
         vertex 9.158859e+01 1.125545e+02 5.535679e+01
         vertex 9.181759e+01 1.135614e+02 5.441290e+01
         vertex 9.121929e+01 1.127923e+02 5.442339e+01
      endloop
   endfacet
   facet normal -8.055994e-01 4.136828e-01 4.241180e-01
      outer loop
         vertex 9.158859e+01 1.125545e+02 5.535679e+01
         vertex 9.121929e+01 1.127923e+02 5.442339e+01
         vertex 9.117835e+01 1.117556e+02 5.535679e+01
      endloop
   endfacet
   facet normal -8.055998e-01 4.136825e-01 4.241177e-01
      outer loop
         vertex 9.117835e+01 1.117556e+02 5.535679e+01
         vertex 9.121929e+01 1.127923e+02 5.442339e+01
         vertex 9.076993e+01 1.119172e+02 5.442339e+01
      endloop
   endfacet
   facet normal -9.877012e-01 8.300798e-02 1.324993e-01
      outer loop
         vertex 9.103550e+01 1.108731e+02 5.614840e+01
         vertex 9.093092e+01 1.108923e+02 5.535679e+01
         vertex 9.085571e+01 1.099974e+02 5.535679e+01
      endloop
   endfacet
   facet normal -9.024261e-01 7.584133e-02 4.241170e-01
      outer loop
         vertex 9.085571e+01 1.099974e+02 5.535679e+01
         vertex 9.093092e+01 1.108923e+02 5.535679e+01
         vertex 9.049891e+01 1.109716e+02 5.442339e+01
      endloop
   endfacet
   facet normal -9.024258e-01 7.584204e-02 4.241176e-01
      outer loop
         vertex 9.085571e+01 1.099974e+02 5.535679e+01
         vertex 9.049891e+01 1.109716e+02 5.442339e+01
         vertex 9.041653e+01 1.099913e+02 5.442339e+01
      endloop
   endfacet
   facet normal -7.063028e-01 5.935939e-02 7.054168e-01
      outer loop
         vertex 9.041653e+01 1.099913e+02 5.442339e+01
         vertex 9.049891e+01 1.109716e+02 5.442339e+01
         vertex 8.978146e+01 1.111033e+02 5.369396e+01
      endloop
   endfacet
   facet normal -7.063035e-01 5.935860e-02 7.054162e-01
      outer loop
         vertex 9.041653e+01 1.099913e+02 5.442339e+01
         vertex 8.978146e+01 1.111033e+02 5.369396e+01
         vertex 8.968716e+01 1.099813e+02 5.369396e+01
      endloop
   endfacet
   facet normal -4.259443e-01 3.579687e-02 9.040410e-01
      outer loop
         vertex 8.968716e+01 1.099813e+02 5.369396e+01
         vertex 8.978146e+01 1.111033e+02 5.369396e+01
         vertex 8.886339e+01 1.112717e+02 5.325473e+01
      endloop
   endfacet
   facet normal -4.259432e-01 3.579770e-02 9.040414e-01
      outer loop
         vertex 8.968716e+01 1.099813e+02 5.369396e+01
         vertex 8.886339e+01 1.112717e+02 5.325473e+01
         vertex 8.875386e+01 1.099684e+02 5.325473e+01
      endloop
   endfacet
   facet normal -1.332772e-01 1.120106e-02 9.910155e-01
      outer loop
         vertex 8.875386e+01 1.099684e+02 5.325473e+01
         vertex 8.886339e+01 1.112717e+02 5.325473e+01
         vertex 8.808477e+01 1.114146e+02 5.314840e+01
      endloop
   endfacet
   facet normal -1.332772e-01 1.120106e-02 9.910155e-01
      outer loop
         vertex 8.875386e+01 1.099684e+02 5.325473e+01
         vertex 8.808477e+01 1.114146e+02 5.314840e+01
         vertex 8.796231e+01 1.099575e+02 5.314840e+01
      endloop
   endfacet
   facet normal -4.383955e-02 1.069992e-02 9.989813e-01
      outer loop
         vertex 8.829061e+01 1.122580e+02 5.314840e+01
         vertex 8.808477e+01 1.114146e+02 5.314840e+01
         vertex 8.862913e+01 1.123795e+02 5.316196e+01
      endloop
   endfacet
   facet normal -1.248937e-01 5.654578e-02 9.905575e-01
      outer loop
         vertex 8.862913e+01 1.123795e+02 5.316196e+01
         vertex 8.808477e+01 1.114146e+02 5.314840e+01
         vertex 8.886339e+01 1.112717e+02 5.325473e+01
      endloop
   endfacet
   facet normal -1.656292e-01 4.746965e-02 9.850450e-01
      outer loop
         vertex 8.862913e+01 1.123795e+02 5.316196e+01
         vertex 8.886339e+01 1.112717e+02 5.325473e+01
         vertex 8.922373e+01 1.125290e+02 5.325473e+01
      endloop
   endfacet
   facet normal -4.109029e-01 1.177656e-01 9.040410e-01
      outer loop
         vertex 8.922373e+01 1.125290e+02 5.325473e+01
         vertex 8.886339e+01 1.112717e+02 5.325473e+01
         vertex 8.978146e+01 1.111033e+02 5.369396e+01
      endloop
   endfacet
   facet normal -4.109023e-01 1.177659e-01 9.040412e-01
      outer loop
         vertex 8.922373e+01 1.125290e+02 5.325473e+01
         vertex 8.978146e+01 1.111033e+02 5.369396e+01
         vertex 9.009166e+01 1.121856e+02 5.369396e+01
      endloop
   endfacet
   facet normal -6.813610e-01 1.952802e-01 7.054168e-01
      outer loop
         vertex 9.009166e+01 1.121856e+02 5.369396e+01
         vertex 8.978146e+01 1.111033e+02 5.369396e+01
         vertex 9.049891e+01 1.109716e+02 5.442339e+01
      endloop
   endfacet
   facet normal -6.813605e-01 1.952806e-01 7.054172e-01
      outer loop
         vertex 9.009166e+01 1.121856e+02 5.369396e+01
         vertex 9.049891e+01 1.109716e+02 5.442339e+01
         vertex 9.076993e+01 1.119172e+02 5.442339e+01
      endloop
   endfacet
   facet normal -8.705583e-01 2.495054e-01 4.241170e-01
      outer loop
         vertex 9.076993e+01 1.119172e+02 5.442339e+01
         vertex 9.049891e+01 1.109716e+02 5.442339e+01
         vertex 9.093092e+01 1.108923e+02 5.535679e+01
      endloop
   endfacet
   facet normal -8.705578e-01 2.495061e-01 4.241176e-01
      outer loop
         vertex 9.076993e+01 1.119172e+02 5.442339e+01
         vertex 9.093092e+01 1.108923e+02 5.535679e+01
         vertex 9.117835e+01 1.117556e+02 5.535679e+01
      endloop
   endfacet
   facet normal -9.528218e-01 2.730833e-01 1.324994e-01
      outer loop
         vertex 9.117835e+01 1.117556e+02 5.535679e+01
         vertex 9.093092e+01 1.108923e+02 5.535679e+01
         vertex 9.103550e+01 1.108731e+02 5.614840e+01
      endloop
   endfacet
   facet normal -9.528219e-01 2.730830e-01 1.324990e-01
      outer loop
         vertex 9.117835e+01 1.117556e+02 5.535679e+01
         vertex 9.103550e+01 1.108731e+02 5.614840e+01
         vertex 9.127722e+01 1.117165e+02 5.614840e+01
      endloop
   endfacet
   facet normal -5.891246e-01 -1.803589e-01 -7.876566e-01
      outer loop
         vertex 9.081022e+01 1.068068e+02 4.374869e+01
         vertex 8.993201e+01 1.096753e+02 4.374869e+01
         vertex 9.092376e+01 1.099790e+02 4.293740e+01
      endloop
   endfacet
   facet normal -3.696692e-01 -1.131738e-01 -9.222453e-01
      outer loop
         vertex 9.116273e+01 1.100521e+02 4.283263e+01
         vertex 9.204094e+01 1.071835e+02 4.283263e+01
         vertex 9.092376e+01 1.099790e+02 4.293740e+01
      endloop
   endfacet
   facet normal -3.696640e-01 -1.131716e-01 -9.222477e-01
      outer loop
         vertex 9.092376e+01 1.099790e+02 4.293740e+01
         vertex 9.204094e+01 1.071835e+02 4.283263e+01
         vertex 9.180196e+01 1.071104e+02 4.293740e+01
      endloop
   endfacet
   facet normal -5.891246e-01 -1.803589e-01 -7.876566e-01
      outer loop
         vertex 9.092376e+01 1.099790e+02 4.293740e+01
         vertex 9.180196e+01 1.071104e+02 4.293740e+01
         vertex 9.081022e+01 1.068068e+02 4.374869e+01
      endloop
   endfacet
   facet normal -1.032414e-01 -3.160708e-02 -9.941540e-01
      outer loop
         vertex 9.350087e+01 1.059496e+02 4.264840e+01
         vertex 9.265059e+01 1.065217e+02 4.271852e+01
         vertex 9.168168e+01 1.118918e+02 4.264840e+01
      endloop
   endfacet
   facet normal -2.425093e-01 -5.639989e-02 -9.685083e-01
      outer loop
         vertex 9.168168e+01 1.118918e+02 4.264840e+01
         vertex 9.265059e+01 1.065217e+02 4.271852e+01
         vertex 9.204094e+01 1.071835e+02 4.283263e+01
      endloop
   endfacet
   facet normal -7.185459e-02 -4.447065e-02 -9.964232e-01
      outer loop
         vertex 9.168168e+01 1.118918e+02 4.264840e+01
         vertex 9.204094e+01 1.071835e+02 4.283263e+01
         vertex 9.129739e+01 1.109418e+02 4.271852e+01
      endloop
   endfacet
   facet normal -2.690196e-01 -8.236024e-02 -9.596068e-01
      outer loop
         vertex 9.129739e+01 1.109418e+02 4.271852e+01
         vertex 9.204094e+01 1.071835e+02 4.283263e+01
         vertex 9.116273e+01 1.100521e+02 4.283263e+01
      endloop
   endfacet
   facet normal -3.696709e-01 -1.131731e-01 9.222447e-01
      outer loop
         vertex 9.180196e+01 1.071104e+02 5.835941e+01
         vertex 9.204094e+01 1.071835e+02 5.846418e+01
         vertex 9.116273e+01 1.100521e+02 5.846418e+01
      endloop
   endfacet
   facet normal -1.032417e-01 -3.160715e-02 9.941540e-01
      outer loop
         vertex 9.168168e+01 1.118918e+02 5.864840e+01
         vertex 9.129739e+01 1.109418e+02 5.857829e+01
         vertex 9.350087e+01 1.059496e+02 5.864840e+01
      endloop
   endfacet
   facet normal -2.325192e-01 -8.902862e-02 9.685085e-01
      outer loop
         vertex 9.350087e+01 1.059496e+02 5.864840e+01
         vertex 9.129739e+01 1.109418e+02 5.857829e+01
         vertex 9.116273e+01 1.100521e+02 5.846418e+01
      endloop
   endfacet
   facet normal -8.443507e-02 -3.376963e-03 9.964233e-01
      outer loop
         vertex 9.350087e+01 1.059496e+02 5.864840e+01
         vertex 9.116273e+01 1.100521e+02 5.846418e+01
         vertex 9.265059e+01 1.065217e+02 5.857829e+01
      endloop
   endfacet
   facet normal -2.690203e-01 -8.235915e-02 9.596067e-01
      outer loop
         vertex 9.265059e+01 1.065217e+02 5.857829e+01
         vertex 9.116273e+01 1.100521e+02 5.846418e+01
         vertex 9.204094e+01 1.071835e+02 5.846418e+01
      endloop
   endfacet
   facet normal -3.696642e-01 -1.131717e-01 9.222475e-01
      outer loop
         vertex 9.116273e+01 1.100521e+02 5.846418e+01
         vertex 9.092376e+01 1.099790e+02 5.835941e+01
         vertex 9.180196e+01 1.071104e+02 5.835941e+01
      endloop
   endfacet
   facet normal -5.891246e-01 -1.803589e-01 7.876566e-01
      outer loop
         vertex 9.180196e+01 1.071104e+02 5.835941e+01
         vertex 9.092376e+01 1.099790e+02 5.835941e+01
         vertex 8.993201e+01 1.096753e+02 5.754812e+01
      endloop
   endfacet
   facet normal -5.891246e-01 -1.803589e-01 7.876566e-01
      outer loop
         vertex 9.180196e+01 1.071104e+02 5.835941e+01
         vertex 8.993201e+01 1.096753e+02 5.754812e+01
         vertex 9.081022e+01 1.068068e+02 5.754812e+01
      endloop
   endfacet
   facet normal -2.927360e-01 9.561933e-01 -2.908983e-06
      outer loop
         vertex 8.513058e+01 1.082054e+02 5.314840e+01
         vertex 8.635899e+01 1.085815e+02 5.343740e+01
         vertex 8.802453e+01 1.090914e+02 5.314840e+01
      endloop
   endfacet
   facet normal -2.927357e-01 9.561934e-01 -8.454777e-07
      outer loop
         vertex 8.802453e+01 1.090914e+02 5.314840e+01
         vertex 8.635899e+01 1.085815e+02 5.343740e+01
         vertex 8.735074e+01 1.088851e+02 5.424869e+01
      endloop
   endfacet
   facet normal -2.927348e-01 9.561937e-01 -2.940462e-07
      outer loop
         vertex 8.802453e+01 1.090914e+02 5.314840e+01
         vertex 8.735074e+01 1.088851e+02 5.424869e+01
         vertex 8.858968e+01 1.092644e+02 5.320575e+01
      endloop
   endfacet
   facet normal -2.927355e-01 9.561935e-01 -6.654645e-07
      outer loop
         vertex 9.096215e+01 1.099907e+02 5.614840e+01
         vertex 8.735074e+01 1.088851e+02 5.424869e+01
         vertex 9.096216e+01 1.099907e+02 5.817322e+01
      endloop
   endfacet
   facet normal -2.927372e-01 9.561929e-01 1.067148e-06
      outer loop
         vertex 9.096216e+01 1.099907e+02 5.817322e+01
         vertex 8.735074e+01 1.088851e+02 5.424869e+01
         vertex 8.993201e+01 1.096753e+02 5.754812e+01
      endloop
   endfacet
   facet normal -2.927402e-01 9.561920e-01 6.539110e-06
      outer loop
         vertex 9.096216e+01 1.099907e+02 5.817322e+01
         vertex 8.993201e+01 1.096753e+02 5.754812e+01
         vertex 9.106208e+01 1.100213e+02 5.831894e+01
      endloop
   endfacet
   facet normal -2.927355e-01 9.561935e-01 -1.028837e-06
      outer loop
         vertex 9.106208e+01 1.100213e+02 5.831894e+01
         vertex 8.993201e+01 1.096753e+02 5.754812e+01
         vertex 9.092376e+01 1.099790e+02 5.835941e+01
      endloop
   endfacet
   facet normal -2.927349e-01 9.561936e-01 1.273567e-06
      outer loop
         vertex 9.106208e+01 1.100213e+02 5.831894e+01
         vertex 9.092376e+01 1.099790e+02 5.835941e+01
         vertex 9.116273e+01 1.100521e+02 5.846418e+01
      endloop
   endfacet
   facet normal -2.927363e-01 9.561932e-01 1.134243e-06
      outer loop
         vertex 9.096215e+01 1.099907e+02 5.614840e+01
         vertex 9.088191e+01 1.099661e+02 5.546304e+01
         vertex 8.735074e+01 1.088851e+02 5.424869e+01
      endloop
   endfacet
   facet normal -2.927362e-01 9.561932e-01 7.893910e-07
      outer loop
         vertex 8.735074e+01 1.088851e+02 5.424869e+01
         vertex 9.088191e+01 1.099661e+02 5.546304e+01
         vertex 9.064118e+01 1.098924e+02 5.479934e+01
      endloop
   endfacet
   facet normal -2.927357e-01 9.561934e-01 -2.691738e-06
      outer loop
         vertex 8.735074e+01 1.088851e+02 5.424869e+01
         vertex 9.064118e+01 1.098924e+02 5.479934e+01
         vertex 9.026450e+01 1.097771e+02 5.421703e+01
      endloop
   endfacet
   facet normal -2.927357e-01 9.561934e-01 2.805177e-06
      outer loop
         vertex 9.026450e+01 1.097771e+02 5.421703e+01
         vertex 8.976242e+01 1.096234e+02 5.373628e+01
         vertex 8.735074e+01 1.088851e+02 5.424869e+01
      endloop
   endfacet
   facet normal -2.927366e-01 9.561931e-01 -2.018850e-06
      outer loop
         vertex 8.735074e+01 1.088851e+02 5.424869e+01
         vertex 8.976242e+01 1.096234e+02 5.373628e+01
         vertex 8.915988e+01 1.094389e+02 5.338686e+01
      endloop
   endfacet
   facet normal -2.927371e-01 9.561930e-01 -3.300178e-06
      outer loop
         vertex 8.735074e+01 1.088851e+02 5.424869e+01
         vertex 8.915988e+01 1.094389e+02 5.338686e+01
         vertex 8.858968e+01 1.092644e+02 5.320575e+01
      endloop
   endfacet
   facet normal 2.927361e-01 -9.561933e-01 2.566997e-06
      outer loop
         vertex 8.723720e+01 1.057129e+02 5.343740e+01
         vertex 8.600879e+01 1.053368e+02 5.314840e+01
         vertex 8.890274e+01 1.062228e+02 5.314840e+01
      endloop
   endfacet
   facet normal 2.927369e-01 -9.561930e-01 -2.842844e-06
      outer loop
         vertex 9.160520e+01 1.070501e+02 5.498878e+01
         vertex 9.178157e+01 1.071041e+02 5.556071e+01
         vertex 8.822894e+01 1.060165e+02 5.424869e+01
      endloop
   endfacet
   facet normal 2.927363e-01 -9.561932e-01 -8.485127e-07
      outer loop
         vertex 8.822894e+01 1.060165e+02 5.424869e+01
         vertex 9.178157e+01 1.071041e+02 5.556071e+01
         vertex 9.184036e+01 1.071221e+02 5.614840e+01
      endloop
   endfacet
   facet normal 2.927358e-01 -9.561934e-01 1.386022e-07
      outer loop
         vertex 8.822894e+01 1.060165e+02 5.424869e+01
         vertex 9.184036e+01 1.071221e+02 5.614840e+01
         vertex 9.081022e+01 1.068068e+02 5.754812e+01
      endloop
   endfacet
   facet normal 2.927359e-01 -9.561933e-01 2.630006e-07
      outer loop
         vertex 9.081022e+01 1.068068e+02 5.754812e+01
         vertex 9.184036e+01 1.071221e+02 5.614840e+01
         vertex 9.184037e+01 1.071221e+02 5.817322e+01
      endloop
   endfacet
   facet normal 2.927355e-01 -9.561934e-01 1.006026e-06
      outer loop
         vertex 9.081022e+01 1.068068e+02 5.754812e+01
         vertex 9.184037e+01 1.071221e+02 5.817322e+01
         vertex 9.180196e+01 1.071104e+02 5.835941e+01
      endloop
   endfacet
   facet normal 2.927363e-01 -9.561932e-01 1.185216e-06
      outer loop
         vertex 9.180196e+01 1.071104e+02 5.835941e+01
         vertex 9.184037e+01 1.071221e+02 5.817322e+01
         vertex 9.194029e+01 1.071527e+02 5.831894e+01
      endloop
   endfacet
   facet normal 2.927281e-01 -9.561957e-01 -2.955728e-05
      outer loop
         vertex 9.180196e+01 1.071104e+02 5.835941e+01
         vertex 9.194029e+01 1.071527e+02 5.831894e+01
         vertex 9.204094e+01 1.071835e+02 5.846418e+01
      endloop
   endfacet
   facet normal 2.927358e-01 -9.561934e-01 7.044951e-07
      outer loop
         vertex 8.723720e+01 1.057129e+02 5.343740e+01
         vertex 8.890274e+01 1.062228e+02 5.314840e+01
         vertex 8.822894e+01 1.060165e+02 5.424869e+01
      endloop
   endfacet
   facet normal 2.927366e-01 -9.561931e-01 1.251972e-06
      outer loop
         vertex 8.822894e+01 1.060165e+02 5.424869e+01
         vertex 8.890274e+01 1.062228e+02 5.314840e+01
         vertex 8.958445e+01 1.064315e+02 5.323222e+01
      endloop
   endfacet
   facet normal 2.927379e-01 -9.561927e-01 3.173985e-06
      outer loop
         vertex 8.822894e+01 1.060165e+02 5.424869e+01
         vertex 8.958445e+01 1.064315e+02 5.323222e+01
         vertex 9.023768e+01 1.066315e+02 5.348150e+01
      endloop
   endfacet
   facet normal 2.927363e-01 -9.561932e-01 -1.445894e-06
      outer loop
         vertex 9.023768e+01 1.066315e+02 5.348150e+01
         vertex 9.081301e+01 1.068076e+02 5.387664e+01
         vertex 8.822894e+01 1.060165e+02 5.424869e+01
      endloop
   endfacet
   facet normal 2.927360e-01 -9.561933e-01 -3.394421e-06
      outer loop
         vertex 8.822894e+01 1.060165e+02 5.424869e+01
         vertex 9.081301e+01 1.068076e+02 5.387664e+01
         vertex 9.128287e+01 1.069515e+02 5.440115e+01
      endloop
   endfacet
   facet normal 2.927357e-01 -9.561934e-01 3.231141e-06
      outer loop
         vertex 8.822894e+01 1.060165e+02 5.424869e+01
         vertex 9.128287e+01 1.069515e+02 5.440115e+01
         vertex 9.160520e+01 1.070501e+02 5.498878e+01
      endloop
   endfacet
   facet normal -7.400527e-01 -2.265652e-01 6.332378e-01
      outer loop
         vertex 8.993201e+01 1.096753e+02 5.754812e+01
         vertex 8.735074e+01 1.088851e+02 5.424869e+01
         vertex 9.081022e+01 1.068068e+02 5.754812e+01
      endloop
   endfacet
   facet normal -7.400527e-01 -2.265652e-01 6.332378e-01
      outer loop
         vertex 9.081022e+01 1.068068e+02 5.754812e+01
         vertex 8.735074e+01 1.088851e+02 5.424869e+01
         vertex 8.822894e+01 1.060165e+02 5.424869e+01
      endloop
   endfacet
   facet normal -2.927360e-01 9.561933e-01 2.908983e-06
      outer loop
         vertex 8.635899e+01 1.085815e+02 4.785941e+01
         vertex 8.513058e+01 1.082054e+02 4.814840e+01
         vertex 8.802453e+01 1.090914e+02 4.814840e+01
      endloop
   endfacet
   facet normal -2.927348e-01 9.561937e-01 3.534434e-06
      outer loop
         vertex 9.072700e+01 1.099187e+02 4.630803e+01
         vertex 9.090336e+01 1.099727e+02 4.573610e+01
         vertex 8.735074e+01 1.088851e+02 4.704812e+01
      endloop
   endfacet
   facet normal -2.927363e-01 9.561932e-01 -1.050795e-06
      outer loop
         vertex 8.735074e+01 1.088851e+02 4.704812e+01
         vertex 9.090336e+01 1.099727e+02 4.573610e+01
         vertex 9.096215e+01 1.099907e+02 4.514840e+01
      endloop
   endfacet
   facet normal -2.927357e-01 9.561934e-01 2.243136e-07
      outer loop
         vertex 8.735074e+01 1.088851e+02 4.704812e+01
         vertex 9.096215e+01 1.099907e+02 4.514840e+01
         vertex 8.993201e+01 1.096753e+02 4.374869e+01
      endloop
   endfacet
   facet normal -2.927358e-01 9.561934e-01 3.204960e-07
      outer loop
         vertex 8.993201e+01 1.096753e+02 4.374869e+01
         vertex 9.096215e+01 1.099907e+02 4.514840e+01
         vertex 9.096216e+01 1.099907e+02 4.312359e+01
      endloop
   endfacet
   facet normal -2.927351e-01 9.561936e-01 1.540998e-06
      outer loop
         vertex 8.993201e+01 1.096753e+02 4.374869e+01
         vertex 9.096216e+01 1.099907e+02 4.312359e+01
         vertex 9.092376e+01 1.099790e+02 4.293740e+01
      endloop
   endfacet
   facet normal -2.927357e-01 9.561934e-01 1.665863e-06
      outer loop
         vertex 9.092376e+01 1.099790e+02 4.293740e+01
         vertex 9.096216e+01 1.099907e+02 4.312359e+01
         vertex 9.106208e+01 1.100213e+02 4.297787e+01
      endloop
   endfacet
   facet normal -2.927418e-01 9.561915e-01 2.452588e-05
      outer loop
         vertex 9.092376e+01 1.099790e+02 4.293740e+01
         vertex 9.106208e+01 1.100213e+02 4.297787e+01
         vertex 9.116273e+01 1.100521e+02 4.283263e+01
      endloop
   endfacet
   facet normal -2.927357e-01 9.561934e-01 8.454777e-07
      outer loop
         vertex 8.635899e+01 1.085815e+02 4.785941e+01
         vertex 8.802453e+01 1.090914e+02 4.814840e+01
         vertex 8.735074e+01 1.088851e+02 4.704812e+01
      endloop
   endfacet
   facet normal -2.927366e-01 9.561931e-01 1.448765e-06
      outer loop
         vertex 8.735074e+01 1.088851e+02 4.704812e+01
         vertex 8.802453e+01 1.090914e+02 4.814840e+01
         vertex 8.870624e+01 1.093001e+02 4.806459e+01
      endloop
   endfacet
   facet normal -2.927349e-01 9.561937e-01 -1.039088e-06
      outer loop
         vertex 8.735074e+01 1.088851e+02 4.704812e+01
         vertex 8.870624e+01 1.093001e+02 4.806459e+01
         vertex 8.935947e+01 1.095001e+02 4.781531e+01
      endloop
   endfacet
   facet normal -2.927354e-01 9.561935e-01 5.440220e-07
      outer loop
         vertex 8.935947e+01 1.095001e+02 4.781531e+01
         vertex 8.993481e+01 1.096762e+02 4.742017e+01
         vertex 8.735074e+01 1.088851e+02 4.704812e+01
      endloop
   endfacet
   facet normal -2.927357e-01 9.561934e-01 2.847740e-06
      outer loop
         vertex 8.735074e+01 1.088851e+02 4.704812e+01
         vertex 8.993481e+01 1.096762e+02 4.742017e+01
         vertex 9.040466e+01 1.098200e+02 4.689566e+01
      endloop
   endfacet
   facet normal -2.927359e-01 9.561933e-01 -2.392131e-06
      outer loop
         vertex 8.735074e+01 1.088851e+02 4.704812e+01
         vertex 9.040466e+01 1.098200e+02 4.689566e+01
         vertex 9.072700e+01 1.099187e+02 4.630803e+01
      endloop
   endfacet
   facet normal 2.927361e-01 -9.561933e-01 -2.566997e-06
      outer loop
         vertex 8.600879e+01 1.053368e+02 4.814840e+01
         vertex 8.723720e+01 1.057129e+02 4.785941e+01
         vertex 8.890274e+01 1.062228e+02 4.814840e+01
      endloop
   endfacet
   facet normal 2.927358e-01 -9.561934e-01 -7.044951e-07
      outer loop
         vertex 8.890274e+01 1.062228e+02 4.814840e+01
         vertex 8.723720e+01 1.057129e+02 4.785941e+01
         vertex 8.822894e+01 1.060165e+02 4.704812e+01
      endloop
   endfacet
   facet normal 2.927398e-01 -9.561922e-01 -3.386142e-06
      outer loop
         vertex 8.890274e+01 1.062228e+02 4.814840e+01
         vertex 8.822894e+01 1.060165e+02 4.704812e+01
         vertex 8.946789e+01 1.063958e+02 4.809105e+01
      endloop
   endfacet
   facet normal 2.927366e-01 -9.561931e-01 1.560310e-06
      outer loop
         vertex 9.184036e+01 1.071221e+02 4.514840e+01
         vertex 8.822894e+01 1.060165e+02 4.704812e+01
         vertex 9.184037e+01 1.071221e+02 4.312359e+01
      endloop
   endfacet
   facet normal 2.927300e-01 -9.561951e-01 -5.112138e-06
      outer loop
         vertex 9.184037e+01 1.071221e+02 4.312359e+01
         vertex 8.822894e+01 1.060165e+02 4.704812e+01
         vertex 9.081022e+01 1.068068e+02 4.374869e+01
      endloop
   endfacet
   facet normal 2.927051e-01 -9.562028e-01 -4.992724e-05
      outer loop
         vertex 9.184037e+01 1.071221e+02 4.312359e+01
         vertex 9.081022e+01 1.068068e+02 4.374869e+01
         vertex 9.194029e+01 1.071527e+02 4.297787e+01
      endloop
   endfacet
   facet normal 2.927361e-01 -9.561933e-01 -2.710465e-07
      outer loop
         vertex 9.194029e+01 1.071527e+02 4.297787e+01
         vertex 9.081022e+01 1.068068e+02 4.374869e+01
         vertex 9.180196e+01 1.071104e+02 4.293740e+01
      endloop
   endfacet
   facet normal 2.927355e-01 -9.561934e-01 1.758498e-06
      outer loop
         vertex 9.194029e+01 1.071527e+02 4.297787e+01
         vertex 9.180196e+01 1.071104e+02 4.293740e+01
         vertex 9.204094e+01 1.071835e+02 4.283263e+01
      endloop
   endfacet
   facet normal 2.927363e-01 -9.561932e-01 9.612814e-07
      outer loop
         vertex 9.184036e+01 1.071221e+02 4.514840e+01
         vertex 9.176012e+01 1.070976e+02 4.583377e+01
         vertex 8.822894e+01 1.060165e+02 4.704812e+01
      endloop
   endfacet
   facet normal 2.927363e-01 -9.561932e-01 8.030525e-07
      outer loop
         vertex 8.822894e+01 1.060165e+02 4.704812e+01
         vertex 9.176012e+01 1.070976e+02 4.583377e+01
         vertex 9.151939e+01 1.070239e+02 4.649747e+01
      endloop
   endfacet
   facet normal 2.927357e-01 -9.561934e-01 -2.666074e-06
      outer loop
         vertex 8.822894e+01 1.060165e+02 4.704812e+01
         vertex 9.151939e+01 1.070239e+02 4.649747e+01
         vertex 9.114271e+01 1.069085e+02 4.707977e+01
      endloop
   endfacet
   facet normal 2.927357e-01 -9.561934e-01 2.606999e-06
      outer loop
         vertex 9.114271e+01 1.069085e+02 4.707977e+01
         vertex 9.064063e+01 1.067548e+02 4.756053e+01
         vertex 8.822894e+01 1.060165e+02 4.704812e+01
      endloop
   endfacet
   facet normal 2.927366e-01 -9.561931e-01 -2.018850e-06
      outer loop
         vertex 8.822894e+01 1.060165e+02 4.704812e+01
         vertex 9.064063e+01 1.067548e+02 4.756053e+01
         vertex 9.003808e+01 1.065704e+02 4.790995e+01
      endloop
   endfacet
   facet normal 2.927338e-01 -9.561940e-01 4.340175e-06
      outer loop
         vertex 8.822894e+01 1.060165e+02 4.704812e+01
         vertex 9.003808e+01 1.065704e+02 4.790995e+01
         vertex 8.946789e+01 1.063958e+02 4.809105e+01
      endloop
   endfacet
   facet normal -7.400527e-01 -2.265652e-01 -6.332378e-01
      outer loop
         vertex 9.081022e+01 1.068068e+02 4.374869e+01
         vertex 8.822894e+01 1.060165e+02 4.704812e+01
         vertex 8.993201e+01 1.096753e+02 4.374869e+01
      endloop
   endfacet
   facet normal -7.400527e-01 -2.265652e-01 -6.332378e-01
      outer loop
         vertex 8.993201e+01 1.096753e+02 4.374869e+01
         vertex 8.822894e+01 1.060165e+02 4.704812e+01
         vertex 8.735074e+01 1.088851e+02 4.704812e+01
      endloop
   endfacet
   facet normal 8.802132e-01 2.694749e-01 -3.906506e-01
      outer loop
         vertex 1.055187e+02 1.178461e+02 5.798174e+01
         vertex 1.077142e+02 1.106746e+02 5.798174e+01
         vertex 1.075411e+02 1.106216e+02 5.755504e+01
      endloop
   endfacet
   facet normal 8.802131e-01 2.694749e-01 -3.906509e-01
      outer loop
         vertex 1.055187e+02 1.178461e+02 5.798174e+01
         vertex 1.075411e+02 1.106216e+02 5.755504e+01
         vertex 1.053456e+02 1.177930e+02 5.755504e+01
      endloop
   endfacet
   facet normal 6.172193e-01 1.889600e-01 -7.637634e-01
      outer loop
         vertex 1.053456e+02 1.177930e+02 5.755504e+01
         vertex 1.075411e+02 1.106216e+02 5.755504e+01
         vertex 1.072026e+02 1.105180e+02 5.725583e+01
      endloop
   endfacet
   facet normal 6.172193e-01 1.889600e-01 -7.637634e-01
      outer loop
         vertex 1.053456e+02 1.177930e+02 5.755504e+01
         vertex 1.072026e+02 1.105180e+02 5.725583e+01
         vertex 1.050071e+02 1.176894e+02 5.725583e+01
      endloop
   endfacet
   facet normal 2.216112e-01 6.784568e-02 -9.727720e-01
      outer loop
         vertex 1.050071e+02 1.176894e+02 5.725583e+01
         vertex 1.072026e+02 1.105180e+02 5.725583e+01
         vertex 1.067714e+02 1.103860e+02 5.714840e+01
      endloop
   endfacet
   facet normal 2.216117e-01 6.784579e-02 -9.727719e-01
      outer loop
         vertex 1.050071e+02 1.176894e+02 5.725583e+01
         vertex 1.067714e+02 1.103860e+02 5.714840e+01
         vertex 1.045759e+02 1.175574e+02 5.714840e+01
      endloop
   endfacet
   facet normal 8.802132e-01 2.694749e-01 3.906509e-01
      outer loop
         vertex 1.077142e+02 1.106746e+02 4.331507e+01
         vertex 1.055187e+02 1.178461e+02 4.331507e+01
         vertex 1.053456e+02 1.177930e+02 4.374177e+01
      endloop
   endfacet
   facet normal 8.802132e-01 2.694749e-01 3.906506e-01
      outer loop
         vertex 1.077142e+02 1.106746e+02 4.331507e+01
         vertex 1.053456e+02 1.177930e+02 4.374177e+01
         vertex 1.075411e+02 1.106216e+02 4.374177e+01
      endloop
   endfacet
   facet normal 6.172193e-01 1.889600e-01 7.637634e-01
      outer loop
         vertex 1.075411e+02 1.106216e+02 4.374177e+01
         vertex 1.053456e+02 1.177930e+02 4.374177e+01
         vertex 1.050071e+02 1.176894e+02 4.404097e+01
      endloop
   endfacet
   facet normal 6.172193e-01 1.889600e-01 7.637634e-01
      outer loop
         vertex 1.075411e+02 1.106216e+02 4.374177e+01
         vertex 1.050071e+02 1.176894e+02 4.404097e+01
         vertex 1.072026e+02 1.105180e+02 4.404097e+01
      endloop
   endfacet
   facet normal 2.216117e-01 6.784581e-02 9.727719e-01
      outer loop
         vertex 1.072026e+02 1.105180e+02 4.404097e+01
         vertex 1.050071e+02 1.176894e+02 4.404097e+01
         vertex 1.045759e+02 1.175574e+02 4.414840e+01
      endloop
   endfacet
   facet normal 2.216112e-01 6.784565e-02 9.727720e-01
      outer loop
         vertex 1.072026e+02 1.105180e+02 4.404097e+01
         vertex 1.045759e+02 1.175574e+02 4.414840e+01
         vertex 1.067714e+02 1.103860e+02 4.414840e+01
      endloop
   endfacet
   facet normal 2.216115e-01 6.784575e-02 9.727720e-01
      outer loop
         vertex 1.095999e+02 1.112519e+02 4.164840e+01
         vertex 1.074044e+02 1.184233e+02 4.164840e+01
         vertex 1.087376e+02 1.109879e+02 4.186326e+01
      endloop
   endfacet
   facet normal 2.216113e-01 6.784571e-02 9.727720e-01
      outer loop
         vertex 1.087376e+02 1.109879e+02 4.186326e+01
         vertex 1.074044e+02 1.184233e+02 4.164840e+01
         vertex 1.065421e+02 1.181593e+02 4.186326e+01
      endloop
   endfacet
   facet normal 6.172197e-01 1.889602e-01 7.637630e-01
      outer loop
         vertex 1.087376e+02 1.109879e+02 4.186326e+01
         vertex 1.065421e+02 1.181593e+02 4.186326e+01
         vertex 1.080605e+02 1.107806e+02 4.246168e+01
      endloop
   endfacet
   facet normal 6.172201e-01 1.889603e-01 7.637626e-01
      outer loop
         vertex 1.080605e+02 1.107806e+02 4.246168e+01
         vertex 1.065421e+02 1.181593e+02 4.186326e+01
         vertex 1.058650e+02 1.179521e+02 4.246168e+01
      endloop
   endfacet
   facet normal 8.802129e-01 2.694748e-01 3.906514e-01
      outer loop
         vertex 1.080605e+02 1.107806e+02 4.246168e+01
         vertex 1.058650e+02 1.179521e+02 4.246168e+01
         vertex 1.077142e+02 1.106746e+02 4.331507e+01
      endloop
   endfacet
   facet normal 8.802130e-01 2.694748e-01 3.906513e-01
      outer loop
         vertex 1.077142e+02 1.106746e+02 4.331507e+01
         vertex 1.058650e+02 1.179521e+02 4.246168e+01
         vertex 1.055187e+02 1.178461e+02 4.331507e+01
      endloop
   endfacet
   facet normal 2.474812e-01 7.576569e-02 9.659258e-01
      outer loop
         vertex 1.025551e+02 1.090951e+02 4.414840e+01
         vertex 1.003595e+02 1.162666e+02 4.414840e+01
         vertex 1.015989e+02 1.088024e+02 4.441635e+01
      endloop
   endfacet
   facet normal 2.474811e-01 7.576567e-02 9.659258e-01
      outer loop
         vertex 1.015989e+02 1.088024e+02 4.441635e+01
         vertex 1.003595e+02 1.162666e+02 4.414840e+01
         vertex 9.940335e+01 1.159739e+02 4.441635e+01
      endloop
   endfacet
   facet normal 6.761308e-01 2.069957e-01 7.071067e-01
      outer loop
         vertex 1.015989e+02 1.088024e+02 4.441635e+01
         vertex 9.940335e+01 1.159739e+02 4.441635e+01
         vertex 1.008989e+02 1.085881e+02 4.514840e+01
      endloop
   endfacet
   facet normal 6.761309e-01 2.069957e-01 7.071066e-01
      outer loop
         vertex 1.008989e+02 1.085881e+02 4.514840e+01
         vertex 9.940335e+01 1.159739e+02 4.441635e+01
         vertex 9.870337e+01 1.157596e+02 4.514840e+01
      endloop
   endfacet
   facet normal 9.236119e-01 2.827613e-01 2.588188e-01
      outer loop
         vertex 1.008989e+02 1.085881e+02 4.514840e+01
         vertex 9.870337e+01 1.157596e+02 4.514840e+01
         vertex 1.006427e+02 1.085097e+02 4.614840e+01
      endloop
   endfacet
   facet normal 9.236116e-01 2.827613e-01 2.588197e-01
      outer loop
         vertex 1.006427e+02 1.085097e+02 4.614840e+01
         vertex 9.870337e+01 1.157596e+02 4.514840e+01
         vertex 9.844716e+01 1.156811e+02 4.614840e+01
      endloop
   endfacet
   facet normal 1.865440e-01 5.710993e-02 -9.807853e-01
      outer loop
         vertex 1.003595e+02 1.162666e+02 5.714840e+01
         vertex 1.025551e+02 1.090951e+02 5.714840e+01
         vertex 9.962770e+01 1.160425e+02 5.699616e+01
      endloop
   endfacet
   facet normal 1.865440e-01 5.710995e-02 -9.807853e-01
      outer loop
         vertex 9.962770e+01 1.160425e+02 5.699616e+01
         vertex 1.025551e+02 1.090951e+02 5.714840e+01
         vertex 1.018232e+02 1.088711e+02 5.699616e+01
      endloop
   endfacet
   facet normal 5.312323e-01 1.626354e-01 -8.314698e-01
      outer loop
         vertex 9.962770e+01 1.160425e+02 5.699616e+01
         vertex 1.018232e+02 1.088711e+02 5.699616e+01
         vertex 9.900728e+01 1.158526e+02 5.656262e+01
      endloop
   endfacet
   facet normal 5.312323e-01 1.626354e-01 -8.314698e-01
      outer loop
         vertex 9.900728e+01 1.158526e+02 5.656262e+01
         vertex 1.018232e+02 1.088711e+02 5.699616e+01
         vertex 1.012028e+02 1.086811e+02 5.656262e+01
      endloop
   endfacet
   facet normal 7.950463e-01 2.434013e-01 -5.555692e-01
      outer loop
         vertex 9.900728e+01 1.158526e+02 5.656262e+01
         vertex 1.012028e+02 1.086811e+02 5.656262e+01
         vertex 9.859273e+01 1.157257e+02 5.591377e+01
      endloop
   endfacet
   facet normal 7.950458e-01 2.434010e-01 -5.555701e-01
      outer loop
         vertex 9.859273e+01 1.157257e+02 5.591377e+01
         vertex 1.012028e+02 1.086811e+02 5.656262e+01
         vertex 1.007882e+02 1.085542e+02 5.591377e+01
      endloop
   endfacet
   facet normal 9.378201e-01 2.871110e-01 -1.950916e-01
      outer loop
         vertex 9.859273e+01 1.157257e+02 5.591377e+01
         vertex 1.007882e+02 1.085542e+02 5.591377e+01
         vertex 9.844716e+01 1.156811e+02 5.514840e+01
      endloop
   endfacet
   facet normal 9.378205e-01 2.871114e-01 -1.950893e-01
      outer loop
         vertex 9.844716e+01 1.156811e+02 5.514840e+01
         vertex 1.007882e+02 1.085542e+02 5.591377e+01
         vertex 1.006427e+02 1.085097e+02 5.514840e+01
      endloop
   endfacet
   facet normal 2.216113e-01 6.784569e-02 -9.727720e-01
      outer loop
         vertex 1.074044e+02 1.184233e+02 5.964840e+01
         vertex 1.095999e+02 1.112519e+02 5.964840e+01
         vertex 1.065421e+02 1.181593e+02 5.943355e+01
      endloop
   endfacet
   facet normal 2.216114e-01 6.784577e-02 -9.727720e-01
      outer loop
         vertex 1.065421e+02 1.181593e+02 5.943355e+01
         vertex 1.095999e+02 1.112519e+02 5.964840e+01
         vertex 1.087376e+02 1.109879e+02 5.943355e+01
      endloop
   endfacet
   facet normal 6.172201e-01 1.889603e-01 -7.637626e-01
      outer loop
         vertex 1.065421e+02 1.181593e+02 5.943355e+01
         vertex 1.087376e+02 1.109879e+02 5.943355e+01
         vertex 1.058650e+02 1.179521e+02 5.883513e+01
      endloop
   endfacet
   facet normal 6.172197e-01 1.889601e-01 -7.637630e-01
      outer loop
         vertex 1.058650e+02 1.179521e+02 5.883513e+01
         vertex 1.087376e+02 1.109879e+02 5.943355e+01
         vertex 1.080605e+02 1.107806e+02 5.883513e+01
      endloop
   endfacet
   facet normal 8.802130e-01 2.694748e-01 -3.906513e-01
      outer loop
         vertex 1.058650e+02 1.179521e+02 5.883513e+01
         vertex 1.080605e+02 1.107806e+02 5.883513e+01
         vertex 1.055187e+02 1.178461e+02 5.798174e+01
      endloop
   endfacet
   facet normal 8.802129e-01 2.694748e-01 -3.906514e-01
      outer loop
         vertex 1.055187e+02 1.178461e+02 5.798174e+01
         vertex 1.080605e+02 1.107806e+02 5.883513e+01
         vertex 1.077142e+02 1.106746e+02 5.798174e+01
      endloop
   endfacet
   facet normal -2.474807e-01 -7.576553e-02 -9.659259e-01
      outer loop
         vertex 1.223961e+02 1.151694e+02 5.964840e+01
         vertex 1.202006e+02 1.223409e+02 5.964840e+01
         vertex 1.233523e+02 1.154621e+02 5.938046e+01
      endloop
   endfacet
   facet normal -2.474807e-01 -7.576553e-02 -9.659259e-01
      outer loop
         vertex 1.233523e+02 1.154621e+02 5.938046e+01
         vertex 1.202006e+02 1.223409e+02 5.964840e+01
         vertex 1.211567e+02 1.226336e+02 5.938046e+01
      endloop
   endfacet
   facet normal -6.761303e-01 -2.069955e-01 -7.071072e-01
      outer loop
         vertex 1.233523e+02 1.154621e+02 5.938046e+01
         vertex 1.211567e+02 1.226336e+02 5.938046e+01
         vertex 1.240522e+02 1.156764e+02 5.864840e+01
      endloop
   endfacet
   facet normal -6.761303e-01 -2.069955e-01 -7.071072e-01
      outer loop
         vertex 1.240522e+02 1.156764e+02 5.864840e+01
         vertex 1.211567e+02 1.226336e+02 5.938046e+01
         vertex 1.218567e+02 1.228479e+02 5.864840e+01
      endloop
   endfacet
   facet normal -9.236120e-01 -2.827613e-01 -2.588185e-01
      outer loop
         vertex 1.240522e+02 1.156764e+02 5.864840e+01
         vertex 1.218567e+02 1.228479e+02 5.864840e+01
         vertex 1.243085e+02 1.157549e+02 5.764840e+01
      endloop
   endfacet
   facet normal -9.236120e-01 -2.827613e-01 -2.588185e-01
      outer loop
         vertex 1.243085e+02 1.157549e+02 5.764840e+01
         vertex 1.218567e+02 1.228479e+02 5.864840e+01
         vertex 1.221129e+02 1.229263e+02 5.764840e+01
      endloop
   endfacet
   facet normal -1.865433e-01 -5.710973e-02 9.807854e-01
      outer loop
         vertex 1.202006e+02 1.223409e+02 4.164840e+01
         vertex 1.223961e+02 1.151694e+02 4.164840e+01
         vertex 1.209324e+02 1.225649e+02 4.180065e+01
      endloop
   endfacet
   facet normal -1.865433e-01 -5.710973e-02 9.807854e-01
      outer loop
         vertex 1.209324e+02 1.225649e+02 4.180065e+01
         vertex 1.223961e+02 1.151694e+02 4.164840e+01
         vertex 1.231279e+02 1.153935e+02 4.180065e+01
      endloop
   endfacet
   facet normal -5.312331e-01 -1.626356e-01 8.314692e-01
      outer loop
         vertex 1.209324e+02 1.225649e+02 4.180065e+01
         vertex 1.231279e+02 1.153935e+02 4.180065e+01
         vertex 1.215528e+02 1.227549e+02 4.223419e+01
      endloop
   endfacet
   facet normal -5.312331e-01 -1.626356e-01 8.314692e-01
      outer loop
         vertex 1.215528e+02 1.227549e+02 4.223419e+01
         vertex 1.231279e+02 1.153935e+02 4.180065e+01
         vertex 1.237483e+02 1.155834e+02 4.223419e+01
      endloop
   endfacet
   facet normal -7.950451e-01 -2.434009e-01 5.555711e-01
      outer loop
         vertex 1.215528e+02 1.227549e+02 4.223419e+01
         vertex 1.237483e+02 1.155834e+02 4.223419e+01
         vertex 1.219674e+02 1.228818e+02 4.288304e+01
      endloop
   endfacet
   facet normal -7.950451e-01 -2.434009e-01 5.555711e-01
      outer loop
         vertex 1.219674e+02 1.228818e+02 4.288304e+01
         vertex 1.237483e+02 1.155834e+02 4.223419e+01
         vertex 1.241629e+02 1.157103e+02 4.288304e+01
      endloop
   endfacet
   facet normal -9.378205e-01 -2.871112e-01 1.950896e-01
      outer loop
         vertex 1.219674e+02 1.228818e+02 4.288304e+01
         vertex 1.241629e+02 1.157103e+02 4.288304e+01
         vertex 1.221129e+02 1.229263e+02 4.364840e+01
      endloop
   endfacet
   facet normal -9.378205e-01 -2.871112e-01 1.950896e-01
      outer loop
         vertex 1.221129e+02 1.229263e+02 4.364840e+01
         vertex 1.241629e+02 1.157103e+02 4.288304e+01
         vertex 1.243085e+02 1.157549e+02 4.364840e+01
      endloop
   endfacet
   facet normal 1.865434e-01 5.710980e-02 9.807854e-01
      outer loop
         vertex 1.278015e+02 1.163014e+02 4.164840e+01
         vertex 1.254596e+02 1.239509e+02 4.164840e+01
         vertex 1.270697e+02 1.160773e+02 4.180065e+01
      endloop
   endfacet
   facet normal 1.865439e-01 5.710990e-02 9.807853e-01
      outer loop
         vertex 1.270697e+02 1.160773e+02 4.180065e+01
         vertex 1.254596e+02 1.239509e+02 4.164840e+01
         vertex 1.247278e+02 1.237269e+02 4.180065e+01
      endloop
   endfacet
   facet normal 5.312328e-01 1.626354e-01 8.314694e-01
      outer loop
         vertex 1.270697e+02 1.160773e+02 4.180065e+01
         vertex 1.247278e+02 1.237269e+02 4.180065e+01
         vertex 1.264492e+02 1.158874e+02 4.223419e+01
      endloop
   endfacet
   facet normal 5.312326e-01 1.626354e-01 8.314696e-01
      outer loop
         vertex 1.264492e+02 1.158874e+02 4.223419e+01
         vertex 1.247278e+02 1.237269e+02 4.180065e+01
         vertex 1.241074e+02 1.235369e+02 4.223419e+01
      endloop
   endfacet
   facet normal 7.950460e-01 2.434011e-01 5.555697e-01
      outer loop
         vertex 1.264492e+02 1.158874e+02 4.223419e+01
         vertex 1.241074e+02 1.235369e+02 4.223419e+01
         vertex 1.260347e+02 1.157605e+02 4.288304e+01
      endloop
   endfacet
   facet normal 7.950451e-01 2.434010e-01 5.555711e-01
      outer loop
         vertex 1.260347e+02 1.157605e+02 4.288304e+01
         vertex 1.241074e+02 1.235369e+02 4.223419e+01
         vertex 1.236928e+02 1.234100e+02 4.288304e+01
      endloop
   endfacet
   facet normal 9.378201e-01 2.871113e-01 1.950910e-01
      outer loop
         vertex 1.260347e+02 1.157605e+02 4.288304e+01
         vertex 1.236928e+02 1.234100e+02 4.288304e+01
         vertex 1.258891e+02 1.157159e+02 4.364840e+01
      endloop
   endfacet
   facet normal 9.378205e-01 2.871112e-01 1.950896e-01
      outer loop
         vertex 1.258891e+02 1.157159e+02 4.364840e+01
         vertex 1.236928e+02 1.234100e+02 4.288304e+01
         vertex 1.235472e+02 1.233654e+02 4.364840e+01
      endloop
   endfacet
   facet normal 2.474812e-01 7.576575e-02 -9.659258e-01
      outer loop
         vertex 1.254596e+02 1.239509e+02 5.964840e+01
         vertex 1.278015e+02 1.163014e+02 5.964840e+01
         vertex 1.245034e+02 1.236582e+02 5.938046e+01
      endloop
   endfacet
   facet normal 2.474808e-01 7.576554e-02 -9.659259e-01
      outer loop
         vertex 1.245034e+02 1.236582e+02 5.938046e+01
         vertex 1.278015e+02 1.163014e+02 5.964840e+01
         vertex 1.268453e+02 1.160086e+02 5.938046e+01
      endloop
   endfacet
   facet normal 6.761304e-01 2.069954e-01 -7.071072e-01
      outer loop
         vertex 1.245034e+02 1.236582e+02 5.938046e+01
         vertex 1.268453e+02 1.160086e+02 5.938046e+01
         vertex 1.238034e+02 1.234439e+02 5.864840e+01
      endloop
   endfacet
   facet normal 6.761304e-01 2.069954e-01 -7.071072e-01
      outer loop
         vertex 1.238034e+02 1.234439e+02 5.864840e+01
         vertex 1.268453e+02 1.160086e+02 5.938046e+01
         vertex 1.261453e+02 1.157943e+02 5.864840e+01
      endloop
   endfacet
   facet normal 9.236118e-01 2.827611e-01 -2.588193e-01
      outer loop
         vertex 1.238034e+02 1.234439e+02 5.864840e+01
         vertex 1.261453e+02 1.157943e+02 5.864840e+01
         vertex 1.235472e+02 1.233654e+02 5.764840e+01
      endloop
   endfacet
   facet normal 9.236120e-01 2.827613e-01 -2.588185e-01
      outer loop
         vertex 1.235472e+02 1.233654e+02 5.764840e+01
         vertex 1.261453e+02 1.157943e+02 5.864840e+01
         vertex 1.258891e+02 1.157159e+02 5.764840e+01
      endloop
   endfacet
   facet normal 2.175317e-16 -5.439178e-16 1.000000e+00
      outer loop
         vertex 1.045759e+02 1.175574e+02 4.414840e+01
         vertex 1.003595e+02 1.162666e+02 4.414840e+01
         vertex 1.067714e+02 1.103860e+02 4.414840e+01
      endloop
   endfacet
   facet normal 2.175317e-16 -5.439178e-16 1.000000e+00
      outer loop
         vertex 1.067714e+02 1.103860e+02 4.414840e+01
         vertex 1.003595e+02 1.162666e+02 4.414840e+01
         vertex 1.025551e+02 1.090951e+02 4.414840e+01
      endloop
   endfacet
   facet normal 9.561933e-01 2.927361e-01 -4.877790e-17
      outer loop
         vertex 1.006427e+02 1.085097e+02 5.514840e+01
         vertex 1.006427e+02 1.085097e+02 4.614840e+01
         vertex 9.844716e+01 1.156811e+02 5.514840e+01
      endloop
   endfacet
   facet normal 9.561933e-01 2.927361e-01 -4.877790e-17
      outer loop
         vertex 9.844716e+01 1.156811e+02 5.514840e+01
         vertex 1.006427e+02 1.085097e+02 4.614840e+01
         vertex 9.844716e+01 1.156811e+02 4.614840e+01
      endloop
   endfacet
   facet normal -2.175317e-16 5.439178e-16 -1.000000e+00
      outer loop
         vertex 1.067714e+02 1.103860e+02 5.714840e+01
         vertex 1.025551e+02 1.090951e+02 5.714840e+01
         vertex 1.045759e+02 1.175574e+02 5.714840e+01
      endloop
   endfacet
   facet normal -2.175317e-16 5.439178e-16 -1.000000e+00
      outer loop
         vertex 1.045759e+02 1.175574e+02 5.714840e+01
         vertex 1.025551e+02 1.090951e+02 5.714840e+01
         vertex 1.003595e+02 1.162666e+02 5.714840e+01
      endloop
   endfacet
   facet normal -2.175317e-16 5.439178e-16 -1.000000e+00
      outer loop
         vertex 1.223961e+02 1.151694e+02 5.964840e+01
         vertex 1.095999e+02 1.112519e+02 5.964840e+01
         vertex 1.202006e+02 1.223409e+02 5.964840e+01
      endloop
   endfacet
   facet normal -2.175317e-16 5.439178e-16 -1.000000e+00
      outer loop
         vertex 1.202006e+02 1.223409e+02 5.964840e+01
         vertex 1.095999e+02 1.112519e+02 5.964840e+01
         vertex 1.074044e+02 1.184233e+02 5.964840e+01
      endloop
   endfacet
   facet normal -9.561933e-01 -2.927360e-01 4.877799e-17
      outer loop
         vertex 1.243085e+02 1.157549e+02 4.364840e+01
         vertex 1.243085e+02 1.157549e+02 5.764840e+01
         vertex 1.221129e+02 1.229263e+02 4.364840e+01
      endloop
   endfacet
   facet normal -9.561933e-01 -2.927360e-01 4.877799e-17
      outer loop
         vertex 1.221129e+02 1.229263e+02 4.364840e+01
         vertex 1.243085e+02 1.157549e+02 5.764840e+01
         vertex 1.221129e+02 1.229263e+02 5.764840e+01
      endloop
   endfacet
   facet normal 2.175317e-16 -5.439178e-16 1.000000e+00
      outer loop
         vertex 1.202006e+02 1.223409e+02 4.164840e+01
         vertex 1.074044e+02 1.184233e+02 4.164840e+01
         vertex 1.223961e+02 1.151694e+02 4.164840e+01
      endloop
   endfacet
   facet normal 2.175317e-16 -5.439178e-16 1.000000e+00
      outer loop
         vertex 1.223961e+02 1.151694e+02 4.164840e+01
         vertex 1.074044e+02 1.184233e+02 4.164840e+01
         vertex 1.095999e+02 1.112519e+02 4.164840e+01
      endloop
   endfacet
   facet normal -2.927351e-01 9.561936e-01 5.837699e-16
      outer loop
         vertex 1.067714e+02 1.103860e+02 5.714840e+01
         vertex 1.072026e+02 1.105180e+02 5.725583e+01
         vertex 1.067714e+02 1.103860e+02 4.414840e+01
      endloop
   endfacet
   facet normal -2.927361e-01 9.561933e-01 3.870609e-06
      outer loop
         vertex 1.072026e+02 1.105180e+02 5.725583e+01
         vertex 1.075411e+02 1.106216e+02 5.755504e+01
         vertex 1.243085e+02 1.157549e+02 5.764840e+01
      endloop
   endfacet
   facet normal -2.927360e-01 9.561933e-01 -3.711352e-06
      outer loop
         vertex 1.243085e+02 1.157549e+02 5.764840e+01
         vertex 1.075411e+02 1.106216e+02 5.755504e+01
         vertex 1.077142e+02 1.106746e+02 5.798174e+01
      endloop
   endfacet
   facet normal -2.927397e-01 9.561922e-01 1.649079e-06
      outer loop
         vertex 1.243085e+02 1.157549e+02 4.364840e+01
         vertex 1.241629e+02 1.157103e+02 4.288304e+01
         vertex 1.237483e+02 1.155834e+02 4.223419e+01
      endloop
   endfacet
   facet normal -2.927360e-01 9.561933e-01 5.837699e-16
      outer loop
         vertex 1.243085e+02 1.157549e+02 4.364840e+01
         vertex 1.077142e+02 1.106746e+02 4.331507e+01
         vertex 1.243085e+02 1.157549e+02 5.764840e+01
      endloop
   endfacet
   facet normal -2.927381e-01 9.561926e-01 2.770541e-06
      outer loop
         vertex 1.243085e+02 1.157549e+02 5.764840e+01
         vertex 1.077142e+02 1.106746e+02 4.331507e+01
         vertex 1.075411e+02 1.106216e+02 4.374177e+01
      endloop
   endfacet
   facet normal -2.927360e-01 9.561933e-01 -8.342381e-08
      outer loop
         vertex 1.243085e+02 1.157549e+02 5.764840e+01
         vertex 1.075411e+02 1.106216e+02 4.374177e+01
         vertex 1.072026e+02 1.105180e+02 5.725583e+01
      endloop
   endfacet
   facet normal -2.927329e-01 9.561942e-01 5.837698e-16
      outer loop
         vertex 1.072026e+02 1.105180e+02 5.725583e+01
         vertex 1.075411e+02 1.106216e+02 4.374177e+01
         vertex 1.072026e+02 1.105180e+02 4.404097e+01
      endloop
   endfacet
   facet normal -2.927351e-01 9.561936e-01 5.837699e-16
      outer loop
         vertex 1.072026e+02 1.105180e+02 5.725583e+01
         vertex 1.072026e+02 1.105180e+02 4.404097e+01
         vertex 1.067714e+02 1.103860e+02 4.414840e+01
      endloop
   endfacet
   facet normal -2.927375e-01 9.561928e-01 -3.003683e-06
      outer loop
         vertex 1.087376e+02 1.109879e+02 4.186326e+01
         vertex 1.080605e+02 1.107806e+02 4.246168e+01
         vertex 1.095999e+02 1.112519e+02 4.164840e+01
      endloop
   endfacet
   facet normal -2.927365e-01 9.561932e-01 -8.194949e-07
      outer loop
         vertex 1.095999e+02 1.112519e+02 4.164840e+01
         vertex 1.080605e+02 1.107806e+02 4.246168e+01
         vertex 1.077142e+02 1.106746e+02 4.331507e+01
      endloop
   endfacet
   facet normal -2.927360e-01 9.561933e-01 -1.688861e-07
      outer loop
         vertex 1.095999e+02 1.112519e+02 4.164840e+01
         vertex 1.077142e+02 1.106746e+02 4.331507e+01
         vertex 1.223961e+02 1.151694e+02 4.164840e+01
      endloop
   endfacet
   facet normal -2.927360e-01 9.561933e-01 -1.128788e-07
      outer loop
         vertex 1.223961e+02 1.151694e+02 4.164840e+01
         vertex 1.077142e+02 1.106746e+02 4.331507e+01
         vertex 1.243085e+02 1.157549e+02 4.364840e+01
      endloop
   endfacet
   facet normal -2.927355e-01 9.561934e-01 -5.472244e-07
      outer loop
         vertex 1.223961e+02 1.151694e+02 4.164840e+01
         vertex 1.243085e+02 1.157549e+02 4.364840e+01
         vertex 1.231279e+02 1.153935e+02 4.180065e+01
      endloop
   endfacet
   facet normal -2.927370e-01 9.561930e-01 4.789171e-07
      outer loop
         vertex 1.231279e+02 1.153935e+02 4.180065e+01
         vertex 1.243085e+02 1.157549e+02 4.364840e+01
         vertex 1.237483e+02 1.155834e+02 4.223419e+01
      endloop
   endfacet
   facet normal -2.927345e-01 9.561938e-01 3.021554e-06
      outer loop
         vertex 1.233523e+02 1.154621e+02 5.938046e+01
         vertex 1.240522e+02 1.156764e+02 5.864840e+01
         vertex 1.223961e+02 1.151694e+02 5.964840e+01
      endloop
   endfacet
   facet normal -2.927364e-01 9.561932e-01 -3.036143e-07
      outer loop
         vertex 1.223961e+02 1.151694e+02 5.964840e+01
         vertex 1.240522e+02 1.156764e+02 5.864840e+01
         vertex 1.243085e+02 1.157549e+02 5.764840e+01
      endloop
   endfacet
   facet normal -2.927360e-01 9.561933e-01 1.067995e-07
      outer loop
         vertex 1.223961e+02 1.151694e+02 5.964840e+01
         vertex 1.243085e+02 1.157549e+02 5.764840e+01
         vertex 1.095999e+02 1.112519e+02 5.964840e+01
      endloop
   endfacet
   facet normal -2.927360e-01 9.561933e-01 1.606081e-07
      outer loop
         vertex 1.095999e+02 1.112519e+02 5.964840e+01
         vertex 1.243085e+02 1.157549e+02 5.764840e+01
         vertex 1.077142e+02 1.106746e+02 5.798174e+01
      endloop
   endfacet
   facet normal -2.927373e-01 9.561929e-01 1.780144e-06
      outer loop
         vertex 1.095999e+02 1.112519e+02 5.964840e+01
         vertex 1.077142e+02 1.106746e+02 5.798174e+01
         vertex 1.087376e+02 1.109879e+02 5.943355e+01
      endloop
   endfacet
   facet normal -2.927354e-01 9.561935e-01 3.281406e-07
      outer loop
         vertex 1.087376e+02 1.109879e+02 5.943355e+01
         vertex 1.077142e+02 1.106746e+02 5.798174e+01
         vertex 1.080605e+02 1.107806e+02 5.883513e+01
      endloop
   endfacet
   facet normal -2.927320e-01 9.561945e-01 -2.674520e-06
      outer loop
         vertex 1.006427e+02 1.085097e+02 5.514840e+01
         vertex 1.007882e+02 1.085542e+02 5.591377e+01
         vertex 1.012028e+02 1.086811e+02 5.656262e+01
      endloop
   endfacet
   facet normal -2.927344e-01 9.561938e-01 2.687903e-06
      outer loop
         vertex 1.015989e+02 1.088024e+02 4.441635e+01
         vertex 1.008989e+02 1.085881e+02 4.514840e+01
         vertex 1.025551e+02 1.090951e+02 4.414840e+01
      endloop
   endfacet
   facet normal -2.927358e-01 9.561934e-01 7.835421e-08
      outer loop
         vertex 1.025551e+02 1.090951e+02 4.414840e+01
         vertex 1.008989e+02 1.085881e+02 4.514840e+01
         vertex 1.006427e+02 1.085097e+02 4.614840e+01
      endloop
   endfacet
   facet normal -2.927363e-01 9.561932e-01 -4.685756e-07
      outer loop
         vertex 1.025551e+02 1.090951e+02 4.414840e+01
         vertex 1.006427e+02 1.085097e+02 4.614840e+01
         vertex 1.067714e+02 1.103860e+02 4.414840e+01
      endloop
   endfacet
   facet normal -2.927362e-01 9.561932e-01 5.837700e-16
      outer loop
         vertex 1.067714e+02 1.103860e+02 4.414840e+01
         vertex 1.006427e+02 1.085097e+02 4.614840e+01
         vertex 1.067714e+02 1.103860e+02 5.714840e+01
      endloop
   endfacet
   facet normal -2.927362e-01 9.561932e-01 5.837700e-16
      outer loop
         vertex 1.067714e+02 1.103860e+02 5.714840e+01
         vertex 1.006427e+02 1.085097e+02 4.614840e+01
         vertex 1.006427e+02 1.085097e+02 5.514840e+01
      endloop
   endfacet
   facet normal -2.927363e-01 9.561932e-01 4.685756e-07
      outer loop
         vertex 1.067714e+02 1.103860e+02 5.714840e+01
         vertex 1.006427e+02 1.085097e+02 5.514840e+01
         vertex 1.025551e+02 1.090951e+02 5.714840e+01
      endloop
   endfacet
   facet normal -2.927343e-01 9.561938e-01 -1.671022e-06
      outer loop
         vertex 1.025551e+02 1.090951e+02 5.714840e+01
         vertex 1.006427e+02 1.085097e+02 5.514840e+01
         vertex 1.012028e+02 1.086811e+02 5.656262e+01
      endloop
   endfacet
   facet normal -2.927354e-01 9.561935e-01 1.202033e-06
      outer loop
         vertex 1.025551e+02 1.090951e+02 5.714840e+01
         vertex 1.012028e+02 1.086811e+02 5.656262e+01
         vertex 1.018232e+02 1.088711e+02 5.699616e+01
      endloop
   endfacet
   facet normal 2.368893e-01 -9.715366e-01 -5.799670e-16
      outer loop
         vertex 9.692528e+01 1.052800e+02 4.294840e+01
         vertex 9.692528e+01 1.052800e+02 4.514840e+01
         vertex 9.641909e+01 1.051565e+02 4.514840e+01
      endloop
   endfacet
   facet normal 1.514213e-01 -9.882546e-01 -2.060285e-02
      outer loop
         vertex 9.692528e+01 1.052800e+02 4.294840e+01
         vertex 9.641909e+01 1.051565e+02 4.514840e+01
         vertex 9.563942e+01 1.050829e+02 4.294840e+01
      endloop
   endfacet
   facet normal -4.228158e-01 -9.061882e-01 -7.048246e-03
      outer loop
         vertex 9.407520e+01 1.053519e+02 4.294840e+01
         vertex 9.383659e+01 1.054461e+02 4.514840e+01
         vertex 9.335036e+01 1.056901e+02 4.294840e+01
      endloop
   endfacet
   facet normal -4.813569e-01 -8.764766e-01 9.185153e-03
      outer loop
         vertex 9.335036e+01 1.056901e+02 4.294840e+01
         vertex 9.383659e+01 1.054461e+02 4.514840e+01
         vertex 9.306758e+01 1.058685e+02 4.514840e+01
      endloop
   endfacet
   facet normal -7.793857e-01 -6.265444e-01 -7.162831e-06
      outer loop
         vertex 9.184036e+01 1.071221e+02 4.514840e+01
         vertex 9.184037e+01 1.071221e+02 4.312359e+01
         vertex 9.239514e+01 1.064320e+02 4.514840e+01
      endloop
   endfacet
   facet normal -7.689653e-01 -6.392500e-01 -7.192684e-03
      outer loop
         vertex 9.239514e+01 1.064320e+02 4.514840e+01
         vertex 9.184037e+01 1.071221e+02 4.312359e+01
         vertex 9.250549e+01 1.063233e+02 4.301151e+01
      endloop
   endfacet
   facet normal -6.422932e-01 -7.664369e-01 5.818258e-03
      outer loop
         vertex 9.239514e+01 1.064320e+02 4.514840e+01
         vertex 9.250549e+01 1.063233e+02 4.301151e+01
         vertex 9.306758e+01 1.058685e+02 4.514840e+01
      endloop
   endfacet
   facet normal -6.669420e-01 -7.449183e-01 1.688201e-02
      outer loop
         vertex 9.306758e+01 1.058685e+02 4.514840e+01
         vertex 9.250549e+01 1.063233e+02 4.301151e+01
         vertex 9.270120e+01 1.061475e+02 4.298682e+01
      endloop
   endfacet
   facet normal -5.762756e-01 -8.172180e-01 -7.819262e-03
      outer loop
         vertex 9.306758e+01 1.058685e+02 4.514840e+01
         vertex 9.270120e+01 1.061475e+02 4.298682e+01
         vertex 9.335036e+01 1.056901e+02 4.294840e+01
      endloop
   endfacet
   facet normal 8.350490e-02 -9.965003e-01 3.742144e-03
      outer loop
         vertex 9.641909e+01 1.051565e+02 4.514840e+01
         vertex 9.554481e+01 1.050833e+02 4.514840e+01
         vertex 9.563942e+01 1.050829e+02 4.294840e+01
      endloop
   endfacet
   facet normal -1.114409e-01 -9.937602e-01 -4.642277e-03
      outer loop
         vertex 9.563942e+01 1.050829e+02 4.294840e+01
         vertex 9.554481e+01 1.050833e+02 4.514840e+01
         vertex 9.467293e+01 1.051811e+02 4.514840e+01
      endloop
   endfacet
   facet normal -1.693897e-01 -9.850775e-01 -3.048735e-02
      outer loop
         vertex 9.563942e+01 1.050829e+02 4.294840e+01
         vertex 9.467293e+01 1.051811e+02 4.514840e+01
         vertex 9.407520e+01 1.053519e+02 4.294840e+01
      endloop
   endfacet
   facet normal -2.748568e-01 -9.614852e-01 -4.631789e-16
      outer loop
         vertex 9.407520e+01 1.053519e+02 4.294840e+01
         vertex 9.467293e+01 1.051811e+02 4.514840e+01
         vertex 9.407520e+01 1.053519e+02 4.514840e+01
      endloop
   endfacet
   facet normal -3.672767e-01 -9.301117e-01 -4.260100e-16
      outer loop
         vertex 9.407520e+01 1.053519e+02 4.294840e+01
         vertex 9.407520e+01 1.053519e+02 4.514840e+01
         vertex 9.383659e+01 1.054461e+02 4.514840e+01
      endloop
   endfacet
   facet normal 2.368893e-01 -9.715366e-01 -5.799670e-16
      outer loop
         vertex 9.692528e+01 1.052800e+02 5.614840e+01
         vertex 9.692528e+01 1.052800e+02 5.834840e+01
         vertex 9.641909e+01 1.051565e+02 5.614840e+01
      endloop
   endfacet
   facet normal 1.514213e-01 -9.882546e-01 2.060285e-02
      outer loop
         vertex 9.641909e+01 1.051565e+02 5.614840e+01
         vertex 9.692528e+01 1.052800e+02 5.834840e+01
         vertex 9.563942e+01 1.050829e+02 5.834840e+01
      endloop
   endfacet
   facet normal -7.684900e-01 -6.398618e-01 7.308045e-06
      outer loop
         vertex 9.184037e+01 1.071221e+02 5.817322e+01
         vertex 9.184036e+01 1.071221e+02 5.614840e+01
         vertex 9.250549e+01 1.063233e+02 5.828530e+01
      endloop
   endfacet
   facet normal -7.793584e-01 -6.265224e-01 8.376793e-03
      outer loop
         vertex 9.250549e+01 1.063233e+02 5.828530e+01
         vertex 9.184036e+01 1.071221e+02 5.614840e+01
         vertex 9.239514e+01 1.064320e+02 5.614840e+01
      endloop
   endfacet
   facet normal -6.679882e-01 -7.441643e-01 -3.358434e-03
      outer loop
         vertex 9.250549e+01 1.063233e+02 5.828530e+01
         vertex 9.239514e+01 1.064320e+02 5.614840e+01
         vertex 9.270111e+01 1.061476e+02 5.830998e+01
      endloop
   endfacet
   facet normal -6.422724e-01 -7.664122e-01 -9.925561e-03
      outer loop
         vertex 9.270111e+01 1.061476e+02 5.830998e+01
         vertex 9.239514e+01 1.064320e+02 5.614840e+01
         vertex 9.306758e+01 1.058685e+02 5.614840e+01
      endloop
   endfacet
   facet normal -5.762867e-01 -8.172102e-01 7.821321e-03
      outer loop
         vertex 9.270111e+01 1.061476e+02 5.830998e+01
         vertex 9.306758e+01 1.058685e+02 5.614840e+01
         vertex 9.335036e+01 1.056901e+02 5.834840e+01
      endloop
   endfacet
   facet normal -4.813569e-01 -8.764766e-01 -9.185153e-03
      outer loop
         vertex 9.335036e+01 1.056901e+02 5.834840e+01
         vertex 9.306758e+01 1.058685e+02 5.614840e+01
         vertex 9.383659e+01 1.054461e+02 5.614840e+01
      endloop
   endfacet
   facet normal -4.228158e-01 -9.061882e-01 7.048246e-03
      outer loop
         vertex 9.335036e+01 1.056901e+02 5.834840e+01
         vertex 9.383659e+01 1.054461e+02 5.614840e+01
         vertex 9.407520e+01 1.053519e+02 5.834840e+01
      endloop
   endfacet
   facet normal -3.672767e-01 -9.301117e-01 -4.260100e-16
      outer loop
         vertex 9.383659e+01 1.054461e+02 5.614840e+01
         vertex 9.407520e+01 1.053519e+02 5.614840e+01
         vertex 9.407520e+01 1.053519e+02 5.834840e+01
      endloop
   endfacet
   facet normal -2.748568e-01 -9.614852e-01 -4.631789e-16
      outer loop
         vertex 9.407520e+01 1.053519e+02 5.834840e+01
         vertex 9.407520e+01 1.053519e+02 5.614840e+01
         vertex 9.467293e+01 1.051811e+02 5.614840e+01
      endloop
   endfacet
   facet normal -1.693897e-01 -9.850775e-01 3.048735e-02
      outer loop
         vertex 9.407520e+01 1.053519e+02 5.834840e+01
         vertex 9.467293e+01 1.051811e+02 5.614840e+01
         vertex 9.563942e+01 1.050829e+02 5.834840e+01
      endloop
   endfacet
   facet normal -1.114409e-01 -9.937602e-01 4.642277e-03
      outer loop
         vertex 9.563942e+01 1.050829e+02 5.834840e+01
         vertex 9.467293e+01 1.051811e+02 5.614840e+01
         vertex 9.554481e+01 1.050833e+02 5.614840e+01
      endloop
   endfacet
   facet normal 8.350490e-02 -9.965003e-01 -3.742144e-03
      outer loop
         vertex 9.563942e+01 1.050829e+02 5.834840e+01
         vertex 9.554481e+01 1.050833e+02 5.614840e+01
         vertex 9.641909e+01 1.051565e+02 5.614840e+01
      endloop
   endfacet
   facet normal -8.369969e-01 -5.472077e-01 -1.155627e-16
      outer loop
         vertex 7.759319e+01 1.056678e+02 5.314840e+01
         vertex 7.759319e+01 1.056678e+02 4.814840e+01
         vertex 7.839201e+01 1.044459e+02 5.314840e+01
      endloop
   endfacet
   facet normal -8.369969e-01 -5.472077e-01 -1.155627e-16
      outer loop
         vertex 7.839201e+01 1.044459e+02 5.314840e+01
         vertex 7.759319e+01 1.056678e+02 4.814840e+01
         vertex 7.839201e+01 1.044459e+02 4.814840e+01
      endloop
   endfacet
   facet normal -9.954240e-01 -9.555690e-02 1.645611e-16
      outer loop
         vertex 7.839201e+01 1.044459e+02 5.314840e+01
         vertex 7.839201e+01 1.044459e+02 4.814840e+01
         vertex 7.853151e+01 1.029928e+02 5.314840e+01
      endloop
   endfacet
   facet normal -9.954240e-01 -9.555690e-02 1.645611e-16
      outer loop
         vertex 7.853151e+01 1.029928e+02 5.314840e+01
         vertex 7.839201e+01 1.044459e+02 4.814840e+01
         vertex 7.853151e+01 1.029928e+02 4.814840e+01
      endloop
   endfacet
   facet normal -9.258119e-01 3.779846e-01 4.069860e-16
      outer loop
         vertex 7.853151e+01 1.029928e+02 5.314840e+01
         vertex 7.853151e+01 1.029928e+02 4.814840e+01
         vertex 7.797972e+01 1.016413e+02 5.314840e+01
      endloop
   endfacet
   facet normal -9.258119e-01 3.779846e-01 4.069860e-16
      outer loop
         vertex 7.797972e+01 1.016413e+02 5.314840e+01
         vertex 7.853151e+01 1.029928e+02 4.814840e+01
         vertex 7.797972e+01 1.016413e+02 4.814840e+01
      endloop
   endfacet
   facet normal -6.441061e-01 7.649362e-01 5.561759e-16
      outer loop
         vertex 7.797972e+01 1.016413e+02 5.314840e+01
         vertex 7.797972e+01 1.016413e+02 4.814840e+01
         vertex 7.686305e+01 1.007010e+02 5.314840e+01
      endloop
   endfacet
   facet normal -6.441061e-01 7.649362e-01 5.561759e-16
      outer loop
         vertex 7.686305e+01 1.007010e+02 5.314840e+01
         vertex 7.797972e+01 1.016413e+02 4.814840e+01
         vertex 7.686305e+01 1.007010e+02 4.814840e+01
      endloop
   endfacet
   facet normal -2.148453e-01 9.766481e-01 5.779520e-16
      outer loop
         vertex 7.686305e+01 1.007010e+02 5.314840e+01
         vertex 7.686305e+01 1.007010e+02 4.814840e+01
         vertex 7.543731e+01 1.003874e+02 5.314840e+01
      endloop
   endfacet
   facet normal -2.148453e-01 9.766481e-01 5.779520e-16
      outer loop
         vertex 7.543731e+01 1.003874e+02 5.314840e+01
         vertex 7.686305e+01 1.007010e+02 4.814840e+01
         vertex 7.543731e+01 1.003874e+02 4.814840e+01
      endloop
   endfacet
   facet normal 2.636356e-01 9.646224e-01 4.673262e-16
      outer loop
         vertex 7.543731e+01 1.003874e+02 5.314840e+01
         vertex 7.543731e+01 1.003874e+02 4.814840e+01
         vertex 7.402913e+01 1.007722e+02 5.314840e+01
      endloop
   endfacet
   facet normal 2.636356e-01 9.646224e-01 4.673262e-16
      outer loop
         vertex 7.402913e+01 1.007722e+02 5.314840e+01
         vertex 7.543731e+01 1.003874e+02 4.814840e+01
         vertex 7.402913e+01 1.007722e+02 4.814840e+01
      endloop
   endfacet
   facet normal 5.885617e-01 8.084523e-01 3.117008e-16
      outer loop
         vertex 7.402913e+01 1.007722e+02 5.314840e+01
         vertex 7.402913e+01 1.007722e+02 4.814840e+01
         vertex 7.343470e+01 1.012050e+02 5.314840e+01
      endloop
   endfacet
   facet normal 5.885617e-01 8.084523e-01 3.117008e-16
      outer loop
         vertex 7.343470e+01 1.012050e+02 5.314840e+01
         vertex 7.402913e+01 1.007722e+02 4.814840e+01
         vertex 7.343470e+01 1.012050e+02 4.814840e+01
      endloop
   endfacet
   facet normal 7.649360e-01 6.441062e-01 1.839431e-16
      outer loop
         vertex 7.343470e+01 1.012050e+02 5.314840e+01
         vertex 7.343470e+01 1.012050e+02 4.814840e+01
         vertex 7.296110e+01 1.017674e+02 5.314840e+01
      endloop
   endfacet
   facet normal 7.649360e-01 6.441062e-01 1.839431e-16
      outer loop
         vertex 7.296110e+01 1.017674e+02 5.314840e+01
         vertex 7.343470e+01 1.012050e+02 4.814840e+01
         vertex 7.296110e+01 1.017674e+02 4.814840e+01
      endloop
   endfacet
   facet normal 9.436308e-01 3.310000e-01 -2.523278e-17
      outer loop
         vertex 7.296110e+01 1.017674e+02 5.314840e+01
         vertex 7.296110e+01 1.017674e+02 4.814840e+01
         vertex 7.247790e+01 1.031449e+02 5.314840e+01
      endloop
   endfacet
   facet normal 9.436308e-01 3.310000e-01 -2.523278e-17
      outer loop
         vertex 7.247790e+01 1.031449e+02 5.314840e+01
         vertex 7.296110e+01 1.017674e+02 4.814840e+01
         vertex 7.247790e+01 1.031449e+02 4.814840e+01
      endloop
   endfacet
   facet normal 9.893670e-01 -1.454406e-01 -2.943264e-16
      outer loop
         vertex 7.247790e+01 1.031449e+02 5.314840e+01
         vertex 7.247790e+01 1.031449e+02 4.814840e+01
         vertex 7.269022e+01 1.045892e+02 5.314840e+01
      endloop
   endfacet
   facet normal 9.893670e-01 -1.454406e-01 -2.943264e-16
      outer loop
         vertex 7.269022e+01 1.045892e+02 5.314840e+01
         vertex 7.247790e+01 1.031449e+02 4.814840e+01
         vertex 7.269022e+01 1.045892e+02 4.814840e+01
      endloop
   endfacet
   facet normal 8.084521e-01 -5.885620e-01 -4.959933e-16
      outer loop
         vertex 7.269022e+01 1.045892e+02 5.314840e+01
         vertex 7.269022e+01 1.045892e+02 4.814840e+01
         vertex 7.354941e+01 1.057694e+02 5.314840e+01
      endloop
   endfacet
   facet normal 8.084521e-01 -5.885620e-01 -4.959933e-16
      outer loop
         vertex 7.354941e+01 1.057694e+02 5.314840e+01
         vertex 7.269022e+01 1.045892e+02 4.814840e+01
         vertex 7.354941e+01 1.057694e+02 4.814840e+01
      endloop
   endfacet
   facet normal 4.423287e-01 -8.968530e-01 -5.840349e-16
      outer loop
         vertex 7.354941e+01 1.057694e+02 5.314840e+01
         vertex 7.354941e+01 1.057694e+02 4.814840e+01
         vertex 7.485866e+01 1.064152e+02 5.314840e+01
      endloop
   endfacet
   facet normal 4.423287e-01 -8.968530e-01 -5.840349e-16
      outer loop
         vertex 7.485866e+01 1.064152e+02 5.314840e+01
         vertex 7.354941e+01 1.057694e+02 4.814840e+01
         vertex 7.485866e+01 1.064152e+02 4.814840e+01
      endloop
   endfacet
   facet normal -2.512520e-02 -9.996843e-01 -5.382806e-16
      outer loop
         vertex 7.485866e+01 1.064152e+02 5.314840e+01
         vertex 7.485866e+01 1.064152e+02 4.814840e+01
         vertex 7.631803e+01 1.063785e+02 5.314840e+01
      endloop
   endfacet
   facet normal -2.512520e-02 -9.996843e-01 -5.382806e-16
      outer loop
         vertex 7.631803e+01 1.063785e+02 5.314840e+01
         vertex 7.485866e+01 1.064152e+02 4.814840e+01
         vertex 7.631803e+01 1.063785e+02 4.814840e+01
      endloop
   endfacet
   facet normal -4.868234e-01 -8.735004e-01 -3.692130e-16
      outer loop
         vertex 7.631803e+01 1.063785e+02 5.314840e+01
         vertex 7.631803e+01 1.063785e+02 4.814840e+01
         vertex 7.759319e+01 1.056678e+02 5.314840e+01
      endloop
   endfacet
   facet normal -4.868234e-01 -8.735004e-01 -3.692130e-16
      outer loop
         vertex 7.759319e+01 1.056678e+02 5.314840e+01
         vertex 7.631803e+01 1.063785e+02 4.814840e+01
         vertex 7.759319e+01 1.056678e+02 4.814840e+01
      endloop
   endfacet
   facet normal -8.478453e-01 -5.302436e-01 -1.039758e-16
      outer loop
         vertex 1.350441e+02 1.227019e+02 6.264840e+01
         vertex 1.350441e+02 1.227019e+02 5.964840e+01
         vertex 1.354559e+02 1.220436e+02 6.264840e+01
      endloop
   endfacet
   facet normal -8.478453e-01 -5.302436e-01 -1.039758e-16
      outer loop
         vertex 1.354559e+02 1.220436e+02 6.264840e+01
         vertex 1.350441e+02 1.227019e+02 5.964840e+01
         vertex 1.354559e+02 1.220436e+02 5.964840e+01
      endloop
   endfacet
   facet normal -9.993774e-01 -3.528107e-02 1.982062e-16
      outer loop
         vertex 1.354559e+02 1.220436e+02 6.264840e+01
         vertex 1.354559e+02 1.220436e+02 5.964840e+01
         vertex 1.354832e+02 1.212676e+02 6.264840e+01
      endloop
   endfacet
   facet normal -9.993774e-01 -3.528107e-02 1.982062e-16
      outer loop
         vertex 1.354832e+02 1.212676e+02 6.264840e+01
         vertex 1.354559e+02 1.220436e+02 5.964840e+01
         vertex 1.354832e+02 1.212676e+02 5.964840e+01
      endloop
   endfacet
   facet normal -8.831260e-01 4.691358e-01 4.472792e-16
      outer loop
         vertex 1.354832e+02 1.212676e+02 6.264840e+01
         vertex 1.354832e+02 1.212676e+02 5.964840e+01
         vertex 1.351190e+02 1.205819e+02 6.264840e+01
      endloop
   endfacet
   facet normal -8.831260e-01 4.691358e-01 4.472792e-16
      outer loop
         vertex 1.351190e+02 1.205819e+02 6.264840e+01
         vertex 1.354832e+02 1.212676e+02 5.964840e+01
         vertex 1.351190e+02 1.205819e+02 5.964840e+01
      endloop
   endfacet
   facet normal -5.302429e-01 8.478458e-01 5.765031e-16
      outer loop
         vertex 1.351190e+02 1.205819e+02 6.264840e+01
         vertex 1.351190e+02 1.205819e+02 5.964840e+01
         vertex 1.344607e+02 1.201702e+02 6.264840e+01
      endloop
   endfacet
   facet normal -5.302429e-01 8.478458e-01 5.765031e-16
      outer loop
         vertex 1.344607e+02 1.201702e+02 6.264840e+01
         vertex 1.351190e+02 1.205819e+02 5.964840e+01
         vertex 1.344607e+02 1.201702e+02 5.964840e+01
      endloop
   endfacet
   facet normal -3.527937e-02 9.993775e-01 5.512536e-16
      outer loop
         vertex 1.344607e+02 1.201702e+02 6.264840e+01
         vertex 1.344607e+02 1.201702e+02 5.964840e+01
         vertex 1.336847e+02 1.201428e+02 6.264840e+01
      endloop
   endfacet
   facet normal -3.527937e-02 9.993775e-01 5.512536e-16
      outer loop
         vertex 1.336847e+02 1.201428e+02 6.264840e+01
         vertex 1.344607e+02 1.201702e+02 5.964840e+01
         vertex 1.336847e+02 1.201428e+02 5.964840e+01
      endloop
   endfacet
   facet normal 4.691366e-01 8.831256e-01 3.782957e-16
      outer loop
         vertex 1.336847e+02 1.201428e+02 6.264840e+01
         vertex 1.336847e+02 1.201428e+02 5.964840e+01
         vertex 1.329990e+02 1.205071e+02 6.264840e+01
      endloop
   endfacet
   facet normal 4.691366e-01 8.831256e-01 3.782957e-16
      outer loop
         vertex 1.329990e+02 1.205071e+02 6.264840e+01
         vertex 1.336847e+02 1.201428e+02 5.964840e+01
         vertex 1.329990e+02 1.205071e+02 5.964840e+01
      endloop
   endfacet
   facet normal 8.478455e-01 5.302434e-01 1.039756e-16
      outer loop
         vertex 1.329990e+02 1.205071e+02 6.264840e+01
         vertex 1.329990e+02 1.205071e+02 5.964840e+01
         vertex 1.325873e+02 1.211654e+02 6.264840e+01
      endloop
   endfacet
   facet normal 8.478455e-01 5.302434e-01 1.039756e-16
      outer loop
         vertex 1.325873e+02 1.211654e+02 6.264840e+01
         vertex 1.329990e+02 1.205071e+02 5.964840e+01
         vertex 1.325873e+02 1.211654e+02 5.964840e+01
      endloop
   endfacet
   facet normal 9.993774e-01 3.528107e-02 -1.982062e-16
      outer loop
         vertex 1.325873e+02 1.211654e+02 6.264840e+01
         vertex 1.325873e+02 1.211654e+02 5.964840e+01
         vertex 1.325599e+02 1.219414e+02 6.264840e+01
      endloop
   endfacet
   facet normal 9.993774e-01 3.528107e-02 -1.982062e-16
      outer loop
         vertex 1.325599e+02 1.219414e+02 6.264840e+01
         vertex 1.325873e+02 1.211654e+02 5.964840e+01
         vertex 1.325599e+02 1.219414e+02 5.964840e+01
      endloop
   endfacet
   facet normal 8.831266e-01 -4.691348e-01 -4.472788e-16
      outer loop
         vertex 1.325599e+02 1.219414e+02 6.264840e+01
         vertex 1.325599e+02 1.219414e+02 5.964840e+01
         vertex 1.329241e+02 1.226271e+02 6.264840e+01
      endloop
   endfacet
   facet normal 8.831266e-01 -4.691348e-01 -4.472788e-16
      outer loop
         vertex 1.329241e+02 1.226271e+02 6.264840e+01
         vertex 1.325599e+02 1.219414e+02 5.964840e+01
         vertex 1.329241e+02 1.226271e+02 5.964840e+01
      endloop
   endfacet
   facet normal 5.302419e-01 -8.478464e-01 -5.765032e-16
      outer loop
         vertex 1.329241e+02 1.226271e+02 6.264840e+01
         vertex 1.329241e+02 1.226271e+02 5.964840e+01
         vertex 1.335825e+02 1.230388e+02 6.264840e+01
      endloop
   endfacet
   facet normal 5.302419e-01 -8.478464e-01 -5.765032e-16
      outer loop
         vertex 1.335825e+02 1.230388e+02 6.264840e+01
         vertex 1.329241e+02 1.226271e+02 5.964840e+01
         vertex 1.335825e+02 1.230388e+02 5.964840e+01
      endloop
   endfacet
   facet normal 3.527937e-02 -9.993775e-01 -5.512536e-16
      outer loop
         vertex 1.335825e+02 1.230388e+02 6.264840e+01
         vertex 1.335825e+02 1.230388e+02 5.964840e+01
         vertex 1.343584e+02 1.230662e+02 6.264840e+01
      endloop
   endfacet
   facet normal 3.527937e-02 -9.993775e-01 -5.512536e-16
      outer loop
         vertex 1.343584e+02 1.230662e+02 6.264840e+01
         vertex 1.335825e+02 1.230388e+02 5.964840e+01
         vertex 1.343584e+02 1.230662e+02 5.964840e+01
      endloop
   endfacet
   facet normal -4.691363e-01 -8.831258e-01 -3.782959e-16
      outer loop
         vertex 1.343584e+02 1.230662e+02 6.264840e+01
         vertex 1.343584e+02 1.230662e+02 5.964840e+01
         vertex 1.350441e+02 1.227019e+02 6.264840e+01
      endloop
   endfacet
   facet normal -4.691363e-01 -8.831258e-01 -3.782959e-16
      outer loop
         vertex 1.350441e+02 1.227019e+02 6.264840e+01
         vertex 1.343584e+02 1.230662e+02 5.964840e+01
         vertex 1.350441e+02 1.227019e+02 5.964840e+01
      endloop
   endfacet
   facet normal -8.478453e-01 -5.302436e-01 -1.039758e-16
      outer loop
         vertex 1.350441e+02 1.227019e+02 4.164840e+01
         vertex 1.350441e+02 1.227019e+02 3.864840e+01
         vertex 1.354559e+02 1.220436e+02 4.164840e+01
      endloop
   endfacet
   facet normal -8.478453e-01 -5.302436e-01 -1.039758e-16
      outer loop
         vertex 1.354559e+02 1.220436e+02 4.164840e+01
         vertex 1.350441e+02 1.227019e+02 3.864840e+01
         vertex 1.354559e+02 1.220436e+02 3.864840e+01
      endloop
   endfacet
   facet normal -9.993774e-01 -3.528107e-02 1.982062e-16
      outer loop
         vertex 1.354559e+02 1.220436e+02 4.164840e+01
         vertex 1.354559e+02 1.220436e+02 3.864840e+01
         vertex 1.354832e+02 1.212676e+02 4.164840e+01
      endloop
   endfacet
   facet normal -9.993774e-01 -3.528107e-02 1.982062e-16
      outer loop
         vertex 1.354832e+02 1.212676e+02 4.164840e+01
         vertex 1.354559e+02 1.220436e+02 3.864840e+01
         vertex 1.354832e+02 1.212676e+02 3.864840e+01
      endloop
   endfacet
   facet normal -8.831260e-01 4.691358e-01 4.472792e-16
      outer loop
         vertex 1.354832e+02 1.212676e+02 4.164840e+01
         vertex 1.354832e+02 1.212676e+02 3.864840e+01
         vertex 1.351190e+02 1.205819e+02 4.164840e+01
      endloop
   endfacet
   facet normal -8.831260e-01 4.691358e-01 4.472792e-16
      outer loop
         vertex 1.351190e+02 1.205819e+02 4.164840e+01
         vertex 1.354832e+02 1.212676e+02 3.864840e+01
         vertex 1.351190e+02 1.205819e+02 3.864840e+01
      endloop
   endfacet
   facet normal -5.302429e-01 8.478458e-01 5.765031e-16
      outer loop
         vertex 1.351190e+02 1.205819e+02 4.164840e+01
         vertex 1.351190e+02 1.205819e+02 3.864840e+01
         vertex 1.344607e+02 1.201702e+02 4.164840e+01
      endloop
   endfacet
   facet normal -5.302429e-01 8.478458e-01 5.765031e-16
      outer loop
         vertex 1.344607e+02 1.201702e+02 4.164840e+01
         vertex 1.351190e+02 1.205819e+02 3.864840e+01
         vertex 1.344607e+02 1.201702e+02 3.864840e+01
      endloop
   endfacet
   facet normal -3.527937e-02 9.993775e-01 5.512536e-16
      outer loop
         vertex 1.344607e+02 1.201702e+02 4.164840e+01
         vertex 1.344607e+02 1.201702e+02 3.864840e+01
         vertex 1.336847e+02 1.201428e+02 4.164840e+01
      endloop
   endfacet
   facet normal -3.527937e-02 9.993775e-01 5.512536e-16
      outer loop
         vertex 1.336847e+02 1.201428e+02 4.164840e+01
         vertex 1.344607e+02 1.201702e+02 3.864840e+01
         vertex 1.336847e+02 1.201428e+02 3.864840e+01
      endloop
   endfacet
   facet normal 4.691366e-01 8.831256e-01 3.782957e-16
      outer loop
         vertex 1.336847e+02 1.201428e+02 4.164840e+01
         vertex 1.336847e+02 1.201428e+02 3.864840e+01
         vertex 1.329990e+02 1.205071e+02 4.164840e+01
      endloop
   endfacet
   facet normal 4.691366e-01 8.831256e-01 3.782957e-16
      outer loop
         vertex 1.329990e+02 1.205071e+02 4.164840e+01
         vertex 1.336847e+02 1.201428e+02 3.864840e+01
         vertex 1.329990e+02 1.205071e+02 3.864840e+01
      endloop
   endfacet
   facet normal 8.478455e-01 5.302434e-01 1.039756e-16
      outer loop
         vertex 1.329990e+02 1.205071e+02 4.164840e+01
         vertex 1.329990e+02 1.205071e+02 3.864840e+01
         vertex 1.325873e+02 1.211654e+02 4.164840e+01
      endloop
   endfacet
   facet normal 8.478455e-01 5.302434e-01 1.039756e-16
      outer loop
         vertex 1.325873e+02 1.211654e+02 4.164840e+01
         vertex 1.329990e+02 1.205071e+02 3.864840e+01
         vertex 1.325873e+02 1.211654e+02 3.864840e+01
      endloop
   endfacet
   facet normal 9.993774e-01 3.528107e-02 -1.982062e-16
      outer loop
         vertex 1.325873e+02 1.211654e+02 4.164840e+01
         vertex 1.325873e+02 1.211654e+02 3.864840e+01
         vertex 1.325599e+02 1.219414e+02 4.164840e+01
      endloop
   endfacet
   facet normal 9.993774e-01 3.528107e-02 -1.982062e-16
      outer loop
         vertex 1.325599e+02 1.219414e+02 4.164840e+01
         vertex 1.325873e+02 1.211654e+02 3.864840e+01
         vertex 1.325599e+02 1.219414e+02 3.864840e+01
      endloop
   endfacet
   facet normal 8.831266e-01 -4.691348e-01 -4.472788e-16
      outer loop
         vertex 1.325599e+02 1.219414e+02 4.164840e+01
         vertex 1.325599e+02 1.219414e+02 3.864840e+01
         vertex 1.329241e+02 1.226271e+02 4.164840e+01
      endloop
   endfacet
   facet normal 8.831266e-01 -4.691348e-01 -4.472788e-16
      outer loop
         vertex 1.329241e+02 1.226271e+02 4.164840e+01
         vertex 1.325599e+02 1.219414e+02 3.864840e+01
         vertex 1.329241e+02 1.226271e+02 3.864840e+01
      endloop
   endfacet
   facet normal 5.302419e-01 -8.478464e-01 -5.765032e-16
      outer loop
         vertex 1.329241e+02 1.226271e+02 4.164840e+01
         vertex 1.329241e+02 1.226271e+02 3.864840e+01
         vertex 1.335825e+02 1.230388e+02 4.164840e+01
      endloop
   endfacet
   facet normal 5.302419e-01 -8.478464e-01 -5.765032e-16
      outer loop
         vertex 1.335825e+02 1.230388e+02 4.164840e+01
         vertex 1.329241e+02 1.226271e+02 3.864840e+01
         vertex 1.335825e+02 1.230388e+02 3.864840e+01
      endloop
   endfacet
   facet normal 3.527937e-02 -9.993775e-01 -5.512536e-16
      outer loop
         vertex 1.335825e+02 1.230388e+02 4.164840e+01
         vertex 1.335825e+02 1.230388e+02 3.864840e+01
         vertex 1.343584e+02 1.230662e+02 4.164840e+01
      endloop
   endfacet
   facet normal 3.527937e-02 -9.993775e-01 -5.512536e-16
      outer loop
         vertex 1.343584e+02 1.230662e+02 4.164840e+01
         vertex 1.335825e+02 1.230388e+02 3.864840e+01
         vertex 1.343584e+02 1.230662e+02 3.864840e+01
      endloop
   endfacet
   facet normal -4.691363e-01 -8.831258e-01 -3.782959e-16
      outer loop
         vertex 1.343584e+02 1.230662e+02 4.164840e+01
         vertex 1.343584e+02 1.230662e+02 3.864840e+01
         vertex 1.350441e+02 1.227019e+02 4.164840e+01
      endloop
   endfacet
   facet normal -4.691363e-01 -8.831258e-01 -3.782959e-16
      outer loop
         vertex 1.350441e+02 1.227019e+02 4.164840e+01
         vertex 1.343584e+02 1.230662e+02 3.864840e+01
         vertex 1.350441e+02 1.227019e+02 3.864840e+01
      endloop
   endfacet
   facet normal -8.478466e-01 -5.302416e-01 -1.039744e-16
      outer loop
         vertex 9.679641e+01 1.109925e+02 5.864840e+01
         vertex 9.679641e+01 1.109925e+02 4.264840e+01
         vertex 9.720812e+01 1.103342e+02 5.864840e+01
      endloop
   endfacet
   facet normal -8.478466e-01 -5.302416e-01 -1.039744e-16
      outer loop
         vertex 9.720812e+01 1.103342e+02 5.864840e+01
         vertex 9.679641e+01 1.109925e+02 4.264840e+01
         vertex 9.720812e+01 1.103342e+02 4.264840e+01
      endloop
   endfacet
   facet normal -9.993774e-01 -3.528096e-02 1.982063e-16
      outer loop
         vertex 9.720812e+01 1.103342e+02 5.864840e+01
         vertex 9.720812e+01 1.103342e+02 4.264840e+01
         vertex 9.723551e+01 1.095582e+02 5.864840e+01
      endloop
   endfacet
   facet normal -9.993774e-01 -3.528096e-02 1.982063e-16
      outer loop
         vertex 9.723551e+01 1.095582e+02 5.864840e+01
         vertex 9.720812e+01 1.103342e+02 4.264840e+01
         vertex 9.723551e+01 1.095582e+02 4.264840e+01
      endloop
   endfacet
   facet normal -8.831268e-01 4.691343e-01 4.472786e-16
      outer loop
         vertex 9.723551e+01 1.095582e+02 5.864840e+01
         vertex 9.723551e+01 1.095582e+02 4.264840e+01
         vertex 9.687125e+01 1.088725e+02 5.864840e+01
      endloop
   endfacet
   facet normal -8.831268e-01 4.691343e-01 4.472786e-16
      outer loop
         vertex 9.687125e+01 1.088725e+02 5.864840e+01
         vertex 9.723551e+01 1.095582e+02 4.264840e+01
         vertex 9.687125e+01 1.088725e+02 4.264840e+01
      endloop
   endfacet
   facet normal -5.302415e-01 8.478467e-01 5.765032e-16
      outer loop
         vertex 9.687125e+01 1.088725e+02 5.864840e+01
         vertex 9.687125e+01 1.088725e+02 4.264840e+01
         vertex 9.621293e+01 1.084608e+02 5.864840e+01
      endloop
   endfacet
   facet normal -5.302415e-01 8.478467e-01 5.765032e-16
      outer loop
         vertex 9.621293e+01 1.084608e+02 5.864840e+01
         vertex 9.687125e+01 1.088725e+02 4.264840e+01
         vertex 9.621293e+01 1.084608e+02 4.264840e+01
      endloop
   endfacet
   facet normal -3.527948e-02 9.993775e-01 5.512537e-16
      outer loop
         vertex 9.621293e+01 1.084608e+02 5.864840e+01
         vertex 9.621293e+01 1.084608e+02 4.264840e+01
         vertex 9.543696e+01 1.084334e+02 5.864840e+01
      endloop
   endfacet
   facet normal -3.527948e-02 9.993775e-01 5.512537e-16
      outer loop
         vertex 9.543696e+01 1.084334e+02 5.864840e+01
         vertex 9.621293e+01 1.084608e+02 4.264840e+01
         vertex 9.543696e+01 1.084334e+02 4.264840e+01
      endloop
   endfacet
   facet normal 4.691345e-01 8.831268e-01 3.782968e-16
      outer loop
         vertex 9.543696e+01 1.084334e+02 5.864840e+01
         vertex 9.543696e+01 1.084334e+02 4.264840e+01
         vertex 9.475125e+01 1.087976e+02 5.864840e+01
      endloop
   endfacet
   facet normal 4.691345e-01 8.831268e-01 3.782968e-16
      outer loop
         vertex 9.475125e+01 1.087976e+02 5.864840e+01
         vertex 9.543696e+01 1.084334e+02 4.264840e+01
         vertex 9.475125e+01 1.087976e+02 4.264840e+01
      endloop
   endfacet
   facet normal 8.478459e-01 5.302427e-01 1.039751e-16
      outer loop
         vertex 9.475125e+01 1.087976e+02 5.864840e+01
         vertex 9.475125e+01 1.087976e+02 4.264840e+01
         vertex 9.433954e+01 1.094560e+02 5.864840e+01
      endloop
   endfacet
   facet normal 8.478459e-01 5.302427e-01 1.039751e-16
      outer loop
         vertex 9.433954e+01 1.094560e+02 5.864840e+01
         vertex 9.475125e+01 1.087976e+02 4.264840e+01
         vertex 9.433954e+01 1.094560e+02 4.264840e+01
      endloop
   endfacet
   facet normal 9.993775e-01 3.527926e-02 -1.982072e-16
      outer loop
         vertex 9.433954e+01 1.094560e+02 5.864840e+01
         vertex 9.433954e+01 1.094560e+02 4.264840e+01
         vertex 9.431215e+01 1.102319e+02 5.864840e+01
      endloop
   endfacet
   facet normal 9.993775e-01 3.527926e-02 -1.982072e-16
      outer loop
         vertex 9.431215e+01 1.102319e+02 5.864840e+01
         vertex 9.433954e+01 1.094560e+02 4.264840e+01
         vertex 9.431215e+01 1.102319e+02 4.264840e+01
      endloop
   endfacet
   facet normal 8.831279e-01 -4.691323e-01 -4.472777e-16
      outer loop
         vertex 9.431215e+01 1.102319e+02 5.864840e+01
         vertex 9.431215e+01 1.102319e+02 4.264840e+01
         vertex 9.467641e+01 1.109177e+02 5.864840e+01
      endloop
   endfacet
   facet normal 8.831279e-01 -4.691323e-01 -4.472777e-16
      outer loop
         vertex 9.467641e+01 1.109177e+02 5.864840e+01
         vertex 9.431215e+01 1.102319e+02 4.264840e+01
         vertex 9.467641e+01 1.109177e+02 4.264840e+01
      endloop
   endfacet
   facet normal 5.302395e-01 -8.478479e-01 -5.765035e-16
      outer loop
         vertex 9.467641e+01 1.109177e+02 5.864840e+01
         vertex 9.467641e+01 1.109177e+02 4.264840e+01
         vertex 9.533473e+01 1.113294e+02 5.864840e+01
      endloop
   endfacet
   facet normal 5.302395e-01 -8.478479e-01 -5.765035e-16
      outer loop
         vertex 9.533473e+01 1.113294e+02 5.864840e+01
         vertex 9.467641e+01 1.109177e+02 4.264840e+01
         vertex 9.533473e+01 1.113294e+02 4.264840e+01
      endloop
   endfacet
   facet normal 3.528117e-02 -9.993774e-01 -5.512540e-16
      outer loop
         vertex 9.533473e+01 1.113294e+02 5.864840e+01
         vertex 9.533473e+01 1.113294e+02 4.264840e+01
         vertex 9.611070e+01 1.113568e+02 5.864840e+01
      endloop
   endfacet
   facet normal 3.528117e-02 -9.993774e-01 -5.512540e-16
      outer loop
         vertex 9.611070e+01 1.113568e+02 5.864840e+01
         vertex 9.533473e+01 1.113294e+02 4.264840e+01
         vertex 9.611070e+01 1.113568e+02 4.264840e+01
      endloop
   endfacet
   facet normal -4.691356e-01 -8.831262e-01 -3.782962e-16
      outer loop
         vertex 9.611070e+01 1.113568e+02 5.864840e+01
         vertex 9.611070e+01 1.113568e+02 4.264840e+01
         vertex 9.679641e+01 1.109925e+02 5.864840e+01
      endloop
   endfacet
   facet normal -4.691356e-01 -8.831262e-01 -3.782962e-16
      outer loop
         vertex 9.679641e+01 1.109925e+02 5.864840e+01
         vertex 9.611070e+01 1.113568e+02 4.264840e+01
         vertex 9.679641e+01 1.109925e+02 4.264840e+01
      endloop
   endfacet
   facet normal -8.573631e-01 5.147120e-01 4.664647e-16
      outer loop
         vertex 1.032919e+02 1.167971e+02 6.234840e+01
         vertex 1.025447e+02 1.155526e+02 5.864840e+01
         vertex 1.025447e+02 1.155526e+02 6.234840e+01
      endloop
   endfacet
   facet normal -9.986494e-01 5.195511e-02 2.454972e-16
      outer loop
         vertex 1.025447e+02 1.155526e+02 6.234840e+01
         vertex 1.025447e+02 1.155526e+02 5.864840e+01
         vertex 1.024693e+02 1.141030e+02 5.864840e+01
      endloop
   endfacet
   facet normal -9.986494e-01 5.195511e-02 2.454972e-16
      outer loop
         vertex 1.025447e+02 1.155526e+02 6.234840e+01
         vertex 1.024693e+02 1.141030e+02 5.864840e+01
         vertex 1.024693e+02 1.141030e+02 6.234840e+01
      endloop
   endfacet
   facet normal -9.061466e-01 -4.229638e-01 -3.294197e-17
      outer loop
         vertex 1.024693e+02 1.141030e+02 6.234840e+01
         vertex 1.024693e+02 1.141030e+02 5.864840e+01
         vertex 1.030833e+02 1.127877e+02 5.864840e+01
      endloop
   endfacet
   facet normal -9.061466e-01 -4.229638e-01 -3.294197e-17
      outer loop
         vertex 1.024693e+02 1.141030e+02 6.234840e+01
         vertex 1.030833e+02 1.127877e+02 5.864840e+01
         vertex 1.030833e+02 1.127877e+02 6.234840e+01
      endloop
   endfacet
   facet normal -3.984664e-01 9.171829e-01 5.855512e-16
      outer loop
         vertex 1.045358e+02 1.175451e+02 5.834840e+01
         vertex 1.039166e+02 1.172761e+02 5.842437e+01
         vertex 1.045358e+02 1.175451e+02 6.234840e+01
      endloop
   endfacet
   facet normal -5.833009e-01 8.114395e-01 3.641526e-02
      outer loop
         vertex 1.045358e+02 1.175451e+02 6.234840e+01
         vertex 1.039166e+02 1.172761e+02 5.842437e+01
         vertex 1.033732e+02 1.168755e+02 5.864840e+01
      endloop
   endfacet
   facet normal -5.153527e-01 8.569510e-01 6.828391e-03
      outer loop
         vertex 1.045358e+02 1.175451e+02 6.234840e+01
         vertex 1.033732e+02 1.168755e+02 5.864840e+01
         vertex 1.032919e+02 1.167971e+02 6.234840e+01
      endloop
   endfacet
   facet normal -6.939432e-01 7.200297e-01 5.425916e-16
      outer loop
         vertex 1.032919e+02 1.167971e+02 6.234840e+01
         vertex 1.033732e+02 1.168755e+02 5.864840e+01
         vertex 1.032919e+02 1.167971e+02 5.864840e+01
      endloop
   endfacet
   facet normal -8.573631e-01 5.147120e-01 4.664647e-16
      outer loop
         vertex 1.032919e+02 1.167971e+02 6.234840e+01
         vertex 1.032919e+02 1.167971e+02 5.864840e+01
         vertex 1.025447e+02 1.155526e+02 5.864840e+01
      endloop
   endfacet
   facet normal -6.912884e-01 7.172751e-01 -8.738842e-02
      outer loop
         vertex 1.032919e+02 1.167971e+02 4.264840e+01
         vertex 1.033732e+02 1.168755e+02 4.264840e+01
         vertex 1.045358e+02 1.175451e+02 3.894840e+01
      endloop
   endfacet
   facet normal -5.833009e-01 8.114395e-01 -3.641526e-02
      outer loop
         vertex 1.045358e+02 1.175451e+02 3.894840e+01
         vertex 1.033732e+02 1.168755e+02 4.264840e+01
         vertex 1.039166e+02 1.172761e+02 4.287244e+01
      endloop
   endfacet
   facet normal -3.984664e-01 9.171829e-01 5.855512e-16
      outer loop
         vertex 1.045358e+02 1.175451e+02 3.894840e+01
         vertex 1.039166e+02 1.172761e+02 4.287244e+01
         vertex 1.045358e+02 1.175451e+02 4.294840e+01
      endloop
   endfacet
   facet normal -5.153647e-01 8.569710e-01 5.782299e-16
      outer loop
         vertex 1.045358e+02 1.175451e+02 3.894840e+01
         vertex 1.032919e+02 1.167971e+02 3.894840e+01
         vertex 1.032919e+02 1.167971e+02 4.264840e+01
      endloop
   endfacet
   facet normal -8.573631e-01 5.147120e-01 4.664647e-16
      outer loop
         vertex 1.032919e+02 1.167971e+02 4.264840e+01
         vertex 1.032919e+02 1.167971e+02 3.894840e+01
         vertex 1.025447e+02 1.155526e+02 3.894840e+01
      endloop
   endfacet
   facet normal -8.573631e-01 5.147120e-01 4.664647e-16
      outer loop
         vertex 1.032919e+02 1.167971e+02 4.264840e+01
         vertex 1.025447e+02 1.155526e+02 3.894840e+01
         vertex 1.025447e+02 1.155526e+02 4.264840e+01
      endloop
   endfacet
   facet normal -9.986494e-01 5.195511e-02 2.454972e-16
      outer loop
         vertex 1.025447e+02 1.155526e+02 4.264840e+01
         vertex 1.025447e+02 1.155526e+02 3.894840e+01
         vertex 1.024693e+02 1.141030e+02 3.894840e+01
      endloop
   endfacet
   facet normal -9.986494e-01 5.195511e-02 2.454972e-16
      outer loop
         vertex 1.025447e+02 1.155526e+02 4.264840e+01
         vertex 1.024693e+02 1.141030e+02 3.894840e+01
         vertex 1.024693e+02 1.141030e+02 4.264840e+01
      endloop
   endfacet
   facet normal -9.061466e-01 -4.229638e-01 -3.294197e-17
      outer loop
         vertex 1.024693e+02 1.141030e+02 4.264840e+01
         vertex 1.024693e+02 1.141030e+02 3.894840e+01
         vertex 1.030833e+02 1.127877e+02 3.894840e+01
      endloop
   endfacet
   facet normal -9.061466e-01 -4.229638e-01 -3.294197e-17
      outer loop
         vertex 1.024693e+02 1.141030e+02 4.264840e+01
         vertex 1.030833e+02 1.127877e+02 3.894840e+01
         vertex 1.030833e+02 1.127877e+02 4.264840e+01
      endloop
   endfacet
   facet normal -8.422241e-02 -9.964470e-01 -5.236643e-16
      outer loop
         vertex 1.080038e+02 1.089854e+02 4.264840e+01
         vertex 1.078764e+02 1.089961e+02 4.264840e+01
         vertex 1.078764e+02 1.089961e+02 3.894840e+01
      endloop
   endfacet
   facet normal -2.920072e-01 -9.564161e-01 -4.566910e-16
      outer loop
         vertex 1.078764e+02 1.089961e+02 3.894840e+01
         vertex 1.078764e+02 1.089961e+02 4.264840e+01
         vertex 1.061849e+02 1.095126e+02 4.264840e+01
      endloop
   endfacet
   facet normal -2.920072e-01 -9.564161e-01 -4.566910e-16
      outer loop
         vertex 1.078764e+02 1.089961e+02 3.894840e+01
         vertex 1.061849e+02 1.095126e+02 4.264840e+01
         vertex 1.061849e+02 1.095126e+02 3.894840e+01
      endloop
   endfacet
   facet normal -6.380267e-01 -7.700142e-01 -2.800335e-16
      outer loop
         vertex 1.061849e+02 1.095126e+02 3.894840e+01
         vertex 1.061849e+02 1.095126e+02 4.264840e+01
         vertex 1.048230e+02 1.106410e+02 4.264840e+01
      endloop
   endfacet
   facet normal -6.380267e-01 -7.700142e-01 -2.800335e-16
      outer loop
         vertex 1.061849e+02 1.095126e+02 3.894840e+01
         vertex 1.048230e+02 1.106410e+02 4.264840e+01
         vertex 1.048230e+02 1.106410e+02 3.894840e+01
      endloop
   endfacet
   facet normal 2.268240e-02 -9.997359e-01 -3.688888e-03
      outer loop
         vertex 1.080038e+02 1.089854e+02 4.264840e+01
         vertex 1.078764e+02 1.089961e+02 3.894840e+01
         vertex 1.088286e+02 1.090032e+02 4.287277e+01
      endloop
   endfacet
   facet normal 9.909508e-02 -9.948294e-01 -2.223853e-02
      outer loop
         vertex 1.088286e+02 1.090032e+02 4.287277e+01
         vertex 1.078764e+02 1.089961e+02 3.894840e+01
         vertex 1.096364e+02 1.091714e+02 3.894840e+01
      endloop
   endfacet
   facet normal 2.038452e-01 -9.790031e-01 -5.768401e-16
      outer loop
         vertex 1.088286e+02 1.090032e+02 4.287277e+01
         vertex 1.096364e+02 1.091714e+02 3.894840e+01
         vertex 1.096364e+02 1.091714e+02 4.294840e+01
      endloop
   endfacet
   facet normal 2.038452e-01 -9.790031e-01 -5.768401e-16
      outer loop
         vertex 1.096364e+02 1.091714e+02 5.834840e+01
         vertex 1.096364e+02 1.091714e+02 6.234840e+01
         vertex 1.088286e+02 1.090032e+02 5.842404e+01
      endloop
   endfacet
   facet normal 9.909508e-02 -9.948294e-01 2.223853e-02
      outer loop
         vertex 1.088286e+02 1.090032e+02 5.842404e+01
         vertex 1.096364e+02 1.091714e+02 6.234840e+01
         vertex 1.078764e+02 1.089961e+02 6.234840e+01
      endloop
   endfacet
   facet normal 2.268240e-02 -9.997359e-01 3.688888e-03
      outer loop
         vertex 1.088286e+02 1.090032e+02 5.842404e+01
         vertex 1.078764e+02 1.089961e+02 6.234840e+01
         vertex 1.080038e+02 1.089854e+02 5.864840e+01
      endloop
   endfacet
   facet normal -8.422241e-02 -9.964470e-01 -5.236643e-16
      outer loop
         vertex 1.080038e+02 1.089854e+02 5.864840e+01
         vertex 1.078764e+02 1.089961e+02 6.234840e+01
         vertex 1.078764e+02 1.089961e+02 5.864840e+01
      endloop
   endfacet
   facet normal -2.920072e-01 -9.564161e-01 -4.566910e-16
      outer loop
         vertex 1.078764e+02 1.089961e+02 5.864840e+01
         vertex 1.078764e+02 1.089961e+02 6.234840e+01
         vertex 1.061849e+02 1.095126e+02 6.234840e+01
      endloop
   endfacet
   facet normal -2.920072e-01 -9.564161e-01 -4.566910e-16
      outer loop
         vertex 1.078764e+02 1.089961e+02 5.864840e+01
         vertex 1.061849e+02 1.095126e+02 6.234840e+01
         vertex 1.061849e+02 1.095126e+02 5.864840e+01
      endloop
   endfacet
   facet normal -6.380267e-01 -7.700142e-01 -2.800335e-16
      outer loop
         vertex 1.061849e+02 1.095126e+02 5.864840e+01
         vertex 1.061849e+02 1.095126e+02 6.234840e+01
         vertex 1.048230e+02 1.106410e+02 6.234840e+01
      endloop
   endfacet
   facet normal -6.380267e-01 -7.700142e-01 -2.800335e-16
      outer loop
         vertex 1.061849e+02 1.095126e+02 5.864840e+01
         vertex 1.048230e+02 1.106410e+02 6.234840e+01
         vertex 1.048230e+02 1.106410e+02 5.864840e+01
      endloop
   endfacet
   facet normal -7.769062e-01 -6.296164e-01 -1.734579e-16
      outer loop
         vertex 1.030833e+02 1.127877e+02 6.234840e+01
         vertex 1.030833e+02 1.127877e+02 5.864840e+01
         vertex 1.048230e+02 1.106410e+02 6.234840e+01
      endloop
   endfacet
   facet normal -7.769062e-01 -6.296164e-01 -1.734579e-16
      outer loop
         vertex 1.048230e+02 1.106410e+02 6.234840e+01
         vertex 1.030833e+02 1.127877e+02 5.864840e+01
         vertex 1.048230e+02 1.106410e+02 5.864840e+01
      endloop
   endfacet
   facet normal 2.474811e-01 7.576569e-02 -9.659258e-01
      outer loop
         vertex 1.322317e+02 1.176577e+02 5.964840e+01
         vertex 1.326708e+02 1.162234e+02 5.964840e+01
         vertex 1.312755e+02 1.173649e+02 5.938046e+01
      endloop
   endfacet
   facet normal 2.474808e-01 7.576531e-02 -9.659259e-01
      outer loop
         vertex 1.312755e+02 1.173649e+02 5.938046e+01
         vertex 1.326708e+02 1.162234e+02 5.964840e+01
         vertex 1.317146e+02 1.159306e+02 5.938046e+01
      endloop
   endfacet
   facet normal 6.761303e-01 2.069947e-01 -7.071075e-01
      outer loop
         vertex 1.312755e+02 1.173649e+02 5.938046e+01
         vertex 1.317146e+02 1.159306e+02 5.938046e+01
         vertex 1.305755e+02 1.171506e+02 5.864840e+01
      endloop
   endfacet
   facet normal 6.761310e-01 2.069959e-01 -7.071065e-01
      outer loop
         vertex 1.305755e+02 1.171506e+02 5.864840e+01
         vertex 1.317146e+02 1.159306e+02 5.938046e+01
         vertex 1.310146e+02 1.157163e+02 5.864840e+01
      endloop
   endfacet
   facet normal 9.236119e-01 2.827616e-01 -2.588185e-01
      outer loop
         vertex 1.305755e+02 1.171506e+02 5.864840e+01
         vertex 1.310146e+02 1.157163e+02 5.864840e+01
         vertex 1.303193e+02 1.170722e+02 5.764840e+01
      endloop
   endfacet
   facet normal 9.236119e-01 2.827616e-01 -2.588185e-01
      outer loop
         vertex 1.303193e+02 1.170722e+02 5.764840e+01
         vertex 1.310146e+02 1.157163e+02 5.864840e+01
         vertex 1.307584e+02 1.156379e+02 5.764840e+01
      endloop
   endfacet
   facet normal 2.474808e-01 7.576557e-02 9.659259e-01
      outer loop
         vertex 1.326708e+02 1.162234e+02 4.164840e+01
         vertex 1.322317e+02 1.176577e+02 4.164840e+01
         vertex 1.317146e+02 1.159306e+02 4.191635e+01
      endloop
   endfacet
   facet normal 2.474812e-01 7.576542e-02 9.659258e-01
      outer loop
         vertex 1.317146e+02 1.159306e+02 4.191635e+01
         vertex 1.322317e+02 1.176577e+02 4.164840e+01
         vertex 1.312755e+02 1.173649e+02 4.191635e+01
      endloop
   endfacet
   facet normal 6.761313e-01 2.069950e-01 7.071065e-01
      outer loop
         vertex 1.317146e+02 1.159306e+02 4.191635e+01
         vertex 1.312755e+02 1.173649e+02 4.191635e+01
         vertex 1.310146e+02 1.157163e+02 4.264840e+01
      endloop
   endfacet
   facet normal 6.761301e-01 2.069956e-01 7.071075e-01
      outer loop
         vertex 1.310146e+02 1.157163e+02 4.264840e+01
         vertex 1.312755e+02 1.173649e+02 4.191635e+01
         vertex 1.305755e+02 1.171506e+02 4.264840e+01
      endloop
   endfacet
   facet normal 9.236119e-01 2.827616e-01 2.588185e-01
      outer loop
         vertex 1.310146e+02 1.157163e+02 4.264840e+01
         vertex 1.305755e+02 1.171506e+02 4.264840e+01
         vertex 1.307584e+02 1.156379e+02 4.364840e+01
      endloop
   endfacet
   facet normal 9.236119e-01 2.827616e-01 2.588185e-01
      outer loop
         vertex 1.307584e+02 1.156379e+02 4.364840e+01
         vertex 1.305755e+02 1.171506e+02 4.264840e+01
         vertex 1.303193e+02 1.170722e+02 4.364840e+01
      endloop
   endfacet
   facet normal 9.561933e-01 2.927360e-01 -4.877798e-17
      outer loop
         vertex 1.258891e+02 1.157159e+02 5.764840e+01
         vertex 1.258891e+02 1.157159e+02 4.364840e+01
         vertex 1.235472e+02 1.233654e+02 5.764840e+01
      endloop
   endfacet
   facet normal 9.561933e-01 2.927360e-01 -4.877798e-17
      outer loop
         vertex 1.235472e+02 1.233654e+02 5.764840e+01
         vertex 1.258891e+02 1.157159e+02 4.364840e+01
         vertex 1.235472e+02 1.233654e+02 4.364840e+01
      endloop
   endfacet
   facet normal 9.561932e-01 2.927363e-01 -4.877779e-17
      outer loop
         vertex 1.303193e+02 1.170722e+02 4.364840e+01
         vertex 1.303193e+02 1.170722e+02 5.764840e+01
         vertex 1.307584e+02 1.156379e+02 4.364840e+01
      endloop
   endfacet
   facet normal 9.561932e-01 2.927363e-01 -4.877779e-17
      outer loop
         vertex 1.307584e+02 1.156379e+02 4.364840e+01
         vertex 1.303193e+02 1.170722e+02 5.764840e+01
         vertex 1.307584e+02 1.156379e+02 5.764840e+01
      endloop
   endfacet
   facet normal -2.927358e-01 9.561934e-01 -2.423213e-06
      outer loop
         vertex 1.312755e+02 1.173649e+02 4.191635e+01
         vertex 1.322317e+02 1.176577e+02 4.164840e+01
         vertex 1.278015e+02 1.163014e+02 4.164840e+01
      endloop
   endfacet
   facet normal -2.927357e-01 9.561934e-01 -2.753341e-07
      outer loop
         vertex 1.264492e+02 1.158874e+02 4.223419e+01
         vertex 1.260347e+02 1.157605e+02 4.288304e+01
         vertex 1.270697e+02 1.160773e+02 4.180065e+01
      endloop
   endfacet
   facet normal -2.927359e-01 9.561933e-01 -4.496130e-07
      outer loop
         vertex 1.270697e+02 1.160773e+02 4.180065e+01
         vertex 1.260347e+02 1.157605e+02 4.288304e+01
         vertex 1.303193e+02 1.170722e+02 4.364840e+01
      endloop
   endfacet
   facet normal -2.927365e-01 9.561932e-01 7.908296e-07
      outer loop
         vertex 1.270697e+02 1.160773e+02 4.180065e+01
         vertex 1.303193e+02 1.170722e+02 4.364840e+01
         vertex 1.278015e+02 1.163014e+02 4.164840e+01
      endloop
   endfacet
   facet normal -2.927358e-01 9.561934e-01 -1.529402e-07
      outer loop
         vertex 1.278015e+02 1.163014e+02 4.164840e+01
         vertex 1.303193e+02 1.170722e+02 4.364840e+01
         vertex 1.305755e+02 1.171506e+02 4.264840e+01
      endloop
   endfacet
   facet normal -2.927360e-01 9.561933e-01 3.789760e-07
      outer loop
         vertex 1.278015e+02 1.163014e+02 4.164840e+01
         vertex 1.305755e+02 1.171506e+02 4.264840e+01
         vertex 1.312755e+02 1.173649e+02 4.191635e+01
      endloop
   endfacet
   facet normal -2.927358e-01 9.561934e-01 2.423213e-06
      outer loop
         vertex 1.322317e+02 1.176577e+02 5.964840e+01
         vertex 1.312755e+02 1.173649e+02 5.938046e+01
         vertex 1.278015e+02 1.163014e+02 5.964840e+01
      endloop
   endfacet
   facet normal -2.927360e-01 9.561933e-01 -3.789760e-07
      outer loop
         vertex 1.278015e+02 1.163014e+02 5.964840e+01
         vertex 1.312755e+02 1.173649e+02 5.938046e+01
         vertex 1.305755e+02 1.171506e+02 5.864840e+01
      endloop
   endfacet
   facet normal -2.927360e-01 9.561933e-01 -3.362347e-07
      outer loop
         vertex 1.278015e+02 1.163014e+02 5.964840e+01
         vertex 1.305755e+02 1.171506e+02 5.864840e+01
         vertex 1.268453e+02 1.160086e+02 5.938046e+01
      endloop
   endfacet
   facet normal -2.927359e-01 9.561933e-01 1.725391e-07
      outer loop
         vertex 1.268453e+02 1.160086e+02 5.938046e+01
         vertex 1.305755e+02 1.171506e+02 5.864840e+01
         vertex 1.303193e+02 1.170722e+02 5.764840e+01
      endloop
   endfacet
   facet normal -2.927361e-01 9.561933e-01 1.361602e-06
      outer loop
         vertex 1.260347e+02 1.157605e+02 4.288304e+01
         vertex 1.258891e+02 1.157159e+02 4.364840e+01
         vertex 1.303193e+02 1.170722e+02 4.364840e+01
      endloop
   endfacet
   facet normal -2.927361e-01 9.561933e-01 5.837700e-16
      outer loop
         vertex 1.303193e+02 1.170722e+02 4.364840e+01
         vertex 1.258891e+02 1.157159e+02 4.364840e+01
         vertex 1.258891e+02 1.157159e+02 5.764840e+01
      endloop
   endfacet
   facet normal -2.927361e-01 9.561933e-01 5.837700e-16
      outer loop
         vertex 1.303193e+02 1.170722e+02 4.364840e+01
         vertex 1.258891e+02 1.157159e+02 5.764840e+01
         vertex 1.303193e+02 1.170722e+02 5.764840e+01
      endloop
   endfacet
   facet normal -2.927361e-01 9.561933e-01 2.471992e-07
      outer loop
         vertex 1.303193e+02 1.170722e+02 5.764840e+01
         vertex 1.258891e+02 1.157159e+02 5.764840e+01
         vertex 1.261453e+02 1.157943e+02 5.864840e+01
      endloop
   endfacet
   facet normal -2.927364e-01 9.561932e-01 -1.021641e-06
      outer loop
         vertex 1.303193e+02 1.170722e+02 5.764840e+01
         vertex 1.261453e+02 1.157943e+02 5.864840e+01
         vertex 1.268453e+02 1.160086e+02 5.938046e+01
      endloop
   endfacet
   facet normal 2.175317e-16 -5.439178e-16 1.000000e+00
      outer loop
         vertex 1.354121e+02 1.170626e+02 4.164840e+01
         vertex 1.370443e+02 1.179404e+02 4.164840e+01
         vertex 1.382164e+02 1.193761e+02 4.164840e+01
      endloop
   endfacet
   facet normal 2.175317e-16 -5.439178e-16 1.000000e+00
      outer loop
         vertex 1.278015e+02 1.163014e+02 4.164840e+01
         vertex 1.322317e+02 1.176577e+02 4.164840e+01
         vertex 1.336847e+02 1.201428e+02 4.164840e+01
      endloop
   endfacet
   facet normal 2.175317e-16 -5.439178e-16 1.000000e+00
      outer loop
         vertex 1.336847e+02 1.201428e+02 4.164840e+01
         vertex 1.329990e+02 1.205071e+02 4.164840e+01
         vertex 1.278015e+02 1.163014e+02 4.164840e+01
      endloop
   endfacet
   facet normal 2.175317e-16 -5.439178e-16 1.000000e+00
      outer loop
         vertex 1.278015e+02 1.163014e+02 4.164840e+01
         vertex 1.329990e+02 1.205071e+02 4.164840e+01
         vertex 1.325873e+02 1.211654e+02 4.164840e+01
      endloop
   endfacet
   facet normal 2.175317e-16 -5.439178e-16 1.000000e+00
      outer loop
         vertex 1.278015e+02 1.163014e+02 4.164840e+01
         vertex 1.325873e+02 1.211654e+02 4.164840e+01
         vertex 1.254596e+02 1.239509e+02 4.164840e+01
      endloop
   endfacet
   facet normal 2.175317e-16 -5.439178e-16 1.000000e+00
      outer loop
         vertex 1.326708e+02 1.162234e+02 4.164840e+01
         vertex 1.351190e+02 1.205819e+02 4.164840e+01
         vertex 1.322317e+02 1.176577e+02 4.164840e+01
      endloop
   endfacet
   facet normal 2.175317e-16 -5.439178e-16 1.000000e+00
      outer loop
         vertex 1.322317e+02 1.176577e+02 4.164840e+01
         vertex 1.351190e+02 1.205819e+02 4.164840e+01
         vertex 1.344607e+02 1.201702e+02 4.164840e+01
      endloop
   endfacet
   facet normal 2.175317e-16 -5.439178e-16 1.000000e+00
      outer loop
         vertex 1.322317e+02 1.176577e+02 4.164840e+01
         vertex 1.344607e+02 1.201702e+02 4.164840e+01
         vertex 1.336847e+02 1.201428e+02 4.164840e+01
      endloop
   endfacet
   facet normal 2.175317e-16 -5.439178e-16 1.000000e+00
      outer loop
         vertex 1.326708e+02 1.162234e+02 4.164840e+01
         vertex 1.354121e+02 1.170626e+02 4.164840e+01
         vertex 1.351190e+02 1.205819e+02 4.164840e+01
      endloop
   endfacet
   facet normal 2.175317e-16 -5.439178e-16 1.000000e+00
      outer loop
         vertex 1.351190e+02 1.205819e+02 4.164840e+01
         vertex 1.354121e+02 1.170626e+02 4.164840e+01
         vertex 1.382164e+02 1.193761e+02 4.164840e+01
      endloop
   endfacet
   facet normal 2.175317e-16 -5.439178e-16 1.000000e+00
      outer loop
         vertex 1.351190e+02 1.205819e+02 4.164840e+01
         vertex 1.382164e+02 1.193761e+02 4.164840e+01
         vertex 1.354832e+02 1.212676e+02 4.164840e+01
      endloop
   endfacet
   facet normal 2.175317e-16 -5.439178e-16 1.000000e+00
      outer loop
         vertex 1.354832e+02 1.212676e+02 4.164840e+01
         vertex 1.382164e+02 1.193761e+02 4.164840e+01
         vertex 1.387499e+02 1.211510e+02 4.164840e+01
      endloop
   endfacet
   facet normal 2.175317e-16 -5.439178e-16 1.000000e+00
      outer loop
         vertex 1.354832e+02 1.212676e+02 4.164840e+01
         vertex 1.387499e+02 1.211510e+02 4.164840e+01
         vertex 1.354559e+02 1.220436e+02 4.164840e+01
      endloop
   endfacet
   facet normal 2.175317e-16 -5.439178e-16 1.000000e+00
      outer loop
         vertex 1.354559e+02 1.220436e+02 4.164840e+01
         vertex 1.387499e+02 1.211510e+02 4.164840e+01
         vertex 1.385635e+02 1.229950e+02 4.164840e+01
      endloop
   endfacet
   facet normal 2.175317e-16 -5.439178e-16 1.000000e+00
      outer loop
         vertex 1.354559e+02 1.220436e+02 4.164840e+01
         vertex 1.385635e+02 1.229950e+02 4.164840e+01
         vertex 1.350441e+02 1.227019e+02 4.164840e+01
      endloop
   endfacet
   facet normal 2.175317e-16 -5.439178e-16 1.000000e+00
      outer loop
         vertex 1.325873e+02 1.211654e+02 4.164840e+01
         vertex 1.325599e+02 1.219414e+02 4.164840e+01
         vertex 1.254596e+02 1.239509e+02 4.164840e+01
      endloop
   endfacet
   facet normal 2.175317e-16 -5.439178e-16 1.000000e+00
      outer loop
         vertex 1.254596e+02 1.239509e+02 4.164840e+01
         vertex 1.325599e+02 1.219414e+02 4.164840e+01
         vertex 1.329241e+02 1.226271e+02 4.164840e+01
      endloop
   endfacet
   facet normal 2.175317e-16 -5.439178e-16 1.000000e+00
      outer loop
         vertex 1.254596e+02 1.239509e+02 4.164840e+01
         vertex 1.329241e+02 1.226271e+02 4.164840e+01
         vertex 1.326311e+02 1.261464e+02 4.164840e+01
      endloop
   endfacet
   facet normal 2.175317e-16 -5.439178e-16 1.000000e+00
      outer loop
         vertex 1.326311e+02 1.261464e+02 4.164840e+01
         vertex 1.329241e+02 1.226271e+02 4.164840e+01
         vertex 1.335825e+02 1.230388e+02 4.164840e+01
      endloop
   endfacet
   facet normal 2.175317e-16 -5.439178e-16 1.000000e+00
      outer loop
         vertex 1.326311e+02 1.261464e+02 4.164840e+01
         vertex 1.335825e+02 1.230388e+02 4.164840e+01
         vertex 1.344750e+02 1.263328e+02 4.164840e+01
      endloop
   endfacet
   facet normal 2.175317e-16 -5.439178e-16 1.000000e+00
      outer loop
         vertex 1.344750e+02 1.263328e+02 4.164840e+01
         vertex 1.335825e+02 1.230388e+02 4.164840e+01
         vertex 1.343584e+02 1.230662e+02 4.164840e+01
      endloop
   endfacet
   facet normal 2.175317e-16 -5.439178e-16 1.000000e+00
      outer loop
         vertex 1.344750e+02 1.263328e+02 4.164840e+01
         vertex 1.343584e+02 1.230662e+02 4.164840e+01
         vertex 1.362500e+02 1.257994e+02 4.164840e+01
      endloop
   endfacet
   facet normal 2.175317e-16 -5.439178e-16 1.000000e+00
      outer loop
         vertex 1.362500e+02 1.257994e+02 4.164840e+01
         vertex 1.343584e+02 1.230662e+02 4.164840e+01
         vertex 1.350441e+02 1.227019e+02 4.164840e+01
      endloop
   endfacet
   facet normal 2.175317e-16 -5.439178e-16 1.000000e+00
      outer loop
         vertex 1.362500e+02 1.257994e+02 4.164840e+01
         vertex 1.350441e+02 1.227019e+02 4.164840e+01
         vertex 1.376856e+02 1.246273e+02 4.164840e+01
      endloop
   endfacet
   facet normal 2.175317e-16 -5.439178e-16 1.000000e+00
      outer loop
         vertex 1.376856e+02 1.246273e+02 4.164840e+01
         vertex 1.350441e+02 1.227019e+02 4.164840e+01
         vertex 1.385635e+02 1.229950e+02 4.164840e+01
      endloop
   endfacet
   facet normal -2.175317e-16 5.439178e-16 -1.000000e+00
      outer loop
         vertex 1.343584e+02 1.230662e+02 5.964840e+01
         vertex 1.335825e+02 1.230388e+02 5.964840e+01
         vertex 1.326311e+02 1.261464e+02 5.964840e+01
      endloop
   endfacet
   facet normal -2.175317e-16 5.439178e-16 -1.000000e+00
      outer loop
         vertex 1.326311e+02 1.261464e+02 5.964840e+01
         vertex 1.335825e+02 1.230388e+02 5.964840e+01
         vertex 1.254596e+02 1.239509e+02 5.964840e+01
      endloop
   endfacet
   facet normal -2.175317e-16 5.439178e-16 -1.000000e+00
      outer loop
         vertex 1.322317e+02 1.176577e+02 5.964840e+01
         vertex 1.278015e+02 1.163014e+02 5.964840e+01
         vertex 1.325599e+02 1.219414e+02 5.964840e+01
      endloop
   endfacet
   facet normal -2.175317e-16 5.439178e-16 -1.000000e+00
      outer loop
         vertex 1.325599e+02 1.219414e+02 5.964840e+01
         vertex 1.278015e+02 1.163014e+02 5.964840e+01
         vertex 1.254596e+02 1.239509e+02 5.964840e+01
      endloop
   endfacet
   facet normal -2.175317e-16 5.439178e-16 -1.000000e+00
      outer loop
         vertex 1.325599e+02 1.219414e+02 5.964840e+01
         vertex 1.254596e+02 1.239509e+02 5.964840e+01
         vertex 1.329241e+02 1.226271e+02 5.964840e+01
      endloop
   endfacet
   facet normal -2.175317e-16 5.439178e-16 -1.000000e+00
      outer loop
         vertex 1.329241e+02 1.226271e+02 5.964840e+01
         vertex 1.254596e+02 1.239509e+02 5.964840e+01
         vertex 1.335825e+02 1.230388e+02 5.964840e+01
      endloop
   endfacet
   facet normal -2.175317e-16 5.439178e-16 -1.000000e+00
      outer loop
         vertex 1.325599e+02 1.219414e+02 5.964840e+01
         vertex 1.325873e+02 1.211654e+02 5.964840e+01
         vertex 1.322317e+02 1.176577e+02 5.964840e+01
      endloop
   endfacet
   facet normal -2.175317e-16 5.439178e-16 -1.000000e+00
      outer loop
         vertex 1.322317e+02 1.176577e+02 5.964840e+01
         vertex 1.325873e+02 1.211654e+02 5.964840e+01
         vertex 1.329990e+02 1.205071e+02 5.964840e+01
      endloop
   endfacet
   facet normal -2.175317e-16 5.439178e-16 -1.000000e+00
      outer loop
         vertex 1.322317e+02 1.176577e+02 5.964840e+01
         vertex 1.329990e+02 1.205071e+02 5.964840e+01
         vertex 1.326708e+02 1.162234e+02 5.964840e+01
      endloop
   endfacet
   facet normal -2.175317e-16 5.439178e-16 -1.000000e+00
      outer loop
         vertex 1.326708e+02 1.162234e+02 5.964840e+01
         vertex 1.329990e+02 1.205071e+02 5.964840e+01
         vertex 1.336847e+02 1.201428e+02 5.964840e+01
      endloop
   endfacet
   facet normal -2.175317e-16 5.439178e-16 -1.000000e+00
      outer loop
         vertex 1.326708e+02 1.162234e+02 5.964840e+01
         vertex 1.336847e+02 1.201428e+02 5.964840e+01
         vertex 1.354121e+02 1.170626e+02 5.964840e+01
      endloop
   endfacet
   facet normal -2.175317e-16 5.439178e-16 -1.000000e+00
      outer loop
         vertex 1.354121e+02 1.170626e+02 5.964840e+01
         vertex 1.336847e+02 1.201428e+02 5.964840e+01
         vertex 1.344607e+02 1.201702e+02 5.964840e+01
      endloop
   endfacet
   facet normal -2.175317e-16 5.439178e-16 -1.000000e+00
      outer loop
         vertex 1.354121e+02 1.170626e+02 5.964840e+01
         vertex 1.344607e+02 1.201702e+02 5.964840e+01
         vertex 1.370443e+02 1.179404e+02 5.964840e+01
      endloop
   endfacet
   facet normal -2.175317e-16 5.439178e-16 -1.000000e+00
      outer loop
         vertex 1.370443e+02 1.179404e+02 5.964840e+01
         vertex 1.344607e+02 1.201702e+02 5.964840e+01
         vertex 1.351190e+02 1.205819e+02 5.964840e+01
      endloop
   endfacet
   facet normal -2.175317e-16 5.439178e-16 -1.000000e+00
      outer loop
         vertex 1.370443e+02 1.179404e+02 5.964840e+01
         vertex 1.351190e+02 1.205819e+02 5.964840e+01
         vertex 1.382164e+02 1.193761e+02 5.964840e+01
      endloop
   endfacet
   facet normal -2.175317e-16 5.439178e-16 -1.000000e+00
      outer loop
         vertex 1.382164e+02 1.193761e+02 5.964840e+01
         vertex 1.351190e+02 1.205819e+02 5.964840e+01
         vertex 1.354832e+02 1.212676e+02 5.964840e+01
      endloop
   endfacet
   facet normal -2.175317e-16 5.439178e-16 -1.000000e+00
      outer loop
         vertex 1.326311e+02 1.261464e+02 5.964840e+01
         vertex 1.344750e+02 1.263328e+02 5.964840e+01
         vertex 1.343584e+02 1.230662e+02 5.964840e+01
      endloop
   endfacet
   facet normal -2.175317e-16 5.439178e-16 -1.000000e+00
      outer loop
         vertex 1.343584e+02 1.230662e+02 5.964840e+01
         vertex 1.344750e+02 1.263328e+02 5.964840e+01
         vertex 1.362500e+02 1.257994e+02 5.964840e+01
      endloop
   endfacet
   facet normal -2.175317e-16 5.439178e-16 -1.000000e+00
      outer loop
         vertex 1.343584e+02 1.230662e+02 5.964840e+01
         vertex 1.362500e+02 1.257994e+02 5.964840e+01
         vertex 1.350441e+02 1.227019e+02 5.964840e+01
      endloop
   endfacet
   facet normal -2.175317e-16 5.439178e-16 -1.000000e+00
      outer loop
         vertex 1.350441e+02 1.227019e+02 5.964840e+01
         vertex 1.362500e+02 1.257994e+02 5.964840e+01
         vertex 1.376856e+02 1.246273e+02 5.964840e+01
      endloop
   endfacet
   facet normal -2.175317e-16 5.439178e-16 -1.000000e+00
      outer loop
         vertex 1.350441e+02 1.227019e+02 5.964840e+01
         vertex 1.376856e+02 1.246273e+02 5.964840e+01
         vertex 1.354559e+02 1.220436e+02 5.964840e+01
      endloop
   endfacet
   facet normal -2.175317e-16 5.439178e-16 -1.000000e+00
      outer loop
         vertex 1.354559e+02 1.220436e+02 5.964840e+01
         vertex 1.376856e+02 1.246273e+02 5.964840e+01
         vertex 1.385635e+02 1.229950e+02 5.964840e+01
      endloop
   endfacet
   facet normal -2.175317e-16 5.439178e-16 -1.000000e+00
      outer loop
         vertex 1.354559e+02 1.220436e+02 5.964840e+01
         vertex 1.385635e+02 1.229950e+02 5.964840e+01
         vertex 1.354832e+02 1.212676e+02 5.964840e+01
      endloop
   endfacet
   facet normal -2.175317e-16 5.439178e-16 -1.000000e+00
      outer loop
         vertex 1.354832e+02 1.212676e+02 5.964840e+01
         vertex 1.385635e+02 1.229950e+02 5.964840e+01
         vertex 1.387499e+02 1.211510e+02 5.964840e+01
      endloop
   endfacet
   facet normal -2.175317e-16 5.439178e-16 -1.000000e+00
      outer loop
         vertex 1.354832e+02 1.212676e+02 5.964840e+01
         vertex 1.387499e+02 1.211510e+02 5.964840e+01
         vertex 1.382164e+02 1.193761e+02 5.964840e+01
      endloop
   endfacet
   facet normal 2.175317e-16 -5.439178e-16 1.000000e+00
      outer loop
         vertex 1.327189e+02 1.258596e+02 6.264840e+01
         vertex 1.046236e+02 1.172583e+02 6.264840e+01
         vertex 1.325599e+02 1.219414e+02 6.264840e+01
      endloop
   endfacet
   facet normal 2.175317e-16 -5.439178e-16 1.000000e+00
      outer loop
         vertex 1.325873e+02 1.211654e+02 6.264840e+01
         vertex 1.033163e+02 1.129766e+02 6.264840e+01
         vertex 1.050560e+02 1.108299e+02 6.264840e+01
      endloop
   endfacet
   facet normal 2.175317e-16 -5.439178e-16 1.000000e+00
      outer loop
         vertex 1.046236e+02 1.172583e+02 6.264840e+01
         vertex 1.035041e+02 1.165850e+02 6.264840e+01
         vertex 1.028317e+02 1.154650e+02 6.264840e+01
      endloop
   endfacet
   facet normal 2.175317e-16 -5.439178e-16 1.000000e+00
      outer loop
         vertex 1.353242e+02 1.173494e+02 6.264840e+01
         vertex 1.368534e+02 1.181719e+02 6.264840e+01
         vertex 1.351190e+02 1.205819e+02 6.264840e+01
      endloop
   endfacet
   facet normal 2.175317e-16 -5.439178e-16 1.000000e+00
      outer loop
         vertex 1.351190e+02 1.205819e+02 6.264840e+01
         vertex 1.368534e+02 1.181719e+02 6.264840e+01
         vertex 1.379515e+02 1.195169e+02 6.264840e+01
      endloop
   endfacet
   facet normal 2.175317e-16 -5.439178e-16 1.000000e+00
      outer loop
         vertex 1.351190e+02 1.205819e+02 6.264840e+01
         vertex 1.379515e+02 1.195169e+02 6.264840e+01
         vertex 1.354832e+02 1.212676e+02 6.264840e+01
      endloop
   endfacet
   facet normal 2.175317e-16 -5.439178e-16 1.000000e+00
      outer loop
         vertex 1.354832e+02 1.212676e+02 6.264840e+01
         vertex 1.379515e+02 1.195169e+02 6.264840e+01
         vertex 1.384512e+02 1.211797e+02 6.264840e+01
      endloop
   endfacet
   facet normal 2.175317e-16 -5.439178e-16 1.000000e+00
      outer loop
         vertex 1.354832e+02 1.212676e+02 6.264840e+01
         vertex 1.384512e+02 1.211797e+02 6.264840e+01
         vertex 1.354559e+02 1.220436e+02 6.264840e+01
      endloop
   endfacet
   facet normal 2.175317e-16 -5.439178e-16 1.000000e+00
      outer loop
         vertex 1.354559e+02 1.220436e+02 6.264840e+01
         vertex 1.384512e+02 1.211797e+02 6.264840e+01
         vertex 1.382766e+02 1.229072e+02 6.264840e+01
      endloop
   endfacet
   facet normal 2.175317e-16 -5.439178e-16 1.000000e+00
      outer loop
         vertex 1.354559e+02 1.220436e+02 6.264840e+01
         vertex 1.382766e+02 1.229072e+02 6.264840e+01
         vertex 1.350441e+02 1.227019e+02 6.264840e+01
      endloop
   endfacet
   facet normal 2.175317e-16 -5.439178e-16 1.000000e+00
      outer loop
         vertex 1.329990e+02 1.205071e+02 6.264840e+01
         vertex 1.095485e+02 1.094583e+02 6.264840e+01
         vertex 1.336847e+02 1.201428e+02 6.264840e+01
      endloop
   endfacet
   facet normal 2.175317e-16 -5.439178e-16 1.000000e+00
      outer loop
         vertex 1.336847e+02 1.201428e+02 6.264840e+01
         vertex 1.095485e+02 1.094583e+02 6.264840e+01
         vertex 1.353242e+02 1.173494e+02 6.264840e+01
      endloop
   endfacet
   facet normal 2.175317e-16 -5.439178e-16 1.000000e+00
      outer loop
         vertex 1.336847e+02 1.201428e+02 6.264840e+01
         vertex 1.353242e+02 1.173494e+02 6.264840e+01
         vertex 1.344607e+02 1.201702e+02 6.264840e+01
      endloop
   endfacet
   facet normal 2.175317e-16 -5.439178e-16 1.000000e+00
      outer loop
         vertex 1.344607e+02 1.201702e+02 6.264840e+01
         vertex 1.353242e+02 1.173494e+02 6.264840e+01
         vertex 1.351190e+02 1.205819e+02 6.264840e+01
      endloop
   endfacet
   facet normal 2.175317e-16 -5.439178e-16 1.000000e+00
      outer loop
         vertex 1.329990e+02 1.205071e+02 6.264840e+01
         vertex 1.325873e+02 1.211654e+02 6.264840e+01
         vertex 1.095485e+02 1.094583e+02 6.264840e+01
      endloop
   endfacet
   facet normal 2.175317e-16 -5.439178e-16 1.000000e+00
      outer loop
         vertex 1.095485e+02 1.094583e+02 6.264840e+01
         vertex 1.325873e+02 1.211654e+02 6.264840e+01
         vertex 1.050560e+02 1.108299e+02 6.264840e+01
      endloop
   endfacet
   facet normal 2.175317e-16 -5.439178e-16 1.000000e+00
      outer loop
         vertex 1.095485e+02 1.094583e+02 6.264840e+01
         vertex 1.050560e+02 1.108299e+02 6.264840e+01
         vertex 1.079059e+02 1.092947e+02 6.264840e+01
      endloop
   endfacet
   facet normal 2.175317e-16 -5.439178e-16 1.000000e+00
      outer loop
         vertex 1.079059e+02 1.092947e+02 6.264840e+01
         vertex 1.050560e+02 1.108299e+02 6.264840e+01
         vertex 1.063271e+02 1.097767e+02 6.264840e+01
      endloop
   endfacet
   facet normal 2.175317e-16 -5.439178e-16 1.000000e+00
      outer loop
         vertex 1.325873e+02 1.211654e+02 6.264840e+01
         vertex 1.325599e+02 1.219414e+02 6.264840e+01
         vertex 1.033163e+02 1.129766e+02 6.264840e+01
      endloop
   endfacet
   facet normal 2.175317e-16 -5.439178e-16 1.000000e+00
      outer loop
         vertex 1.033163e+02 1.129766e+02 6.264840e+01
         vertex 1.325599e+02 1.219414e+02 6.264840e+01
         vertex 1.046236e+02 1.172583e+02 6.264840e+01
      endloop
   endfacet
   facet normal 2.175317e-16 -5.439178e-16 1.000000e+00
      outer loop
         vertex 1.033163e+02 1.129766e+02 6.264840e+01
         vertex 1.046236e+02 1.172583e+02 6.264840e+01
         vertex 1.027638e+02 1.141604e+02 6.264840e+01
      endloop
   endfacet
   facet normal 2.175317e-16 -5.439178e-16 1.000000e+00
      outer loop
         vertex 1.027638e+02 1.141604e+02 6.264840e+01
         vertex 1.046236e+02 1.172583e+02 6.264840e+01
         vertex 1.028317e+02 1.154650e+02 6.264840e+01
      endloop
   endfacet
   facet normal 2.175317e-16 -5.439178e-16 1.000000e+00
      outer loop
         vertex 1.325599e+02 1.219414e+02 6.264840e+01
         vertex 1.329241e+02 1.226271e+02 6.264840e+01
         vertex 1.327189e+02 1.258596e+02 6.264840e+01
      endloop
   endfacet
   facet normal 2.175317e-16 -5.439178e-16 1.000000e+00
      outer loop
         vertex 1.327189e+02 1.258596e+02 6.264840e+01
         vertex 1.329241e+02 1.226271e+02 6.264840e+01
         vertex 1.335825e+02 1.230388e+02 6.264840e+01
      endloop
   endfacet
   facet normal 2.175317e-16 -5.439178e-16 1.000000e+00
      outer loop
         vertex 1.327189e+02 1.258596e+02 6.264840e+01
         vertex 1.335825e+02 1.230388e+02 6.264840e+01
         vertex 1.344464e+02 1.260342e+02 6.264840e+01
      endloop
   endfacet
   facet normal 2.175317e-16 -5.439178e-16 1.000000e+00
      outer loop
         vertex 1.344464e+02 1.260342e+02 6.264840e+01
         vertex 1.335825e+02 1.230388e+02 6.264840e+01
         vertex 1.343584e+02 1.230662e+02 6.264840e+01
      endloop
   endfacet
   facet normal 2.175317e-16 -5.439178e-16 1.000000e+00
      outer loop
         vertex 1.344464e+02 1.260342e+02 6.264840e+01
         vertex 1.343584e+02 1.230662e+02 6.264840e+01
         vertex 1.361092e+02 1.255344e+02 6.264840e+01
      endloop
   endfacet
   facet normal 2.175317e-16 -5.439178e-16 1.000000e+00
      outer loop
         vertex 1.361092e+02 1.255344e+02 6.264840e+01
         vertex 1.343584e+02 1.230662e+02 6.264840e+01
         vertex 1.350441e+02 1.227019e+02 6.264840e+01
      endloop
   endfacet
   facet normal 2.175317e-16 -5.439178e-16 1.000000e+00
      outer loop
         vertex 1.361092e+02 1.255344e+02 6.264840e+01
         vertex 1.350441e+02 1.227019e+02 6.264840e+01
         vertex 1.374542e+02 1.244364e+02 6.264840e+01
      endloop
   endfacet
   facet normal 2.175317e-16 -5.439178e-16 1.000000e+00
      outer loop
         vertex 1.374542e+02 1.244364e+02 6.264840e+01
         vertex 1.350441e+02 1.227019e+02 6.264840e+01
         vertex 1.382766e+02 1.229072e+02 6.264840e+01
      endloop
   endfacet
   facet normal -2.175317e-16 5.439178e-16 -1.000000e+00
      outer loop
         vertex 1.343584e+02 1.230662e+02 3.864840e+01
         vertex 1.335825e+02 1.230388e+02 3.864840e+01
         vertex 1.327189e+02 1.258596e+02 3.864840e+01
      endloop
   endfacet
   facet normal -2.175317e-16 5.439178e-16 -1.000000e+00
      outer loop
         vertex 1.327189e+02 1.258596e+02 3.864840e+01
         vertex 1.335825e+02 1.230388e+02 3.864840e+01
         vertex 1.329241e+02 1.226271e+02 3.864840e+01
      endloop
   endfacet
   facet normal -2.175317e-16 5.439178e-16 -1.000000e+00
      outer loop
         vertex 1.327189e+02 1.258596e+02 3.864840e+01
         vertex 1.329241e+02 1.226271e+02 3.864840e+01
         vertex 1.046236e+02 1.172583e+02 3.864840e+01
      endloop
   endfacet
   facet normal -2.175317e-16 5.439178e-16 -1.000000e+00
      outer loop
         vertex 1.046236e+02 1.172583e+02 3.864840e+01
         vertex 1.329241e+02 1.226271e+02 3.864840e+01
         vertex 1.325599e+02 1.219414e+02 3.864840e+01
      endloop
   endfacet
   facet normal -2.175317e-16 5.439178e-16 -1.000000e+00
      outer loop
         vertex 1.046236e+02 1.172583e+02 3.864840e+01
         vertex 1.325599e+02 1.219414e+02 3.864840e+01
         vertex 1.325873e+02 1.211654e+02 3.864840e+01
      endloop
   endfacet
   facet normal -2.175317e-16 5.439178e-16 -1.000000e+00
      outer loop
         vertex 1.028317e+02 1.154650e+02 3.864840e+01
         vertex 1.035041e+02 1.165850e+02 3.864840e+01
         vertex 1.046236e+02 1.172583e+02 3.864840e+01
      endloop
   endfacet
   facet normal -2.175317e-16 5.439178e-16 -1.000000e+00
      outer loop
         vertex 1.095485e+02 1.094583e+02 3.864840e+01
         vertex 1.079059e+02 1.092947e+02 3.864840e+01
         vertex 1.063271e+02 1.097767e+02 3.864840e+01
      endloop
   endfacet
   facet normal -2.175317e-16 5.439178e-16 -1.000000e+00
      outer loop
         vertex 1.353242e+02 1.173494e+02 3.864840e+01
         vertex 1.344607e+02 1.201702e+02 3.864840e+01
         vertex 1.368534e+02 1.181719e+02 3.864840e+01
      endloop
   endfacet
   facet normal -2.175317e-16 5.439178e-16 -1.000000e+00
      outer loop
         vertex 1.368534e+02 1.181719e+02 3.864840e+01
         vertex 1.344607e+02 1.201702e+02 3.864840e+01
         vertex 1.351190e+02 1.205819e+02 3.864840e+01
      endloop
   endfacet
   facet normal -2.175317e-16 5.439178e-16 -1.000000e+00
      outer loop
         vertex 1.368534e+02 1.181719e+02 3.864840e+01
         vertex 1.351190e+02 1.205819e+02 3.864840e+01
         vertex 1.379515e+02 1.195169e+02 3.864840e+01
      endloop
   endfacet
   facet normal -2.175317e-16 5.439178e-16 -1.000000e+00
      outer loop
         vertex 1.379515e+02 1.195169e+02 3.864840e+01
         vertex 1.351190e+02 1.205819e+02 3.864840e+01
         vertex 1.354832e+02 1.212676e+02 3.864840e+01
      endloop
   endfacet
   facet normal -2.175317e-16 5.439178e-16 -1.000000e+00
      outer loop
         vertex 1.329990e+02 1.205071e+02 3.864840e+01
         vertex 1.050560e+02 1.108299e+02 3.864840e+01
         vertex 1.325873e+02 1.211654e+02 3.864840e+01
      endloop
   endfacet
   facet normal -2.175317e-16 5.439178e-16 -1.000000e+00
      outer loop
         vertex 1.325873e+02 1.211654e+02 3.864840e+01
         vertex 1.050560e+02 1.108299e+02 3.864840e+01
         vertex 1.033163e+02 1.129766e+02 3.864840e+01
      endloop
   endfacet
   facet normal -2.175317e-16 5.439178e-16 -1.000000e+00
      outer loop
         vertex 1.325873e+02 1.211654e+02 3.864840e+01
         vertex 1.033163e+02 1.129766e+02 3.864840e+01
         vertex 1.046236e+02 1.172583e+02 3.864840e+01
      endloop
   endfacet
   facet normal -2.175317e-16 5.439178e-16 -1.000000e+00
      outer loop
         vertex 1.046236e+02 1.172583e+02 3.864840e+01
         vertex 1.033163e+02 1.129766e+02 3.864840e+01
         vertex 1.027638e+02 1.141604e+02 3.864840e+01
      endloop
   endfacet
   facet normal -2.175317e-16 5.439178e-16 -1.000000e+00
      outer loop
         vertex 1.046236e+02 1.172583e+02 3.864840e+01
         vertex 1.027638e+02 1.141604e+02 3.864840e+01
         vertex 1.028317e+02 1.154650e+02 3.864840e+01
      endloop
   endfacet
   facet normal -2.175317e-16 5.439178e-16 -1.000000e+00
      outer loop
         vertex 1.063271e+02 1.097767e+02 3.864840e+01
         vertex 1.050560e+02 1.108299e+02 3.864840e+01
         vertex 1.095485e+02 1.094583e+02 3.864840e+01
      endloop
   endfacet
   facet normal -2.175317e-16 5.439178e-16 -1.000000e+00
      outer loop
         vertex 1.095485e+02 1.094583e+02 3.864840e+01
         vertex 1.050560e+02 1.108299e+02 3.864840e+01
         vertex 1.329990e+02 1.205071e+02 3.864840e+01
      endloop
   endfacet
   facet normal -2.175317e-16 5.439178e-16 -1.000000e+00
      outer loop
         vertex 1.095485e+02 1.094583e+02 3.864840e+01
         vertex 1.329990e+02 1.205071e+02 3.864840e+01
         vertex 1.353242e+02 1.173494e+02 3.864840e+01
      endloop
   endfacet
   facet normal -2.175317e-16 5.439178e-16 -1.000000e+00
      outer loop
         vertex 1.353242e+02 1.173494e+02 3.864840e+01
         vertex 1.329990e+02 1.205071e+02 3.864840e+01
         vertex 1.336847e+02 1.201428e+02 3.864840e+01
      endloop
   endfacet
   facet normal -2.175317e-16 5.439178e-16 -1.000000e+00
      outer loop
         vertex 1.353242e+02 1.173494e+02 3.864840e+01
         vertex 1.336847e+02 1.201428e+02 3.864840e+01
         vertex 1.344607e+02 1.201702e+02 3.864840e+01
      endloop
   endfacet
   facet normal -2.175317e-16 5.439178e-16 -1.000000e+00
      outer loop
         vertex 1.327189e+02 1.258596e+02 3.864840e+01
         vertex 1.344464e+02 1.260342e+02 3.864840e+01
         vertex 1.343584e+02 1.230662e+02 3.864840e+01
      endloop
   endfacet
   facet normal -2.175317e-16 5.439178e-16 -1.000000e+00
      outer loop
         vertex 1.343584e+02 1.230662e+02 3.864840e+01
         vertex 1.344464e+02 1.260342e+02 3.864840e+01
         vertex 1.361092e+02 1.255344e+02 3.864840e+01
      endloop
   endfacet
   facet normal -2.175317e-16 5.439178e-16 -1.000000e+00
      outer loop
         vertex 1.343584e+02 1.230662e+02 3.864840e+01
         vertex 1.361092e+02 1.255344e+02 3.864840e+01
         vertex 1.350441e+02 1.227019e+02 3.864840e+01
      endloop
   endfacet
   facet normal -2.175317e-16 5.439178e-16 -1.000000e+00
      outer loop
         vertex 1.350441e+02 1.227019e+02 3.864840e+01
         vertex 1.361092e+02 1.255344e+02 3.864840e+01
         vertex 1.374542e+02 1.244364e+02 3.864840e+01
      endloop
   endfacet
   facet normal -2.175317e-16 5.439178e-16 -1.000000e+00
      outer loop
         vertex 1.350441e+02 1.227019e+02 3.864840e+01
         vertex 1.374542e+02 1.244364e+02 3.864840e+01
         vertex 1.354559e+02 1.220436e+02 3.864840e+01
      endloop
   endfacet
   facet normal -2.175317e-16 5.439178e-16 -1.000000e+00
      outer loop
         vertex 1.354559e+02 1.220436e+02 3.864840e+01
         vertex 1.374542e+02 1.244364e+02 3.864840e+01
         vertex 1.382766e+02 1.229072e+02 3.864840e+01
      endloop
   endfacet
   facet normal -2.175317e-16 5.439178e-16 -1.000000e+00
      outer loop
         vertex 1.354559e+02 1.220436e+02 3.864840e+01
         vertex 1.382766e+02 1.229072e+02 3.864840e+01
         vertex 1.354832e+02 1.212676e+02 3.864840e+01
      endloop
   endfacet
   facet normal -2.175317e-16 5.439178e-16 -1.000000e+00
      outer loop
         vertex 1.354832e+02 1.212676e+02 3.864840e+01
         vertex 1.382766e+02 1.229072e+02 3.864840e+01
         vertex 1.384512e+02 1.211797e+02 3.864840e+01
      endloop
   endfacet
   facet normal -2.175317e-16 5.439178e-16 -1.000000e+00
      outer loop
         vertex 1.354832e+02 1.212676e+02 3.864840e+01
         vertex 1.384512e+02 1.211797e+02 3.864840e+01
         vertex 1.379515e+02 1.195169e+02 3.864840e+01
      endloop
   endfacet
   facet normal -1.005675e-01 9.949302e-01 5.630369e-16
      outer loop
         vertex 1.326311e+02 1.261464e+02 5.964840e+01
         vertex 1.326311e+02 1.261464e+02 6.234840e+01
         vertex 1.344750e+02 1.263328e+02 6.234840e+01
      endloop
   endfacet
   facet normal -1.005675e-01 9.949302e-01 5.630369e-16
      outer loop
         vertex 1.326311e+02 1.261464e+02 5.964840e+01
         vertex 1.344750e+02 1.263328e+02 6.234840e+01
         vertex 1.344750e+02 1.263328e+02 5.964840e+01
      endloop
   endfacet
   facet normal 2.878327e-01 9.576807e-01 4.582869e-16
      outer loop
         vertex 1.344750e+02 1.263328e+02 5.964840e+01
         vertex 1.344750e+02 1.263328e+02 6.234840e+01
         vertex 1.362500e+02 1.257994e+02 6.234840e+01
      endloop
   endfacet
   facet normal 2.878327e-01 9.576807e-01 4.582869e-16
      outer loop
         vertex 1.344750e+02 1.263328e+02 5.964840e+01
         vertex 1.362500e+02 1.257994e+02 6.234840e+01
         vertex 1.362500e+02 1.257994e+02 5.964840e+01
      endloop
   endfacet
   facet normal 6.324095e-01 7.746342e-01 2.837683e-16
      outer loop
         vertex 1.362500e+02 1.257994e+02 5.964840e+01
         vertex 1.362500e+02 1.257994e+02 6.234840e+01
         vertex 1.376856e+02 1.246273e+02 6.234840e+01
      endloop
   endfacet
   facet normal 6.324095e-01 7.746342e-01 2.837683e-16
      outer loop
         vertex 1.362500e+02 1.257994e+02 5.964840e+01
         vertex 1.376856e+02 1.246273e+02 6.234840e+01
         vertex 1.376856e+02 1.246273e+02 5.964840e+01
      endloop
   endfacet
   facet normal 8.807101e-01 4.736558e-01 6.604752e-17
      outer loop
         vertex 1.376856e+02 1.246273e+02 5.964840e+01
         vertex 1.376856e+02 1.246273e+02 6.234840e+01
         vertex 1.385635e+02 1.229950e+02 6.234840e+01
      endloop
   endfacet
   facet normal 8.807101e-01 4.736558e-01 6.604752e-17
      outer loop
         vertex 1.376856e+02 1.246273e+02 5.964840e+01
         vertex 1.385635e+02 1.229950e+02 6.234840e+01
         vertex 1.385635e+02 1.229950e+02 5.964840e+01
      endloop
   endfacet
   facet normal 9.949304e-01 1.005657e-01 -1.617294e-16
      outer loop
         vertex 1.385635e+02 1.229950e+02 5.964840e+01
         vertex 1.385635e+02 1.229950e+02 6.234840e+01
         vertex 1.387499e+02 1.211510e+02 6.234840e+01
      endloop
   endfacet
   facet normal 9.949304e-01 1.005657e-01 -1.617294e-16
      outer loop
         vertex 1.385635e+02 1.229950e+02 5.964840e+01
         vertex 1.387499e+02 1.211510e+02 6.234840e+01
         vertex 1.387499e+02 1.211510e+02 5.964840e+01
      endloop
   endfacet
   facet normal 9.576812e-01 -2.878310e-01 -3.648824e-16
      outer loop
         vertex 1.387499e+02 1.211510e+02 5.964840e+01
         vertex 1.387499e+02 1.211510e+02 6.234840e+01
         vertex 1.382164e+02 1.193761e+02 6.234840e+01
      endloop
   endfacet
   facet normal 9.576812e-01 -2.878310e-01 -3.648824e-16
      outer loop
         vertex 1.387499e+02 1.211510e+02 5.964840e+01
         vertex 1.382164e+02 1.193761e+02 6.234840e+01
         vertex 1.382164e+02 1.193761e+02 5.964840e+01
      endloop
   endfacet
   facet normal 7.746337e-01 -6.324101e-01 -5.124865e-16
      outer loop
         vertex 1.382164e+02 1.193761e+02 5.964840e+01
         vertex 1.382164e+02 1.193761e+02 6.234840e+01
         vertex 1.370443e+02 1.179404e+02 6.234840e+01
      endloop
   endfacet
   facet normal 7.746337e-01 -6.324101e-01 -5.124865e-16
      outer loop
         vertex 1.382164e+02 1.193761e+02 5.964840e+01
         vertex 1.370443e+02 1.179404e+02 6.234840e+01
         vertex 1.370443e+02 1.179404e+02 5.964840e+01
      endloop
   endfacet
   facet normal 4.736550e-01 -8.807105e-01 -5.820691e-16
      outer loop
         vertex 1.370443e+02 1.179404e+02 5.964840e+01
         vertex 1.370443e+02 1.179404e+02 6.234840e+01
         vertex 1.354121e+02 1.170626e+02 6.234840e+01
      endloop
   endfacet
   facet normal 4.736550e-01 -8.807105e-01 -5.820691e-16
      outer loop
         vertex 1.370443e+02 1.179404e+02 5.964840e+01
         vertex 1.354121e+02 1.170626e+02 6.234840e+01
         vertex 1.354121e+02 1.170626e+02 5.964840e+01
      endloop
   endfacet
   facet normal -1.005675e-01 9.949302e-01 5.630369e-16
      outer loop
         vertex 1.326311e+02 1.261464e+02 3.894840e+01
         vertex 1.326311e+02 1.261464e+02 4.164840e+01
         vertex 1.344750e+02 1.263328e+02 4.164840e+01
      endloop
   endfacet
   facet normal -1.005675e-01 9.949302e-01 5.630369e-16
      outer loop
         vertex 1.326311e+02 1.261464e+02 3.894840e+01
         vertex 1.344750e+02 1.263328e+02 4.164840e+01
         vertex 1.344750e+02 1.263328e+02 3.894840e+01
      endloop
   endfacet
   facet normal 2.878327e-01 9.576807e-01 4.582869e-16
      outer loop
         vertex 1.344750e+02 1.263328e+02 3.894840e+01
         vertex 1.344750e+02 1.263328e+02 4.164840e+01
         vertex 1.362500e+02 1.257994e+02 4.164840e+01
      endloop
   endfacet
   facet normal 2.878327e-01 9.576807e-01 4.582869e-16
      outer loop
         vertex 1.344750e+02 1.263328e+02 3.894840e+01
         vertex 1.362500e+02 1.257994e+02 4.164840e+01
         vertex 1.362500e+02 1.257994e+02 3.894840e+01
      endloop
   endfacet
   facet normal 6.324095e-01 7.746342e-01 2.837683e-16
      outer loop
         vertex 1.362500e+02 1.257994e+02 3.894840e+01
         vertex 1.362500e+02 1.257994e+02 4.164840e+01
         vertex 1.376856e+02 1.246273e+02 4.164840e+01
      endloop
   endfacet
   facet normal 6.324095e-01 7.746342e-01 2.837683e-16
      outer loop
         vertex 1.362500e+02 1.257994e+02 3.894840e+01
         vertex 1.376856e+02 1.246273e+02 4.164840e+01
         vertex 1.376856e+02 1.246273e+02 3.894840e+01
      endloop
   endfacet
   facet normal 8.807101e-01 4.736558e-01 6.604752e-17
      outer loop
         vertex 1.376856e+02 1.246273e+02 3.894840e+01
         vertex 1.376856e+02 1.246273e+02 4.164840e+01
         vertex 1.385635e+02 1.229950e+02 4.164840e+01
      endloop
   endfacet
   facet normal 8.807101e-01 4.736558e-01 6.604752e-17
      outer loop
         vertex 1.376856e+02 1.246273e+02 3.894840e+01
         vertex 1.385635e+02 1.229950e+02 4.164840e+01
         vertex 1.385635e+02 1.229950e+02 3.894840e+01
      endloop
   endfacet
   facet normal 9.949304e-01 1.005657e-01 -1.617294e-16
      outer loop
         vertex 1.385635e+02 1.229950e+02 3.894840e+01
         vertex 1.385635e+02 1.229950e+02 4.164840e+01
         vertex 1.387499e+02 1.211510e+02 4.164840e+01
      endloop
   endfacet
   facet normal 9.949304e-01 1.005657e-01 -1.617294e-16
      outer loop
         vertex 1.385635e+02 1.229950e+02 3.894840e+01
         vertex 1.387499e+02 1.211510e+02 4.164840e+01
         vertex 1.387499e+02 1.211510e+02 3.894840e+01
      endloop
   endfacet
   facet normal 9.576812e-01 -2.878310e-01 -3.648824e-16
      outer loop
         vertex 1.387499e+02 1.211510e+02 3.894840e+01
         vertex 1.387499e+02 1.211510e+02 4.164840e+01
         vertex 1.382164e+02 1.193761e+02 4.164840e+01
      endloop
   endfacet
   facet normal 9.576812e-01 -2.878310e-01 -3.648824e-16
      outer loop
         vertex 1.387499e+02 1.211510e+02 3.894840e+01
         vertex 1.382164e+02 1.193761e+02 4.164840e+01
         vertex 1.382164e+02 1.193761e+02 3.894840e+01
      endloop
   endfacet
   facet normal 7.746337e-01 -6.324101e-01 -5.124865e-16
      outer loop
         vertex 1.382164e+02 1.193761e+02 3.894840e+01
         vertex 1.382164e+02 1.193761e+02 4.164840e+01
         vertex 1.370443e+02 1.179404e+02 4.164840e+01
      endloop
   endfacet
   facet normal 7.746337e-01 -6.324101e-01 -5.124865e-16
      outer loop
         vertex 1.382164e+02 1.193761e+02 3.894840e+01
         vertex 1.370443e+02 1.179404e+02 4.164840e+01
         vertex 1.370443e+02 1.179404e+02 3.894840e+01
      endloop
   endfacet
   facet normal 4.736550e-01 -8.807105e-01 -5.820691e-16
      outer loop
         vertex 1.370443e+02 1.179404e+02 3.894840e+01
         vertex 1.370443e+02 1.179404e+02 4.164840e+01
         vertex 1.354121e+02 1.170626e+02 4.164840e+01
      endloop
   endfacet
   facet normal 4.736550e-01 -8.807105e-01 -5.820691e-16
      outer loop
         vertex 1.370443e+02 1.179404e+02 3.894840e+01
         vertex 1.354121e+02 1.170626e+02 4.164840e+01
         vertex 1.354121e+02 1.170626e+02 3.894840e+01
      endloop
   endfacet
   facet normal -7.769062e-01 -6.296164e-01 -1.734579e-16
      outer loop
         vertex 1.048230e+02 1.106410e+02 3.894840e+01
         vertex 1.048230e+02 1.106410e+02 4.264840e+01
         vertex 1.030833e+02 1.127877e+02 3.894840e+01
      endloop
   endfacet
   facet normal -7.769062e-01 -6.296164e-01 -1.734579e-16
      outer loop
         vertex 1.030833e+02 1.127877e+02 3.894840e+01
         vertex 1.048230e+02 1.106410e+02 4.264840e+01
         vertex 1.030833e+02 1.127877e+02 4.264840e+01
      endloop
   endfacet
   facet normal 2.175317e-16 -5.439178e-16 1.000000e+00
      outer loop
         vertex 9.543696e+01 1.084334e+02 5.864840e+01
         vertex 9.475125e+01 1.087976e+02 5.864840e+01
         vertex 9.350087e+01 1.059496e+02 5.864840e+01
      endloop
   endfacet
   facet normal 2.175317e-16 -5.439178e-16 1.000000e+00
      outer loop
         vertex 9.350087e+01 1.059496e+02 5.864840e+01
         vertex 9.475125e+01 1.087976e+02 5.864840e+01
         vertex 9.433954e+01 1.094560e+02 5.864840e+01
      endloop
   endfacet
   facet normal 2.175317e-16 -5.439178e-16 1.000000e+00
      outer loop
         vertex 9.350087e+01 1.059496e+02 5.864840e+01
         vertex 9.433954e+01 1.094560e+02 5.864840e+01
         vertex 9.168168e+01 1.118918e+02 5.864840e+01
      endloop
   endfacet
   facet normal 2.175317e-16 -5.439178e-16 1.000000e+00
      outer loop
         vertex 9.168168e+01 1.118918e+02 5.864840e+01
         vertex 9.433954e+01 1.094560e+02 5.864840e+01
         vertex 9.431215e+01 1.102319e+02 5.864840e+01
      endloop
   endfacet
   facet normal 2.175317e-16 -5.439178e-16 1.000000e+00
      outer loop
         vertex 9.168168e+01 1.118918e+02 5.864840e+01
         vertex 9.431215e+01 1.102319e+02 5.864840e+01
         vertex 9.206554e+01 1.125321e+02 5.864840e+01
      endloop
   endfacet
   facet normal 2.175317e-16 -5.439178e-16 1.000000e+00
      outer loop
         vertex 9.206554e+01 1.125321e+02 5.864840e+01
         vertex 9.431215e+01 1.102319e+02 5.864840e+01
         vertex 9.467641e+01 1.109177e+02 5.864840e+01
      endloop
   endfacet
   facet normal 2.175317e-16 -5.439178e-16 1.000000e+00
      outer loop
         vertex 9.206554e+01 1.125321e+02 5.864840e+01
         vertex 9.467641e+01 1.109177e+02 5.864840e+01
         vertex 9.313472e+01 1.135575e+02 5.864840e+01
      endloop
   endfacet
   facet normal 2.175317e-16 -5.439178e-16 1.000000e+00
      outer loop
         vertex 9.313472e+01 1.135575e+02 5.864840e+01
         vertex 9.467641e+01 1.109177e+02 5.864840e+01
         vertex 9.533473e+01 1.113294e+02 5.864840e+01
      endloop
   endfacet
   facet normal 2.175317e-16 -5.439178e-16 1.000000e+00
      outer loop
         vertex 9.313472e+01 1.135575e+02 5.864840e+01
         vertex 9.533473e+01 1.113294e+02 5.864840e+01
         vertex 9.423211e+01 1.140769e+02 5.864840e+01
      endloop
   endfacet
   facet normal 2.175317e-16 -5.439178e-16 1.000000e+00
      outer loop
         vertex 9.423211e+01 1.140769e+02 5.864840e+01
         vertex 9.533473e+01 1.113294e+02 5.864840e+01
         vertex 1.033732e+02 1.168755e+02 5.864840e+01
      endloop
   endfacet
   facet normal 2.175317e-16 -5.439178e-16 1.000000e+00
      outer loop
         vertex 9.533473e+01 1.113294e+02 5.864840e+01
         vertex 9.611070e+01 1.113568e+02 5.864840e+01
         vertex 1.033732e+02 1.168755e+02 5.864840e+01
      endloop
   endfacet
   facet normal 2.175317e-16 -5.439178e-16 1.000000e+00
      outer loop
         vertex 1.033732e+02 1.168755e+02 5.864840e+01
         vertex 9.611070e+01 1.113568e+02 5.864840e+01
         vertex 9.679641e+01 1.109925e+02 5.864840e+01
      endloop
   endfacet
   facet normal 2.175317e-16 -5.439178e-16 1.000000e+00
      outer loop
         vertex 1.033732e+02 1.168755e+02 5.864840e+01
         vertex 9.679641e+01 1.109925e+02 5.864840e+01
         vertex 1.032919e+02 1.167971e+02 5.864840e+01
      endloop
   endfacet
   facet normal 2.175317e-16 -5.439178e-16 1.000000e+00
      outer loop
         vertex 1.032919e+02 1.167971e+02 5.864840e+01
         vertex 9.679641e+01 1.109925e+02 5.864840e+01
         vertex 1.025447e+02 1.155526e+02 5.864840e+01
      endloop
   endfacet
   facet normal 2.175317e-16 -5.439178e-16 1.000000e+00
      outer loop
         vertex 9.350087e+01 1.059496e+02 5.864840e+01
         vertex 9.417738e+01 1.056340e+02 5.864840e+01
         vertex 9.543696e+01 1.084334e+02 5.864840e+01
      endloop
   endfacet
   facet normal 2.175317e-16 -5.439178e-16 1.000000e+00
      outer loop
         vertex 9.543696e+01 1.084334e+02 5.864840e+01
         vertex 9.417738e+01 1.056340e+02 5.864840e+01
         vertex 9.563733e+01 1.053829e+02 5.864840e+01
      endloop
   endfacet
   facet normal 2.175317e-16 -5.439178e-16 1.000000e+00
      outer loop
         vertex 9.543696e+01 1.084334e+02 5.864840e+01
         vertex 9.563733e+01 1.053829e+02 5.864840e+01
         vertex 9.621293e+01 1.084608e+02 5.864840e+01
      endloop
   endfacet
   facet normal 2.175317e-16 -5.439178e-16 1.000000e+00
      outer loop
         vertex 9.621293e+01 1.084608e+02 5.864840e+01
         vertex 9.563733e+01 1.053829e+02 5.864840e+01
         vertex 9.683746e+01 1.055668e+02 5.864840e+01
      endloop
   endfacet
   facet normal 2.175317e-16 -5.439178e-16 1.000000e+00
      outer loop
         vertex 9.621293e+01 1.084608e+02 5.864840e+01
         vertex 9.683746e+01 1.055668e+02 5.864840e+01
         vertex 9.687125e+01 1.088725e+02 5.864840e+01
      endloop
   endfacet
   facet normal 2.175317e-16 -5.439178e-16 1.000000e+00
      outer loop
         vertex 9.687125e+01 1.088725e+02 5.864840e+01
         vertex 9.683746e+01 1.055668e+02 5.864840e+01
         vertex 1.080038e+02 1.089854e+02 5.864840e+01
      endloop
   endfacet
   facet normal 2.175317e-16 -5.439178e-16 1.000000e+00
      outer loop
         vertex 9.687125e+01 1.088725e+02 5.864840e+01
         vertex 1.080038e+02 1.089854e+02 5.864840e+01
         vertex 9.723551e+01 1.095582e+02 5.864840e+01
      endloop
   endfacet
   facet normal 2.175317e-16 -5.439178e-16 1.000000e+00
      outer loop
         vertex 9.723551e+01 1.095582e+02 5.864840e+01
         vertex 1.080038e+02 1.089854e+02 5.864840e+01
         vertex 1.078764e+02 1.089961e+02 5.864840e+01
      endloop
   endfacet
   facet normal 2.175317e-16 -5.439178e-16 1.000000e+00
      outer loop
         vertex 1.078764e+02 1.089961e+02 5.864840e+01
         vertex 1.061849e+02 1.095126e+02 5.864840e+01
         vertex 9.723551e+01 1.095582e+02 5.864840e+01
      endloop
   endfacet
   facet normal 2.175317e-16 -5.439178e-16 1.000000e+00
      outer loop
         vertex 9.723551e+01 1.095582e+02 5.864840e+01
         vertex 1.061849e+02 1.095126e+02 5.864840e+01
         vertex 1.048230e+02 1.106410e+02 5.864840e+01
      endloop
   endfacet
   facet normal 2.175317e-16 -5.439178e-16 1.000000e+00
      outer loop
         vertex 9.723551e+01 1.095582e+02 5.864840e+01
         vertex 1.048230e+02 1.106410e+02 5.864840e+01
         vertex 9.720812e+01 1.103342e+02 5.864840e+01
      endloop
   endfacet
   facet normal 2.175317e-16 -5.439178e-16 1.000000e+00
      outer loop
         vertex 9.720812e+01 1.103342e+02 5.864840e+01
         vertex 1.048230e+02 1.106410e+02 5.864840e+01
         vertex 1.030833e+02 1.127877e+02 5.864840e+01
      endloop
   endfacet
   facet normal 2.175317e-16 -5.439178e-16 1.000000e+00
      outer loop
         vertex 9.720812e+01 1.103342e+02 5.864840e+01
         vertex 1.030833e+02 1.127877e+02 5.864840e+01
         vertex 9.679641e+01 1.109925e+02 5.864840e+01
      endloop
   endfacet
   facet normal 2.175317e-16 -5.439178e-16 1.000000e+00
      outer loop
         vertex 9.679641e+01 1.109925e+02 5.864840e+01
         vertex 1.030833e+02 1.127877e+02 5.864840e+01
         vertex 1.024693e+02 1.141030e+02 5.864840e+01
      endloop
   endfacet
   facet normal 2.175317e-16 -5.439178e-16 1.000000e+00
      outer loop
         vertex 9.679641e+01 1.109925e+02 5.864840e+01
         vertex 1.024693e+02 1.141030e+02 5.864840e+01
         vertex 1.025447e+02 1.155526e+02 5.864840e+01
      endloop
   endfacet
   facet normal -2.175317e-16 5.439178e-16 -1.000000e+00
      outer loop
         vertex 9.168168e+01 1.118918e+02 4.264840e+01
         vertex 9.206554e+01 1.125321e+02 4.264840e+01
         vertex 9.467641e+01 1.109177e+02 4.264840e+01
      endloop
   endfacet
   facet normal -2.175317e-16 5.439178e-16 -1.000000e+00
      outer loop
         vertex 9.467641e+01 1.109177e+02 4.264840e+01
         vertex 9.206554e+01 1.125321e+02 4.264840e+01
         vertex 9.313472e+01 1.135575e+02 4.264840e+01
      endloop
   endfacet
   facet normal -2.175317e-16 5.439178e-16 -1.000000e+00
      outer loop
         vertex 9.467641e+01 1.109177e+02 4.264840e+01
         vertex 9.313472e+01 1.135575e+02 4.264840e+01
         vertex 9.533473e+01 1.113294e+02 4.264840e+01
      endloop
   endfacet
   facet normal -2.175317e-16 5.439178e-16 -1.000000e+00
      outer loop
         vertex 9.533473e+01 1.113294e+02 4.264840e+01
         vertex 9.313472e+01 1.135575e+02 4.264840e+01
         vertex 9.423211e+01 1.140769e+02 4.264840e+01
      endloop
   endfacet
   facet normal -2.175317e-16 5.439178e-16 -1.000000e+00
      outer loop
         vertex 9.533473e+01 1.113294e+02 4.264840e+01
         vertex 9.423211e+01 1.140769e+02 4.264840e+01
         vertex 9.611070e+01 1.113568e+02 4.264840e+01
      endloop
   endfacet
   facet normal -2.175317e-16 5.439178e-16 -1.000000e+00
      outer loop
         vertex 9.611070e+01 1.113568e+02 4.264840e+01
         vertex 9.423211e+01 1.140769e+02 4.264840e+01
         vertex 1.033732e+02 1.168755e+02 4.264840e+01
      endloop
   endfacet
   facet normal -2.175317e-16 5.439178e-16 -1.000000e+00
      outer loop
         vertex 9.611070e+01 1.113568e+02 4.264840e+01
         vertex 1.033732e+02 1.168755e+02 4.264840e+01
         vertex 9.679641e+01 1.109925e+02 4.264840e+01
      endloop
   endfacet
   facet normal -2.175317e-16 5.439178e-16 -1.000000e+00
      outer loop
         vertex 9.679641e+01 1.109925e+02 4.264840e+01
         vertex 1.033732e+02 1.168755e+02 4.264840e+01
         vertex 1.032919e+02 1.167971e+02 4.264840e+01
      endloop
   endfacet
   facet normal -2.175317e-16 5.439178e-16 -1.000000e+00
      outer loop
         vertex 9.467641e+01 1.109177e+02 4.264840e+01
         vertex 9.431215e+01 1.102319e+02 4.264840e+01
         vertex 9.168168e+01 1.118918e+02 4.264840e+01
      endloop
   endfacet
   facet normal -2.175317e-16 5.439178e-16 -1.000000e+00
      outer loop
         vertex 9.168168e+01 1.118918e+02 4.264840e+01
         vertex 9.431215e+01 1.102319e+02 4.264840e+01
         vertex 9.433954e+01 1.094560e+02 4.264840e+01
      endloop
   endfacet
   facet normal -2.175317e-16 5.439178e-16 -1.000000e+00
      outer loop
         vertex 9.168168e+01 1.118918e+02 4.264840e+01
         vertex 9.433954e+01 1.094560e+02 4.264840e+01
         vertex 9.350087e+01 1.059496e+02 4.264840e+01
      endloop
   endfacet
   facet normal -2.175317e-16 5.439178e-16 -1.000000e+00
      outer loop
         vertex 9.350087e+01 1.059496e+02 4.264840e+01
         vertex 9.433954e+01 1.094560e+02 4.264840e+01
         vertex 9.475125e+01 1.087976e+02 4.264840e+01
      endloop
   endfacet
   facet normal -2.175317e-16 5.439178e-16 -1.000000e+00
      outer loop
         vertex 9.350087e+01 1.059496e+02 4.264840e+01
         vertex 9.475125e+01 1.087976e+02 4.264840e+01
         vertex 9.417738e+01 1.056340e+02 4.264840e+01
      endloop
   endfacet
   facet normal -2.175317e-16 5.439178e-16 -1.000000e+00
      outer loop
         vertex 9.417738e+01 1.056340e+02 4.264840e+01
         vertex 9.475125e+01 1.087976e+02 4.264840e+01
         vertex 9.543696e+01 1.084334e+02 4.264840e+01
      endloop
   endfacet
   facet normal -2.175317e-16 5.439178e-16 -1.000000e+00
      outer loop
         vertex 9.417738e+01 1.056340e+02 4.264840e+01
         vertex 9.543696e+01 1.084334e+02 4.264840e+01
         vertex 9.563733e+01 1.053829e+02 4.264840e+01
      endloop
   endfacet
   facet normal -2.175317e-16 5.439178e-16 -1.000000e+00
      outer loop
         vertex 9.563733e+01 1.053829e+02 4.264840e+01
         vertex 9.543696e+01 1.084334e+02 4.264840e+01
         vertex 9.621293e+01 1.084608e+02 4.264840e+01
      endloop
   endfacet
   facet normal -2.175317e-16 5.439178e-16 -1.000000e+00
      outer loop
         vertex 9.563733e+01 1.053829e+02 4.264840e+01
         vertex 9.621293e+01 1.084608e+02 4.264840e+01
         vertex 9.683746e+01 1.055668e+02 4.264840e+01
      endloop
   endfacet
   facet normal -2.175317e-16 5.439178e-16 -1.000000e+00
      outer loop
         vertex 9.683746e+01 1.055668e+02 4.264840e+01
         vertex 9.621293e+01 1.084608e+02 4.264840e+01
         vertex 1.080038e+02 1.089854e+02 4.264840e+01
      endloop
   endfacet
   facet normal -2.175317e-16 5.439178e-16 -1.000000e+00
      outer loop
         vertex 9.621293e+01 1.084608e+02 4.264840e+01
         vertex 9.687125e+01 1.088725e+02 4.264840e+01
         vertex 1.080038e+02 1.089854e+02 4.264840e+01
      endloop
   endfacet
   facet normal -2.175317e-16 5.439178e-16 -1.000000e+00
      outer loop
         vertex 1.080038e+02 1.089854e+02 4.264840e+01
         vertex 9.687125e+01 1.088725e+02 4.264840e+01
         vertex 9.723551e+01 1.095582e+02 4.264840e+01
      endloop
   endfacet
   facet normal -2.175317e-16 5.439178e-16 -1.000000e+00
      outer loop
         vertex 1.080038e+02 1.089854e+02 4.264840e+01
         vertex 9.723551e+01 1.095582e+02 4.264840e+01
         vertex 1.078764e+02 1.089961e+02 4.264840e+01
      endloop
   endfacet
   facet normal -2.175317e-16 5.439178e-16 -1.000000e+00
      outer loop
         vertex 1.078764e+02 1.089961e+02 4.264840e+01
         vertex 9.723551e+01 1.095582e+02 4.264840e+01
         vertex 1.061849e+02 1.095126e+02 4.264840e+01
      endloop
   endfacet
   facet normal -2.175317e-16 5.439178e-16 -1.000000e+00
      outer loop
         vertex 1.032919e+02 1.167971e+02 4.264840e+01
         vertex 1.025447e+02 1.155526e+02 4.264840e+01
         vertex 9.679641e+01 1.109925e+02 4.264840e+01
      endloop
   endfacet
   facet normal -2.175317e-16 5.439178e-16 -1.000000e+00
      outer loop
         vertex 9.679641e+01 1.109925e+02 4.264840e+01
         vertex 1.025447e+02 1.155526e+02 4.264840e+01
         vertex 1.024693e+02 1.141030e+02 4.264840e+01
      endloop
   endfacet
   facet normal -2.175317e-16 5.439178e-16 -1.000000e+00
      outer loop
         vertex 9.679641e+01 1.109925e+02 4.264840e+01
         vertex 1.024693e+02 1.141030e+02 4.264840e+01
         vertex 9.720812e+01 1.103342e+02 4.264840e+01
      endloop
   endfacet
   facet normal -2.175317e-16 5.439178e-16 -1.000000e+00
      outer loop
         vertex 9.720812e+01 1.103342e+02 4.264840e+01
         vertex 1.024693e+02 1.141030e+02 4.264840e+01
         vertex 1.030833e+02 1.127877e+02 4.264840e+01
      endloop
   endfacet
   facet normal -2.175317e-16 5.439178e-16 -1.000000e+00
      outer loop
         vertex 9.720812e+01 1.103342e+02 4.264840e+01
         vertex 1.030833e+02 1.127877e+02 4.264840e+01
         vertex 9.723551e+01 1.095582e+02 4.264840e+01
      endloop
   endfacet
   facet normal -2.175317e-16 5.439178e-16 -1.000000e+00
      outer loop
         vertex 9.723551e+01 1.095582e+02 4.264840e+01
         vertex 1.030833e+02 1.127877e+02 4.264840e+01
         vertex 1.048230e+02 1.106410e+02 4.264840e+01
      endloop
   endfacet
   facet normal -2.175317e-16 5.439178e-16 -1.000000e+00
      outer loop
         vertex 9.723551e+01 1.095582e+02 4.264840e+01
         vertex 1.048230e+02 1.106410e+02 4.264840e+01
         vertex 1.061849e+02 1.095126e+02 4.264840e+01
      endloop
   endfacet
   facet normal 3.259791e-01 -9.453770e-01 -5.851182e-16
      outer loop
         vertex 7.799108e+01 9.909897e+01 4.844840e+01
         vertex 7.799108e+01 9.909897e+01 5.284840e+01
         vertex 7.623662e+01 9.849401e+01 5.284840e+01
      endloop
   endfacet
   facet normal 3.259791e-01 -9.453770e-01 -5.851182e-16
      outer loop
         vertex 7.799108e+01 9.909897e+01 4.844840e+01
         vertex 7.623662e+01 9.849401e+01 5.284840e+01
         vertex 7.623662e+01 9.849401e+01 4.844840e+01
      endloop
   endfacet
   facet normal -4.165225e-02 -9.991322e-01 -5.343851e-16
      outer loop
         vertex 7.623662e+01 9.849401e+01 4.844840e+01
         vertex 7.623662e+01 9.849401e+01 5.284840e+01
         vertex 7.438240e+01 9.857131e+01 5.284840e+01
      endloop
   endfacet
   facet normal -4.165225e-02 -9.991322e-01 -5.343851e-16
      outer loop
         vertex 7.623662e+01 9.849401e+01 4.844840e+01
         vertex 7.438240e+01 9.857131e+01 5.284840e+01
         vertex 7.438240e+01 9.857131e+01 4.844840e+01
      endloop
   endfacet
   facet normal -4.035354e-01 -9.149640e-01 -4.098835e-16
      outer loop
         vertex 7.438240e+01 9.857131e+01 4.844840e+01
         vertex 7.438240e+01 9.857131e+01 5.284840e+01
         vertex 7.268438e+01 9.932020e+01 5.284840e+01
      endloop
   endfacet
   facet normal -4.035354e-01 -9.149640e-01 -4.098835e-16
      outer loop
         vertex 7.438240e+01 9.857131e+01 4.844840e+01
         vertex 7.268438e+01 9.932020e+01 5.284840e+01
         vertex 7.268438e+01 9.932020e+01 4.844840e+01
      endloop
   endfacet
   facet normal -7.097119e-01 -7.044920e-01 -2.288010e-16
      outer loop
         vertex 7.268438e+01 9.932020e+01 4.844840e+01
         vertex 7.268438e+01 9.932020e+01 5.284840e+01
         vertex 7.137697e+01 1.006373e+02 5.284840e+01
      endloop
   endfacet
   facet normal -7.097119e-01 -7.044920e-01 -2.288010e-16
      outer loop
         vertex 7.268438e+01 9.932020e+01 4.844840e+01
         vertex 7.137697e+01 1.006373e+02 5.284840e+01
         vertex 7.137697e+01 1.006373e+02 4.844840e+01
      endloop
   endfacet
   facet normal -9.179180e-01 -3.967702e-01 -1.613414e-17
      outer loop
         vertex 7.137697e+01 1.006373e+02 4.844840e+01
         vertex 7.137697e+01 1.006373e+02 5.284840e+01
         vertex 7.064063e+01 1.023408e+02 5.284840e+01
      endloop
   endfacet
   facet normal -9.179180e-01 -3.967702e-01 -1.613414e-17
      outer loop
         vertex 7.137697e+01 1.006373e+02 4.844840e+01
         vertex 7.064063e+01 1.023408e+02 5.284840e+01
         vertex 7.064063e+01 1.023408e+02 4.844840e+01
      endloop
   endfacet
   facet normal -9.994124e-01 -3.427588e-02 1.987606e-16
      outer loop
         vertex 7.064063e+01 1.023408e+02 4.844840e+01
         vertex 7.064063e+01 1.023408e+02 5.284840e+01
         vertex 7.057702e+01 1.041955e+02 5.284840e+01
      endloop
   endfacet
   facet normal -9.994124e-01 -3.427588e-02 1.987606e-16
      outer loop
         vertex 7.064063e+01 1.023408e+02 4.844840e+01
         vertex 7.057702e+01 1.041955e+02 5.284840e+01
         vertex 7.057702e+01 1.041955e+02 4.844840e+01
      endloop
   endfacet
   facet normal -9.429452e-01 3.329479e-01 3.862168e-16
      outer loop
         vertex 7.057702e+01 1.041955e+02 4.844840e+01
         vertex 7.057702e+01 1.041955e+02 5.284840e+01
         vertex 7.119492e+01 1.059455e+02 5.284840e+01
      endloop
   endfacet
   facet normal -9.429452e-01 3.329479e-01 3.862168e-16
      outer loop
         vertex 7.057702e+01 1.041955e+02 4.844840e+01
         vertex 7.119492e+01 1.059455e+02 5.284840e+01
         vertex 7.119492e+01 1.059455e+02 4.844840e+01
      endloop
   endfacet
   facet normal -7.563108e-01 6.542125e-01 5.203594e-16
      outer loop
         vertex 7.119492e+01 1.059455e+02 4.844840e+01
         vertex 7.119492e+01 1.059455e+02 5.284840e+01
         vertex 7.240902e+01 1.073491e+02 5.284840e+01
      endloop
   endfacet
   facet normal -7.563108e-01 6.542125e-01 5.203594e-16
      outer loop
         vertex 7.119492e+01 1.059455e+02 4.844840e+01
         vertex 7.240902e+01 1.073491e+02 5.284840e+01
         vertex 7.240902e+01 1.073491e+02 4.844840e+01
      endloop
   endfacet
   facet normal -4.652725e-01 8.851675e-01 5.826699e-16
      outer loop
         vertex 7.240902e+01 1.073491e+02 4.844840e+01
         vertex 7.240902e+01 1.073491e+02 5.284840e+01
         vertex 7.405174e+01 1.082125e+02 5.284840e+01
      endloop
   endfacet
   facet normal -4.652725e-01 8.851675e-01 5.826699e-16
      outer loop
         vertex 7.240902e+01 1.073491e+02 4.844840e+01
         vertex 7.405174e+01 1.082125e+02 5.284840e+01
         vertex 7.405174e+01 1.082125e+02 4.844840e+01
      endloop
   endfacet
   facet normal 3.452826e-01 -9.384988e-01 -5.855761e-16
      outer loop
         vertex 8.103896e+01 1.004164e+02 4.844840e+01
         vertex 8.103896e+01 1.004164e+02 5.284840e+01
         vertex 7.947845e+01 9.984229e+01 4.844840e+01
      endloop
   endfacet
   facet normal 3.452826e-01 -9.384988e-01 -5.855761e-16
      outer loop
         vertex 7.947845e+01 9.984229e+01 4.844840e+01
         vertex 8.103896e+01 1.004164e+02 5.284840e+01
         vertex 7.947845e+01 9.984229e+01 5.284840e+01
      endloop
   endfacet
   facet normal 4.470370e-01 -8.945155e-01 -5.837876e-16
      outer loop
         vertex 7.947845e+01 9.984229e+01 4.844840e+01
         vertex 7.947845e+01 9.984229e+01 5.284840e+01
         vertex 7.799108e+01 9.909897e+01 4.844840e+01
      endloop
   endfacet
   facet normal 4.470370e-01 -8.945155e-01 -5.837876e-16
      outer loop
         vertex 7.799108e+01 9.909897e+01 4.844840e+01
         vertex 7.947845e+01 9.984229e+01 5.284840e+01
         vertex 7.799108e+01 9.909897e+01 5.284840e+01
      endloop
   endfacet
   facet normal 2.927361e-01 -9.561933e-01 -5.837700e-16
      outer loop
         vertex 1.354121e+02 1.170626e+02 5.964840e+01
         vertex 1.354121e+02 1.170626e+02 6.234840e+01
         vertex 1.326708e+02 1.162234e+02 5.964840e+01
      endloop
   endfacet
   facet normal 2.927361e-01 -9.561933e-01 -1.445819e-08
      outer loop
         vertex 1.326708e+02 1.162234e+02 5.964840e+01
         vertex 1.354121e+02 1.170626e+02 6.234840e+01
         vertex 1.317146e+02 1.159306e+02 5.938046e+01
      endloop
   endfacet
   facet normal 2.927360e-01 -9.561933e-01 -5.837700e-16
      outer loop
         vertex 1.096364e+02 1.091714e+02 5.834840e+01
         vertex 9.692528e+01 1.052800e+02 5.834840e+01
         vertex 1.096364e+02 1.091714e+02 4.294840e+01
      endloop
   endfacet
   facet normal 2.927360e-01 -9.561933e-01 -5.837700e-16
      outer loop
         vertex 1.096364e+02 1.091714e+02 4.294840e+01
         vertex 9.692528e+01 1.052800e+02 5.834840e+01
         vertex 9.692528e+01 1.052800e+02 5.614840e+01
      endloop
   endfacet
   facet normal 2.927360e-01 -9.561933e-01 -5.837700e-16
      outer loop
         vertex 1.096364e+02 1.091714e+02 6.234840e+01
         vertex 1.096364e+02 1.091714e+02 5.834840e+01
         vertex 1.354121e+02 1.170626e+02 6.234840e+01
      endloop
   endfacet
   facet normal 2.927360e-01 -9.561933e-01 -5.837700e-16
      outer loop
         vertex 1.354121e+02 1.170626e+02 6.234840e+01
         vertex 1.096364e+02 1.091714e+02 5.834840e+01
         vertex 1.096364e+02 1.091714e+02 4.294840e+01
      endloop
   endfacet
   facet normal 2.927353e-01 -9.561935e-01 1.014492e-06
      outer loop
         vertex 1.354121e+02 1.170626e+02 6.234840e+01
         vertex 1.096364e+02 1.091714e+02 4.294840e+01
         vertex 1.317146e+02 1.159306e+02 5.938046e+01
      endloop
   endfacet
   facet normal 2.927355e-01 -9.561934e-01 6.834971e-07
      outer loop
         vertex 1.317146e+02 1.159306e+02 5.938046e+01
         vertex 1.096364e+02 1.091714e+02 4.294840e+01
         vertex 1.310146e+02 1.157163e+02 5.864840e+01
      endloop
   endfacet
   facet normal 2.927360e-01 -9.561933e-01 -1.611860e-07
      outer loop
         vertex 1.317146e+02 1.159306e+02 4.191635e+01
         vertex 1.096364e+02 1.091714e+02 3.894840e+01
         vertex 1.326708e+02 1.162234e+02 4.164840e+01
      endloop
   endfacet
   facet normal 2.927360e-01 -9.561933e-01 -4.887919e-08
      outer loop
         vertex 1.326708e+02 1.162234e+02 4.164840e+01
         vertex 1.096364e+02 1.091714e+02 3.894840e+01
         vertex 1.354121e+02 1.170626e+02 3.894840e+01
      endloop
   endfacet
   facet normal 2.927361e-01 -9.561933e-01 -5.837700e-16
      outer loop
         vertex 1.326708e+02 1.162234e+02 4.164840e+01
         vertex 1.354121e+02 1.170626e+02 3.894840e+01
         vertex 1.354121e+02 1.170626e+02 4.164840e+01
      endloop
   endfacet
   facet normal 2.927353e-01 -9.561935e-01 4.262606e-07
      outer loop
         vertex 9.267632e+01 1.039792e+02 5.315339e+01
         vertex 9.184191e+01 1.037237e+02 4.836793e+01
         vertex 9.347867e+01 1.042248e+02 5.349698e+01
      endloop
   endfacet
   facet normal 2.927368e-01 -9.561931e-01 -9.725526e-08
      outer loop
         vertex 9.347867e+01 1.042248e+02 5.349698e+01
         vertex 9.184191e+01 1.037237e+02 4.836793e+01
         vertex 9.249098e+01 1.039224e+02 4.820523e+01
      endloop
   endfacet
   facet normal 2.927371e-01 -9.561930e-01 -1.505120e-07
      outer loop
         vertex 9.347867e+01 1.042248e+02 5.349698e+01
         vertex 9.249098e+01 1.039224e+02 4.820523e+01
         vertex 9.422165e+01 1.044523e+02 5.392324e+01
      endloop
   endfacet
   facet normal 2.927344e-01 -9.561938e-01 7.281650e-07
      outer loop
         vertex 9.422165e+01 1.044523e+02 5.392324e+01
         vertex 9.249098e+01 1.039224e+02 4.820523e+01
         vertex 9.497256e+01 1.046821e+02 5.445140e+01
      endloop
   endfacet
   facet normal 2.927358e-01 -9.561934e-01 1.042207e-07
      outer loop
         vertex 9.497256e+01 1.046821e+02 5.445140e+01
         vertex 9.249098e+01 1.039224e+02 4.820523e+01
         vertex 9.391150e+01 1.043573e+02 4.756378e+01
      endloop
   endfacet
   facet normal 2.927353e-01 -9.561935e-01 1.937933e-07
      outer loop
         vertex 9.497256e+01 1.046821e+02 5.445140e+01
         vertex 9.391150e+01 1.043573e+02 4.756378e+01
         vertex 9.692528e+01 1.052800e+02 5.614840e+01
      endloop
   endfacet
   facet normal 2.927360e-01 -9.561933e-01 -1.746323e-07
      outer loop
         vertex 1.317146e+02 1.159306e+02 4.191635e+01
         vertex 1.310146e+02 1.157163e+02 4.264840e+01
         vertex 1.096364e+02 1.091714e+02 3.894840e+01
      endloop
   endfacet
   facet normal 2.927360e-01 -9.561933e-01 1.947714e-07
      outer loop
         vertex 1.096364e+02 1.091714e+02 3.894840e+01
         vertex 1.310146e+02 1.157163e+02 4.264840e+01
         vertex 1.307584e+02 1.156379e+02 4.364840e+01
      endloop
   endfacet
   facet normal 2.927360e-01 -9.561933e-01 -5.837700e-16
      outer loop
         vertex 1.096364e+02 1.091714e+02 3.894840e+01
         vertex 1.307584e+02 1.156379e+02 4.364840e+01
         vertex 1.096364e+02 1.091714e+02 4.294840e+01
      endloop
   endfacet
   facet normal 2.927360e-01 -9.561933e-01 -5.837700e-16
      outer loop
         vertex 1.096364e+02 1.091714e+02 4.294840e+01
         vertex 1.307584e+02 1.156379e+02 4.364840e+01
         vertex 1.307584e+02 1.156379e+02 5.764840e+01
      endloop
   endfacet
   facet normal 2.927362e-01 -9.561933e-01 -2.505516e-07
      outer loop
         vertex 1.096364e+02 1.091714e+02 4.294840e+01
         vertex 1.307584e+02 1.156379e+02 5.764840e+01
         vertex 1.310146e+02 1.157163e+02 5.864840e+01
      endloop
   endfacet
   facet normal 2.927360e-01 -9.561933e-01 -5.837700e-16
      outer loop
         vertex 8.103896e+01 1.004164e+02 5.284840e+01
         vertex 8.103896e+01 1.004164e+02 4.844840e+01
         vertex 9.098379e+01 1.034610e+02 5.284840e+01
      endloop
   endfacet
   facet normal 2.927360e-01 -9.561933e-01 -5.837700e-16
      outer loop
         vertex 9.098379e+01 1.034610e+02 5.284840e+01
         vertex 8.103896e+01 1.004164e+02 4.844840e+01
         vertex 9.098379e+01 1.034610e+02 4.844840e+01
      endloop
   endfacet
   facet normal 2.927363e-01 -9.561932e-01 -5.837700e-16
      outer loop
         vertex 9.098379e+01 1.034610e+02 5.284840e+01
         vertex 9.098379e+01 1.034610e+02 4.844840e+01
         vertex 9.184191e+01 1.037237e+02 5.292888e+01
      endloop
   endfacet
   facet normal 2.927363e-01 -9.561932e-01 -5.837700e-16
      outer loop
         vertex 9.184191e+01 1.037237e+02 5.292888e+01
         vertex 9.098379e+01 1.034610e+02 4.844840e+01
         vertex 9.184191e+01 1.037237e+02 4.836793e+01
      endloop
   endfacet
   facet normal 2.927401e-01 -9.561921e-01 -5.837702e-16
      outer loop
         vertex 9.184191e+01 1.037237e+02 5.292888e+01
         vertex 9.184191e+01 1.037237e+02 4.836793e+01
         vertex 9.204567e+01 1.037861e+02 5.297077e+01
      endloop
   endfacet
   facet normal 2.927367e-01 -9.561931e-01 1.657802e-07
      outer loop
         vertex 9.204567e+01 1.037861e+02 5.297077e+01
         vertex 9.184191e+01 1.037237e+02 4.836793e+01
         vertex 9.267632e+01 1.039792e+02 5.315339e+01
      endloop
   endfacet
   facet normal 2.927356e-01 -9.561934e-01 8.517475e-08
      outer loop
         vertex 9.391150e+01 1.043573e+02 4.756378e+01
         vertex 9.422165e+01 1.044523e+02 4.737357e+01
         vertex 9.692528e+01 1.052800e+02 5.614840e+01
      endloop
   endfacet
   facet normal 2.927362e-01 -9.561933e-01 -1.105626e-07
      outer loop
         vertex 9.692528e+01 1.052800e+02 5.614840e+01
         vertex 9.422165e+01 1.044523e+02 4.737357e+01
         vertex 9.575210e+01 1.049208e+02 4.620965e+01
      endloop
   endfacet
   facet normal 2.927359e-01 -9.561933e-01 -7.976924e-08
      outer loop
         vertex 9.692528e+01 1.052800e+02 5.614840e+01
         vertex 9.575210e+01 1.049208e+02 4.620965e+01
         vertex 1.096364e+02 1.091714e+02 4.294840e+01
      endloop
   endfacet
   facet normal 2.927362e-01 -9.561933e-01 1.037046e-06
      outer loop
         vertex 1.096364e+02 1.091714e+02 4.294840e+01
         vertex 9.575210e+01 1.049208e+02 4.620965e+01
         vertex 9.692528e+01 1.052800e+02 4.514840e+01
      endloop
   endfacet
   facet normal 2.927360e-01 -9.561933e-01 -5.837700e-16
      outer loop
         vertex 1.096364e+02 1.091714e+02 4.294840e+01
         vertex 9.692528e+01 1.052800e+02 4.514840e+01
         vertex 9.692528e+01 1.052800e+02 4.294840e+01
      endloop
   endfacet
   facet normal -2.927360e-01 9.561933e-01 5.837699e-16
      outer loop
         vertex 1.254596e+02 1.239509e+02 4.164840e+01
         vertex 1.326311e+02 1.261464e+02 4.164840e+01
         vertex 1.326311e+02 1.261464e+02 3.894840e+01
      endloop
   endfacet
   facet normal -2.927361e-01 9.561933e-01 -4.879999e-07
      outer loop
         vertex 9.414429e+01 1.143638e+02 4.294840e+01
         vertex 9.940335e+01 1.159739e+02 4.441635e+01
         vertex 1.045358e+02 1.175451e+02 4.294840e+01
      endloop
   endfacet
   facet normal -2.927010e-01 9.562040e-01 1.337004e-04
      outer loop
         vertex 1.045358e+02 1.175451e+02 4.294840e+01
         vertex 9.940335e+01 1.159739e+02 4.441635e+01
         vertex 1.003595e+02 1.162666e+02 4.414840e+01
      endloop
   endfacet
   facet normal -2.927360e-01 9.561933e-01 1.129660e-05
      outer loop
         vertex 1.045759e+02 1.175574e+02 4.414840e+01
         vertex 1.050071e+02 1.176894e+02 4.404097e+01
         vertex 1.003595e+02 1.162666e+02 4.414840e+01
      endloop
   endfacet
   facet normal -2.927363e-01 9.561932e-01 -4.189457e-06
      outer loop
         vertex 1.003595e+02 1.162666e+02 4.414840e+01
         vertex 1.050071e+02 1.176894e+02 4.404097e+01
         vertex 1.053456e+02 1.177930e+02 4.374177e+01
      endloop
   endfacet
   facet normal -2.927359e-01 9.561933e-01 8.096729e-07
      outer loop
         vertex 1.003595e+02 1.162666e+02 4.414840e+01
         vertex 1.053456e+02 1.177930e+02 4.374177e+01
         vertex 1.045358e+02 1.175451e+02 4.294840e+01
      endloop
   endfacet
   facet normal -2.927347e-01 9.561937e-01 -5.756970e-07
      outer loop
         vertex 1.045358e+02 1.175451e+02 4.294840e+01
         vertex 1.053456e+02 1.177930e+02 4.374177e+01
         vertex 1.055187e+02 1.178461e+02 4.331507e+01
      endloop
   endfacet
   facet normal -2.927349e-01 9.561936e-01 5.837699e-16
      outer loop
         vertex 1.045358e+02 1.175451e+02 4.294840e+01
         vertex 1.055187e+02 1.178461e+02 4.331507e+01
         vertex 1.045358e+02 1.175451e+02 3.894840e+01
      endloop
   endfacet
   facet normal -2.927383e-01 9.561926e-01 8.273169e-07
      outer loop
         vertex 1.045358e+02 1.175451e+02 3.894840e+01
         vertex 1.055187e+02 1.178461e+02 4.331507e+01
         vertex 1.058650e+02 1.179521e+02 4.246168e+01
      endloop
   endfacet
   facet normal -2.927349e-01 9.561936e-01 -5.519180e-07
      outer loop
         vertex 1.045358e+02 1.175451e+02 3.894840e+01
         vertex 1.058650e+02 1.179521e+02 4.246168e+01
         vertex 1.065421e+02 1.181593e+02 4.186326e+01
      endloop
   endfacet
   facet normal -2.927356e-01 9.561934e-01 7.847152e-07
      outer loop
         vertex 1.221129e+02 1.229263e+02 4.364840e+01
         vertex 1.236928e+02 1.234100e+02 4.288304e+01
         vertex 1.219674e+02 1.228818e+02 4.288304e+01
      endloop
   endfacet
   facet normal -2.927356e-01 9.561934e-01 1.254476e-06
      outer loop
         vertex 1.219674e+02 1.228818e+02 4.288304e+01
         vertex 1.236928e+02 1.234100e+02 4.288304e+01
         vertex 1.241074e+02 1.235369e+02 4.223419e+01
      endloop
   endfacet
   facet normal -2.927371e-01 9.561930e-01 -4.360370e-06
      outer loop
         vertex 1.219674e+02 1.228818e+02 4.288304e+01
         vertex 1.241074e+02 1.235369e+02 4.223419e+01
         vertex 1.247278e+02 1.237269e+02 4.180065e+01
      endloop
   endfacet
   facet normal -2.927349e-01 9.561936e-01 5.519180e-07
      outer loop
         vertex 1.045358e+02 1.175451e+02 6.234840e+01
         vertex 1.065421e+02 1.181593e+02 5.943355e+01
         vertex 1.058650e+02 1.179521e+02 5.883513e+01
      endloop
   endfacet
   facet normal -2.927363e-01 9.561932e-01 5.837700e-16
      outer loop
         vertex 1.045358e+02 1.175451e+02 6.234840e+01
         vertex 1.058650e+02 1.179521e+02 5.883513e+01
         vertex 1.045358e+02 1.175451e+02 5.834840e+01
      endloop
   endfacet
   facet normal -2.927371e-01 9.561930e-01 -3.245527e-06
      outer loop
         vertex 1.254596e+02 1.239509e+02 4.164840e+01
         vertex 1.326311e+02 1.261464e+02 3.894840e+01
         vertex 1.247278e+02 1.237269e+02 4.180065e+01
      endloop
   endfacet
   facet normal -2.927356e-01 9.561934e-01 1.262870e-06
      outer loop
         vertex 1.247278e+02 1.237269e+02 4.180065e+01
         vertex 1.326311e+02 1.261464e+02 3.894840e+01
         vertex 1.215528e+02 1.227549e+02 4.223419e+01
      endloop
   endfacet
   facet normal -2.927359e-01 9.561933e-01 -1.006904e-06
      outer loop
         vertex 1.247278e+02 1.237269e+02 4.180065e+01
         vertex 1.215528e+02 1.227549e+02 4.223419e+01
         vertex 1.219674e+02 1.228818e+02 4.288304e+01
      endloop
   endfacet
   facet normal -2.927373e-01 9.561929e-01 -3.089725e-07
      outer loop
         vertex 8.989532e+01 1.130630e+02 4.814341e+01
         vertex 8.906092e+01 1.128075e+02 5.292888e+01
         vertex 9.069767e+01 1.133086e+02 4.779983e+01
      endloop
   endfacet
   facet normal -2.927368e-01 9.561931e-01 -1.445415e-07
      outer loop
         vertex 9.069767e+01 1.133086e+02 4.779983e+01
         vertex 8.906092e+01 1.128075e+02 5.292888e+01
         vertex 8.970999e+01 1.130063e+02 5.309158e+01
      endloop
   endfacet
   facet normal -2.927350e-01 9.561936e-01 2.233125e-07
      outer loop
         vertex 9.069767e+01 1.133086e+02 4.779983e+01
         vertex 8.970999e+01 1.130063e+02 5.309158e+01
         vertex 9.144066e+01 1.135361e+02 4.737357e+01
      endloop
   endfacet
   facet normal -2.927348e-01 9.561937e-01 2.862445e-07
      outer loop
         vertex 9.144066e+01 1.135361e+02 4.737357e+01
         vertex 8.970999e+01 1.130063e+02 5.309158e+01
         vertex 9.219157e+01 1.137660e+02 4.684541e+01
      endloop
   endfacet
   facet normal -2.927358e-01 9.561934e-01 -1.404050e-07
      outer loop
         vertex 9.219157e+01 1.137660e+02 4.684541e+01
         vertex 8.970999e+01 1.130063e+02 5.309158e+01
         vertex 9.113051e+01 1.134411e+02 5.373303e+01
      endloop
   endfacet
   facet normal -2.927367e-01 9.561931e-01 -2.876979e-07
      outer loop
         vertex 9.219157e+01 1.137660e+02 4.684541e+01
         vertex 9.113051e+01 1.134411e+02 5.373303e+01
         vertex 9.414429e+01 1.143638e+02 4.514840e+01
      endloop
   endfacet
   facet normal -2.927365e-01 9.561932e-01 -2.167209e-07
      outer loop
         vertex 9.414429e+01 1.143638e+02 4.514840e+01
         vertex 9.113051e+01 1.134411e+02 5.373303e+01
         vertex 9.844716e+01 1.156811e+02 4.614840e+01
      endloop
   endfacet
   facet normal -2.927365e-01 9.561931e-01 5.837700e-16
      outer loop
         vertex 9.414429e+01 1.143638e+02 4.514840e+01
         vertex 9.844716e+01 1.156811e+02 4.614840e+01
         vertex 9.414429e+01 1.143638e+02 4.294840e+01
      endloop
   endfacet
   facet normal -2.927355e-01 9.561934e-01 -1.452302e-06
      outer loop
         vertex 9.414429e+01 1.143638e+02 4.294840e+01
         vertex 9.844716e+01 1.156811e+02 4.614840e+01
         vertex 9.870337e+01 1.157596e+02 4.514840e+01
      endloop
   endfacet
   facet normal -2.927364e-01 9.561932e-01 4.514914e-07
      outer loop
         vertex 9.414429e+01 1.143638e+02 4.294840e+01
         vertex 9.870337e+01 1.157596e+02 4.514840e+01
         vertex 9.940335e+01 1.159739e+02 4.441635e+01
      endloop
   endfacet
   facet normal -2.927360e-01 9.561933e-01 5.837699e-16
      outer loop
         vertex 1.326311e+02 1.261464e+02 5.964840e+01
         vertex 1.254596e+02 1.239509e+02 5.964840e+01
         vertex 1.326311e+02 1.261464e+02 6.234840e+01
      endloop
   endfacet
   facet normal -2.927358e-01 9.561934e-01 -5.906238e-07
      outer loop
         vertex 1.326311e+02 1.261464e+02 6.234840e+01
         vertex 1.254596e+02 1.239509e+02 5.964840e+01
         vertex 1.245034e+02 1.236582e+02 5.938046e+01
      endloop
   endfacet
   facet normal -2.927354e-01 9.561935e-01 -1.761462e-06
      outer loop
         vertex 1.326311e+02 1.261464e+02 6.234840e+01
         vertex 1.245034e+02 1.236582e+02 5.938046e+01
         vertex 1.218567e+02 1.228479e+02 5.864840e+01
      endloop
   endfacet
   facet normal -2.927353e-01 9.561935e-01 -2.217971e-06
      outer loop
         vertex 1.218567e+02 1.228479e+02 5.864840e+01
         vertex 1.245034e+02 1.236582e+02 5.938046e+01
         vertex 1.238034e+02 1.234439e+02 5.864840e+01
      endloop
   endfacet
   facet normal -2.927353e-01 9.561935e-01 -4.529591e-09
      outer loop
         vertex 1.218567e+02 1.228479e+02 5.864840e+01
         vertex 1.238034e+02 1.234439e+02 5.864840e+01
         vertex 1.221129e+02 1.229263e+02 5.764840e+01
      endloop
   endfacet
   facet normal -2.927363e-01 9.561932e-01 1.907397e-06
      outer loop
         vertex 1.221129e+02 1.229263e+02 5.764840e+01
         vertex 1.238034e+02 1.234439e+02 5.864840e+01
         vertex 1.235472e+02 1.233654e+02 5.764840e+01
      endloop
   endfacet
   facet normal -2.927363e-01 9.561932e-01 5.837700e-16
      outer loop
         vertex 1.221129e+02 1.229263e+02 5.764840e+01
         vertex 1.235472e+02 1.233654e+02 5.764840e+01
         vertex 1.221129e+02 1.229263e+02 4.364840e+01
      endloop
   endfacet
   facet normal -2.927363e-01 9.561932e-01 5.837700e-16
      outer loop
         vertex 1.221129e+02 1.229263e+02 4.364840e+01
         vertex 1.235472e+02 1.233654e+02 5.764840e+01
         vertex 1.235472e+02 1.233654e+02 4.364840e+01
      endloop
   endfacet
   facet normal -2.927363e-01 9.561932e-01 -9.440022e-07
      outer loop
         vertex 1.221129e+02 1.229263e+02 4.364840e+01
         vertex 1.235472e+02 1.233654e+02 4.364840e+01
         vertex 1.236928e+02 1.234100e+02 4.288304e+01
      endloop
   endfacet
   facet normal -2.927363e-01 9.561932e-01 1.143385e-06
      outer loop
         vertex 1.218567e+02 1.228479e+02 5.864840e+01
         vertex 1.211567e+02 1.226336e+02 5.938046e+01
         vertex 1.326311e+02 1.261464e+02 6.234840e+01
      endloop
   endfacet
   facet normal -2.927357e-01 9.561934e-01 -1.524911e-06
      outer loop
         vertex 1.326311e+02 1.261464e+02 6.234840e+01
         vertex 1.211567e+02 1.226336e+02 5.938046e+01
         vertex 1.202006e+02 1.223409e+02 5.964840e+01
      endloop
   endfacet
   facet normal -2.927360e-01 9.561933e-01 3.974276e-08
      outer loop
         vertex 1.326311e+02 1.261464e+02 6.234840e+01
         vertex 1.202006e+02 1.223409e+02 5.964840e+01
         vertex 1.045358e+02 1.175451e+02 6.234840e+01
      endloop
   endfacet
   facet normal -2.927360e-01 9.561933e-01 2.449207e-07
      outer loop
         vertex 1.045358e+02 1.175451e+02 6.234840e+01
         vertex 1.202006e+02 1.223409e+02 5.964840e+01
         vertex 1.074044e+02 1.184233e+02 5.964840e+01
      endloop
   endfacet
   facet normal -2.927371e-01 9.561930e-01 -1.083741e-06
      outer loop
         vertex 1.045358e+02 1.175451e+02 6.234840e+01
         vertex 1.074044e+02 1.184233e+02 5.964840e+01
         vertex 1.065421e+02 1.181593e+02 5.943355e+01
      endloop
   endfacet
   facet normal -2.927371e-01 9.561930e-01 1.083741e-06
      outer loop
         vertex 1.065421e+02 1.181593e+02 4.186326e+01
         vertex 1.074044e+02 1.184233e+02 4.164840e+01
         vertex 1.045358e+02 1.175451e+02 3.894840e+01
      endloop
   endfacet
   facet normal -2.927360e-01 9.561933e-01 -2.449207e-07
      outer loop
         vertex 1.045358e+02 1.175451e+02 3.894840e+01
         vertex 1.074044e+02 1.184233e+02 4.164840e+01
         vertex 1.202006e+02 1.223409e+02 4.164840e+01
      endloop
   endfacet
   facet normal -2.927360e-01 9.561933e-01 -3.974275e-08
      outer loop
         vertex 1.045358e+02 1.175451e+02 3.894840e+01
         vertex 1.202006e+02 1.223409e+02 4.164840e+01
         vertex 1.326311e+02 1.261464e+02 3.894840e+01
      endloop
   endfacet
   facet normal -2.927358e-01 9.561934e-01 8.783405e-07
      outer loop
         vertex 1.326311e+02 1.261464e+02 3.894840e+01
         vertex 1.202006e+02 1.223409e+02 4.164840e+01
         vertex 1.209324e+02 1.225649e+02 4.180065e+01
      endloop
   endfacet
   facet normal -2.927362e-01 9.561932e-01 -8.070487e-07
      outer loop
         vertex 1.326311e+02 1.261464e+02 3.894840e+01
         vertex 1.209324e+02 1.225649e+02 4.180065e+01
         vertex 1.215528e+02 1.227549e+02 4.223419e+01
      endloop
   endfacet
   facet normal -2.927359e-01 9.561933e-01 5.837699e-16
      outer loop
         vertex 7.405174e+01 1.082125e+02 4.844840e+01
         vertex 7.405174e+01 1.082125e+02 5.284840e+01
         vertex 8.820279e+01 1.125448e+02 4.844840e+01
      endloop
   endfacet
   facet normal -2.927359e-01 9.561933e-01 5.837699e-16
      outer loop
         vertex 8.820279e+01 1.125448e+02 4.844840e+01
         vertex 7.405174e+01 1.082125e+02 5.284840e+01
         vertex 8.820279e+01 1.125448e+02 5.284840e+01
      endloop
   endfacet
   facet normal -2.927359e-01 9.561933e-01 5.837699e-16
      outer loop
         vertex 8.820279e+01 1.125448e+02 4.844840e+01
         vertex 8.820279e+01 1.125448e+02 5.284840e+01
         vertex 8.906092e+01 1.128075e+02 4.836793e+01
      endloop
   endfacet
   facet normal -2.927359e-01 9.561933e-01 5.837699e-16
      outer loop
         vertex 8.906092e+01 1.128075e+02 4.836793e+01
         vertex 8.820279e+01 1.125448e+02 5.284840e+01
         vertex 8.906092e+01 1.128075e+02 5.292888e+01
      endloop
   endfacet
   facet normal -2.927396e-01 9.561922e-01 5.837701e-16
      outer loop
         vertex 8.906092e+01 1.128075e+02 4.836793e+01
         vertex 8.906092e+01 1.128075e+02 5.292888e+01
         vertex 8.926468e+01 1.128699e+02 4.832603e+01
      endloop
   endfacet
   facet normal -2.927343e-01 9.561938e-01 2.548621e-07
      outer loop
         vertex 8.926468e+01 1.128699e+02 4.832603e+01
         vertex 8.906092e+01 1.128075e+02 5.292888e+01
         vertex 8.989532e+01 1.130630e+02 4.814341e+01
      endloop
   endfacet
   facet normal -2.927357e-01 9.561934e-01 5.889781e-07
      outer loop
         vertex 9.113051e+01 1.134411e+02 5.373303e+01
         vertex 9.144066e+01 1.135361e+02 5.392324e+01
         vertex 9.844716e+01 1.156811e+02 4.614840e+01
      endloop
   endfacet
   facet normal -2.927363e-01 9.561932e-01 -3.133374e-08
      outer loop
         vertex 9.844716e+01 1.156811e+02 4.614840e+01
         vertex 9.144066e+01 1.135361e+02 5.392324e+01
         vertex 9.297111e+01 1.140046e+02 5.508716e+01
      endloop
   endfacet
   facet normal -2.927363e-01 9.561932e-01 5.837700e-16
      outer loop
         vertex 9.844716e+01 1.156811e+02 4.614840e+01
         vertex 9.297111e+01 1.140046e+02 5.508716e+01
         vertex 9.844716e+01 1.156811e+02 5.514840e+01
      endloop
   endfacet
   facet normal -2.927363e-01 9.561932e-01 1.019700e-06
      outer loop
         vertex 9.844716e+01 1.156811e+02 5.514840e+01
         vertex 9.297111e+01 1.140046e+02 5.508716e+01
         vertex 9.414429e+01 1.143638e+02 5.614840e+01
      endloop
   endfacet
   facet normal -2.927360e-01 9.561933e-01 2.378492e-06
      outer loop
         vertex 9.844716e+01 1.156811e+02 5.514840e+01
         vertex 9.414429e+01 1.143638e+02 5.614840e+01
         vertex 9.859273e+01 1.157257e+02 5.591377e+01
      endloop
   endfacet
   facet normal -2.927361e-01 9.561933e-01 5.837700e-16
      outer loop
         vertex 9.859273e+01 1.157257e+02 5.591377e+01
         vertex 9.414429e+01 1.143638e+02 5.614840e+01
         vertex 9.414429e+01 1.143638e+02 5.834840e+01
      endloop
   endfacet
   facet normal -2.927370e-01 9.561930e-01 -1.679073e-06
      outer loop
         vertex 9.859273e+01 1.157257e+02 5.591377e+01
         vertex 9.414429e+01 1.143638e+02 5.834840e+01
         vertex 9.900728e+01 1.158526e+02 5.656262e+01
      endloop
   endfacet
   facet normal -2.927356e-01 9.561934e-01 -2.013858e-06
      outer loop
         vertex 1.058650e+02 1.179521e+02 5.883513e+01
         vertex 1.055187e+02 1.178461e+02 5.798174e+01
         vertex 1.045358e+02 1.175451e+02 5.834840e+01
      endloop
   endfacet
   facet normal -2.927347e-01 9.561937e-01 5.756970e-07
      outer loop
         vertex 1.045358e+02 1.175451e+02 5.834840e+01
         vertex 1.055187e+02 1.178461e+02 5.798174e+01
         vertex 1.053456e+02 1.177930e+02 5.755504e+01
      endloop
   endfacet
   facet normal -2.927340e-01 9.561939e-01 1.342574e-06
      outer loop
         vertex 1.045358e+02 1.175451e+02 5.834840e+01
         vertex 1.053456e+02 1.177930e+02 5.755504e+01
         vertex 1.050071e+02 1.176894e+02 5.725583e+01
      endloop
   endfacet
   facet normal -2.927384e-01 9.561926e-01 -7.246520e-07
      outer loop
         vertex 1.050071e+02 1.176894e+02 5.725583e+01
         vertex 1.045759e+02 1.175574e+02 5.714840e+01
         vertex 1.045358e+02 1.175451e+02 5.834840e+01
      endloop
   endfacet
   facet normal -2.927360e-01 9.561933e-01 -6.365778e-07
      outer loop
         vertex 1.045358e+02 1.175451e+02 5.834840e+01
         vertex 1.045759e+02 1.175574e+02 5.714840e+01
         vertex 1.003595e+02 1.162666e+02 5.714840e+01
      endloop
   endfacet
   facet normal -2.927361e-01 9.561933e-01 -1.310206e-07
      outer loop
         vertex 1.045358e+02 1.175451e+02 5.834840e+01
         vertex 1.003595e+02 1.162666e+02 5.714840e+01
         vertex 9.414429e+01 1.143638e+02 5.834840e+01
      endloop
   endfacet
   facet normal -2.927357e-01 9.561934e-01 2.047907e-06
      outer loop
         vertex 9.414429e+01 1.143638e+02 5.834840e+01
         vertex 1.003595e+02 1.162666e+02 5.714840e+01
         vertex 9.962770e+01 1.160425e+02 5.699616e+01
      endloop
   endfacet
   facet normal -2.927358e-01 9.561934e-01 1.777065e-06
      outer loop
         vertex 9.414429e+01 1.143638e+02 5.834840e+01
         vertex 9.962770e+01 1.160425e+02 5.699616e+01
         vertex 9.900728e+01 1.158526e+02 5.656262e+01
      endloop
   endfacet
   facet normal -3.475978e-01 9.376437e-01 5.856147e-16
      outer loop
         vertex 9.414429e+01 1.143638e+02 4.514840e+01
         vertex 9.414429e+01 1.143638e+02 4.294840e+01
         vertex 9.365576e+01 1.141827e+02 4.514840e+01
      endloop
   endfacet
   facet normal -4.277774e-01 9.036493e-01 -2.060301e-02
      outer loop
         vertex 9.365576e+01 1.141827e+02 4.514840e+01
         vertex 9.414429e+01 1.143638e+02 4.294840e+01
         vertex 9.296852e+01 1.138072e+02 4.294840e+01
      endloop
   endfacet
   facet normal -9.949896e-01 9.997853e-02 -7.174135e-06
      outer loop
         vertex 9.096216e+01 1.099907e+02 4.312359e+01
         vertex 9.096215e+01 1.099907e+02 4.514840e+01
         vertex 9.106609e+01 1.110250e+02 4.301151e+01
      endloop
   endfacet
   facet normal -9.965276e-01 8.284027e-02 -8.376993e-03
      outer loop
         vertex 9.106609e+01 1.110250e+02 4.301151e+01
         vertex 9.096215e+01 1.099907e+02 4.514840e+01
         vertex 9.103550e+01 1.108731e+02 4.514840e+01
      endloop
   endfacet
   facet normal -9.701032e-01 2.426696e-01 3.358240e-03
      outer loop
         vertex 9.106609e+01 1.110250e+02 4.301151e+01
         vertex 9.103550e+01 1.108731e+02 4.514840e+01
         vertex 9.112981e+01 1.112801e+02 4.298683e+01
      endloop
   endfacet
   facet normal -9.612502e-01 2.754986e-01 9.924927e-03
      outer loop
         vertex 9.112981e+01 1.112801e+02 4.298683e+01
         vertex 9.103550e+01 1.108731e+02 4.514840e+01
         vertex 9.127722e+01 1.117165e+02 4.514840e+01
      endloop
   endfacet
   facet normal -9.350132e-01 3.545267e-01 -7.821066e-03
      outer loop
         vertex 9.112981e+01 1.112801e+02 4.298683e+01
         vertex 9.127722e+01 1.117165e+02 4.514840e+01
         vertex 9.141168e+01 1.120226e+02 4.294840e+01
      endloop
   endfacet
   facet normal -8.895309e-01 4.567827e-01 9.185973e-03
      outer loop
         vertex 9.141168e+01 1.120226e+02 4.294840e+01
         vertex 9.127722e+01 1.117165e+02 4.514840e+01
         vertex 9.167800e+01 1.124970e+02 4.514840e+01
      endloop
   endfacet
   facet normal -8.576565e-01 5.141747e-01 -7.047356e-03
      outer loop
         vertex 9.141168e+01 1.120226e+02 4.294840e+01
         vertex 9.167800e+01 1.124970e+02 4.514840e+01
         vertex 9.182296e+01 1.127086e+02 4.294840e+01
      endloop
   endfacet
   facet normal -8.250336e-01 5.650837e-01 4.868300e-16
      outer loop
         vertex 9.167800e+01 1.124970e+02 4.514840e+01
         vertex 9.182296e+01 1.127086e+02 4.514840e+01
         vertex 9.182296e+01 1.127086e+02 4.294840e+01
      endloop
   endfacet
   facet normal -7.660124e-01 6.428258e-01 5.162764e-16
      outer loop
         vertex 9.182296e+01 1.127086e+02 4.294840e+01
         vertex 9.182296e+01 1.127086e+02 4.514840e+01
         vertex 9.222259e+01 1.131848e+02 4.514840e+01
      endloop
   endfacet
   facet normal -6.918285e-01 7.214179e-01 -3.048743e-02
      outer loop
         vertex 9.182296e+01 1.127086e+02 4.294840e+01
         vertex 9.222259e+01 1.131848e+02 4.514840e+01
         vertex 9.296852e+01 1.138072e+02 4.294840e+01
      endloop
   endfacet
   facet normal -6.486696e-01 7.610560e-01 -4.640814e-03
      outer loop
         vertex 9.296852e+01 1.138072e+02 4.294840e+01
         vertex 9.222259e+01 1.131848e+02 4.514840e+01
         vertex 9.289031e+01 1.137540e+02 4.514840e+01
      endloop
   endfacet
   facet normal -4.886732e-01 8.724589e-01 3.743365e-03
      outer loop
         vertex 9.296852e+01 1.138072e+02 4.294840e+01
         vertex 9.289031e+01 1.137540e+02 4.514840e+01
         vertex 9.365576e+01 1.141827e+02 4.514840e+01
      endloop
   endfacet
   facet normal -3.475978e-01 9.376437e-01 5.856147e-16
      outer loop
         vertex 9.414429e+01 1.143638e+02 5.834840e+01
         vertex 9.414429e+01 1.143638e+02 5.614840e+01
         vertex 9.365576e+01 1.141827e+02 5.614840e+01
      endloop
   endfacet
   facet normal -4.277774e-01 9.036493e-01 2.060301e-02
      outer loop
         vertex 9.414429e+01 1.143638e+02 5.834840e+01
         vertex 9.365576e+01 1.141827e+02 5.614840e+01
         vertex 9.296852e+01 1.138072e+02 5.834840e+01
      endloop
   endfacet
   facet normal -8.576565e-01 5.141747e-01 7.047356e-03
      outer loop
         vertex 9.182296e+01 1.127086e+02 5.834840e+01
         vertex 9.167800e+01 1.124970e+02 5.614840e+01
         vertex 9.141168e+01 1.120226e+02 5.834840e+01
      endloop
   endfacet
   facet normal -8.895309e-01 4.567827e-01 -9.185973e-03
      outer loop
         vertex 9.141168e+01 1.120226e+02 5.834840e+01
         vertex 9.167800e+01 1.124970e+02 5.614840e+01
         vertex 9.127722e+01 1.117165e+02 5.614840e+01
      endloop
   endfacet
   facet normal -9.965626e-01 8.284317e-02 7.657749e-06
      outer loop
         vertex 9.096215e+01 1.099907e+02 5.614840e+01
         vertex 9.096216e+01 1.099907e+02 5.817322e+01
         vertex 9.103550e+01 1.108731e+02 5.614840e+01
      endloop
   endfacet
   facet normal -9.950411e-01 9.920418e-02 7.192943e-03
      outer loop
         vertex 9.103550e+01 1.108731e+02 5.614840e+01
         vertex 9.096216e+01 1.099907e+02 5.817322e+01
         vertex 9.106609e+01 1.110250e+02 5.828530e+01
      endloop
   endfacet
   facet normal -9.612813e-01 2.755075e-01 -5.817880e-03
      outer loop
         vertex 9.103550e+01 1.108731e+02 5.614840e+01
         vertex 9.106609e+01 1.110250e+02 5.828530e+01
         vertex 9.127722e+01 1.117165e+02 5.614840e+01
      endloop
   endfacet
   facet normal -9.696593e-01 2.438767e-01 -1.688210e-02
      outer loop
         vertex 9.127722e+01 1.117165e+02 5.614840e+01
         vertex 9.106609e+01 1.110250e+02 5.828530e+01
         vertex 9.112985e+01 1.112802e+02 5.830999e+01
      endloop
   endfacet
   facet normal -9.350079e-01 3.545406e-01 7.818819e-03
      outer loop
         vertex 9.127722e+01 1.117165e+02 5.614840e+01
         vertex 9.112985e+01 1.112802e+02 5.830999e+01
         vertex 9.141168e+01 1.120226e+02 5.834840e+01
      endloop
   endfacet
   facet normal -4.886732e-01 8.724589e-01 -3.743365e-03
      outer loop
         vertex 9.365576e+01 1.141827e+02 5.614840e+01
         vertex 9.289031e+01 1.137540e+02 5.614840e+01
         vertex 9.296852e+01 1.138072e+02 5.834840e+01
      endloop
   endfacet
   facet normal -6.486696e-01 7.610560e-01 4.640814e-03
      outer loop
         vertex 9.296852e+01 1.138072e+02 5.834840e+01
         vertex 9.289031e+01 1.137540e+02 5.614840e+01
         vertex 9.222259e+01 1.131848e+02 5.614840e+01
      endloop
   endfacet
   facet normal -6.918285e-01 7.214179e-01 3.048743e-02
      outer loop
         vertex 9.296852e+01 1.138072e+02 5.834840e+01
         vertex 9.222259e+01 1.131848e+02 5.614840e+01
         vertex 9.182296e+01 1.127086e+02 5.834840e+01
      endloop
   endfacet
   facet normal -7.660124e-01 6.428258e-01 5.162764e-16
      outer loop
         vertex 9.182296e+01 1.127086e+02 5.834840e+01
         vertex 9.222259e+01 1.131848e+02 5.614840e+01
         vertex 9.182296e+01 1.127086e+02 5.614840e+01
      endloop
   endfacet
   facet normal -8.250336e-01 5.650837e-01 4.868300e-16
      outer loop
         vertex 9.182296e+01 1.127086e+02 5.834840e+01
         vertex 9.182296e+01 1.127086e+02 5.614840e+01
         vertex 9.167800e+01 1.124970e+02 5.614840e+01
      endloop
   endfacet
   facet normal -2.175317e-16 5.439178e-16 -1.000000e+00
      outer loop
         vertex 8.513058e+01 1.082054e+02 4.814840e+01
         vertex 7.797972e+01 1.016413e+02 4.814840e+01
         vertex 7.853151e+01 1.029928e+02 4.814840e+01
      endloop
   endfacet
   facet normal -2.175317e-16 5.439178e-16 -1.000000e+00
      outer loop
         vertex 8.095114e+01 1.007033e+02 4.814840e+01
         vertex 8.600879e+01 1.053368e+02 4.814840e+01
         vertex 8.890274e+01 1.062228e+02 4.814840e+01
      endloop
   endfacet
   facet normal -2.175317e-16 5.439178e-16 -1.000000e+00
      outer loop
         vertex 8.890274e+01 1.062228e+02 4.814840e+01
         vertex 8.933607e+01 1.054703e+02 4.814840e+01
         vertex 8.095114e+01 1.007033e+02 4.814840e+01
      endloop
   endfacet
   facet normal -2.175317e-16 5.439178e-16 -1.000000e+00
      outer loop
         vertex 8.095114e+01 1.007033e+02 4.814840e+01
         vertex 8.933607e+01 1.054703e+02 4.814840e+01
         vertex 9.025326e+01 1.043314e+02 4.814840e+01
      endloop
   endfacet
   facet normal -2.175317e-16 5.439178e-16 -1.000000e+00
      outer loop
         vertex 8.095114e+01 1.007033e+02 4.814840e+01
         vertex 9.025326e+01 1.043314e+02 4.814840e+01
         vertex 9.089596e+01 1.037479e+02 4.814840e+01
      endloop
   endfacet
   facet normal -2.175317e-16 5.439178e-16 -1.000000e+00
      outer loop
         vertex 8.829061e+01 1.122580e+02 4.814840e+01
         vertex 8.808477e+01 1.114146e+02 4.814840e+01
         vertex 8.513058e+01 1.082054e+02 4.814840e+01
      endloop
   endfacet
   facet normal -2.175317e-16 5.439178e-16 -1.000000e+00
      outer loop
         vertex 8.513058e+01 1.082054e+02 4.814840e+01
         vertex 8.808477e+01 1.114146e+02 4.814840e+01
         vertex 8.796231e+01 1.099575e+02 4.814840e+01
      endloop
   endfacet
   facet normal -2.175317e-16 5.439178e-16 -1.000000e+00
      outer loop
         vertex 8.513058e+01 1.082054e+02 4.814840e+01
         vertex 8.796231e+01 1.099575e+02 4.814840e+01
         vertex 8.802453e+01 1.090914e+02 4.814840e+01
      endloop
   endfacet
   facet normal -2.175317e-16 5.439178e-16 -1.000000e+00
      outer loop
         vertex 7.543731e+01 1.003874e+02 4.814840e+01
         vertex 7.686305e+01 1.007010e+02 4.814840e+01
         vertex 7.784230e+01 9.935948e+01 4.814840e+01
      endloop
   endfacet
   facet normal -2.175317e-16 5.439178e-16 -1.000000e+00
      outer loop
         vertex 7.269022e+01 1.045892e+02 4.814840e+01
         vertex 7.247790e+01 1.031449e+02 4.814840e+01
         vertex 7.093333e+01 1.024066e+02 4.814840e+01
      endloop
   endfacet
   facet normal -2.175317e-16 5.439178e-16 -1.000000e+00
      outer loop
         vertex 7.093333e+01 1.024066e+02 4.814840e+01
         vertex 7.247790e+01 1.031449e+02 4.814840e+01
         vertex 7.162544e+01 1.008054e+02 4.814840e+01
      endloop
   endfacet
   facet normal -2.175317e-16 5.439178e-16 -1.000000e+00
      outer loop
         vertex 7.162544e+01 1.008054e+02 4.814840e+01
         vertex 7.247790e+01 1.031449e+02 4.814840e+01
         vertex 7.296110e+01 1.017674e+02 4.814840e+01
      endloop
   endfacet
   facet normal -2.175317e-16 5.439178e-16 -1.000000e+00
      outer loop
         vertex 7.162544e+01 1.008054e+02 4.814840e+01
         vertex 7.296110e+01 1.017674e+02 4.814840e+01
         vertex 7.285433e+01 9.956742e+01 4.814840e+01
      endloop
   endfacet
   facet normal -2.175317e-16 5.439178e-16 -1.000000e+00
      outer loop
         vertex 7.784230e+01 9.935948e+01 4.814840e+01
         vertex 7.686305e+01 1.007010e+02 4.814840e+01
         vertex 7.935942e+01 1.001177e+02 4.814840e+01
      endloop
   endfacet
   facet normal -2.175317e-16 5.439178e-16 -1.000000e+00
      outer loop
         vertex 7.935942e+01 1.001177e+02 4.814840e+01
         vertex 7.686305e+01 1.007010e+02 4.814840e+01
         vertex 7.797972e+01 1.016413e+02 4.814840e+01
      endloop
   endfacet
   facet normal -2.175317e-16 5.439178e-16 -1.000000e+00
      outer loop
         vertex 7.935942e+01 1.001177e+02 4.814840e+01
         vertex 7.797972e+01 1.016413e+02 4.814840e+01
         vertex 8.095114e+01 1.007033e+02 4.814840e+01
      endloop
   endfacet
   facet normal -2.175317e-16 5.439178e-16 -1.000000e+00
      outer loop
         vertex 8.095114e+01 1.007033e+02 4.814840e+01
         vertex 7.797972e+01 1.016413e+02 4.814840e+01
         vertex 8.513058e+01 1.082054e+02 4.814840e+01
      endloop
   endfacet
   facet normal -2.175317e-16 5.439178e-16 -1.000000e+00
      outer loop
         vertex 8.095114e+01 1.007033e+02 4.814840e+01
         vertex 8.513058e+01 1.082054e+02 4.814840e+01
         vertex 8.600879e+01 1.053368e+02 4.814840e+01
      endloop
   endfacet
   facet normal -2.175317e-16 5.439178e-16 -1.000000e+00
      outer loop
         vertex 7.853151e+01 1.029928e+02 4.814840e+01
         vertex 7.839201e+01 1.044459e+02 4.814840e+01
         vertex 8.513058e+01 1.082054e+02 4.814840e+01
      endloop
   endfacet
   facet normal -2.175317e-16 5.439178e-16 -1.000000e+00
      outer loop
         vertex 8.513058e+01 1.082054e+02 4.814840e+01
         vertex 7.839201e+01 1.044459e+02 4.814840e+01
         vertex 7.759319e+01 1.056678e+02 4.814840e+01
      endloop
   endfacet
   facet normal -2.175317e-16 5.439178e-16 -1.000000e+00
      outer loop
         vertex 8.513058e+01 1.082054e+02 4.814840e+01
         vertex 7.759319e+01 1.056678e+02 4.814840e+01
         vertex 8.829061e+01 1.122580e+02 4.814840e+01
      endloop
   endfacet
   facet normal -2.175317e-16 5.439178e-16 -1.000000e+00
      outer loop
         vertex 8.829061e+01 1.122580e+02 4.814840e+01
         vertex 7.759319e+01 1.056678e+02 4.814840e+01
         vertex 7.631803e+01 1.063785e+02 4.814840e+01
      endloop
   endfacet
   facet normal -2.175317e-16 5.439178e-16 -1.000000e+00
      outer loop
         vertex 8.829061e+01 1.122580e+02 4.814840e+01
         vertex 7.631803e+01 1.063785e+02 4.814840e+01
         vertex 7.413956e+01 1.079257e+02 4.814840e+01
      endloop
   endfacet
   facet normal -2.175317e-16 5.439178e-16 -1.000000e+00
      outer loop
         vertex 7.413956e+01 1.079257e+02 4.814840e+01
         vertex 7.631803e+01 1.063785e+02 4.814840e+01
         vertex 7.485866e+01 1.064152e+02 4.814840e+01
      endloop
   endfacet
   facet normal -2.175317e-16 5.439178e-16 -1.000000e+00
      outer loop
         vertex 7.413956e+01 1.079257e+02 4.814840e+01
         vertex 7.485866e+01 1.064152e+02 4.814840e+01
         vertex 7.259551e+01 1.071141e+02 4.814840e+01
      endloop
   endfacet
   facet normal -2.175317e-16 5.439178e-16 -1.000000e+00
      outer loop
         vertex 7.259551e+01 1.071141e+02 4.814840e+01
         vertex 7.485866e+01 1.064152e+02 4.814840e+01
         vertex 7.354941e+01 1.057694e+02 4.814840e+01
      endloop
   endfacet
   facet normal -2.175317e-16 5.439178e-16 -1.000000e+00
      outer loop
         vertex 7.259551e+01 1.071141e+02 4.814840e+01
         vertex 7.354941e+01 1.057694e+02 4.814840e+01
         vertex 7.145432e+01 1.057948e+02 4.814840e+01
      endloop
   endfacet
   facet normal -2.175317e-16 5.439178e-16 -1.000000e+00
      outer loop
         vertex 7.145432e+01 1.057948e+02 4.814840e+01
         vertex 7.354941e+01 1.057694e+02 4.814840e+01
         vertex 7.269022e+01 1.045892e+02 4.814840e+01
      endloop
   endfacet
   facet normal -2.175317e-16 5.439178e-16 -1.000000e+00
      outer loop
         vertex 7.145432e+01 1.057948e+02 4.814840e+01
         vertex 7.269022e+01 1.045892e+02 4.814840e+01
         vertex 7.087354e+01 1.041499e+02 4.814840e+01
      endloop
   endfacet
   facet normal -2.175317e-16 5.439178e-16 -1.000000e+00
      outer loop
         vertex 7.087354e+01 1.041499e+02 4.814840e+01
         vertex 7.269022e+01 1.045892e+02 4.814840e+01
         vertex 7.093333e+01 1.024066e+02 4.814840e+01
      endloop
   endfacet
   facet normal -2.175317e-16 5.439178e-16 -1.000000e+00
      outer loop
         vertex 7.296110e+01 1.017674e+02 4.814840e+01
         vertex 7.343470e+01 1.012050e+02 4.814840e+01
         vertex 7.285433e+01 9.956742e+01 4.814840e+01
      endloop
   endfacet
   facet normal -2.175317e-16 5.439178e-16 -1.000000e+00
      outer loop
         vertex 7.285433e+01 9.956742e+01 4.814840e+01
         vertex 7.343470e+01 1.012050e+02 4.814840e+01
         vertex 7.402913e+01 1.007722e+02 4.814840e+01
      endloop
   endfacet
   facet normal -2.175317e-16 5.439178e-16 -1.000000e+00
      outer loop
         vertex 7.285433e+01 9.956742e+01 4.814840e+01
         vertex 7.402913e+01 1.007722e+02 4.814840e+01
         vertex 7.445036e+01 9.886351e+01 4.814840e+01
      endloop
   endfacet
   facet normal -2.175317e-16 5.439178e-16 -1.000000e+00
      outer loop
         vertex 7.445036e+01 9.886351e+01 4.814840e+01
         vertex 7.402913e+01 1.007722e+02 4.814840e+01
         vertex 7.543731e+01 1.003874e+02 4.814840e+01
      endloop
   endfacet
   facet normal -2.175317e-16 5.439178e-16 -1.000000e+00
      outer loop
         vertex 7.445036e+01 9.886351e+01 4.814840e+01
         vertex 7.543731e+01 1.003874e+02 4.814840e+01
         vertex 7.619321e+01 9.879085e+01 4.814840e+01
      endloop
   endfacet
   facet normal -2.175317e-16 5.439178e-16 -1.000000e+00
      outer loop
         vertex 7.619321e+01 9.879085e+01 4.814840e+01
         vertex 7.543731e+01 1.003874e+02 4.814840e+01
         vertex 7.784230e+01 9.935948e+01 4.814840e+01
      endloop
   endfacet
   facet normal 2.175317e-16 -5.439178e-16 1.000000e+00
      outer loop
         vertex 8.513058e+01 1.082054e+02 5.314840e+01
         vertex 8.802453e+01 1.090914e+02 5.314840e+01
         vertex 8.796231e+01 1.099575e+02 5.314840e+01
      endloop
   endfacet
   facet normal 2.175317e-16 -5.439178e-16 1.000000e+00
      outer loop
         vertex 8.513058e+01 1.082054e+02 5.314840e+01
         vertex 8.796231e+01 1.099575e+02 5.314840e+01
         vertex 7.413956e+01 1.079257e+02 5.314840e+01
      endloop
   endfacet
   facet normal 2.175317e-16 -5.439178e-16 1.000000e+00
      outer loop
         vertex 7.413956e+01 1.079257e+02 5.314840e+01
         vertex 8.796231e+01 1.099575e+02 5.314840e+01
         vertex 8.808477e+01 1.114146e+02 5.314840e+01
      endloop
   endfacet
   facet normal 2.175317e-16 -5.439178e-16 1.000000e+00
      outer loop
         vertex 7.413956e+01 1.079257e+02 5.314840e+01
         vertex 8.808477e+01 1.114146e+02 5.314840e+01
         vertex 8.829061e+01 1.122580e+02 5.314840e+01
      endloop
   endfacet
   facet normal 2.175317e-16 -5.439178e-16 1.000000e+00
      outer loop
         vertex 8.890274e+01 1.062228e+02 5.314840e+01
         vertex 8.600879e+01 1.053368e+02 5.314840e+01
         vertex 8.933607e+01 1.054703e+02 5.314840e+01
      endloop
   endfacet
   facet normal 2.175317e-16 -5.439178e-16 1.000000e+00
      outer loop
         vertex 8.933607e+01 1.054703e+02 5.314840e+01
         vertex 8.600879e+01 1.053368e+02 5.314840e+01
         vertex 8.095114e+01 1.007033e+02 5.314840e+01
      endloop
   endfacet
   facet normal 2.175317e-16 -5.439178e-16 1.000000e+00
      outer loop
         vertex 8.933607e+01 1.054703e+02 5.314840e+01
         vertex 8.095114e+01 1.007033e+02 5.314840e+01
         vertex 9.025326e+01 1.043314e+02 5.314840e+01
      endloop
   endfacet
   facet normal 2.175317e-16 -5.439178e-16 1.000000e+00
      outer loop
         vertex 9.025326e+01 1.043314e+02 5.314840e+01
         vertex 8.095114e+01 1.007033e+02 5.314840e+01
         vertex 9.089596e+01 1.037479e+02 5.314840e+01
      endloop
   endfacet
   facet normal 2.175317e-16 -5.439178e-16 1.000000e+00
      outer loop
         vertex 7.269022e+01 1.045892e+02 5.314840e+01
         vertex 7.354941e+01 1.057694e+02 5.314840e+01
         vertex 7.259551e+01 1.071141e+02 5.314840e+01
      endloop
   endfacet
   facet normal 2.175317e-16 -5.439178e-16 1.000000e+00
      outer loop
         vertex 7.259551e+01 1.071141e+02 5.314840e+01
         vertex 7.354941e+01 1.057694e+02 5.314840e+01
         vertex 7.413956e+01 1.079257e+02 5.314840e+01
      endloop
   endfacet
   facet normal 2.175317e-16 -5.439178e-16 1.000000e+00
      outer loop
         vertex 8.513058e+01 1.082054e+02 5.314840e+01
         vertex 7.839201e+01 1.044459e+02 5.314840e+01
         vertex 8.600879e+01 1.053368e+02 5.314840e+01
      endloop
   endfacet
   facet normal 2.175317e-16 -5.439178e-16 1.000000e+00
      outer loop
         vertex 8.600879e+01 1.053368e+02 5.314840e+01
         vertex 7.839201e+01 1.044459e+02 5.314840e+01
         vertex 7.853151e+01 1.029928e+02 5.314840e+01
      endloop
   endfacet
   facet normal 2.175317e-16 -5.439178e-16 1.000000e+00
      outer loop
         vertex 8.600879e+01 1.053368e+02 5.314840e+01
         vertex 7.853151e+01 1.029928e+02 5.314840e+01
         vertex 8.095114e+01 1.007033e+02 5.314840e+01
      endloop
   endfacet
   facet normal 2.175317e-16 -5.439178e-16 1.000000e+00
      outer loop
         vertex 8.095114e+01 1.007033e+02 5.314840e+01
         vertex 7.853151e+01 1.029928e+02 5.314840e+01
         vertex 7.797972e+01 1.016413e+02 5.314840e+01
      endloop
   endfacet
   facet normal 2.175317e-16 -5.439178e-16 1.000000e+00
      outer loop
         vertex 7.354941e+01 1.057694e+02 5.314840e+01
         vertex 7.485866e+01 1.064152e+02 5.314840e+01
         vertex 7.413956e+01 1.079257e+02 5.314840e+01
      endloop
   endfacet
   facet normal 2.175317e-16 -5.439178e-16 1.000000e+00
      outer loop
         vertex 7.413956e+01 1.079257e+02 5.314840e+01
         vertex 7.485866e+01 1.064152e+02 5.314840e+01
         vertex 7.631803e+01 1.063785e+02 5.314840e+01
      endloop
   endfacet
   facet normal 2.175317e-16 -5.439178e-16 1.000000e+00
      outer loop
         vertex 7.413956e+01 1.079257e+02 5.314840e+01
         vertex 7.631803e+01 1.063785e+02 5.314840e+01
         vertex 8.513058e+01 1.082054e+02 5.314840e+01
      endloop
   endfacet
   facet normal 2.175317e-16 -5.439178e-16 1.000000e+00
      outer loop
         vertex 8.513058e+01 1.082054e+02 5.314840e+01
         vertex 7.631803e+01 1.063785e+02 5.314840e+01
         vertex 7.759319e+01 1.056678e+02 5.314840e+01
      endloop
   endfacet
   facet normal 2.175317e-16 -5.439178e-16 1.000000e+00
      outer loop
         vertex 8.513058e+01 1.082054e+02 5.314840e+01
         vertex 7.759319e+01 1.056678e+02 5.314840e+01
         vertex 7.839201e+01 1.044459e+02 5.314840e+01
      endloop
   endfacet
   facet normal 2.175317e-16 -5.439178e-16 1.000000e+00
      outer loop
         vertex 7.259551e+01 1.071141e+02 5.314840e+01
         vertex 7.145432e+01 1.057948e+02 5.314840e+01
         vertex 7.269022e+01 1.045892e+02 5.314840e+01
      endloop
   endfacet
   facet normal 2.175317e-16 -5.439178e-16 1.000000e+00
      outer loop
         vertex 7.269022e+01 1.045892e+02 5.314840e+01
         vertex 7.145432e+01 1.057948e+02 5.314840e+01
         vertex 7.087354e+01 1.041499e+02 5.314840e+01
      endloop
   endfacet
   facet normal 2.175317e-16 -5.439178e-16 1.000000e+00
      outer loop
         vertex 7.269022e+01 1.045892e+02 5.314840e+01
         vertex 7.087354e+01 1.041499e+02 5.314840e+01
         vertex 7.247790e+01 1.031449e+02 5.314840e+01
      endloop
   endfacet
   facet normal 2.175317e-16 -5.439178e-16 1.000000e+00
      outer loop
         vertex 7.247790e+01 1.031449e+02 5.314840e+01
         vertex 7.087354e+01 1.041499e+02 5.314840e+01
         vertex 7.093333e+01 1.024066e+02 5.314840e+01
      endloop
   endfacet
   facet normal 2.175317e-16 -5.439178e-16 1.000000e+00
      outer loop
         vertex 7.247790e+01 1.031449e+02 5.314840e+01
         vertex 7.093333e+01 1.024066e+02 5.314840e+01
         vertex 7.296110e+01 1.017674e+02 5.314840e+01
      endloop
   endfacet
   facet normal 2.175317e-16 -5.439178e-16 1.000000e+00
      outer loop
         vertex 7.296110e+01 1.017674e+02 5.314840e+01
         vertex 7.093333e+01 1.024066e+02 5.314840e+01
         vertex 7.162544e+01 1.008054e+02 5.314840e+01
      endloop
   endfacet
   facet normal 2.175317e-16 -5.439178e-16 1.000000e+00
      outer loop
         vertex 7.296110e+01 1.017674e+02 5.314840e+01
         vertex 7.162544e+01 1.008054e+02 5.314840e+01
         vertex 7.343470e+01 1.012050e+02 5.314840e+01
      endloop
   endfacet
   facet normal 2.175317e-16 -5.439178e-16 1.000000e+00
      outer loop
         vertex 7.343470e+01 1.012050e+02 5.314840e+01
         vertex 7.162544e+01 1.008054e+02 5.314840e+01
         vertex 7.285433e+01 9.956742e+01 5.314840e+01
      endloop
   endfacet
   facet normal 2.175317e-16 -5.439178e-16 1.000000e+00
      outer loop
         vertex 7.343470e+01 1.012050e+02 5.314840e+01
         vertex 7.285433e+01 9.956742e+01 5.314840e+01
         vertex 7.402913e+01 1.007722e+02 5.314840e+01
      endloop
   endfacet
   facet normal 2.175317e-16 -5.439178e-16 1.000000e+00
      outer loop
         vertex 7.402913e+01 1.007722e+02 5.314840e+01
         vertex 7.285433e+01 9.956742e+01 5.314840e+01
         vertex 7.445036e+01 9.886351e+01 5.314840e+01
      endloop
   endfacet
   facet normal 2.175317e-16 -5.439178e-16 1.000000e+00
      outer loop
         vertex 7.402913e+01 1.007722e+02 5.314840e+01
         vertex 7.445036e+01 9.886351e+01 5.314840e+01
         vertex 7.543731e+01 1.003874e+02 5.314840e+01
      endloop
   endfacet
   facet normal 2.175317e-16 -5.439178e-16 1.000000e+00
      outer loop
         vertex 7.543731e+01 1.003874e+02 5.314840e+01
         vertex 7.445036e+01 9.886351e+01 5.314840e+01
         vertex 7.619321e+01 9.879085e+01 5.314840e+01
      endloop
   endfacet
   facet normal 2.175317e-16 -5.439178e-16 1.000000e+00
      outer loop
         vertex 7.543731e+01 1.003874e+02 5.314840e+01
         vertex 7.619321e+01 9.879085e+01 5.314840e+01
         vertex 7.686305e+01 1.007010e+02 5.314840e+01
      endloop
   endfacet
   facet normal 2.175317e-16 -5.439178e-16 1.000000e+00
      outer loop
         vertex 7.686305e+01 1.007010e+02 5.314840e+01
         vertex 7.619321e+01 9.879085e+01 5.314840e+01
         vertex 7.784230e+01 9.935948e+01 5.314840e+01
      endloop
   endfacet
   facet normal 2.175317e-16 -5.439178e-16 1.000000e+00
      outer loop
         vertex 7.686305e+01 1.007010e+02 5.314840e+01
         vertex 7.784230e+01 9.935948e+01 5.314840e+01
         vertex 7.797972e+01 1.016413e+02 5.314840e+01
      endloop
   endfacet
   facet normal 2.175317e-16 -5.439178e-16 1.000000e+00
      outer loop
         vertex 7.797972e+01 1.016413e+02 5.314840e+01
         vertex 7.784230e+01 9.935948e+01 5.314840e+01
         vertex 7.935942e+01 1.001177e+02 5.314840e+01
      endloop
   endfacet
   facet normal 2.175317e-16 -5.439178e-16 1.000000e+00
      outer loop
         vertex 7.797972e+01 1.016413e+02 5.314840e+01
         vertex 7.935942e+01 1.001177e+02 5.314840e+01
         vertex 8.095114e+01 1.007033e+02 5.314840e+01
      endloop
   endfacet
endsolid TRY2_ASS - Internal_Rod-2