solid TRY2_ASS - Cam-1
   facet normal 9.019457e-01 -4.318495e-01 1.272781e-18
      outer loop
         vertex 7.758783e+01 7.006938e+01 5.114840e+01
         vertex 7.758783e+01 7.006938e+01 5.469840e+01
         vertex 7.736429e+01 6.960250e+01 5.114840e+01
      endloop
   endfacet
   facet normal 9.019457e-01 -4.318495e-01 1.272781e-18
      outer loop
         vertex 7.736429e+01 6.960250e+01 5.114840e+01
         vertex 7.758783e+01 7.006938e+01 5.469840e+01
         vertex 7.736429e+01 6.960250e+01 5.469840e+01
      endloop
   endfacet
   facet normal 9.970325e-01 7.698240e-02 -3.309189e-18
      outer loop
         vertex 7.736429e+01 6.960250e+01 5.114840e+01
         vertex 7.736429e+01 6.960250e+01 5.469840e+01
         vertex 7.740414e+01 6.908640e+01 5.114840e+01
      endloop
   endfacet
   facet normal 9.970325e-01 7.698240e-02 -3.309189e-18
      outer loop
         vertex 7.740414e+01 6.908640e+01 5.114840e+01
         vertex 7.736429e+01 6.960250e+01 5.469840e+01
         vertex 7.740414e+01 6.908640e+01 5.469840e+01
      endloop
   endfacet
   facet normal 8.249659e-01 5.651825e-01 -7.004429e-18
      outer loop
         vertex 7.740414e+01 6.908640e+01 5.114840e+01
         vertex 7.740414e+01 6.908640e+01 5.469840e+01
         vertex 7.769670e+01 6.865937e+01 5.114840e+01
      endloop
   endfacet
   facet normal 8.249659e-01 5.651825e-01 -7.004429e-18
      outer loop
         vertex 7.769670e+01 6.865937e+01 5.114840e+01
         vertex 7.740414e+01 6.908640e+01 5.469840e+01
         vertex 7.769670e+01 6.865937e+01 5.469840e+01
      endloop
   endfacet
   facet normal 4.318491e-01 9.019459e-01 -8.822864e-18
      outer loop
         vertex 7.769670e+01 6.865937e+01 5.114840e+01
         vertex 7.769670e+01 6.865937e+01 5.469840e+01
         vertex 7.816358e+01 6.843583e+01 5.114840e+01
      endloop
   endfacet
   facet normal 4.318491e-01 9.019459e-01 -8.822864e-18
      outer loop
         vertex 7.816358e+01 6.843583e+01 5.114840e+01
         vertex 7.769670e+01 6.865937e+01 5.469840e+01
         vertex 7.816358e+01 6.843583e+01 5.469840e+01
      endloop
   endfacet
   facet normal -7.698113e-02 9.970326e-01 -8.277212e-18
      outer loop
         vertex 7.816358e+01 6.843583e+01 5.114840e+01
         vertex 7.816358e+01 6.843583e+01 5.469840e+01
         vertex 7.867968e+01 6.847567e+01 5.114840e+01
      endloop
   endfacet
   facet normal -7.698113e-02 9.970326e-01 -8.277212e-18
      outer loop
         vertex 7.867968e+01 6.847567e+01 5.114840e+01
         vertex 7.816358e+01 6.843583e+01 5.469840e+01
         vertex 7.867968e+01 6.847567e+01 5.469840e+01
      endloop
   endfacet
   facet normal -5.651836e-01 8.249652e-01 -5.513689e-18
      outer loop
         vertex 7.867968e+01 6.847567e+01 5.114840e+01
         vertex 7.867968e+01 6.847567e+01 5.469840e+01
         vertex 7.910672e+01 6.876823e+01 5.114840e+01
      endloop
   endfacet
   facet normal -5.651836e-01 8.249652e-01 -5.513689e-18
      outer loop
         vertex 7.910672e+01 6.876823e+01 5.114840e+01
         vertex 7.867968e+01 6.847567e+01 5.469840e+01
         vertex 7.910672e+01 6.876823e+01 5.469840e+01
      endloop
   endfacet
   facet normal -9.019457e-01 4.318495e-01 -1.272781e-18
      outer loop
         vertex 7.910672e+01 6.876823e+01 5.114840e+01
         vertex 7.910672e+01 6.876823e+01 5.469840e+01
         vertex 7.933026e+01 6.923512e+01 5.114840e+01
      endloop
   endfacet
   facet normal -9.019457e-01 4.318495e-01 -1.272781e-18
      outer loop
         vertex 7.933026e+01 6.923512e+01 5.114840e+01
         vertex 7.910672e+01 6.876823e+01 5.469840e+01
         vertex 7.933026e+01 6.923512e+01 5.469840e+01
      endloop
   endfacet
   facet normal -9.970326e-01 -7.697986e-02 3.309168e-18
      outer loop
         vertex 7.933026e+01 6.923512e+01 5.114840e+01
         vertex 7.933026e+01 6.923512e+01 5.469840e+01
         vertex 7.929041e+01 6.975122e+01 5.114840e+01
      endloop
   endfacet
   facet normal -9.970326e-01 -7.697986e-02 3.309168e-18
      outer loop
         vertex 7.929041e+01 6.975122e+01 5.114840e+01
         vertex 7.933026e+01 6.923512e+01 5.469840e+01
         vertex 7.929041e+01 6.975122e+01 5.469840e+01
      endloop
   endfacet
   facet normal -8.249654e-01 -5.651832e-01 7.004434e-18
      outer loop
         vertex 7.929041e+01 6.975122e+01 5.114840e+01
         vertex 7.929041e+01 6.975122e+01 5.469840e+01
         vertex 7.899785e+01 7.017825e+01 5.114840e+01
      endloop
   endfacet
   facet normal -8.249654e-01 -5.651832e-01 7.004434e-18
      outer loop
         vertex 7.899785e+01 7.017825e+01 5.114840e+01
         vertex 7.929041e+01 6.975122e+01 5.469840e+01
         vertex 7.899785e+01 7.017825e+01 5.469840e+01
      endloop
   endfacet
   facet normal -4.318483e-01 -9.019463e-01 8.822866e-18
      outer loop
         vertex 7.899785e+01 7.017825e+01 5.114840e+01
         vertex 7.899785e+01 7.017825e+01 5.469840e+01
         vertex 7.853097e+01 7.040179e+01 5.114840e+01
      endloop
   endfacet
   facet normal -4.318483e-01 -9.019463e-01 8.822866e-18
      outer loop
         vertex 7.853097e+01 7.040179e+01 5.114840e+01
         vertex 7.899785e+01 7.017825e+01 5.469840e+01
         vertex 7.853097e+01 7.040179e+01 5.469840e+01
      endloop
   endfacet
   facet normal 7.697859e-02 -9.970327e-01 8.277220e-18
      outer loop
         vertex 7.853097e+01 7.040179e+01 5.114840e+01
         vertex 7.853097e+01 7.040179e+01 5.469840e+01
         vertex 7.801486e+01 7.036195e+01 5.114840e+01
      endloop
   endfacet
   facet normal 7.697859e-02 -9.970327e-01 8.277220e-18
      outer loop
         vertex 7.801486e+01 7.036195e+01 5.114840e+01
         vertex 7.853097e+01 7.040179e+01 5.469840e+01
         vertex 7.801486e+01 7.036195e+01 5.469840e+01
      endloop
   endfacet
   facet normal 5.651836e-01 -8.249652e-01 5.513689e-18
      outer loop
         vertex 7.801486e+01 7.036195e+01 5.114840e+01
         vertex 7.801486e+01 7.036195e+01 5.469840e+01
         vertex 7.758783e+01 7.006938e+01 5.114840e+01
      endloop
   endfacet
   facet normal 5.651836e-01 -8.249652e-01 5.513689e-18
      outer loop
         vertex 7.758783e+01 7.006938e+01 5.114840e+01
         vertex 7.801486e+01 7.036195e+01 5.469840e+01
         vertex 7.758783e+01 7.006938e+01 5.469840e+01
      endloop
   endfacet
   facet normal 9.019457e-01 -4.318495e-01 1.272781e-18
      outer loop
         vertex 6.899573e+01 7.742980e+01 5.114840e+01
         vertex 6.899573e+01 7.742980e+01 5.469840e+01
         vertex 6.877219e+01 7.696292e+01 5.114840e+01
      endloop
   endfacet
   facet normal 9.019457e-01 -4.318495e-01 1.272781e-18
      outer loop
         vertex 6.877219e+01 7.696292e+01 5.114840e+01
         vertex 6.899573e+01 7.742980e+01 5.469840e+01
         vertex 6.877219e+01 7.696292e+01 5.469840e+01
      endloop
   endfacet
   facet normal 9.970326e-01 7.697986e-02 -3.309168e-18
      outer loop
         vertex 6.877219e+01 7.696292e+01 5.114840e+01
         vertex 6.877219e+01 7.696292e+01 5.469840e+01
         vertex 6.881203e+01 7.644682e+01 5.114840e+01
      endloop
   endfacet
   facet normal 9.970326e-01 7.697986e-02 -3.309168e-18
      outer loop
         vertex 6.881203e+01 7.644682e+01 5.114840e+01
         vertex 6.877219e+01 7.696292e+01 5.469840e+01
         vertex 6.881203e+01 7.644682e+01 5.469840e+01
      endloop
   endfacet
   facet normal 8.249657e-01 5.651829e-01 -7.004432e-18
      outer loop
         vertex 6.881203e+01 7.644682e+01 5.114840e+01
         vertex 6.881203e+01 7.644682e+01 5.469840e+01
         vertex 6.910459e+01 7.601978e+01 5.114840e+01
      endloop
   endfacet
   facet normal 8.249657e-01 5.651829e-01 -7.004432e-18
      outer loop
         vertex 6.910459e+01 7.601978e+01 5.114840e+01
         vertex 6.881203e+01 7.644682e+01 5.469840e+01
         vertex 6.910459e+01 7.601978e+01 5.469840e+01
      endloop
   endfacet
   facet normal 4.318487e-01 9.019461e-01 -8.822865e-18
      outer loop
         vertex 6.910459e+01 7.601978e+01 5.114840e+01
         vertex 6.910459e+01 7.601978e+01 5.469840e+01
         vertex 6.957147e+01 7.579624e+01 5.114840e+01
      endloop
   endfacet
   facet normal 4.318487e-01 9.019461e-01 -8.822865e-18
      outer loop
         vertex 6.957147e+01 7.579624e+01 5.114840e+01
         vertex 6.910459e+01 7.601978e+01 5.469840e+01
         vertex 6.957147e+01 7.579624e+01 5.469840e+01
      endloop
   endfacet
   facet normal -7.697986e-02 9.970326e-01 -8.277216e-18
      outer loop
         vertex 6.957147e+01 7.579624e+01 5.114840e+01
         vertex 6.957147e+01 7.579624e+01 5.469840e+01
         vertex 7.008758e+01 7.583609e+01 5.114840e+01
      endloop
   endfacet
   facet normal -7.697986e-02 9.970326e-01 -8.277216e-18
      outer loop
         vertex 7.008758e+01 7.583609e+01 5.114840e+01
         vertex 6.957147e+01 7.579624e+01 5.469840e+01
         vertex 7.008758e+01 7.583609e+01 5.469840e+01
      endloop
   endfacet
   facet normal -5.651836e-01 8.249652e-01 -5.513689e-18
      outer loop
         vertex 7.008758e+01 7.583609e+01 5.114840e+01
         vertex 7.008758e+01 7.583609e+01 5.469840e+01
         vertex 7.051461e+01 7.612865e+01 5.114840e+01
      endloop
   endfacet
   facet normal -5.651836e-01 8.249652e-01 -5.513689e-18
      outer loop
         vertex 7.051461e+01 7.612865e+01 5.114840e+01
         vertex 7.008758e+01 7.583609e+01 5.469840e+01
         vertex 7.051461e+01 7.612865e+01 5.469840e+01
      endloop
   endfacet
   facet normal -9.019457e-01 4.318495e-01 -1.272781e-18
      outer loop
         vertex 7.051461e+01 7.612865e+01 5.114840e+01
         vertex 7.051461e+01 7.612865e+01 5.469840e+01
         vertex 7.073815e+01 7.659553e+01 5.114840e+01
      endloop
   endfacet
   facet normal -9.019457e-01 4.318495e-01 -1.272781e-18
      outer loop
         vertex 7.073815e+01 7.659553e+01 5.114840e+01
         vertex 7.051461e+01 7.612865e+01 5.469840e+01
         vertex 7.073815e+01 7.659553e+01 5.469840e+01
      endloop
   endfacet
   facet normal -9.970326e-01 -7.698113e-02 3.309178e-18
      outer loop
         vertex 7.073815e+01 7.659553e+01 5.114840e+01
         vertex 7.073815e+01 7.659553e+01 5.469840e+01
         vertex 7.069830e+01 7.711163e+01 5.114840e+01
      endloop
   endfacet
   facet normal -9.970326e-01 -7.698113e-02 3.309178e-18
      outer loop
         vertex 7.069830e+01 7.711163e+01 5.114840e+01
         vertex 7.073815e+01 7.659553e+01 5.469840e+01
         vertex 7.069830e+01 7.711163e+01 5.469840e+01
      endloop
   endfacet
   facet normal -8.249657e-01 -5.651829e-01 7.004432e-18
      outer loop
         vertex 7.069830e+01 7.711163e+01 5.114840e+01
         vertex 7.069830e+01 7.711163e+01 5.469840e+01
         vertex 7.040574e+01 7.753867e+01 5.114840e+01
      endloop
   endfacet
   facet normal -8.249657e-01 -5.651829e-01 7.004432e-18
      outer loop
         vertex 7.040574e+01 7.753867e+01 5.114840e+01
         vertex 7.069830e+01 7.711163e+01 5.469840e+01
         vertex 7.040574e+01 7.753867e+01 5.469840e+01
      endloop
   endfacet
   facet normal -4.318487e-01 -9.019461e-01 8.822865e-18
      outer loop
         vertex 7.040574e+01 7.753867e+01 5.114840e+01
         vertex 7.040574e+01 7.753867e+01 5.469840e+01
         vertex 6.993886e+01 7.776221e+01 5.114840e+01
      endloop
   endfacet
   facet normal -4.318487e-01 -9.019461e-01 8.822865e-18
      outer loop
         vertex 6.993886e+01 7.776221e+01 5.114840e+01
         vertex 7.040574e+01 7.753867e+01 5.469840e+01
         vertex 6.993886e+01 7.776221e+01 5.469840e+01
      endloop
   endfacet
   facet normal 7.698113e-02 -9.970326e-01 8.277212e-18
      outer loop
         vertex 6.993886e+01 7.776221e+01 5.114840e+01
         vertex 6.993886e+01 7.776221e+01 5.469840e+01
         vertex 6.942276e+01 7.772236e+01 5.114840e+01
      endloop
   endfacet
   facet normal 7.698113e-02 -9.970326e-01 8.277212e-18
      outer loop
         vertex 6.942276e+01 7.772236e+01 5.114840e+01
         vertex 6.993886e+01 7.776221e+01 5.469840e+01
         vertex 6.942276e+01 7.772236e+01 5.469840e+01
      endloop
   endfacet
   facet normal 5.651836e-01 -8.249652e-01 5.513689e-18
      outer loop
         vertex 6.942276e+01 7.772236e+01 5.114840e+01
         vertex 6.942276e+01 7.772236e+01 5.469840e+01
         vertex 6.899573e+01 7.742980e+01 5.114840e+01
      endloop
   endfacet
   facet normal 5.651836e-01 -8.249652e-01 5.513689e-18
      outer loop
         vertex 6.899573e+01 7.742980e+01 5.114840e+01
         vertex 6.942276e+01 7.772236e+01 5.469840e+01
         vertex 6.899573e+01 7.742980e+01 5.469840e+01
      endloop
   endfacet
   facet normal 9.019457e-01 -4.318495e-01 1.272781e-18
      outer loop
         vertex 7.635614e+01 8.602191e+01 5.114840e+01
         vertex 7.635614e+01 8.602191e+01 5.469840e+01
         vertex 7.613260e+01 8.555502e+01 5.114840e+01
      endloop
   endfacet
   facet normal 9.019457e-01 -4.318495e-01 1.272781e-18
      outer loop
         vertex 7.613260e+01 8.555502e+01 5.114840e+01
         vertex 7.635614e+01 8.602191e+01 5.469840e+01
         vertex 7.613260e+01 8.555502e+01 5.469840e+01
      endloop
   endfacet
   facet normal 9.970326e-01 7.697986e-02 -3.309168e-18
      outer loop
         vertex 7.613260e+01 8.555502e+01 5.114840e+01
         vertex 7.613260e+01 8.555502e+01 5.469840e+01
         vertex 7.617245e+01 8.503892e+01 5.114840e+01
      endloop
   endfacet
   facet normal 9.970326e-01 7.697986e-02 -3.309168e-18
      outer loop
         vertex 7.617245e+01 8.503892e+01 5.114840e+01
         vertex 7.613260e+01 8.555502e+01 5.469840e+01
         vertex 7.617245e+01 8.503892e+01 5.469840e+01
      endloop
   endfacet
   facet normal 8.249657e-01 5.651829e-01 -7.004432e-18
      outer loop
         vertex 7.617245e+01 8.503892e+01 5.114840e+01
         vertex 7.617245e+01 8.503892e+01 5.469840e+01
         vertex 7.646501e+01 8.461189e+01 5.114840e+01
      endloop
   endfacet
   facet normal 8.249657e-01 5.651829e-01 -7.004432e-18
      outer loop
         vertex 7.646501e+01 8.461189e+01 5.114840e+01
         vertex 7.617245e+01 8.503892e+01 5.469840e+01
         vertex 7.646501e+01 8.461189e+01 5.469840e+01
      endloop
   endfacet
   facet normal 4.318487e-01 9.019461e-01 -8.822865e-18
      outer loop
         vertex 7.646501e+01 8.461189e+01 5.114840e+01
         vertex 7.646501e+01 8.461189e+01 5.469840e+01
         vertex 7.693189e+01 8.438835e+01 5.114840e+01
      endloop
   endfacet
   facet normal 4.318487e-01 9.019461e-01 -8.822865e-18
      outer loop
         vertex 7.693189e+01 8.438835e+01 5.114840e+01
         vertex 7.646501e+01 8.461189e+01 5.469840e+01
         vertex 7.693189e+01 8.438835e+01 5.469840e+01
      endloop
   endfacet
   facet normal -7.697986e-02 9.970326e-01 -8.277216e-18
      outer loop
         vertex 7.693189e+01 8.438835e+01 5.114840e+01
         vertex 7.693189e+01 8.438835e+01 5.469840e+01
         vertex 7.744799e+01 8.442820e+01 5.114840e+01
      endloop
   endfacet
   facet normal -7.697986e-02 9.970326e-01 -8.277216e-18
      outer loop
         vertex 7.744799e+01 8.442820e+01 5.114840e+01
         vertex 7.693189e+01 8.438835e+01 5.469840e+01
         vertex 7.744799e+01 8.442820e+01 5.469840e+01
      endloop
   endfacet
   facet normal -5.651836e-01 8.249652e-01 -5.513689e-18
      outer loop
         vertex 7.744799e+01 8.442820e+01 5.114840e+01
         vertex 7.744799e+01 8.442820e+01 5.469840e+01
         vertex 7.787503e+01 8.472076e+01 5.114840e+01
      endloop
   endfacet
   facet normal -5.651836e-01 8.249652e-01 -5.513689e-18
      outer loop
         vertex 7.787503e+01 8.472076e+01 5.114840e+01
         vertex 7.744799e+01 8.442820e+01 5.469840e+01
         vertex 7.787503e+01 8.472076e+01 5.469840e+01
      endloop
   endfacet
   facet normal -9.019457e-01 4.318495e-01 -1.272781e-18
      outer loop
         vertex 7.787503e+01 8.472076e+01 5.114840e+01
         vertex 7.787503e+01 8.472076e+01 5.469840e+01
         vertex 7.809857e+01 8.518764e+01 5.114840e+01
      endloop
   endfacet
   facet normal -9.019457e-01 4.318495e-01 -1.272781e-18
      outer loop
         vertex 7.809857e+01 8.518764e+01 5.114840e+01
         vertex 7.787503e+01 8.472076e+01 5.469840e+01
         vertex 7.809857e+01 8.518764e+01 5.469840e+01
      endloop
   endfacet
   facet normal -9.970326e-01 -7.698113e-02 3.309178e-18
      outer loop
         vertex 7.809857e+01 8.518764e+01 5.114840e+01
         vertex 7.809857e+01 8.518764e+01 5.469840e+01
         vertex 7.805872e+01 8.570374e+01 5.114840e+01
      endloop
   endfacet
   facet normal -9.970326e-01 -7.698113e-02 3.309178e-18
      outer loop
         vertex 7.805872e+01 8.570374e+01 5.114840e+01
         vertex 7.809857e+01 8.518764e+01 5.469840e+01
         vertex 7.805872e+01 8.570374e+01 5.469840e+01
      endloop
   endfacet
   facet normal -8.249657e-01 -5.651829e-01 7.004432e-18
      outer loop
         vertex 7.805872e+01 8.570374e+01 5.114840e+01
         vertex 7.805872e+01 8.570374e+01 5.469840e+01
         vertex 7.776616e+01 8.613077e+01 5.114840e+01
      endloop
   endfacet
   facet normal -8.249657e-01 -5.651829e-01 7.004432e-18
      outer loop
         vertex 7.776616e+01 8.613077e+01 5.114840e+01
         vertex 7.805872e+01 8.570374e+01 5.469840e+01
         vertex 7.776616e+01 8.613077e+01 5.469840e+01
      endloop
   endfacet
   facet normal -4.318487e-01 -9.019461e-01 8.822865e-18
      outer loop
         vertex 7.776616e+01 8.613077e+01 5.114840e+01
         vertex 7.776616e+01 8.613077e+01 5.469840e+01
         vertex 7.729928e+01 8.635431e+01 5.114840e+01
      endloop
   endfacet
   facet normal -4.318487e-01 -9.019461e-01 8.822865e-18
      outer loop
         vertex 7.729928e+01 8.635431e+01 5.114840e+01
         vertex 7.776616e+01 8.613077e+01 5.469840e+01
         vertex 7.729928e+01 8.635431e+01 5.469840e+01
      endloop
   endfacet
   facet normal 7.698113e-02 -9.970326e-01 8.277212e-18
      outer loop
         vertex 7.729928e+01 8.635431e+01 5.114840e+01
         vertex 7.729928e+01 8.635431e+01 5.469840e+01
         vertex 7.678318e+01 8.631447e+01 5.114840e+01
      endloop
   endfacet
   facet normal 7.698113e-02 -9.970326e-01 8.277212e-18
      outer loop
         vertex 7.678318e+01 8.631447e+01 5.114840e+01
         vertex 7.729928e+01 8.635431e+01 5.469840e+01
         vertex 7.678318e+01 8.631447e+01 5.469840e+01
      endloop
   endfacet
   facet normal 5.651836e-01 -8.249652e-01 5.513689e-18
      outer loop
         vertex 7.678318e+01 8.631447e+01 5.114840e+01
         vertex 7.678318e+01 8.631447e+01 5.469840e+01
         vertex 7.635614e+01 8.602191e+01 5.114840e+01
      endloop
   endfacet
   facet normal 5.651836e-01 -8.249652e-01 5.513689e-18
      outer loop
         vertex 7.635614e+01 8.602191e+01 5.114840e+01
         vertex 7.678318e+01 8.631447e+01 5.469840e+01
         vertex 7.635614e+01 8.602191e+01 5.469840e+01
      endloop
   endfacet
   facet normal 9.019457e-01 -4.318495e-01 1.272781e-18
      outer loop
         vertex 8.494825e+01 7.866149e+01 5.114840e+01
         vertex 8.494825e+01 7.866149e+01 5.469840e+01
         vertex 8.472471e+01 7.819461e+01 5.114840e+01
      endloop
   endfacet
   facet normal 9.019457e-01 -4.318495e-01 1.272781e-18
      outer loop
         vertex 8.472471e+01 7.819461e+01 5.114840e+01
         vertex 8.494825e+01 7.866149e+01 5.469840e+01
         vertex 8.472471e+01 7.819461e+01 5.469840e+01
      endloop
   endfacet
   facet normal 9.970325e-01 7.698240e-02 -3.309189e-18
      outer loop
         vertex 8.472471e+01 7.819461e+01 5.114840e+01
         vertex 8.472471e+01 7.819461e+01 5.469840e+01
         vertex 8.476456e+01 7.767851e+01 5.114840e+01
      endloop
   endfacet
   facet normal 9.970325e-01 7.698240e-02 -3.309189e-18
      outer loop
         vertex 8.476456e+01 7.767851e+01 5.114840e+01
         vertex 8.472471e+01 7.819461e+01 5.469840e+01
         vertex 8.476456e+01 7.767851e+01 5.469840e+01
      endloop
   endfacet
   facet normal 8.249659e-01 5.651825e-01 -7.004429e-18
      outer loop
         vertex 8.476456e+01 7.767851e+01 5.114840e+01
         vertex 8.476456e+01 7.767851e+01 5.469840e+01
         vertex 8.505711e+01 7.725147e+01 5.114840e+01
      endloop
   endfacet
   facet normal 8.249659e-01 5.651825e-01 -7.004429e-18
      outer loop
         vertex 8.505711e+01 7.725147e+01 5.114840e+01
         vertex 8.476456e+01 7.767851e+01 5.469840e+01
         vertex 8.505711e+01 7.725147e+01 5.469840e+01
      endloop
   endfacet
   facet normal 4.318491e-01 9.019459e-01 -8.822864e-18
      outer loop
         vertex 8.505711e+01 7.725147e+01 5.114840e+01
         vertex 8.505711e+01 7.725147e+01 5.469840e+01
         vertex 8.552400e+01 7.702793e+01 5.114840e+01
      endloop
   endfacet
   facet normal 4.318491e-01 9.019459e-01 -8.822864e-18
      outer loop
         vertex 8.552400e+01 7.702793e+01 5.114840e+01
         vertex 8.505711e+01 7.725147e+01 5.469840e+01
         vertex 8.552400e+01 7.702793e+01 5.469840e+01
      endloop
   endfacet
   facet normal -7.698113e-02 9.970326e-01 -8.277212e-18
      outer loop
         vertex 8.552400e+01 7.702793e+01 5.114840e+01
         vertex 8.552400e+01 7.702793e+01 5.469840e+01
         vertex 8.604010e+01 7.706778e+01 5.114840e+01
      endloop
   endfacet
   facet normal -7.698113e-02 9.970326e-01 -8.277212e-18
      outer loop
         vertex 8.604010e+01 7.706778e+01 5.114840e+01
         vertex 8.552400e+01 7.702793e+01 5.469840e+01
         vertex 8.604010e+01 7.706778e+01 5.469840e+01
      endloop
   endfacet
   facet normal -5.651836e-01 8.249652e-01 -5.513689e-18
      outer loop
         vertex 8.604010e+01 7.706778e+01 5.114840e+01
         vertex 8.604010e+01 7.706778e+01 5.469840e+01
         vertex 8.646713e+01 7.736034e+01 5.114840e+01
      endloop
   endfacet
   facet normal -5.651836e-01 8.249652e-01 -5.513689e-18
      outer loop
         vertex 8.646713e+01 7.736034e+01 5.114840e+01
         vertex 8.604010e+01 7.706778e+01 5.469840e+01
         vertex 8.646713e+01 7.736034e+01 5.469840e+01
      endloop
   endfacet
   facet normal -9.019457e-01 4.318495e-01 -1.272781e-18
      outer loop
         vertex 8.646713e+01 7.736034e+01 5.114840e+01
         vertex 8.646713e+01 7.736034e+01 5.469840e+01
         vertex 8.669067e+01 7.782722e+01 5.114840e+01
      endloop
   endfacet
   facet normal -9.019457e-01 4.318495e-01 -1.272781e-18
      outer loop
         vertex 8.669067e+01 7.782722e+01 5.114840e+01
         vertex 8.646713e+01 7.736034e+01 5.469840e+01
         vertex 8.669067e+01 7.782722e+01 5.469840e+01
      endloop
   endfacet
   facet normal -9.970326e-01 -7.697986e-02 3.309168e-18
      outer loop
         vertex 8.669067e+01 7.782722e+01 5.114840e+01
         vertex 8.669067e+01 7.782722e+01 5.469840e+01
         vertex 8.665083e+01 7.834332e+01 5.114840e+01
      endloop
   endfacet
   facet normal -9.970326e-01 -7.697986e-02 3.309168e-18
      outer loop
         vertex 8.665083e+01 7.834332e+01 5.114840e+01
         vertex 8.669067e+01 7.782722e+01 5.469840e+01
         vertex 8.665083e+01 7.834332e+01 5.469840e+01
      endloop
   endfacet
   facet normal -8.249654e-01 -5.651832e-01 7.004434e-18
      outer loop
         vertex 8.665083e+01 7.834332e+01 5.114840e+01
         vertex 8.665083e+01 7.834332e+01 5.469840e+01
         vertex 8.635827e+01 7.877036e+01 5.114840e+01
      endloop
   endfacet
   facet normal -8.249654e-01 -5.651832e-01 7.004434e-18
      outer loop
         vertex 8.635827e+01 7.877036e+01 5.114840e+01
         vertex 8.665083e+01 7.834332e+01 5.469840e+01
         vertex 8.635827e+01 7.877036e+01 5.469840e+01
      endloop
   endfacet
   facet normal -4.318483e-01 -9.019463e-01 8.822866e-18
      outer loop
         vertex 8.635827e+01 7.877036e+01 5.114840e+01
         vertex 8.635827e+01 7.877036e+01 5.469840e+01
         vertex 8.589138e+01 7.899390e+01 5.114840e+01
      endloop
   endfacet
   facet normal -4.318483e-01 -9.019463e-01 8.822866e-18
      outer loop
         vertex 8.589138e+01 7.899390e+01 5.114840e+01
         vertex 8.635827e+01 7.877036e+01 5.469840e+01
         vertex 8.589138e+01 7.899390e+01 5.469840e+01
      endloop
   endfacet
   facet normal 7.697859e-02 -9.970327e-01 8.277220e-18
      outer loop
         vertex 8.589138e+01 7.899390e+01 5.114840e+01
         vertex 8.589138e+01 7.899390e+01 5.469840e+01
         vertex 8.537528e+01 7.895405e+01 5.114840e+01
      endloop
   endfacet
   facet normal 7.697859e-02 -9.970327e-01 8.277220e-18
      outer loop
         vertex 8.537528e+01 7.895405e+01 5.114840e+01
         vertex 8.589138e+01 7.899390e+01 5.469840e+01
         vertex 8.537528e+01 7.895405e+01 5.469840e+01
      endloop
   endfacet
   facet normal 5.651836e-01 -8.249652e-01 5.513689e-18
      outer loop
         vertex 8.537528e+01 7.895405e+01 5.114840e+01
         vertex 8.537528e+01 7.895405e+01 5.469840e+01
         vertex 8.494825e+01 7.866149e+01 5.114840e+01
      endloop
   endfacet
   facet normal 5.651836e-01 -8.249652e-01 5.513689e-18
      outer loop
         vertex 8.494825e+01 7.866149e+01 5.114840e+01
         vertex 8.537528e+01 7.895405e+01 5.469840e+01
         vertex 8.494825e+01 7.866149e+01 5.469840e+01
      endloop
   endfacet
   facet normal -5.085074e-01 4.879300e-01 -7.094678e-01
      outer loop
         vertex 6.680967e+01 8.839348e+01 4.814840e+01
         vertex 6.629149e+01 8.785346e+01 4.814840e+01
         vertex 6.590857e+01 8.818141e+01 4.864840e+01
      endloop
   endfacet
   facet normal -5.621711e-01 4.251465e-01 -7.093758e-01
      outer loop
         vertex 6.478216e+01 8.679276e+01 4.864841e+01
         vertex 6.525808e+01 8.742206e+01 4.864840e+01
         vertex 6.564092e+01 8.709401e+01 4.814840e+01
      endloop
   endfacet
   facet normal -5.621702e-01 4.290811e-01 -7.070036e-01
      outer loop
         vertex 6.564092e+01 8.709401e+01 4.814840e+01
         vertex 6.518683e+01 8.649908e+01 4.814840e+01
         vertex 6.478216e+01 8.679276e+01 4.864841e+01
      endloop
   endfacet
   facet normal -6.048258e-01 3.685240e-01 -7.059574e-01
      outer loop
         vertex 6.478216e+01 8.679276e+01 4.864841e+01
         vertex 6.518683e+01 8.649908e+01 4.814840e+01
         vertex 6.388889e+01 8.436890e+01 4.814840e+01
      endloop
   endfacet
   facet normal -6.048257e-01 3.685240e-01 -7.059575e-01
      outer loop
         vertex 6.478216e+01 8.679276e+01 4.864841e+01
         vertex 6.388889e+01 8.436890e+01 4.814840e+01
         vertex 6.344236e+01 8.459386e+01 4.864841e+01
      endloop
   endfacet
   facet normal -6.561087e-01 2.667308e-01 -7.059575e-01
      outer loop
         vertex 6.344236e+01 8.459386e+01 4.864841e+01
         vertex 6.388889e+01 8.436890e+01 4.814840e+01
         vertex 6.294947e+01 8.205809e+01 4.814840e+01
      endloop
   endfacet
   facet normal -6.561088e-01 2.667308e-01 -7.059574e-01
      outer loop
         vertex 6.344236e+01 8.459386e+01 4.864841e+01
         vertex 6.294947e+01 8.205809e+01 4.814840e+01
         vertex 6.247263e+01 8.220851e+01 4.864841e+01
      endloop
   endfacet
   facet normal -6.903990e-01 1.580296e-01 -7.059574e-01
      outer loop
         vertex 6.247263e+01 8.220851e+01 4.864841e+01
         vertex 6.294947e+01 8.205809e+01 4.814840e+01
         vertex 6.239289e+01 7.962651e+01 4.814840e+01
      endloop
   endfacet
   facet normal -6.903994e-01 1.580295e-01 -7.059571e-01
      outer loop
         vertex 6.247263e+01 8.220851e+01 4.864841e+01
         vertex 6.239289e+01 7.962651e+01 4.814840e+01
         vertex 6.189810e+01 7.969849e+01 4.864841e+01
      endloop
   endfacet
   facet normal -7.068086e-01 4.523512e-02 -7.059571e-01
      outer loop
         vertex 6.189810e+01 7.969849e+01 4.864841e+01
         vertex 6.239289e+01 7.962651e+01 4.814840e+01
         vertex 6.223358e+01 7.713714e+01 4.814840e+01
      endloop
   endfacet
   facet normal -7.068081e-01 4.523529e-02 -7.059576e-01
      outer loop
         vertex 6.189810e+01 7.969849e+01 4.864841e+01
         vertex 6.223358e+01 7.713714e+01 4.814840e+01
         vertex 6.173364e+01 7.712882e+01 4.864841e+01
      endloop
   endfacet
   facet normal -7.049113e-01 -6.873043e-02 -7.059576e-01
      outer loop
         vertex 6.173364e+01 7.712882e+01 4.864841e+01
         vertex 6.223358e+01 7.713714e+01 4.814840e+01
         vertex 6.247564e+01 7.465445e+01 4.814840e+01
      endloop
   endfacet
   facet normal -7.049116e-01 -6.873054e-02 -7.059574e-01
      outer loop
         vertex 6.173364e+01 7.712882e+01 4.864841e+01
         vertex 6.247564e+01 7.465445e+01 4.814840e+01
         vertex 6.198352e+01 7.456604e+01 4.864841e+01
      endloop
   endfacet
   facet normal -6.847580e-01 -1.809163e-01 -7.059574e-01
      outer loop
         vertex 6.198352e+01 7.456604e+01 4.864841e+01
         vertex 6.247564e+01 7.465445e+01 4.814840e+01
         vertex 6.311283e+01 7.224274e+01 4.814840e+01
      endloop
   endfacet
   facet normal -6.847578e-01 -1.809162e-01 -7.059576e-01
      outer loop
         vertex 6.198352e+01 7.456604e+01 4.864841e+01
         vertex 6.311283e+01 7.224274e+01 4.814840e+01
         vertex 6.264126e+01 7.207653e+01 4.864841e+01
      endloop
   endfacet
   facet normal -6.468693e-01 -2.884161e-01 -7.059577e-01
      outer loop
         vertex 6.264126e+01 7.207653e+01 4.864841e+01
         vertex 6.311283e+01 7.224274e+01 4.814840e+01
         vertex 6.412863e+01 6.996447e+01 4.814840e+01
      endloop
   endfacet
   facet normal -6.468693e-01 -2.884161e-01 -7.059577e-01
      outer loop
         vertex 6.264126e+01 7.207653e+01 4.864841e+01
         vertex 6.412863e+01 6.996447e+01 4.814840e+01
         vertex 6.368982e+01 6.972477e+01 4.864841e+01
      endloop
   endfacet
   facet normal -5.922272e-01 -3.884465e-01 -7.059576e-01
      outer loop
         vertex 6.368982e+01 6.972477e+01 4.864841e+01
         vertex 6.412863e+01 6.996447e+01 4.814840e+01
         vertex 6.549673e+01 6.787865e+01 4.814840e+01
      endloop
   endfacet
   facet normal -5.922270e-01 -3.884462e-01 -7.059580e-01
      outer loop
         vertex 6.368982e+01 6.972477e+01 4.864841e+01
         vertex 6.549673e+01 6.787865e+01 4.814840e+01
         vertex 6.510206e+01 6.757167e+01 4.864841e+01
      endloop
   endfacet
   facet normal -5.222467e-01 -4.784158e-01 -7.059580e-01
      outer loop
         vertex 6.510206e+01 6.757167e+01 4.864841e+01
         vertex 6.549673e+01 6.787865e+01 4.814840e+01
         vertex 6.718171e+01 6.603930e+01 4.814840e+01
      endloop
   endfacet
   facet normal -5.222471e-01 -4.784167e-01 -7.059571e-01
      outer loop
         vertex 6.510206e+01 6.757167e+01 4.864841e+01
         vertex 6.718171e+01 6.603930e+01 4.814840e+01
         vertex 6.684139e+01 6.567299e+01 4.864841e+01
      endloop
   endfacet
   facet normal -4.387409e-01 -5.559956e-01 -7.059570e-01
      outer loop
         vertex 6.684139e+01 6.567299e+01 4.864841e+01
         vertex 6.718171e+01 6.603930e+01 4.814840e+01
         vertex 6.913992e+01 6.449406e+01 4.814840e+01
      endloop
   endfacet
   facet normal -4.387409e-01 -5.559956e-01 -7.059570e-01
      outer loop
         vertex 6.684139e+01 6.567299e+01 4.864841e+01
         vertex 6.913992e+01 6.449406e+01 4.814840e+01
         vertex 6.886277e+01 6.407790e+01 4.864841e+01
      endloop
   endfacet
   facet normal -3.438714e-01 -6.191747e-01 -7.059569e-01
      outer loop
         vertex 6.886277e+01 6.407790e+01 4.864841e+01
         vertex 6.913992e+01 6.449406e+01 4.814840e+01
         vertex 7.132064e+01 6.328295e+01 4.814840e+01
      endloop
   endfacet
   facet normal -3.438713e-01 -6.191742e-01 -7.059573e-01
      outer loop
         vertex 6.886277e+01 6.407790e+01 4.864841e+01
         vertex 7.132064e+01 6.328295e+01 4.814840e+01
         vertex 7.111384e+01 6.282772e+01 4.864841e+01
      endloop
   endfacet
   facet normal -2.400957e-01 -6.663170e-01 -7.059573e-01
      outer loop
         vertex 7.111384e+01 6.282772e+01 4.864841e+01
         vertex 7.132064e+01 6.328295e+01 4.814840e+01
         vertex 7.366740e+01 6.243734e+01 4.814840e+01
      endloop
   endfacet
   facet normal -2.400957e-01 -6.663164e-01 -7.059579e-01
      outer loop
         vertex 7.111384e+01 6.282772e+01 4.864841e+01
         vertex 7.366740e+01 6.243734e+01 4.814840e+01
         vertex 7.353631e+01 6.195483e+01 4.864841e+01
      endloop
   endfacet
   facet normal -1.301018e-01 -6.962017e-01 -7.059580e-01
      outer loop
         vertex 7.353631e+01 6.195483e+01 4.864841e+01
         vertex 7.366740e+01 6.243734e+01 4.814840e+01
         vertex 7.611942e+01 6.197912e+01 4.814840e+01
      endloop
   endfacet
   facet normal -1.301017e-01 -6.962019e-01 -7.059578e-01
      outer loop
         vertex 7.353631e+01 6.195483e+01 4.864841e+01
         vertex 7.611942e+01 6.197912e+01 4.814840e+01
         vertex 7.606742e+01 6.148183e+01 4.864841e+01
      endloop
   endfacet
   facet normal -1.673832e-02 -7.080561e-01 -7.059578e-01
      outer loop
         vertex 7.606742e+01 6.148183e+01 4.864841e+01
         vertex 7.611942e+01 6.197912e+01 4.814840e+01
         vertex 7.861319e+01 6.192017e+01 4.814840e+01
      endloop
   endfacet
   facet normal -1.673821e-02 -7.080564e-01 -7.059575e-01
      outer loop
         vertex 7.606742e+01 6.148183e+01 4.864841e+01
         vertex 7.861319e+01 6.192017e+01 4.814840e+01
         vertex 7.864163e+01 6.142098e+01 4.864841e+01
      endloop
   endfacet
   facet normal 9.705885e-02 -7.015723e-01 -7.059574e-01
      outer loop
         vertex 7.864163e+01 6.142098e+01 4.864841e+01
         vertex 7.861319e+01 6.192017e+01 4.814840e+01
         vertex 8.108412e+01 6.226201e+01 4.814840e+01
      endloop
   endfacet
   facet normal 9.705895e-02 -7.015725e-01 -7.059573e-01
      outer loop
         vertex 7.864163e+01 6.142098e+01 4.864841e+01
         vertex 8.108412e+01 6.226201e+01 4.814840e+01
         vertex 8.119227e+01 6.177384e+01 4.864841e+01
      endloop
   endfacet
   facet normal 2.083421e-01 -6.769181e-01 -7.059571e-01
      outer loop
         vertex 8.119227e+01 6.177384e+01 4.864841e+01
         vertex 8.108412e+01 6.226201e+01 4.814840e+01
         vertex 8.346821e+01 6.299579e+01 4.814840e+01
      endloop
   endfacet
   facet normal 2.083417e-01 -6.769175e-01 -7.059578e-01
      outer loop
         vertex 8.119227e+01 6.177384e+01 4.864841e+01
         vertex 8.346821e+01 6.299579e+01 4.814840e+01
         vertex 8.365327e+01 6.253129e+01 4.864841e+01
      endloop
   endfacet
   facet normal 3.142289e-01 -6.347312e-01 -7.059579e-01
      outer loop
         vertex 8.365327e+01 6.253129e+01 4.864841e+01
         vertex 8.346821e+01 6.299579e+01 4.814840e+01
         vertex 8.570373e+01 6.410250e+01 4.814840e+01
      endloop
   endfacet
   facet normal 3.142300e-01 -6.347322e-01 -7.059565e-01
      outer loop
         vertex 8.365327e+01 6.253129e+01 4.864841e+01
         vertex 8.570373e+01 6.410250e+01 4.814840e+01
         vertex 8.596090e+01 6.367371e+01 4.864841e+01
      endloop
   endfacet
   facet normal 4.119790e-01 -5.761066e-01 -7.059564e-01
      outer loop
         vertex 8.596090e+01 6.367371e+01 4.864841e+01
         vertex 8.570373e+01 6.410250e+01 4.814840e+01
         vertex 8.773277e+01 6.555348e+01 4.814840e+01
      endloop
   endfacet
   facet normal 4.119773e-01 -5.761055e-01 -7.059583e-01
      outer loop
         vertex 8.596090e+01 6.367371e+01 4.864841e+01
         vertex 8.773277e+01 6.555348e+01 4.814840e+01
         vertex 8.805540e+01 6.517149e+01 4.864841e+01
      endloop
   endfacet
   facet normal 4.990561e-01 -5.025593e-01 -7.059584e-01
      outer loop
         vertex 8.805540e+01 6.517149e+01 4.864841e+01
         vertex 8.773277e+01 6.555348e+01 4.814840e+01
         vertex 8.950278e+01 6.731116e+01 4.814840e+01
      endloop
   endfacet
   facet normal 4.990564e-01 -5.025594e-01 -7.059581e-01
      outer loop
         vertex 8.805540e+01 6.517149e+01 4.864841e+01
         vertex 8.950278e+01 6.731116e+01 4.814840e+01
         vertex 8.988250e+01 6.698587e+01 4.864841e+01
      endloop
   endfacet
   facet normal 5.732103e-01 -4.159965e-01 -7.059581e-01
      outer loop
         vertex 8.988250e+01 6.698587e+01 4.864841e+01
         vertex 8.950278e+01 6.731116e+01 4.814840e+01
         vertex 9.096792e+01 6.933000e+01 4.814840e+01
      endloop
   endfacet
   facet normal 5.732100e-01 -4.159965e-01 -7.059584e-01
      outer loop
         vertex 8.988250e+01 6.698587e+01 4.864841e+01
         vertex 9.096792e+01 6.933000e+01 4.814840e+01
         vertex 9.139490e+01 6.906983e+01 4.864841e+01
      endloop
   endfacet
   facet normal 6.325174e-01 -3.186607e-01 -7.059583e-01
      outer loop
         vertex 9.139490e+01 6.906983e+01 4.864841e+01
         vertex 9.096792e+01 6.933000e+01 4.814840e+01
         vertex 9.209024e+01 7.155772e+01 4.814840e+01
      endloop
   endfacet
   facet normal 6.325194e-01 -3.186608e-01 -7.059565e-01
      outer loop
         vertex 9.139490e+01 6.906983e+01 4.864841e+01
         vertex 9.209024e+01 7.155772e+01 4.814840e+01
         vertex 9.255343e+01 7.136942e+01 4.864841e+01
      endloop
   endfacet
   facet normal 6.754451e-01 -2.130712e-01 -7.059565e-01
      outer loop
         vertex 9.255343e+01 7.136942e+01 4.864841e+01
         vertex 9.209024e+01 7.155772e+01 4.814840e+01
         vertex 9.284067e+01 7.393663e+01 4.814840e+01
      endloop
   endfacet
   facet normal 6.754437e-01 -2.130713e-01 -7.059578e-01
      outer loop
         vertex 9.255343e+01 7.136942e+01 4.864841e+01
         vertex 9.284067e+01 7.393663e+01 4.814840e+01
         vertex 9.332807e+01 7.382506e+01 4.864841e+01
      endloop
   endfacet
   facet normal 7.008760e-01 -1.019630e-01 -7.059578e-01
      outer loop
         vertex 9.332807e+01 7.382506e+01 4.864841e+01
         vertex 9.284067e+01 7.393663e+01 4.814840e+01
         vertex 9.319978e+01 7.640511e+01 4.814840e+01
      endloop
   endfacet
   facet normal 7.008766e-01 -1.019629e-01 -7.059572e-01
      outer loop
         vertex 9.332807e+01 7.382506e+01 4.864841e+01
         vertex 9.319978e+01 7.640511e+01 4.814840e+01
         vertex 9.369877e+01 7.637317e+01 4.864841e+01
      endloop
   endfacet
   facet normal 7.081564e-01 1.178573e-02 -7.059573e-01
      outer loop
         vertex 9.369877e+01 7.637317e+01 4.864841e+01
         vertex 9.319978e+01 7.640511e+01 4.814840e+01
         vertex 9.315827e+01 7.889922e+01 4.814840e+01
      endloop
   endfacet
   facet normal 7.081562e-01 1.178566e-02 -7.059574e-01
      outer loop
         vertex 9.369877e+01 7.637317e+01 4.864841e+01
         vertex 9.315827e+01 7.889922e+01 4.814840e+01
         vertex 9.365592e+01 7.894775e+01 4.864841e+01
      endloop
   endfacet
   facet normal 6.970951e-01 1.252295e-01 -7.059575e-01
      outer loop
         vertex 9.365592e+01 7.894775e+01 4.864841e+01
         vertex 9.315827e+01 7.889922e+01 4.814840e+01
         vertex 9.271722e+01 8.135439e+01 4.814840e+01
      endloop
   endfacet
   facet normal 6.970948e-01 1.252293e-01 -7.059578e-01
      outer loop
         vertex 9.365592e+01 7.894775e+01 4.864841e+01
         vertex 9.271722e+01 8.135439e+01 4.814840e+01
         vertex 9.320063e+01 8.148211e+01 4.864841e+01
      endloop
   endfacet
   facet normal 6.679793e-01 2.354297e-01 -7.059578e-01
      outer loop
         vertex 9.320063e+01 8.148211e+01 4.864841e+01
         vertex 9.271722e+01 8.135439e+01 4.814840e+01
         vertex 9.188804e+01 8.370700e+01 4.814840e+01
      endloop
   endfacet
   facet normal 6.679792e-01 2.354296e-01 -7.059580e-01
      outer loop
         vertex 9.320063e+01 8.148211e+01 4.864841e+01
         vertex 9.188804e+01 8.370700e+01 4.814840e+01
         vertex 9.234470e+01 8.391061e+01 4.864841e+01
      endloop
   endfacet
   facet normal 6.215636e-01 3.395322e-01 -7.059579e-01
      outer loop
         vertex 9.234470e+01 8.391061e+01 4.864841e+01
         vertex 9.188804e+01 8.370700e+01 4.814840e+01
         vertex 9.069221e+01 8.589614e+01 4.814840e+01
      endloop
   endfacet
   facet normal 6.215640e-01 3.395327e-01 -7.059573e-01
      outer loop
         vertex 9.234470e+01 8.391061e+01 4.864841e+01
         vertex 9.069221e+01 8.589614e+01 4.814840e+01
         vertex 9.111030e+01 8.617037e+01 4.864841e+01
      endloop
   endfacet
   facet normal 5.590502e-01 4.348414e-01 -7.059573e-01
      outer loop
         vertex 9.111030e+01 8.617037e+01 4.864841e+01
         vertex 9.069221e+01 8.589614e+01 4.814840e+01
         vertex 8.916070e+01 8.786511e+01 4.814840e+01
      endloop
   endfacet
   facet normal 5.590504e-01 4.348418e-01 -7.059569e-01
      outer loop
         vertex 9.111030e+01 8.617037e+01 4.864841e+01
         vertex 8.916070e+01 8.786511e+01 4.814840e+01
         vertex 8.952939e+01 8.820286e+01 4.864841e+01
      endloop
   endfacet
   facet normal 4.820574e-01 5.188886e-01 -7.059570e-01
      outer loop
         vertex 8.952939e+01 8.820286e+01 4.864841e+01
         vertex 8.916070e+01 8.786511e+01 4.814840e+01
         vertex 8.733318e+01 8.956291e+01 4.814840e+01
      endloop
   endfacet
   facet normal 4.820574e-01 5.188886e-01 -7.059570e-01
      outer loop
         vertex 8.952939e+01 8.820286e+01 4.864841e+01
         vertex 8.733318e+01 8.956291e+01 4.814840e+01
         vertex 8.764292e+01 8.995543e+01 4.864841e+01
      endloop
   endfacet
   facet normal 3.925791e-01 5.894966e-01 -7.059571e-01
      outer loop
         vertex 8.764292e+01 8.995543e+01 4.864841e+01
         vertex 8.733318e+01 8.956291e+01 4.814840e+01
         vertex 8.525698e+01 9.094557e+01 4.814840e+01
      endloop
   endfacet
   facet normal 3.925789e-01 5.894956e-01 -7.059580e-01
      outer loop
         vertex 8.764292e+01 8.995543e+01 4.864841e+01
         vertex 8.525698e+01 9.094557e+01 4.814840e+01
         vertex 8.549974e+01 9.138269e+01 4.864841e+01
      endloop
   endfacet
   facet normal 2.929332e-01 6.448359e-01 -7.059581e-01
      outer loop
         vertex 8.549974e+01 9.138269e+01 4.864841e+01
         vertex 8.525698e+01 9.094557e+01 4.814840e+01
         vertex 8.298587e+01 9.197728e+01 4.814840e+01
      endloop
   endfacet
   facet normal 2.929332e-01 6.448364e-01 -7.059576e-01
      outer loop
         vertex 8.549974e+01 9.138269e+01 4.864841e+01
         vertex 8.298587e+01 9.197728e+01 4.814840e+01
         vertex 8.315537e+01 9.244768e+01 4.864841e+01
      endloop
   endfacet
   facet normal 1.857007e-01 6.834757e-01 -7.059577e-01
      outer loop
         vertex 8.315537e+01 9.244768e+01 4.864841e+01
         vertex 8.298587e+01 9.197728e+01 4.814840e+01
         vertex 8.057868e+01 9.263132e+01 4.814840e+01
      endloop
   endfacet
   facet normal 1.857007e-01 6.834757e-01 -7.059577e-01
      outer loop
         vertex 8.315537e+01 9.244768e+01 4.864841e+01
         vertex 8.057868e+01 9.263132e+01 4.814840e+01
         vertex 8.067053e+01 9.312281e+01 4.864841e+01
      endloop
   endfacet
   facet normal 7.365889e-02 7.044134e-01 -7.059576e-01
      outer loop
         vertex 8.067053e+01 9.312281e+01 4.864841e+01
         vertex 8.057868e+01 9.263132e+01 4.814840e+01
         vertex 7.809774e+01 9.289074e+01 4.814840e+01
      endloop
   endfacet
   facet normal 7.365883e-02 7.044136e-01 -7.059574e-01
      outer loop
         vertex 8.067053e+01 9.312281e+01 4.864841e+01
         vertex 7.809774e+01 9.289074e+01 4.814840e+01
         vertex 7.810956e+01 9.339060e+01 4.864841e+01
      endloop
   endfacet
   facet normal -4.029097e-02 7.071074e-01 -7.059574e-01
      outer loop
         vertex 7.810956e+01 9.339060e+01 4.864841e+01
         vertex 7.809774e+01 9.289074e+01 4.814840e+01
         vertex 7.560732e+01 9.274884e+01 4.814840e+01
      endloop
   endfacet
   facet normal -4.029088e-02 7.071072e-01 -7.059576e-01
      outer loop
         vertex 7.810956e+01 9.339060e+01 4.864841e+01
         vertex 7.560732e+01 9.274884e+01 4.814840e+01
         vertex 7.553880e+01 9.324412e+01 4.864841e+01
      endloop
   endfacet
   facet normal -1.531969e-01 6.914872e-01 -7.059576e-01
      outer loop
         vertex 7.553880e+01 9.324412e+01 4.864841e+01
         vertex 7.560732e+01 9.274884e+01 4.814840e+01
         vertex 7.317191e+01 9.220928e+01 4.814840e+01
      endloop
   endfacet
   facet normal -1.531972e-01 6.914877e-01 -7.059571e-01
      outer loop
         vertex 7.553880e+01 9.324412e+01 4.864841e+01
         vertex 7.317191e+01 9.220928e+01 4.814840e+01
         vertex 7.302483e+01 9.268716e+01 4.864841e+01
      endloop
   endfacet
   facet normal -2.621358e-01 6.579585e-01 -7.059571e-01
      outer loop
         vertex 7.302483e+01 9.268716e+01 4.864841e+01
         vertex 7.317191e+01 9.220928e+01 4.814840e+01
         vertex 7.085459e+01 9.128604e+01 4.814840e+01
      endloop
   endfacet
   facet normal -2.621356e-01 6.579582e-01 -7.059574e-01
      outer loop
         vertex 7.302483e+01 9.268716e+01 4.864841e+01
         vertex 7.085459e+01 9.128604e+01 4.814840e+01
         vertex 7.063275e+01 9.173414e+01 4.864841e+01
      endloop
   endfacet
   facet normal -3.642850e-01 6.073883e-01 -7.059574e-01
      outer loop
         vertex 7.063275e+01 9.173414e+01 4.864841e+01
         vertex 7.085459e+01 9.128604e+01 4.814840e+01
         vertex 6.871537e+01 9.000303e+01 4.814840e+01
      endloop
   endfacet
   facet normal -3.642849e-01 6.073883e-01 -7.059575e-01
      outer loop
         vertex 7.063275e+01 9.173414e+01 4.864841e+01
         vertex 6.871537e+01 9.000303e+01 4.814840e+01
         vertex 6.842453e+01 9.040974e+01 4.864841e+01
      endloop
   endfacet
   facet normal -4.569994e-01 5.410873e-01 -7.059575e-01
      outer loop
         vertex 6.842453e+01 9.040974e+01 4.864841e+01
         vertex 6.871537e+01 9.000303e+01 4.814840e+01
         vertex 6.680967e+01 8.839348e+01 4.814840e+01
      endloop
   endfacet
   facet normal -4.569995e-01 5.410874e-01 -7.059574e-01
      outer loop
         vertex 6.842453e+01 9.040974e+01 4.864841e+01
         vertex 6.680967e+01 8.839348e+01 4.814840e+01
         vertex 6.645735e+01 8.874828e+01 4.864841e+01
      endloop
   endfacet
   facet normal -5.080882e-01 4.918777e-01 -7.070380e-01
      outer loop
         vertex 6.645735e+01 8.874828e+01 4.864841e+01
         vertex 6.680967e+01 8.839348e+01 4.814840e+01
         vertex 6.590857e+01 8.818141e+01 4.864840e+01
      endloop
   endfacet
   facet normal -6.048256e-01 3.685239e-01 7.059576e-01
      outer loop
         vertex 6.344236e+01 8.459386e+01 5.419840e+01
         vertex 6.518683e+01 8.649908e+01 5.469840e+01
         vertex 6.478217e+01 8.679276e+01 5.419840e+01
      endloop
   endfacet
   facet normal -5.378778e-01 4.607725e-01 7.059576e-01
      outer loop
         vertex 6.478217e+01 8.679276e+01 5.419840e+01
         vertex 6.518683e+01 8.649908e+01 5.469840e+01
         vertex 6.680967e+01 8.839348e+01 5.469840e+01
      endloop
   endfacet
   facet normal -5.378778e-01 4.607725e-01 7.059576e-01
      outer loop
         vertex 6.478217e+01 8.679276e+01 5.419840e+01
         vertex 6.680967e+01 8.839348e+01 5.469840e+01
         vertex 6.645735e+01 8.874827e+01 5.419840e+01
      endloop
   endfacet
   facet normal -4.569994e-01 5.410873e-01 7.059576e-01
      outer loop
         vertex 6.645735e+01 8.874827e+01 5.419840e+01
         vertex 6.680967e+01 8.839348e+01 5.469840e+01
         vertex 6.871537e+01 9.000303e+01 5.469840e+01
      endloop
   endfacet
   facet normal -4.569993e-01 5.410872e-01 7.059577e-01
      outer loop
         vertex 6.645735e+01 8.874827e+01 5.419840e+01
         vertex 6.871537e+01 9.000303e+01 5.469840e+01
         vertex 6.842453e+01 9.040974e+01 5.419840e+01
      endloop
   endfacet
   facet normal -3.642849e-01 6.073881e-01 7.059577e-01
      outer loop
         vertex 6.842453e+01 9.040974e+01 5.419840e+01
         vertex 6.871537e+01 9.000303e+01 5.469840e+01
         vertex 7.085459e+01 9.128604e+01 5.469840e+01
      endloop
   endfacet
   facet normal -3.642849e-01 6.073883e-01 7.059575e-01
      outer loop
         vertex 6.842453e+01 9.040974e+01 5.419840e+01
         vertex 7.085459e+01 9.128604e+01 5.469840e+01
         vertex 7.063275e+01 9.173414e+01 5.419840e+01
      endloop
   endfacet
   facet normal -2.621357e-01 6.579581e-01 7.059575e-01
      outer loop
         vertex 7.063275e+01 9.173414e+01 5.419840e+01
         vertex 7.085459e+01 9.128604e+01 5.469840e+01
         vertex 7.317191e+01 9.220928e+01 5.469840e+01
      endloop
   endfacet
   facet normal -2.621357e-01 6.579583e-01 7.059573e-01
      outer loop
         vertex 7.063275e+01 9.173414e+01 5.419840e+01
         vertex 7.317191e+01 9.220928e+01 5.469840e+01
         vertex 7.302483e+01 9.268716e+01 5.419840e+01
      endloop
   endfacet
   facet normal -1.531970e-01 6.914875e-01 7.059573e-01
      outer loop
         vertex 7.302483e+01 9.268716e+01 5.419840e+01
         vertex 7.317191e+01 9.220928e+01 5.469840e+01
         vertex 7.560732e+01 9.274884e+01 5.469840e+01
      endloop
   endfacet
   facet normal -1.531971e-01 6.914867e-01 7.059581e-01
      outer loop
         vertex 7.302483e+01 9.268716e+01 5.419840e+01
         vertex 7.560732e+01 9.274884e+01 5.469840e+01
         vertex 7.553880e+01 9.324412e+01 5.419840e+01
      endloop
   endfacet
   facet normal -4.029093e-02 7.071066e-01 7.059581e-01
      outer loop
         vertex 7.553880e+01 9.324412e+01 5.419840e+01
         vertex 7.560732e+01 9.274884e+01 5.469840e+01
         vertex 7.809774e+01 9.289074e+01 5.469840e+01
      endloop
   endfacet
   facet normal -4.029070e-02 7.071073e-01 7.059575e-01
      outer loop
         vertex 7.553880e+01 9.324412e+01 5.419840e+01
         vertex 7.809774e+01 9.289074e+01 5.469840e+01
         vertex 7.810956e+01 9.339060e+01 5.419840e+01
      endloop
   endfacet
   facet normal 7.365890e-02 7.044135e-01 7.059575e-01
      outer loop
         vertex 7.810956e+01 9.339060e+01 5.419840e+01
         vertex 7.809774e+01 9.289074e+01 5.469840e+01
         vertex 8.057868e+01 9.263132e+01 5.469840e+01
      endloop
   endfacet
   facet normal 7.365888e-02 7.044135e-01 7.059575e-01
      outer loop
         vertex 7.810956e+01 9.339060e+01 5.419840e+01
         vertex 8.057868e+01 9.263132e+01 5.469840e+01
         vertex 8.067053e+01 9.312281e+01 5.419840e+01
      endloop
   endfacet
   facet normal 1.857008e-01 6.834758e-01 7.059576e-01
      outer loop
         vertex 8.067053e+01 9.312281e+01 5.419840e+01
         vertex 8.057868e+01 9.263132e+01 5.469840e+01
         vertex 8.298587e+01 9.197728e+01 5.469840e+01
      endloop
   endfacet
   facet normal 1.857008e-01 6.834757e-01 7.059576e-01
      outer loop
         vertex 8.067053e+01 9.312281e+01 5.419840e+01
         vertex 8.298587e+01 9.197728e+01 5.469840e+01
         vertex 8.315537e+01 9.244767e+01 5.419840e+01
      endloop
   endfacet
   facet normal 2.601881e-01 6.576780e-01 7.069383e-01
      outer loop
         vertex 8.315537e+01 9.244767e+01 5.419840e+01
         vertex 8.298587e+01 9.197728e+01 5.469840e+01
         vertex 8.387564e+01 9.162527e+01 5.469840e+01
      endloop
   endfacet
   facet normal 3.071630e-01 6.761606e-01 6.696699e-01
      outer loop
         vertex 8.315537e+01 9.244767e+01 5.419840e+01
         vertex 8.387564e+01 9.162527e+01 5.469840e+01
         vertex 8.549974e+01 9.138268e+01 5.419840e+01
      endloop
   endfacet
   facet normal -7.153267e-01 2.664207e-01 6.460090e-01
      outer loop
         vertex 6.294947e+01 8.205809e+01 5.469840e+01
         vertex 6.350057e+01 8.353776e+01 5.469840e+01
         vertex 6.344236e+01 8.459386e+01 5.419840e+01
      endloop
   endfacet
   facet normal -6.407719e-01 2.993830e-01 7.069520e-01
      outer loop
         vertex 6.344236e+01 8.459386e+01 5.419840e+01
         vertex 6.350057e+01 8.353776e+01 5.469840e+01
         vertex 6.388889e+01 8.436890e+01 5.469840e+01
      endloop
   endfacet
   facet normal -6.048255e-01 3.685239e-01 7.059577e-01
      outer loop
         vertex 6.344236e+01 8.459386e+01 5.419840e+01
         vertex 6.388889e+01 8.436890e+01 5.469840e+01
         vertex 6.518683e+01 8.649908e+01 5.469840e+01
      endloop
   endfacet
   facet normal -6.468694e-01 -2.884162e-01 7.059576e-01
      outer loop
         vertex 6.368983e+01 6.972477e+01 5.419840e+01
         vertex 6.311283e+01 7.224274e+01 5.469840e+01
         vertex 6.264126e+01 7.207653e+01 5.419840e+01
      endloop
   endfacet
   facet normal -6.847578e-01 -1.809163e-01 7.059575e-01
      outer loop
         vertex 6.264126e+01 7.207653e+01 5.419840e+01
         vertex 6.311283e+01 7.224274e+01 5.469840e+01
         vertex 6.247564e+01 7.465445e+01 5.469840e+01
      endloop
   endfacet
   facet normal -6.847579e-01 -1.809163e-01 7.059575e-01
      outer loop
         vertex 6.264126e+01 7.207653e+01 5.419840e+01
         vertex 6.247564e+01 7.465445e+01 5.469840e+01
         vertex 6.198352e+01 7.456604e+01 5.419840e+01
      endloop
   endfacet
   facet normal -7.049115e-01 -6.873044e-02 7.059574e-01
      outer loop
         vertex 6.198352e+01 7.456604e+01 5.419840e+01
         vertex 6.247564e+01 7.465445e+01 5.469840e+01
         vertex 6.223358e+01 7.713714e+01 5.469840e+01
      endloop
   endfacet
   facet normal -7.049108e-01 -6.873065e-02 7.059581e-01
      outer loop
         vertex 6.198352e+01 7.456604e+01 5.419840e+01
         vertex 6.223358e+01 7.713714e+01 5.469840e+01
         vertex 6.173364e+01 7.712882e+01 5.419840e+01
      endloop
   endfacet
   facet normal -7.068076e-01 4.523505e-02 7.059581e-01
      outer loop
         vertex 6.173364e+01 7.712882e+01 5.419840e+01
         vertex 6.223358e+01 7.713714e+01 5.469840e+01
         vertex 6.239289e+01 7.962651e+01 5.469840e+01
      endloop
   endfacet
   facet normal -7.068083e-01 4.523541e-02 7.059573e-01
      outer loop
         vertex 6.173364e+01 7.712882e+01 5.419840e+01
         vertex 6.239289e+01 7.962651e+01 5.469840e+01
         vertex 6.189810e+01 7.969849e+01 5.419840e+01
      endloop
   endfacet
   facet normal -6.903991e-01 1.580296e-01 7.059573e-01
      outer loop
         vertex 6.189810e+01 7.969849e+01 5.419840e+01
         vertex 6.239289e+01 7.962651e+01 5.469840e+01
         vertex 6.294947e+01 8.205809e+01 5.469840e+01
      endloop
   endfacet
   facet normal -6.903989e-01 1.580295e-01 7.059575e-01
      outer loop
         vertex 6.189810e+01 7.969849e+01 5.419840e+01
         vertex 6.294947e+01 8.205809e+01 5.469840e+01
         vertex 6.247263e+01 8.220851e+01 5.419840e+01
      endloop
   endfacet
   facet normal -6.561087e-01 2.667308e-01 7.059575e-01
      outer loop
         vertex 6.247263e+01 8.220851e+01 5.419840e+01
         vertex 6.294947e+01 8.205809e+01 5.469840e+01
         vertex 6.344236e+01 8.459386e+01 5.419840e+01
      endloop
   endfacet
   facet normal -6.270580e-01 -4.395600e-01 6.431060e-01
      outer loop
         vertex 6.549673e+01 6.787865e+01 5.469840e+01
         vertex 6.461304e+01 6.913929e+01 5.469840e+01
         vertex 6.368983e+01 6.972477e+01 5.419840e+01
      endloop
   endfacet
   facet normal -6.099433e-01 -3.580606e-01 7.069383e-01
      outer loop
         vertex 6.368983e+01 6.972477e+01 5.419840e+01
         vertex 6.461304e+01 6.913929e+01 5.469840e+01
         vertex 6.412863e+01 6.996447e+01 5.469840e+01
      endloop
   endfacet
   facet normal -6.468694e-01 -2.884162e-01 7.059576e-01
      outer loop
         vertex 6.368983e+01 6.972477e+01 5.419840e+01
         vertex 6.412863e+01 6.996447e+01 5.469840e+01
         vertex 6.311283e+01 7.224274e+01 5.469840e+01
      endloop
   endfacet
   facet normal 3.142293e-01 -6.347309e-01 7.059579e-01
      outer loop
         vertex 8.596090e+01 6.367371e+01 5.419840e+01
         vertex 8.346821e+01 6.299579e+01 5.469840e+01
         vertex 8.365327e+01 6.253130e+01 5.419840e+01
      endloop
   endfacet
   facet normal 2.083419e-01 -6.769173e-01 7.059579e-01
      outer loop
         vertex 8.365327e+01 6.253130e+01 5.419840e+01
         vertex 8.346821e+01 6.299579e+01 5.469840e+01
         vertex 8.108412e+01 6.226201e+01 5.469840e+01
      endloop
   endfacet
   facet normal 2.083419e-01 -6.769170e-01 7.059582e-01
      outer loop
         vertex 8.365327e+01 6.253130e+01 5.419840e+01
         vertex 8.108412e+01 6.226201e+01 5.469840e+01
         vertex 8.119227e+01 6.177385e+01 5.419840e+01
      endloop
   endfacet
   facet normal 9.705874e-02 -7.015715e-01 7.059583e-01
      outer loop
         vertex 8.119227e+01 6.177385e+01 5.419840e+01
         vertex 8.108412e+01 6.226201e+01 5.469840e+01
         vertex 7.861319e+01 6.192017e+01 5.469840e+01
      endloop
   endfacet
   facet normal 9.705867e-02 -7.015717e-01 7.059580e-01
      outer loop
         vertex 8.119227e+01 6.177385e+01 5.419840e+01
         vertex 7.861319e+01 6.192017e+01 5.469840e+01
         vertex 7.864163e+01 6.142098e+01 5.419840e+01
      endloop
   endfacet
   facet normal -1.673832e-02 -7.080559e-01 7.059580e-01
      outer loop
         vertex 7.864163e+01 6.142098e+01 5.419840e+01
         vertex 7.861319e+01 6.192017e+01 5.469840e+01
         vertex 7.611942e+01 6.197912e+01 5.469840e+01
      endloop
   endfacet
   facet normal -1.673840e-02 -7.080561e-01 7.059578e-01
      outer loop
         vertex 7.864163e+01 6.142098e+01 5.419840e+01
         vertex 7.611942e+01 6.197912e+01 5.469840e+01
         vertex 7.606742e+01 6.148183e+01 5.419840e+01
      endloop
   endfacet
   facet normal -1.301018e-01 -6.962020e-01 7.059578e-01
      outer loop
         vertex 7.606742e+01 6.148183e+01 5.419840e+01
         vertex 7.611942e+01 6.197912e+01 5.469840e+01
         vertex 7.366740e+01 6.243734e+01 5.469840e+01
      endloop
   endfacet
   facet normal -1.301017e-01 -6.962018e-01 7.059580e-01
      outer loop
         vertex 7.606742e+01 6.148183e+01 5.419840e+01
         vertex 7.366740e+01 6.243734e+01 5.469840e+01
         vertex 7.353631e+01 6.195483e+01 5.419840e+01
      endloop
   endfacet
   facet normal -2.400955e-01 -6.663165e-01 7.059578e-01
      outer loop
         vertex 7.353631e+01 6.195483e+01 5.419840e+01
         vertex 7.366740e+01 6.243734e+01 5.469840e+01
         vertex 7.132064e+01 6.328295e+01 5.469840e+01
      endloop
   endfacet
   facet normal -2.400951e-01 -6.663161e-01 7.059584e-01
      outer loop
         vertex 7.353631e+01 6.195483e+01 5.419840e+01
         vertex 7.132064e+01 6.328295e+01 5.469840e+01
         vertex 7.111384e+01 6.282772e+01 5.419840e+01
      endloop
   endfacet
   facet normal -3.438707e-01 -6.191735e-01 7.059583e-01
      outer loop
         vertex 7.111384e+01 6.282772e+01 5.419840e+01
         vertex 7.132064e+01 6.328295e+01 5.469840e+01
         vertex 6.913992e+01 6.449406e+01 5.469840e+01
      endloop
   endfacet
   facet normal -3.438716e-01 -6.191742e-01 7.059572e-01
      outer loop
         vertex 7.111384e+01 6.282772e+01 5.419840e+01
         vertex 6.913992e+01 6.449406e+01 5.469840e+01
         vertex 6.886277e+01 6.407790e+01 5.419840e+01
      endloop
   endfacet
   facet normal -4.387408e-01 -5.559954e-01 7.059573e-01
      outer loop
         vertex 6.886277e+01 6.407790e+01 5.419840e+01
         vertex 6.913992e+01 6.449406e+01 5.469840e+01
         vertex 6.718171e+01 6.603930e+01 5.469840e+01
      endloop
   endfacet
   facet normal -4.387408e-01 -5.559954e-01 7.059573e-01
      outer loop
         vertex 6.886277e+01 6.407790e+01 5.419840e+01
         vertex 6.718171e+01 6.603930e+01 5.469840e+01
         vertex 6.684140e+01 6.567299e+01 5.419840e+01
      endloop
   endfacet
   facet normal -5.222472e-01 -4.784163e-01 7.059573e-01
      outer loop
         vertex 6.684140e+01 6.567299e+01 5.419840e+01
         vertex 6.718171e+01 6.603930e+01 5.469840e+01
         vertex 6.549673e+01 6.787865e+01 5.469840e+01
      endloop
   endfacet
   facet normal -5.222463e-01 -4.784159e-01 7.059582e-01
      outer loop
         vertex 6.684140e+01 6.567299e+01 5.419840e+01
         vertex 6.549673e+01 6.787865e+01 5.469840e+01
         vertex 6.510206e+01 6.757167e+01 5.419840e+01
      endloop
   endfacet
   facet normal -5.922269e-01 -3.884460e-01 7.059582e-01
      outer loop
         vertex 6.510206e+01 6.757167e+01 5.419840e+01
         vertex 6.549673e+01 6.787865e+01 5.469840e+01
         vertex 6.368983e+01 6.972477e+01 5.419840e+01
      endloop
   endfacet
   facet normal 4.301029e-01 -5.876939e-01 6.852936e-01
      outer loop
         vertex 8.773277e+01 6.555348e+01 5.469840e+01
         vertex 8.599390e+01 6.428090e+01 5.469840e+01
         vertex 8.596090e+01 6.367371e+01 5.419840e+01
      endloop
   endfacet
   facet normal 3.703480e-01 -6.023902e-01 7.070845e-01
      outer loop
         vertex 8.596090e+01 6.367371e+01 5.419840e+01
         vertex 8.599390e+01 6.428090e+01 5.469840e+01
         vertex 8.570373e+01 6.410250e+01 5.469840e+01
      endloop
   endfacet
   facet normal 3.142295e-01 -6.347324e-01 7.059565e-01
      outer loop
         vertex 8.596090e+01 6.367371e+01 5.419840e+01
         vertex 8.570373e+01 6.410250e+01 5.469840e+01
         vertex 8.346821e+01 6.299579e+01 5.469840e+01
      endloop
   endfacet
   facet normal 3.123834e-01 6.348488e-01 7.066708e-01
      outer loop
         vertex 8.387564e+01 9.162527e+01 5.469840e+01
         vertex 8.525698e+01 9.094557e+01 5.469840e+01
         vertex 8.549974e+01 9.138268e+01 5.419840e+01
      endloop
   endfacet
   facet normal 3.925785e-01 5.894956e-01 7.059582e-01
      outer loop
         vertex 8.549974e+01 9.138268e+01 5.419840e+01
         vertex 8.525698e+01 9.094557e+01 5.469840e+01
         vertex 8.733318e+01 8.956291e+01 5.469840e+01
      endloop
   endfacet
   facet normal 3.925793e-01 5.894962e-01 7.059573e-01
      outer loop
         vertex 8.549974e+01 9.138268e+01 5.419840e+01
         vertex 8.733318e+01 8.956291e+01 5.469840e+01
         vertex 8.764291e+01 8.995542e+01 5.419840e+01
      endloop
   endfacet
   facet normal 4.820572e-01 5.188884e-01 7.059573e-01
      outer loop
         vertex 8.764291e+01 8.995542e+01 5.419840e+01
         vertex 8.733318e+01 8.956291e+01 5.469840e+01
         vertex 8.916070e+01 8.786511e+01 5.469840e+01
      endloop
   endfacet
   facet normal 4.820572e-01 5.188884e-01 7.059573e-01
      outer loop
         vertex 8.764291e+01 8.995542e+01 5.419840e+01
         vertex 8.916070e+01 8.786511e+01 5.469840e+01
         vertex 8.952939e+01 8.820285e+01 5.419840e+01
      endloop
   endfacet
   facet normal 5.590503e-01 4.348415e-01 7.059572e-01
      outer loop
         vertex 8.952939e+01 8.820285e+01 5.419840e+01
         vertex 8.916070e+01 8.786511e+01 5.469840e+01
         vertex 9.069221e+01 8.589614e+01 5.469840e+01
      endloop
   endfacet
   facet normal 5.590492e-01 4.348412e-01 7.059583e-01
      outer loop
         vertex 8.952939e+01 8.820285e+01 5.419840e+01
         vertex 9.069221e+01 8.589614e+01 5.469840e+01
         vertex 9.111030e+01 8.617037e+01 5.419840e+01
      endloop
   endfacet
   facet normal 6.215632e-01 3.395320e-01 7.059584e-01
      outer loop
         vertex 9.111030e+01 8.617037e+01 5.419840e+01
         vertex 9.069221e+01 8.589614e+01 5.469840e+01
         vertex 9.188804e+01 8.370700e+01 5.469840e+01
      endloop
   endfacet
   facet normal 6.215638e-01 3.395321e-01 7.059578e-01
      outer loop
         vertex 9.111030e+01 8.617037e+01 5.419840e+01
         vertex 9.188804e+01 8.370700e+01 5.469840e+01
         vertex 9.234470e+01 8.391061e+01 5.419840e+01
      endloop
   endfacet
   facet normal 6.679792e-01 2.354297e-01 7.059580e-01
      outer loop
         vertex 9.234470e+01 8.391061e+01 5.419840e+01
         vertex 9.188804e+01 8.370700e+01 5.469840e+01
         vertex 9.271722e+01 8.135439e+01 5.469840e+01
      endloop
   endfacet
   facet normal 6.679794e-01 2.354296e-01 7.059578e-01
      outer loop
         vertex 9.234470e+01 8.391061e+01 5.419840e+01
         vertex 9.271722e+01 8.135439e+01 5.469840e+01
         vertex 9.320063e+01 8.148210e+01 5.419840e+01
      endloop
   endfacet
   facet normal 6.970948e-01 1.252295e-01 7.059578e-01
      outer loop
         vertex 9.320063e+01 8.148210e+01 5.419840e+01
         vertex 9.271722e+01 8.135439e+01 5.469840e+01
         vertex 9.315827e+01 7.889922e+01 5.469840e+01
      endloop
   endfacet
   facet normal 6.970946e-01 1.252295e-01 7.059580e-01
      outer loop
         vertex 9.320063e+01 8.148210e+01 5.419840e+01
         vertex 9.315827e+01 7.889922e+01 5.469840e+01
         vertex 9.365591e+01 7.894774e+01 5.419840e+01
      endloop
   endfacet
   facet normal 7.081556e-01 1.178572e-02 7.059580e-01
      outer loop
         vertex 9.365591e+01 7.894774e+01 5.419840e+01
         vertex 9.315827e+01 7.889922e+01 5.469840e+01
         vertex 9.319978e+01 7.640511e+01 5.469840e+01
      endloop
   endfacet
   facet normal 7.081554e-01 1.178581e-02 7.059583e-01
      outer loop
         vertex 9.365591e+01 7.894774e+01 5.419840e+01
         vertex 9.319978e+01 7.640511e+01 5.469840e+01
         vertex 9.369876e+01 7.637317e+01 5.419840e+01
      endloop
   endfacet
   facet normal 7.008756e-01 -1.019630e-01 7.059582e-01
      outer loop
         vertex 9.369876e+01 7.637317e+01 5.419840e+01
         vertex 9.319978e+01 7.640511e+01 5.469840e+01
         vertex 9.284067e+01 7.393663e+01 5.469840e+01
      endloop
   endfacet
   facet normal 7.008758e-01 -1.019631e-01 7.059579e-01
      outer loop
         vertex 9.369876e+01 7.637317e+01 5.419840e+01
         vertex 9.284067e+01 7.393663e+01 5.469840e+01
         vertex 9.332807e+01 7.382506e+01 5.419840e+01
      endloop
   endfacet
   facet normal 6.754437e-01 -2.130708e-01 7.059579e-01
      outer loop
         vertex 9.332807e+01 7.382506e+01 5.419840e+01
         vertex 9.284067e+01 7.393663e+01 5.469840e+01
         vertex 9.209024e+01 7.155772e+01 5.469840e+01
      endloop
   endfacet
   facet normal 6.754449e-01 -2.130717e-01 7.059566e-01
      outer loop
         vertex 9.332807e+01 7.382506e+01 5.419840e+01
         vertex 9.209024e+01 7.155772e+01 5.469840e+01
         vertex 9.255342e+01 7.136942e+01 5.419840e+01
      endloop
   endfacet
   facet normal 6.325190e-01 -3.186615e-01 7.059565e-01
      outer loop
         vertex 9.255342e+01 7.136942e+01 5.419840e+01
         vertex 9.209024e+01 7.155772e+01 5.469840e+01
         vertex 9.096792e+01 6.933000e+01 5.469840e+01
      endloop
   endfacet
   facet normal 6.325176e-01 -3.186599e-01 7.059585e-01
      outer loop
         vertex 9.255342e+01 7.136942e+01 5.419840e+01
         vertex 9.096792e+01 6.933000e+01 5.469840e+01
         vertex 9.139490e+01 6.906983e+01 5.419840e+01
      endloop
   endfacet
   facet normal 5.732099e-01 -4.159962e-01 7.059586e-01
      outer loop
         vertex 9.139490e+01 6.906983e+01 5.419840e+01
         vertex 9.096792e+01 6.933000e+01 5.469840e+01
         vertex 8.950278e+01 6.731116e+01 5.469840e+01
      endloop
   endfacet
   facet normal 5.732101e-01 -4.159965e-01 7.059583e-01
      outer loop
         vertex 9.139490e+01 6.906983e+01 5.419840e+01
         vertex 8.950278e+01 6.731116e+01 5.469840e+01
         vertex 8.988250e+01 6.698587e+01 5.419840e+01
      endloop
   endfacet
   facet normal 4.990561e-01 -5.025593e-01 7.059583e-01
      outer loop
         vertex 8.988250e+01 6.698587e+01 5.419840e+01
         vertex 8.950278e+01 6.731116e+01 5.469840e+01
         vertex 8.773277e+01 6.555348e+01 5.469840e+01
      endloop
   endfacet
   facet normal 4.990560e-01 -5.025590e-01 7.059586e-01
      outer loop
         vertex 8.988250e+01 6.698587e+01 5.419840e+01
         vertex 8.773277e+01 6.555348e+01 5.469840e+01
         vertex 8.805539e+01 6.517150e+01 5.419840e+01
      endloop
   endfacet
   facet normal 4.119772e-01 -5.761054e-01 7.059585e-01
      outer loop
         vertex 8.805539e+01 6.517150e+01 5.419840e+01
         vertex 8.773277e+01 6.555348e+01 5.469840e+01
         vertex 8.596090e+01 6.367371e+01 5.419840e+01
      endloop
   endfacet
   facet normal 2.662170e-18 8.507394e-18 1.000000e+00
      outer loop
         vertex 8.916070e+01 8.786511e+01 5.469840e+01
         vertex 8.733318e+01 8.956291e+01 5.469840e+01
         vertex 8.589138e+01 7.899390e+01 5.469840e+01
      endloop
   endfacet
   facet normal 2.662170e-18 8.507394e-18 1.000000e+00
      outer loop
         vertex 8.589138e+01 7.899390e+01 5.469840e+01
         vertex 8.733318e+01 8.956291e+01 5.469840e+01
         vertex 8.525698e+01 9.094557e+01 5.469840e+01
      endloop
   endfacet
   facet normal 2.662170e-18 8.507394e-18 1.000000e+00
      outer loop
         vertex 8.589138e+01 7.899390e+01 5.469840e+01
         vertex 8.525698e+01 9.094557e+01 5.469840e+01
         vertex 8.537528e+01 7.895405e+01 5.469840e+01
      endloop
   endfacet
   facet normal 2.662170e-18 8.507394e-18 1.000000e+00
      outer loop
         vertex 7.431394e+01 8.032266e+01 5.469840e+01
         vertex 7.532869e+01 8.119992e+01 5.469840e+01
         vertex 8.387564e+01 9.162527e+01 5.469840e+01
      endloop
   endfacet
   facet normal 2.662170e-18 8.507394e-18 1.000000e+00
      outer loop
         vertex 8.387564e+01 9.162527e+01 5.469840e+01
         vertex 7.532869e+01 8.119992e+01 5.469840e+01
         vertex 7.655694e+01 8.173910e+01 5.469840e+01
      endloop
   endfacet
   facet normal 2.662170e-18 8.507394e-18 1.000000e+00
      outer loop
         vertex 7.655694e+01 8.173910e+01 5.469840e+01
         vertex 7.788954e+01 8.189229e+01 5.469840e+01
         vertex 8.387564e+01 9.162527e+01 5.469840e+01
      endloop
   endfacet
   facet normal 2.662170e-18 8.507394e-18 1.000000e+00
      outer loop
         vertex 8.387564e+01 9.162527e+01 5.469840e+01
         vertex 7.788954e+01 8.189229e+01 5.469840e+01
         vertex 7.920809e+01 8.164589e+01 5.469840e+01
      endloop
   endfacet
   facet normal 2.662170e-18 8.507394e-18 1.000000e+00
      outer loop
         vertex 8.387564e+01 9.162527e+01 5.469840e+01
         vertex 7.920809e+01 8.164589e+01 5.469840e+01
         vertex 8.039544e+01 8.102178e+01 5.469840e+01
      endloop
   endfacet
   facet normal 2.662170e-18 8.507394e-18 1.000000e+00
      outer loop
         vertex 8.669067e+01 7.782722e+01 5.469840e+01
         vertex 9.315827e+01 7.889922e+01 5.469840e+01
         vertex 8.665083e+01 7.834332e+01 5.469840e+01
      endloop
   endfacet
   facet normal 2.662170e-18 8.507394e-18 1.000000e+00
      outer loop
         vertex 8.665083e+01 7.834332e+01 5.469840e+01
         vertex 9.315827e+01 7.889922e+01 5.469840e+01
         vertex 9.271722e+01 8.135439e+01 5.469840e+01
      endloop
   endfacet
   facet normal 2.662170e-18 8.507394e-18 1.000000e+00
      outer loop
         vertex 8.665083e+01 7.834332e+01 5.469840e+01
         vertex 9.271722e+01 8.135439e+01 5.469840e+01
         vertex 8.635827e+01 7.877036e+01 5.469840e+01
      endloop
   endfacet
   facet normal 2.662170e-18 8.507394e-18 1.000000e+00
      outer loop
         vertex 8.635827e+01 7.877036e+01 5.469840e+01
         vertex 9.271722e+01 8.135439e+01 5.469840e+01
         vertex 9.188804e+01 8.370700e+01 5.469840e+01
      endloop
   endfacet
   facet normal 2.662170e-18 8.507394e-18 1.000000e+00
      outer loop
         vertex 8.635827e+01 7.877036e+01 5.469840e+01
         vertex 9.188804e+01 8.370700e+01 5.469840e+01
         vertex 8.589138e+01 7.899390e+01 5.469840e+01
      endloop
   endfacet
   facet normal 2.662170e-18 8.507394e-18 1.000000e+00
      outer loop
         vertex 8.589138e+01 7.899390e+01 5.469840e+01
         vertex 9.188804e+01 8.370700e+01 5.469840e+01
         vertex 9.069221e+01 8.589614e+01 5.469840e+01
      endloop
   endfacet
   facet normal 2.662170e-18 8.507394e-18 1.000000e+00
      outer loop
         vertex 8.589138e+01 7.899390e+01 5.469840e+01
         vertex 9.069221e+01 8.589614e+01 5.469840e+01
         vertex 8.916070e+01 8.786511e+01 5.469840e+01
      endloop
   endfacet
   facet normal 2.662170e-18 8.507394e-18 1.000000e+00
      outer loop
         vertex 8.476456e+01 7.767851e+01 5.469840e+01
         vertex 8.208071e+01 7.624020e+01 5.469840e+01
         vertex 8.505711e+01 7.725147e+01 5.469840e+01
      endloop
   endfacet
   facet normal 2.662170e-18 8.507394e-18 1.000000e+00
      outer loop
         vertex 8.505711e+01 7.725147e+01 5.469840e+01
         vertex 8.208071e+01 7.624020e+01 5.469840e+01
         vertex 8.154708e+01 7.500953e+01 5.469840e+01
      endloop
   endfacet
   facet normal 2.662170e-18 8.507394e-18 1.000000e+00
      outer loop
         vertex 8.525698e+01 9.094557e+01 5.469840e+01
         vertex 8.387564e+01 9.162527e+01 5.469840e+01
         vertex 8.537528e+01 7.895405e+01 5.469840e+01
      endloop
   endfacet
   facet normal 2.662170e-18 8.507394e-18 1.000000e+00
      outer loop
         vertex 8.537528e+01 7.895405e+01 5.469840e+01
         vertex 8.387564e+01 9.162527e+01 5.469840e+01
         vertex 8.039544e+01 8.102178e+01 5.469840e+01
      endloop
   endfacet
   facet normal 2.662170e-18 8.507394e-18 1.000000e+00
      outer loop
         vertex 8.537528e+01 7.895405e+01 5.469840e+01
         vertex 8.039544e+01 8.102178e+01 5.469840e+01
         vertex 8.494825e+01 7.866149e+01 5.469840e+01
      endloop
   endfacet
   facet normal 2.662170e-18 8.507394e-18 1.000000e+00
      outer loop
         vertex 8.494825e+01 7.866149e+01 5.469840e+01
         vertex 8.039544e+01 8.102178e+01 5.469840e+01
         vertex 8.134608e+01 8.007543e+01 5.469840e+01
      endloop
   endfacet
   facet normal 2.662170e-18 8.507394e-18 1.000000e+00
      outer loop
         vertex 8.494825e+01 7.866149e+01 5.469840e+01
         vertex 8.134608e+01 8.007543e+01 5.469840e+01
         vertex 8.472471e+01 7.819461e+01 5.469840e+01
      endloop
   endfacet
   facet normal 2.662170e-18 8.507394e-18 1.000000e+00
      outer loop
         vertex 8.472471e+01 7.819461e+01 5.469840e+01
         vertex 8.134608e+01 8.007543e+01 5.469840e+01
         vertex 8.197554e+01 7.889091e+01 5.469840e+01
      endloop
   endfacet
   facet normal 2.662170e-18 8.507394e-18 1.000000e+00
      outer loop
         vertex 8.472471e+01 7.819461e+01 5.469840e+01
         vertex 8.197554e+01 7.889091e+01 5.469840e+01
         vertex 8.476456e+01 7.767851e+01 5.469840e+01
      endloop
   endfacet
   facet normal 2.662170e-18 8.507394e-18 1.000000e+00
      outer loop
         vertex 8.476456e+01 7.767851e+01 5.469840e+01
         vertex 8.197554e+01 7.889091e+01 5.469840e+01
         vertex 8.222789e+01 7.757348e+01 5.469840e+01
      endloop
   endfacet
   facet normal 2.662170e-18 8.507394e-18 1.000000e+00
      outer loop
         vertex 8.476456e+01 7.767851e+01 5.469840e+01
         vertex 8.222789e+01 7.757348e+01 5.469840e+01
         vertex 8.208071e+01 7.624020e+01 5.469840e+01
      endloop
   endfacet
   facet normal 2.662170e-18 8.507394e-18 1.000000e+00
      outer loop
         vertex 8.646713e+01 7.736034e+01 5.469840e+01
         vertex 9.284067e+01 7.393663e+01 5.469840e+01
         vertex 8.669067e+01 7.782722e+01 5.469840e+01
      endloop
   endfacet
   facet normal 2.662170e-18 8.507394e-18 1.000000e+00
      outer loop
         vertex 8.669067e+01 7.782722e+01 5.469840e+01
         vertex 9.284067e+01 7.393663e+01 5.469840e+01
         vertex 9.319978e+01 7.640511e+01 5.469840e+01
      endloop
   endfacet
   facet normal 2.662170e-18 8.507394e-18 1.000000e+00
      outer loop
         vertex 8.669067e+01 7.782722e+01 5.469840e+01
         vertex 9.319978e+01 7.640511e+01 5.469840e+01
         vertex 9.315827e+01 7.889922e+01 5.469840e+01
      endloop
   endfacet
   facet normal 2.662170e-18 8.507394e-18 1.000000e+00
      outer loop
         vertex 8.604010e+01 7.706778e+01 5.469840e+01
         vertex 9.096792e+01 6.933000e+01 5.469840e+01
         vertex 8.646713e+01 7.736034e+01 5.469840e+01
      endloop
   endfacet
   facet normal 2.662170e-18 8.507394e-18 1.000000e+00
      outer loop
         vertex 8.646713e+01 7.736034e+01 5.469840e+01
         vertex 9.096792e+01 6.933000e+01 5.469840e+01
         vertex 9.209024e+01 7.155772e+01 5.469840e+01
      endloop
   endfacet
   facet normal 2.662170e-18 8.507394e-18 1.000000e+00
      outer loop
         vertex 8.646713e+01 7.736034e+01 5.469840e+01
         vertex 9.209024e+01 7.155772e+01 5.469840e+01
         vertex 9.284067e+01 7.393663e+01 5.469840e+01
      endloop
   endfacet
   facet normal 2.662170e-18 8.507394e-18 1.000000e+00
      outer loop
         vertex 8.067441e+01 7.399083e+01 5.469840e+01
         vertex 7.954025e+01 7.327461e+01 5.469840e+01
         vertex 8.599390e+01 6.428090e+01 5.469840e+01
      endloop
   endfacet
   facet normal 2.662170e-18 8.507394e-18 1.000000e+00
      outer loop
         vertex 8.599390e+01 6.428090e+01 5.469840e+01
         vertex 7.954025e+01 7.327461e+01 5.469840e+01
         vertex 7.824536e+01 7.292451e+01 5.469840e+01
      endloop
   endfacet
   facet normal 2.662170e-18 8.507394e-18 1.000000e+00
      outer loop
         vertex 8.599390e+01 6.428090e+01 5.469840e+01
         vertex 7.824536e+01 7.292451e+01 5.469840e+01
         vertex 7.690481e+01 7.297164e+01 5.469840e+01
      endloop
   endfacet
   facet normal 2.662170e-18 8.507394e-18 1.000000e+00
      outer loop
         vertex 8.154708e+01 7.500953e+01 5.469840e+01
         vertex 8.067441e+01 7.399083e+01 5.469840e+01
         vertex 8.505711e+01 7.725147e+01 5.469840e+01
      endloop
   endfacet
   facet normal 2.662170e-18 8.507394e-18 1.000000e+00
      outer loop
         vertex 8.505711e+01 7.725147e+01 5.469840e+01
         vertex 8.067441e+01 7.399083e+01 5.469840e+01
         vertex 8.599390e+01 6.428090e+01 5.469840e+01
      endloop
   endfacet
   facet normal 2.662170e-18 8.507394e-18 1.000000e+00
      outer loop
         vertex 8.505711e+01 7.725147e+01 5.469840e+01
         vertex 8.599390e+01 6.428090e+01 5.469840e+01
         vertex 8.552400e+01 7.702793e+01 5.469840e+01
      endloop
   endfacet
   facet normal 2.662170e-18 8.507394e-18 1.000000e+00
      outer loop
         vertex 8.552400e+01 7.702793e+01 5.469840e+01
         vertex 8.599390e+01 6.428090e+01 5.469840e+01
         vertex 8.773277e+01 6.555348e+01 5.469840e+01
      endloop
   endfacet
   facet normal 2.662170e-18 8.507394e-18 1.000000e+00
      outer loop
         vertex 8.552400e+01 7.702793e+01 5.469840e+01
         vertex 8.773277e+01 6.555348e+01 5.469840e+01
         vertex 8.604010e+01 7.706778e+01 5.469840e+01
      endloop
   endfacet
   facet normal 2.662170e-18 8.507394e-18 1.000000e+00
      outer loop
         vertex 8.604010e+01 7.706778e+01 5.469840e+01
         vertex 8.773277e+01 6.555348e+01 5.469840e+01
         vertex 8.950278e+01 6.731116e+01 5.469840e+01
      endloop
   endfacet
   facet normal 2.662170e-18 8.507394e-18 1.000000e+00
      outer loop
         vertex 8.604010e+01 7.706778e+01 5.469840e+01
         vertex 8.950278e+01 6.731116e+01 5.469840e+01
         vertex 9.096792e+01 6.933000e+01 5.469840e+01
      endloop
   endfacet
   facet normal 2.662170e-18 8.507394e-18 1.000000e+00
      outer loop
         vertex 7.690481e+01 7.297164e+01 5.469840e+01
         vertex 7.563770e+01 7.341182e+01 5.469840e+01
         vertex 8.599390e+01 6.428090e+01 5.469840e+01
      endloop
   endfacet
   facet normal 2.662170e-18 8.507394e-18 1.000000e+00
      outer loop
         vertex 8.599390e+01 6.428090e+01 5.469840e+01
         vertex 7.563770e+01 7.341182e+01 5.469840e+01
         vertex 7.455664e+01 7.420592e+01 5.469840e+01
      endloop
   endfacet
   facet normal 2.662170e-18 8.507394e-18 1.000000e+00
      outer loop
         vertex 8.599390e+01 6.428090e+01 5.469840e+01
         vertex 7.455664e+01 7.420592e+01 5.469840e+01
         vertex 7.127577e+01 7.689663e+01 5.469840e+01
      endloop
   endfacet
   facet normal 2.662170e-18 8.507394e-18 1.000000e+00
      outer loop
         vertex 7.127577e+01 7.689663e+01 5.469840e+01
         vertex 7.455664e+01 7.420592e+01 5.469840e+01
         vertex 7.375767e+01 7.528339e+01 5.469840e+01
      endloop
   endfacet
   facet normal 2.662170e-18 8.507394e-18 1.000000e+00
      outer loop
         vertex 7.375767e+01 7.528339e+01 5.469840e+01
         vertex 7.331178e+01 7.654849e+01 5.469840e+01
         vertex 7.127577e+01 7.689663e+01 5.469840e+01
      endloop
   endfacet
   facet normal 2.662170e-18 8.507394e-18 1.000000e+00
      outer loop
         vertex 7.127577e+01 7.689663e+01 5.469840e+01
         vertex 7.331178e+01 7.654849e+01 5.469840e+01
         vertex 7.325860e+01 7.788882e+01 5.469840e+01
      endloop
   endfacet
   facet normal 2.662170e-18 8.507394e-18 1.000000e+00
      outer loop
         vertex 7.127577e+01 7.689663e+01 5.469840e+01
         vertex 7.325860e+01 7.788882e+01 5.469840e+01
         vertex 7.360285e+01 7.918527e+01 5.469840e+01
      endloop
   endfacet
   facet normal 2.662170e-18 8.507394e-18 1.000000e+00
      outer loop
         vertex 7.736429e+01 6.960250e+01 5.469840e+01
         vertex 7.758783e+01 7.006938e+01 5.469840e+01
         vertex 7.127577e+01 7.689663e+01 5.469840e+01
      endloop
   endfacet
   facet normal 2.662170e-18 8.507394e-18 1.000000e+00
      outer loop
         vertex 7.127577e+01 7.689663e+01 5.469840e+01
         vertex 7.758783e+01 7.006938e+01 5.469840e+01
         vertex 7.801486e+01 7.036195e+01 5.469840e+01
      endloop
   endfacet
   facet normal 2.662170e-18 8.507394e-18 1.000000e+00
      outer loop
         vertex 8.599390e+01 6.428090e+01 5.469840e+01
         vertex 7.933026e+01 6.923512e+01 5.469840e+01
         vertex 8.570373e+01 6.410250e+01 5.469840e+01
      endloop
   endfacet
   facet normal 2.662170e-18 8.507394e-18 1.000000e+00
      outer loop
         vertex 8.570373e+01 6.410250e+01 5.469840e+01
         vertex 7.933026e+01 6.923512e+01 5.469840e+01
         vertex 7.910672e+01 6.876823e+01 5.469840e+01
      endloop
   endfacet
   facet normal 2.662170e-18 8.507394e-18 1.000000e+00
      outer loop
         vertex 8.570373e+01 6.410250e+01 5.469840e+01
         vertex 7.910672e+01 6.876823e+01 5.469840e+01
         vertex 8.346821e+01 6.299579e+01 5.469840e+01
      endloop
   endfacet
   facet normal 2.662170e-18 8.507394e-18 1.000000e+00
      outer loop
         vertex 8.346821e+01 6.299579e+01 5.469840e+01
         vertex 7.910672e+01 6.876823e+01 5.469840e+01
         vertex 7.867968e+01 6.847567e+01 5.469840e+01
      endloop
   endfacet
   facet normal 2.662170e-18 8.507394e-18 1.000000e+00
      outer loop
         vertex 8.346821e+01 6.299579e+01 5.469840e+01
         vertex 7.867968e+01 6.847567e+01 5.469840e+01
         vertex 8.108412e+01 6.226201e+01 5.469840e+01
      endloop
   endfacet
   facet normal 2.662170e-18 8.507394e-18 1.000000e+00
      outer loop
         vertex 8.108412e+01 6.226201e+01 5.469840e+01
         vertex 7.867968e+01 6.847567e+01 5.469840e+01
         vertex 7.861319e+01 6.192017e+01 5.469840e+01
      endloop
   endfacet
   facet normal 2.662170e-18 8.507394e-18 1.000000e+00
      outer loop
         vertex 7.861319e+01 6.192017e+01 5.469840e+01
         vertex 7.867968e+01 6.847567e+01 5.469840e+01
         vertex 7.816358e+01 6.843583e+01 5.469840e+01
      endloop
   endfacet
   facet normal 2.662170e-18 8.507394e-18 1.000000e+00
      outer loop
         vertex 7.861319e+01 6.192017e+01 5.469840e+01
         vertex 7.816358e+01 6.843583e+01 5.469840e+01
         vertex 7.611942e+01 6.197912e+01 5.469840e+01
      endloop
   endfacet
   facet normal 2.662170e-18 8.507394e-18 1.000000e+00
      outer loop
         vertex 7.611942e+01 6.197912e+01 5.469840e+01
         vertex 7.816358e+01 6.843583e+01 5.469840e+01
         vertex 7.366740e+01 6.243734e+01 5.469840e+01
      endloop
   endfacet
   facet normal 2.662170e-18 8.507394e-18 1.000000e+00
      outer loop
         vertex 7.366740e+01 6.243734e+01 5.469840e+01
         vertex 7.816358e+01 6.843583e+01 5.469840e+01
         vertex 7.769670e+01 6.865937e+01 5.469840e+01
      endloop
   endfacet
   facet normal 2.662170e-18 8.507394e-18 1.000000e+00
      outer loop
         vertex 7.366740e+01 6.243734e+01 5.469840e+01
         vertex 7.769670e+01 6.865937e+01 5.469840e+01
         vertex 7.132064e+01 6.328295e+01 5.469840e+01
      endloop
   endfacet
   facet normal 2.662170e-18 8.507394e-18 1.000000e+00
      outer loop
         vertex 7.132064e+01 6.328295e+01 5.469840e+01
         vertex 7.769670e+01 6.865937e+01 5.469840e+01
         vertex 7.740414e+01 6.908640e+01 5.469840e+01
      endloop
   endfacet
   facet normal 2.662170e-18 8.507394e-18 1.000000e+00
      outer loop
         vertex 7.132064e+01 6.328295e+01 5.469840e+01
         vertex 7.740414e+01 6.908640e+01 5.469840e+01
         vertex 6.913992e+01 6.449406e+01 5.469840e+01
      endloop
   endfacet
   facet normal 2.662170e-18 8.507394e-18 1.000000e+00
      outer loop
         vertex 7.801486e+01 7.036195e+01 5.469840e+01
         vertex 7.853097e+01 7.040179e+01 5.469840e+01
         vertex 7.127577e+01 7.689663e+01 5.469840e+01
      endloop
   endfacet
   facet normal 2.662170e-18 8.507394e-18 1.000000e+00
      outer loop
         vertex 7.127577e+01 7.689663e+01 5.469840e+01
         vertex 7.853097e+01 7.040179e+01 5.469840e+01
         vertex 7.899785e+01 7.017825e+01 5.469840e+01
      endloop
   endfacet
   facet normal 2.662170e-18 8.507394e-18 1.000000e+00
      outer loop
         vertex 7.127577e+01 7.689663e+01 5.469840e+01
         vertex 7.899785e+01 7.017825e+01 5.469840e+01
         vertex 8.599390e+01 6.428090e+01 5.469840e+01
      endloop
   endfacet
   facet normal 2.662170e-18 8.507394e-18 1.000000e+00
      outer loop
         vertex 8.599390e+01 6.428090e+01 5.469840e+01
         vertex 7.899785e+01 7.017825e+01 5.469840e+01
         vertex 7.929041e+01 6.975122e+01 5.469840e+01
      endloop
   endfacet
   facet normal 2.662170e-18 8.507394e-18 1.000000e+00
      outer loop
         vertex 8.599390e+01 6.428090e+01 5.469840e+01
         vertex 7.929041e+01 6.975122e+01 5.469840e+01
         vertex 7.933026e+01 6.923512e+01 5.469840e+01
      endloop
   endfacet
   facet normal 2.662170e-18 8.507394e-18 1.000000e+00
      outer loop
         vertex 6.899573e+01 7.742980e+01 5.469840e+01
         vertex 6.942276e+01 7.772236e+01 5.469840e+01
         vertex 6.350057e+01 8.353776e+01 5.469840e+01
      endloop
   endfacet
   facet normal 2.662170e-18 8.507394e-18 1.000000e+00
      outer loop
         vertex 6.350057e+01 8.353776e+01 5.469840e+01
         vertex 6.294947e+01 8.205809e+01 5.469840e+01
         vertex 6.899573e+01 7.742980e+01 5.469840e+01
      endloop
   endfacet
   facet normal 2.662170e-18 8.507394e-18 1.000000e+00
      outer loop
         vertex 6.899573e+01 7.742980e+01 5.469840e+01
         vertex 6.294947e+01 8.205809e+01 5.469840e+01
         vertex 6.239289e+01 7.962651e+01 5.469840e+01
      endloop
   endfacet
   facet normal 2.662170e-18 8.507394e-18 1.000000e+00
      outer loop
         vertex 6.899573e+01 7.742980e+01 5.469840e+01
         vertex 6.239289e+01 7.962651e+01 5.469840e+01
         vertex 6.877219e+01 7.696292e+01 5.469840e+01
      endloop
   endfacet
   facet normal 2.662170e-18 8.507394e-18 1.000000e+00
      outer loop
         vertex 6.877219e+01 7.696292e+01 5.469840e+01
         vertex 6.239289e+01 7.962651e+01 5.469840e+01
         vertex 6.223358e+01 7.713714e+01 5.469840e+01
      endloop
   endfacet
   facet normal 2.662170e-18 8.507394e-18 1.000000e+00
      outer loop
         vertex 6.877219e+01 7.696292e+01 5.469840e+01
         vertex 6.223358e+01 7.713714e+01 5.469840e+01
         vertex 6.881203e+01 7.644682e+01 5.469840e+01
      endloop
   endfacet
   facet normal 2.662170e-18 8.507394e-18 1.000000e+00
      outer loop
         vertex 6.942276e+01 7.772236e+01 5.469840e+01
         vertex 6.993886e+01 7.776221e+01 5.469840e+01
         vertex 6.350057e+01 8.353776e+01 5.469840e+01
      endloop
   endfacet
   facet normal 2.662170e-18 8.507394e-18 1.000000e+00
      outer loop
         vertex 6.350057e+01 8.353776e+01 5.469840e+01
         vertex 6.993886e+01 7.776221e+01 5.469840e+01
         vertex 7.040574e+01 7.753867e+01 5.469840e+01
      endloop
   endfacet
   facet normal 2.662170e-18 8.507394e-18 1.000000e+00
      outer loop
         vertex 6.350057e+01 8.353776e+01 5.469840e+01
         vertex 7.040574e+01 7.753867e+01 5.469840e+01
         vertex 7.127577e+01 7.689663e+01 5.469840e+01
      endloop
   endfacet
   facet normal 2.662170e-18 8.507394e-18 1.000000e+00
      outer loop
         vertex 7.127577e+01 7.689663e+01 5.469840e+01
         vertex 7.040574e+01 7.753867e+01 5.469840e+01
         vertex 7.069830e+01 7.711163e+01 5.469840e+01
      endloop
   endfacet
   facet normal 2.662170e-18 8.507394e-18 1.000000e+00
      outer loop
         vertex 7.127577e+01 7.689663e+01 5.469840e+01
         vertex 7.069830e+01 7.711163e+01 5.469840e+01
         vertex 7.073815e+01 7.659553e+01 5.469840e+01
      endloop
   endfacet
   facet normal 2.662170e-18 8.507394e-18 1.000000e+00
      outer loop
         vertex 7.073815e+01 7.659553e+01 5.469840e+01
         vertex 7.051461e+01 7.612865e+01 5.469840e+01
         vertex 7.127577e+01 7.689663e+01 5.469840e+01
      endloop
   endfacet
   facet normal 2.662170e-18 8.507394e-18 1.000000e+00
      outer loop
         vertex 7.127577e+01 7.689663e+01 5.469840e+01
         vertex 7.051461e+01 7.612865e+01 5.469840e+01
         vertex 6.461304e+01 6.913929e+01 5.469840e+01
      endloop
   endfacet
   facet normal 2.662170e-18 8.507394e-18 1.000000e+00
      outer loop
         vertex 7.127577e+01 7.689663e+01 5.469840e+01
         vertex 6.461304e+01 6.913929e+01 5.469840e+01
         vertex 7.736429e+01 6.960250e+01 5.469840e+01
      endloop
   endfacet
   facet normal 2.662170e-18 8.507394e-18 1.000000e+00
      outer loop
         vertex 7.736429e+01 6.960250e+01 5.469840e+01
         vertex 6.461304e+01 6.913929e+01 5.469840e+01
         vertex 6.549673e+01 6.787865e+01 5.469840e+01
      endloop
   endfacet
   facet normal 2.662170e-18 8.507394e-18 1.000000e+00
      outer loop
         vertex 7.736429e+01 6.960250e+01 5.469840e+01
         vertex 6.549673e+01 6.787865e+01 5.469840e+01
         vertex 7.740414e+01 6.908640e+01 5.469840e+01
      endloop
   endfacet
   facet normal 2.662170e-18 8.507394e-18 1.000000e+00
      outer loop
         vertex 7.740414e+01 6.908640e+01 5.469840e+01
         vertex 6.549673e+01 6.787865e+01 5.469840e+01
         vertex 6.718171e+01 6.603930e+01 5.469840e+01
      endloop
   endfacet
   facet normal 2.662170e-18 8.507394e-18 1.000000e+00
      outer loop
         vertex 7.740414e+01 6.908640e+01 5.469840e+01
         vertex 6.718171e+01 6.603930e+01 5.469840e+01
         vertex 6.913992e+01 6.449406e+01 5.469840e+01
      endloop
   endfacet
   facet normal 2.662170e-18 8.507394e-18 1.000000e+00
      outer loop
         vertex 7.051461e+01 7.612865e+01 5.469840e+01
         vertex 7.008758e+01 7.583609e+01 5.469840e+01
         vertex 6.461304e+01 6.913929e+01 5.469840e+01
      endloop
   endfacet
   facet normal 2.662170e-18 8.507394e-18 1.000000e+00
      outer loop
         vertex 6.461304e+01 6.913929e+01 5.469840e+01
         vertex 7.008758e+01 7.583609e+01 5.469840e+01
         vertex 6.957147e+01 7.579624e+01 5.469840e+01
      endloop
   endfacet
   facet normal 2.662170e-18 8.507394e-18 1.000000e+00
      outer loop
         vertex 6.461304e+01 6.913929e+01 5.469840e+01
         vertex 6.957147e+01 7.579624e+01 5.469840e+01
         vertex 6.412863e+01 6.996447e+01 5.469840e+01
      endloop
   endfacet
   facet normal 2.662170e-18 8.507394e-18 1.000000e+00
      outer loop
         vertex 6.412863e+01 6.996447e+01 5.469840e+01
         vertex 6.957147e+01 7.579624e+01 5.469840e+01
         vertex 6.910459e+01 7.601978e+01 5.469840e+01
      endloop
   endfacet
   facet normal 2.662170e-18 8.507394e-18 1.000000e+00
      outer loop
         vertex 6.412863e+01 6.996447e+01 5.469840e+01
         vertex 6.910459e+01 7.601978e+01 5.469840e+01
         vertex 6.311283e+01 7.224274e+01 5.469840e+01
      endloop
   endfacet
   facet normal 2.662170e-18 8.507394e-18 1.000000e+00
      outer loop
         vertex 6.311283e+01 7.224274e+01 5.469840e+01
         vertex 6.910459e+01 7.601978e+01 5.469840e+01
         vertex 6.881203e+01 7.644682e+01 5.469840e+01
      endloop
   endfacet
   facet normal 2.662170e-18 8.507394e-18 1.000000e+00
      outer loop
         vertex 6.311283e+01 7.224274e+01 5.469840e+01
         vertex 6.881203e+01 7.644682e+01 5.469840e+01
         vertex 6.247564e+01 7.465445e+01 5.469840e+01
      endloop
   endfacet
   facet normal 2.662170e-18 8.507394e-18 1.000000e+00
      outer loop
         vertex 6.247564e+01 7.465445e+01 5.469840e+01
         vertex 6.881203e+01 7.644682e+01 5.469840e+01
         vertex 6.223358e+01 7.713714e+01 5.469840e+01
      endloop
   endfacet
   facet normal 2.662170e-18 8.507394e-18 1.000000e+00
      outer loop
         vertex 7.787503e+01 8.472076e+01 5.469840e+01
         vertex 7.744799e+01 8.442820e+01 5.469840e+01
         vertex 7.127577e+01 7.689663e+01 5.469840e+01
      endloop
   endfacet
   facet normal 2.662170e-18 8.507394e-18 1.000000e+00
      outer loop
         vertex 7.560732e+01 9.274884e+01 5.469840e+01
         vertex 7.317191e+01 9.220928e+01 5.469840e+01
         vertex 7.678318e+01 8.631447e+01 5.469840e+01
      endloop
   endfacet
   facet normal 2.662170e-18 8.507394e-18 1.000000e+00
      outer loop
         vertex 7.678318e+01 8.631447e+01 5.469840e+01
         vertex 7.317191e+01 9.220928e+01 5.469840e+01
         vertex 7.635614e+01 8.602191e+01 5.469840e+01
      endloop
   endfacet
   facet normal 2.662170e-18 8.507394e-18 1.000000e+00
      outer loop
         vertex 7.560732e+01 9.274884e+01 5.469840e+01
         vertex 7.678318e+01 8.631447e+01 5.469840e+01
         vertex 7.809774e+01 9.289074e+01 5.469840e+01
      endloop
   endfacet
   facet normal 2.662170e-18 8.507394e-18 1.000000e+00
      outer loop
         vertex 7.809774e+01 9.289074e+01 5.469840e+01
         vertex 7.678318e+01 8.631447e+01 5.469840e+01
         vertex 7.729928e+01 8.635431e+01 5.469840e+01
      endloop
   endfacet
   facet normal 2.662170e-18 8.507394e-18 1.000000e+00
      outer loop
         vertex 7.809774e+01 9.289074e+01 5.469840e+01
         vertex 7.729928e+01 8.635431e+01 5.469840e+01
         vertex 8.057868e+01 9.263132e+01 5.469840e+01
      endloop
   endfacet
   facet normal 2.662170e-18 8.507394e-18 1.000000e+00
      outer loop
         vertex 8.057868e+01 9.263132e+01 5.469840e+01
         vertex 7.729928e+01 8.635431e+01 5.469840e+01
         vertex 7.776616e+01 8.613077e+01 5.469840e+01
      endloop
   endfacet
   facet normal 2.662170e-18 8.507394e-18 1.000000e+00
      outer loop
         vertex 8.057868e+01 9.263132e+01 5.469840e+01
         vertex 7.776616e+01 8.613077e+01 5.469840e+01
         vertex 8.298587e+01 9.197728e+01 5.469840e+01
      endloop
   endfacet
   facet normal 2.662170e-18 8.507394e-18 1.000000e+00
      outer loop
         vertex 8.298587e+01 9.197728e+01 5.469840e+01
         vertex 7.776616e+01 8.613077e+01 5.469840e+01
         vertex 8.387564e+01 9.162527e+01 5.469840e+01
      endloop
   endfacet
   facet normal 2.662170e-18 8.507394e-18 1.000000e+00
      outer loop
         vertex 8.387564e+01 9.162527e+01 5.469840e+01
         vertex 7.776616e+01 8.613077e+01 5.469840e+01
         vertex 7.805872e+01 8.570374e+01 5.469840e+01
      endloop
   endfacet
   facet normal 2.662170e-18 8.507394e-18 1.000000e+00
      outer loop
         vertex 8.387564e+01 9.162527e+01 5.469840e+01
         vertex 7.805872e+01 8.570374e+01 5.469840e+01
         vertex 7.809857e+01 8.518764e+01 5.469840e+01
      endloop
   endfacet
   facet normal 2.662170e-18 8.507394e-18 1.000000e+00
      outer loop
         vertex 7.360285e+01 7.918527e+01 5.469840e+01
         vertex 7.431394e+01 8.032266e+01 5.469840e+01
         vertex 7.127577e+01 7.689663e+01 5.469840e+01
      endloop
   endfacet
   facet normal 2.662170e-18 8.507394e-18 1.000000e+00
      outer loop
         vertex 7.127577e+01 7.689663e+01 5.469840e+01
         vertex 7.431394e+01 8.032266e+01 5.469840e+01
         vertex 8.387564e+01 9.162527e+01 5.469840e+01
      endloop
   endfacet
   facet normal 2.662170e-18 8.507394e-18 1.000000e+00
      outer loop
         vertex 7.127577e+01 7.689663e+01 5.469840e+01
         vertex 8.387564e+01 9.162527e+01 5.469840e+01
         vertex 7.787503e+01 8.472076e+01 5.469840e+01
      endloop
   endfacet
   facet normal 2.662170e-18 8.507394e-18 1.000000e+00
      outer loop
         vertex 7.787503e+01 8.472076e+01 5.469840e+01
         vertex 8.387564e+01 9.162527e+01 5.469840e+01
         vertex 7.809857e+01 8.518764e+01 5.469840e+01
      endloop
   endfacet
   facet normal 2.662170e-18 8.507394e-18 1.000000e+00
      outer loop
         vertex 7.744799e+01 8.442820e+01 5.469840e+01
         vertex 7.693189e+01 8.438835e+01 5.469840e+01
         vertex 7.127577e+01 7.689663e+01 5.469840e+01
      endloop
   endfacet
   facet normal 2.662170e-18 8.507394e-18 1.000000e+00
      outer loop
         vertex 7.127577e+01 7.689663e+01 5.469840e+01
         vertex 7.693189e+01 8.438835e+01 5.469840e+01
         vertex 7.646501e+01 8.461189e+01 5.469840e+01
      endloop
   endfacet
   facet normal 2.662170e-18 8.507394e-18 1.000000e+00
      outer loop
         vertex 7.127577e+01 7.689663e+01 5.469840e+01
         vertex 7.646501e+01 8.461189e+01 5.469840e+01
         vertex 6.350057e+01 8.353776e+01 5.469840e+01
      endloop
   endfacet
   facet normal 2.662170e-18 8.507394e-18 1.000000e+00
      outer loop
         vertex 6.350057e+01 8.353776e+01 5.469840e+01
         vertex 7.646501e+01 8.461189e+01 5.469840e+01
         vertex 7.617245e+01 8.503892e+01 5.469840e+01
      endloop
   endfacet
   facet normal 2.662170e-18 8.507394e-18 1.000000e+00
      outer loop
         vertex 6.350057e+01 8.353776e+01 5.469840e+01
         vertex 7.617245e+01 8.503892e+01 5.469840e+01
         vertex 6.388889e+01 8.436890e+01 5.469840e+01
      endloop
   endfacet
   facet normal 2.662170e-18 8.507394e-18 1.000000e+00
      outer loop
         vertex 6.388889e+01 8.436890e+01 5.469840e+01
         vertex 7.617245e+01 8.503892e+01 5.469840e+01
         vertex 7.613260e+01 8.555502e+01 5.469840e+01
      endloop
   endfacet
   facet normal 2.662170e-18 8.507394e-18 1.000000e+00
      outer loop
         vertex 6.388889e+01 8.436890e+01 5.469840e+01
         vertex 7.613260e+01 8.555502e+01 5.469840e+01
         vertex 6.518683e+01 8.649908e+01 5.469840e+01
      endloop
   endfacet
   facet normal 2.662170e-18 8.507394e-18 1.000000e+00
      outer loop
         vertex 7.317191e+01 9.220928e+01 5.469840e+01
         vertex 7.085459e+01 9.128604e+01 5.469840e+01
         vertex 7.635614e+01 8.602191e+01 5.469840e+01
      endloop
   endfacet
   facet normal 2.662170e-18 8.507394e-18 1.000000e+00
      outer loop
         vertex 7.635614e+01 8.602191e+01 5.469840e+01
         vertex 7.085459e+01 9.128604e+01 5.469840e+01
         vertex 6.871537e+01 9.000303e+01 5.469840e+01
      endloop
   endfacet
   facet normal 2.662170e-18 8.507394e-18 1.000000e+00
      outer loop
         vertex 7.635614e+01 8.602191e+01 5.469840e+01
         vertex 6.871537e+01 9.000303e+01 5.469840e+01
         vertex 7.613260e+01 8.555502e+01 5.469840e+01
      endloop
   endfacet
   facet normal 2.662170e-18 8.507394e-18 1.000000e+00
      outer loop
         vertex 7.613260e+01 8.555502e+01 5.469840e+01
         vertex 6.871537e+01 9.000303e+01 5.469840e+01
         vertex 6.680967e+01 8.839348e+01 5.469840e+01
      endloop
   endfacet
   facet normal 2.662170e-18 8.507394e-18 1.000000e+00
      outer loop
         vertex 7.613260e+01 8.555502e+01 5.469840e+01
         vertex 6.680967e+01 8.839348e+01 5.469840e+01
         vertex 6.518683e+01 8.649908e+01 5.469840e+01
      endloop
   endfacet
   facet normal -2.662170e-18 -8.507394e-18 -1.000000e+00
      outer loop
         vertex 6.832784e+01 6.957486e+01 4.814840e+01
         vertex 6.832433e+01 6.947493e+01 4.814840e+01
         vertex 6.746757e+01 6.980329e+01 4.814840e+01
      endloop
   endfacet
   facet normal -2.662170e-18 -8.507394e-18 -1.000000e+00
      outer loop
         vertex 6.746757e+01 6.980329e+01 4.814840e+01
         vertex 6.832433e+01 6.947493e+01 4.814840e+01
         vertex 6.742104e+01 6.971478e+01 4.814840e+01
      endloop
   endfacet
   facet normal -2.662170e-18 -8.507394e-18 -1.000000e+00
      outer loop
         vertex 6.746757e+01 6.980329e+01 4.814840e+01
         vertex 6.742104e+01 6.971478e+01 4.814840e+01
         vertex 6.679160e+01 7.038236e+01 4.814840e+01
      endloop
   endfacet
   facet normal -2.662170e-18 -8.507394e-18 -1.000000e+00
      outer loop
         vertex 6.679160e+01 7.038236e+01 4.814840e+01
         vertex 6.742104e+01 6.971478e+01 4.814840e+01
         vertex 6.671127e+01 7.032280e+01 4.814840e+01
      endloop
   endfacet
   facet normal -2.662170e-18 -8.507394e-18 -1.000000e+00
      outer loop
         vertex 6.679160e+01 7.038236e+01 4.814840e+01
         vertex 6.671127e+01 7.032280e+01 4.814840e+01
         vertex 6.643382e+01 7.119737e+01 4.814840e+01
      endloop
   endfacet
   facet normal -2.662170e-18 -8.507394e-18 -1.000000e+00
      outer loop
         vertex 6.643382e+01 7.119737e+01 4.814840e+01
         vertex 6.671127e+01 7.032280e+01 4.814840e+01
         vertex 6.633561e+01 7.117856e+01 4.814840e+01
      endloop
   endfacet
   facet normal -2.662170e-18 -8.507394e-18 -1.000000e+00
      outer loop
         vertex 6.643382e+01 7.119737e+01 4.814840e+01
         vertex 6.633561e+01 7.117856e+01 4.814840e+01
         vertex 6.646510e+01 7.208691e+01 4.814840e+01
      endloop
   endfacet
   facet normal -2.662170e-18 -8.507394e-18 -1.000000e+00
      outer loop
         vertex 6.646510e+01 7.208691e+01 4.814840e+01
         vertex 6.633561e+01 7.117856e+01 4.814840e+01
         vertex 6.636844e+01 7.211257e+01 4.814840e+01
      endloop
   endfacet
   facet normal -2.662170e-18 -8.507394e-18 -1.000000e+00
      outer loop
         vertex 6.646510e+01 7.208691e+01 4.814840e+01
         vertex 6.636844e+01 7.211257e+01 4.814840e+01
         vertex 6.687923e+01 7.287478e+01 4.814840e+01
      endloop
   endfacet
   facet normal -2.662170e-18 -8.507394e-18 -1.000000e+00
      outer loop
         vertex 6.687923e+01 7.287478e+01 4.814840e+01
         vertex 6.636844e+01 7.211257e+01 4.814840e+01
         vertex 6.680328e+01 7.293984e+01 4.814840e+01
      endloop
   endfacet
   facet normal -2.662170e-18 -8.507394e-18 -1.000000e+00
      outer loop
         vertex 6.687923e+01 7.287478e+01 4.814840e+01
         vertex 6.680328e+01 7.293984e+01 4.814840e+01
         vertex 6.759419e+01 7.340494e+01 4.814840e+01
      endloop
   endfacet
   facet normal -2.662170e-18 -8.507394e-18 -1.000000e+00
      outer loop
         vertex 6.759419e+01 7.340494e+01 4.814840e+01
         vertex 6.680328e+01 7.293984e+01 4.814840e+01
         vertex 6.755400e+01 7.349651e+01 4.814840e+01
      endloop
   endfacet
   facet normal -2.662170e-18 -8.507394e-18 -1.000000e+00
      outer loop
         vertex 6.759419e+01 7.340494e+01 4.814840e+01
         vertex 6.755400e+01 7.349651e+01 4.814840e+01
         vertex 6.846838e+01 7.357239e+01 4.814840e+01
      endloop
   endfacet
   facet normal -2.662170e-18 -8.507394e-18 -1.000000e+00
      outer loop
         vertex 6.846838e+01 7.357239e+01 4.814840e+01
         vertex 6.755400e+01 7.349651e+01 4.814840e+01
         vertex 6.847190e+01 7.367233e+01 4.814840e+01
      endloop
   endfacet
   facet normal -2.662170e-18 -8.507394e-18 -1.000000e+00
      outer loop
         vertex 6.846838e+01 7.357239e+01 4.814840e+01
         vertex 6.847190e+01 7.367233e+01 4.814840e+01
         vertex 6.932866e+01 7.334396e+01 4.814840e+01
      endloop
   endfacet
   facet normal -2.662170e-18 -8.507394e-18 -1.000000e+00
      outer loop
         vertex 6.932866e+01 7.334396e+01 4.814840e+01
         vertex 6.847190e+01 7.367233e+01 4.814840e+01
         vertex 6.937518e+01 7.343248e+01 4.814840e+01
      endloop
   endfacet
   facet normal -2.662170e-18 -8.507394e-18 -1.000000e+00
      outer loop
         vertex 6.932866e+01 7.334396e+01 4.814840e+01
         vertex 6.937518e+01 7.343248e+01 4.814840e+01
         vertex 7.000462e+01 7.276490e+01 4.814840e+01
      endloop
   endfacet
   facet normal -2.662170e-18 -8.507394e-18 -1.000000e+00
      outer loop
         vertex 7.000462e+01 7.276490e+01 4.814840e+01
         vertex 6.937518e+01 7.343248e+01 4.814840e+01
         vertex 7.008495e+01 7.282446e+01 4.814840e+01
      endloop
   endfacet
   facet normal -2.662170e-18 -8.507394e-18 -1.000000e+00
      outer loop
         vertex 7.000462e+01 7.276490e+01 4.814840e+01
         vertex 7.008495e+01 7.282446e+01 4.814840e+01
         vertex 7.036240e+01 7.194989e+01 4.814840e+01
      endloop
   endfacet
   facet normal -2.662170e-18 -8.507394e-18 -1.000000e+00
      outer loop
         vertex 7.036240e+01 7.194989e+01 4.814840e+01
         vertex 7.008495e+01 7.282446e+01 4.814840e+01
         vertex 7.046061e+01 7.196870e+01 4.814840e+01
      endloop
   endfacet
   facet normal -2.662170e-18 -8.507394e-18 -1.000000e+00
      outer loop
         vertex 7.036240e+01 7.194989e+01 4.814840e+01
         vertex 7.046061e+01 7.196870e+01 4.814840e+01
         vertex 7.033113e+01 7.106035e+01 4.814840e+01
      endloop
   endfacet
   facet normal -2.662170e-18 -8.507394e-18 -1.000000e+00
      outer loop
         vertex 7.033113e+01 7.106035e+01 4.814840e+01
         vertex 7.046061e+01 7.196870e+01 4.814840e+01
         vertex 7.042778e+01 7.103469e+01 4.814840e+01
      endloop
   endfacet
   facet normal -2.662170e-18 -8.507394e-18 -1.000000e+00
      outer loop
         vertex 7.033113e+01 7.106035e+01 4.814840e+01
         vertex 7.042778e+01 7.103469e+01 4.814840e+01
         vertex 6.991699e+01 7.027248e+01 4.814840e+01
      endloop
   endfacet
   facet normal -2.662170e-18 -8.507394e-18 -1.000000e+00
      outer loop
         vertex 6.991699e+01 7.027248e+01 4.814840e+01
         vertex 7.042778e+01 7.103469e+01 4.814840e+01
         vertex 6.999294e+01 7.020742e+01 4.814840e+01
      endloop
   endfacet
   facet normal -2.662170e-18 -8.507394e-18 -1.000000e+00
      outer loop
         vertex 6.991699e+01 7.027248e+01 4.814840e+01
         vertex 6.999294e+01 7.020742e+01 4.814840e+01
         vertex 6.920203e+01 6.974232e+01 4.814840e+01
      endloop
   endfacet
   facet normal -2.662170e-18 -8.507394e-18 -1.000000e+00
      outer loop
         vertex 6.920203e+01 6.974232e+01 4.814840e+01
         vertex 6.999294e+01 7.020742e+01 4.814840e+01
         vertex 6.924223e+01 6.965075e+01 4.814840e+01
      endloop
   endfacet
   facet normal -2.662170e-18 -8.507394e-18 -1.000000e+00
      outer loop
         vertex 6.920203e+01 6.974232e+01 4.814840e+01
         vertex 6.924223e+01 6.965075e+01 4.814840e+01
         vertex 6.832784e+01 6.957486e+01 4.814840e+01
      endloop
   endfacet
   facet normal -2.662170e-18 -8.507394e-18 -1.000000e+00
      outer loop
         vertex 6.832784e+01 6.957486e+01 4.814840e+01
         vertex 6.924223e+01 6.965075e+01 4.814840e+01
         vertex 6.832433e+01 6.947493e+01 4.814840e+01
      endloop
   endfacet
   facet normal -5.956343e-01 8.032557e-01 -5.247933e-18
      outer loop
         vertex 6.991699e+01 7.027248e+01 5.414840e+01
         vertex 6.991699e+01 7.027248e+01 4.814840e+01
         vertex 6.920203e+01 6.974232e+01 5.414840e+01
      endloop
   endfacet
   facet normal -5.956343e-01 8.032557e-01 -5.247933e-18
      outer loop
         vertex 6.920203e+01 6.974232e+01 5.414840e+01
         vertex 6.991699e+01 7.027248e+01 4.814840e+01
         vertex 6.920203e+01 6.974232e+01 4.814840e+01
      endloop
   endfacet
   facet normal -1.881300e-01 9.821441e-01 -7.854653e-18
      outer loop
         vertex 6.920203e+01 6.974232e+01 5.414840e+01
         vertex 6.920203e+01 6.974232e+01 4.814840e+01
         vertex 6.832784e+01 6.957486e+01 5.414840e+01
      endloop
   endfacet
   facet normal -1.881300e-01 9.821441e-01 -7.854653e-18
      outer loop
         vertex 6.832784e+01 6.957486e+01 5.414840e+01
         vertex 6.920203e+01 6.974232e+01 4.814840e+01
         vertex 6.832784e+01 6.957486e+01 4.814840e+01
      endloop
   endfacet
   facet normal 2.566392e-01 9.665073e-01 -8.905675e-18
      outer loop
         vertex 6.832784e+01 6.957486e+01 5.414840e+01
         vertex 6.832784e+01 6.957486e+01 4.814840e+01
         vertex 6.746757e+01 6.980329e+01 5.414840e+01
      endloop
   endfacet
   facet normal 2.566392e-01 9.665073e-01 -8.905675e-18
      outer loop
         vertex 6.746757e+01 6.980329e+01 5.414840e+01
         vertex 6.832784e+01 6.957486e+01 4.814840e+01
         vertex 6.746757e+01 6.980329e+01 4.814840e+01
      endloop
   endfacet
   facet normal 6.505751e-01 7.594419e-01 -8.192813e-18
      outer loop
         vertex 6.746757e+01 6.980329e+01 5.414840e+01
         vertex 6.746757e+01 6.980329e+01 4.814840e+01
         vertex 6.679160e+01 7.038236e+01 5.414840e+01
      endloop
   endfacet
   facet normal 6.505751e-01 7.594419e-01 -8.192813e-18
      outer loop
         vertex 6.679160e+01 7.038236e+01 5.414840e+01
         vertex 6.746757e+01 6.980329e+01 4.814840e+01
         vertex 6.679160e+01 7.038236e+01 4.814840e+01
      endloop
   endfacet
   facet normal 9.156573e-01 4.019599e-01 -5.857266e-18
      outer loop
         vertex 6.679160e+01 7.038236e+01 5.414840e+01
         vertex 6.679160e+01 7.038236e+01 4.814840e+01
         vertex 6.643382e+01 7.119737e+01 5.414840e+01
      endloop
   endfacet
   facet normal 9.156573e-01 4.019599e-01 -5.857266e-18
      outer loop
         vertex 6.643382e+01 7.119737e+01 5.414840e+01
         vertex 6.679160e+01 7.038236e+01 4.814840e+01
         vertex 6.643382e+01 7.119737e+01 4.814840e+01
      endloop
   endfacet
   facet normal 9.993826e-01 -3.513552e-02 -2.361614e-18
      outer loop
         vertex 6.643382e+01 7.119737e+01 5.414840e+01
         vertex 6.643382e+01 7.119737e+01 4.814840e+01
         vertex 6.646510e+01 7.208691e+01 5.414840e+01
      endloop
   endfacet
   facet normal 9.993826e-01 -3.513552e-02 -2.361614e-18
      outer loop
         vertex 6.646510e+01 7.208691e+01 5.414840e+01
         vertex 6.643382e+01 7.119737e+01 4.814840e+01
         vertex 6.646510e+01 7.208691e+01 4.814840e+01
      endloop
   endfacet
   facet normal 8.851679e-01 -4.652718e-01 1.601783e-18
      outer loop
         vertex 6.646510e+01 7.208691e+01 5.414840e+01
         vertex 6.646510e+01 7.208691e+01 4.814840e+01
         vertex 6.687923e+01 7.287478e+01 5.414840e+01
      endloop
   endfacet
   facet normal 8.851679e-01 -4.652718e-01 1.601783e-18
      outer loop
         vertex 6.687923e+01 7.287478e+01 5.414840e+01
         vertex 6.646510e+01 7.208691e+01 4.814840e+01
         vertex 6.687923e+01 7.287478e+01 4.814840e+01
      endloop
   endfacet
   facet normal 5.956345e-01 -8.032556e-01 5.247932e-18
      outer loop
         vertex 6.687923e+01 7.287478e+01 5.414840e+01
         vertex 6.687923e+01 7.287478e+01 4.814840e+01
         vertex 6.759419e+01 7.340494e+01 5.414840e+01
      endloop
   endfacet
   facet normal 5.956345e-01 -8.032556e-01 5.247932e-18
      outer loop
         vertex 6.759419e+01 7.340494e+01 5.414840e+01
         vertex 6.687923e+01 7.287478e+01 4.814840e+01
         vertex 6.759419e+01 7.340494e+01 4.814840e+01
      endloop
   endfacet
   facet normal 1.881284e-01 -9.821444e-01 7.854660e-18
      outer loop
         vertex 6.759419e+01 7.340494e+01 5.414840e+01
         vertex 6.759419e+01 7.340494e+01 4.814840e+01
         vertex 6.846838e+01 7.357239e+01 5.414840e+01
      endloop
   endfacet
   facet normal 1.881284e-01 -9.821444e-01 7.854660e-18
      outer loop
         vertex 6.846838e+01 7.357239e+01 5.414840e+01
         vertex 6.759419e+01 7.340494e+01 4.814840e+01
         vertex 6.846838e+01 7.357239e+01 4.814840e+01
      endloop
   endfacet
   facet normal -2.566387e-01 -9.665074e-01 8.905675e-18
      outer loop
         vertex 6.846838e+01 7.357239e+01 5.414840e+01
         vertex 6.846838e+01 7.357239e+01 4.814840e+01
         vertex 6.932866e+01 7.334396e+01 5.414840e+01
      endloop
   endfacet
   facet normal -2.566387e-01 -9.665074e-01 8.905675e-18
      outer loop
         vertex 6.932866e+01 7.334396e+01 5.414840e+01
         vertex 6.846838e+01 7.357239e+01 4.814840e+01
         vertex 6.932866e+01 7.334396e+01 4.814840e+01
      endloop
   endfacet
   facet normal -6.505751e-01 -7.594419e-01 8.192813e-18
      outer loop
         vertex 6.932866e+01 7.334396e+01 5.414840e+01
         vertex 6.932866e+01 7.334396e+01 4.814840e+01
         vertex 7.000462e+01 7.276490e+01 5.414840e+01
      endloop
   endfacet
   facet normal -6.505751e-01 -7.594419e-01 8.192813e-18
      outer loop
         vertex 7.000462e+01 7.276490e+01 5.414840e+01
         vertex 6.932866e+01 7.334396e+01 4.814840e+01
         vertex 7.000462e+01 7.276490e+01 4.814840e+01
      endloop
   endfacet
   facet normal -9.156571e-01 -4.019603e-01 5.857269e-18
      outer loop
         vertex 7.000462e+01 7.276490e+01 5.414840e+01
         vertex 7.000462e+01 7.276490e+01 4.814840e+01
         vertex 7.036240e+01 7.194989e+01 5.414840e+01
      endloop
   endfacet
   facet normal -9.156571e-01 -4.019603e-01 5.857269e-18
      outer loop
         vertex 7.036240e+01 7.194989e+01 5.414840e+01
         vertex 7.000462e+01 7.276490e+01 4.814840e+01
         vertex 7.036240e+01 7.194989e+01 4.814840e+01
      endloop
   endfacet
   facet normal -9.993825e-01 3.513715e-02 2.361600e-18
      outer loop
         vertex 7.036240e+01 7.194989e+01 5.414840e+01
         vertex 7.036240e+01 7.194989e+01 4.814840e+01
         vertex 7.033113e+01 7.106035e+01 5.414840e+01
      endloop
   endfacet
   facet normal -9.993825e-01 3.513715e-02 2.361600e-18
      outer loop
         vertex 7.033113e+01 7.106035e+01 5.414840e+01
         vertex 7.036240e+01 7.194989e+01 4.814840e+01
         vertex 7.033113e+01 7.106035e+01 4.814840e+01
      endloop
   endfacet
   facet normal -8.851678e-01 4.652720e-01 -1.601785e-18
      outer loop
         vertex 7.033113e+01 7.106035e+01 5.414840e+01
         vertex 7.033113e+01 7.106035e+01 4.814840e+01
         vertex 6.991699e+01 7.027248e+01 5.414840e+01
      endloop
   endfacet
   facet normal -8.851678e-01 4.652720e-01 -1.601785e-18
      outer loop
         vertex 6.991699e+01 7.027248e+01 5.414840e+01
         vertex 7.033113e+01 7.106035e+01 4.814840e+01
         vertex 6.991699e+01 7.027248e+01 4.814840e+01
      endloop
   endfacet
   facet normal -2.662170e-18 -8.507394e-18 -1.000000e+00
      outer loop
         vertex 6.687923e+01 7.287478e+01 5.414840e+01
         vertex 6.759419e+01 7.340494e+01 5.414840e+01
         vertex 6.839811e+01 7.157363e+01 5.414840e+01
      endloop
   endfacet
   facet normal -2.662170e-18 -8.507394e-18 -1.000000e+00
      outer loop
         vertex 6.687923e+01 7.287478e+01 5.414840e+01
         vertex 6.839811e+01 7.157363e+01 5.414840e+01
         vertex 6.646510e+01 7.208691e+01 5.414840e+01
      endloop
   endfacet
   facet normal -2.662170e-18 -8.507394e-18 -1.000000e+00
      outer loop
         vertex 6.746757e+01 6.980329e+01 5.414840e+01
         vertex 6.679160e+01 7.038236e+01 5.414840e+01
         vertex 6.839811e+01 7.157363e+01 5.414840e+01
      endloop
   endfacet
   facet normal -2.662170e-18 -8.507394e-18 -1.000000e+00
      outer loop
         vertex 6.839811e+01 7.157363e+01 5.414840e+01
         vertex 6.679160e+01 7.038236e+01 5.414840e+01
         vertex 6.643382e+01 7.119737e+01 5.414840e+01
      endloop
   endfacet
   facet normal -2.662170e-18 -8.507394e-18 -1.000000e+00
      outer loop
         vertex 6.839811e+01 7.157363e+01 5.414840e+01
         vertex 6.643382e+01 7.119737e+01 5.414840e+01
         vertex 6.646510e+01 7.208691e+01 5.414840e+01
      endloop
   endfacet
   facet normal -2.662170e-18 -8.507394e-18 -1.000000e+00
      outer loop
         vertex 6.991699e+01 7.027248e+01 5.414840e+01
         vertex 6.920203e+01 6.974232e+01 5.414840e+01
         vertex 6.839811e+01 7.157363e+01 5.414840e+01
      endloop
   endfacet
   facet normal -2.662170e-18 -8.507394e-18 -1.000000e+00
      outer loop
         vertex 6.839811e+01 7.157363e+01 5.414840e+01
         vertex 6.920203e+01 6.974232e+01 5.414840e+01
         vertex 6.832784e+01 6.957486e+01 5.414840e+01
      endloop
   endfacet
   facet normal -2.662170e-18 -8.507394e-18 -1.000000e+00
      outer loop
         vertex 6.839811e+01 7.157363e+01 5.414840e+01
         vertex 6.832784e+01 6.957486e+01 5.414840e+01
         vertex 6.746757e+01 6.980329e+01 5.414840e+01
      endloop
   endfacet
   facet normal -2.662170e-18 -8.507394e-18 -1.000000e+00
      outer loop
         vertex 7.000462e+01 7.276490e+01 5.414840e+01
         vertex 7.036240e+01 7.194989e+01 5.414840e+01
         vertex 6.839811e+01 7.157363e+01 5.414840e+01
      endloop
   endfacet
   facet normal -2.662170e-18 -8.507394e-18 -1.000000e+00
      outer loop
         vertex 6.839811e+01 7.157363e+01 5.414840e+01
         vertex 7.036240e+01 7.194989e+01 5.414840e+01
         vertex 7.033113e+01 7.106035e+01 5.414840e+01
      endloop
   endfacet
   facet normal -2.662170e-18 -8.507394e-18 -1.000000e+00
      outer loop
         vertex 6.839811e+01 7.157363e+01 5.414840e+01
         vertex 7.033113e+01 7.106035e+01 5.414840e+01
         vertex 6.991699e+01 7.027248e+01 5.414840e+01
      endloop
   endfacet
   facet normal -2.662170e-18 -8.507394e-18 -1.000000e+00
      outer loop
         vertex 6.759419e+01 7.340494e+01 5.414840e+01
         vertex 6.846838e+01 7.357239e+01 5.414840e+01
         vertex 6.839811e+01 7.157363e+01 5.414840e+01
      endloop
   endfacet
   facet normal -2.662170e-18 -8.507394e-18 -1.000000e+00
      outer loop
         vertex 6.839811e+01 7.157363e+01 5.414840e+01
         vertex 6.846838e+01 7.357239e+01 5.414840e+01
         vertex 6.932866e+01 7.334396e+01 5.414840e+01
      endloop
   endfacet
   facet normal -2.662170e-18 -8.507394e-18 -1.000000e+00
      outer loop
         vertex 6.839811e+01 7.157363e+01 5.414840e+01
         vertex 6.932866e+01 7.334396e+01 5.414840e+01
         vertex 7.000462e+01 7.276490e+01 5.414840e+01
      endloop
   endfacet
   facet normal -2.662170e-18 -8.507394e-18 -1.000000e+00
      outer loop
         vertex 6.671127e+01 7.032280e+01 4.784840e+01
         vertex 6.607975e+01 7.039669e+01 4.784840e+01
         vertex 6.633561e+01 7.117856e+01 4.784840e+01
      endloop
   endfacet
   facet normal -2.662170e-18 -8.507394e-18 -1.000000e+00
      outer loop
         vertex 6.633561e+01 7.117856e+01 4.784840e+01
         vertex 6.607975e+01 7.039669e+01 4.784840e+01
         vertex 6.580583e+01 7.137348e+01 4.784840e+01
      endloop
   endfacet
   facet normal -2.662170e-18 -8.507394e-18 -1.000000e+00
      outer loop
         vertex 6.633561e+01 7.117856e+01 4.784840e+01
         vertex 6.580583e+01 7.137348e+01 4.784840e+01
         vertex 6.636844e+01 7.211257e+01 4.784840e+01
      endloop
   endfacet
   facet normal -2.662170e-18 -8.507394e-18 -1.000000e+00
      outer loop
         vertex 6.636844e+01 7.211257e+01 4.784840e+01
         vertex 6.580583e+01 7.137348e+01 4.784840e+01
         vertex 6.592656e+01 7.238074e+01 4.784840e+01
      endloop
   endfacet
   facet normal -2.662170e-18 -8.507394e-18 -1.000000e+00
      outer loop
         vertex 6.636844e+01 7.211257e+01 4.784840e+01
         vertex 6.592656e+01 7.238074e+01 4.784840e+01
         vertex 6.680328e+01 7.293984e+01 4.784840e+01
      endloop
   endfacet
   facet normal -2.662170e-18 -8.507394e-18 -1.000000e+00
      outer loop
         vertex 6.680328e+01 7.293984e+01 4.784840e+01
         vertex 6.592656e+01 7.238074e+01 4.784840e+01
         vertex 6.642356e+01 7.326512e+01 4.784840e+01
      endloop
   endfacet
   facet normal -2.662170e-18 -8.507394e-18 -1.000000e+00
      outer loop
         vertex 6.680328e+01 7.293984e+01 4.784840e+01
         vertex 6.642356e+01 7.326512e+01 4.784840e+01
         vertex 6.755400e+01 7.349651e+01 4.784840e+01
      endloop
   endfacet
   facet normal -2.662170e-18 -8.507394e-18 -1.000000e+00
      outer loop
         vertex 6.755400e+01 7.349651e+01 4.784840e+01
         vertex 6.642356e+01 7.326512e+01 4.784840e+01
         vertex 6.722117e+01 7.389199e+01 4.784840e+01
      endloop
   endfacet
   facet normal -2.662170e-18 -8.507394e-18 -1.000000e+00
      outer loop
         vertex 6.755400e+01 7.349651e+01 4.784840e+01
         vertex 6.722117e+01 7.389199e+01 4.784840e+01
         vertex 6.847190e+01 7.367233e+01 4.784840e+01
      endloop
   endfacet
   facet normal -2.662170e-18 -8.507394e-18 -1.000000e+00
      outer loop
         vertex 6.847190e+01 7.367233e+01 4.784840e+01
         vertex 6.722117e+01 7.389199e+01 4.784840e+01
         vertex 6.819796e+01 7.416591e+01 4.784840e+01
      endloop
   endfacet
   facet normal -2.662170e-18 -8.507394e-18 -1.000000e+00
      outer loop
         vertex 6.847190e+01 7.367233e+01 4.784840e+01
         vertex 6.819796e+01 7.416591e+01 4.784840e+01
         vertex 6.937518e+01 7.343248e+01 4.784840e+01
      endloop
   endfacet
   facet normal -2.662170e-18 -8.507394e-18 -1.000000e+00
      outer loop
         vertex 6.819796e+01 7.416591e+01 4.784840e+01
         vertex 6.920522e+01 7.404518e+01 4.784840e+01
         vertex 6.937518e+01 7.343248e+01 4.784840e+01
      endloop
   endfacet
   facet normal -2.662170e-18 -8.507394e-18 -1.000000e+00
      outer loop
         vertex 6.937518e+01 7.343248e+01 4.784840e+01
         vertex 6.920522e+01 7.404518e+01 4.784840e+01
         vertex 7.008961e+01 7.354818e+01 4.784840e+01
      endloop
   endfacet
   facet normal -2.662170e-18 -8.507394e-18 -1.000000e+00
      outer loop
         vertex 6.937518e+01 7.343248e+01 4.784840e+01
         vertex 7.008961e+01 7.354818e+01 4.784840e+01
         vertex 7.008495e+01 7.282446e+01 4.784840e+01
      endloop
   endfacet
   facet normal -2.662170e-18 -8.507394e-18 -1.000000e+00
      outer loop
         vertex 7.008495e+01 7.282446e+01 4.784840e+01
         vertex 7.008961e+01 7.354818e+01 4.784840e+01
         vertex 7.071648e+01 7.275057e+01 4.784840e+01
      endloop
   endfacet
   facet normal -2.662170e-18 -8.507394e-18 -1.000000e+00
      outer loop
         vertex 7.008495e+01 7.282446e+01 4.784840e+01
         vertex 7.071648e+01 7.275057e+01 4.784840e+01
         vertex 7.046061e+01 7.196870e+01 4.784840e+01
      endloop
   endfacet
   facet normal -2.662170e-18 -8.507394e-18 -1.000000e+00
      outer loop
         vertex 7.046061e+01 7.196870e+01 4.784840e+01
         vertex 7.071648e+01 7.275057e+01 4.784840e+01
         vertex 7.099040e+01 7.177378e+01 4.784840e+01
      endloop
   endfacet
   facet normal -2.662170e-18 -8.507394e-18 -1.000000e+00
      outer loop
         vertex 7.046061e+01 7.196870e+01 4.784840e+01
         vertex 7.099040e+01 7.177378e+01 4.784840e+01
         vertex 7.042778e+01 7.103469e+01 4.784840e+01
      endloop
   endfacet
   facet normal -2.662170e-18 -8.507394e-18 -1.000000e+00
      outer loop
         vertex 7.042778e+01 7.103469e+01 4.784840e+01
         vertex 7.099040e+01 7.177378e+01 4.784840e+01
         vertex 7.086966e+01 7.076652e+01 4.784840e+01
      endloop
   endfacet
   facet normal -2.662170e-18 -8.507394e-18 -1.000000e+00
      outer loop
         vertex 7.042778e+01 7.103469e+01 4.784840e+01
         vertex 7.086966e+01 7.076652e+01 4.784840e+01
         vertex 6.999294e+01 7.020742e+01 4.784840e+01
      endloop
   endfacet
   facet normal -2.662170e-18 -8.507394e-18 -1.000000e+00
      outer loop
         vertex 6.999294e+01 7.020742e+01 4.784840e+01
         vertex 7.086966e+01 7.076652e+01 4.784840e+01
         vertex 7.037266e+01 6.988213e+01 4.784840e+01
      endloop
   endfacet
   facet normal -2.662170e-18 -8.507394e-18 -1.000000e+00
      outer loop
         vertex 6.999294e+01 7.020742e+01 4.784840e+01
         vertex 7.037266e+01 6.988213e+01 4.784840e+01
         vertex 6.924223e+01 6.965075e+01 4.784840e+01
      endloop
   endfacet
   facet normal -2.662170e-18 -8.507394e-18 -1.000000e+00
      outer loop
         vertex 6.924223e+01 6.965075e+01 4.784840e+01
         vertex 7.037266e+01 6.988213e+01 4.784840e+01
         vertex 6.957505e+01 6.925526e+01 4.784840e+01
      endloop
   endfacet
   facet normal -2.662170e-18 -8.507394e-18 -1.000000e+00
      outer loop
         vertex 6.924223e+01 6.965075e+01 4.784840e+01
         vertex 6.957505e+01 6.925526e+01 4.784840e+01
         vertex 6.832433e+01 6.947493e+01 4.784840e+01
      endloop
   endfacet
   facet normal -2.662170e-18 -8.507394e-18 -1.000000e+00
      outer loop
         vertex 6.832433e+01 6.947493e+01 4.784840e+01
         vertex 6.957505e+01 6.925526e+01 4.784840e+01
         vertex 6.859826e+01 6.898134e+01 4.784840e+01
      endloop
   endfacet
   facet normal -2.662170e-18 -8.507394e-18 -1.000000e+00
      outer loop
         vertex 6.832433e+01 6.947493e+01 4.784840e+01
         vertex 6.859826e+01 6.898134e+01 4.784840e+01
         vertex 6.742104e+01 6.971478e+01 4.784840e+01
      endloop
   endfacet
   facet normal -2.662170e-18 -8.507394e-18 -1.000000e+00
      outer loop
         vertex 6.742104e+01 6.971478e+01 4.784840e+01
         vertex 6.859826e+01 6.898134e+01 4.784840e+01
         vertex 6.759100e+01 6.910208e+01 4.784840e+01
      endloop
   endfacet
   facet normal -2.662170e-18 -8.507394e-18 -1.000000e+00
      outer loop
         vertex 6.742104e+01 6.971478e+01 4.784840e+01
         vertex 6.759100e+01 6.910208e+01 4.784840e+01
         vertex 6.671127e+01 7.032280e+01 4.784840e+01
      endloop
   endfacet
   facet normal -2.662170e-18 -8.507394e-18 -1.000000e+00
      outer loop
         vertex 6.671127e+01 7.032280e+01 4.784840e+01
         vertex 6.759100e+01 6.910208e+01 4.784840e+01
         vertex 6.670662e+01 6.959908e+01 4.784840e+01
      endloop
   endfacet
   facet normal -2.662170e-18 -8.507394e-18 -1.000000e+00
      outer loop
         vertex 6.671127e+01 7.032280e+01 4.784840e+01
         vertex 6.670662e+01 6.959908e+01 4.784840e+01
         vertex 6.607975e+01 7.039669e+01 4.784840e+01
      endloop
   endfacet
   facet normal -8.717705e-01 4.899144e-01 -1.847094e-18
      outer loop
         vertex 6.642356e+01 7.326512e+01 4.814840e+01
         vertex 6.592656e+01 7.238074e+01 4.784840e+01
         vertex 6.592656e+01 7.238074e+01 4.814840e+01
      endloop
   endfacet
   facet normal -9.928931e-01 1.190099e-01 1.630786e-18
      outer loop
         vertex 6.592656e+01 7.238074e+01 4.814840e+01
         vertex 6.592656e+01 7.238074e+01 4.784840e+01
         vertex 6.580583e+01 7.137348e+01 4.784840e+01
      endloop
   endfacet
   facet normal -9.928931e-01 1.190099e-01 1.630786e-18
      outer loop
         vertex 6.592656e+01 7.238074e+01 4.814840e+01
         vertex 6.580583e+01 7.137348e+01 4.784840e+01
         vertex 6.580583e+01 7.137348e+01 4.814840e+01
      endloop
   endfacet
   facet normal -9.628568e-01 -2.700125e-01 4.860391e-18
      outer loop
         vertex 6.580583e+01 7.137348e+01 4.814840e+01
         vertex 6.580583e+01 7.137348e+01 4.784840e+01
         vertex 6.607975e+01 7.039669e+01 4.784840e+01
      endloop
   endfacet
   facet normal -9.628568e-01 -2.700125e-01 4.860391e-18
      outer loop
         vertex 6.580583e+01 7.137348e+01 4.814840e+01
         vertex 6.607975e+01 7.039669e+01 4.784840e+01
         vertex 6.607975e+01 7.039669e+01 4.814840e+01
      endloop
   endfacet
   facet normal -7.862339e-01 -6.179290e-01 7.350054e-18
      outer loop
         vertex 6.607975e+01 7.039669e+01 4.814840e+01
         vertex 6.607975e+01 7.039669e+01 4.784840e+01
         vertex 6.670662e+01 6.959908e+01 4.784840e+01
      endloop
   endfacet
   facet normal -7.862339e-01 -6.179290e-01 7.350054e-18
      outer loop
         vertex 6.607975e+01 7.039669e+01 4.814840e+01
         vertex 6.670662e+01 6.959908e+01 4.784840e+01
         vertex 6.670662e+01 6.959908e+01 4.814840e+01
      endloop
   endfacet
   facet normal -4.899153e-01 -8.717700e-01 8.720729e-18
      outer loop
         vertex 6.670662e+01 6.959908e+01 4.814840e+01
         vertex 6.670662e+01 6.959908e+01 4.784840e+01
         vertex 6.759100e+01 6.910208e+01 4.784840e+01
      endloop
   endfacet
   facet normal -4.899153e-01 -8.717700e-01 8.720729e-18
      outer loop
         vertex 6.670662e+01 6.959908e+01 4.814840e+01
         vertex 6.759100e+01 6.910208e+01 4.784840e+01
         vertex 6.759100e+01 6.910208e+01 4.814840e+01
      endloop
   endfacet
   facet normal -1.190099e-01 -9.928931e-01 8.763757e-18
      outer loop
         vertex 6.759100e+01 6.910208e+01 4.814840e+01
         vertex 6.759100e+01 6.910208e+01 4.784840e+01
         vertex 6.859826e+01 6.898134e+01 4.784840e+01
      endloop
   endfacet
   facet normal -1.190099e-01 -9.928931e-01 8.763757e-18
      outer loop
         vertex 6.759100e+01 6.910208e+01 4.814840e+01
         vertex 6.859826e+01 6.898134e+01 4.784840e+01
         vertex 6.859826e+01 6.898134e+01 4.814840e+01
      endloop
   endfacet
   facet normal 2.700133e-01 -9.628566e-01 7.472579e-18
      outer loop
         vertex 6.859826e+01 6.898134e+01 4.814840e+01
         vertex 6.859826e+01 6.898134e+01 4.784840e+01
         vertex 6.957505e+01 6.925526e+01 4.784840e+01
      endloop
   endfacet
   facet normal 2.700133e-01 -9.628566e-01 7.472579e-18
      outer loop
         vertex 6.859826e+01 6.898134e+01 4.814840e+01
         vertex 6.957505e+01 6.925526e+01 4.784840e+01
         vertex 6.957505e+01 6.925526e+01 4.814840e+01
      endloop
   endfacet
   facet normal 6.179283e-01 -7.862344e-01 5.043776e-18
      outer loop
         vertex 6.957505e+01 6.925526e+01 4.814840e+01
         vertex 6.957505e+01 6.925526e+01 4.784840e+01
         vertex 7.037266e+01 6.988213e+01 4.784840e+01
      endloop
   endfacet
   facet normal 6.179283e-01 -7.862344e-01 5.043776e-18
      outer loop
         vertex 6.957505e+01 6.925526e+01 4.814840e+01
         vertex 7.037266e+01 6.988213e+01 4.784840e+01
         vertex 7.037266e+01 6.988213e+01 4.814840e+01
      endloop
   endfacet
   facet normal 8.717705e-01 -4.899146e-01 1.847095e-18
      outer loop
         vertex 7.037266e+01 6.988213e+01 4.814840e+01
         vertex 7.037266e+01 6.988213e+01 4.784840e+01
         vertex 7.086966e+01 7.076652e+01 4.784840e+01
      endloop
   endfacet
   facet normal 8.717705e-01 -4.899146e-01 1.847095e-18
      outer loop
         vertex 7.037266e+01 6.988213e+01 4.814840e+01
         vertex 7.086966e+01 7.076652e+01 4.784840e+01
         vertex 7.086966e+01 7.076652e+01 4.814840e+01
      endloop
   endfacet
   facet normal 9.928930e-01 -1.190106e-01 -1.630779e-18
      outer loop
         vertex 7.086966e+01 7.076652e+01 4.814840e+01
         vertex 7.086966e+01 7.076652e+01 4.784840e+01
         vertex 7.099040e+01 7.177378e+01 4.784840e+01
      endloop
   endfacet
   facet normal 9.928930e-01 -1.190106e-01 -1.630779e-18
      outer loop
         vertex 7.086966e+01 7.076652e+01 4.814840e+01
         vertex 7.099040e+01 7.177378e+01 4.784840e+01
         vertex 7.099040e+01 7.177378e+01 4.814840e+01
      endloop
   endfacet
   facet normal 9.628566e-01 2.700133e-01 -4.860397e-18
      outer loop
         vertex 7.099040e+01 7.177378e+01 4.814840e+01
         vertex 7.099040e+01 7.177378e+01 4.784840e+01
         vertex 7.071648e+01 7.275057e+01 4.784840e+01
      endloop
   endfacet
   facet normal 9.628566e-01 2.700133e-01 -4.860397e-18
      outer loop
         vertex 7.099040e+01 7.177378e+01 4.814840e+01
         vertex 7.071648e+01 7.275057e+01 4.784840e+01
         vertex 7.071648e+01 7.275057e+01 4.814840e+01
      endloop
   endfacet
   facet normal 7.862343e-01 6.179285e-01 -7.350050e-18
      outer loop
         vertex 7.071648e+01 7.275057e+01 4.814840e+01
         vertex 7.071648e+01 7.275057e+01 4.784840e+01
         vertex 7.008961e+01 7.354818e+01 4.784840e+01
      endloop
   endfacet
   facet normal 7.862343e-01 6.179285e-01 -7.350050e-18
      outer loop
         vertex 7.071648e+01 7.275057e+01 4.814840e+01
         vertex 7.008961e+01 7.354818e+01 4.784840e+01
         vertex 7.008961e+01 7.354818e+01 4.814840e+01
      endloop
   endfacet
   facet normal 4.899144e-01 8.717705e-01 -8.720731e-18
      outer loop
         vertex 7.008961e+01 7.354818e+01 4.814840e+01
         vertex 7.008961e+01 7.354818e+01 4.784840e+01
         vertex 6.920522e+01 7.404518e+01 4.784840e+01
      endloop
   endfacet
   facet normal 4.899144e-01 8.717705e-01 -8.720731e-18
      outer loop
         vertex 7.008961e+01 7.354818e+01 4.814840e+01
         vertex 6.920522e+01 7.404518e+01 4.784840e+01
         vertex 6.920522e+01 7.404518e+01 4.814840e+01
      endloop
   endfacet
   facet normal 1.190106e-01 9.928930e-01 -8.763758e-18
      outer loop
         vertex 6.920522e+01 7.404518e+01 4.814840e+01
         vertex 6.920522e+01 7.404518e+01 4.784840e+01
         vertex 6.819796e+01 7.416591e+01 4.784840e+01
      endloop
   endfacet
   facet normal 1.190106e-01 9.928930e-01 -8.763758e-18
      outer loop
         vertex 6.920522e+01 7.404518e+01 4.814840e+01
         vertex 6.819796e+01 7.416591e+01 4.784840e+01
         vertex 6.819796e+01 7.416591e+01 4.814840e+01
      endloop
   endfacet
   facet normal -2.700125e-01 9.628568e-01 -7.472583e-18
      outer loop
         vertex 6.819796e+01 7.416591e+01 4.814840e+01
         vertex 6.819796e+01 7.416591e+01 4.784840e+01
         vertex 6.722117e+01 7.389199e+01 4.784840e+01
      endloop
   endfacet
   facet normal -2.700125e-01 9.628568e-01 -7.472583e-18
      outer loop
         vertex 6.819796e+01 7.416591e+01 4.814840e+01
         vertex 6.722117e+01 7.389199e+01 4.784840e+01
         vertex 6.722117e+01 7.389199e+01 4.814840e+01
      endloop
   endfacet
   facet normal -6.179285e-01 7.862343e-01 -5.043775e-18
      outer loop
         vertex 6.722117e+01 7.389199e+01 4.814840e+01
         vertex 6.722117e+01 7.389199e+01 4.784840e+01
         vertex 6.642356e+01 7.326512e+01 4.784840e+01
      endloop
   endfacet
   facet normal -6.179285e-01 7.862343e-01 -5.043775e-18
      outer loop
         vertex 6.722117e+01 7.389199e+01 4.814840e+01
         vertex 6.642356e+01 7.326512e+01 4.784840e+01
         vertex 6.642356e+01 7.326512e+01 4.814840e+01
      endloop
   endfacet
   facet normal -8.717705e-01 4.899144e-01 -1.847094e-18
      outer loop
         vertex 6.642356e+01 7.326512e+01 4.814840e+01
         vertex 6.642356e+01 7.326512e+01 4.784840e+01
         vertex 6.592656e+01 7.238074e+01 4.784840e+01
      endloop
   endfacet
   facet normal 8.851677e-01 -4.652722e-01 1.601787e-18
      outer loop
         vertex 6.680328e+01 7.293984e+01 4.784840e+01
         vertex 6.680328e+01 7.293984e+01 4.814840e+01
         vertex 6.636844e+01 7.211257e+01 4.784840e+01
      endloop
   endfacet
   facet normal 8.851677e-01 -4.652722e-01 1.601787e-18
      outer loop
         vertex 6.636844e+01 7.211257e+01 4.784840e+01
         vertex 6.680328e+01 7.293984e+01 4.814840e+01
         vertex 6.636844e+01 7.211257e+01 4.814840e+01
      endloop
   endfacet
   facet normal 9.993826e-01 -3.513523e-02 -2.361617e-18
      outer loop
         vertex 6.636844e+01 7.211257e+01 4.784840e+01
         vertex 6.636844e+01 7.211257e+01 4.814840e+01
         vertex 6.633561e+01 7.117856e+01 4.784840e+01
      endloop
   endfacet
   facet normal 9.993826e-01 -3.513523e-02 -2.361617e-18
      outer loop
         vertex 6.633561e+01 7.117856e+01 4.784840e+01
         vertex 6.636844e+01 7.211257e+01 4.814840e+01
         vertex 6.633561e+01 7.117856e+01 4.814840e+01
      endloop
   endfacet
   facet normal 9.156574e-01 4.019597e-01 -5.857264e-18
      outer loop
         vertex 6.633561e+01 7.117856e+01 4.784840e+01
         vertex 6.633561e+01 7.117856e+01 4.814840e+01
         vertex 6.671127e+01 7.032280e+01 4.784840e+01
      endloop
   endfacet
   facet normal 9.156574e-01 4.019597e-01 -5.857264e-18
      outer loop
         vertex 6.671127e+01 7.032280e+01 4.784840e+01
         vertex 6.633561e+01 7.117856e+01 4.814840e+01
         vertex 6.671127e+01 7.032280e+01 4.814840e+01
      endloop
   endfacet
   facet normal 6.505751e-01 7.594419e-01 -8.192813e-18
      outer loop
         vertex 6.671127e+01 7.032280e+01 4.784840e+01
         vertex 6.671127e+01 7.032280e+01 4.814840e+01
         vertex 6.742104e+01 6.971478e+01 4.784840e+01
      endloop
   endfacet
   facet normal 6.505751e-01 7.594419e-01 -8.192813e-18
      outer loop
         vertex 6.742104e+01 6.971478e+01 4.784840e+01
         vertex 6.671127e+01 7.032280e+01 4.814840e+01
         vertex 6.742104e+01 6.971478e+01 4.814840e+01
      endloop
   endfacet
   facet normal 2.566385e-01 9.665075e-01 -8.905675e-18
      outer loop
         vertex 6.742104e+01 6.971478e+01 4.784840e+01
         vertex 6.742104e+01 6.971478e+01 4.814840e+01
         vertex 6.832433e+01 6.947493e+01 4.784840e+01
      endloop
   endfacet
   facet normal 2.566385e-01 9.665075e-01 -8.905675e-18
      outer loop
         vertex 6.832433e+01 6.947493e+01 4.784840e+01
         vertex 6.742104e+01 6.971478e+01 4.814840e+01
         vertex 6.832433e+01 6.947493e+01 4.814840e+01
      endloop
   endfacet
   facet normal -1.881281e-01 9.821445e-01 -7.854661e-18
      outer loop
         vertex 6.832433e+01 6.947493e+01 4.784840e+01
         vertex 6.832433e+01 6.947493e+01 4.814840e+01
         vertex 6.924223e+01 6.965075e+01 4.784840e+01
      endloop
   endfacet
   facet normal -1.881281e-01 9.821445e-01 -7.854661e-18
      outer loop
         vertex 6.924223e+01 6.965075e+01 4.784840e+01
         vertex 6.832433e+01 6.947493e+01 4.814840e+01
         vertex 6.924223e+01 6.965075e+01 4.814840e+01
      endloop
   endfacet
   facet normal -5.956354e-01 8.032549e-01 -5.247923e-18
      outer loop
         vertex 6.924223e+01 6.965075e+01 4.784840e+01
         vertex 6.924223e+01 6.965075e+01 4.814840e+01
         vertex 6.999294e+01 7.020742e+01 4.784840e+01
      endloop
   endfacet
   facet normal -5.956354e-01 8.032549e-01 -5.247923e-18
      outer loop
         vertex 6.999294e+01 7.020742e+01 4.784840e+01
         vertex 6.924223e+01 6.965075e+01 4.814840e+01
         vertex 6.999294e+01 7.020742e+01 4.814840e+01
      endloop
   endfacet
   facet normal -8.851671e-01 4.652732e-01 -1.601798e-18
      outer loop
         vertex 6.999294e+01 7.020742e+01 4.784840e+01
         vertex 6.999294e+01 7.020742e+01 4.814840e+01
         vertex 7.042778e+01 7.103469e+01 4.784840e+01
      endloop
   endfacet
   facet normal -8.851671e-01 4.652732e-01 -1.601798e-18
      outer loop
         vertex 7.042778e+01 7.103469e+01 4.784840e+01
         vertex 6.999294e+01 7.020742e+01 4.814840e+01
         vertex 7.042778e+01 7.103469e+01 4.814840e+01
      endloop
   endfacet
   facet normal -9.993826e-01 3.513523e-02 2.361617e-18
      outer loop
         vertex 7.042778e+01 7.103469e+01 4.784840e+01
         vertex 7.042778e+01 7.103469e+01 4.814840e+01
         vertex 7.046061e+01 7.196870e+01 4.784840e+01
      endloop
   endfacet
   facet normal -9.993826e-01 3.513523e-02 2.361617e-18
      outer loop
         vertex 7.046061e+01 7.196870e+01 4.784840e+01
         vertex 7.042778e+01 7.103469e+01 4.814840e+01
         vertex 7.046061e+01 7.196870e+01 4.814840e+01
      endloop
   endfacet
   facet normal -9.156574e-01 -4.019597e-01 5.857264e-18
      outer loop
         vertex 7.046061e+01 7.196870e+01 4.784840e+01
         vertex 7.046061e+01 7.196870e+01 4.814840e+01
         vertex 7.008495e+01 7.282446e+01 4.784840e+01
      endloop
   endfacet
   facet normal -9.156574e-01 -4.019597e-01 5.857264e-18
      outer loop
         vertex 7.008495e+01 7.282446e+01 4.784840e+01
         vertex 7.046061e+01 7.196870e+01 4.814840e+01
         vertex 7.008495e+01 7.282446e+01 4.814840e+01
      endloop
   endfacet
   facet normal -6.505751e-01 -7.594419e-01 8.192813e-18
      outer loop
         vertex 7.008495e+01 7.282446e+01 4.784840e+01
         vertex 7.008495e+01 7.282446e+01 4.814840e+01
         vertex 6.937518e+01 7.343248e+01 4.784840e+01
      endloop
   endfacet
   facet normal -6.505751e-01 -7.594419e-01 8.192813e-18
      outer loop
         vertex 6.937518e+01 7.343248e+01 4.784840e+01
         vertex 7.008495e+01 7.282446e+01 4.814840e+01
         vertex 6.937518e+01 7.343248e+01 4.814840e+01
      endloop
   endfacet
   facet normal -2.566385e-01 -9.665075e-01 8.905675e-18
      outer loop
         vertex 6.937518e+01 7.343248e+01 4.784840e+01
         vertex 6.937518e+01 7.343248e+01 4.814840e+01
         vertex 6.847190e+01 7.367233e+01 4.784840e+01
      endloop
   endfacet
   facet normal -2.566385e-01 -9.665075e-01 8.905675e-18
      outer loop
         vertex 6.847190e+01 7.367233e+01 4.784840e+01
         vertex 6.937518e+01 7.343248e+01 4.814840e+01
         vertex 6.847190e+01 7.367233e+01 4.814840e+01
      endloop
   endfacet
   facet normal 1.881281e-01 -9.821445e-01 7.854661e-18
      outer loop
         vertex 6.847190e+01 7.367233e+01 4.784840e+01
         vertex 6.847190e+01 7.367233e+01 4.814840e+01
         vertex 6.755400e+01 7.349651e+01 4.784840e+01
      endloop
   endfacet
   facet normal 1.881281e-01 -9.821445e-01 7.854661e-18
      outer loop
         vertex 6.755400e+01 7.349651e+01 4.784840e+01
         vertex 6.847190e+01 7.367233e+01 4.814840e+01
         vertex 6.755400e+01 7.349651e+01 4.814840e+01
      endloop
   endfacet
   facet normal 5.956348e-01 -8.032554e-01 5.247929e-18
      outer loop
         vertex 6.755400e+01 7.349651e+01 4.784840e+01
         vertex 6.755400e+01 7.349651e+01 4.814840e+01
         vertex 6.680328e+01 7.293984e+01 4.784840e+01
      endloop
   endfacet
   facet normal 5.956348e-01 -8.032554e-01 5.247929e-18
      outer loop
         vertex 6.680328e+01 7.293984e+01 4.784840e+01
         vertex 6.755400e+01 7.349651e+01 4.814840e+01
         vertex 6.680328e+01 7.293984e+01 4.814840e+01
      endloop
   endfacet
   facet normal -2.662170e-18 -8.507394e-18 -1.000000e+00
      outer loop
         vertex 8.626583e+01 8.122963e+01 4.814840e+01
         vertex 8.621930e+01 8.114111e+01 4.814840e+01
         vertex 8.558986e+01 8.180869e+01 4.814840e+01
      endloop
   endfacet
   facet normal -2.662170e-18 -8.507394e-18 -1.000000e+00
      outer loop
         vertex 8.558986e+01 8.180869e+01 4.814840e+01
         vertex 8.621930e+01 8.114111e+01 4.814840e+01
         vertex 8.550954e+01 8.174913e+01 4.814840e+01
      endloop
   endfacet
   facet normal -2.662170e-18 -8.507394e-18 -1.000000e+00
      outer loop
         vertex 8.558986e+01 8.180869e+01 4.814840e+01
         vertex 8.550954e+01 8.174913e+01 4.814840e+01
         vertex 8.523209e+01 8.262370e+01 4.814840e+01
      endloop
   endfacet
   facet normal -2.662170e-18 -8.507394e-18 -1.000000e+00
      outer loop
         vertex 8.523209e+01 8.262370e+01 4.814840e+01
         vertex 8.550954e+01 8.174913e+01 4.814840e+01
         vertex 8.513387e+01 8.260489e+01 4.814840e+01
      endloop
   endfacet
   facet normal -2.662170e-18 -8.507394e-18 -1.000000e+00
      outer loop
         vertex 8.523209e+01 8.262370e+01 4.814840e+01
         vertex 8.513387e+01 8.260489e+01 4.814840e+01
         vertex 8.526336e+01 8.351324e+01 4.814840e+01
      endloop
   endfacet
   facet normal -2.662170e-18 -8.507394e-18 -1.000000e+00
      outer loop
         vertex 8.526336e+01 8.351324e+01 4.814840e+01
         vertex 8.513387e+01 8.260489e+01 4.814840e+01
         vertex 8.516671e+01 8.353890e+01 4.814840e+01
      endloop
   endfacet
   facet normal -2.662170e-18 -8.507394e-18 -1.000000e+00
      outer loop
         vertex 8.526336e+01 8.351324e+01 4.814840e+01
         vertex 8.516671e+01 8.353890e+01 4.814840e+01
         vertex 8.567749e+01 8.430111e+01 4.814840e+01
      endloop
   endfacet
   facet normal -2.662170e-18 -8.507394e-18 -1.000000e+00
      outer loop
         vertex 8.567749e+01 8.430111e+01 4.814840e+01
         vertex 8.516671e+01 8.353890e+01 4.814840e+01
         vertex 8.560155e+01 8.436617e+01 4.814840e+01
      endloop
   endfacet
   facet normal -2.662170e-18 -8.507394e-18 -1.000000e+00
      outer loop
         vertex 8.567749e+01 8.430111e+01 4.814840e+01
         vertex 8.560155e+01 8.436617e+01 4.814840e+01
         vertex 8.639246e+01 8.483128e+01 4.814840e+01
      endloop
   endfacet
   facet normal -2.662170e-18 -8.507394e-18 -1.000000e+00
      outer loop
         vertex 8.639246e+01 8.483128e+01 4.814840e+01
         vertex 8.560155e+01 8.436617e+01 4.814840e+01
         vertex 8.635226e+01 8.492284e+01 4.814840e+01
      endloop
   endfacet
   facet normal -2.662170e-18 -8.507394e-18 -1.000000e+00
      outer loop
         vertex 8.639246e+01 8.483128e+01 4.814840e+01
         vertex 8.635226e+01 8.492284e+01 4.814840e+01
         vertex 8.726665e+01 8.499873e+01 4.814840e+01
      endloop
   endfacet
   facet normal -2.662170e-18 -8.507394e-18 -1.000000e+00
      outer loop
         vertex 8.726665e+01 8.499873e+01 4.814840e+01
         vertex 8.635226e+01 8.492284e+01 4.814840e+01
         vertex 8.727016e+01 8.509866e+01 4.814840e+01
      endloop
   endfacet
   facet normal -2.662170e-18 -8.507394e-18 -1.000000e+00
      outer loop
         vertex 8.726665e+01 8.499873e+01 4.814840e+01
         vertex 8.727016e+01 8.509866e+01 4.814840e+01
         vertex 8.812692e+01 8.477030e+01 4.814840e+01
      endloop
   endfacet
   facet normal -2.662170e-18 -8.507394e-18 -1.000000e+00
      outer loop
         vertex 8.812692e+01 8.477030e+01 4.814840e+01
         vertex 8.727016e+01 8.509866e+01 4.814840e+01
         vertex 8.817345e+01 8.485881e+01 4.814840e+01
      endloop
   endfacet
   facet normal -2.662170e-18 -8.507394e-18 -1.000000e+00
      outer loop
         vertex 8.812692e+01 8.477030e+01 4.814840e+01
         vertex 8.817345e+01 8.485881e+01 4.814840e+01
         vertex 8.880289e+01 8.419123e+01 4.814840e+01
      endloop
   endfacet
   facet normal -2.662170e-18 -8.507394e-18 -1.000000e+00
      outer loop
         vertex 8.880289e+01 8.419123e+01 4.814840e+01
         vertex 8.817345e+01 8.485881e+01 4.814840e+01
         vertex 8.888321e+01 8.425079e+01 4.814840e+01
      endloop
   endfacet
   facet normal -2.662170e-18 -8.507394e-18 -1.000000e+00
      outer loop
         vertex 8.880289e+01 8.419123e+01 4.814840e+01
         vertex 8.888321e+01 8.425079e+01 4.814840e+01
         vertex 8.916066e+01 8.337622e+01 4.814840e+01
      endloop
   endfacet
   facet normal -2.662170e-18 -8.507394e-18 -1.000000e+00
      outer loop
         vertex 8.916066e+01 8.337622e+01 4.814840e+01
         vertex 8.888321e+01 8.425079e+01 4.814840e+01
         vertex 8.925888e+01 8.339503e+01 4.814840e+01
      endloop
   endfacet
   facet normal -2.662170e-18 -8.507394e-18 -1.000000e+00
      outer loop
         vertex 8.916066e+01 8.337622e+01 4.814840e+01
         vertex 8.925888e+01 8.339503e+01 4.814840e+01
         vertex 8.912939e+01 8.248668e+01 4.814840e+01
      endloop
   endfacet
   facet normal -2.662170e-18 -8.507394e-18 -1.000000e+00
      outer loop
         vertex 8.912939e+01 8.248668e+01 4.814840e+01
         vertex 8.925888e+01 8.339503e+01 4.814840e+01
         vertex 8.922604e+01 8.246102e+01 4.814840e+01
      endloop
   endfacet
   facet normal -2.662170e-18 -8.507394e-18 -1.000000e+00
      outer loop
         vertex 8.912939e+01 8.248668e+01 4.814840e+01
         vertex 8.922604e+01 8.246102e+01 4.814840e+01
         vertex 8.871526e+01 8.169881e+01 4.814840e+01
      endloop
   endfacet
   facet normal -2.662170e-18 -8.507394e-18 -1.000000e+00
      outer loop
         vertex 8.871526e+01 8.169881e+01 4.814840e+01
         vertex 8.922604e+01 8.246102e+01 4.814840e+01
         vertex 8.879120e+01 8.163375e+01 4.814840e+01
      endloop
   endfacet
   facet normal -2.662170e-18 -8.507394e-18 -1.000000e+00
      outer loop
         vertex 8.871526e+01 8.169881e+01 4.814840e+01
         vertex 8.879120e+01 8.163375e+01 4.814840e+01
         vertex 8.800029e+01 8.116865e+01 4.814840e+01
      endloop
   endfacet
   facet normal -2.662170e-18 -8.507394e-18 -1.000000e+00
      outer loop
         vertex 8.800029e+01 8.116865e+01 4.814840e+01
         vertex 8.879120e+01 8.163375e+01 4.814840e+01
         vertex 8.804049e+01 8.107708e+01 4.814840e+01
      endloop
   endfacet
   facet normal -2.662170e-18 -8.507394e-18 -1.000000e+00
      outer loop
         vertex 8.800029e+01 8.116865e+01 4.814840e+01
         vertex 8.804049e+01 8.107708e+01 4.814840e+01
         vertex 8.712610e+01 8.100120e+01 4.814840e+01
      endloop
   endfacet
   facet normal -2.662170e-18 -8.507394e-18 -1.000000e+00
      outer loop
         vertex 8.712610e+01 8.100120e+01 4.814840e+01
         vertex 8.804049e+01 8.107708e+01 4.814840e+01
         vertex 8.712259e+01 8.090126e+01 4.814840e+01
      endloop
   endfacet
   facet normal -2.662170e-18 -8.507394e-18 -1.000000e+00
      outer loop
         vertex 8.712610e+01 8.100120e+01 4.814840e+01
         vertex 8.712259e+01 8.090126e+01 4.814840e+01
         vertex 8.626583e+01 8.122963e+01 4.814840e+01
      endloop
   endfacet
   facet normal -2.662170e-18 -8.507394e-18 -1.000000e+00
      outer loop
         vertex 8.626583e+01 8.122963e+01 4.814840e+01
         vertex 8.712259e+01 8.090126e+01 4.814840e+01
         vertex 8.621930e+01 8.114111e+01 4.814840e+01
      endloop
   endfacet
   facet normal -5.956345e-01 8.032556e-01 -5.247932e-18
      outer loop
         vertex 8.871526e+01 8.169881e+01 5.414840e+01
         vertex 8.871526e+01 8.169881e+01 4.814840e+01
         vertex 8.800029e+01 8.116865e+01 5.414840e+01
      endloop
   endfacet
   facet normal -5.956345e-01 8.032556e-01 -5.247932e-18
      outer loop
         vertex 8.800029e+01 8.116865e+01 5.414840e+01
         vertex 8.871526e+01 8.169881e+01 4.814840e+01
         vertex 8.800029e+01 8.116865e+01 4.814840e+01
      endloop
   endfacet
   facet normal -1.881284e-01 9.821444e-01 -7.854660e-18
      outer loop
         vertex 8.800029e+01 8.116865e+01 5.414840e+01
         vertex 8.800029e+01 8.116865e+01 4.814840e+01
         vertex 8.712610e+01 8.100120e+01 5.414840e+01
      endloop
   endfacet
   facet normal -1.881284e-01 9.821444e-01 -7.854660e-18
      outer loop
         vertex 8.712610e+01 8.100120e+01 5.414840e+01
         vertex 8.800029e+01 8.116865e+01 4.814840e+01
         vertex 8.712610e+01 8.100120e+01 4.814840e+01
      endloop
   endfacet
   facet normal 2.566387e-01 9.665074e-01 -8.905675e-18
      outer loop
         vertex 8.712610e+01 8.100120e+01 5.414840e+01
         vertex 8.712610e+01 8.100120e+01 4.814840e+01
         vertex 8.626583e+01 8.122963e+01 5.414840e+01
      endloop
   endfacet
   facet normal 2.566387e-01 9.665074e-01 -8.905675e-18
      outer loop
         vertex 8.626583e+01 8.122963e+01 5.414840e+01
         vertex 8.712610e+01 8.100120e+01 4.814840e+01
         vertex 8.626583e+01 8.122963e+01 4.814840e+01
      endloop
   endfacet
   facet normal 6.505751e-01 7.594419e-01 -8.192813e-18
      outer loop
         vertex 8.626583e+01 8.122963e+01 5.414840e+01
         vertex 8.626583e+01 8.122963e+01 4.814840e+01
         vertex 8.558986e+01 8.180869e+01 5.414840e+01
      endloop
   endfacet
   facet normal 6.505751e-01 7.594419e-01 -8.192813e-18
      outer loop
         vertex 8.558986e+01 8.180869e+01 5.414840e+01
         vertex 8.626583e+01 8.122963e+01 4.814840e+01
         vertex 8.558986e+01 8.180869e+01 4.814840e+01
      endloop
   endfacet
   facet normal 9.156573e-01 4.019599e-01 -5.857266e-18
      outer loop
         vertex 8.558986e+01 8.180869e+01 5.414840e+01
         vertex 8.558986e+01 8.180869e+01 4.814840e+01
         vertex 8.523209e+01 8.262370e+01 5.414840e+01
      endloop
   endfacet
   facet normal 9.156573e-01 4.019599e-01 -5.857266e-18
      outer loop
         vertex 8.523209e+01 8.262370e+01 5.414840e+01
         vertex 8.558986e+01 8.180869e+01 4.814840e+01
         vertex 8.523209e+01 8.262370e+01 4.814840e+01
      endloop
   endfacet
   facet normal 9.993826e-01 -3.513552e-02 -2.361614e-18
      outer loop
         vertex 8.523209e+01 8.262370e+01 5.414840e+01
         vertex 8.523209e+01 8.262370e+01 4.814840e+01
         vertex 8.526336e+01 8.351324e+01 5.414840e+01
      endloop
   endfacet
   facet normal 9.993826e-01 -3.513552e-02 -2.361614e-18
      outer loop
         vertex 8.526336e+01 8.351324e+01 5.414840e+01
         vertex 8.523209e+01 8.262370e+01 4.814840e+01
         vertex 8.526336e+01 8.351324e+01 4.814840e+01
      endloop
   endfacet
   facet normal 8.851678e-01 -4.652720e-01 1.601785e-18
      outer loop
         vertex 8.526336e+01 8.351324e+01 5.414840e+01
         vertex 8.526336e+01 8.351324e+01 4.814840e+01
         vertex 8.567749e+01 8.430111e+01 5.414840e+01
      endloop
   endfacet
   facet normal 8.851678e-01 -4.652720e-01 1.601785e-18
      outer loop
         vertex 8.567749e+01 8.430111e+01 5.414840e+01
         vertex 8.526336e+01 8.351324e+01 4.814840e+01
         vertex 8.567749e+01 8.430111e+01 4.814840e+01
      endloop
   endfacet
   facet normal 5.956343e-01 -8.032557e-01 5.247933e-18
      outer loop
         vertex 8.567749e+01 8.430111e+01 5.414840e+01
         vertex 8.567749e+01 8.430111e+01 4.814840e+01
         vertex 8.639246e+01 8.483128e+01 5.414840e+01
      endloop
   endfacet
   facet normal 5.956343e-01 -8.032557e-01 5.247933e-18
      outer loop
         vertex 8.639246e+01 8.483128e+01 5.414840e+01
         vertex 8.567749e+01 8.430111e+01 4.814840e+01
         vertex 8.639246e+01 8.483128e+01 4.814840e+01
      endloop
   endfacet
   facet normal 1.881284e-01 -9.821444e-01 7.854660e-18
      outer loop
         vertex 8.639246e+01 8.483128e+01 5.414840e+01
         vertex 8.639246e+01 8.483128e+01 4.814840e+01
         vertex 8.726665e+01 8.499873e+01 5.414840e+01
      endloop
   endfacet
   facet normal 1.881284e-01 -9.821444e-01 7.854660e-18
      outer loop
         vertex 8.726665e+01 8.499873e+01 5.414840e+01
         vertex 8.639246e+01 8.483128e+01 4.814840e+01
         vertex 8.726665e+01 8.499873e+01 4.814840e+01
      endloop
   endfacet
   facet normal -2.566387e-01 -9.665074e-01 8.905675e-18
      outer loop
         vertex 8.726665e+01 8.499873e+01 5.414840e+01
         vertex 8.726665e+01 8.499873e+01 4.814840e+01
         vertex 8.812692e+01 8.477030e+01 5.414840e+01
      endloop
   endfacet
   facet normal -2.566387e-01 -9.665074e-01 8.905675e-18
      outer loop
         vertex 8.812692e+01 8.477030e+01 5.414840e+01
         vertex 8.726665e+01 8.499873e+01 4.814840e+01
         vertex 8.812692e+01 8.477030e+01 4.814840e+01
      endloop
   endfacet
   facet normal -6.505751e-01 -7.594419e-01 8.192813e-18
      outer loop
         vertex 8.812692e+01 8.477030e+01 5.414840e+01
         vertex 8.812692e+01 8.477030e+01 4.814840e+01
         vertex 8.880289e+01 8.419123e+01 5.414840e+01
      endloop
   endfacet
   facet normal -6.505751e-01 -7.594419e-01 8.192813e-18
      outer loop
         vertex 8.880289e+01 8.419123e+01 5.414840e+01
         vertex 8.812692e+01 8.477030e+01 4.814840e+01
         vertex 8.880289e+01 8.419123e+01 4.814840e+01
      endloop
   endfacet
   facet normal -9.156573e-01 -4.019599e-01 5.857266e-18
      outer loop
         vertex 8.880289e+01 8.419123e+01 5.414840e+01
         vertex 8.880289e+01 8.419123e+01 4.814840e+01
         vertex 8.916066e+01 8.337622e+01 5.414840e+01
      endloop
   endfacet
   facet normal -9.156573e-01 -4.019599e-01 5.857266e-18
      outer loop
         vertex 8.916066e+01 8.337622e+01 5.414840e+01
         vertex 8.880289e+01 8.419123e+01 4.814840e+01
         vertex 8.916066e+01 8.337622e+01 4.814840e+01
      endloop
   endfacet
   facet normal -9.993826e-01 3.513552e-02 2.361614e-18
      outer loop
         vertex 8.916066e+01 8.337622e+01 5.414840e+01
         vertex 8.916066e+01 8.337622e+01 4.814840e+01
         vertex 8.912939e+01 8.248668e+01 5.414840e+01
      endloop
   endfacet
   facet normal -9.993826e-01 3.513552e-02 2.361614e-18
      outer loop
         vertex 8.912939e+01 8.248668e+01 5.414840e+01
         vertex 8.916066e+01 8.337622e+01 4.814840e+01
         vertex 8.912939e+01 8.248668e+01 4.814840e+01
      endloop
   endfacet
   facet normal -8.851679e-01 4.652718e-01 -1.601783e-18
      outer loop
         vertex 8.912939e+01 8.248668e+01 5.414840e+01
         vertex 8.912939e+01 8.248668e+01 4.814840e+01
         vertex 8.871526e+01 8.169881e+01 5.414840e+01
      endloop
   endfacet
   facet normal -8.851679e-01 4.652718e-01 -1.601783e-18
      outer loop
         vertex 8.871526e+01 8.169881e+01 5.414840e+01
         vertex 8.912939e+01 8.248668e+01 4.814840e+01
         vertex 8.871526e+01 8.169881e+01 4.814840e+01
      endloop
   endfacet
   facet normal -2.662170e-18 -8.507394e-18 -1.000000e+00
      outer loop
         vertex 8.567749e+01 8.430111e+01 5.414840e+01
         vertex 8.639246e+01 8.483128e+01 5.414840e+01
         vertex 8.719638e+01 8.299996e+01 5.414840e+01
      endloop
   endfacet
   facet normal -2.662170e-18 -8.507394e-18 -1.000000e+00
      outer loop
         vertex 8.567749e+01 8.430111e+01 5.414840e+01
         vertex 8.719638e+01 8.299996e+01 5.414840e+01
         vertex 8.526336e+01 8.351324e+01 5.414840e+01
      endloop
   endfacet
   facet normal -2.662170e-18 -8.507394e-18 -1.000000e+00
      outer loop
         vertex 8.626583e+01 8.122963e+01 5.414840e+01
         vertex 8.558986e+01 8.180869e+01 5.414840e+01
         vertex 8.719638e+01 8.299996e+01 5.414840e+01
      endloop
   endfacet
   facet normal -2.662170e-18 -8.507394e-18 -1.000000e+00
      outer loop
         vertex 8.719638e+01 8.299996e+01 5.414840e+01
         vertex 8.558986e+01 8.180869e+01 5.414840e+01
         vertex 8.523209e+01 8.262370e+01 5.414840e+01
      endloop
   endfacet
   facet normal -2.662170e-18 -8.507394e-18 -1.000000e+00
      outer loop
         vertex 8.719638e+01 8.299996e+01 5.414840e+01
         vertex 8.523209e+01 8.262370e+01 5.414840e+01
         vertex 8.526336e+01 8.351324e+01 5.414840e+01
      endloop
   endfacet
   facet normal -2.662170e-18 -8.507394e-18 -1.000000e+00
      outer loop
         vertex 8.871526e+01 8.169881e+01 5.414840e+01
         vertex 8.800029e+01 8.116865e+01 5.414840e+01
         vertex 8.719638e+01 8.299996e+01 5.414840e+01
      endloop
   endfacet
   facet normal -2.662170e-18 -8.507394e-18 -1.000000e+00
      outer loop
         vertex 8.719638e+01 8.299996e+01 5.414840e+01
         vertex 8.800029e+01 8.116865e+01 5.414840e+01
         vertex 8.712610e+01 8.100120e+01 5.414840e+01
      endloop
   endfacet
   facet normal -2.662170e-18 -8.507394e-18 -1.000000e+00
      outer loop
         vertex 8.719638e+01 8.299996e+01 5.414840e+01
         vertex 8.712610e+01 8.100120e+01 5.414840e+01
         vertex 8.626583e+01 8.122963e+01 5.414840e+01
      endloop
   endfacet
   facet normal -2.662170e-18 -8.507394e-18 -1.000000e+00
      outer loop
         vertex 8.880289e+01 8.419123e+01 5.414840e+01
         vertex 8.916066e+01 8.337622e+01 5.414840e+01
         vertex 8.719638e+01 8.299996e+01 5.414840e+01
      endloop
   endfacet
   facet normal -2.662170e-18 -8.507394e-18 -1.000000e+00
      outer loop
         vertex 8.719638e+01 8.299996e+01 5.414840e+01
         vertex 8.916066e+01 8.337622e+01 5.414840e+01
         vertex 8.912939e+01 8.248668e+01 5.414840e+01
      endloop
   endfacet
   facet normal -2.662170e-18 -8.507394e-18 -1.000000e+00
      outer loop
         vertex 8.719638e+01 8.299996e+01 5.414840e+01
         vertex 8.912939e+01 8.248668e+01 5.414840e+01
         vertex 8.871526e+01 8.169881e+01 5.414840e+01
      endloop
   endfacet
   facet normal -2.662170e-18 -8.507394e-18 -1.000000e+00
      outer loop
         vertex 8.639246e+01 8.483128e+01 5.414840e+01
         vertex 8.726665e+01 8.499873e+01 5.414840e+01
         vertex 8.719638e+01 8.299996e+01 5.414840e+01
      endloop
   endfacet
   facet normal -2.662170e-18 -8.507394e-18 -1.000000e+00
      outer loop
         vertex 8.719638e+01 8.299996e+01 5.414840e+01
         vertex 8.726665e+01 8.499873e+01 5.414840e+01
         vertex 8.812692e+01 8.477030e+01 5.414840e+01
      endloop
   endfacet
   facet normal -2.662170e-18 -8.507394e-18 -1.000000e+00
      outer loop
         vertex 8.719638e+01 8.299996e+01 5.414840e+01
         vertex 8.812692e+01 8.477030e+01 5.414840e+01
         vertex 8.880289e+01 8.419123e+01 5.414840e+01
      endloop
   endfacet
   facet normal -2.662170e-18 -8.507394e-18 -1.000000e+00
      outer loop
         vertex 8.550954e+01 8.174913e+01 4.784840e+01
         vertex 8.487801e+01 8.182302e+01 4.784840e+01
         vertex 8.513387e+01 8.260489e+01 4.784840e+01
      endloop
   endfacet
   facet normal -2.662170e-18 -8.507394e-18 -1.000000e+00
      outer loop
         vertex 8.513387e+01 8.260489e+01 4.784840e+01
         vertex 8.487801e+01 8.182302e+01 4.784840e+01
         vertex 8.460409e+01 8.279981e+01 4.784840e+01
      endloop
   endfacet
   facet normal -2.662170e-18 -8.507394e-18 -1.000000e+00
      outer loop
         vertex 8.513387e+01 8.260489e+01 4.784840e+01
         vertex 8.460409e+01 8.279981e+01 4.784840e+01
         vertex 8.516671e+01 8.353890e+01 4.784840e+01
      endloop
   endfacet
   facet normal -2.662170e-18 -8.507394e-18 -1.000000e+00
      outer loop
         vertex 8.516671e+01 8.353890e+01 4.784840e+01
         vertex 8.460409e+01 8.279981e+01 4.784840e+01
         vertex 8.472482e+01 8.380707e+01 4.784840e+01
      endloop
   endfacet
   facet normal -2.662170e-18 -8.507394e-18 -1.000000e+00
      outer loop
         vertex 8.516671e+01 8.353890e+01 4.784840e+01
         vertex 8.472482e+01 8.380707e+01 4.784840e+01
         vertex 8.560155e+01 8.436617e+01 4.784840e+01
      endloop
   endfacet
   facet normal -2.662170e-18 -8.507394e-18 -1.000000e+00
      outer loop
         vertex 8.560155e+01 8.436617e+01 4.784840e+01
         vertex 8.472482e+01 8.380707e+01 4.784840e+01
         vertex 8.522183e+01 8.469146e+01 4.784840e+01
      endloop
   endfacet
   facet normal -2.662170e-18 -8.507394e-18 -1.000000e+00
      outer loop
         vertex 8.560155e+01 8.436617e+01 4.784840e+01
         vertex 8.522183e+01 8.469146e+01 4.784840e+01
         vertex 8.635226e+01 8.492284e+01 4.784840e+01
      endloop
   endfacet
   facet normal -2.662170e-18 -8.507394e-18 -1.000000e+00
      outer loop
         vertex 8.635226e+01 8.492284e+01 4.784840e+01
         vertex 8.522183e+01 8.469146e+01 4.784840e+01
         vertex 8.601944e+01 8.531833e+01 4.784840e+01
      endloop
   endfacet
   facet normal -2.662170e-18 -8.507394e-18 -1.000000e+00
      outer loop
         vertex 8.635226e+01 8.492284e+01 4.784840e+01
         vertex 8.601944e+01 8.531833e+01 4.784840e+01
         vertex 8.727016e+01 8.509866e+01 4.784840e+01
      endloop
   endfacet
   facet normal -2.662170e-18 -8.507394e-18 -1.000000e+00
      outer loop
         vertex 8.727016e+01 8.509866e+01 4.784840e+01
         vertex 8.601944e+01 8.531833e+01 4.784840e+01
         vertex 8.699623e+01 8.559225e+01 4.784840e+01
      endloop
   endfacet
   facet normal -2.662170e-18 -8.507394e-18 -1.000000e+00
      outer loop
         vertex 8.727016e+01 8.509866e+01 4.784840e+01
         vertex 8.699623e+01 8.559225e+01 4.784840e+01
         vertex 8.817345e+01 8.485881e+01 4.784840e+01
      endloop
   endfacet
   facet normal -2.662170e-18 -8.507394e-18 -1.000000e+00
      outer loop
         vertex 8.817345e+01 8.485881e+01 4.784840e+01
         vertex 8.699623e+01 8.559225e+01 4.784840e+01
         vertex 8.800349e+01 8.547151e+01 4.784840e+01
      endloop
   endfacet
   facet normal -2.662170e-18 -8.507394e-18 -1.000000e+00
      outer loop
         vertex 8.817345e+01 8.485881e+01 4.784840e+01
         vertex 8.800349e+01 8.547151e+01 4.784840e+01
         vertex 8.888321e+01 8.425079e+01 4.784840e+01
      endloop
   endfacet
   facet normal -2.662170e-18 -8.507394e-18 -1.000000e+00
      outer loop
         vertex 8.800349e+01 8.547151e+01 4.784840e+01
         vertex 8.888787e+01 8.497451e+01 4.784840e+01
         vertex 8.888321e+01 8.425079e+01 4.784840e+01
      endloop
   endfacet
   facet normal -2.662170e-18 -8.507394e-18 -1.000000e+00
      outer loop
         vertex 8.888321e+01 8.425079e+01 4.784840e+01
         vertex 8.888787e+01 8.497451e+01 4.784840e+01
         vertex 8.951474e+01 8.417690e+01 4.784840e+01
      endloop
   endfacet
   facet normal -2.662170e-18 -8.507394e-18 -1.000000e+00
      outer loop
         vertex 8.888321e+01 8.425079e+01 4.784840e+01
         vertex 8.951474e+01 8.417690e+01 4.784840e+01
         vertex 8.925888e+01 8.339503e+01 4.784840e+01
      endloop
   endfacet
   facet normal -2.662170e-18 -8.507394e-18 -1.000000e+00
      outer loop
         vertex 8.925888e+01 8.339503e+01 4.784840e+01
         vertex 8.951474e+01 8.417690e+01 4.784840e+01
         vertex 8.978866e+01 8.320011e+01 4.784840e+01
      endloop
   endfacet
   facet normal -2.662170e-18 -8.507394e-18 -1.000000e+00
      outer loop
         vertex 8.925888e+01 8.339503e+01 4.784840e+01
         vertex 8.978866e+01 8.320011e+01 4.784840e+01
         vertex 8.922604e+01 8.246102e+01 4.784840e+01
      endloop
   endfacet
   facet normal -2.662170e-18 -8.507394e-18 -1.000000e+00
      outer loop
         vertex 8.922604e+01 8.246102e+01 4.784840e+01
         vertex 8.978866e+01 8.320011e+01 4.784840e+01
         vertex 8.966793e+01 8.219285e+01 4.784840e+01
      endloop
   endfacet
   facet normal -2.662170e-18 -8.507394e-18 -1.000000e+00
      outer loop
         vertex 8.922604e+01 8.246102e+01 4.784840e+01
         vertex 8.966793e+01 8.219285e+01 4.784840e+01
         vertex 8.879120e+01 8.163375e+01 4.784840e+01
      endloop
   endfacet
   facet normal -2.662170e-18 -8.507394e-18 -1.000000e+00
      outer loop
         vertex 8.879120e+01 8.163375e+01 4.784840e+01
         vertex 8.966793e+01 8.219285e+01 4.784840e+01
         vertex 8.917092e+01 8.130847e+01 4.784840e+01
      endloop
   endfacet
   facet normal -2.662170e-18 -8.507394e-18 -1.000000e+00
      outer loop
         vertex 8.879120e+01 8.163375e+01 4.784840e+01
         vertex 8.917092e+01 8.130847e+01 4.784840e+01
         vertex 8.804049e+01 8.107708e+01 4.784840e+01
      endloop
   endfacet
   facet normal -2.662170e-18 -8.507394e-18 -1.000000e+00
      outer loop
         vertex 8.804049e+01 8.107708e+01 4.784840e+01
         vertex 8.917092e+01 8.130847e+01 4.784840e+01
         vertex 8.837331e+01 8.068160e+01 4.784840e+01
      endloop
   endfacet
   facet normal -2.662170e-18 -8.507394e-18 -1.000000e+00
      outer loop
         vertex 8.804049e+01 8.107708e+01 4.784840e+01
         vertex 8.837331e+01 8.068160e+01 4.784840e+01
         vertex 8.712259e+01 8.090126e+01 4.784840e+01
      endloop
   endfacet
   facet normal -2.662170e-18 -8.507394e-18 -1.000000e+00
      outer loop
         vertex 8.712259e+01 8.090126e+01 4.784840e+01
         vertex 8.837331e+01 8.068160e+01 4.784840e+01
         vertex 8.739652e+01 8.040768e+01 4.784840e+01
      endloop
   endfacet
   facet normal -2.662170e-18 -8.507394e-18 -1.000000e+00
      outer loop
         vertex 8.712259e+01 8.090126e+01 4.784840e+01
         vertex 8.739652e+01 8.040768e+01 4.784840e+01
         vertex 8.621930e+01 8.114111e+01 4.784840e+01
      endloop
   endfacet
   facet normal -2.662170e-18 -8.507394e-18 -1.000000e+00
      outer loop
         vertex 8.621930e+01 8.114111e+01 4.784840e+01
         vertex 8.739652e+01 8.040768e+01 4.784840e+01
         vertex 8.638926e+01 8.052841e+01 4.784840e+01
      endloop
   endfacet
   facet normal -2.662170e-18 -8.507394e-18 -1.000000e+00
      outer loop
         vertex 8.621930e+01 8.114111e+01 4.784840e+01
         vertex 8.638926e+01 8.052841e+01 4.784840e+01
         vertex 8.550954e+01 8.174913e+01 4.784840e+01
      endloop
   endfacet
   facet normal -2.662170e-18 -8.507394e-18 -1.000000e+00
      outer loop
         vertex 8.550954e+01 8.174913e+01 4.784840e+01
         vertex 8.638926e+01 8.052841e+01 4.784840e+01
         vertex 8.550488e+01 8.102541e+01 4.784840e+01
      endloop
   endfacet
   facet normal -2.662170e-18 -8.507394e-18 -1.000000e+00
      outer loop
         vertex 8.550954e+01 8.174913e+01 4.784840e+01
         vertex 8.550488e+01 8.102541e+01 4.784840e+01
         vertex 8.487801e+01 8.182302e+01 4.784840e+01
      endloop
   endfacet
   facet normal -8.717696e-01 4.899161e-01 -1.847111e-18
      outer loop
         vertex 8.522183e+01 8.469146e+01 4.814840e+01
         vertex 8.472482e+01 8.380707e+01 4.784840e+01
         vertex 8.472482e+01 8.380707e+01 4.814840e+01
      endloop
   endfacet
   facet normal -9.928932e-01 1.190091e-01 1.630793e-18
      outer loop
         vertex 8.472482e+01 8.380707e+01 4.814840e+01
         vertex 8.472482e+01 8.380707e+01 4.784840e+01
         vertex 8.460409e+01 8.279981e+01 4.784840e+01
      endloop
   endfacet
   facet normal -9.928932e-01 1.190091e-01 1.630793e-18
      outer loop
         vertex 8.472482e+01 8.380707e+01 4.814840e+01
         vertex 8.460409e+01 8.279981e+01 4.784840e+01
         vertex 8.460409e+01 8.279981e+01 4.814840e+01
      endloop
   endfacet
   facet normal -9.628568e-01 -2.700125e-01 4.860391e-18
      outer loop
         vertex 8.460409e+01 8.279981e+01 4.814840e+01
         vertex 8.460409e+01 8.279981e+01 4.784840e+01
         vertex 8.487801e+01 8.182302e+01 4.784840e+01
      endloop
   endfacet
   facet normal -9.628568e-01 -2.700125e-01 4.860391e-18
      outer loop
         vertex 8.460409e+01 8.279981e+01 4.814840e+01
         vertex 8.487801e+01 8.182302e+01 4.784840e+01
         vertex 8.487801e+01 8.182302e+01 4.814840e+01
      endloop
   endfacet
   facet normal -7.862339e-01 -6.179290e-01 7.350054e-18
      outer loop
         vertex 8.487801e+01 8.182302e+01 4.814840e+01
         vertex 8.487801e+01 8.182302e+01 4.784840e+01
         vertex 8.550488e+01 8.102541e+01 4.784840e+01
      endloop
   endfacet
   facet normal -7.862339e-01 -6.179290e-01 7.350054e-18
      outer loop
         vertex 8.487801e+01 8.182302e+01 4.814840e+01
         vertex 8.550488e+01 8.102541e+01 4.784840e+01
         vertex 8.550488e+01 8.102541e+01 4.814840e+01
      endloop
   endfacet
   facet normal -4.899152e-01 -8.717701e-01 8.720729e-18
      outer loop
         vertex 8.550488e+01 8.102541e+01 4.814840e+01
         vertex 8.550488e+01 8.102541e+01 4.784840e+01
         vertex 8.638926e+01 8.052841e+01 4.784840e+01
      endloop
   endfacet
   facet normal -4.899152e-01 -8.717701e-01 8.720729e-18
      outer loop
         vertex 8.550488e+01 8.102541e+01 4.814840e+01
         vertex 8.638926e+01 8.052841e+01 4.784840e+01
         vertex 8.638926e+01 8.052841e+01 4.814840e+01
      endloop
   endfacet
   facet normal -1.190099e-01 -9.928931e-01 8.763757e-18
      outer loop
         vertex 8.638926e+01 8.052841e+01 4.814840e+01
         vertex 8.638926e+01 8.052841e+01 4.784840e+01
         vertex 8.739652e+01 8.040768e+01 4.784840e+01
      endloop
   endfacet
   facet normal -1.190099e-01 -9.928931e-01 8.763757e-18
      outer loop
         vertex 8.638926e+01 8.052841e+01 4.814840e+01
         vertex 8.739652e+01 8.040768e+01 4.784840e+01
         vertex 8.739652e+01 8.040768e+01 4.814840e+01
      endloop
   endfacet
   facet normal 2.700133e-01 -9.628566e-01 7.472579e-18
      outer loop
         vertex 8.739652e+01 8.040768e+01 4.814840e+01
         vertex 8.739652e+01 8.040768e+01 4.784840e+01
         vertex 8.837331e+01 8.068160e+01 4.784840e+01
      endloop
   endfacet
   facet normal 2.700133e-01 -9.628566e-01 7.472579e-18
      outer loop
         vertex 8.739652e+01 8.040768e+01 4.814840e+01
         vertex 8.837331e+01 8.068160e+01 4.784840e+01
         vertex 8.837331e+01 8.068160e+01 4.814840e+01
      endloop
   endfacet
   facet normal 6.179285e-01 -7.862343e-01 5.043775e-18
      outer loop
         vertex 8.837331e+01 8.068160e+01 4.814840e+01
         vertex 8.837331e+01 8.068160e+01 4.784840e+01
         vertex 8.917092e+01 8.130847e+01 4.784840e+01
      endloop
   endfacet
   facet normal 6.179285e-01 -7.862343e-01 5.043775e-18
      outer loop
         vertex 8.837331e+01 8.068160e+01 4.814840e+01
         vertex 8.917092e+01 8.130847e+01 4.784840e+01
         vertex 8.917092e+01 8.130847e+01 4.814840e+01
      endloop
   endfacet
   facet normal 8.717705e-01 -4.899144e-01 1.847094e-18
      outer loop
         vertex 8.917092e+01 8.130847e+01 4.814840e+01
         vertex 8.917092e+01 8.130847e+01 4.784840e+01
         vertex 8.966793e+01 8.219285e+01 4.784840e+01
      endloop
   endfacet
   facet normal 8.717705e-01 -4.899144e-01 1.847094e-18
      outer loop
         vertex 8.917092e+01 8.130847e+01 4.814840e+01
         vertex 8.966793e+01 8.219285e+01 4.784840e+01
         vertex 8.966793e+01 8.219285e+01 4.814840e+01
      endloop
   endfacet
   facet normal 9.928930e-01 -1.190106e-01 -1.630779e-18
      outer loop
         vertex 8.966793e+01 8.219285e+01 4.814840e+01
         vertex 8.966793e+01 8.219285e+01 4.784840e+01
         vertex 8.978866e+01 8.320011e+01 4.784840e+01
      endloop
   endfacet
   facet normal 9.928930e-01 -1.190106e-01 -1.630779e-18
      outer loop
         vertex 8.966793e+01 8.219285e+01 4.814840e+01
         vertex 8.978866e+01 8.320011e+01 4.784840e+01
         vertex 8.978866e+01 8.320011e+01 4.814840e+01
      endloop
   endfacet
   facet normal 9.628568e-01 2.700125e-01 -4.860391e-18
      outer loop
         vertex 8.978866e+01 8.320011e+01 4.814840e+01
         vertex 8.978866e+01 8.320011e+01 4.784840e+01
         vertex 8.951474e+01 8.417690e+01 4.784840e+01
      endloop
   endfacet
   facet normal 9.628568e-01 2.700125e-01 -4.860391e-18
      outer loop
         vertex 8.978866e+01 8.320011e+01 4.814840e+01
         vertex 8.951474e+01 8.417690e+01 4.784840e+01
         vertex 8.951474e+01 8.417690e+01 4.814840e+01
      endloop
   endfacet
   facet normal 7.862339e-01 6.179290e-01 -7.350054e-18
      outer loop
         vertex 8.951474e+01 8.417690e+01 4.814840e+01
         vertex 8.951474e+01 8.417690e+01 4.784840e+01
         vertex 8.888787e+01 8.497451e+01 4.784840e+01
      endloop
   endfacet
   facet normal 7.862339e-01 6.179290e-01 -7.350054e-18
      outer loop
         vertex 8.951474e+01 8.417690e+01 4.814840e+01
         vertex 8.888787e+01 8.497451e+01 4.784840e+01
         vertex 8.888787e+01 8.497451e+01 4.814840e+01
      endloop
   endfacet
   facet normal 4.899152e-01 8.717701e-01 -8.720729e-18
      outer loop
         vertex 8.888787e+01 8.497451e+01 4.814840e+01
         vertex 8.888787e+01 8.497451e+01 4.784840e+01
         vertex 8.800349e+01 8.547151e+01 4.784840e+01
      endloop
   endfacet
   facet normal 4.899152e-01 8.717701e-01 -8.720729e-18
      outer loop
         vertex 8.888787e+01 8.497451e+01 4.814840e+01
         vertex 8.800349e+01 8.547151e+01 4.784840e+01
         vertex 8.800349e+01 8.547151e+01 4.814840e+01
      endloop
   endfacet
   facet normal 1.190099e-01 9.928931e-01 -8.763757e-18
      outer loop
         vertex 8.800349e+01 8.547151e+01 4.814840e+01
         vertex 8.800349e+01 8.547151e+01 4.784840e+01
         vertex 8.699623e+01 8.559225e+01 4.784840e+01
      endloop
   endfacet
   facet normal 1.190099e-01 9.928931e-01 -8.763757e-18
      outer loop
         vertex 8.800349e+01 8.547151e+01 4.814840e+01
         vertex 8.699623e+01 8.559225e+01 4.784840e+01
         vertex 8.699623e+01 8.559225e+01 4.814840e+01
      endloop
   endfacet
   facet normal -2.700118e-01 9.628570e-01 -7.472587e-18
      outer loop
         vertex 8.699623e+01 8.559225e+01 4.814840e+01
         vertex 8.699623e+01 8.559225e+01 4.784840e+01
         vertex 8.601944e+01 8.531833e+01 4.784840e+01
      endloop
   endfacet
   facet normal -2.700118e-01 9.628570e-01 -7.472587e-18
      outer loop
         vertex 8.699623e+01 8.559225e+01 4.814840e+01
         vertex 8.601944e+01 8.531833e+01 4.784840e+01
         vertex 8.601944e+01 8.531833e+01 4.814840e+01
      endloop
   endfacet
   facet normal -6.179297e-01 7.862333e-01 -5.043763e-18
      outer loop
         vertex 8.601944e+01 8.531833e+01 4.814840e+01
         vertex 8.601944e+01 8.531833e+01 4.784840e+01
         vertex 8.522183e+01 8.469146e+01 4.784840e+01
      endloop
   endfacet
   facet normal -6.179297e-01 7.862333e-01 -5.043763e-18
      outer loop
         vertex 8.601944e+01 8.531833e+01 4.814840e+01
         vertex 8.522183e+01 8.469146e+01 4.784840e+01
         vertex 8.522183e+01 8.469146e+01 4.814840e+01
      endloop
   endfacet
   facet normal -8.717696e-01 4.899161e-01 -1.847111e-18
      outer loop
         vertex 8.522183e+01 8.469146e+01 4.814840e+01
         vertex 8.522183e+01 8.469146e+01 4.784840e+01
         vertex 8.472482e+01 8.380707e+01 4.784840e+01
      endloop
   endfacet
   facet normal 8.851680e-01 -4.652715e-01 1.601780e-18
      outer loop
         vertex 8.560155e+01 8.436617e+01 4.784840e+01
         vertex 8.560155e+01 8.436617e+01 4.814840e+01
         vertex 8.516671e+01 8.353890e+01 4.784840e+01
      endloop
   endfacet
   facet normal 8.851680e-01 -4.652715e-01 1.601780e-18
      outer loop
         vertex 8.516671e+01 8.353890e+01 4.784840e+01
         vertex 8.560155e+01 8.436617e+01 4.814840e+01
         vertex 8.516671e+01 8.353890e+01 4.814840e+01
      endloop
   endfacet
   facet normal 9.993825e-01 -3.513678e-02 -2.361603e-18
      outer loop
         vertex 8.516671e+01 8.353890e+01 4.784840e+01
         vertex 8.516671e+01 8.353890e+01 4.814840e+01
         vertex 8.513387e+01 8.260489e+01 4.784840e+01
      endloop
   endfacet
   facet normal 9.993825e-01 -3.513678e-02 -2.361603e-18
      outer loop
         vertex 8.513387e+01 8.260489e+01 4.784840e+01
         vertex 8.516671e+01 8.353890e+01 4.814840e+01
         vertex 8.513387e+01 8.260489e+01 4.814840e+01
      endloop
   endfacet
   facet normal 9.156574e-01 4.019597e-01 -5.857264e-18
      outer loop
         vertex 8.513387e+01 8.260489e+01 4.784840e+01
         vertex 8.513387e+01 8.260489e+01 4.814840e+01
         vertex 8.550954e+01 8.174913e+01 4.784840e+01
      endloop
   endfacet
   facet normal 9.156574e-01 4.019597e-01 -5.857264e-18
      outer loop
         vertex 8.550954e+01 8.174913e+01 4.784840e+01
         vertex 8.513387e+01 8.260489e+01 4.814840e+01
         vertex 8.550954e+01 8.174913e+01 4.814840e+01
      endloop
   endfacet
   facet normal 6.505751e-01 7.594419e-01 -8.192813e-18
      outer loop
         vertex 8.550954e+01 8.174913e+01 4.784840e+01
         vertex 8.550954e+01 8.174913e+01 4.814840e+01
         vertex 8.621930e+01 8.114111e+01 4.784840e+01
      endloop
   endfacet
   facet normal 6.505751e-01 7.594419e-01 -8.192813e-18
      outer loop
         vertex 8.621930e+01 8.114111e+01 4.784840e+01
         vertex 8.550954e+01 8.174913e+01 4.814840e+01
         vertex 8.621930e+01 8.114111e+01 4.814840e+01
      endloop
   endfacet
   facet normal 2.566385e-01 9.665075e-01 -8.905675e-18
      outer loop
         vertex 8.621930e+01 8.114111e+01 4.784840e+01
         vertex 8.621930e+01 8.114111e+01 4.814840e+01
         vertex 8.712259e+01 8.090126e+01 4.784840e+01
      endloop
   endfacet
   facet normal 2.566385e-01 9.665075e-01 -8.905675e-18
      outer loop
         vertex 8.712259e+01 8.090126e+01 4.784840e+01
         vertex 8.621930e+01 8.114111e+01 4.814840e+01
         vertex 8.712259e+01 8.090126e+01 4.814840e+01
      endloop
   endfacet
   facet normal -1.881281e-01 9.821445e-01 -7.854661e-18
      outer loop
         vertex 8.712259e+01 8.090126e+01 4.784840e+01
         vertex 8.712259e+01 8.090126e+01 4.814840e+01
         vertex 8.804049e+01 8.107708e+01 4.784840e+01
      endloop
   endfacet
   facet normal -1.881281e-01 9.821445e-01 -7.854661e-18
      outer loop
         vertex 8.804049e+01 8.107708e+01 4.784840e+01
         vertex 8.712259e+01 8.090126e+01 4.814840e+01
         vertex 8.804049e+01 8.107708e+01 4.814840e+01
      endloop
   endfacet
   facet normal -5.956340e-01 8.032559e-01 -5.247936e-18
      outer loop
         vertex 8.804049e+01 8.107708e+01 4.784840e+01
         vertex 8.804049e+01 8.107708e+01 4.814840e+01
         vertex 8.879120e+01 8.163375e+01 4.784840e+01
      endloop
   endfacet
   facet normal -5.956340e-01 8.032559e-01 -5.247936e-18
      outer loop
         vertex 8.879120e+01 8.163375e+01 4.784840e+01
         vertex 8.804049e+01 8.107708e+01 4.814840e+01
         vertex 8.879120e+01 8.163375e+01 4.814840e+01
      endloop
   endfacet
   facet normal -8.851681e-01 4.652713e-01 -1.601779e-18
      outer loop
         vertex 8.879120e+01 8.163375e+01 4.784840e+01
         vertex 8.879120e+01 8.163375e+01 4.814840e+01
         vertex 8.922604e+01 8.246102e+01 4.784840e+01
      endloop
   endfacet
   facet normal -8.851681e-01 4.652713e-01 -1.601779e-18
      outer loop
         vertex 8.922604e+01 8.246102e+01 4.784840e+01
         vertex 8.879120e+01 8.163375e+01 4.814840e+01
         vertex 8.922604e+01 8.246102e+01 4.814840e+01
      endloop
   endfacet
   facet normal -9.993826e-01 3.513523e-02 2.361617e-18
      outer loop
         vertex 8.922604e+01 8.246102e+01 4.784840e+01
         vertex 8.922604e+01 8.246102e+01 4.814840e+01
         vertex 8.925888e+01 8.339503e+01 4.784840e+01
      endloop
   endfacet
   facet normal -9.993826e-01 3.513523e-02 2.361617e-18
      outer loop
         vertex 8.925888e+01 8.339503e+01 4.784840e+01
         vertex 8.922604e+01 8.246102e+01 4.814840e+01
         vertex 8.925888e+01 8.339503e+01 4.814840e+01
      endloop
   endfacet
   facet normal -9.156574e-01 -4.019597e-01 5.857264e-18
      outer loop
         vertex 8.925888e+01 8.339503e+01 4.784840e+01
         vertex 8.925888e+01 8.339503e+01 4.814840e+01
         vertex 8.888321e+01 8.425079e+01 4.784840e+01
      endloop
   endfacet
   facet normal -9.156574e-01 -4.019597e-01 5.857264e-18
      outer loop
         vertex 8.888321e+01 8.425079e+01 4.784840e+01
         vertex 8.925888e+01 8.339503e+01 4.814840e+01
         vertex 8.888321e+01 8.425079e+01 4.814840e+01
      endloop
   endfacet
   facet normal -6.505751e-01 -7.594419e-01 8.192813e-18
      outer loop
         vertex 8.888321e+01 8.425079e+01 4.784840e+01
         vertex 8.888321e+01 8.425079e+01 4.814840e+01
         vertex 8.817345e+01 8.485881e+01 4.784840e+01
      endloop
   endfacet
   facet normal -6.505751e-01 -7.594419e-01 8.192813e-18
      outer loop
         vertex 8.817345e+01 8.485881e+01 4.784840e+01
         vertex 8.888321e+01 8.425079e+01 4.814840e+01
         vertex 8.817345e+01 8.485881e+01 4.814840e+01
      endloop
   endfacet
   facet normal -2.566385e-01 -9.665075e-01 8.905675e-18
      outer loop
         vertex 8.817345e+01 8.485881e+01 4.784840e+01
         vertex 8.817345e+01 8.485881e+01 4.814840e+01
         vertex 8.727016e+01 8.509866e+01 4.784840e+01
      endloop
   endfacet
   facet normal -2.566385e-01 -9.665075e-01 8.905675e-18
      outer loop
         vertex 8.727016e+01 8.509866e+01 4.784840e+01
         vertex 8.817345e+01 8.485881e+01 4.814840e+01
         vertex 8.727016e+01 8.509866e+01 4.814840e+01
      endloop
   endfacet
   facet normal 1.881297e-01 -9.821442e-01 7.854654e-18
      outer loop
         vertex 8.727016e+01 8.509866e+01 4.784840e+01
         vertex 8.727016e+01 8.509866e+01 4.814840e+01
         vertex 8.635226e+01 8.492284e+01 4.784840e+01
      endloop
   endfacet
   facet normal 1.881297e-01 -9.821442e-01 7.854654e-18
      outer loop
         vertex 8.635226e+01 8.492284e+01 4.784840e+01
         vertex 8.727016e+01 8.509866e+01 4.814840e+01
         vertex 8.635226e+01 8.492284e+01 4.814840e+01
      endloop
   endfacet
   facet normal 5.956339e-01 -8.032561e-01 5.247937e-18
      outer loop
         vertex 8.635226e+01 8.492284e+01 4.784840e+01
         vertex 8.635226e+01 8.492284e+01 4.814840e+01
         vertex 8.560155e+01 8.436617e+01 4.784840e+01
      endloop
   endfacet
   facet normal 5.956339e-01 -8.032561e-01 5.247937e-18
      outer loop
         vertex 8.560155e+01 8.436617e+01 4.784840e+01
         vertex 8.635226e+01 8.492284e+01 4.814840e+01
         vertex 8.560155e+01 8.436617e+01 4.814840e+01
      endloop
   endfacet
   facet normal -2.662170e-18 -8.507394e-18 -1.000000e+00
      outer loop
         vertex 7.535249e+01 7.877461e+01 4.864840e+01
         vertex 6.525808e+01 8.742206e+01 4.864840e+01
         vertex 7.564296e+01 7.918415e+01 4.864840e+01
      endloop
   endfacet
   facet normal -2.662170e-18 -8.507394e-18 -1.000000e+00
      outer loop
         vertex 7.564296e+01 7.918415e+01 4.864840e+01
         vertex 6.525808e+01 8.742206e+01 4.864840e+01
         vertex 6.558036e+01 8.780427e+01 4.864840e+01
      endloop
   endfacet
   facet normal -2.662170e-18 -8.507394e-18 -1.000000e+00
      outer loop
         vertex 7.564296e+01 7.918415e+01 4.864840e+01
         vertex 6.558036e+01 8.780427e+01 4.864840e+01
         vertex 7.600306e+01 7.953405e+01 4.864840e+01
      endloop
   endfacet
   facet normal -2.662170e-18 -8.507394e-18 -1.000000e+00
      outer loop
         vertex 7.600306e+01 7.953405e+01 4.864840e+01
         vertex 6.558036e+01 8.780427e+01 4.864840e+01
         vertex 6.590857e+01 8.818141e+01 4.864840e+01
      endloop
   endfacet
   facet normal 6.505751e-01 7.594419e-01 -1.220032e-04
      outer loop
         vertex 6.564092e+01 8.709401e+01 4.814840e+01
         vertex 6.525808e+01 8.742206e+01 4.864840e+01
         vertex 7.216308e+01 8.150682e+01 4.814840e+01
      endloop
   endfacet
   facet normal 6.505786e-01 7.594390e-01 -3.854777e-05
      outer loop
         vertex 7.216308e+01 8.150682e+01 4.814840e+01
         vertex 6.525808e+01 8.742206e+01 4.864840e+01
         vertex 7.535249e+01 7.877461e+01 4.864840e+01
      endloop
   endfacet
   facet normal 6.505751e-01 7.594419e-01 -8.192813e-18
      outer loop
         vertex 7.216308e+01 8.150682e+01 4.814840e+01
         vertex 7.535249e+01 7.877461e+01 4.864840e+01
         vertex 7.535249e+01 7.877461e+01 4.814840e+01
      endloop
   endfacet
   facet normal -6.505751e-01 -7.594419e-01 8.192813e-18
      outer loop
         vertex 7.600306e+01 7.953405e+01 4.814840e+01
         vertex 7.600306e+01 7.953405e+01 4.864840e+01
         vertex 7.281365e+01 8.226626e+01 4.814840e+01
      endloop
   endfacet
   facet normal -6.505716e-01 -7.594449e-01 -3.854777e-05
      outer loop
         vertex 7.281365e+01 8.226626e+01 4.814840e+01
         vertex 7.600306e+01 7.953405e+01 4.864840e+01
         vertex 6.590857e+01 8.818141e+01 4.864840e+01
      endloop
   endfacet
   facet normal -6.505751e-01 -7.594419e-01 -1.220032e-04
      outer loop
         vertex 7.281365e+01 8.226626e+01 4.814840e+01
         vertex 6.590857e+01 8.818141e+01 4.864840e+01
         vertex 6.629149e+01 8.785346e+01 4.814840e+01
      endloop
   endfacet
   facet normal 5.435730e-01 -8.393619e-01 5.693699e-18
      outer loop
         vertex 7.600306e+01 7.953405e+01 4.864840e+01
         vertex 7.600306e+01 7.953405e+01 4.814840e+01
         vertex 7.648659e+01 7.984719e+01 4.814840e+01
      endloop
   endfacet
   facet normal 8.716748e-01 -4.898608e-01 -1.481221e-02
      outer loop
         vertex 7.511729e+01 7.824874e+01 5.219840e+01
         vertex 7.535249e+01 7.877461e+01 4.864840e+01
         vertex 7.564296e+01 7.918415e+01 5.219840e+01
      endloop
   endfacet
   facet normal 8.156624e-01 -5.785282e-01 2.750336e-18
      outer loop
         vertex 7.564296e+01 7.918415e+01 5.219840e+01
         vertex 7.535249e+01 7.877461e+01 4.864840e+01
         vertex 7.564296e+01 7.918415e+01 4.864840e+01
      endloop
   endfacet
   facet normal 6.179284e-01 -7.862344e-01 5.043775e-18
      outer loop
         vertex 7.564296e+01 7.918415e+01 5.219840e+01
         vertex 7.564296e+01 7.918415e+01 4.864840e+01
         vertex 7.648659e+01 7.984719e+01 5.219840e+01
      endloop
   endfacet
   facet normal 6.965301e-01 -7.168295e-01 -3.164179e-02
      outer loop
         vertex 7.564296e+01 7.918415e+01 4.864840e+01
         vertex 7.600306e+01 7.953405e+01 4.864840e+01
         vertex 7.648659e+01 7.984719e+01 5.219840e+01
      endloop
   endfacet
   facet normal 5.435730e-01 -8.393619e-01 5.693699e-18
      outer loop
         vertex 7.648659e+01 7.984719e+01 5.219840e+01
         vertex 7.600306e+01 7.953405e+01 4.864840e+01
         vertex 7.648659e+01 7.984719e+01 4.814840e+01
      endloop
   endfacet
   facet normal 2.700123e-01 -9.628569e-01 7.472584e-18
      outer loop
         vertex 7.648659e+01 7.984719e+01 5.219840e+01
         vertex 7.648659e+01 7.984719e+01 4.814840e+01
         vertex 7.751973e+01 8.013691e+01 5.219840e+01
      endloop
   endfacet
   facet normal 2.700123e-01 -9.628569e-01 7.472584e-18
      outer loop
         vertex 7.751973e+01 8.013691e+01 5.219840e+01
         vertex 7.648659e+01 7.984719e+01 4.814840e+01
         vertex 7.751973e+01 8.013691e+01 4.814840e+01
      endloop
   endfacet
   facet normal -1.190101e-01 -9.928930e-01 8.763757e-18
      outer loop
         vertex 7.751973e+01 8.013691e+01 5.219840e+01
         vertex 7.751973e+01 8.013691e+01 4.814840e+01
         vertex 7.858510e+01 8.000921e+01 5.219840e+01
      endloop
   endfacet
   facet normal -1.190101e-01 -9.928930e-01 8.763757e-18
      outer loop
         vertex 7.858510e+01 8.000921e+01 5.219840e+01
         vertex 7.751973e+01 8.013691e+01 4.814840e+01
         vertex 7.858510e+01 8.000921e+01 4.814840e+01
      endloop
   endfacet
   facet normal -4.899147e-01 -8.717704e-01 8.720730e-18
      outer loop
         vertex 7.858510e+01 8.000921e+01 5.219840e+01
         vertex 7.858510e+01 8.000921e+01 4.814840e+01
         vertex 7.952051e+01 7.948354e+01 5.219840e+01
      endloop
   endfacet
   facet normal -4.899147e-01 -8.717704e-01 8.720730e-18
      outer loop
         vertex 7.952051e+01 7.948354e+01 5.219840e+01
         vertex 7.858510e+01 8.000921e+01 4.814840e+01
         vertex 7.952051e+01 7.948354e+01 4.814840e+01
      endloop
   endfacet
   facet normal -7.862342e-01 -6.179286e-01 7.350051e-18
      outer loop
         vertex 7.952051e+01 7.948354e+01 5.219840e+01
         vertex 7.952051e+01 7.948354e+01 4.814840e+01
         vertex 8.018355e+01 7.863991e+01 5.219840e+01
      endloop
   endfacet
   facet normal -7.862342e-01 -6.179286e-01 7.350051e-18
      outer loop
         vertex 8.018355e+01 7.863991e+01 5.219840e+01
         vertex 7.952051e+01 7.948354e+01 4.814840e+01
         vertex 8.018355e+01 7.863991e+01 4.814840e+01
      endloop
   endfacet
   facet normal -9.628567e-01 -2.700128e-01 4.860393e-18
      outer loop
         vertex 8.018355e+01 7.863991e+01 5.219840e+01
         vertex 8.018355e+01 7.863991e+01 4.814840e+01
         vertex 8.047327e+01 7.760677e+01 5.219840e+01
      endloop
   endfacet
   facet normal -9.628567e-01 -2.700128e-01 4.860393e-18
      outer loop
         vertex 8.047327e+01 7.760677e+01 5.219840e+01
         vertex 8.018355e+01 7.863991e+01 4.814840e+01
         vertex 8.047327e+01 7.760677e+01 4.814840e+01
      endloop
   endfacet
   facet normal -9.928930e-01 1.190104e-01 1.630782e-18
      outer loop
         vertex 8.047327e+01 7.760677e+01 5.219840e+01
         vertex 8.047327e+01 7.760677e+01 4.814840e+01
         vertex 8.034557e+01 7.654140e+01 5.219840e+01
      endloop
   endfacet
   facet normal -9.928930e-01 1.190104e-01 1.630782e-18
      outer loop
         vertex 8.034557e+01 7.654140e+01 5.219840e+01
         vertex 8.047327e+01 7.760677e+01 4.814840e+01
         vertex 8.034557e+01 7.654140e+01 4.814840e+01
      endloop
   endfacet
   facet normal -8.717705e-01 4.899145e-01 -1.847095e-18
      outer loop
         vertex 8.034557e+01 7.654140e+01 5.219840e+01
         vertex 8.034557e+01 7.654140e+01 4.814840e+01
         vertex 7.981990e+01 7.560599e+01 5.219840e+01
      endloop
   endfacet
   facet normal -8.717705e-01 4.899145e-01 -1.847095e-18
      outer loop
         vertex 7.981990e+01 7.560599e+01 5.219840e+01
         vertex 8.034557e+01 7.654140e+01 4.814840e+01
         vertex 7.981990e+01 7.560599e+01 4.814840e+01
      endloop
   endfacet
   facet normal -6.179284e-01 7.862344e-01 -5.043775e-18
      outer loop
         vertex 7.981990e+01 7.560599e+01 5.219840e+01
         vertex 7.981990e+01 7.560599e+01 4.814840e+01
         vertex 7.897627e+01 7.494295e+01 5.219840e+01
      endloop
   endfacet
   facet normal -6.179284e-01 7.862344e-01 -5.043775e-18
      outer loop
         vertex 7.897627e+01 7.494295e+01 5.219840e+01
         vertex 7.981990e+01 7.560599e+01 4.814840e+01
         vertex 7.897627e+01 7.494295e+01 4.814840e+01
      endloop
   endfacet
   facet normal -2.700130e-01 9.628567e-01 -7.472581e-18
      outer loop
         vertex 7.897627e+01 7.494295e+01 5.219840e+01
         vertex 7.897627e+01 7.494295e+01 4.814840e+01
         vertex 7.794313e+01 7.465323e+01 5.219840e+01
      endloop
   endfacet
   facet normal -2.700130e-01 9.628567e-01 -7.472581e-18
      outer loop
         vertex 7.794313e+01 7.465323e+01 5.219840e+01
         vertex 7.897627e+01 7.494295e+01 4.814840e+01
         vertex 7.794313e+01 7.465323e+01 4.814840e+01
      endloop
   endfacet
   facet normal 1.190101e-01 9.928930e-01 -8.763757e-18
      outer loop
         vertex 7.794313e+01 7.465323e+01 5.219840e+01
         vertex 7.794313e+01 7.465323e+01 4.814840e+01
         vertex 7.687776e+01 7.478093e+01 5.219840e+01
      endloop
   endfacet
   facet normal 1.190101e-01 9.928930e-01 -8.763757e-18
      outer loop
         vertex 7.687776e+01 7.478093e+01 5.219840e+01
         vertex 7.794313e+01 7.465323e+01 4.814840e+01
         vertex 7.687776e+01 7.478093e+01 4.814840e+01
      endloop
   endfacet
   facet normal 4.899147e-01 8.717704e-01 -8.720730e-18
      outer loop
         vertex 7.687776e+01 7.478093e+01 5.219840e+01
         vertex 7.687776e+01 7.478093e+01 4.814840e+01
         vertex 7.594235e+01 7.530660e+01 5.219840e+01
      endloop
   endfacet
   facet normal 4.899147e-01 8.717704e-01 -8.720730e-18
      outer loop
         vertex 7.594235e+01 7.530660e+01 5.219840e+01
         vertex 7.687776e+01 7.478093e+01 4.814840e+01
         vertex 7.594235e+01 7.530660e+01 4.814840e+01
      endloop
   endfacet
   facet normal 7.862342e-01 6.179286e-01 -7.350051e-18
      outer loop
         vertex 7.594235e+01 7.530660e+01 5.219840e+01
         vertex 7.594235e+01 7.530660e+01 4.814840e+01
         vertex 7.527931e+01 7.615023e+01 5.219840e+01
      endloop
   endfacet
   facet normal 7.862342e-01 6.179286e-01 -7.350051e-18
      outer loop
         vertex 7.527931e+01 7.615023e+01 5.219840e+01
         vertex 7.594235e+01 7.530660e+01 4.814840e+01
         vertex 7.527931e+01 7.615023e+01 4.814840e+01
      endloop
   endfacet
   facet normal 9.628567e-01 2.700128e-01 -4.860393e-18
      outer loop
         vertex 7.527931e+01 7.615023e+01 5.219840e+01
         vertex 7.527931e+01 7.615023e+01 4.814840e+01
         vertex 7.498959e+01 7.718337e+01 5.219840e+01
      endloop
   endfacet
   facet normal 9.628567e-01 2.700128e-01 -4.860393e-18
      outer loop
         vertex 7.498959e+01 7.718337e+01 5.219840e+01
         vertex 7.527931e+01 7.615023e+01 4.814840e+01
         vertex 7.498959e+01 7.718337e+01 4.814840e+01
      endloop
   endfacet
   facet normal 9.928931e-01 -1.190096e-01 -1.630788e-18
      outer loop
         vertex 7.498959e+01 7.718337e+01 5.219840e+01
         vertex 7.498959e+01 7.718337e+01 4.814840e+01
         vertex 7.511729e+01 7.824874e+01 5.219840e+01
      endloop
   endfacet
   facet normal 9.928931e-01 -1.190096e-01 -1.630788e-18
      outer loop
         vertex 7.511729e+01 7.824874e+01 5.219840e+01
         vertex 7.498959e+01 7.718337e+01 4.814840e+01
         vertex 7.511729e+01 7.824874e+01 4.814840e+01
      endloop
   endfacet
   facet normal 9.128545e-01 -4.082850e-01 1.043268e-18
      outer loop
         vertex 7.511729e+01 7.824874e+01 5.219840e+01
         vertex 7.511729e+01 7.824874e+01 4.814840e+01
         vertex 7.535249e+01 7.877461e+01 4.864840e+01
      endloop
   endfacet
   facet normal 9.128545e-01 -4.082850e-01 1.043268e-18
      outer loop
         vertex 7.535249e+01 7.877461e+01 4.864840e+01
         vertex 7.511729e+01 7.824874e+01 4.814840e+01
         vertex 7.535249e+01 7.877461e+01 4.814840e+01
      endloop
   endfacet
   facet normal -2.662170e-18 -8.507394e-18 -1.000000e+00
      outer loop
         vertex 8.298587e+01 9.197728e+01 4.814840e+01
         vertex 8.525698e+01 9.094557e+01 4.814840e+01
         vertex 8.297703e+01 8.667543e+01 4.814840e+01
      endloop
   endfacet
   facet normal -2.662170e-18 -8.507394e-18 -1.000000e+00
      outer loop
         vertex 8.050367e+01 6.877658e+01 4.814840e+01
         vertex 8.057846e+01 6.970918e+01 4.814840e+01
         vertex 8.306595e+01 7.282526e+01 4.814840e+01
      endloop
   endfacet
   facet normal -2.662170e-18 -8.507394e-18 -1.000000e+00
      outer loop
         vertex 6.957505e+01 6.925526e+01 4.814840e+01
         vertex 7.037266e+01 6.988213e+01 4.814840e+01
         vertex 7.099187e+01 6.934261e+01 4.814840e+01
      endloop
   endfacet
   facet normal -2.662170e-18 -8.507394e-18 -1.000000e+00
      outer loop
         vertex 7.099040e+01 7.177378e+01 4.814840e+01
         vertex 7.071648e+01 7.275057e+01 4.814840e+01
         vertex 7.249593e+01 7.444043e+01 4.814840e+01
      endloop
   endfacet
   facet normal -2.662170e-18 -8.507394e-18 -1.000000e+00
      outer loop
         vertex 6.763311e+01 7.603131e+01 4.814840e+01
         vertex 6.812078e+01 7.523285e+01 4.814840e+01
         vertex 6.642356e+01 7.326512e+01 4.814840e+01
      endloop
   endfacet
   facet normal -2.662170e-18 -8.507394e-18 -1.000000e+00
      outer loop
         vertex 6.642356e+01 7.326512e+01 4.814840e+01
         vertex 6.812078e+01 7.523285e+01 4.814840e+01
         vertex 6.722117e+01 7.389199e+01 4.814840e+01
      endloop
   endfacet
   facet normal -2.662170e-18 -8.507394e-18 -1.000000e+00
      outer loop
         vertex 6.722117e+01 7.389199e+01 4.814840e+01
         vertex 6.812078e+01 7.523285e+01 4.814840e+01
         vertex 6.819796e+01 7.416591e+01 4.814840e+01
      endloop
   endfacet
   facet normal -2.662170e-18 -8.507394e-18 -1.000000e+00
      outer loop
         vertex 6.819796e+01 7.416591e+01 4.814840e+01
         vertex 6.812078e+01 7.523285e+01 4.814840e+01
         vertex 6.889105e+01 7.470178e+01 4.814840e+01
      endloop
   endfacet
   facet normal -2.662170e-18 -8.507394e-18 -1.000000e+00
      outer loop
         vertex 6.819796e+01 7.416591e+01 4.814840e+01
         vertex 6.889105e+01 7.470178e+01 4.814840e+01
         vertex 6.920522e+01 7.404518e+01 4.814840e+01
      endloop
   endfacet
   facet normal -2.662170e-18 -8.507394e-18 -1.000000e+00
      outer loop
         vertex 6.920522e+01 7.404518e+01 4.814840e+01
         vertex 6.889105e+01 7.470178e+01 4.814840e+01
         vertex 6.981073e+01 7.452991e+01 4.814840e+01
      endloop
   endfacet
   facet normal -2.662170e-18 -8.507394e-18 -1.000000e+00
      outer loop
         vertex 6.920522e+01 7.404518e+01 4.814840e+01
         vertex 6.981073e+01 7.452991e+01 4.814840e+01
         vertex 7.008961e+01 7.354818e+01 4.814840e+01
      endloop
   endfacet
   facet normal -2.662170e-18 -8.507394e-18 -1.000000e+00
      outer loop
         vertex 7.099187e+01 6.934261e+01 4.814840e+01
         vertex 7.037266e+01 6.988213e+01 4.814840e+01
         vertex 7.414716e+01 7.302591e+01 4.814840e+01
      endloop
   endfacet
   facet normal -2.662170e-18 -8.507394e-18 -1.000000e+00
      outer loop
         vertex 7.414716e+01 7.302591e+01 4.814840e+01
         vertex 7.037266e+01 6.988213e+01 4.814840e+01
         vertex 7.086966e+01 7.076652e+01 4.814840e+01
      endloop
   endfacet
   facet normal -2.662170e-18 -8.507394e-18 -1.000000e+00
      outer loop
         vertex 7.414716e+01 7.302591e+01 4.814840e+01
         vertex 7.086966e+01 7.076652e+01 4.814840e+01
         vertex 7.099040e+01 7.177378e+01 4.814840e+01
      endloop
   endfacet
   facet normal -2.662170e-18 -8.507394e-18 -1.000000e+00
      outer loop
         vertex 6.751237e+01 7.695909e+01 4.814840e+01
         vertex 6.763311e+01 7.603131e+01 4.814840e+01
         vertex 6.565735e+01 7.391243e+01 4.814840e+01
      endloop
   endfacet
   facet normal -2.662170e-18 -8.507394e-18 -1.000000e+00
      outer loop
         vertex 6.565735e+01 7.391243e+01 4.814840e+01
         vertex 6.763311e+01 7.603131e+01 4.814840e+01
         vertex 6.642356e+01 7.326512e+01 4.814840e+01
      endloop
   endfacet
   facet normal -2.662170e-18 -8.507394e-18 -1.000000e+00
      outer loop
         vertex 6.565735e+01 7.391243e+01 4.814840e+01
         vertex 6.642356e+01 7.326512e+01 4.814840e+01
         vertex 6.311283e+01 7.224274e+01 4.814840e+01
      endloop
   endfacet
   facet normal -2.662170e-18 -8.507394e-18 -1.000000e+00
      outer loop
         vertex 6.642356e+01 7.326512e+01 4.814840e+01
         vertex 6.592656e+01 7.238074e+01 4.814840e+01
         vertex 6.311283e+01 7.224274e+01 4.814840e+01
      endloop
   endfacet
   facet normal -2.662170e-18 -8.507394e-18 -1.000000e+00
      outer loop
         vertex 6.311283e+01 7.224274e+01 4.814840e+01
         vertex 6.592656e+01 7.238074e+01 4.814840e+01
         vertex 6.580583e+01 7.137348e+01 4.814840e+01
      endloop
   endfacet
   facet normal -2.662170e-18 -8.507394e-18 -1.000000e+00
      outer loop
         vertex 6.311283e+01 7.224274e+01 4.814840e+01
         vertex 6.580583e+01 7.137348e+01 4.814840e+01
         vertex 6.412863e+01 6.996447e+01 4.814840e+01
      endloop
   endfacet
   facet normal -2.662170e-18 -8.507394e-18 -1.000000e+00
      outer loop
         vertex 6.412863e+01 6.996447e+01 4.814840e+01
         vertex 6.580583e+01 7.137348e+01 4.814840e+01
         vertex 6.607975e+01 7.039669e+01 4.814840e+01
      endloop
   endfacet
   facet normal -2.662170e-18 -8.507394e-18 -1.000000e+00
      outer loop
         vertex 6.412863e+01 6.996447e+01 4.814840e+01
         vertex 6.607975e+01 7.039669e+01 4.814840e+01
         vertex 6.549673e+01 6.787865e+01 4.814840e+01
      endloop
   endfacet
   facet normal -2.662170e-18 -8.507394e-18 -1.000000e+00
      outer loop
         vertex 6.549673e+01 6.787865e+01 4.814840e+01
         vertex 6.607975e+01 7.039669e+01 4.814840e+01
         vertex 6.670662e+01 6.959908e+01 4.814840e+01
      endloop
   endfacet
   facet normal -2.662170e-18 -8.507394e-18 -1.000000e+00
      outer loop
         vertex 6.549673e+01 6.787865e+01 4.814840e+01
         vertex 6.670662e+01 6.959908e+01 4.814840e+01
         vertex 6.718171e+01 6.603930e+01 4.814840e+01
      endloop
   endfacet
   facet normal -2.662170e-18 -8.507394e-18 -1.000000e+00
      outer loop
         vertex 6.718171e+01 6.603930e+01 4.814840e+01
         vertex 6.670662e+01 6.959908e+01 4.814840e+01
         vertex 6.759100e+01 6.910208e+01 4.814840e+01
      endloop
   endfacet
   facet normal -2.662170e-18 -8.507394e-18 -1.000000e+00
      outer loop
         vertex 6.718171e+01 6.603930e+01 4.814840e+01
         vertex 6.759100e+01 6.910208e+01 4.814840e+01
         vertex 6.859826e+01 6.898134e+01 4.814840e+01
      endloop
   endfacet
   facet normal -2.662170e-18 -8.507394e-18 -1.000000e+00
      outer loop
         vertex 8.487801e+01 8.182302e+01 4.814840e+01
         vertex 8.047327e+01 7.760677e+01 4.814840e+01
         vertex 8.018355e+01 7.863991e+01 4.814840e+01
      endloop
   endfacet
   facet normal -2.662170e-18 -8.507394e-18 -1.000000e+00
      outer loop
         vertex 8.487801e+01 8.182302e+01 4.814840e+01
         vertex 8.018355e+01 7.863991e+01 4.814840e+01
         vertex 8.460409e+01 8.279981e+01 4.814840e+01
      endloop
   endfacet
   facet normal -2.662170e-18 -8.507394e-18 -1.000000e+00
      outer loop
         vertex 8.460409e+01 8.279981e+01 4.814840e+01
         vertex 8.018355e+01 7.863991e+01 4.814840e+01
         vertex 7.952051e+01 7.948354e+01 4.814840e+01
      endloop
   endfacet
   facet normal -2.662170e-18 -8.507394e-18 -1.000000e+00
      outer loop
         vertex 8.460409e+01 8.279981e+01 4.814840e+01
         vertex 7.952051e+01 7.948354e+01 4.814840e+01
         vertex 8.472482e+01 8.380707e+01 4.814840e+01
      endloop
   endfacet
   facet normal -2.662170e-18 -8.507394e-18 -1.000000e+00
      outer loop
         vertex 8.522183e+01 8.469146e+01 4.814840e+01
         vertex 8.462826e+01 8.526091e+01 4.814840e+01
         vertex 8.601944e+01 8.531833e+01 4.814840e+01
      endloop
   endfacet
   facet normal -2.662170e-18 -8.507394e-18 -1.000000e+00
      outer loop
         vertex 8.601944e+01 8.531833e+01 4.814840e+01
         vertex 8.462826e+01 8.526091e+01 4.814840e+01
         vertex 8.733318e+01 8.956291e+01 4.814840e+01
      endloop
   endfacet
   facet normal -2.662170e-18 -8.507394e-18 -1.000000e+00
      outer loop
         vertex 9.188804e+01 8.370700e+01 4.814840e+01
         vertex 8.966793e+01 8.219285e+01 4.814840e+01
         vertex 8.978866e+01 8.320011e+01 4.814840e+01
      endloop
   endfacet
   facet normal -2.662170e-18 -8.507394e-18 -1.000000e+00
      outer loop
         vertex 9.188804e+01 8.370700e+01 4.814840e+01
         vertex 8.978866e+01 8.320011e+01 4.814840e+01
         vertex 9.069221e+01 8.589614e+01 4.814840e+01
      endloop
   endfacet
   facet normal -2.662170e-18 -8.507394e-18 -1.000000e+00
      outer loop
         vertex 8.978866e+01 8.320011e+01 4.814840e+01
         vertex 8.951474e+01 8.417690e+01 4.814840e+01
         vertex 9.069221e+01 8.589614e+01 4.814840e+01
      endloop
   endfacet
   facet normal -2.662170e-18 -8.507394e-18 -1.000000e+00
      outer loop
         vertex 9.069221e+01 8.589614e+01 4.814840e+01
         vertex 8.951474e+01 8.417690e+01 4.814840e+01
         vertex 8.888787e+01 8.497451e+01 4.814840e+01
      endloop
   endfacet
   facet normal -2.662170e-18 -8.507394e-18 -1.000000e+00
      outer loop
         vertex 9.069221e+01 8.589614e+01 4.814840e+01
         vertex 8.888787e+01 8.497451e+01 4.814840e+01
         vertex 8.916070e+01 8.786511e+01 4.814840e+01
      endloop
   endfacet
   facet normal -2.662170e-18 -8.507394e-18 -1.000000e+00
      outer loop
         vertex 8.916070e+01 8.786511e+01 4.814840e+01
         vertex 8.888787e+01 8.497451e+01 4.814840e+01
         vertex 8.800349e+01 8.547151e+01 4.814840e+01
      endloop
   endfacet
   facet normal -2.662170e-18 -8.507394e-18 -1.000000e+00
      outer loop
         vertex 8.916070e+01 8.786511e+01 4.814840e+01
         vertex 8.800349e+01 8.547151e+01 4.814840e+01
         vertex 8.733318e+01 8.956291e+01 4.814840e+01
      endloop
   endfacet
   facet normal -2.662170e-18 -8.507394e-18 -1.000000e+00
      outer loop
         vertex 8.733318e+01 8.956291e+01 4.814840e+01
         vertex 8.800349e+01 8.547151e+01 4.814840e+01
         vertex 8.699623e+01 8.559225e+01 4.814840e+01
      endloop
   endfacet
   facet normal -2.662170e-18 -8.507394e-18 -1.000000e+00
      outer loop
         vertex 8.733318e+01 8.956291e+01 4.814840e+01
         vertex 8.699623e+01 8.559225e+01 4.814840e+01
         vertex 8.601944e+01 8.531833e+01 4.814840e+01
      endloop
   endfacet
   facet normal -2.662170e-18 -8.507394e-18 -1.000000e+00
      outer loop
         vertex 8.987132e+01 8.076944e+01 4.814840e+01
         vertex 8.793887e+01 7.830129e+01 4.814840e+01
         vertex 8.762787e+01 7.918369e+01 4.814840e+01
      endloop
   endfacet
   facet normal -2.662170e-18 -8.507394e-18 -1.000000e+00
      outer loop
         vertex 8.358563e+01 7.726300e+01 4.814840e+01
         vertex 8.407330e+01 7.646454e+01 4.814840e+01
         vertex 8.306595e+01 7.282526e+01 4.814840e+01
      endloop
   endfacet
   facet normal -2.662170e-18 -8.507394e-18 -1.000000e+00
      outer loop
         vertex 8.966793e+01 8.219285e+01 4.814840e+01
         vertex 9.188804e+01 8.370700e+01 4.814840e+01
         vertex 8.917092e+01 8.130847e+01 4.814840e+01
      endloop
   endfacet
   facet normal -2.662170e-18 -8.507394e-18 -1.000000e+00
      outer loop
         vertex 8.917092e+01 8.130847e+01 4.814840e+01
         vertex 9.188804e+01 8.370700e+01 4.814840e+01
         vertex 8.987132e+01 8.076944e+01 4.814840e+01
      endloop
   endfacet
   facet normal -2.662170e-18 -8.507394e-18 -1.000000e+00
      outer loop
         vertex 8.917092e+01 8.130847e+01 4.814840e+01
         vertex 8.987132e+01 8.076944e+01 4.814840e+01
         vertex 8.837331e+01 8.068160e+01 4.814840e+01
      endloop
   endfacet
   facet normal -2.662170e-18 -8.507394e-18 -1.000000e+00
      outer loop
         vertex 8.837331e+01 8.068160e+01 4.814840e+01
         vertex 8.987132e+01 8.076944e+01 4.814840e+01
         vertex 8.762787e+01 7.918369e+01 4.814840e+01
      endloop
   endfacet
   facet normal -2.662170e-18 -8.507394e-18 -1.000000e+00
      outer loop
         vertex 8.837331e+01 8.068160e+01 4.814840e+01
         vertex 8.762787e+01 7.918369e+01 4.814840e+01
         vertex 8.739652e+01 8.040768e+01 4.814840e+01
      endloop
   endfacet
   facet normal -2.662170e-18 -8.507394e-18 -1.000000e+00
      outer loop
         vertex 8.739652e+01 8.040768e+01 4.814840e+01
         vertex 8.762787e+01 7.918369e+01 4.814840e+01
         vertex 8.698485e+01 7.986331e+01 4.814840e+01
      endloop
   endfacet
   facet normal -2.662170e-18 -8.507394e-18 -1.000000e+00
      outer loop
         vertex 8.739652e+01 8.040768e+01 4.814840e+01
         vertex 8.698485e+01 7.986331e+01 4.814840e+01
         vertex 8.638926e+01 8.052841e+01 4.814840e+01
      endloop
   endfacet
   facet normal -2.662170e-18 -8.507394e-18 -1.000000e+00
      outer loop
         vertex 8.638926e+01 8.052841e+01 4.814840e+01
         vertex 8.698485e+01 7.986331e+01 4.814840e+01
         vertex 8.612100e+01 8.022263e+01 4.814840e+01
      endloop
   endfacet
   facet normal -2.662170e-18 -8.507394e-18 -1.000000e+00
      outer loop
         vertex 8.638926e+01 8.052841e+01 4.814840e+01
         vertex 8.612100e+01 8.022263e+01 4.814840e+01
         vertex 8.550488e+01 8.102541e+01 4.814840e+01
      endloop
   endfacet
   facet normal -2.662170e-18 -8.507394e-18 -1.000000e+00
      outer loop
         vertex 8.550488e+01 8.102541e+01 4.814840e+01
         vertex 8.612100e+01 8.022263e+01 4.814840e+01
         vertex 8.518568e+01 8.019952e+01 4.814840e+01
      endloop
   endfacet
   facet normal -2.662170e-18 -8.507394e-18 -1.000000e+00
      outer loop
         vertex 8.550488e+01 8.102541e+01 4.814840e+01
         vertex 8.518568e+01 8.019952e+01 4.814840e+01
         vertex 8.487801e+01 8.182302e+01 4.814840e+01
      endloop
   endfacet
   facet normal -2.662170e-18 -8.507394e-18 -1.000000e+00
      outer loop
         vertex 8.487801e+01 8.182302e+01 4.814840e+01
         vertex 8.518568e+01 8.019952e+01 4.814840e+01
         vertex 8.434063e+01 7.979799e+01 4.814840e+01
      endloop
   endfacet
   facet normal -2.662170e-18 -8.507394e-18 -1.000000e+00
      outer loop
         vertex 8.487801e+01 8.182302e+01 4.814840e+01
         vertex 8.434063e+01 7.979799e+01 4.814840e+01
         vertex 8.047327e+01 7.760677e+01 4.814840e+01
      endloop
   endfacet
   facet normal -2.662170e-18 -8.507394e-18 -1.000000e+00
      outer loop
         vertex 8.434063e+01 7.979799e+01 4.814840e+01
         vertex 8.373195e+01 7.908745e+01 4.814840e+01
         vertex 8.047327e+01 7.760677e+01 4.814840e+01
      endloop
   endfacet
   facet normal -2.662170e-18 -8.507394e-18 -1.000000e+00
      outer loop
         vertex 8.047327e+01 7.760677e+01 4.814840e+01
         vertex 8.373195e+01 7.908745e+01 4.814840e+01
         vertex 8.346489e+01 7.819077e+01 4.814840e+01
      endloop
   endfacet
   facet normal -2.662170e-18 -8.507394e-18 -1.000000e+00
      outer loop
         vertex 8.047327e+01 7.760677e+01 4.814840e+01
         vertex 8.346489e+01 7.819077e+01 4.814840e+01
         vertex 8.034557e+01 7.654140e+01 4.814840e+01
      endloop
   endfacet
   facet normal -2.662170e-18 -8.507394e-18 -1.000000e+00
      outer loop
         vertex 8.034557e+01 7.654140e+01 4.814840e+01
         vertex 8.346489e+01 7.819077e+01 4.814840e+01
         vertex 8.358563e+01 7.726300e+01 4.814840e+01
      endloop
   endfacet
   facet normal -2.662170e-18 -8.507394e-18 -1.000000e+00
      outer loop
         vertex 8.034557e+01 7.654140e+01 4.814840e+01
         vertex 8.358563e+01 7.726300e+01 4.814840e+01
         vertex 7.981990e+01 7.560599e+01 4.814840e+01
      endloop
   endfacet
   facet normal -2.662170e-18 -8.507394e-18 -1.000000e+00
      outer loop
         vertex 7.981990e+01 7.560599e+01 4.814840e+01
         vertex 8.358563e+01 7.726300e+01 4.814840e+01
         vertex 8.306595e+01 7.282526e+01 4.814840e+01
      endloop
   endfacet
   facet normal -2.662170e-18 -8.507394e-18 -1.000000e+00
      outer loop
         vertex 7.717115e+01 8.312202e+01 4.814840e+01
         vertex 7.808122e+01 8.333908e+01 4.814840e+01
         vertex 7.751973e+01 8.013691e+01 4.814840e+01
      endloop
   endfacet
   facet normal -2.662170e-18 -8.507394e-18 -1.000000e+00
      outer loop
         vertex 7.927198e+01 8.472910e+01 4.814840e+01
         vertex 7.934677e+01 8.566171e+01 4.814840e+01
         vertex 8.297703e+01 8.667543e+01 4.814840e+01
      endloop
   endfacet
   facet normal -2.662170e-18 -8.507394e-18 -1.000000e+00
      outer loop
         vertex 7.927198e+01 8.472910e+01 4.814840e+01
         vertex 8.297703e+01 8.667543e+01 4.814840e+01
         vertex 7.882433e+01 8.390754e+01 4.814840e+01
      endloop
   endfacet
   facet normal -2.662170e-18 -8.507394e-18 -1.000000e+00
      outer loop
         vertex 7.717115e+01 8.312202e+01 4.814840e+01
         vertex 7.751973e+01 8.013691e+01 4.814840e+01
         vertex 7.625147e+01 8.329388e+01 4.814840e+01
      endloop
   endfacet
   facet normal -2.662170e-18 -8.507394e-18 -1.000000e+00
      outer loop
         vertex 7.487279e+01 8.555119e+01 4.814840e+01
         vertex 7.499353e+01 8.462341e+01 4.814840e+01
         vertex 7.281365e+01 8.226626e+01 4.814840e+01
      endloop
   endfacet
   facet normal -2.662170e-18 -8.507394e-18 -1.000000e+00
      outer loop
         vertex 7.281365e+01 8.226626e+01 4.814840e+01
         vertex 7.499353e+01 8.462341e+01 4.814840e+01
         vertex 7.548120e+01 8.382496e+01 4.814840e+01
      endloop
   endfacet
   facet normal -2.662170e-18 -8.507394e-18 -1.000000e+00
      outer loop
         vertex 7.281365e+01 8.226626e+01 4.814840e+01
         vertex 7.548120e+01 8.382496e+01 4.814840e+01
         vertex 7.600306e+01 7.953405e+01 4.814840e+01
      endloop
   endfacet
   facet normal -2.662170e-18 -8.507394e-18 -1.000000e+00
      outer loop
         vertex 7.600306e+01 7.953405e+01 4.814840e+01
         vertex 7.548120e+01 8.382496e+01 4.814840e+01
         vertex 7.625147e+01 8.329388e+01 4.814840e+01
      endloop
   endfacet
   facet normal -2.662170e-18 -8.507394e-18 -1.000000e+00
      outer loop
         vertex 7.600306e+01 7.953405e+01 4.814840e+01
         vertex 7.625147e+01 8.329388e+01 4.814840e+01
         vertex 7.648659e+01 7.984719e+01 4.814840e+01
      endloop
   endfacet
   facet normal -2.662170e-18 -8.507394e-18 -1.000000e+00
      outer loop
         vertex 7.648659e+01 7.984719e+01 4.814840e+01
         vertex 7.625147e+01 8.329388e+01 4.814840e+01
         vertex 7.751973e+01 8.013691e+01 4.814840e+01
      endloop
   endfacet
   facet normal -2.662170e-18 -8.507394e-18 -1.000000e+00
      outer loop
         vertex 7.808122e+01 8.333908e+01 4.814840e+01
         vertex 7.882433e+01 8.390754e+01 4.814840e+01
         vertex 7.751973e+01 8.013691e+01 4.814840e+01
      endloop
   endfacet
   facet normal -2.662170e-18 -8.507394e-18 -1.000000e+00
      outer loop
         vertex 7.751973e+01 8.013691e+01 4.814840e+01
         vertex 7.882433e+01 8.390754e+01 4.814840e+01
         vertex 8.297703e+01 8.667543e+01 4.814840e+01
      endloop
   endfacet
   facet normal -2.662170e-18 -8.507394e-18 -1.000000e+00
      outer loop
         vertex 7.751973e+01 8.013691e+01 4.814840e+01
         vertex 8.297703e+01 8.667543e+01 4.814840e+01
         vertex 7.858510e+01 8.000921e+01 4.814840e+01
      endloop
   endfacet
   facet normal -2.662170e-18 -8.507394e-18 -1.000000e+00
      outer loop
         vertex 7.858510e+01 8.000921e+01 4.814840e+01
         vertex 8.297703e+01 8.667543e+01 4.814840e+01
         vertex 7.952051e+01 7.948354e+01 4.814840e+01
      endloop
   endfacet
   facet normal -2.662170e-18 -8.507394e-18 -1.000000e+00
      outer loop
         vertex 7.876058e+01 7.163052e+01 4.814840e+01
         vertex 7.782527e+01 7.160742e+01 4.814840e+01
         vertex 7.794313e+01 7.465323e+01 4.814840e+01
      endloop
   endfacet
   facet normal -2.662170e-18 -8.507394e-18 -1.000000e+00
      outer loop
         vertex 7.794313e+01 7.465323e+01 4.814840e+01
         vertex 7.782527e+01 7.160742e+01 4.814840e+01
         vertex 7.570693e+01 7.168973e+01 4.814840e+01
      endloop
   endfacet
   facet normal -2.662170e-18 -8.507394e-18 -1.000000e+00
      outer loop
         vertex 7.794313e+01 7.465323e+01 4.814840e+01
         vertex 7.570693e+01 7.168973e+01 4.814840e+01
         vertex 7.687776e+01 7.478093e+01 4.814840e+01
      endloop
   endfacet
   facet normal -2.662170e-18 -8.507394e-18 -1.000000e+00
      outer loop
         vertex 8.057846e+01 6.970918e+01 4.814840e+01
         vertex 8.026745e+01 7.059158e+01 4.814840e+01
         vertex 8.306595e+01 7.282526e+01 4.814840e+01
      endloop
   endfacet
   facet normal -2.662170e-18 -8.507394e-18 -1.000000e+00
      outer loop
         vertex 8.306595e+01 7.282526e+01 4.814840e+01
         vertex 8.026745e+01 7.059158e+01 4.814840e+01
         vertex 7.962444e+01 7.127120e+01 4.814840e+01
      endloop
   endfacet
   facet normal -2.662170e-18 -8.507394e-18 -1.000000e+00
      outer loop
         vertex 8.306595e+01 7.282526e+01 4.814840e+01
         vertex 7.962444e+01 7.127120e+01 4.814840e+01
         vertex 7.981990e+01 7.560599e+01 4.814840e+01
      endloop
   endfacet
   facet normal -2.662170e-18 -8.507394e-18 -1.000000e+00
      outer loop
         vertex 7.981990e+01 7.560599e+01 4.814840e+01
         vertex 7.962444e+01 7.127120e+01 4.814840e+01
         vertex 7.876058e+01 7.163052e+01 4.814840e+01
      endloop
   endfacet
   facet normal -2.662170e-18 -8.507394e-18 -1.000000e+00
      outer loop
         vertex 7.981990e+01 7.560599e+01 4.814840e+01
         vertex 7.876058e+01 7.163052e+01 4.814840e+01
         vertex 7.897627e+01 7.494295e+01 4.814840e+01
      endloop
   endfacet
   facet normal -2.662170e-18 -8.507394e-18 -1.000000e+00
      outer loop
         vertex 7.897627e+01 7.494295e+01 4.814840e+01
         vertex 7.876058e+01 7.163052e+01 4.814840e+01
         vertex 7.794313e+01 7.465323e+01 4.814840e+01
      endloop
   endfacet
   facet normal -2.662170e-18 -8.507394e-18 -1.000000e+00
      outer loop
         vertex 7.249593e+01 7.444043e+01 4.814840e+01
         vertex 7.498959e+01 7.718337e+01 4.814840e+01
         vertex 7.527931e+01 7.615023e+01 4.814840e+01
      endloop
   endfacet
   facet normal -2.662170e-18 -8.507394e-18 -1.000000e+00
      outer loop
         vertex 7.099040e+01 7.177378e+01 4.814840e+01
         vertex 7.249593e+01 7.444043e+01 4.814840e+01
         vertex 7.414716e+01 7.302591e+01 4.814840e+01
      endloop
   endfacet
   facet normal -2.662170e-18 -8.507394e-18 -1.000000e+00
      outer loop
         vertex 7.414716e+01 7.302591e+01 4.814840e+01
         vertex 7.249593e+01 7.444043e+01 4.814840e+01
         vertex 7.527931e+01 7.615023e+01 4.814840e+01
      endloop
   endfacet
   facet normal -2.662170e-18 -8.507394e-18 -1.000000e+00
      outer loop
         vertex 7.414716e+01 7.302591e+01 4.814840e+01
         vertex 7.527931e+01 7.615023e+01 4.814840e+01
         vertex 7.594235e+01 7.530660e+01 4.814840e+01
      endloop
   endfacet
   facet normal -2.662170e-18 -8.507394e-18 -1.000000e+00
      outer loop
         vertex 7.008961e+01 7.354818e+01 4.814840e+01
         vertex 6.981073e+01 7.452991e+01 4.814840e+01
         vertex 7.071648e+01 7.275057e+01 4.814840e+01
      endloop
   endfacet
   facet normal -2.662170e-18 -8.507394e-18 -1.000000e+00
      outer loop
         vertex 7.071648e+01 7.275057e+01 4.814840e+01
         vertex 6.981073e+01 7.452991e+01 4.814840e+01
         vertex 7.072081e+01 7.474697e+01 4.814840e+01
      endloop
   endfacet
   facet normal -2.662170e-18 -8.507394e-18 -1.000000e+00
      outer loop
         vertex 7.071648e+01 7.275057e+01 4.814840e+01
         vertex 7.072081e+01 7.474697e+01 4.814840e+01
         vertex 7.249593e+01 7.444043e+01 4.814840e+01
      endloop
   endfacet
   facet normal -2.662170e-18 -8.507394e-18 -1.000000e+00
      outer loop
         vertex 7.249593e+01 7.444043e+01 4.814840e+01
         vertex 7.072081e+01 7.474697e+01 4.814840e+01
         vertex 7.146391e+01 7.531543e+01 4.814840e+01
      endloop
   endfacet
   facet normal -2.662170e-18 -8.507394e-18 -1.000000e+00
      outer loop
         vertex 7.249593e+01 7.444043e+01 4.814840e+01
         vertex 7.146391e+01 7.531543e+01 4.814840e+01
         vertex 7.498959e+01 7.718337e+01 4.814840e+01
      endloop
   endfacet
   facet normal -2.662170e-18 -8.507394e-18 -1.000000e+00
      outer loop
         vertex 7.146391e+01 7.531543e+01 4.814840e+01
         vertex 7.191156e+01 7.613699e+01 4.814840e+01
         vertex 7.498959e+01 7.718337e+01 4.814840e+01
      endloop
   endfacet
   facet normal -2.662170e-18 -8.507394e-18 -1.000000e+00
      outer loop
         vertex 7.498959e+01 7.718337e+01 4.814840e+01
         vertex 7.191156e+01 7.613699e+01 4.814840e+01
         vertex 7.198635e+01 7.706960e+01 4.814840e+01
      endloop
   endfacet
   facet normal -2.662170e-18 -8.507394e-18 -1.000000e+00
      outer loop
         vertex 7.498959e+01 7.718337e+01 4.814840e+01
         vertex 7.198635e+01 7.706960e+01 4.814840e+01
         vertex 7.511729e+01 7.824874e+01 4.814840e+01
      endloop
   endfacet
   facet normal -2.662170e-18 -8.507394e-18 -1.000000e+00
      outer loop
         vertex 7.511729e+01 7.824874e+01 4.814840e+01
         vertex 7.198635e+01 7.706960e+01 4.814840e+01
         vertex 7.167535e+01 7.795200e+01 4.814840e+01
      endloop
   endfacet
   facet normal -2.662170e-18 -8.507394e-18 -1.000000e+00
      outer loop
         vertex 7.511729e+01 7.824874e+01 4.814840e+01
         vertex 7.167535e+01 7.795200e+01 4.814840e+01
         vertex 7.535249e+01 7.877461e+01 4.814840e+01
      endloop
   endfacet
   facet normal -2.662170e-18 -8.507394e-18 -1.000000e+00
      outer loop
         vertex 7.535249e+01 7.877461e+01 4.814840e+01
         vertex 7.167535e+01 7.795200e+01 4.814840e+01
         vertex 7.216308e+01 8.150682e+01 4.814840e+01
      endloop
   endfacet
   facet normal -2.662170e-18 -8.507394e-18 -1.000000e+00
      outer loop
         vertex 7.167535e+01 7.795200e+01 4.814840e+01
         vertex 7.103233e+01 7.863162e+01 4.814840e+01
         vertex 7.216308e+01 8.150682e+01 4.814840e+01
      endloop
   endfacet
   facet normal -2.662170e-18 -8.507394e-18 -1.000000e+00
      outer loop
         vertex 7.216308e+01 8.150682e+01 4.814840e+01
         vertex 7.103233e+01 7.863162e+01 4.814840e+01
         vertex 7.016848e+01 7.899094e+01 4.814840e+01
      endloop
   endfacet
   facet normal -2.662170e-18 -8.507394e-18 -1.000000e+00
      outer loop
         vertex 7.216308e+01 8.150682e+01 4.814840e+01
         vertex 7.016848e+01 7.899094e+01 4.814840e+01
         vertex 6.564092e+01 8.709401e+01 4.814840e+01
      endloop
   endfacet
   facet normal -2.662170e-18 -8.507394e-18 -1.000000e+00
      outer loop
         vertex 6.564092e+01 8.709401e+01 4.814840e+01
         vertex 7.016848e+01 7.899094e+01 4.814840e+01
         vertex 6.923316e+01 7.896783e+01 4.814840e+01
      endloop
   endfacet
   facet normal -2.662170e-18 -8.507394e-18 -1.000000e+00
      outer loop
         vertex 6.564092e+01 8.709401e+01 4.814840e+01
         vertex 6.923316e+01 7.896783e+01 4.814840e+01
         vertex 6.518683e+01 8.649908e+01 4.814840e+01
      endloop
   endfacet
   facet normal -2.662170e-18 -8.507394e-18 -1.000000e+00
      outer loop
         vertex 6.518683e+01 8.649908e+01 4.814840e+01
         vertex 6.923316e+01 7.896783e+01 4.814840e+01
         vertex 6.388889e+01 8.436890e+01 4.814840e+01
      endloop
   endfacet
   facet normal -2.662170e-18 -8.507394e-18 -1.000000e+00
      outer loop
         vertex 6.388889e+01 8.436890e+01 4.814840e+01
         vertex 6.923316e+01 7.896783e+01 4.814840e+01
         vertex 6.294947e+01 8.205809e+01 4.814840e+01
      endloop
   endfacet
   facet normal -2.662170e-18 -8.507394e-18 -1.000000e+00
      outer loop
         vertex 6.294947e+01 8.205809e+01 4.814840e+01
         vertex 6.923316e+01 7.896783e+01 4.814840e+01
         vertex 6.838810e+01 7.856630e+01 4.814840e+01
      endloop
   endfacet
   facet normal -2.662170e-18 -8.507394e-18 -1.000000e+00
      outer loop
         vertex 6.294947e+01 8.205809e+01 4.814840e+01
         vertex 6.838810e+01 7.856630e+01 4.814840e+01
         vertex 6.239289e+01 7.962651e+01 4.814840e+01
      endloop
   endfacet
   facet normal -2.662170e-18 -8.507394e-18 -1.000000e+00
      outer loop
         vertex 6.239289e+01 7.962651e+01 4.814840e+01
         vertex 6.838810e+01 7.856630e+01 4.814840e+01
         vertex 6.777942e+01 7.785576e+01 4.814840e+01
      endloop
   endfacet
   facet normal -2.662170e-18 -8.507394e-18 -1.000000e+00
      outer loop
         vertex 6.239289e+01 7.962651e+01 4.814840e+01
         vertex 6.777942e+01 7.785576e+01 4.814840e+01
         vertex 6.223358e+01 7.713714e+01 4.814840e+01
      endloop
   endfacet
   facet normal -2.662170e-18 -8.507394e-18 -1.000000e+00
      outer loop
         vertex 6.777942e+01 7.785576e+01 4.814840e+01
         vertex 6.751237e+01 7.695909e+01 4.814840e+01
         vertex 6.223358e+01 7.713714e+01 4.814840e+01
      endloop
   endfacet
   facet normal -2.662170e-18 -8.507394e-18 -1.000000e+00
      outer loop
         vertex 6.223358e+01 7.713714e+01 4.814840e+01
         vertex 6.751237e+01 7.695909e+01 4.814840e+01
         vertex 6.565735e+01 7.391243e+01 4.814840e+01
      endloop
   endfacet
   facet normal -2.662170e-18 -8.507394e-18 -1.000000e+00
      outer loop
         vertex 6.223358e+01 7.713714e+01 4.814840e+01
         vertex 6.565735e+01 7.391243e+01 4.814840e+01
         vertex 6.247564e+01 7.465445e+01 4.814840e+01
      endloop
   endfacet
   facet normal -2.662170e-18 -8.507394e-18 -1.000000e+00
      outer loop
         vertex 6.247564e+01 7.465445e+01 4.814840e+01
         vertex 6.565735e+01 7.391243e+01 4.814840e+01
         vertex 6.311283e+01 7.224274e+01 4.814840e+01
      endloop
   endfacet
   facet normal -2.662170e-18 -8.507394e-18 -1.000000e+00
      outer loop
         vertex 7.255164e+01 6.800644e+01 4.814840e+01
         vertex 6.913992e+01 6.449406e+01 4.814840e+01
         vertex 6.718171e+01 6.603930e+01 4.814840e+01
      endloop
   endfacet
   facet normal -2.662170e-18 -8.507394e-18 -1.000000e+00
      outer loop
         vertex 6.913992e+01 6.449406e+01 4.814840e+01
         vertex 7.255164e+01 6.800644e+01 4.814840e+01
         vertex 7.132064e+01 6.328295e+01 4.814840e+01
      endloop
   endfacet
   facet normal -2.662170e-18 -8.507394e-18 -1.000000e+00
      outer loop
         vertex 7.132064e+01 6.328295e+01 4.814840e+01
         vertex 7.255164e+01 6.800644e+01 4.814840e+01
         vertex 7.623494e+01 6.485115e+01 4.814840e+01
      endloop
   endfacet
   facet normal -2.662170e-18 -8.507394e-18 -1.000000e+00
      outer loop
         vertex 7.132064e+01 6.328295e+01 4.814840e+01
         vertex 7.623494e+01 6.485115e+01 4.814840e+01
         vertex 7.366740e+01 6.243734e+01 4.814840e+01
      endloop
   endfacet
   facet normal -2.662170e-18 -8.507394e-18 -1.000000e+00
      outer loop
         vertex 8.108412e+01 6.226201e+01 4.814840e+01
         vertex 7.861319e+01 6.192017e+01 4.814840e+01
         vertex 7.623494e+01 6.485115e+01 4.814840e+01
      endloop
   endfacet
   facet normal -2.662170e-18 -8.507394e-18 -1.000000e+00
      outer loop
         vertex 7.623494e+01 6.485115e+01 4.814840e+01
         vertex 7.861319e+01 6.192017e+01 4.814840e+01
         vertex 7.611942e+01 6.197912e+01 4.814840e+01
      endloop
   endfacet
   facet normal -2.662170e-18 -8.507394e-18 -1.000000e+00
      outer loop
         vertex 7.623494e+01 6.485115e+01 4.814840e+01
         vertex 7.611942e+01 6.197912e+01 4.814840e+01
         vertex 7.366740e+01 6.243734e+01 4.814840e+01
      endloop
   endfacet
   facet normal -2.662170e-18 -8.507394e-18 -1.000000e+00
      outer loop
         vertex 8.005602e+01 6.795502e+01 4.814840e+01
         vertex 8.346821e+01 6.299579e+01 4.814840e+01
         vertex 7.931291e+01 6.738656e+01 4.814840e+01
      endloop
   endfacet
   facet normal -2.662170e-18 -8.507394e-18 -1.000000e+00
      outer loop
         vertex 7.931291e+01 6.738656e+01 4.814840e+01
         vertex 8.346821e+01 6.299579e+01 4.814840e+01
         vertex 8.108412e+01 6.226201e+01 4.814840e+01
      endloop
   endfacet
   facet normal -2.662170e-18 -8.507394e-18 -1.000000e+00
      outer loop
         vertex 7.931291e+01 6.738656e+01 4.814840e+01
         vertex 8.108412e+01 6.226201e+01 4.814840e+01
         vertex 7.840284e+01 6.716950e+01 4.814840e+01
      endloop
   endfacet
   facet normal -2.662170e-18 -8.507394e-18 -1.000000e+00
      outer loop
         vertex 7.840284e+01 6.716950e+01 4.814840e+01
         vertex 8.108412e+01 6.226201e+01 4.814840e+01
         vertex 7.623494e+01 6.485115e+01 4.814840e+01
      endloop
   endfacet
   facet normal -2.662170e-18 -8.507394e-18 -1.000000e+00
      outer loop
         vertex 7.840284e+01 6.716950e+01 4.814840e+01
         vertex 7.623494e+01 6.485115e+01 4.814840e+01
         vertex 7.748315e+01 6.734136e+01 4.814840e+01
      endloop
   endfacet
   facet normal -2.662170e-18 -8.507394e-18 -1.000000e+00
      outer loop
         vertex 8.306595e+01 7.282526e+01 4.814840e+01
         vertex 8.950278e+01 6.731116e+01 4.814840e+01
         vertex 8.050367e+01 6.877658e+01 4.814840e+01
      endloop
   endfacet
   facet normal -2.662170e-18 -8.507394e-18 -1.000000e+00
      outer loop
         vertex 8.050367e+01 6.877658e+01 4.814840e+01
         vertex 8.950278e+01 6.731116e+01 4.814840e+01
         vertex 8.773277e+01 6.555348e+01 4.814840e+01
      endloop
   endfacet
   facet normal -2.662170e-18 -8.507394e-18 -1.000000e+00
      outer loop
         vertex 8.050367e+01 6.877658e+01 4.814840e+01
         vertex 8.773277e+01 6.555348e+01 4.814840e+01
         vertex 8.005602e+01 6.795502e+01 4.814840e+01
      endloop
   endfacet
   facet normal -2.662170e-18 -8.507394e-18 -1.000000e+00
      outer loop
         vertex 8.005602e+01 6.795502e+01 4.814840e+01
         vertex 8.773277e+01 6.555348e+01 4.814840e+01
         vertex 8.570373e+01 6.410250e+01 4.814840e+01
      endloop
   endfacet
   facet normal -2.662170e-18 -8.507394e-18 -1.000000e+00
      outer loop
         vertex 8.005602e+01 6.795502e+01 4.814840e+01
         vertex 8.570373e+01 6.410250e+01 4.814840e+01
         vertex 8.346821e+01 6.299579e+01 4.814840e+01
      endloop
   endfacet
   facet normal -2.662170e-18 -8.507394e-18 -1.000000e+00
      outer loop
         vertex 8.407330e+01 7.646454e+01 4.814840e+01
         vertex 8.484357e+01 7.593346e+01 4.814840e+01
         vertex 8.306595e+01 7.282526e+01 4.814840e+01
      endloop
   endfacet
   facet normal -2.662170e-18 -8.507394e-18 -1.000000e+00
      outer loop
         vertex 8.306595e+01 7.282526e+01 4.814840e+01
         vertex 8.484357e+01 7.593346e+01 4.814840e+01
         vertex 8.576325e+01 7.576160e+01 4.814840e+01
      endloop
   endfacet
   facet normal -2.662170e-18 -8.507394e-18 -1.000000e+00
      outer loop
         vertex 8.306595e+01 7.282526e+01 4.814840e+01
         vertex 8.576325e+01 7.576160e+01 4.814840e+01
         vertex 8.950278e+01 6.731116e+01 4.814840e+01
      endloop
   endfacet
   facet normal -2.662170e-18 -8.507394e-18 -1.000000e+00
      outer loop
         vertex 8.950278e+01 6.731116e+01 4.814840e+01
         vertex 8.576325e+01 7.576160e+01 4.814840e+01
         vertex 8.667333e+01 7.597866e+01 4.814840e+01
      endloop
   endfacet
   facet normal -2.662170e-18 -8.507394e-18 -1.000000e+00
      outer loop
         vertex 8.950278e+01 6.731116e+01 4.814840e+01
         vertex 8.667333e+01 7.597866e+01 4.814840e+01
         vertex 9.096792e+01 6.933000e+01 4.814840e+01
      endloop
   endfacet
   facet normal -2.662170e-18 -8.507394e-18 -1.000000e+00
      outer loop
         vertex 9.096792e+01 6.933000e+01 4.814840e+01
         vertex 8.667333e+01 7.597866e+01 4.814840e+01
         vertex 8.741643e+01 7.654712e+01 4.814840e+01
      endloop
   endfacet
   facet normal -2.662170e-18 -8.507394e-18 -1.000000e+00
      outer loop
         vertex 9.188804e+01 8.370700e+01 4.814840e+01
         vertex 9.271722e+01 8.135439e+01 4.814840e+01
         vertex 8.987132e+01 8.076944e+01 4.814840e+01
      endloop
   endfacet
   facet normal -2.662170e-18 -8.507394e-18 -1.000000e+00
      outer loop
         vertex 8.987132e+01 8.076944e+01 4.814840e+01
         vertex 9.271722e+01 8.135439e+01 4.814840e+01
         vertex 9.315827e+01 7.889922e+01 4.814840e+01
      endloop
   endfacet
   facet normal -2.662170e-18 -8.507394e-18 -1.000000e+00
      outer loop
         vertex 8.987132e+01 8.076944e+01 4.814840e+01
         vertex 9.315827e+01 7.889922e+01 4.814840e+01
         vertex 8.793887e+01 7.830129e+01 4.814840e+01
      endloop
   endfacet
   facet normal -2.662170e-18 -8.507394e-18 -1.000000e+00
      outer loop
         vertex 8.793887e+01 7.830129e+01 4.814840e+01
         vertex 9.315827e+01 7.889922e+01 4.814840e+01
         vertex 9.319978e+01 7.640511e+01 4.814840e+01
      endloop
   endfacet
   facet normal -2.662170e-18 -8.507394e-18 -1.000000e+00
      outer loop
         vertex 8.793887e+01 7.830129e+01 4.814840e+01
         vertex 9.319978e+01 7.640511e+01 4.814840e+01
         vertex 8.786408e+01 7.736868e+01 4.814840e+01
      endloop
   endfacet
   facet normal -2.662170e-18 -8.507394e-18 -1.000000e+00
      outer loop
         vertex 8.786408e+01 7.736868e+01 4.814840e+01
         vertex 9.319978e+01 7.640511e+01 4.814840e+01
         vertex 9.284067e+01 7.393663e+01 4.814840e+01
      endloop
   endfacet
   facet normal -2.662170e-18 -8.507394e-18 -1.000000e+00
      outer loop
         vertex 8.786408e+01 7.736868e+01 4.814840e+01
         vertex 9.284067e+01 7.393663e+01 4.814840e+01
         vertex 8.741643e+01 7.654712e+01 4.814840e+01
      endloop
   endfacet
   facet normal -2.662170e-18 -8.507394e-18 -1.000000e+00
      outer loop
         vertex 8.741643e+01 7.654712e+01 4.814840e+01
         vertex 9.284067e+01 7.393663e+01 4.814840e+01
         vertex 9.209024e+01 7.155772e+01 4.814840e+01
      endloop
   endfacet
   facet normal -2.662170e-18 -8.507394e-18 -1.000000e+00
      outer loop
         vertex 8.741643e+01 7.654712e+01 4.814840e+01
         vertex 9.209024e+01 7.155772e+01 4.814840e+01
         vertex 9.096792e+01 6.933000e+01 4.814840e+01
      endloop
   endfacet
   facet normal -2.662170e-18 -8.507394e-18 -1.000000e+00
      outer loop
         vertex 8.525698e+01 9.094557e+01 4.814840e+01
         vertex 8.733318e+01 8.956291e+01 4.814840e+01
         vertex 8.297703e+01 8.667543e+01 4.814840e+01
      endloop
   endfacet
   facet normal -2.662170e-18 -8.507394e-18 -1.000000e+00
      outer loop
         vertex 8.297703e+01 8.667543e+01 4.814840e+01
         vertex 8.733318e+01 8.956291e+01 4.814840e+01
         vertex 8.462826e+01 8.526091e+01 4.814840e+01
      endloop
   endfacet
   facet normal -2.662170e-18 -8.507394e-18 -1.000000e+00
      outer loop
         vertex 8.297703e+01 8.667543e+01 4.814840e+01
         vertex 8.462826e+01 8.526091e+01 4.814840e+01
         vertex 7.952051e+01 7.948354e+01 4.814840e+01
      endloop
   endfacet
   facet normal -2.662170e-18 -8.507394e-18 -1.000000e+00
      outer loop
         vertex 7.952051e+01 7.948354e+01 4.814840e+01
         vertex 8.462826e+01 8.526091e+01 4.814840e+01
         vertex 8.522183e+01 8.469146e+01 4.814840e+01
      endloop
   endfacet
   facet normal -2.662170e-18 -8.507394e-18 -1.000000e+00
      outer loop
         vertex 7.952051e+01 7.948354e+01 4.814840e+01
         vertex 8.522183e+01 8.469146e+01 4.814840e+01
         vertex 8.472482e+01 8.380707e+01 4.814840e+01
      endloop
   endfacet
   facet normal -2.662170e-18 -8.507394e-18 -1.000000e+00
      outer loop
         vertex 7.934677e+01 8.566171e+01 4.814840e+01
         vertex 7.903577e+01 8.654411e+01 4.814840e+01
         vertex 8.297703e+01 8.667543e+01 4.814840e+01
      endloop
   endfacet
   facet normal -2.662170e-18 -8.507394e-18 -1.000000e+00
      outer loop
         vertex 8.297703e+01 8.667543e+01 4.814840e+01
         vertex 7.903577e+01 8.654411e+01 4.814840e+01
         vertex 7.929374e+01 8.983072e+01 4.814840e+01
      endloop
   endfacet
   facet normal -2.662170e-18 -8.507394e-18 -1.000000e+00
      outer loop
         vertex 8.297703e+01 8.667543e+01 4.814840e+01
         vertex 7.929374e+01 8.983072e+01 4.814840e+01
         vertex 8.298587e+01 9.197728e+01 4.814840e+01
      endloop
   endfacet
   facet normal -2.662170e-18 -8.507394e-18 -1.000000e+00
      outer loop
         vertex 7.560732e+01 9.274884e+01 4.814840e+01
         vertex 7.809774e+01 9.289074e+01 4.814840e+01
         vertex 7.929374e+01 8.983072e+01 4.814840e+01
      endloop
   endfacet
   facet normal -2.662170e-18 -8.507394e-18 -1.000000e+00
      outer loop
         vertex 7.929374e+01 8.983072e+01 4.814840e+01
         vertex 7.809774e+01 9.289074e+01 4.814840e+01
         vertex 8.057868e+01 9.263132e+01 4.814840e+01
      endloop
   endfacet
   facet normal -2.662170e-18 -8.507394e-18 -1.000000e+00
      outer loop
         vertex 7.929374e+01 8.983072e+01 4.814840e+01
         vertex 8.057868e+01 9.263132e+01 4.814840e+01
         vertex 8.298587e+01 9.197728e+01 4.814840e+01
      endloop
   endfacet
   facet normal -2.662170e-18 -8.507394e-18 -1.000000e+00
      outer loop
         vertex 7.903577e+01 8.654411e+01 4.814840e+01
         vertex 7.839275e+01 8.722372e+01 4.814840e+01
         vertex 7.929374e+01 8.983072e+01 4.814840e+01
      endloop
   endfacet
   facet normal -2.662170e-18 -8.507394e-18 -1.000000e+00
      outer loop
         vertex 7.929374e+01 8.983072e+01 4.814840e+01
         vertex 7.839275e+01 8.722372e+01 4.814840e+01
         vertex 7.752890e+01 8.758304e+01 4.814840e+01
      endloop
   endfacet
   facet normal -2.662170e-18 -8.507394e-18 -1.000000e+00
      outer loop
         vertex 7.929374e+01 8.983072e+01 4.814840e+01
         vertex 7.752890e+01 8.758304e+01 4.814840e+01
         vertex 7.560732e+01 9.274884e+01 4.814840e+01
      endloop
   endfacet
   facet normal -2.662170e-18 -8.507394e-18 -1.000000e+00
      outer loop
         vertex 7.560732e+01 9.274884e+01 4.814840e+01
         vertex 7.752890e+01 8.758304e+01 4.814840e+01
         vertex 7.659358e+01 8.755994e+01 4.814840e+01
      endloop
   endfacet
   facet normal -2.662170e-18 -8.507394e-18 -1.000000e+00
      outer loop
         vertex 7.560732e+01 9.274884e+01 4.814840e+01
         vertex 7.659358e+01 8.755994e+01 4.814840e+01
         vertex 7.317191e+01 9.220928e+01 4.814840e+01
      endloop
   endfacet
   facet normal -2.662170e-18 -8.507394e-18 -1.000000e+00
      outer loop
         vertex 7.317191e+01 9.220928e+01 4.814840e+01
         vertex 7.659358e+01 8.755994e+01 4.814840e+01
         vertex 7.574852e+01 8.715841e+01 4.814840e+01
      endloop
   endfacet
   facet normal -2.662170e-18 -8.507394e-18 -1.000000e+00
      outer loop
         vertex 7.317191e+01 9.220928e+01 4.814840e+01
         vertex 7.574852e+01 8.715841e+01 4.814840e+01
         vertex 7.085459e+01 9.128604e+01 4.814840e+01
      endloop
   endfacet
   facet normal -2.662170e-18 -8.507394e-18 -1.000000e+00
      outer loop
         vertex 7.085459e+01 9.128604e+01 4.814840e+01
         vertex 7.574852e+01 8.715841e+01 4.814840e+01
         vertex 7.513984e+01 8.644787e+01 4.814840e+01
      endloop
   endfacet
   facet normal -2.662170e-18 -8.507394e-18 -1.000000e+00
      outer loop
         vertex 7.281365e+01 8.226626e+01 4.814840e+01
         vertex 6.629149e+01 8.785346e+01 4.814840e+01
         vertex 7.487279e+01 8.555119e+01 4.814840e+01
      endloop
   endfacet
   facet normal -2.662170e-18 -8.507394e-18 -1.000000e+00
      outer loop
         vertex 7.487279e+01 8.555119e+01 4.814840e+01
         vertex 6.629149e+01 8.785346e+01 4.814840e+01
         vertex 6.680967e+01 8.839348e+01 4.814840e+01
      endloop
   endfacet
   facet normal -2.662170e-18 -8.507394e-18 -1.000000e+00
      outer loop
         vertex 7.487279e+01 8.555119e+01 4.814840e+01
         vertex 6.680967e+01 8.839348e+01 4.814840e+01
         vertex 7.513984e+01 8.644787e+01 4.814840e+01
      endloop
   endfacet
   facet normal -2.662170e-18 -8.507394e-18 -1.000000e+00
      outer loop
         vertex 7.513984e+01 8.644787e+01 4.814840e+01
         vertex 6.680967e+01 8.839348e+01 4.814840e+01
         vertex 6.871537e+01 9.000303e+01 4.814840e+01
      endloop
   endfacet
   facet normal -2.662170e-18 -8.507394e-18 -1.000000e+00
      outer loop
         vertex 7.513984e+01 8.644787e+01 4.814840e+01
         vertex 6.871537e+01 9.000303e+01 4.814840e+01
         vertex 7.085459e+01 9.128604e+01 4.814840e+01
      endloop
   endfacet
   facet normal -2.662170e-18 -8.507394e-18 -1.000000e+00
      outer loop
         vertex 7.782527e+01 7.160742e+01 4.814840e+01
         vertex 7.698021e+01 7.120588e+01 4.814840e+01
         vertex 7.570693e+01 7.168973e+01 4.814840e+01
      endloop
   endfacet
   facet normal -2.662170e-18 -8.507394e-18 -1.000000e+00
      outer loop
         vertex 7.570693e+01 7.168973e+01 4.814840e+01
         vertex 7.698021e+01 7.120588e+01 4.814840e+01
         vertex 7.637153e+01 7.049535e+01 4.814840e+01
      endloop
   endfacet
   facet normal -2.662170e-18 -8.507394e-18 -1.000000e+00
      outer loop
         vertex 7.570693e+01 7.168973e+01 4.814840e+01
         vertex 7.637153e+01 7.049535e+01 4.814840e+01
         vertex 7.255164e+01 6.800644e+01 4.814840e+01
      endloop
   endfacet
   facet normal -2.662170e-18 -8.507394e-18 -1.000000e+00
      outer loop
         vertex 7.637153e+01 7.049535e+01 4.814840e+01
         vertex 7.610447e+01 6.959867e+01 4.814840e+01
         vertex 7.255164e+01 6.800644e+01 4.814840e+01
      endloop
   endfacet
   facet normal -2.662170e-18 -8.507394e-18 -1.000000e+00
      outer loop
         vertex 7.255164e+01 6.800644e+01 4.814840e+01
         vertex 7.610447e+01 6.959867e+01 4.814840e+01
         vertex 7.622522e+01 6.867089e+01 4.814840e+01
      endloop
   endfacet
   facet normal -2.662170e-18 -8.507394e-18 -1.000000e+00
      outer loop
         vertex 7.255164e+01 6.800644e+01 4.814840e+01
         vertex 7.622522e+01 6.867089e+01 4.814840e+01
         vertex 7.623494e+01 6.485115e+01 4.814840e+01
      endloop
   endfacet
   facet normal -2.662170e-18 -8.507394e-18 -1.000000e+00
      outer loop
         vertex 7.623494e+01 6.485115e+01 4.814840e+01
         vertex 7.622522e+01 6.867089e+01 4.814840e+01
         vertex 7.671289e+01 6.787243e+01 4.814840e+01
      endloop
   endfacet
   facet normal -2.662170e-18 -8.507394e-18 -1.000000e+00
      outer loop
         vertex 7.623494e+01 6.485115e+01 4.814840e+01
         vertex 7.671289e+01 6.787243e+01 4.814840e+01
         vertex 7.748315e+01 6.734136e+01 4.814840e+01
      endloop
   endfacet
   facet normal -2.662170e-18 -8.507394e-18 -1.000000e+00
      outer loop
         vertex 6.859826e+01 6.898134e+01 4.814840e+01
         vertex 6.957505e+01 6.925526e+01 4.814840e+01
         vertex 6.718171e+01 6.603930e+01 4.814840e+01
      endloop
   endfacet
   facet normal -2.662170e-18 -8.507394e-18 -1.000000e+00
      outer loop
         vertex 6.718171e+01 6.603930e+01 4.814840e+01
         vertex 6.957505e+01 6.925526e+01 4.814840e+01
         vertex 7.099187e+01 6.934261e+01 4.814840e+01
      endloop
   endfacet
   facet normal -2.662170e-18 -8.507394e-18 -1.000000e+00
      outer loop
         vertex 6.718171e+01 6.603930e+01 4.814840e+01
         vertex 7.099187e+01 6.934261e+01 4.814840e+01
         vertex 7.255164e+01 6.800644e+01 4.814840e+01
      endloop
   endfacet
   facet normal -2.662170e-18 -8.507394e-18 -1.000000e+00
      outer loop
         vertex 7.255164e+01 6.800644e+01 4.814840e+01
         vertex 7.099187e+01 6.934261e+01 4.814840e+01
         vertex 7.414716e+01 7.302591e+01 4.814840e+01
      endloop
   endfacet
   facet normal -2.662170e-18 -8.507394e-18 -1.000000e+00
      outer loop
         vertex 7.255164e+01 6.800644e+01 4.814840e+01
         vertex 7.414716e+01 7.302591e+01 4.814840e+01
         vertex 7.570693e+01 7.168973e+01 4.814840e+01
      endloop
   endfacet
   facet normal -2.662170e-18 -8.507394e-18 -1.000000e+00
      outer loop
         vertex 7.570693e+01 7.168973e+01 4.814840e+01
         vertex 7.414716e+01 7.302591e+01 4.814840e+01
         vertex 7.594235e+01 7.530660e+01 4.814840e+01
      endloop
   endfacet
   facet normal -2.662170e-18 -8.507394e-18 -1.000000e+00
      outer loop
         vertex 7.570693e+01 7.168973e+01 4.814840e+01
         vertex 7.594235e+01 7.530660e+01 4.814840e+01
         vertex 7.687776e+01 7.478093e+01 4.814840e+01
      endloop
   endfacet
   facet normal -7.975976e-01 6.031899e-01 -3.008234e-18
      outer loop
         vertex 6.525808e+01 8.742206e+01 4.864840e+01
         vertex 6.478217e+01 8.679276e+01 4.864840e+01
         vertex 6.478217e+01 8.679276e+01 5.419840e+01
      endloop
   endfacet
   facet normal -8.539670e-01 5.203273e-01 -2.153224e-18
      outer loop
         vertex 6.478217e+01 8.679276e+01 5.419840e+01
         vertex 6.478217e+01 8.679276e+01 4.864840e+01
         vertex 6.344236e+01 8.459386e+01 4.864840e+01
      endloop
   endfacet
   facet normal -8.539670e-01 5.203273e-01 -2.153224e-18
      outer loop
         vertex 6.478217e+01 8.679276e+01 5.419840e+01
         vertex 6.344236e+01 8.459386e+01 4.864840e+01
         vertex 6.344236e+01 8.459386e+01 5.419840e+01
      endloop
   endfacet
   facet normal -9.263747e-01 3.766032e-01 -7.377452e-19
      outer loop
         vertex 6.344236e+01 8.459386e+01 5.419840e+01
         vertex 6.344236e+01 8.459386e+01 4.864840e+01
         vertex 6.247263e+01 8.220851e+01 4.864840e+01
      endloop
   endfacet
   facet normal -9.263747e-01 3.766032e-01 -7.377452e-19
      outer loop
         vertex 6.344236e+01 8.459386e+01 5.419840e+01
         vertex 6.247263e+01 8.220851e+01 4.864840e+01
         vertex 6.247263e+01 8.220851e+01 5.419840e+01
      endloop
   endfacet
   facet normal -9.747898e-01 2.231253e-01 6.968405e-19
      outer loop
         vertex 6.247263e+01 8.220851e+01 5.419840e+01
         vertex 6.247263e+01 8.220851e+01 4.864840e+01
         vertex 6.189810e+01 7.969849e+01 4.864840e+01
      endloop
   endfacet
   facet normal -9.747898e-01 2.231253e-01 6.968405e-19
      outer loop
         vertex 6.247263e+01 8.220851e+01 5.419840e+01
         vertex 6.189810e+01 7.969849e+01 4.864840e+01
         vertex 6.189810e+01 7.969849e+01 5.419840e+01
      endloop
   endfacet
   facet normal -9.979583e-01 6.386888e-02 2.113377e-18
      outer loop
         vertex 6.189810e+01 7.969849e+01 5.419840e+01
         vertex 6.189810e+01 7.969849e+01 4.864840e+01
         vertex 6.173364e+01 7.712882e+01 4.864840e+01
      endloop
   endfacet
   facet normal -9.979583e-01 6.386888e-02 2.113377e-18
      outer loop
         vertex 6.189810e+01 7.969849e+01 5.419840e+01
         vertex 6.173364e+01 7.712882e+01 4.864840e+01
         vertex 6.173364e+01 7.712882e+01 5.419840e+01
      endloop
   endfacet
   facet normal -9.952802e-01 -9.704243e-02 3.475183e-18
      outer loop
         vertex 6.173364e+01 7.712882e+01 5.419840e+01
         vertex 6.173364e+01 7.712882e+01 4.864840e+01
         vertex 6.198352e+01 7.456604e+01 4.864840e+01
      endloop
   endfacet
   facet normal -9.952802e-01 -9.704243e-02 3.475183e-18
      outer loop
         vertex 6.173364e+01 7.712882e+01 5.419840e+01
         vertex 6.198352e+01 7.456604e+01 4.864840e+01
         vertex 6.198352e+01 7.456604e+01 5.419840e+01
      endloop
   endfacet
   facet normal -9.668250e-01 -2.554397e-01 4.746978e-18
      outer loop
         vertex 6.198352e+01 7.456604e+01 5.419840e+01
         vertex 6.198352e+01 7.456604e+01 4.864840e+01
         vertex 6.264126e+01 7.207653e+01 4.864840e+01
      endloop
   endfacet
   facet normal -9.668250e-01 -2.554397e-01 4.746978e-18
      outer loop
         vertex 6.198352e+01 7.456604e+01 5.419840e+01
         vertex 6.264126e+01 7.207653e+01 4.864840e+01
         vertex 6.264126e+01 7.207653e+01 5.419840e+01
      endloop
   endfacet
   facet normal -9.133295e-01 -4.072213e-01 5.895830e-18
      outer loop
         vertex 6.264126e+01 7.207653e+01 5.419840e+01
         vertex 6.264126e+01 7.207653e+01 4.864840e+01
         vertex 6.368983e+01 6.972477e+01 4.864840e+01
      endloop
   endfacet
   facet normal -9.133295e-01 -4.072213e-01 5.895830e-18
      outer loop
         vertex 6.264126e+01 7.207653e+01 5.419840e+01
         vertex 6.368983e+01 6.972477e+01 4.864840e+01
         vertex 6.368983e+01 6.972477e+01 5.419840e+01
      endloop
   endfacet
   facet normal -8.361793e-01 -5.484562e-01 6.891984e-18
      outer loop
         vertex 6.368983e+01 6.972477e+01 5.419840e+01
         vertex 6.368983e+01 6.972477e+01 4.864840e+01
         vertex 6.510206e+01 6.757167e+01 4.864840e+01
      endloop
   endfacet
   facet normal -8.361793e-01 -5.484562e-01 6.891984e-18
      outer loop
         vertex 6.368983e+01 6.972477e+01 5.419840e+01
         vertex 6.510206e+01 6.757167e+01 4.864840e+01
         vertex 6.510206e+01 6.757167e+01 5.419840e+01
      endloop
   endfacet
   facet normal -7.373720e-01 -6.754869e-01 7.709642e-18
      outer loop
         vertex 6.510206e+01 6.757167e+01 5.419840e+01
         vertex 6.510206e+01 6.757167e+01 4.864840e+01
         vertex 6.684140e+01 6.567299e+01 4.864840e+01
      endloop
   endfacet
   facet normal -7.373720e-01 -6.754869e-01 7.709642e-18
      outer loop
         vertex 6.510206e+01 6.757167e+01 5.419840e+01
         vertex 6.684140e+01 6.567299e+01 4.864840e+01
         vertex 6.684140e+01 6.567299e+01 5.419840e+01
      endloop
   endfacet
   facet normal -6.194677e-01 -7.850221e-01 8.327621e-18
      outer loop
         vertex 6.684140e+01 6.567299e+01 5.419840e+01
         vertex 6.684140e+01 6.567299e+01 4.864840e+01
         vertex 6.886277e+01 6.407790e+01 4.864840e+01
      endloop
   endfacet
   facet normal -6.194677e-01 -7.850221e-01 8.327621e-18
      outer loop
         vertex 6.684140e+01 6.567299e+01 5.419840e+01
         vertex 6.886277e+01 6.407790e+01 4.864840e+01
         vertex 6.886277e+01 6.407790e+01 5.419840e+01
      endloop
   endfacet
   facet normal -4.855199e-01 -8.742256e-01 8.729918e-18
      outer loop
         vertex 6.886277e+01 6.407790e+01 5.419840e+01
         vertex 6.886277e+01 6.407790e+01 4.864840e+01
         vertex 7.111384e+01 6.282772e+01 4.864840e+01
      endloop
   endfacet
   facet normal -4.855199e-01 -8.742256e-01 8.729918e-18
      outer loop
         vertex 6.886277e+01 6.407790e+01 5.419840e+01
         vertex 7.111384e+01 6.282772e+01 4.864840e+01
         vertex 7.111384e+01 6.282772e+01 5.419840e+01
      endloop
   endfacet
   facet normal -3.389961e-01 -9.407878e-01 8.906117e-18
      outer loop
         vertex 7.111384e+01 6.282772e+01 5.419840e+01
         vertex 7.111384e+01 6.282772e+01 4.864840e+01
         vertex 7.353631e+01 6.195483e+01 4.864840e+01
      endloop
   endfacet
   facet normal -3.389961e-01 -9.407878e-01 8.906117e-18
      outer loop
         vertex 7.111384e+01 6.282772e+01 5.419840e+01
         vertex 7.353631e+01 6.195483e+01 4.864840e+01
         vertex 7.353631e+01 6.195483e+01 5.419840e+01
      endloop
   endfacet
   facet normal -1.836936e-01 -9.829835e-01 8.851652e-18
      outer loop
         vertex 7.353631e+01 6.195483e+01 5.419840e+01
         vertex 7.353631e+01 6.195483e+01 4.864840e+01
         vertex 7.606742e+01 6.148183e+01 4.864840e+01
      endloop
   endfacet
   facet normal -1.836936e-01 -9.829835e-01 8.851652e-18
      outer loop
         vertex 7.353631e+01 6.195483e+01 5.419840e+01
         vertex 7.606742e+01 6.148183e+01 4.864840e+01
         vertex 7.606742e+01 6.148183e+01 5.419840e+01
      endloop
   endfacet
   facet normal -2.363333e-02 -9.997207e-01 8.567934e-18
      outer loop
         vertex 7.606742e+01 6.148183e+01 5.419840e+01
         vertex 7.606742e+01 6.148183e+01 4.864840e+01
         vertex 7.864163e+01 6.142098e+01 4.864840e+01
      endloop
   endfacet
   facet normal -2.363333e-02 -9.997207e-01 8.567934e-18
      outer loop
         vertex 7.606742e+01 6.148183e+01 5.419840e+01
         vertex 7.864163e+01 6.142098e+01 4.864840e+01
         vertex 7.864163e+01 6.142098e+01 5.419840e+01
      endloop
   endfacet
   facet normal 1.370394e-01 -9.905656e-01 8.062310e-18
      outer loop
         vertex 7.864163e+01 6.142098e+01 5.419840e+01
         vertex 7.864163e+01 6.142098e+01 4.864840e+01
         vertex 8.119227e+01 6.177385e+01 4.864840e+01
      endloop
   endfacet
   facet normal 1.370394e-01 -9.905656e-01 8.062310e-18
      outer loop
         vertex 7.864163e+01 6.142098e+01 5.419840e+01
         vertex 8.119227e+01 6.177385e+01 4.864840e+01
         vertex 8.119227e+01 6.177385e+01 5.419840e+01
      endloop
   endfacet
   facet normal 2.941629e-01 -9.557553e-01 7.347875e-18
      outer loop
         vertex 8.119227e+01 6.177385e+01 5.419840e+01
         vertex 8.119227e+01 6.177385e+01 4.864840e+01
         vertex 8.365327e+01 6.253130e+01 4.864840e+01
      endloop
   endfacet
   facet normal 2.941629e-01 -9.557553e-01 7.347875e-18
      outer loop
         vertex 8.119227e+01 6.177385e+01 5.419840e+01
         vertex 8.365327e+01 6.253130e+01 4.864840e+01
         vertex 8.365327e+01 6.253130e+01 5.419840e+01
      endloop
   endfacet
   facet normal 4.436677e-01 -8.961914e-01 6.443134e-18
      outer loop
         vertex 8.365327e+01 6.253130e+01 5.419840e+01
         vertex 8.365327e+01 6.253130e+01 4.864840e+01
         vertex 8.596090e+01 6.367371e+01 4.864840e+01
      endloop
   endfacet
   facet normal 4.436677e-01 -8.961914e-01 6.443134e-18
      outer loop
         vertex 8.365327e+01 6.253130e+01 5.419840e+01
         vertex 8.596090e+01 6.367371e+01 4.864840e+01
         vertex 8.596090e+01 6.367371e+01 5.419840e+01
      endloop
   endfacet
   facet normal 5.816807e-01 -8.134172e-01 5.371528e-18
      outer loop
         vertex 8.596090e+01 6.367371e+01 5.419840e+01
         vertex 8.596090e+01 6.367371e+01 4.864840e+01
         vertex 8.805539e+01 6.517150e+01 4.864840e+01
      endloop
   endfacet
   facet normal 5.816807e-01 -8.134172e-01 5.371528e-18
      outer loop
         vertex 8.596090e+01 6.367371e+01 5.419840e+01
         vertex 8.805539e+01 6.517150e+01 4.864840e+01
         vertex 8.805539e+01 6.517150e+01 5.419840e+01
      endloop
   endfacet
   facet normal 7.046294e-01 -7.095755e-01 4.160795e-18
      outer loop
         vertex 8.805539e+01 6.517150e+01 5.419840e+01
         vertex 8.805539e+01 6.517150e+01 4.864840e+01
         vertex 8.988250e+01 6.698587e+01 4.864840e+01
      endloop
   endfacet
   facet normal 7.046294e-01 -7.095755e-01 4.160795e-18
      outer loop
         vertex 8.805539e+01 6.517150e+01 5.419840e+01
         vertex 8.988250e+01 6.698587e+01 4.864840e+01
         vertex 8.988250e+01 6.698587e+01 5.419840e+01
      endloop
   endfacet
   facet normal 8.093291e-01 -5.873554e-01 2.842293e-18
      outer loop
         vertex 8.988250e+01 6.698587e+01 5.419840e+01
         vertex 8.988250e+01 6.698587e+01 4.864840e+01
         vertex 9.139490e+01 6.906983e+01 4.864840e+01
      endloop
   endfacet
   facet normal 8.093291e-01 -5.873554e-01 2.842293e-18
      outer loop
         vertex 8.988250e+01 6.698587e+01 5.419840e+01
         vertex 9.139490e+01 6.906983e+01 4.864840e+01
         vertex 9.139490e+01 6.906983e+01 5.419840e+01
      endloop
   endfacet
   facet normal 8.930670e-01 -4.499237e-01 1.450182e-18
      outer loop
         vertex 9.139490e+01 6.906983e+01 5.419840e+01
         vertex 9.139490e+01 6.906983e+01 4.864840e+01
         vertex 9.255342e+01 7.136942e+01 4.864840e+01
      endloop
   endfacet
   facet normal 8.930670e-01 -4.499237e-01 1.450182e-18
      outer loop
         vertex 9.139490e+01 6.906983e+01 5.419840e+01
         vertex 9.255342e+01 7.136942e+01 4.864840e+01
         vertex 9.255342e+01 7.136942e+01 5.419840e+01
      endloop
   endfacet
   facet normal 9.536745e-01 -3.008403e-01 2.052352e-20
      outer loop
         vertex 9.255342e+01 7.136942e+01 5.419840e+01
         vertex 9.255342e+01 7.136942e+01 4.864840e+01
         vertex 9.332807e+01 7.382506e+01 4.864840e+01
      endloop
   endfacet
   facet normal 9.536745e-01 -3.008403e-01 2.052352e-20
      outer loop
         vertex 9.255342e+01 7.136942e+01 5.419840e+01
         vertex 9.332807e+01 7.382506e+01 4.864840e+01
         vertex 9.332807e+01 7.382506e+01 5.419840e+01
      endloop
   endfacet
   facet normal 9.895829e-01 -1.439641e-01 -1.409678e-18
      outer loop
         vertex 9.332807e+01 7.382506e+01 5.419840e+01
         vertex 9.332807e+01 7.382506e+01 4.864840e+01
         vertex 9.369876e+01 7.637317e+01 4.864840e+01
      endloop
   endfacet
   facet normal 9.895829e-01 -1.439641e-01 -1.409678e-18
      outer loop
         vertex 9.332807e+01 7.382506e+01 5.419840e+01
         vertex 9.369876e+01 7.637317e+01 4.864840e+01
         vertex 9.369876e+01 7.637317e+01 5.419840e+01
      endloop
   endfacet
   facet normal 9.998615e-01 1.664067e-02 -2.803370e-18
      outer loop
         vertex 9.369876e+01 7.637317e+01 5.419840e+01
         vertex 9.369876e+01 7.637317e+01 4.864840e+01
         vertex 9.365591e+01 7.894774e+01 4.864840e+01
      endloop
   endfacet
   facet normal 9.998615e-01 1.664067e-02 -2.803370e-18
      outer loop
         vertex 9.369876e+01 7.637317e+01 5.419840e+01
         vertex 9.365591e+01 7.894774e+01 4.864840e+01
         vertex 9.365591e+01 7.894774e+01 5.419840e+01
      endloop
   endfacet
   facet normal 9.842442e-01 1.768145e-01 -4.124455e-18
      outer loop
         vertex 9.365591e+01 7.894774e+01 5.419840e+01
         vertex 9.365591e+01 7.894774e+01 4.864840e+01
         vertex 9.320063e+01 8.148210e+01 4.864840e+01
      endloop
   endfacet
   facet normal 9.842442e-01 1.768145e-01 -4.124455e-18
      outer loop
         vertex 9.365591e+01 7.894774e+01 5.419840e+01
         vertex 9.320063e+01 8.148210e+01 4.864840e+01
         vertex 9.320063e+01 8.148210e+01 5.419840e+01
      endloop
   endfacet
   facet normal 9.431355e-01 3.324085e-01 -5.338717e-18
      outer loop
         vertex 9.320063e+01 8.148210e+01 5.419840e+01
         vertex 9.320063e+01 8.148210e+01 4.864840e+01
         vertex 9.234470e+01 8.391061e+01 4.864840e+01
      endloop
   endfacet
   facet normal 9.431355e-01 3.324085e-01 -5.338717e-18
      outer loop
         vertex 9.320063e+01 8.148210e+01 5.419840e+01
         vertex 9.234470e+01 8.391061e+01 4.864840e+01
         vertex 9.234470e+01 8.391061e+01 5.419840e+01
      endloop
   endfacet
   facet normal 8.776002e-01 4.793932e-01 -6.414707e-18
      outer loop
         vertex 9.234470e+01 8.391061e+01 5.419840e+01
         vertex 9.234470e+01 8.391061e+01 4.864840e+01
         vertex 9.111030e+01 8.617037e+01 4.864840e+01
      endloop
   endfacet
   facet normal 8.776002e-01 4.793932e-01 -6.414707e-18
      outer loop
         vertex 9.234470e+01 8.391061e+01 5.419840e+01
         vertex 9.111030e+01 8.617037e+01 4.864840e+01
         vertex 9.111030e+01 8.617037e+01 5.419840e+01
      endloop
   endfacet
   facet normal 7.893350e-01 6.139627e-01 -7.324566e-18
      outer loop
         vertex 9.111030e+01 8.617037e+01 5.419840e+01
         vertex 9.111030e+01 8.617037e+01 4.864840e+01
         vertex 8.952939e+01 8.820285e+01 4.864840e+01
      endloop
   endfacet
   facet normal 7.893350e-01 6.139627e-01 -7.324566e-18
      outer loop
         vertex 9.111030e+01 8.617037e+01 5.419840e+01
         vertex 8.952939e+01 8.820285e+01 4.864840e+01
         vertex 8.952939e+01 8.820285e+01 5.419840e+01
      endloop
   endfacet
   facet normal 6.806272e-01 7.326299e-01 -8.044716e-18
      outer loop
         vertex 8.952939e+01 8.820285e+01 5.419840e+01
         vertex 8.952939e+01 8.820285e+01 4.864840e+01
         vertex 8.764291e+01 8.995542e+01 4.864840e+01
      endloop
   endfacet
   facet normal 6.806272e-01 7.326299e-01 -8.044716e-18
      outer loop
         vertex 8.952939e+01 8.820285e+01 5.419840e+01
         vertex 8.764291e+01 8.995542e+01 4.864840e+01
         vertex 8.764291e+01 8.995542e+01 5.419840e+01
      endloop
   endfacet
   facet normal 5.542914e-01 8.323227e-01 -8.556515e-18
      outer loop
         vertex 8.764291e+01 8.995542e+01 5.419840e+01
         vertex 8.764291e+01 8.995542e+01 4.864840e+01
         vertex 8.549974e+01 9.138268e+01 4.864840e+01
      endloop
   endfacet
   facet normal 5.542914e-01 8.323227e-01 -8.556515e-18
      outer loop
         vertex 8.764291e+01 8.995542e+01 5.419840e+01
         vertex 8.549974e+01 9.138268e+01 4.864840e+01
         vertex 8.549974e+01 9.138268e+01 5.419840e+01
      endloop
   endfacet
   facet normal 4.135990e-01 9.104592e-01 -8.846705e-18
      outer loop
         vertex 8.549974e+01 9.138268e+01 5.419840e+01
         vertex 8.549974e+01 9.138268e+01 4.864840e+01
         vertex 8.315537e+01 9.244767e+01 4.864840e+01
      endloop
   endfacet
   facet normal 4.135990e-01 9.104592e-01 -8.846705e-18
      outer loop
         vertex 8.549974e+01 9.138268e+01 5.419840e+01
         vertex 8.315537e+01 9.244767e+01 4.864840e+01
         vertex 8.315537e+01 9.244767e+01 5.419840e+01
      endloop
   endfacet
   facet normal 2.621951e-01 9.650149e-01 -8.907770e-18
      outer loop
         vertex 8.315537e+01 9.244767e+01 5.419840e+01
         vertex 8.315537e+01 9.244767e+01 4.864840e+01
         vertex 8.067053e+01 9.312281e+01 4.864840e+01
      endloop
   endfacet
   facet normal 2.621951e-01 9.650149e-01 -8.907770e-18
      outer loop
         vertex 8.315537e+01 9.244767e+01 5.419840e+01
         vertex 8.067053e+01 9.312281e+01 4.864840e+01
         vertex 8.067053e+01 9.312281e+01 5.419840e+01
      endloop
   endfacet
   facet normal 1.040006e-01 9.945772e-01 -8.738128e-18
      outer loop
         vertex 8.067053e+01 9.312281e+01 5.419840e+01
         vertex 8.067053e+01 9.312281e+01 4.864840e+01
         vertex 7.810956e+01 9.339060e+01 4.864840e+01
      endloop
   endfacet
   facet normal 1.040006e-01 9.945772e-01 -8.738128e-18
      outer loop
         vertex 8.067053e+01 9.312281e+01 5.419840e+01
         vertex 7.810956e+01 9.339060e+01 4.864840e+01
         vertex 7.810956e+01 9.339060e+01 5.419840e+01
      endloop
   endfacet
   facet normal -5.688734e-02 9.983806e-01 -8.342173e-18
      outer loop
         vertex 7.810956e+01 9.339060e+01 5.419840e+01
         vertex 7.810956e+01 9.339060e+01 4.864840e+01
         vertex 7.553880e+01 9.324412e+01 4.864840e+01
      endloop
   endfacet
   facet normal -5.688734e-02 9.983806e-01 -8.342173e-18
      outer loop
         vertex 7.810956e+01 9.339060e+01 5.419840e+01
         vertex 7.553880e+01 9.324412e+01 4.864840e+01
         vertex 7.553880e+01 9.324412e+01 5.419840e+01
      endloop
   endfacet
   facet normal -2.163026e-01 9.763264e-01 -7.730159e-18
      outer loop
         vertex 7.553880e+01 9.324412e+01 5.419840e+01
         vertex 7.553880e+01 9.324412e+01 4.864840e+01
         vertex 7.302483e+01 9.268716e+01 4.864840e+01
      endloop
   endfacet
   facet normal -2.163026e-01 9.763264e-01 -7.730159e-18
      outer loop
         vertex 7.553880e+01 9.324412e+01 5.419840e+01
         vertex 7.302483e+01 9.268716e+01 4.864840e+01
         vertex 7.302483e+01 9.268716e+01 5.419840e+01
      endloop
   endfacet
   facet normal -3.701151e-01 9.289859e-01 -6.917940e-18
      outer loop
         vertex 7.302483e+01 9.268716e+01 5.419840e+01
         vertex 7.302483e+01 9.268716e+01 4.864840e+01
         vertex 7.063275e+01 9.173414e+01 4.864840e+01
      endloop
   endfacet
   facet normal -3.701151e-01 9.289859e-01 -6.917940e-18
      outer loop
         vertex 7.302483e+01 9.268716e+01 5.419840e+01
         vertex 7.063275e+01 9.173414e+01 4.864840e+01
         vertex 7.063275e+01 9.173414e+01 5.419840e+01
      endloop
   endfacet
   facet normal -5.143420e-01 8.575851e-01 -5.926549e-18
      outer loop
         vertex 7.063275e+01 9.173414e+01 5.419840e+01
         vertex 7.063275e+01 9.173414e+01 4.864840e+01
         vertex 6.842453e+01 9.040974e+01 4.864840e+01
      endloop
   endfacet
   facet normal -5.143420e-01 8.575851e-01 -5.926549e-18
      outer loop
         vertex 7.063275e+01 9.173414e+01 5.419840e+01
         vertex 6.842453e+01 9.040974e+01 4.864840e+01
         vertex 6.842453e+01 9.040974e+01 5.419840e+01
      endloop
   endfacet
   facet normal -6.452478e-01 7.639734e-01 -4.781663e-18
      outer loop
         vertex 6.842453e+01 9.040974e+01 5.419840e+01
         vertex 6.842453e+01 9.040974e+01 4.864840e+01
         vertex 6.645735e+01 8.874827e+01 4.864840e+01
      endloop
   endfacet
   facet normal -6.452478e-01 7.639734e-01 -4.781663e-18
      outer loop
         vertex 6.842453e+01 9.040974e+01 5.419840e+01
         vertex 6.645735e+01 8.874827e+01 4.864840e+01
         vertex 6.645735e+01 8.874827e+01 5.419840e+01
      endloop
   endfacet
   facet normal -7.184754e-01 6.955523e-01 -4.004634e-18
      outer loop
         vertex 6.645735e+01 8.874827e+01 5.419840e+01
         vertex 6.645735e+01 8.874827e+01 4.864840e+01
         vertex 6.590857e+01 8.818141e+01 4.864840e+01
      endloop
   endfacet
   facet normal -7.594136e-01 6.505508e-01 8.644322e-03
      outer loop
         vertex 6.645735e+01 8.874827e+01 5.419840e+01
         vertex 6.590857e+01 8.818141e+01 4.864840e+01
         vertex 6.478217e+01 8.679276e+01 5.419840e+01
      endloop
   endfacet
   facet normal -7.542900e-01 6.564465e-01 1.115934e-02
      outer loop
         vertex 6.478217e+01 8.679276e+01 5.419840e+01
         vertex 6.590857e+01 8.818141e+01 4.864840e+01
         vertex 6.558036e+01 8.780427e+01 4.864840e+01
      endloop
   endfacet
   facet normal -7.644789e-01 6.446047e-01 7.535777e-03
      outer loop
         vertex 6.478217e+01 8.679276e+01 5.419840e+01
         vertex 6.558036e+01 8.780427e+01 4.864840e+01
         vertex 6.525808e+01 8.742206e+01 4.864840e+01
      endloop
   endfacet
   facet normal -2.662170e-18 -8.507394e-18 -1.000000e+00
      outer loop
         vertex 8.635827e+01 7.877036e+01 5.114840e+01
         vertex 8.762787e+01 7.918369e+01 5.114840e+01
         vertex 8.665083e+01 7.834332e+01 5.114840e+01
      endloop
   endfacet
   facet normal -2.662170e-18 -8.507394e-18 -1.000000e+00
      outer loop
         vertex 8.665083e+01 7.834332e+01 5.114840e+01
         vertex 8.762787e+01 7.918369e+01 5.114840e+01
         vertex 8.793887e+01 7.830129e+01 5.114840e+01
      endloop
   endfacet
   facet normal -2.662170e-18 -8.507394e-18 -1.000000e+00
      outer loop
         vertex 8.665083e+01 7.834332e+01 5.114840e+01
         vertex 8.793887e+01 7.830129e+01 5.114840e+01
         vertex 8.669067e+01 7.782722e+01 5.114840e+01
      endloop
   endfacet
   facet normal -2.662170e-18 -8.507394e-18 -1.000000e+00
      outer loop
         vertex 8.669067e+01 7.782722e+01 5.114840e+01
         vertex 8.793887e+01 7.830129e+01 5.114840e+01
         vertex 8.786408e+01 7.736868e+01 5.114840e+01
      endloop
   endfacet
   facet normal -2.662170e-18 -8.507394e-18 -1.000000e+00
      outer loop
         vertex 8.669067e+01 7.782722e+01 5.114840e+01
         vertex 8.786408e+01 7.736868e+01 5.114840e+01
         vertex 8.646713e+01 7.736034e+01 5.114840e+01
      endloop
   endfacet
   facet normal -2.662170e-18 -8.507394e-18 -1.000000e+00
      outer loop
         vertex 8.646713e+01 7.736034e+01 5.114840e+01
         vertex 8.786408e+01 7.736868e+01 5.114840e+01
         vertex 8.741643e+01 7.654712e+01 5.114840e+01
      endloop
   endfacet
   facet normal -2.662170e-18 -8.507394e-18 -1.000000e+00
      outer loop
         vertex 8.646713e+01 7.736034e+01 5.114840e+01
         vertex 8.741643e+01 7.654712e+01 5.114840e+01
         vertex 8.604010e+01 7.706778e+01 5.114840e+01
      endloop
   endfacet
   facet normal -2.662170e-18 -8.507394e-18 -1.000000e+00
      outer loop
         vertex 8.472471e+01 7.819461e+01 5.114840e+01
         vertex 8.373195e+01 7.908745e+01 5.114840e+01
         vertex 8.494825e+01 7.866149e+01 5.114840e+01
      endloop
   endfacet
   facet normal -2.662170e-18 -8.507394e-18 -1.000000e+00
      outer loop
         vertex 8.494825e+01 7.866149e+01 5.114840e+01
         vertex 8.373195e+01 7.908745e+01 5.114840e+01
         vertex 8.434063e+01 7.979799e+01 5.114840e+01
      endloop
   endfacet
   facet normal -2.662170e-18 -8.507394e-18 -1.000000e+00
      outer loop
         vertex 8.494825e+01 7.866149e+01 5.114840e+01
         vertex 8.434063e+01 7.979799e+01 5.114840e+01
         vertex 8.537528e+01 7.895405e+01 5.114840e+01
      endloop
   endfacet
   facet normal -2.662170e-18 -8.507394e-18 -1.000000e+00
      outer loop
         vertex 8.537528e+01 7.895405e+01 5.114840e+01
         vertex 8.434063e+01 7.979799e+01 5.114840e+01
         vertex 8.518568e+01 8.019952e+01 5.114840e+01
      endloop
   endfacet
   facet normal -2.662170e-18 -8.507394e-18 -1.000000e+00
      outer loop
         vertex 8.537528e+01 7.895405e+01 5.114840e+01
         vertex 8.518568e+01 8.019952e+01 5.114840e+01
         vertex 8.589138e+01 7.899390e+01 5.114840e+01
      endloop
   endfacet
   facet normal -2.662170e-18 -8.507394e-18 -1.000000e+00
      outer loop
         vertex 8.589138e+01 7.899390e+01 5.114840e+01
         vertex 8.518568e+01 8.019952e+01 5.114840e+01
         vertex 8.612100e+01 8.022263e+01 5.114840e+01
      endloop
   endfacet
   facet normal -2.662170e-18 -8.507394e-18 -1.000000e+00
      outer loop
         vertex 8.589138e+01 7.899390e+01 5.114840e+01
         vertex 8.612100e+01 8.022263e+01 5.114840e+01
         vertex 8.635827e+01 7.877036e+01 5.114840e+01
      endloop
   endfacet
   facet normal -2.662170e-18 -8.507394e-18 -1.000000e+00
      outer loop
         vertex 8.635827e+01 7.877036e+01 5.114840e+01
         vertex 8.612100e+01 8.022263e+01 5.114840e+01
         vertex 8.698485e+01 7.986331e+01 5.114840e+01
      endloop
   endfacet
   facet normal -2.662170e-18 -8.507394e-18 -1.000000e+00
      outer loop
         vertex 8.635827e+01 7.877036e+01 5.114840e+01
         vertex 8.698485e+01 7.986331e+01 5.114840e+01
         vertex 8.762787e+01 7.918369e+01 5.114840e+01
      endloop
   endfacet
   facet normal -2.662170e-18 -8.507394e-18 -1.000000e+00
      outer loop
         vertex 8.741643e+01 7.654712e+01 5.114840e+01
         vertex 8.667333e+01 7.597866e+01 5.114840e+01
         vertex 8.604010e+01 7.706778e+01 5.114840e+01
      endloop
   endfacet
   facet normal -2.662170e-18 -8.507394e-18 -1.000000e+00
      outer loop
         vertex 8.604010e+01 7.706778e+01 5.114840e+01
         vertex 8.667333e+01 7.597866e+01 5.114840e+01
         vertex 8.576325e+01 7.576160e+01 5.114840e+01
      endloop
   endfacet
   facet normal -2.662170e-18 -8.507394e-18 -1.000000e+00
      outer loop
         vertex 8.604010e+01 7.706778e+01 5.114840e+01
         vertex 8.576325e+01 7.576160e+01 5.114840e+01
         vertex 8.552400e+01 7.702793e+01 5.114840e+01
      endloop
   endfacet
   facet normal -2.662170e-18 -8.507394e-18 -1.000000e+00
      outer loop
         vertex 8.552400e+01 7.702793e+01 5.114840e+01
         vertex 8.576325e+01 7.576160e+01 5.114840e+01
         vertex 8.484357e+01 7.593346e+01 5.114840e+01
      endloop
   endfacet
   facet normal -2.662170e-18 -8.507394e-18 -1.000000e+00
      outer loop
         vertex 8.552400e+01 7.702793e+01 5.114840e+01
         vertex 8.484357e+01 7.593346e+01 5.114840e+01
         vertex 8.505711e+01 7.725147e+01 5.114840e+01
      endloop
   endfacet
   facet normal -2.662170e-18 -8.507394e-18 -1.000000e+00
      outer loop
         vertex 8.505711e+01 7.725147e+01 5.114840e+01
         vertex 8.484357e+01 7.593346e+01 5.114840e+01
         vertex 8.407330e+01 7.646454e+01 5.114840e+01
      endloop
   endfacet
   facet normal -2.662170e-18 -8.507394e-18 -1.000000e+00
      outer loop
         vertex 8.505711e+01 7.725147e+01 5.114840e+01
         vertex 8.407330e+01 7.646454e+01 5.114840e+01
         vertex 8.476456e+01 7.767851e+01 5.114840e+01
      endloop
   endfacet
   facet normal -2.662170e-18 -8.507394e-18 -1.000000e+00
      outer loop
         vertex 8.476456e+01 7.767851e+01 5.114840e+01
         vertex 8.407330e+01 7.646454e+01 5.114840e+01
         vertex 8.358563e+01 7.726300e+01 5.114840e+01
      endloop
   endfacet
   facet normal -2.662170e-18 -8.507394e-18 -1.000000e+00
      outer loop
         vertex 8.476456e+01 7.767851e+01 5.114840e+01
         vertex 8.358563e+01 7.726300e+01 5.114840e+01
         vertex 8.472471e+01 7.819461e+01 5.114840e+01
      endloop
   endfacet
   facet normal -2.662170e-18 -8.507394e-18 -1.000000e+00
      outer loop
         vertex 8.472471e+01 7.819461e+01 5.114840e+01
         vertex 8.358563e+01 7.726300e+01 5.114840e+01
         vertex 8.346489e+01 7.819077e+01 5.114840e+01
      endloop
   endfacet
   facet normal -2.662170e-18 -8.507394e-18 -1.000000e+00
      outer loop
         vertex 8.472471e+01 7.819461e+01 5.114840e+01
         vertex 8.346489e+01 7.819077e+01 5.114840e+01
         vertex 8.373195e+01 7.908745e+01 5.114840e+01
      endloop
   endfacet
   facet normal -6.075835e-01 7.942558e-01 -5.139556e-18
      outer loop
         vertex 8.741643e+01 7.654712e+01 5.114840e+01
         vertex 8.741643e+01 7.654712e+01 4.814840e+01
         vertex 8.667333e+01 7.597866e+01 5.114840e+01
      endloop
   endfacet
   facet normal -6.075835e-01 7.942558e-01 -5.139556e-18
      outer loop
         vertex 8.667333e+01 7.597866e+01 5.114840e+01
         vertex 8.741643e+01 7.654712e+01 4.814840e+01
         vertex 8.667333e+01 7.597866e+01 4.814840e+01
      endloop
   endfacet
   facet normal -2.320034e-01 9.727150e-01 -7.657637e-18
      outer loop
         vertex 8.667333e+01 7.597866e+01 5.114840e+01
         vertex 8.667333e+01 7.597866e+01 4.814840e+01
         vertex 8.576325e+01 7.576160e+01 5.114840e+01
      endloop
   endfacet
   facet normal -2.320034e-01 9.727150e-01 -7.657637e-18
      outer loop
         vertex 8.576325e+01 7.576160e+01 5.114840e+01
         vertex 8.667333e+01 7.597866e+01 4.814840e+01
         vertex 8.576325e+01 7.576160e+01 4.814840e+01
      endloop
   endfacet
   facet normal 1.836942e-01 9.829834e-01 -8.851652e-18
      outer loop
         vertex 8.576325e+01 7.576160e+01 5.114840e+01
         vertex 8.576325e+01 7.576160e+01 4.814840e+01
         vertex 8.484357e+01 7.593346e+01 5.114840e+01
      endloop
   endfacet
   facet normal 1.836942e-01 9.829834e-01 -8.851652e-18
      outer loop
         vertex 8.484357e+01 7.593346e+01 5.114840e+01
         vertex 8.576325e+01 7.576160e+01 4.814840e+01
         vertex 8.484357e+01 7.593346e+01 4.814840e+01
      endloop
   endfacet
   facet normal 5.676277e-01 8.232854e-01 -8.515134e-18
      outer loop
         vertex 8.484357e+01 7.593346e+01 5.114840e+01
         vertex 8.484357e+01 7.593346e+01 4.814840e+01
         vertex 8.407330e+01 7.646454e+01 5.114840e+01
      endloop
   endfacet
   facet normal 5.676277e-01 8.232854e-01 -8.515134e-18
      outer loop
         vertex 8.407330e+01 7.646454e+01 5.114840e+01
         vertex 8.484357e+01 7.593346e+01 4.814840e+01
         vertex 8.407330e+01 7.646454e+01 4.814840e+01
      endloop
   endfacet
   facet normal 8.534141e-01 5.212336e-01 -6.706272e-18
      outer loop
         vertex 8.407330e+01 7.646454e+01 5.114840e+01
         vertex 8.407330e+01 7.646454e+01 4.814840e+01
         vertex 8.358563e+01 7.726300e+01 5.114840e+01
      endloop
   endfacet
   facet normal 8.534141e-01 5.212336e-01 -6.706272e-18
      outer loop
         vertex 8.358563e+01 7.726300e+01 5.114840e+01
         vertex 8.407330e+01 7.646454e+01 4.814840e+01
         vertex 8.358563e+01 7.726300e+01 4.814840e+01
      endloop
   endfacet
   facet normal 9.916374e-01 1.290556e-01 -3.737833e-18
      outer loop
         vertex 8.358563e+01 7.726300e+01 5.114840e+01
         vertex 8.358563e+01 7.726300e+01 4.814840e+01
         vertex 8.346489e+01 7.819077e+01 5.114840e+01
      endloop
   endfacet
   facet normal 9.916374e-01 1.290556e-01 -3.737833e-18
      outer loop
         vertex 8.346489e+01 7.819077e+01 5.114840e+01
         vertex 8.358563e+01 7.726300e+01 4.814840e+01
         vertex 8.346489e+01 7.819077e+01 4.814840e+01
      endloop
   endfacet
   facet normal 9.583975e-01 -2.854368e-01 -1.230933e-19
      outer loop
         vertex 8.346489e+01 7.819077e+01 5.114840e+01
         vertex 8.346489e+01 7.819077e+01 4.814840e+01
         vertex 8.373195e+01 7.908745e+01 5.114840e+01
      endloop
   endfacet
   facet normal 9.583975e-01 -2.854368e-01 -1.230933e-19
      outer loop
         vertex 8.373195e+01 7.908745e+01 5.114840e+01
         vertex 8.346489e+01 7.819077e+01 4.814840e+01
         vertex 8.373195e+01 7.908745e+01 4.814840e+01
      endloop
   endfacet
   facet normal 7.594419e-01 -6.505751e-01 3.512935e-18
      outer loop
         vertex 8.373195e+01 7.908745e+01 5.114840e+01
         vertex 8.373195e+01 7.908745e+01 4.814840e+01
         vertex 8.434063e+01 7.979799e+01 5.114840e+01
      endloop
   endfacet
   facet normal 7.594419e-01 -6.505751e-01 3.512935e-18
      outer loop
         vertex 8.434063e+01 7.979799e+01 5.114840e+01
         vertex 8.373195e+01 7.908745e+01 4.814840e+01
         vertex 8.434063e+01 7.979799e+01 4.814840e+01
      endloop
   endfacet
   facet normal 4.291718e-01 -9.032229e-01 6.541545e-18
      outer loop
         vertex 8.434063e+01 7.979799e+01 5.114840e+01
         vertex 8.434063e+01 7.979799e+01 4.814840e+01
         vertex 8.518568e+01 8.019952e+01 5.114840e+01
      endloop
   endfacet
   facet normal 4.291718e-01 -9.032229e-01 6.541545e-18
      outer loop
         vertex 8.518568e+01 8.019952e+01 5.114840e+01
         vertex 8.434063e+01 7.979799e+01 4.814840e+01
         vertex 8.518568e+01 8.019952e+01 4.814840e+01
      endloop
   endfacet
   facet normal 2.469460e-02 -9.996950e-01 8.439058e-18
      outer loop
         vertex 8.518568e+01 8.019952e+01 5.114840e+01
         vertex 8.518568e+01 8.019952e+01 4.814840e+01
         vertex 8.612100e+01 8.022263e+01 5.114840e+01
      endloop
   endfacet
   facet normal 2.469460e-02 -9.996950e-01 8.439058e-18
      outer loop
         vertex 8.612100e+01 8.022263e+01 5.114840e+01
         vertex 8.518568e+01 8.019952e+01 4.814840e+01
         vertex 8.612100e+01 8.022263e+01 4.814840e+01
      endloop
   endfacet
   facet normal -3.840540e-01 -9.233106e-01 8.877384e-18
      outer loop
         vertex 8.612100e+01 8.022263e+01 5.114840e+01
         vertex 8.612100e+01 8.022263e+01 4.814840e+01
         vertex 8.698485e+01 7.986331e+01 5.114840e+01
      endloop
   endfacet
   facet normal -3.840540e-01 -9.233106e-01 8.877384e-18
      outer loop
         vertex 8.698485e+01 7.986331e+01 5.114840e+01
         vertex 8.612100e+01 8.022263e+01 4.814840e+01
         vertex 8.698485e+01 7.986331e+01 4.814840e+01
      endloop
   endfacet
   facet normal -7.263943e-01 -6.872782e-01 7.780731e-18
      outer loop
         vertex 8.698485e+01 7.986331e+01 5.114840e+01
         vertex 8.698485e+01 7.986331e+01 4.814840e+01
         vertex 8.762787e+01 7.918369e+01 5.114840e+01
      endloop
   endfacet
   facet normal -7.263943e-01 -6.872782e-01 7.780731e-18
      outer loop
         vertex 8.762787e+01 7.918369e+01 5.114840e+01
         vertex 8.698485e+01 7.986331e+01 4.814840e+01
         vertex 8.762787e+01 7.918369e+01 4.814840e+01
      endloop
   endfacet
   facet normal -9.431353e-01 -3.324090e-01 5.338721e-18
      outer loop
         vertex 8.762787e+01 7.918369e+01 5.114840e+01
         vertex 8.762787e+01 7.918369e+01 4.814840e+01
         vertex 8.793887e+01 7.830129e+01 5.114840e+01
      endloop
   endfacet
   facet normal -9.431353e-01 -3.324090e-01 5.338721e-18
      outer loop
         vertex 8.793887e+01 7.830129e+01 5.114840e+01
         vertex 8.762787e+01 7.918369e+01 4.814840e+01
         vertex 8.793887e+01 7.830129e+01 4.814840e+01
      endloop
   endfacet
   facet normal -9.967998e-01 7.993796e-02 1.973586e-18
      outer loop
         vertex 8.793887e+01 7.830129e+01 5.114840e+01
         vertex 8.793887e+01 7.830129e+01 4.814840e+01
         vertex 8.786408e+01 7.736868e+01 5.114840e+01
      endloop
   endfacet
   facet normal -9.967998e-01 7.993796e-02 1.973586e-18
      outer loop
         vertex 8.786408e+01 7.736868e+01 5.114840e+01
         vertex 8.793887e+01 7.830129e+01 4.814840e+01
         vertex 8.786408e+01 7.736868e+01 4.814840e+01
      endloop
   endfacet
   facet normal -8.781088e-01 4.784609e-01 -1.732781e-18
      outer loop
         vertex 8.786408e+01 7.736868e+01 5.114840e+01
         vertex 8.786408e+01 7.736868e+01 4.814840e+01
         vertex 8.741643e+01 7.654712e+01 5.114840e+01
      endloop
   endfacet
   facet normal -8.781088e-01 4.784609e-01 -1.732781e-18
      outer loop
         vertex 8.741643e+01 7.654712e+01 5.114840e+01
         vertex 8.786408e+01 7.736868e+01 4.814840e+01
         vertex 8.741643e+01 7.654712e+01 4.814840e+01
      endloop
   endfacet
   facet normal -2.662170e-18 -8.507394e-18 -1.000000e+00
      outer loop
         vertex 7.776616e+01 8.613077e+01 5.114840e+01
         vertex 7.903577e+01 8.654411e+01 5.114840e+01
         vertex 7.805872e+01 8.570374e+01 5.114840e+01
      endloop
   endfacet
   facet normal -2.662170e-18 -8.507394e-18 -1.000000e+00
      outer loop
         vertex 7.805872e+01 8.570374e+01 5.114840e+01
         vertex 7.903577e+01 8.654411e+01 5.114840e+01
         vertex 7.934677e+01 8.566171e+01 5.114840e+01
      endloop
   endfacet
   facet normal -2.662170e-18 -8.507394e-18 -1.000000e+00
      outer loop
         vertex 7.805872e+01 8.570374e+01 5.114840e+01
         vertex 7.934677e+01 8.566171e+01 5.114840e+01
         vertex 7.809857e+01 8.518764e+01 5.114840e+01
      endloop
   endfacet
   facet normal -2.662170e-18 -8.507394e-18 -1.000000e+00
      outer loop
         vertex 7.809857e+01 8.518764e+01 5.114840e+01
         vertex 7.934677e+01 8.566171e+01 5.114840e+01
         vertex 7.927198e+01 8.472910e+01 5.114840e+01
      endloop
   endfacet
   facet normal -2.662170e-18 -8.507394e-18 -1.000000e+00
      outer loop
         vertex 7.809857e+01 8.518764e+01 5.114840e+01
         vertex 7.927198e+01 8.472910e+01 5.114840e+01
         vertex 7.787503e+01 8.472076e+01 5.114840e+01
      endloop
   endfacet
   facet normal -2.662170e-18 -8.507394e-18 -1.000000e+00
      outer loop
         vertex 7.787503e+01 8.472076e+01 5.114840e+01
         vertex 7.927198e+01 8.472910e+01 5.114840e+01
         vertex 7.882433e+01 8.390754e+01 5.114840e+01
      endloop
   endfacet
   facet normal -2.662170e-18 -8.507394e-18 -1.000000e+00
      outer loop
         vertex 7.787503e+01 8.472076e+01 5.114840e+01
         vertex 7.882433e+01 8.390754e+01 5.114840e+01
         vertex 7.744799e+01 8.442820e+01 5.114840e+01
      endloop
   endfacet
   facet normal -2.662170e-18 -8.507394e-18 -1.000000e+00
      outer loop
         vertex 7.613260e+01 8.555502e+01 5.114840e+01
         vertex 7.513984e+01 8.644787e+01 5.114840e+01
         vertex 7.635614e+01 8.602191e+01 5.114840e+01
      endloop
   endfacet
   facet normal -2.662170e-18 -8.507394e-18 -1.000000e+00
      outer loop
         vertex 7.635614e+01 8.602191e+01 5.114840e+01
         vertex 7.513984e+01 8.644787e+01 5.114840e+01
         vertex 7.574852e+01 8.715841e+01 5.114840e+01
      endloop
   endfacet
   facet normal -2.662170e-18 -8.507394e-18 -1.000000e+00
      outer loop
         vertex 7.635614e+01 8.602191e+01 5.114840e+01
         vertex 7.574852e+01 8.715841e+01 5.114840e+01
         vertex 7.678318e+01 8.631447e+01 5.114840e+01
      endloop
   endfacet
   facet normal -2.662170e-18 -8.507394e-18 -1.000000e+00
      outer loop
         vertex 7.678318e+01 8.631447e+01 5.114840e+01
         vertex 7.574852e+01 8.715841e+01 5.114840e+01
         vertex 7.659358e+01 8.755994e+01 5.114840e+01
      endloop
   endfacet
   facet normal -2.662170e-18 -8.507394e-18 -1.000000e+00
      outer loop
         vertex 7.678318e+01 8.631447e+01 5.114840e+01
         vertex 7.659358e+01 8.755994e+01 5.114840e+01
         vertex 7.729928e+01 8.635431e+01 5.114840e+01
      endloop
   endfacet
   facet normal -2.662170e-18 -8.507394e-18 -1.000000e+00
      outer loop
         vertex 7.729928e+01 8.635431e+01 5.114840e+01
         vertex 7.659358e+01 8.755994e+01 5.114840e+01
         vertex 7.752890e+01 8.758304e+01 5.114840e+01
      endloop
   endfacet
   facet normal -2.662170e-18 -8.507394e-18 -1.000000e+00
      outer loop
         vertex 7.729928e+01 8.635431e+01 5.114840e+01
         vertex 7.752890e+01 8.758304e+01 5.114840e+01
         vertex 7.776616e+01 8.613077e+01 5.114840e+01
      endloop
   endfacet
   facet normal -2.662170e-18 -8.507394e-18 -1.000000e+00
      outer loop
         vertex 7.776616e+01 8.613077e+01 5.114840e+01
         vertex 7.752890e+01 8.758304e+01 5.114840e+01
         vertex 7.839275e+01 8.722372e+01 5.114840e+01
      endloop
   endfacet
   facet normal -2.662170e-18 -8.507394e-18 -1.000000e+00
      outer loop
         vertex 7.776616e+01 8.613077e+01 5.114840e+01
         vertex 7.839275e+01 8.722372e+01 5.114840e+01
         vertex 7.903577e+01 8.654411e+01 5.114840e+01
      endloop
   endfacet
   facet normal -2.662170e-18 -8.507394e-18 -1.000000e+00
      outer loop
         vertex 7.882433e+01 8.390754e+01 5.114840e+01
         vertex 7.808122e+01 8.333908e+01 5.114840e+01
         vertex 7.744799e+01 8.442820e+01 5.114840e+01
      endloop
   endfacet
   facet normal -2.662170e-18 -8.507394e-18 -1.000000e+00
      outer loop
         vertex 7.744799e+01 8.442820e+01 5.114840e+01
         vertex 7.808122e+01 8.333908e+01 5.114840e+01
         vertex 7.717115e+01 8.312202e+01 5.114840e+01
      endloop
   endfacet
   facet normal -2.662170e-18 -8.507394e-18 -1.000000e+00
      outer loop
         vertex 7.744799e+01 8.442820e+01 5.114840e+01
         vertex 7.717115e+01 8.312202e+01 5.114840e+01
         vertex 7.693189e+01 8.438835e+01 5.114840e+01
      endloop
   endfacet
   facet normal -2.662170e-18 -8.507394e-18 -1.000000e+00
      outer loop
         vertex 7.693189e+01 8.438835e+01 5.114840e+01
         vertex 7.717115e+01 8.312202e+01 5.114840e+01
         vertex 7.625147e+01 8.329388e+01 5.114840e+01
      endloop
   endfacet
   facet normal -2.662170e-18 -8.507394e-18 -1.000000e+00
      outer loop
         vertex 7.693189e+01 8.438835e+01 5.114840e+01
         vertex 7.625147e+01 8.329388e+01 5.114840e+01
         vertex 7.646501e+01 8.461189e+01 5.114840e+01
      endloop
   endfacet
   facet normal -2.662170e-18 -8.507394e-18 -1.000000e+00
      outer loop
         vertex 7.646501e+01 8.461189e+01 5.114840e+01
         vertex 7.625147e+01 8.329388e+01 5.114840e+01
         vertex 7.548120e+01 8.382496e+01 5.114840e+01
      endloop
   endfacet
   facet normal -2.662170e-18 -8.507394e-18 -1.000000e+00
      outer loop
         vertex 7.646501e+01 8.461189e+01 5.114840e+01
         vertex 7.548120e+01 8.382496e+01 5.114840e+01
         vertex 7.617245e+01 8.503892e+01 5.114840e+01
      endloop
   endfacet
   facet normal -2.662170e-18 -8.507394e-18 -1.000000e+00
      outer loop
         vertex 7.617245e+01 8.503892e+01 5.114840e+01
         vertex 7.548120e+01 8.382496e+01 5.114840e+01
         vertex 7.499353e+01 8.462341e+01 5.114840e+01
      endloop
   endfacet
   facet normal -2.662170e-18 -8.507394e-18 -1.000000e+00
      outer loop
         vertex 7.617245e+01 8.503892e+01 5.114840e+01
         vertex 7.499353e+01 8.462341e+01 5.114840e+01
         vertex 7.613260e+01 8.555502e+01 5.114840e+01
      endloop
   endfacet
   facet normal -2.662170e-18 -8.507394e-18 -1.000000e+00
      outer loop
         vertex 7.613260e+01 8.555502e+01 5.114840e+01
         vertex 7.499353e+01 8.462341e+01 5.114840e+01
         vertex 7.487279e+01 8.555119e+01 5.114840e+01
      endloop
   endfacet
   facet normal -2.662170e-18 -8.507394e-18 -1.000000e+00
      outer loop
         vertex 7.613260e+01 8.555502e+01 5.114840e+01
         vertex 7.487279e+01 8.555119e+01 5.114840e+01
         vertex 7.513984e+01 8.644787e+01 5.114840e+01
      endloop
   endfacet
   facet normal -6.075843e-01 7.942552e-01 -5.139549e-18
      outer loop
         vertex 7.882433e+01 8.390754e+01 5.114840e+01
         vertex 7.882433e+01 8.390754e+01 4.814840e+01
         vertex 7.808122e+01 8.333908e+01 5.114840e+01
      endloop
   endfacet
   facet normal -6.075843e-01 7.942552e-01 -5.139549e-18
      outer loop
         vertex 7.808122e+01 8.333908e+01 5.114840e+01
         vertex 7.882433e+01 8.390754e+01 4.814840e+01
         vertex 7.808122e+01 8.333908e+01 4.814840e+01
      endloop
   endfacet
   facet normal -2.320034e-01 9.727150e-01 -7.657637e-18
      outer loop
         vertex 7.808122e+01 8.333908e+01 5.114840e+01
         vertex 7.808122e+01 8.333908e+01 4.814840e+01
         vertex 7.717115e+01 8.312202e+01 5.114840e+01
      endloop
   endfacet
   facet normal -2.320034e-01 9.727150e-01 -7.657637e-18
      outer loop
         vertex 7.717115e+01 8.312202e+01 5.114840e+01
         vertex 7.808122e+01 8.333908e+01 4.814840e+01
         vertex 7.717115e+01 8.312202e+01 4.814840e+01
      endloop
   endfacet
   facet normal 1.836942e-01 9.829834e-01 -8.851652e-18
      outer loop
         vertex 7.717115e+01 8.312202e+01 5.114840e+01
         vertex 7.717115e+01 8.312202e+01 4.814840e+01
         vertex 7.625147e+01 8.329388e+01 5.114840e+01
      endloop
   endfacet
   facet normal 1.836942e-01 9.829834e-01 -8.851652e-18
      outer loop
         vertex 7.625147e+01 8.329388e+01 5.114840e+01
         vertex 7.717115e+01 8.312202e+01 4.814840e+01
         vertex 7.625147e+01 8.329388e+01 4.814840e+01
      endloop
   endfacet
   facet normal 5.676277e-01 8.232854e-01 -8.515134e-18
      outer loop
         vertex 7.625147e+01 8.329388e+01 5.114840e+01
         vertex 7.625147e+01 8.329388e+01 4.814840e+01
         vertex 7.548120e+01 8.382496e+01 5.114840e+01
      endloop
   endfacet
   facet normal 5.676277e-01 8.232854e-01 -8.515134e-18
      outer loop
         vertex 7.548120e+01 8.382496e+01 5.114840e+01
         vertex 7.625147e+01 8.329388e+01 4.814840e+01
         vertex 7.548120e+01 8.382496e+01 4.814840e+01
      endloop
   endfacet
   facet normal 8.534142e-01 5.212333e-01 -6.706270e-18
      outer loop
         vertex 7.548120e+01 8.382496e+01 5.114840e+01
         vertex 7.548120e+01 8.382496e+01 4.814840e+01
         vertex 7.499353e+01 8.462341e+01 5.114840e+01
      endloop
   endfacet
   facet normal 8.534142e-01 5.212333e-01 -6.706270e-18
      outer loop
         vertex 7.499353e+01 8.462341e+01 5.114840e+01
         vertex 7.548120e+01 8.382496e+01 4.814840e+01
         vertex 7.499353e+01 8.462341e+01 4.814840e+01
      endloop
   endfacet
   facet normal 9.916374e-01 1.290556e-01 -3.737833e-18
      outer loop
         vertex 7.499353e+01 8.462341e+01 5.114840e+01
         vertex 7.499353e+01 8.462341e+01 4.814840e+01
         vertex 7.487279e+01 8.555119e+01 5.114840e+01
      endloop
   endfacet
   facet normal 9.916374e-01 1.290556e-01 -3.737833e-18
      outer loop
         vertex 7.487279e+01 8.555119e+01 5.114840e+01
         vertex 7.499353e+01 8.462341e+01 4.814840e+01
         vertex 7.487279e+01 8.555119e+01 4.814840e+01
      endloop
   endfacet
   facet normal 9.583975e-01 -2.854368e-01 -1.230933e-19
      outer loop
         vertex 7.487279e+01 8.555119e+01 5.114840e+01
         vertex 7.487279e+01 8.555119e+01 4.814840e+01
         vertex 7.513984e+01 8.644787e+01 5.114840e+01
      endloop
   endfacet
   facet normal 9.583975e-01 -2.854368e-01 -1.230933e-19
      outer loop
         vertex 7.513984e+01 8.644787e+01 5.114840e+01
         vertex 7.487279e+01 8.555119e+01 4.814840e+01
         vertex 7.513984e+01 8.644787e+01 4.814840e+01
      endloop
   endfacet
   facet normal 7.594419e-01 -6.505751e-01 3.512935e-18
      outer loop
         vertex 7.513984e+01 8.644787e+01 5.114840e+01
         vertex 7.513984e+01 8.644787e+01 4.814840e+01
         vertex 7.574852e+01 8.715841e+01 5.114840e+01
      endloop
   endfacet
   facet normal 7.594419e-01 -6.505751e-01 3.512935e-18
      outer loop
         vertex 7.574852e+01 8.715841e+01 5.114840e+01
         vertex 7.513984e+01 8.644787e+01 4.814840e+01
         vertex 7.574852e+01 8.715841e+01 4.814840e+01
      endloop
   endfacet
   facet normal 4.291718e-01 -9.032229e-01 6.541545e-18
      outer loop
         vertex 7.574852e+01 8.715841e+01 5.114840e+01
         vertex 7.574852e+01 8.715841e+01 4.814840e+01
         vertex 7.659358e+01 8.755994e+01 5.114840e+01
      endloop
   endfacet
   facet normal 4.291718e-01 -9.032229e-01 6.541545e-18
      outer loop
         vertex 7.659358e+01 8.755994e+01 5.114840e+01
         vertex 7.574852e+01 8.715841e+01 4.814840e+01
         vertex 7.659358e+01 8.755994e+01 4.814840e+01
      endloop
   endfacet
   facet normal 2.469460e-02 -9.996950e-01 8.439058e-18
      outer loop
         vertex 7.659358e+01 8.755994e+01 5.114840e+01
         vertex 7.659358e+01 8.755994e+01 4.814840e+01
         vertex 7.752890e+01 8.758304e+01 5.114840e+01
      endloop
   endfacet
   facet normal 2.469460e-02 -9.996950e-01 8.439058e-18
      outer loop
         vertex 7.752890e+01 8.758304e+01 5.114840e+01
         vertex 7.659358e+01 8.755994e+01 4.814840e+01
         vertex 7.752890e+01 8.758304e+01 4.814840e+01
      endloop
   endfacet
   facet normal -3.840537e-01 -9.233108e-01 8.877384e-18
      outer loop
         vertex 7.752890e+01 8.758304e+01 5.114840e+01
         vertex 7.752890e+01 8.758304e+01 4.814840e+01
         vertex 7.839275e+01 8.722372e+01 5.114840e+01
      endloop
   endfacet
   facet normal -3.840537e-01 -9.233108e-01 8.877384e-18
      outer loop
         vertex 7.839275e+01 8.722372e+01 5.114840e+01
         vertex 7.752890e+01 8.758304e+01 4.814840e+01
         vertex 7.839275e+01 8.722372e+01 4.814840e+01
      endloop
   endfacet
   facet normal -7.263943e-01 -6.872782e-01 7.780731e-18
      outer loop
         vertex 7.839275e+01 8.722372e+01 5.114840e+01
         vertex 7.839275e+01 8.722372e+01 4.814840e+01
         vertex 7.903577e+01 8.654411e+01 5.114840e+01
      endloop
   endfacet
   facet normal -7.263943e-01 -6.872782e-01 7.780731e-18
      outer loop
         vertex 7.903577e+01 8.654411e+01 5.114840e+01
         vertex 7.839275e+01 8.722372e+01 4.814840e+01
         vertex 7.903577e+01 8.654411e+01 4.814840e+01
      endloop
   endfacet
   facet normal -9.431353e-01 -3.324090e-01 5.338721e-18
      outer loop
         vertex 7.903577e+01 8.654411e+01 5.114840e+01
         vertex 7.903577e+01 8.654411e+01 4.814840e+01
         vertex 7.934677e+01 8.566171e+01 5.114840e+01
      endloop
   endfacet
   facet normal -9.431353e-01 -3.324090e-01 5.338721e-18
      outer loop
         vertex 7.934677e+01 8.566171e+01 5.114840e+01
         vertex 7.903577e+01 8.654411e+01 4.814840e+01
         vertex 7.934677e+01 8.566171e+01 4.814840e+01
      endloop
   endfacet
   facet normal -9.967998e-01 7.993796e-02 1.973586e-18
      outer loop
         vertex 7.934677e+01 8.566171e+01 5.114840e+01
         vertex 7.934677e+01 8.566171e+01 4.814840e+01
         vertex 7.927198e+01 8.472910e+01 5.114840e+01
      endloop
   endfacet
   facet normal -9.967998e-01 7.993796e-02 1.973586e-18
      outer loop
         vertex 7.927198e+01 8.472910e+01 5.114840e+01
         vertex 7.934677e+01 8.566171e+01 4.814840e+01
         vertex 7.927198e+01 8.472910e+01 4.814840e+01
      endloop
   endfacet
   facet normal -8.781084e-01 4.784618e-01 -1.732789e-18
      outer loop
         vertex 7.927198e+01 8.472910e+01 5.114840e+01
         vertex 7.927198e+01 8.472910e+01 4.814840e+01
         vertex 7.882433e+01 8.390754e+01 5.114840e+01
      endloop
   endfacet
   facet normal -8.781084e-01 4.784618e-01 -1.732789e-18
      outer loop
         vertex 7.882433e+01 8.390754e+01 5.114840e+01
         vertex 7.927198e+01 8.472910e+01 4.814840e+01
         vertex 7.882433e+01 8.390754e+01 4.814840e+01
      endloop
   endfacet
   facet normal -2.662170e-18 -8.507394e-18 -1.000000e+00
      outer loop
         vertex 7.040574e+01 7.753867e+01 5.114840e+01
         vertex 7.167535e+01 7.795200e+01 5.114840e+01
         vertex 7.069830e+01 7.711163e+01 5.114840e+01
      endloop
   endfacet
   facet normal -2.662170e-18 -8.507394e-18 -1.000000e+00
      outer loop
         vertex 7.069830e+01 7.711163e+01 5.114840e+01
         vertex 7.167535e+01 7.795200e+01 5.114840e+01
         vertex 7.198635e+01 7.706960e+01 5.114840e+01
      endloop
   endfacet
   facet normal -2.662170e-18 -8.507394e-18 -1.000000e+00
      outer loop
         vertex 7.069830e+01 7.711163e+01 5.114840e+01
         vertex 7.198635e+01 7.706960e+01 5.114840e+01
         vertex 7.073815e+01 7.659553e+01 5.114840e+01
      endloop
   endfacet
   facet normal -2.662170e-18 -8.507394e-18 -1.000000e+00
      outer loop
         vertex 7.073815e+01 7.659553e+01 5.114840e+01
         vertex 7.198635e+01 7.706960e+01 5.114840e+01
         vertex 7.191156e+01 7.613699e+01 5.114840e+01
      endloop
   endfacet
   facet normal -2.662170e-18 -8.507394e-18 -1.000000e+00
      outer loop
         vertex 7.073815e+01 7.659553e+01 5.114840e+01
         vertex 7.191156e+01 7.613699e+01 5.114840e+01
         vertex 7.051461e+01 7.612865e+01 5.114840e+01
      endloop
   endfacet
   facet normal -2.662170e-18 -8.507394e-18 -1.000000e+00
      outer loop
         vertex 7.051461e+01 7.612865e+01 5.114840e+01
         vertex 7.191156e+01 7.613699e+01 5.114840e+01
         vertex 7.146391e+01 7.531543e+01 5.114840e+01
      endloop
   endfacet
   facet normal -2.662170e-18 -8.507394e-18 -1.000000e+00
      outer loop
         vertex 7.051461e+01 7.612865e+01 5.114840e+01
         vertex 7.146391e+01 7.531543e+01 5.114840e+01
         vertex 7.008758e+01 7.583609e+01 5.114840e+01
      endloop
   endfacet
   facet normal -2.662170e-18 -8.507394e-18 -1.000000e+00
      outer loop
         vertex 6.877219e+01 7.696292e+01 5.114840e+01
         vertex 6.777942e+01 7.785576e+01 5.114840e+01
         vertex 6.899573e+01 7.742980e+01 5.114840e+01
      endloop
   endfacet
   facet normal -2.662170e-18 -8.507394e-18 -1.000000e+00
      outer loop
         vertex 6.899573e+01 7.742980e+01 5.114840e+01
         vertex 6.777942e+01 7.785576e+01 5.114840e+01
         vertex 6.838810e+01 7.856630e+01 5.114840e+01
      endloop
   endfacet
   facet normal -2.662170e-18 -8.507394e-18 -1.000000e+00
      outer loop
         vertex 6.899573e+01 7.742980e+01 5.114840e+01
         vertex 6.838810e+01 7.856630e+01 5.114840e+01
         vertex 6.942276e+01 7.772236e+01 5.114840e+01
      endloop
   endfacet
   facet normal -2.662170e-18 -8.507394e-18 -1.000000e+00
      outer loop
         vertex 6.942276e+01 7.772236e+01 5.114840e+01
         vertex 6.838810e+01 7.856630e+01 5.114840e+01
         vertex 6.923316e+01 7.896783e+01 5.114840e+01
      endloop
   endfacet
   facet normal -2.662170e-18 -8.507394e-18 -1.000000e+00
      outer loop
         vertex 6.942276e+01 7.772236e+01 5.114840e+01
         vertex 6.923316e+01 7.896783e+01 5.114840e+01
         vertex 6.993886e+01 7.776221e+01 5.114840e+01
      endloop
   endfacet
   facet normal -2.662170e-18 -8.507394e-18 -1.000000e+00
      outer loop
         vertex 6.993886e+01 7.776221e+01 5.114840e+01
         vertex 6.923316e+01 7.896783e+01 5.114840e+01
         vertex 7.016848e+01 7.899094e+01 5.114840e+01
      endloop
   endfacet
   facet normal -2.662170e-18 -8.507394e-18 -1.000000e+00
      outer loop
         vertex 6.993886e+01 7.776221e+01 5.114840e+01
         vertex 7.016848e+01 7.899094e+01 5.114840e+01
         vertex 7.040574e+01 7.753867e+01 5.114840e+01
      endloop
   endfacet
   facet normal -2.662170e-18 -8.507394e-18 -1.000000e+00
      outer loop
         vertex 7.040574e+01 7.753867e+01 5.114840e+01
         vertex 7.016848e+01 7.899094e+01 5.114840e+01
         vertex 7.103233e+01 7.863162e+01 5.114840e+01
      endloop
   endfacet
   facet normal -2.662170e-18 -8.507394e-18 -1.000000e+00
      outer loop
         vertex 7.040574e+01 7.753867e+01 5.114840e+01
         vertex 7.103233e+01 7.863162e+01 5.114840e+01
         vertex 7.167535e+01 7.795200e+01 5.114840e+01
      endloop
   endfacet
   facet normal -2.662170e-18 -8.507394e-18 -1.000000e+00
      outer loop
         vertex 7.146391e+01 7.531543e+01 5.114840e+01
         vertex 7.072081e+01 7.474697e+01 5.114840e+01
         vertex 7.008758e+01 7.583609e+01 5.114840e+01
      endloop
   endfacet
   facet normal -2.662170e-18 -8.507394e-18 -1.000000e+00
      outer loop
         vertex 7.008758e+01 7.583609e+01 5.114840e+01
         vertex 7.072081e+01 7.474697e+01 5.114840e+01
         vertex 6.981073e+01 7.452991e+01 5.114840e+01
      endloop
   endfacet
   facet normal -2.662170e-18 -8.507394e-18 -1.000000e+00
      outer loop
         vertex 7.008758e+01 7.583609e+01 5.114840e+01
         vertex 6.981073e+01 7.452991e+01 5.114840e+01
         vertex 6.957147e+01 7.579624e+01 5.114840e+01
      endloop
   endfacet
   facet normal -2.662170e-18 -8.507394e-18 -1.000000e+00
      outer loop
         vertex 6.957147e+01 7.579624e+01 5.114840e+01
         vertex 6.981073e+01 7.452991e+01 5.114840e+01
         vertex 6.889105e+01 7.470178e+01 5.114840e+01
      endloop
   endfacet
   facet normal -2.662170e-18 -8.507394e-18 -1.000000e+00
      outer loop
         vertex 6.957147e+01 7.579624e+01 5.114840e+01
         vertex 6.889105e+01 7.470178e+01 5.114840e+01
         vertex 6.910459e+01 7.601978e+01 5.114840e+01
      endloop
   endfacet
   facet normal -2.662170e-18 -8.507394e-18 -1.000000e+00
      outer loop
         vertex 6.910459e+01 7.601978e+01 5.114840e+01
         vertex 6.889105e+01 7.470178e+01 5.114840e+01
         vertex 6.812078e+01 7.523285e+01 5.114840e+01
      endloop
   endfacet
   facet normal -2.662170e-18 -8.507394e-18 -1.000000e+00
      outer loop
         vertex 6.910459e+01 7.601978e+01 5.114840e+01
         vertex 6.812078e+01 7.523285e+01 5.114840e+01
         vertex 6.881203e+01 7.644682e+01 5.114840e+01
      endloop
   endfacet
   facet normal -2.662170e-18 -8.507394e-18 -1.000000e+00
      outer loop
         vertex 6.881203e+01 7.644682e+01 5.114840e+01
         vertex 6.812078e+01 7.523285e+01 5.114840e+01
         vertex 6.763311e+01 7.603131e+01 5.114840e+01
      endloop
   endfacet
   facet normal -2.662170e-18 -8.507394e-18 -1.000000e+00
      outer loop
         vertex 6.881203e+01 7.644682e+01 5.114840e+01
         vertex 6.763311e+01 7.603131e+01 5.114840e+01
         vertex 6.877219e+01 7.696292e+01 5.114840e+01
      endloop
   endfacet
   facet normal -2.662170e-18 -8.507394e-18 -1.000000e+00
      outer loop
         vertex 6.877219e+01 7.696292e+01 5.114840e+01
         vertex 6.763311e+01 7.603131e+01 5.114840e+01
         vertex 6.751237e+01 7.695909e+01 5.114840e+01
      endloop
   endfacet
   facet normal -2.662170e-18 -8.507394e-18 -1.000000e+00
      outer loop
         vertex 6.877219e+01 7.696292e+01 5.114840e+01
         vertex 6.751237e+01 7.695909e+01 5.114840e+01
         vertex 6.777942e+01 7.785576e+01 5.114840e+01
      endloop
   endfacet
   facet normal -6.075843e-01 7.942552e-01 -5.139549e-18
      outer loop
         vertex 7.146391e+01 7.531543e+01 5.114840e+01
         vertex 7.146391e+01 7.531543e+01 4.814840e+01
         vertex 7.072081e+01 7.474697e+01 5.114840e+01
      endloop
   endfacet
   facet normal -6.075843e-01 7.942552e-01 -5.139549e-18
      outer loop
         vertex 7.072081e+01 7.474697e+01 5.114840e+01
         vertex 7.146391e+01 7.531543e+01 4.814840e+01
         vertex 7.072081e+01 7.474697e+01 4.814840e+01
      endloop
   endfacet
   facet normal -2.320034e-01 9.727150e-01 -7.657637e-18
      outer loop
         vertex 7.072081e+01 7.474697e+01 5.114840e+01
         vertex 7.072081e+01 7.474697e+01 4.814840e+01
         vertex 6.981073e+01 7.452991e+01 5.114840e+01
      endloop
   endfacet
   facet normal -2.320034e-01 9.727150e-01 -7.657637e-18
      outer loop
         vertex 6.981073e+01 7.452991e+01 5.114840e+01
         vertex 7.072081e+01 7.474697e+01 4.814840e+01
         vertex 6.981073e+01 7.452991e+01 4.814840e+01
      endloop
   endfacet
   facet normal 1.836942e-01 9.829834e-01 -8.851652e-18
      outer loop
         vertex 6.981073e+01 7.452991e+01 5.114840e+01
         vertex 6.981073e+01 7.452991e+01 4.814840e+01
         vertex 6.889105e+01 7.470178e+01 5.114840e+01
      endloop
   endfacet
   facet normal 1.836942e-01 9.829834e-01 -8.851652e-18
      outer loop
         vertex 6.889105e+01 7.470178e+01 5.114840e+01
         vertex 6.981073e+01 7.452991e+01 4.814840e+01
         vertex 6.889105e+01 7.470178e+01 4.814840e+01
      endloop
   endfacet
   facet normal 5.676281e-01 8.232851e-01 -8.515133e-18
      outer loop
         vertex 6.889105e+01 7.470178e+01 5.114840e+01
         vertex 6.889105e+01 7.470178e+01 4.814840e+01
         vertex 6.812078e+01 7.523285e+01 5.114840e+01
      endloop
   endfacet
   facet normal 5.676281e-01 8.232851e-01 -8.515133e-18
      outer loop
         vertex 6.812078e+01 7.523285e+01 5.114840e+01
         vertex 6.889105e+01 7.470178e+01 4.814840e+01
         vertex 6.812078e+01 7.523285e+01 4.814840e+01
      endloop
   endfacet
   facet normal 8.534139e-01 5.212339e-01 -6.706274e-18
      outer loop
         vertex 6.812078e+01 7.523285e+01 5.114840e+01
         vertex 6.812078e+01 7.523285e+01 4.814840e+01
         vertex 6.763311e+01 7.603131e+01 5.114840e+01
      endloop
   endfacet
   facet normal 8.534139e-01 5.212339e-01 -6.706274e-18
      outer loop
         vertex 6.763311e+01 7.603131e+01 5.114840e+01
         vertex 6.812078e+01 7.523285e+01 4.814840e+01
         vertex 6.763311e+01 7.603131e+01 4.814840e+01
      endloop
   endfacet
   facet normal 9.916374e-01 1.290554e-01 -3.737832e-18
      outer loop
         vertex 6.763311e+01 7.603131e+01 5.114840e+01
         vertex 6.763311e+01 7.603131e+01 4.814840e+01
         vertex 6.751237e+01 7.695909e+01 5.114840e+01
      endloop
   endfacet
   facet normal 9.916374e-01 1.290554e-01 -3.737832e-18
      outer loop
         vertex 6.751237e+01 7.695909e+01 5.114840e+01
         vertex 6.763311e+01 7.603131e+01 4.814840e+01
         vertex 6.751237e+01 7.695909e+01 4.814840e+01
      endloop
   endfacet
   facet normal 9.583975e-01 -2.854368e-01 -1.230933e-19
      outer loop
         vertex 6.751237e+01 7.695909e+01 5.114840e+01
         vertex 6.751237e+01 7.695909e+01 4.814840e+01
         vertex 6.777942e+01 7.785576e+01 5.114840e+01
      endloop
   endfacet
   facet normal 9.583975e-01 -2.854368e-01 -1.230933e-19
      outer loop
         vertex 6.777942e+01 7.785576e+01 5.114840e+01
         vertex 6.751237e+01 7.695909e+01 4.814840e+01
         vertex 6.777942e+01 7.785576e+01 4.814840e+01
      endloop
   endfacet
   facet normal 7.594419e-01 -6.505751e-01 3.512935e-18
      outer loop
         vertex 6.777942e+01 7.785576e+01 5.114840e+01
         vertex 6.777942e+01 7.785576e+01 4.814840e+01
         vertex 6.838810e+01 7.856630e+01 5.114840e+01
      endloop
   endfacet
   facet normal 7.594419e-01 -6.505751e-01 3.512935e-18
      outer loop
         vertex 6.838810e+01 7.856630e+01 5.114840e+01
         vertex 6.777942e+01 7.785576e+01 4.814840e+01
         vertex 6.838810e+01 7.856630e+01 4.814840e+01
      endloop
   endfacet
   facet normal 4.291718e-01 -9.032229e-01 6.541545e-18
      outer loop
         vertex 6.838810e+01 7.856630e+01 5.114840e+01
         vertex 6.838810e+01 7.856630e+01 4.814840e+01
         vertex 6.923316e+01 7.896783e+01 5.114840e+01
      endloop
   endfacet
   facet normal 4.291718e-01 -9.032229e-01 6.541545e-18
      outer loop
         vertex 6.923316e+01 7.896783e+01 5.114840e+01
         vertex 6.838810e+01 7.856630e+01 4.814840e+01
         vertex 6.923316e+01 7.896783e+01 4.814840e+01
      endloop
   endfacet
   facet normal 2.469442e-02 -9.996950e-01 8.439059e-18
      outer loop
         vertex 6.923316e+01 7.896783e+01 5.114840e+01
         vertex 6.923316e+01 7.896783e+01 4.814840e+01
         vertex 7.016848e+01 7.899094e+01 5.114840e+01
      endloop
   endfacet
   facet normal 2.469442e-02 -9.996950e-01 8.439059e-18
      outer loop
         vertex 7.016848e+01 7.899094e+01 5.114840e+01
         vertex 6.923316e+01 7.896783e+01 4.814840e+01
         vertex 7.016848e+01 7.899094e+01 4.814840e+01
      endloop
   endfacet
   facet normal -3.840530e-01 -9.233110e-01 8.877385e-18
      outer loop
         vertex 7.016848e+01 7.899094e+01 5.114840e+01
         vertex 7.016848e+01 7.899094e+01 4.814840e+01
         vertex 7.103233e+01 7.863162e+01 5.114840e+01
      endloop
   endfacet
   facet normal -3.840530e-01 -9.233110e-01 8.877385e-18
      outer loop
         vertex 7.103233e+01 7.863162e+01 5.114840e+01
         vertex 7.016848e+01 7.899094e+01 4.814840e+01
         vertex 7.103233e+01 7.863162e+01 4.814840e+01
      endloop
   endfacet
   facet normal -7.263946e-01 -6.872779e-01 7.780729e-18
      outer loop
         vertex 7.103233e+01 7.863162e+01 5.114840e+01
         vertex 7.103233e+01 7.863162e+01 4.814840e+01
         vertex 7.167535e+01 7.795200e+01 5.114840e+01
      endloop
   endfacet
   facet normal -7.263946e-01 -6.872779e-01 7.780729e-18
      outer loop
         vertex 7.167535e+01 7.795200e+01 5.114840e+01
         vertex 7.103233e+01 7.863162e+01 4.814840e+01
         vertex 7.167535e+01 7.795200e+01 4.814840e+01
      endloop
   endfacet
   facet normal -9.431353e-01 -3.324090e-01 5.338721e-18
      outer loop
         vertex 7.167535e+01 7.795200e+01 5.114840e+01
         vertex 7.167535e+01 7.795200e+01 4.814840e+01
         vertex 7.198635e+01 7.706960e+01 5.114840e+01
      endloop
   endfacet
   facet normal -9.431353e-01 -3.324090e-01 5.338721e-18
      outer loop
         vertex 7.198635e+01 7.706960e+01 5.114840e+01
         vertex 7.167535e+01 7.795200e+01 4.814840e+01
         vertex 7.198635e+01 7.706960e+01 4.814840e+01
      endloop
   endfacet
   facet normal -9.967998e-01 7.993796e-02 1.973586e-18
      outer loop
         vertex 7.198635e+01 7.706960e+01 5.114840e+01
         vertex 7.198635e+01 7.706960e+01 4.814840e+01
         vertex 7.191156e+01 7.613699e+01 5.114840e+01
      endloop
   endfacet
   facet normal -9.967998e-01 7.993796e-02 1.973586e-18
      outer loop
         vertex 7.191156e+01 7.613699e+01 5.114840e+01
         vertex 7.198635e+01 7.706960e+01 4.814840e+01
         vertex 7.191156e+01 7.613699e+01 4.814840e+01
      endloop
   endfacet
   facet normal -8.781084e-01 4.784618e-01 -1.732789e-18
      outer loop
         vertex 7.191156e+01 7.613699e+01 5.114840e+01
         vertex 7.191156e+01 7.613699e+01 4.814840e+01
         vertex 7.146391e+01 7.531543e+01 5.114840e+01
      endloop
   endfacet
   facet normal -8.781084e-01 4.784618e-01 -1.732789e-18
      outer loop
         vertex 7.146391e+01 7.531543e+01 5.114840e+01
         vertex 7.191156e+01 7.613699e+01 4.814840e+01
         vertex 7.146391e+01 7.531543e+01 4.814840e+01
      endloop
   endfacet
   facet normal -2.662170e-18 -8.507394e-18 -1.000000e+00
      outer loop
         vertex 7.899785e+01 7.017825e+01 5.114840e+01
         vertex 8.026745e+01 7.059158e+01 5.114840e+01
         vertex 7.929041e+01 6.975122e+01 5.114840e+01
      endloop
   endfacet
   facet normal -2.662170e-18 -8.507394e-18 -1.000000e+00
      outer loop
         vertex 7.929041e+01 6.975122e+01 5.114840e+01
         vertex 8.026745e+01 7.059158e+01 5.114840e+01
         vertex 8.057846e+01 6.970918e+01 5.114840e+01
      endloop
   endfacet
   facet normal -2.662170e-18 -8.507394e-18 -1.000000e+00
      outer loop
         vertex 7.929041e+01 6.975122e+01 5.114840e+01
         vertex 8.057846e+01 6.970918e+01 5.114840e+01
         vertex 7.933026e+01 6.923512e+01 5.114840e+01
      endloop
   endfacet
   facet normal -2.662170e-18 -8.507394e-18 -1.000000e+00
      outer loop
         vertex 7.933026e+01 6.923512e+01 5.114840e+01
         vertex 8.057846e+01 6.970918e+01 5.114840e+01
         vertex 8.050367e+01 6.877658e+01 5.114840e+01
      endloop
   endfacet
   facet normal -2.662170e-18 -8.507394e-18 -1.000000e+00
      outer loop
         vertex 7.933026e+01 6.923512e+01 5.114840e+01
         vertex 8.050367e+01 6.877658e+01 5.114840e+01
         vertex 7.910672e+01 6.876823e+01 5.114840e+01
      endloop
   endfacet
   facet normal -2.662170e-18 -8.507394e-18 -1.000000e+00
      outer loop
         vertex 7.910672e+01 6.876823e+01 5.114840e+01
         vertex 8.050367e+01 6.877658e+01 5.114840e+01
         vertex 8.005602e+01 6.795502e+01 5.114840e+01
      endloop
   endfacet
   facet normal -2.662170e-18 -8.507394e-18 -1.000000e+00
      outer loop
         vertex 7.910672e+01 6.876823e+01 5.114840e+01
         vertex 8.005602e+01 6.795502e+01 5.114840e+01
         vertex 7.867968e+01 6.847567e+01 5.114840e+01
      endloop
   endfacet
   facet normal -2.662170e-18 -8.507394e-18 -1.000000e+00
      outer loop
         vertex 7.736429e+01 6.960250e+01 5.114840e+01
         vertex 7.637153e+01 7.049535e+01 5.114840e+01
         vertex 7.758783e+01 7.006938e+01 5.114840e+01
      endloop
   endfacet
   facet normal -2.662170e-18 -8.507394e-18 -1.000000e+00
      outer loop
         vertex 7.758783e+01 7.006938e+01 5.114840e+01
         vertex 7.637153e+01 7.049535e+01 5.114840e+01
         vertex 7.698021e+01 7.120588e+01 5.114840e+01
      endloop
   endfacet
   facet normal -2.662170e-18 -8.507394e-18 -1.000000e+00
      outer loop
         vertex 7.758783e+01 7.006938e+01 5.114840e+01
         vertex 7.698021e+01 7.120588e+01 5.114840e+01
         vertex 7.801486e+01 7.036195e+01 5.114840e+01
      endloop
   endfacet
   facet normal -2.662170e-18 -8.507394e-18 -1.000000e+00
      outer loop
         vertex 7.801486e+01 7.036195e+01 5.114840e+01
         vertex 7.698021e+01 7.120588e+01 5.114840e+01
         vertex 7.782527e+01 7.160742e+01 5.114840e+01
      endloop
   endfacet
   facet normal -2.662170e-18 -8.507394e-18 -1.000000e+00
      outer loop
         vertex 7.801486e+01 7.036195e+01 5.114840e+01
         vertex 7.782527e+01 7.160742e+01 5.114840e+01
         vertex 7.853097e+01 7.040179e+01 5.114840e+01
      endloop
   endfacet
   facet normal -2.662170e-18 -8.507394e-18 -1.000000e+00
      outer loop
         vertex 7.853097e+01 7.040179e+01 5.114840e+01
         vertex 7.782527e+01 7.160742e+01 5.114840e+01
         vertex 7.876058e+01 7.163052e+01 5.114840e+01
      endloop
   endfacet
   facet normal -2.662170e-18 -8.507394e-18 -1.000000e+00
      outer loop
         vertex 7.853097e+01 7.040179e+01 5.114840e+01
         vertex 7.876058e+01 7.163052e+01 5.114840e+01
         vertex 7.899785e+01 7.017825e+01 5.114840e+01
      endloop
   endfacet
   facet normal -2.662170e-18 -8.507394e-18 -1.000000e+00
      outer loop
         vertex 7.899785e+01 7.017825e+01 5.114840e+01
         vertex 7.876058e+01 7.163052e+01 5.114840e+01
         vertex 7.962444e+01 7.127120e+01 5.114840e+01
      endloop
   endfacet
   facet normal -2.662170e-18 -8.507394e-18 -1.000000e+00
      outer loop
         vertex 7.899785e+01 7.017825e+01 5.114840e+01
         vertex 7.962444e+01 7.127120e+01 5.114840e+01
         vertex 8.026745e+01 7.059158e+01 5.114840e+01
      endloop
   endfacet
   facet normal -2.662170e-18 -8.507394e-18 -1.000000e+00
      outer loop
         vertex 8.005602e+01 6.795502e+01 5.114840e+01
         vertex 7.931291e+01 6.738656e+01 5.114840e+01
         vertex 7.867968e+01 6.847567e+01 5.114840e+01
      endloop
   endfacet
   facet normal -2.662170e-18 -8.507394e-18 -1.000000e+00
      outer loop
         vertex 7.867968e+01 6.847567e+01 5.114840e+01
         vertex 7.931291e+01 6.738656e+01 5.114840e+01
         vertex 7.840284e+01 6.716950e+01 5.114840e+01
      endloop
   endfacet
   facet normal -2.662170e-18 -8.507394e-18 -1.000000e+00
      outer loop
         vertex 7.867968e+01 6.847567e+01 5.114840e+01
         vertex 7.840284e+01 6.716950e+01 5.114840e+01
         vertex 7.816358e+01 6.843583e+01 5.114840e+01
      endloop
   endfacet
   facet normal -2.662170e-18 -8.507394e-18 -1.000000e+00
      outer loop
         vertex 7.816358e+01 6.843583e+01 5.114840e+01
         vertex 7.840284e+01 6.716950e+01 5.114840e+01
         vertex 7.748315e+01 6.734136e+01 5.114840e+01
      endloop
   endfacet
   facet normal -2.662170e-18 -8.507394e-18 -1.000000e+00
      outer loop
         vertex 7.816358e+01 6.843583e+01 5.114840e+01
         vertex 7.748315e+01 6.734136e+01 5.114840e+01
         vertex 7.769670e+01 6.865937e+01 5.114840e+01
      endloop
   endfacet
   facet normal -2.662170e-18 -8.507394e-18 -1.000000e+00
      outer loop
         vertex 7.769670e+01 6.865937e+01 5.114840e+01
         vertex 7.748315e+01 6.734136e+01 5.114840e+01
         vertex 7.671289e+01 6.787243e+01 5.114840e+01
      endloop
   endfacet
   facet normal -2.662170e-18 -8.507394e-18 -1.000000e+00
      outer loop
         vertex 7.769670e+01 6.865937e+01 5.114840e+01
         vertex 7.671289e+01 6.787243e+01 5.114840e+01
         vertex 7.740414e+01 6.908640e+01 5.114840e+01
      endloop
   endfacet
   facet normal -2.662170e-18 -8.507394e-18 -1.000000e+00
      outer loop
         vertex 7.740414e+01 6.908640e+01 5.114840e+01
         vertex 7.671289e+01 6.787243e+01 5.114840e+01
         vertex 7.622522e+01 6.867089e+01 5.114840e+01
      endloop
   endfacet
   facet normal -2.662170e-18 -8.507394e-18 -1.000000e+00
      outer loop
         vertex 7.740414e+01 6.908640e+01 5.114840e+01
         vertex 7.622522e+01 6.867089e+01 5.114840e+01
         vertex 7.736429e+01 6.960250e+01 5.114840e+01
      endloop
   endfacet
   facet normal -2.662170e-18 -8.507394e-18 -1.000000e+00
      outer loop
         vertex 7.736429e+01 6.960250e+01 5.114840e+01
         vertex 7.622522e+01 6.867089e+01 5.114840e+01
         vertex 7.610447e+01 6.959867e+01 5.114840e+01
      endloop
   endfacet
   facet normal -2.662170e-18 -8.507394e-18 -1.000000e+00
      outer loop
         vertex 7.736429e+01 6.960250e+01 5.114840e+01
         vertex 7.610447e+01 6.959867e+01 5.114840e+01
         vertex 7.637153e+01 7.049535e+01 5.114840e+01
      endloop
   endfacet
   facet normal -6.075835e-01 7.942558e-01 -5.139556e-18
      outer loop
         vertex 8.005602e+01 6.795502e+01 5.114840e+01
         vertex 8.005602e+01 6.795502e+01 4.814840e+01
         vertex 7.931291e+01 6.738656e+01 5.114840e+01
      endloop
   endfacet
   facet normal -6.075835e-01 7.942558e-01 -5.139556e-18
      outer loop
         vertex 7.931291e+01 6.738656e+01 5.114840e+01
         vertex 8.005602e+01 6.795502e+01 4.814840e+01
         vertex 7.931291e+01 6.738656e+01 4.814840e+01
      endloop
   endfacet
   facet normal -2.320034e-01 9.727150e-01 -7.657637e-18
      outer loop
         vertex 7.931291e+01 6.738656e+01 5.114840e+01
         vertex 7.931291e+01 6.738656e+01 4.814840e+01
         vertex 7.840284e+01 6.716950e+01 5.114840e+01
      endloop
   endfacet
   facet normal -2.320034e-01 9.727150e-01 -7.657637e-18
      outer loop
         vertex 7.840284e+01 6.716950e+01 5.114840e+01
         vertex 7.931291e+01 6.738656e+01 4.814840e+01
         vertex 7.840284e+01 6.716950e+01 4.814840e+01
      endloop
   endfacet
   facet normal 1.836942e-01 9.829834e-01 -8.851652e-18
      outer loop
         vertex 7.840284e+01 6.716950e+01 5.114840e+01
         vertex 7.840284e+01 6.716950e+01 4.814840e+01
         vertex 7.748315e+01 6.734136e+01 5.114840e+01
      endloop
   endfacet
   facet normal 1.836942e-01 9.829834e-01 -8.851652e-18
      outer loop
         vertex 7.748315e+01 6.734136e+01 5.114840e+01
         vertex 7.840284e+01 6.716950e+01 4.814840e+01
         vertex 7.748315e+01 6.734136e+01 4.814840e+01
      endloop
   endfacet
   facet normal 5.676281e-01 8.232851e-01 -8.515133e-18
      outer loop
         vertex 7.748315e+01 6.734136e+01 5.114840e+01
         vertex 7.748315e+01 6.734136e+01 4.814840e+01
         vertex 7.671289e+01 6.787243e+01 5.114840e+01
      endloop
   endfacet
   facet normal 5.676281e-01 8.232851e-01 -8.515133e-18
      outer loop
         vertex 7.671289e+01 6.787243e+01 5.114840e+01
         vertex 7.748315e+01 6.734136e+01 4.814840e+01
         vertex 7.671289e+01 6.787243e+01 4.814840e+01
      endloop
   endfacet
   facet normal 8.534137e-01 5.212342e-01 -6.706276e-18
      outer loop
         vertex 7.671289e+01 6.787243e+01 5.114840e+01
         vertex 7.671289e+01 6.787243e+01 4.814840e+01
         vertex 7.622522e+01 6.867089e+01 5.114840e+01
      endloop
   endfacet
   facet normal 8.534137e-01 5.212342e-01 -6.706276e-18
      outer loop
         vertex 7.622522e+01 6.867089e+01 5.114840e+01
         vertex 7.671289e+01 6.787243e+01 4.814840e+01
         vertex 7.622522e+01 6.867089e+01 4.814840e+01
      endloop
   endfacet
   facet normal 9.916374e-01 1.290554e-01 -3.737832e-18
      outer loop
         vertex 7.622522e+01 6.867089e+01 5.114840e+01
         vertex 7.622522e+01 6.867089e+01 4.814840e+01
         vertex 7.610447e+01 6.959867e+01 5.114840e+01
      endloop
   endfacet
   facet normal 9.916374e-01 1.290554e-01 -3.737832e-18
      outer loop
         vertex 7.610447e+01 6.959867e+01 5.114840e+01
         vertex 7.622522e+01 6.867089e+01 4.814840e+01
         vertex 7.610447e+01 6.959867e+01 4.814840e+01
      endloop
   endfacet
   facet normal 9.583975e-01 -2.854368e-01 -1.230933e-19
      outer loop
         vertex 7.610447e+01 6.959867e+01 5.114840e+01
         vertex 7.610447e+01 6.959867e+01 4.814840e+01
         vertex 7.637153e+01 7.049535e+01 5.114840e+01
      endloop
   endfacet
   facet normal 9.583975e-01 -2.854368e-01 -1.230933e-19
      outer loop
         vertex 7.637153e+01 7.049535e+01 5.114840e+01
         vertex 7.610447e+01 6.959867e+01 4.814840e+01
         vertex 7.637153e+01 7.049535e+01 4.814840e+01
      endloop
   endfacet
   facet normal 7.594419e-01 -6.505751e-01 3.512935e-18
      outer loop
         vertex 7.637153e+01 7.049535e+01 5.114840e+01
         vertex 7.637153e+01 7.049535e+01 4.814840e+01
         vertex 7.698021e+01 7.120588e+01 5.114840e+01
      endloop
   endfacet
   facet normal 7.594419e-01 -6.505751e-01 3.512935e-18
      outer loop
         vertex 7.698021e+01 7.120588e+01 5.114840e+01
         vertex 7.637153e+01 7.049535e+01 4.814840e+01
         vertex 7.698021e+01 7.120588e+01 4.814840e+01
      endloop
   endfacet
   facet normal 4.291718e-01 -9.032229e-01 6.541545e-18
      outer loop
         vertex 7.698021e+01 7.120588e+01 5.114840e+01
         vertex 7.698021e+01 7.120588e+01 4.814840e+01
         vertex 7.782527e+01 7.160742e+01 5.114840e+01
      endloop
   endfacet
   facet normal 4.291718e-01 -9.032229e-01 6.541545e-18
      outer loop
         vertex 7.782527e+01 7.160742e+01 5.114840e+01
         vertex 7.698021e+01 7.120588e+01 4.814840e+01
         vertex 7.782527e+01 7.160742e+01 4.814840e+01
      endloop
   endfacet
   facet normal 2.469442e-02 -9.996950e-01 8.439059e-18
      outer loop
         vertex 7.782527e+01 7.160742e+01 5.114840e+01
         vertex 7.782527e+01 7.160742e+01 4.814840e+01
         vertex 7.876058e+01 7.163052e+01 5.114840e+01
      endloop
   endfacet
   facet normal 2.469442e-02 -9.996950e-01 8.439059e-18
      outer loop
         vertex 7.876058e+01 7.163052e+01 5.114840e+01
         vertex 7.782527e+01 7.160742e+01 4.814840e+01
         vertex 7.876058e+01 7.163052e+01 4.814840e+01
      endloop
   endfacet
   facet normal -3.840533e-01 -9.233109e-01 8.877385e-18
      outer loop
         vertex 7.876058e+01 7.163052e+01 5.114840e+01
         vertex 7.876058e+01 7.163052e+01 4.814840e+01
         vertex 7.962444e+01 7.127120e+01 5.114840e+01
      endloop
   endfacet
   facet normal -3.840533e-01 -9.233109e-01 8.877385e-18
      outer loop
         vertex 7.962444e+01 7.127120e+01 5.114840e+01
         vertex 7.876058e+01 7.163052e+01 4.814840e+01
         vertex 7.962444e+01 7.127120e+01 4.814840e+01
      endloop
   endfacet
   facet normal -7.263946e-01 -6.872779e-01 7.780729e-18
      outer loop
         vertex 7.962444e+01 7.127120e+01 5.114840e+01
         vertex 7.962444e+01 7.127120e+01 4.814840e+01
         vertex 8.026745e+01 7.059158e+01 5.114840e+01
      endloop
   endfacet
   facet normal -7.263946e-01 -6.872779e-01 7.780729e-18
      outer loop
         vertex 8.026745e+01 7.059158e+01 5.114840e+01
         vertex 7.962444e+01 7.127120e+01 4.814840e+01
         vertex 8.026745e+01 7.059158e+01 4.814840e+01
      endloop
   endfacet
   facet normal -9.431353e-01 -3.324090e-01 5.338721e-18
      outer loop
         vertex 8.026745e+01 7.059158e+01 5.114840e+01
         vertex 8.026745e+01 7.059158e+01 4.814840e+01
         vertex 8.057846e+01 6.970918e+01 5.114840e+01
      endloop
   endfacet
   facet normal -9.431353e-01 -3.324090e-01 5.338721e-18
      outer loop
         vertex 8.057846e+01 6.970918e+01 5.114840e+01
         vertex 8.026745e+01 7.059158e+01 4.814840e+01
         vertex 8.057846e+01 6.970918e+01 4.814840e+01
      endloop
   endfacet
   facet normal -9.967998e-01 7.993796e-02 1.973586e-18
      outer loop
         vertex 8.057846e+01 6.970918e+01 5.114840e+01
         vertex 8.057846e+01 6.970918e+01 4.814840e+01
         vertex 8.050367e+01 6.877658e+01 5.114840e+01
      endloop
   endfacet
   facet normal -9.967998e-01 7.993796e-02 1.973586e-18
      outer loop
         vertex 8.050367e+01 6.877658e+01 5.114840e+01
         vertex 8.057846e+01 6.970918e+01 4.814840e+01
         vertex 8.050367e+01 6.877658e+01 4.814840e+01
      endloop
   endfacet
   facet normal -8.781088e-01 4.784609e-01 -1.732781e-18
      outer loop
         vertex 8.050367e+01 6.877658e+01 5.114840e+01
         vertex 8.050367e+01 6.877658e+01 4.814840e+01
         vertex 8.005602e+01 6.795502e+01 5.114840e+01
      endloop
   endfacet
   facet normal -8.781088e-01 4.784609e-01 -1.732781e-18
      outer loop
         vertex 8.005602e+01 6.795502e+01 5.114840e+01
         vertex 8.050367e+01 6.877658e+01 4.814840e+01
         vertex 8.005602e+01 6.795502e+01 4.814840e+01
      endloop
   endfacet
   facet normal 2.662170e-18 8.507394e-18 1.000000e+00
      outer loop
         vertex 7.594235e+01 7.530660e+01 5.219840e+01
         vertex 7.563770e+01 7.341182e+01 5.219840e+01
         vertex 7.687776e+01 7.478093e+01 5.219840e+01
      endloop
   endfacet
   facet normal 2.662170e-18 8.507394e-18 1.000000e+00
      outer loop
         vertex 7.687776e+01 7.478093e+01 5.219840e+01
         vertex 7.563770e+01 7.341182e+01 5.219840e+01
         vertex 7.690481e+01 7.297164e+01 5.219840e+01
      endloop
   endfacet
   facet normal 2.662170e-18 8.507394e-18 1.000000e+00
      outer loop
         vertex 7.687776e+01 7.478093e+01 5.219840e+01
         vertex 7.690481e+01 7.297164e+01 5.219840e+01
         vertex 7.794313e+01 7.465323e+01 5.219840e+01
      endloop
   endfacet
   facet normal 2.662170e-18 8.507394e-18 1.000000e+00
      outer loop
         vertex 7.794313e+01 7.465323e+01 5.219840e+01
         vertex 7.690481e+01 7.297164e+01 5.219840e+01
         vertex 7.824536e+01 7.292451e+01 5.219840e+01
      endloop
   endfacet
   facet normal 2.662170e-18 8.507394e-18 1.000000e+00
      outer loop
         vertex 7.794313e+01 7.465323e+01 5.219840e+01
         vertex 7.824536e+01 7.292451e+01 5.219840e+01
         vertex 7.897627e+01 7.494295e+01 5.219840e+01
      endloop
   endfacet
   facet normal 2.662170e-18 8.507394e-18 1.000000e+00
      outer loop
         vertex 7.897627e+01 7.494295e+01 5.219840e+01
         vertex 7.824536e+01 7.292451e+01 5.219840e+01
         vertex 7.954025e+01 7.327461e+01 5.219840e+01
      endloop
   endfacet
   facet normal 2.662170e-18 8.507394e-18 1.000000e+00
      outer loop
         vertex 7.897627e+01 7.494295e+01 5.219840e+01
         vertex 7.954025e+01 7.327461e+01 5.219840e+01
         vertex 7.981990e+01 7.560599e+01 5.219840e+01
      endloop
   endfacet
   facet normal 2.662170e-18 8.507394e-18 1.000000e+00
      outer loop
         vertex 7.511729e+01 7.824874e+01 5.219840e+01
         vertex 7.325860e+01 7.788882e+01 5.219840e+01
         vertex 7.498959e+01 7.718337e+01 5.219840e+01
      endloop
   endfacet
   facet normal 2.662170e-18 8.507394e-18 1.000000e+00
      outer loop
         vertex 7.498959e+01 7.718337e+01 5.219840e+01
         vertex 7.325860e+01 7.788882e+01 5.219840e+01
         vertex 7.331178e+01 7.654849e+01 5.219840e+01
      endloop
   endfacet
   facet normal 2.662170e-18 8.507394e-18 1.000000e+00
      outer loop
         vertex 7.498959e+01 7.718337e+01 5.219840e+01
         vertex 7.331178e+01 7.654849e+01 5.219840e+01
         vertex 7.527931e+01 7.615023e+01 5.219840e+01
      endloop
   endfacet
   facet normal 2.662170e-18 8.507394e-18 1.000000e+00
      outer loop
         vertex 7.527931e+01 7.615023e+01 5.219840e+01
         vertex 7.331178e+01 7.654849e+01 5.219840e+01
         vertex 7.375767e+01 7.528339e+01 5.219840e+01
      endloop
   endfacet
   facet normal 2.662170e-18 8.507394e-18 1.000000e+00
      outer loop
         vertex 7.527931e+01 7.615023e+01 5.219840e+01
         vertex 7.375767e+01 7.528339e+01 5.219840e+01
         vertex 7.594235e+01 7.530660e+01 5.219840e+01
      endloop
   endfacet
   facet normal 2.662170e-18 8.507394e-18 1.000000e+00
      outer loop
         vertex 7.594235e+01 7.530660e+01 5.219840e+01
         vertex 7.375767e+01 7.528339e+01 5.219840e+01
         vertex 7.455664e+01 7.420592e+01 5.219840e+01
      endloop
   endfacet
   facet normal 2.662170e-18 8.507394e-18 1.000000e+00
      outer loop
         vertex 7.594235e+01 7.530660e+01 5.219840e+01
         vertex 7.455664e+01 7.420592e+01 5.219840e+01
         vertex 7.563770e+01 7.341182e+01 5.219840e+01
      endloop
   endfacet
   facet normal 2.662170e-18 8.507394e-18 1.000000e+00
      outer loop
         vertex 7.751973e+01 8.013691e+01 5.219840e+01
         vertex 7.655694e+01 8.173910e+01 5.219840e+01
         vertex 7.648659e+01 7.984719e+01 5.219840e+01
      endloop
   endfacet
   facet normal 2.662170e-18 8.507394e-18 1.000000e+00
      outer loop
         vertex 7.648659e+01 7.984719e+01 5.219840e+01
         vertex 7.655694e+01 8.173910e+01 5.219840e+01
         vertex 7.532869e+01 8.119992e+01 5.219840e+01
      endloop
   endfacet
   facet normal 2.662170e-18 8.507394e-18 1.000000e+00
      outer loop
         vertex 7.648659e+01 7.984719e+01 5.219840e+01
         vertex 7.532869e+01 8.119992e+01 5.219840e+01
         vertex 7.564296e+01 7.918415e+01 5.219840e+01
      endloop
   endfacet
   facet normal 2.662170e-18 8.507394e-18 1.000000e+00
      outer loop
         vertex 7.564296e+01 7.918415e+01 5.219840e+01
         vertex 7.532869e+01 8.119992e+01 5.219840e+01
         vertex 7.431394e+01 8.032266e+01 5.219840e+01
      endloop
   endfacet
   facet normal 2.662170e-18 8.507394e-18 1.000000e+00
      outer loop
         vertex 7.564296e+01 7.918415e+01 5.219840e+01
         vertex 7.431394e+01 8.032266e+01 5.219840e+01
         vertex 7.511729e+01 7.824874e+01 5.219840e+01
      endloop
   endfacet
   facet normal 2.662170e-18 8.507394e-18 1.000000e+00
      outer loop
         vertex 7.511729e+01 7.824874e+01 5.219840e+01
         vertex 7.431394e+01 8.032266e+01 5.219840e+01
         vertex 7.360285e+01 7.918527e+01 5.219840e+01
      endloop
   endfacet
   facet normal 2.662170e-18 8.507394e-18 1.000000e+00
      outer loop
         vertex 7.511729e+01 7.824874e+01 5.219840e+01
         vertex 7.360285e+01 7.918527e+01 5.219840e+01
         vertex 7.325860e+01 7.788882e+01 5.219840e+01
      endloop
   endfacet
   facet normal 2.662170e-18 8.507394e-18 1.000000e+00
      outer loop
         vertex 7.954025e+01 7.327461e+01 5.219840e+01
         vertex 8.067441e+01 7.399083e+01 5.219840e+01
         vertex 7.981990e+01 7.560599e+01 5.219840e+01
      endloop
   endfacet
   facet normal 2.662170e-18 8.507394e-18 1.000000e+00
      outer loop
         vertex 7.981990e+01 7.560599e+01 5.219840e+01
         vertex 8.067441e+01 7.399083e+01 5.219840e+01
         vertex 8.154708e+01 7.500953e+01 5.219840e+01
      endloop
   endfacet
   facet normal 2.662170e-18 8.507394e-18 1.000000e+00
      outer loop
         vertex 7.981990e+01 7.560599e+01 5.219840e+01
         vertex 8.154708e+01 7.500953e+01 5.219840e+01
         vertex 8.034557e+01 7.654140e+01 5.219840e+01
      endloop
   endfacet
   facet normal 2.662170e-18 8.507394e-18 1.000000e+00
      outer loop
         vertex 8.034557e+01 7.654140e+01 5.219840e+01
         vertex 8.154708e+01 7.500953e+01 5.219840e+01
         vertex 8.208071e+01 7.624020e+01 5.219840e+01
      endloop
   endfacet
   facet normal 2.662170e-18 8.507394e-18 1.000000e+00
      outer loop
         vertex 8.034557e+01 7.654140e+01 5.219840e+01
         vertex 8.208071e+01 7.624020e+01 5.219840e+01
         vertex 8.047327e+01 7.760677e+01 5.219840e+01
      endloop
   endfacet
   facet normal 2.662170e-18 8.507394e-18 1.000000e+00
      outer loop
         vertex 8.047327e+01 7.760677e+01 5.219840e+01
         vertex 8.208071e+01 7.624020e+01 5.219840e+01
         vertex 8.222789e+01 7.757348e+01 5.219840e+01
      endloop
   endfacet
   facet normal 2.662170e-18 8.507394e-18 1.000000e+00
      outer loop
         vertex 8.047327e+01 7.760677e+01 5.219840e+01
         vertex 8.222789e+01 7.757348e+01 5.219840e+01
         vertex 8.018355e+01 7.863991e+01 5.219840e+01
      endloop
   endfacet
   facet normal 2.662170e-18 8.507394e-18 1.000000e+00
      outer loop
         vertex 8.222789e+01 7.757348e+01 5.219840e+01
         vertex 8.197554e+01 7.889091e+01 5.219840e+01
         vertex 8.018355e+01 7.863991e+01 5.219840e+01
      endloop
   endfacet
   facet normal 2.662170e-18 8.507394e-18 1.000000e+00
      outer loop
         vertex 8.018355e+01 7.863991e+01 5.219840e+01
         vertex 8.197554e+01 7.889091e+01 5.219840e+01
         vertex 8.134608e+01 8.007543e+01 5.219840e+01
      endloop
   endfacet
   facet normal 2.662170e-18 8.507394e-18 1.000000e+00
      outer loop
         vertex 8.018355e+01 7.863991e+01 5.219840e+01
         vertex 8.134608e+01 8.007543e+01 5.219840e+01
         vertex 7.952051e+01 7.948354e+01 5.219840e+01
      endloop
   endfacet
   facet normal 2.662170e-18 8.507394e-18 1.000000e+00
      outer loop
         vertex 7.952051e+01 7.948354e+01 5.219840e+01
         vertex 8.134608e+01 8.007543e+01 5.219840e+01
         vertex 8.039544e+01 8.102178e+01 5.219840e+01
      endloop
   endfacet
   facet normal 2.662170e-18 8.507394e-18 1.000000e+00
      outer loop
         vertex 7.952051e+01 7.948354e+01 5.219840e+01
         vertex 8.039544e+01 8.102178e+01 5.219840e+01
         vertex 7.858510e+01 8.000921e+01 5.219840e+01
      endloop
   endfacet
   facet normal 2.662170e-18 8.507394e-18 1.000000e+00
      outer loop
         vertex 7.858510e+01 8.000921e+01 5.219840e+01
         vertex 8.039544e+01 8.102178e+01 5.219840e+01
         vertex 7.920809e+01 8.164589e+01 5.219840e+01
      endloop
   endfacet
   facet normal 2.662170e-18 8.507394e-18 1.000000e+00
      outer loop
         vertex 7.858510e+01 8.000921e+01 5.219840e+01
         vertex 7.920809e+01 8.164589e+01 5.219840e+01
         vertex 7.751973e+01 8.013691e+01 5.219840e+01
      endloop
   endfacet
   facet normal 2.662170e-18 8.507394e-18 1.000000e+00
      outer loop
         vertex 7.751973e+01 8.013691e+01 5.219840e+01
         vertex 7.920809e+01 8.164589e+01 5.219840e+01
         vertex 7.788954e+01 8.189229e+01 5.219840e+01
      endloop
   endfacet
   facet normal 2.662170e-18 8.507394e-18 1.000000e+00
      outer loop
         vertex 7.751973e+01 8.013691e+01 5.219840e+01
         vertex 7.788954e+01 8.189229e+01 5.219840e+01
         vertex 7.655694e+01 8.173910e+01 5.219840e+01
      endloop
   endfacet
   facet normal 8.479228e-01 -5.301198e-01 -6.345722e-17
      outer loop
         vertex 7.431394e+01 8.032266e+01 5.219840e+01
         vertex 7.431394e+01 8.032266e+01 5.469840e+01
         vertex 7.360285e+01 7.918527e+01 5.219840e+01
      endloop
   endfacet
   facet normal 8.479228e-01 -5.301198e-01 2.252623e-18
      outer loop
         vertex 7.360285e+01 7.918527e+01 5.219840e+01
         vertex 7.431394e+01 8.032266e+01 5.469840e+01
         vertex 7.360285e+01 7.918527e+01 5.469840e+01
      endloop
   endfacet
   facet normal 9.665075e-01 -2.566385e-01 -3.896822e-19
      outer loop
         vertex 7.360285e+01 7.918527e+01 5.219840e+01
         vertex 7.360285e+01 7.918527e+01 5.469840e+01
         vertex 7.325860e+01 7.788882e+01 5.219840e+01
      endloop
   endfacet
   facet normal 9.665075e-01 -2.566385e-01 -3.896822e-19
      outer loop
         vertex 7.325860e+01 7.788882e+01 5.219840e+01
         vertex 7.360285e+01 7.918527e+01 5.469840e+01
         vertex 7.325860e+01 7.788882e+01 5.469840e+01
      endloop
   endfacet
   facet normal 9.992138e-01 3.964686e-02 -2.997368e-18
      outer loop
         vertex 7.325860e+01 7.788882e+01 5.219840e+01
         vertex 7.325860e+01 7.788882e+01 5.469840e+01
         vertex 7.331178e+01 7.654849e+01 5.219840e+01
      endloop
   endfacet
   facet normal 9.992138e-01 3.964686e-02 -2.997368e-18
      outer loop
         vertex 7.331178e+01 7.654849e+01 5.219840e+01
         vertex 7.325860e+01 7.788882e+01 5.469840e+01
         vertex 7.331178e+01 7.654849e+01 5.469840e+01
      endloop
   endfacet
   facet normal 9.431357e-01 3.324080e-01 -5.338713e-18
      outer loop
         vertex 7.331178e+01 7.654849e+01 5.219840e+01
         vertex 7.331178e+01 7.654849e+01 5.469840e+01
         vertex 7.375767e+01 7.528339e+01 5.219840e+01
      endloop
   endfacet
   facet normal 9.431357e-01 3.324080e-01 -5.338713e-18
      outer loop
         vertex 7.375767e+01 7.528339e+01 5.219840e+01
         vertex 7.331178e+01 7.654849e+01 5.469840e+01
         vertex 7.375767e+01 7.528339e+01 5.469840e+01
      endloop
   endfacet
   facet normal 8.032554e-01 5.956347e-01 -7.205701e-18
      outer loop
         vertex 7.375767e+01 7.528339e+01 5.219840e+01
         vertex 7.375767e+01 7.528339e+01 5.469840e+01
         vertex 7.455664e+01 7.420592e+01 5.219840e+01
      endloop
   endfacet
   facet normal 8.032554e-01 5.956347e-01 -7.205701e-18
      outer loop
         vertex 7.455664e+01 7.420592e+01 5.219840e+01
         vertex 7.375767e+01 7.528339e+01 5.469840e+01
         vertex 7.455664e+01 7.420592e+01 5.469840e+01
      endloop
   endfacet
   facet normal 5.920027e-01 8.059360e-01 -8.432426e-18
      outer loop
         vertex 7.455664e+01 7.420592e+01 5.219840e+01
         vertex 7.455664e+01 7.420592e+01 5.469840e+01
         vertex 7.563770e+01 7.341182e+01 5.219840e+01
      endloop
   endfacet
   facet normal 5.920027e-01 8.059360e-01 -8.432426e-18
      outer loop
         vertex 7.563770e+01 7.341182e+01 5.219840e+01
         vertex 7.455664e+01 7.420592e+01 5.469840e+01
         vertex 7.563770e+01 7.341182e+01 5.469840e+01
      endloop
   endfacet
   facet normal 3.281480e-01 9.446263e-01 -8.909894e-18
      outer loop
         vertex 7.563770e+01 7.341182e+01 5.219840e+01
         vertex 7.563770e+01 7.341182e+01 5.469840e+01
         vertex 7.690481e+01 7.297164e+01 5.219840e+01
      endloop
   endfacet
   facet normal 3.281480e-01 9.446263e-01 -8.909894e-18
      outer loop
         vertex 7.690481e+01 7.297164e+01 5.219840e+01
         vertex 7.563770e+01 7.341182e+01 5.469840e+01
         vertex 7.690481e+01 7.297164e+01 5.469840e+01
      endloop
   endfacet
   facet normal 3.513611e-02 9.993825e-01 -8.595679e-18
      outer loop
         vertex 7.690481e+01 7.297164e+01 5.219840e+01
         vertex 7.690481e+01 7.297164e+01 5.469840e+01
         vertex 7.824536e+01 7.292451e+01 5.219840e+01
      endloop
   endfacet
   facet normal 3.513611e-02 9.993825e-01 -8.595679e-18
      outer loop
         vertex 7.824536e+01 7.292451e+01 5.219840e+01
         vertex 7.690481e+01 7.297164e+01 5.469840e+01
         vertex 7.824536e+01 7.292451e+01 5.469840e+01
      endloop
   endfacet
   facet normal -2.609982e-01 9.653393e-01 -7.517700e-18
      outer loop
         vertex 7.824536e+01 7.292451e+01 5.219840e+01
         vertex 7.824536e+01 7.292451e+01 5.469840e+01
         vertex 7.954025e+01 7.327461e+01 5.219840e+01
      endloop
   endfacet
   facet normal -2.609982e-01 9.653393e-01 -7.517700e-18
      outer loop
         vertex 7.954025e+01 7.327461e+01 5.219840e+01
         vertex 7.824536e+01 7.292451e+01 5.469840e+01
         vertex 7.954025e+01 7.327461e+01 5.469840e+01
      endloop
   endfacet
   facet normal -5.339421e-01 8.455210e-01 -5.771736e-18
      outer loop
         vertex 7.954025e+01 7.327461e+01 5.219840e+01
         vertex 7.954025e+01 7.327461e+01 5.469840e+01
         vertex 8.067441e+01 7.399083e+01 5.219840e+01
      endloop
   endfacet
   facet normal -5.339421e-01 8.455210e-01 -5.771736e-18
      outer loop
         vertex 8.067441e+01 7.399083e+01 5.219840e+01
         vertex 7.954025e+01 7.327461e+01 5.469840e+01
         vertex 8.067441e+01 7.399083e+01 5.469840e+01
      endloop
   endfacet
   facet normal -7.594419e-01 6.505751e-01 -3.512935e-18
      outer loop
         vertex 8.067441e+01 7.399083e+01 5.219840e+01
         vertex 8.067441e+01 7.399083e+01 5.469840e+01
         vertex 8.154708e+01 7.500953e+01 5.219840e+01
      endloop
   endfacet
   facet normal -7.594419e-01 6.505751e-01 -3.512935e-18
      outer loop
         vertex 8.154708e+01 7.500953e+01 5.219840e+01
         vertex 8.067441e+01 7.399083e+01 5.469840e+01
         vertex 8.154708e+01 7.500953e+01 5.469840e+01
      endloop
   endfacet
   facet normal -9.174622e-01 3.978229e-01 -9.419959e-19
      outer loop
         vertex 8.154708e+01 7.500953e+01 5.219840e+01
         vertex 8.154708e+01 7.500953e+01 5.469840e+01
         vertex 8.208071e+01 7.624020e+01 5.219840e+01
      endloop
   endfacet
   facet normal -9.174622e-01 3.978229e-01 -9.419959e-19
      outer loop
         vertex 8.208071e+01 7.624020e+01 5.219840e+01
         vertex 8.154708e+01 7.500953e+01 5.469840e+01
         vertex 8.208071e+01 7.624020e+01 5.469840e+01
      endloop
   endfacet
   facet normal -9.939624e-01 1.097213e-01 1.712654e-18
      outer loop
         vertex 8.208071e+01 7.624020e+01 5.219840e+01
         vertex 8.208071e+01 7.624020e+01 5.469840e+01
         vertex 8.222789e+01 7.757348e+01 5.219840e+01
      endloop
   endfacet
   facet normal -9.939624e-01 1.097213e-01 1.712654e-18
      outer loop
         vertex 8.222789e+01 7.757348e+01 5.219840e+01
         vertex 8.208071e+01 7.624020e+01 5.469840e+01
         vertex 8.222789e+01 7.757348e+01 5.469840e+01
      endloop
   endfacet
   facet normal -9.821443e-01 -1.881290e-01 4.215122e-18
      outer loop
         vertex 8.222789e+01 7.757348e+01 5.219840e+01
         vertex 8.222789e+01 7.757348e+01 5.469840e+01
         vertex 8.197554e+01 7.889091e+01 5.219840e+01
      endloop
   endfacet
   facet normal -9.821443e-01 -1.881290e-01 4.215122e-18
      outer loop
         vertex 8.197554e+01 7.889091e+01 5.219840e+01
         vertex 8.222789e+01 7.757348e+01 5.469840e+01
         vertex 8.197554e+01 7.889091e+01 5.469840e+01
      endloop
   endfacet
   facet normal -8.830585e-01 -4.692628e-01 6.343055e-18
      outer loop
         vertex 8.197554e+01 7.889091e+01 5.219840e+01
         vertex 8.197554e+01 7.889091e+01 5.469840e+01
         vertex 8.134608e+01 8.007543e+01 5.219840e+01
      endloop
   endfacet
   facet normal -8.830585e-01 -4.692628e-01 6.343055e-18
      outer loop
         vertex 8.134608e+01 8.007543e+01 5.219840e+01
         vertex 8.197554e+01 7.889091e+01 5.469840e+01
         vertex 8.134608e+01 8.007543e+01 5.469840e+01
      endloop
   endfacet
   facet normal -7.055092e-01 -7.087008e-01 7.907382e-18
      outer loop
         vertex 8.134608e+01 8.007543e+01 5.219840e+01
         vertex 8.134608e+01 8.007543e+01 5.469840e+01
         vertex 8.039544e+01 8.102178e+01 5.219840e+01
      endloop
   endfacet
   facet normal -7.055092e-01 -7.087008e-01 7.907382e-18
      outer loop
         vertex 8.039544e+01 8.102178e+01 5.219840e+01
         vertex 8.134608e+01 8.007543e+01 5.469840e+01
         vertex 8.039544e+01 8.102178e+01 5.469840e+01
      endloop
   endfacet
   facet normal -4.652723e-01 -8.851676e-01 8.769103e-18
      outer loop
         vertex 8.039544e+01 8.102178e+01 5.219840e+01
         vertex 8.039544e+01 8.102178e+01 5.469840e+01
         vertex 7.920809e+01 8.164589e+01 5.219840e+01
      endloop
   endfacet
   facet normal -4.652723e-01 -8.851676e-01 8.769103e-18
      outer loop
         vertex 7.920809e+01 8.164589e+01 5.219840e+01
         vertex 8.039544e+01 8.102178e+01 5.469840e+01
         vertex 7.920809e+01 8.164589e+01 5.469840e+01
      endloop
   endfacet
   facet normal -1.836931e-01 -9.829836e-01 8.851651e-18
      outer loop
         vertex 7.920809e+01 8.164589e+01 5.219840e+01
         vertex 7.920809e+01 8.164589e+01 5.469840e+01
         vertex 7.788954e+01 8.189229e+01 5.219840e+01
      endloop
   endfacet
   facet normal -1.836931e-01 -9.829836e-01 8.851651e-18
      outer loop
         vertex 7.788954e+01 8.189229e+01 5.219840e+01
         vertex 7.920809e+01 8.164589e+01 5.469840e+01
         vertex 7.788954e+01 8.189229e+01 5.469840e+01
      endloop
   endfacet
   facet normal 1.142065e-01 -9.934570e-01 8.147693e-18
      outer loop
         vertex 7.788954e+01 8.189229e+01 5.219840e+01
         vertex 7.788954e+01 8.189229e+01 5.469840e+01
         vertex 7.655694e+01 8.173910e+01 5.219840e+01
      endloop
   endfacet
   facet normal 1.142065e-01 -9.934570e-01 8.147693e-18
      outer loop
         vertex 7.655694e+01 8.173910e+01 5.219840e+01
         vertex 7.788954e+01 8.189229e+01 5.469840e+01
         vertex 7.655694e+01 8.173910e+01 5.469840e+01
      endloop
   endfacet
   facet normal 4.019597e-01 -9.156574e-01 6.719773e-18
      outer loop
         vertex 7.655694e+01 8.173910e+01 5.219840e+01
         vertex 7.655694e+01 8.173910e+01 5.469840e+01
         vertex 7.532869e+01 8.119992e+01 5.219840e+01
      endloop
   endfacet
   facet normal 4.019597e-01 -9.156574e-01 6.719773e-18
      outer loop
         vertex 7.532869e+01 8.119992e+01 5.219840e+01
         vertex 7.655694e+01 8.173910e+01 5.469840e+01
         vertex 7.532869e+01 8.119992e+01 5.469840e+01
      endloop
   endfacet
   facet normal 6.539964e-01 -7.564976e-01 4.694774e-18
      outer loop
         vertex 7.532869e+01 8.119992e+01 5.219840e+01
         vertex 7.532869e+01 8.119992e+01 5.469840e+01
         vertex 7.431394e+01 8.032266e+01 5.219840e+01
      endloop
   endfacet
   facet normal 6.539964e-01 -7.564976e-01 7.040462e-17
      outer loop
         vertex 7.431394e+01 8.032266e+01 5.219840e+01
         vertex 7.532869e+01 8.119992e+01 5.469840e+01
         vertex 7.431394e+01 8.032266e+01 5.469840e+01
      endloop
   endfacet
endsolid TRY2_ASS - Cam-1