solid TRY2_ASS - Mount ARM-1
   facet normal -0.000000e+00 -2.588193e-01 -9.659258e-01
      outer loop
         vertex 2.878143e+01 5.971740e+01 7.237607e+01
         vertex 2.728143e+01 5.971740e+01 7.237607e+01
         vertex 2.878143e+01 6.124240e+01 7.196745e+01
      endloop
   endfacet
   facet normal -0.000000e+00 -2.588193e-01 -9.659258e-01
      outer loop
         vertex 2.878143e+01 6.124240e+01 7.196745e+01
         vertex 2.728143e+01 5.971740e+01 7.237607e+01
         vertex 2.728143e+01 6.124240e+01 7.196745e+01
      endloop
   endfacet
   facet normal -0.000000e+00 -7.071068e-01 -7.071068e-01
      outer loop
         vertex 2.878143e+01 6.124240e+01 7.196745e+01
         vertex 2.728143e+01 6.124240e+01 7.196745e+01
         vertex 2.878143e+01 6.235878e+01 7.085107e+01
      endloop
   endfacet
   facet normal -0.000000e+00 -7.071068e-01 -7.071068e-01
      outer loop
         vertex 2.878143e+01 6.235878e+01 7.085107e+01
         vertex 2.728143e+01 6.124240e+01 7.196745e+01
         vertex 2.728143e+01 6.235878e+01 7.085107e+01
      endloop
   endfacet
   facet normal -0.000000e+00 -9.659258e-01 -2.588190e-01
      outer loop
         vertex 2.878143e+01 6.235878e+01 7.085107e+01
         vertex 2.728143e+01 6.235878e+01 7.085107e+01
         vertex 2.878143e+01 6.276740e+01 6.932607e+01
      endloop
   endfacet
   facet normal -0.000000e+00 -9.659258e-01 -2.588190e-01
      outer loop
         vertex 2.878143e+01 6.276740e+01 6.932607e+01
         vertex 2.728143e+01 6.235878e+01 7.085107e+01
         vertex 2.728143e+01 6.276740e+01 6.932607e+01
      endloop
   endfacet
   facet normal 0.000000e+00 -9.659259e-01 2.588187e-01
      outer loop
         vertex 2.878143e+01 6.276740e+01 6.932607e+01
         vertex 2.728143e+01 6.276740e+01 6.932607e+01
         vertex 2.878143e+01 6.235878e+01 6.780107e+01
      endloop
   endfacet
   facet normal 0.000000e+00 -9.659259e-01 2.588187e-01
      outer loop
         vertex 2.878143e+01 6.235878e+01 6.780107e+01
         vertex 2.728143e+01 6.276740e+01 6.932607e+01
         vertex 2.728143e+01 6.235878e+01 6.780107e+01
      endloop
   endfacet
   facet normal 0.000000e+00 -7.071068e-01 7.071068e-01
      outer loop
         vertex 2.878143e+01 6.235878e+01 6.780107e+01
         vertex 2.728143e+01 6.235878e+01 6.780107e+01
         vertex 2.878143e+01 6.124240e+01 6.668470e+01
      endloop
   endfacet
   facet normal 0.000000e+00 -7.071068e-01 7.071068e-01
      outer loop
         vertex 2.878143e+01 6.124240e+01 6.668470e+01
         vertex 2.728143e+01 6.235878e+01 6.780107e+01
         vertex 2.728143e+01 6.124240e+01 6.668470e+01
      endloop
   endfacet
   facet normal 0.000000e+00 -2.588187e-01 9.659259e-01
      outer loop
         vertex 2.878143e+01 6.124240e+01 6.668470e+01
         vertex 2.728143e+01 6.124240e+01 6.668470e+01
         vertex 2.878143e+01 5.971740e+01 6.627607e+01
      endloop
   endfacet
   facet normal 0.000000e+00 -2.588187e-01 9.659259e-01
      outer loop
         vertex 2.878143e+01 5.971740e+01 6.627607e+01
         vertex 2.728143e+01 6.124240e+01 6.668470e+01
         vertex 2.728143e+01 5.971740e+01 6.627607e+01
      endloop
   endfacet
   facet normal 0.000000e+00 2.588190e-01 9.659258e-01
      outer loop
         vertex 2.878143e+01 5.971740e+01 6.627607e+01
         vertex 2.728143e+01 5.971740e+01 6.627607e+01
         vertex 2.878143e+01 5.819240e+01 6.668470e+01
      endloop
   endfacet
   facet normal 0.000000e+00 2.588190e-01 9.659258e-01
      outer loop
         vertex 2.878143e+01 5.819240e+01 6.668470e+01
         vertex 2.728143e+01 5.971740e+01 6.627607e+01
         vertex 2.728143e+01 5.819240e+01 6.668470e+01
      endloop
   endfacet
   facet normal 0.000000e+00 7.071068e-01 7.071068e-01
      outer loop
         vertex 2.878143e+01 5.819240e+01 6.668470e+01
         vertex 2.728143e+01 5.819240e+01 6.668470e+01
         vertex 2.878143e+01 5.707602e+01 6.780107e+01
      endloop
   endfacet
   facet normal 0.000000e+00 7.071068e-01 7.071068e-01
      outer loop
         vertex 2.878143e+01 5.707602e+01 6.780107e+01
         vertex 2.728143e+01 5.819240e+01 6.668470e+01
         vertex 2.728143e+01 5.707602e+01 6.780107e+01
      endloop
   endfacet
   facet normal 0.000000e+00 9.659258e-01 2.588193e-01
      outer loop
         vertex 2.878143e+01 5.707602e+01 6.780107e+01
         vertex 2.728143e+01 5.707602e+01 6.780107e+01
         vertex 2.878143e+01 5.666740e+01 6.932607e+01
      endloop
   endfacet
   facet normal 0.000000e+00 9.659258e-01 2.588193e-01
      outer loop
         vertex 2.878143e+01 5.666740e+01 6.932607e+01
         vertex 2.728143e+01 5.707602e+01 6.780107e+01
         vertex 2.728143e+01 5.666740e+01 6.932607e+01
      endloop
   endfacet
   facet normal 0.000000e+00 9.659257e-01 -2.588196e-01
      outer loop
         vertex 2.878143e+01 5.666740e+01 6.932607e+01
         vertex 2.728143e+01 5.666740e+01 6.932607e+01
         vertex 2.878143e+01 5.707602e+01 7.085107e+01
      endloop
   endfacet
   facet normal 0.000000e+00 9.659257e-01 -2.588196e-01
      outer loop
         vertex 2.878143e+01 5.707602e+01 7.085107e+01
         vertex 2.728143e+01 5.666740e+01 6.932607e+01
         vertex 2.728143e+01 5.707602e+01 7.085107e+01
      endloop
   endfacet
   facet normal 0.000000e+00 7.071068e-01 -7.071068e-01
      outer loop
         vertex 2.878143e+01 5.707602e+01 7.085107e+01
         vertex 2.728143e+01 5.707602e+01 7.085107e+01
         vertex 2.878143e+01 5.819240e+01 7.196745e+01
      endloop
   endfacet
   facet normal 0.000000e+00 7.071068e-01 -7.071068e-01
      outer loop
         vertex 2.878143e+01 5.819240e+01 7.196745e+01
         vertex 2.728143e+01 5.707602e+01 7.085107e+01
         vertex 2.728143e+01 5.819240e+01 7.196745e+01
      endloop
   endfacet
   facet normal 0.000000e+00 2.588196e-01 -9.659257e-01
      outer loop
         vertex 2.878143e+01 5.819240e+01 7.196745e+01
         vertex 2.728143e+01 5.819240e+01 7.196745e+01
         vertex 2.878143e+01 5.971740e+01 7.237607e+01
      endloop
   endfacet
   facet normal 0.000000e+00 2.588196e-01 -9.659257e-01
      outer loop
         vertex 2.878143e+01 5.971740e+01 7.237607e+01
         vertex 2.728143e+01 5.819240e+01 7.196745e+01
         vertex 2.728143e+01 5.971740e+01 7.237607e+01
      endloop
   endfacet
   facet normal -0.000000e+00 -2.588196e-01 -9.659257e-01
      outer loop
         vertex 2.878143e+01 9.507274e+01 7.237607e+01
         vertex 2.728143e+01 9.507274e+01 7.237607e+01
         vertex 2.878143e+01 9.659774e+01 7.196745e+01
      endloop
   endfacet
   facet normal -0.000000e+00 -2.588196e-01 -9.659257e-01
      outer loop
         vertex 2.878143e+01 9.659774e+01 7.196745e+01
         vertex 2.728143e+01 9.507274e+01 7.237607e+01
         vertex 2.728143e+01 9.659774e+01 7.196745e+01
      endloop
   endfacet
   facet normal -0.000000e+00 -7.071068e-01 -7.071068e-01
      outer loop
         vertex 2.878143e+01 9.659774e+01 7.196745e+01
         vertex 2.728143e+01 9.659774e+01 7.196745e+01
         vertex 2.878143e+01 9.771412e+01 7.085107e+01
      endloop
   endfacet
   facet normal -0.000000e+00 -7.071068e-01 -7.071068e-01
      outer loop
         vertex 2.878143e+01 9.771412e+01 7.085107e+01
         vertex 2.728143e+01 9.659774e+01 7.196745e+01
         vertex 2.728143e+01 9.771412e+01 7.085107e+01
      endloop
   endfacet
   facet normal -0.000000e+00 -9.659257e-01 -2.588196e-01
      outer loop
         vertex 2.878143e+01 9.771412e+01 7.085107e+01
         vertex 2.728143e+01 9.771412e+01 7.085107e+01
         vertex 2.878143e+01 9.812274e+01 6.932607e+01
      endloop
   endfacet
   facet normal -0.000000e+00 -9.659257e-01 -2.588196e-01
      outer loop
         vertex 2.878143e+01 9.812274e+01 6.932607e+01
         vertex 2.728143e+01 9.771412e+01 7.085107e+01
         vertex 2.728143e+01 9.812274e+01 6.932607e+01
      endloop
   endfacet
   facet normal 0.000000e+00 -9.659258e-01 2.588193e-01
      outer loop
         vertex 2.878143e+01 9.812274e+01 6.932607e+01
         vertex 2.728143e+01 9.812274e+01 6.932607e+01
         vertex 2.878143e+01 9.771412e+01 6.780107e+01
      endloop
   endfacet
   facet normal 0.000000e+00 -9.659258e-01 2.588193e-01
      outer loop
         vertex 2.878143e+01 9.771412e+01 6.780107e+01
         vertex 2.728143e+01 9.812274e+01 6.932607e+01
         vertex 2.728143e+01 9.771412e+01 6.780107e+01
      endloop
   endfacet
   facet normal 0.000000e+00 -7.071068e-01 7.071068e-01
      outer loop
         vertex 2.878143e+01 9.771412e+01 6.780107e+01
         vertex 2.728143e+01 9.771412e+01 6.780107e+01
         vertex 2.878143e+01 9.659774e+01 6.668470e+01
      endloop
   endfacet
   facet normal 0.000000e+00 -7.071068e-01 7.071068e-01
      outer loop
         vertex 2.878143e+01 9.659774e+01 6.668470e+01
         vertex 2.728143e+01 9.771412e+01 6.780107e+01
         vertex 2.728143e+01 9.659774e+01 6.668470e+01
      endloop
   endfacet
   facet normal 0.000000e+00 -2.588190e-01 9.659258e-01
      outer loop
         vertex 2.878143e+01 9.659774e+01 6.668470e+01
         vertex 2.728143e+01 9.659774e+01 6.668470e+01
         vertex 2.878143e+01 9.507274e+01 6.627607e+01
      endloop
   endfacet
   facet normal 0.000000e+00 -2.588190e-01 9.659258e-01
      outer loop
         vertex 2.878143e+01 9.507274e+01 6.627607e+01
         vertex 2.728143e+01 9.659774e+01 6.668470e+01
         vertex 2.728143e+01 9.507274e+01 6.627607e+01
      endloop
   endfacet
   facet normal 0.000000e+00 2.588187e-01 9.659259e-01
      outer loop
         vertex 2.878143e+01 9.507274e+01 6.627607e+01
         vertex 2.728143e+01 9.507274e+01 6.627607e+01
         vertex 2.878143e+01 9.354774e+01 6.668470e+01
      endloop
   endfacet
   facet normal 0.000000e+00 2.588187e-01 9.659259e-01
      outer loop
         vertex 2.878143e+01 9.354774e+01 6.668470e+01
         vertex 2.728143e+01 9.507274e+01 6.627607e+01
         vertex 2.728143e+01 9.354774e+01 6.668470e+01
      endloop
   endfacet
   facet normal 0.000000e+00 7.071068e-01 7.071068e-01
      outer loop
         vertex 2.878143e+01 9.354774e+01 6.668470e+01
         vertex 2.728143e+01 9.354774e+01 6.668470e+01
         vertex 2.878143e+01 9.243136e+01 6.780107e+01
      endloop
   endfacet
   facet normal 0.000000e+00 7.071068e-01 7.071068e-01
      outer loop
         vertex 2.878143e+01 9.243136e+01 6.780107e+01
         vertex 2.728143e+01 9.354774e+01 6.668470e+01
         vertex 2.728143e+01 9.243136e+01 6.780107e+01
      endloop
   endfacet
   facet normal 0.000000e+00 9.659259e-01 2.588187e-01
      outer loop
         vertex 2.878143e+01 9.243136e+01 6.780107e+01
         vertex 2.728143e+01 9.243136e+01 6.780107e+01
         vertex 2.878143e+01 9.202274e+01 6.932607e+01
      endloop
   endfacet
   facet normal 0.000000e+00 9.659259e-01 2.588187e-01
      outer loop
         vertex 2.878143e+01 9.202274e+01 6.932607e+01
         vertex 2.728143e+01 9.243136e+01 6.780107e+01
         vertex 2.728143e+01 9.202274e+01 6.932607e+01
      endloop
   endfacet
   facet normal 0.000000e+00 9.659258e-01 -2.588190e-01
      outer loop
         vertex 2.878143e+01 9.202274e+01 6.932607e+01
         vertex 2.728143e+01 9.202274e+01 6.932607e+01
         vertex 2.878143e+01 9.243136e+01 7.085107e+01
      endloop
   endfacet
   facet normal 0.000000e+00 9.659258e-01 -2.588190e-01
      outer loop
         vertex 2.878143e+01 9.243136e+01 7.085107e+01
         vertex 2.728143e+01 9.202274e+01 6.932607e+01
         vertex 2.728143e+01 9.243136e+01 7.085107e+01
      endloop
   endfacet
   facet normal 0.000000e+00 7.071068e-01 -7.071068e-01
      outer loop
         vertex 2.878143e+01 9.243136e+01 7.085107e+01
         vertex 2.728143e+01 9.243136e+01 7.085107e+01
         vertex 2.878143e+01 9.354774e+01 7.196745e+01
      endloop
   endfacet
   facet normal 0.000000e+00 7.071068e-01 -7.071068e-01
      outer loop
         vertex 2.878143e+01 9.354774e+01 7.196745e+01
         vertex 2.728143e+01 9.243136e+01 7.085107e+01
         vertex 2.728143e+01 9.354774e+01 7.196745e+01
      endloop
   endfacet
   facet normal 0.000000e+00 2.588193e-01 -9.659258e-01
      outer loop
         vertex 2.878143e+01 9.354774e+01 7.196745e+01
         vertex 2.728143e+01 9.354774e+01 7.196745e+01
         vertex 2.878143e+01 9.507274e+01 7.237607e+01
      endloop
   endfacet
   facet normal 0.000000e+00 2.588193e-01 -9.659258e-01
      outer loop
         vertex 2.878143e+01 9.507274e+01 7.237607e+01
         vertex 2.728143e+01 9.354774e+01 7.196745e+01
         vertex 2.728143e+01 9.507274e+01 7.237607e+01
      endloop
   endfacet
   facet normal -0.000000e+00 -2.588190e-01 -9.659258e-01
      outer loop
         vertex 2.878143e+01 9.507274e+01 3.702073e+01
         vertex 2.728143e+01 9.507274e+01 3.702073e+01
         vertex 2.878143e+01 9.659774e+01 3.661211e+01
      endloop
   endfacet
   facet normal -0.000000e+00 -2.588190e-01 -9.659258e-01
      outer loop
         vertex 2.878143e+01 9.659774e+01 3.661211e+01
         vertex 2.728143e+01 9.507274e+01 3.702073e+01
         vertex 2.728143e+01 9.659774e+01 3.661211e+01
      endloop
   endfacet
   facet normal -0.000000e+00 -7.071068e-01 -7.071068e-01
      outer loop
         vertex 2.878143e+01 9.659774e+01 3.661211e+01
         vertex 2.728143e+01 9.659774e+01 3.661211e+01
         vertex 2.878143e+01 9.771412e+01 3.549574e+01
      endloop
   endfacet
   facet normal -0.000000e+00 -7.071068e-01 -7.071068e-01
      outer loop
         vertex 2.878143e+01 9.771412e+01 3.549574e+01
         vertex 2.728143e+01 9.659774e+01 3.661211e+01
         vertex 2.728143e+01 9.771412e+01 3.549574e+01
      endloop
   endfacet
   facet normal -0.000000e+00 -9.659258e-01 -2.588193e-01
      outer loop
         vertex 2.878143e+01 9.771412e+01 3.549574e+01
         vertex 2.728143e+01 9.771412e+01 3.549574e+01
         vertex 2.878143e+01 9.812274e+01 3.397073e+01
      endloop
   endfacet
   facet normal -0.000000e+00 -9.659258e-01 -2.588193e-01
      outer loop
         vertex 2.878143e+01 9.812274e+01 3.397073e+01
         vertex 2.728143e+01 9.771412e+01 3.549574e+01
         vertex 2.728143e+01 9.812274e+01 3.397073e+01
      endloop
   endfacet
   facet normal 0.000000e+00 -9.659257e-01 2.588196e-01
      outer loop
         vertex 2.878143e+01 9.812274e+01 3.397073e+01
         vertex 2.728143e+01 9.812274e+01 3.397073e+01
         vertex 2.878143e+01 9.771412e+01 3.244573e+01
      endloop
   endfacet
   facet normal 0.000000e+00 -9.659257e-01 2.588196e-01
      outer loop
         vertex 2.878143e+01 9.771412e+01 3.244573e+01
         vertex 2.728143e+01 9.812274e+01 3.397073e+01
         vertex 2.728143e+01 9.771412e+01 3.244573e+01
      endloop
   endfacet
   facet normal 0.000000e+00 -7.071068e-01 7.071068e-01
      outer loop
         vertex 2.878143e+01 9.771412e+01 3.244573e+01
         vertex 2.728143e+01 9.771412e+01 3.244573e+01
         vertex 2.878143e+01 9.659774e+01 3.132936e+01
      endloop
   endfacet
   facet normal 0.000000e+00 -7.071068e-01 7.071068e-01
      outer loop
         vertex 2.878143e+01 9.659774e+01 3.132936e+01
         vertex 2.728143e+01 9.771412e+01 3.244573e+01
         vertex 2.728143e+01 9.659774e+01 3.132936e+01
      endloop
   endfacet
   facet normal 0.000000e+00 -2.588196e-01 9.659257e-01
      outer loop
         vertex 2.878143e+01 9.659774e+01 3.132936e+01
         vertex 2.728143e+01 9.659774e+01 3.132936e+01
         vertex 2.878143e+01 9.507274e+01 3.092073e+01
      endloop
   endfacet
   facet normal 0.000000e+00 -2.588196e-01 9.659257e-01
      outer loop
         vertex 2.878143e+01 9.507274e+01 3.092073e+01
         vertex 2.728143e+01 9.659774e+01 3.132936e+01
         vertex 2.728143e+01 9.507274e+01 3.092073e+01
      endloop
   endfacet
   facet normal 0.000000e+00 2.588193e-01 9.659258e-01
      outer loop
         vertex 2.878143e+01 9.507274e+01 3.092073e+01
         vertex 2.728143e+01 9.507274e+01 3.092073e+01
         vertex 2.878143e+01 9.354774e+01 3.132936e+01
      endloop
   endfacet
   facet normal 0.000000e+00 2.588193e-01 9.659258e-01
      outer loop
         vertex 2.878143e+01 9.354774e+01 3.132936e+01
         vertex 2.728143e+01 9.507274e+01 3.092073e+01
         vertex 2.728143e+01 9.354774e+01 3.132936e+01
      endloop
   endfacet
   facet normal 0.000000e+00 7.071068e-01 7.071068e-01
      outer loop
         vertex 2.878143e+01 9.354774e+01 3.132936e+01
         vertex 2.728143e+01 9.354774e+01 3.132936e+01
         vertex 2.878143e+01 9.243136e+01 3.244573e+01
      endloop
   endfacet
   facet normal 0.000000e+00 7.071068e-01 7.071068e-01
      outer loop
         vertex 2.878143e+01 9.243136e+01 3.244573e+01
         vertex 2.728143e+01 9.354774e+01 3.132936e+01
         vertex 2.728143e+01 9.243136e+01 3.244573e+01
      endloop
   endfacet
   facet normal 0.000000e+00 9.659258e-01 2.588190e-01
      outer loop
         vertex 2.878143e+01 9.243136e+01 3.244573e+01
         vertex 2.728143e+01 9.243136e+01 3.244573e+01
         vertex 2.878143e+01 9.202274e+01 3.397073e+01
      endloop
   endfacet
   facet normal 0.000000e+00 9.659258e-01 2.588190e-01
      outer loop
         vertex 2.878143e+01 9.202274e+01 3.397073e+01
         vertex 2.728143e+01 9.243136e+01 3.244573e+01
         vertex 2.728143e+01 9.202274e+01 3.397073e+01
      endloop
   endfacet
   facet normal 0.000000e+00 9.659259e-01 -2.588187e-01
      outer loop
         vertex 2.878143e+01 9.202274e+01 3.397073e+01
         vertex 2.728143e+01 9.202274e+01 3.397073e+01
         vertex 2.878143e+01 9.243136e+01 3.549574e+01
      endloop
   endfacet
   facet normal 0.000000e+00 9.659259e-01 -2.588187e-01
      outer loop
         vertex 2.878143e+01 9.243136e+01 3.549574e+01
         vertex 2.728143e+01 9.202274e+01 3.397073e+01
         vertex 2.728143e+01 9.243136e+01 3.549574e+01
      endloop
   endfacet
   facet normal 0.000000e+00 7.071068e-01 -7.071068e-01
      outer loop
         vertex 2.878143e+01 9.243136e+01 3.549574e+01
         vertex 2.728143e+01 9.243136e+01 3.549574e+01
         vertex 2.878143e+01 9.354774e+01 3.661211e+01
      endloop
   endfacet
   facet normal 0.000000e+00 7.071068e-01 -7.071068e-01
      outer loop
         vertex 2.878143e+01 9.354774e+01 3.661211e+01
         vertex 2.728143e+01 9.243136e+01 3.549574e+01
         vertex 2.728143e+01 9.354774e+01 3.661211e+01
      endloop
   endfacet
   facet normal 0.000000e+00 2.588187e-01 -9.659259e-01
      outer loop
         vertex 2.878143e+01 9.354774e+01 3.661211e+01
         vertex 2.728143e+01 9.354774e+01 3.661211e+01
         vertex 2.878143e+01 9.507274e+01 3.702073e+01
      endloop
   endfacet
   facet normal 0.000000e+00 2.588187e-01 -9.659259e-01
      outer loop
         vertex 2.878143e+01 9.507274e+01 3.702073e+01
         vertex 2.728143e+01 9.354774e+01 3.661211e+01
         vertex 2.728143e+01 9.507274e+01 3.702073e+01
      endloop
   endfacet
   facet normal -0.000000e+00 -2.588187e-01 -9.659259e-01
      outer loop
         vertex 2.878143e+01 5.971740e+01 3.702073e+01
         vertex 2.728143e+01 5.971740e+01 3.702073e+01
         vertex 2.878143e+01 6.124240e+01 3.661211e+01
      endloop
   endfacet
   facet normal -0.000000e+00 -2.588187e-01 -9.659259e-01
      outer loop
         vertex 2.878143e+01 6.124240e+01 3.661211e+01
         vertex 2.728143e+01 5.971740e+01 3.702073e+01
         vertex 2.728143e+01 6.124240e+01 3.661211e+01
      endloop
   endfacet
   facet normal -0.000000e+00 -7.071068e-01 -7.071068e-01
      outer loop
         vertex 2.878143e+01 6.124240e+01 3.661211e+01
         vertex 2.728143e+01 6.124240e+01 3.661211e+01
         vertex 2.878143e+01 6.235878e+01 3.549574e+01
      endloop
   endfacet
   facet normal -0.000000e+00 -7.071068e-01 -7.071068e-01
      outer loop
         vertex 2.878143e+01 6.235878e+01 3.549574e+01
         vertex 2.728143e+01 6.124240e+01 3.661211e+01
         vertex 2.728143e+01 6.235878e+01 3.549574e+01
      endloop
   endfacet
   facet normal -0.000000e+00 -9.659259e-01 -2.588187e-01
      outer loop
         vertex 2.878143e+01 6.235878e+01 3.549574e+01
         vertex 2.728143e+01 6.235878e+01 3.549574e+01
         vertex 2.878143e+01 6.276740e+01 3.397073e+01
      endloop
   endfacet
   facet normal -0.000000e+00 -9.659259e-01 -2.588187e-01
      outer loop
         vertex 2.878143e+01 6.276740e+01 3.397073e+01
         vertex 2.728143e+01 6.235878e+01 3.549574e+01
         vertex 2.728143e+01 6.276740e+01 3.397073e+01
      endloop
   endfacet
   facet normal 0.000000e+00 -9.659258e-01 2.588190e-01
      outer loop
         vertex 2.878143e+01 6.276740e+01 3.397073e+01
         vertex 2.728143e+01 6.276740e+01 3.397073e+01
         vertex 2.878143e+01 6.235878e+01 3.244573e+01
      endloop
   endfacet
   facet normal 0.000000e+00 -9.659258e-01 2.588190e-01
      outer loop
         vertex 2.878143e+01 6.235878e+01 3.244573e+01
         vertex 2.728143e+01 6.276740e+01 3.397073e+01
         vertex 2.728143e+01 6.235878e+01 3.244573e+01
      endloop
   endfacet
   facet normal 0.000000e+00 -7.071068e-01 7.071068e-01
      outer loop
         vertex 2.878143e+01 6.235878e+01 3.244573e+01
         vertex 2.728143e+01 6.235878e+01 3.244573e+01
         vertex 2.878143e+01 6.124240e+01 3.132936e+01
      endloop
   endfacet
   facet normal 0.000000e+00 -7.071068e-01 7.071068e-01
      outer loop
         vertex 2.878143e+01 6.124240e+01 3.132936e+01
         vertex 2.728143e+01 6.235878e+01 3.244573e+01
         vertex 2.728143e+01 6.124240e+01 3.132936e+01
      endloop
   endfacet
   facet normal 0.000000e+00 -2.588193e-01 9.659258e-01
      outer loop
         vertex 2.878143e+01 6.124240e+01 3.132936e+01
         vertex 2.728143e+01 6.124240e+01 3.132936e+01
         vertex 2.878143e+01 5.971740e+01 3.092073e+01
      endloop
   endfacet
   facet normal 0.000000e+00 -2.588193e-01 9.659258e-01
      outer loop
         vertex 2.878143e+01 5.971740e+01 3.092073e+01
         vertex 2.728143e+01 6.124240e+01 3.132936e+01
         vertex 2.728143e+01 5.971740e+01 3.092073e+01
      endloop
   endfacet
   facet normal 0.000000e+00 2.588196e-01 9.659257e-01
      outer loop
         vertex 2.878143e+01 5.971740e+01 3.092073e+01
         vertex 2.728143e+01 5.971740e+01 3.092073e+01
         vertex 2.878143e+01 5.819240e+01 3.132936e+01
      endloop
   endfacet
   facet normal 0.000000e+00 2.588196e-01 9.659257e-01
      outer loop
         vertex 2.878143e+01 5.819240e+01 3.132936e+01
         vertex 2.728143e+01 5.971740e+01 3.092073e+01
         vertex 2.728143e+01 5.819240e+01 3.132936e+01
      endloop
   endfacet
   facet normal 0.000000e+00 7.071068e-01 7.071068e-01
      outer loop
         vertex 2.878143e+01 5.819240e+01 3.132936e+01
         vertex 2.728143e+01 5.819240e+01 3.132936e+01
         vertex 2.878143e+01 5.707602e+01 3.244573e+01
      endloop
   endfacet
   facet normal 0.000000e+00 7.071068e-01 7.071068e-01
      outer loop
         vertex 2.878143e+01 5.707602e+01 3.244573e+01
         vertex 2.728143e+01 5.819240e+01 3.132936e+01
         vertex 2.728143e+01 5.707602e+01 3.244573e+01
      endloop
   endfacet
   facet normal 0.000000e+00 9.659257e-01 2.588196e-01
      outer loop
         vertex 2.878143e+01 5.707602e+01 3.244573e+01
         vertex 2.728143e+01 5.707602e+01 3.244573e+01
         vertex 2.878143e+01 5.666740e+01 3.397073e+01
      endloop
   endfacet
   facet normal 0.000000e+00 9.659257e-01 2.588196e-01
      outer loop
         vertex 2.878143e+01 5.666740e+01 3.397073e+01
         vertex 2.728143e+01 5.707602e+01 3.244573e+01
         vertex 2.728143e+01 5.666740e+01 3.397073e+01
      endloop
   endfacet
   facet normal 0.000000e+00 9.659258e-01 -2.588193e-01
      outer loop
         vertex 2.878143e+01 5.666740e+01 3.397073e+01
         vertex 2.728143e+01 5.666740e+01 3.397073e+01
         vertex 2.878143e+01 5.707602e+01 3.549574e+01
      endloop
   endfacet
   facet normal 0.000000e+00 9.659258e-01 -2.588193e-01
      outer loop
         vertex 2.878143e+01 5.707602e+01 3.549574e+01
         vertex 2.728143e+01 5.666740e+01 3.397073e+01
         vertex 2.728143e+01 5.707602e+01 3.549574e+01
      endloop
   endfacet
   facet normal 0.000000e+00 7.071068e-01 -7.071068e-01
      outer loop
         vertex 2.878143e+01 5.707602e+01 3.549574e+01
         vertex 2.728143e+01 5.707602e+01 3.549574e+01
         vertex 2.878143e+01 5.819240e+01 3.661211e+01
      endloop
   endfacet
   facet normal 0.000000e+00 7.071068e-01 -7.071068e-01
      outer loop
         vertex 2.878143e+01 5.819240e+01 3.661211e+01
         vertex 2.728143e+01 5.707602e+01 3.549574e+01
         vertex 2.728143e+01 5.819240e+01 3.661211e+01
      endloop
   endfacet
   facet normal 0.000000e+00 2.588190e-01 -9.659258e-01
      outer loop
         vertex 2.878143e+01 5.819240e+01 3.661211e+01
         vertex 2.728143e+01 5.819240e+01 3.661211e+01
         vertex 2.878143e+01 5.971740e+01 3.702073e+01
      endloop
   endfacet
   facet normal 0.000000e+00 2.588190e-01 -9.659258e-01
      outer loop
         vertex 2.878143e+01 5.971740e+01 3.702073e+01
         vertex 2.728143e+01 5.819240e+01 3.661211e+01
         vertex 2.728143e+01 5.971740e+01 3.702073e+01
      endloop
   endfacet
   facet normal -1.000000e+00 0.000000e+00 0.000000e+00
      outer loop
         vertex 2.728143e+01 6.304257e+01 4.620522e+01
         vertex 2.728143e+01 6.476227e+01 4.292861e+01
         vertex 2.728143e+01 5.935623e+01 4.298457e+01
      endloop
   endfacet
   facet normal -1.000000e+00 0.000000e+00 0.000000e+00
      outer loop
         vertex 2.728143e+01 9.769507e+01 7.612595e+01
         vertex 2.728143e+01 9.939873e+01 7.460661e+01
         vertex 2.728143e+01 9.769507e+01 7.384840e+01
      endloop
   endfacet
   facet normal -1.000000e+00 0.000000e+00 0.000000e+00
      outer loop
         vertex 2.728143e+01 9.769507e+01 7.384840e+01
         vertex 2.728143e+01 9.939873e+01 7.460661e+01
         vertex 2.728143e+01 9.890890e+01 6.968724e+01
      endloop
   endfacet
   facet normal -1.000000e+00 0.000000e+00 0.000000e+00
      outer loop
         vertex 2.728143e+01 9.890890e+01 6.968724e+01
         vertex 2.728143e+01 9.812274e+01 6.932607e+01
         vertex 2.728143e+01 9.771412e+01 7.085107e+01
      endloop
   endfacet
   facet normal -1.000000e+00 0.000000e+00 0.000000e+00
      outer loop
         vertex 2.728143e+01 9.890890e+01 6.968724e+01
         vertex 2.728143e+01 9.771412e+01 7.085107e+01
         vertex 2.728143e+01 9.769507e+01 7.384840e+01
      endloop
   endfacet
   facet normal -1.000000e+00 0.000000e+00 0.000000e+00
      outer loop
         vertex 2.728143e+01 9.769507e+01 7.384840e+01
         vertex 2.728143e+01 9.771412e+01 7.085107e+01
         vertex 2.728143e+01 9.659774e+01 7.196745e+01
      endloop
   endfacet
   facet normal -1.000000e+00 0.000000e+00 0.000000e+00
      outer loop
         vertex 2.728143e+01 9.769507e+01 7.384840e+01
         vertex 2.728143e+01 9.659774e+01 7.196745e+01
         vertex 2.728143e+01 9.543391e+01 7.384840e+01
      endloop
   endfacet
   facet normal -1.000000e+00 0.000000e+00 0.000000e+00
      outer loop
         vertex 2.728143e+01 9.543391e+01 7.384840e+01
         vertex 2.728143e+01 9.659774e+01 7.196745e+01
         vertex 2.728143e+01 9.507274e+01 7.237607e+01
      endloop
   endfacet
   facet normal -1.000000e+00 0.000000e+00 0.000000e+00
      outer loop
         vertex 2.728143e+01 9.543391e+01 7.384840e+01
         vertex 2.728143e+01 9.507274e+01 7.237607e+01
         vertex 2.728143e+01 7.739507e+01 7.384840e+01
      endloop
   endfacet
   facet normal -1.000000e+00 0.000000e+00 0.000000e+00
      outer loop
         vertex 2.728143e+01 7.739507e+01 7.384840e+01
         vertex 2.728143e+01 9.507274e+01 7.237607e+01
         vertex 2.728143e+01 9.354774e+01 7.196745e+01
      endloop
   endfacet
   facet normal -1.000000e+00 0.000000e+00 0.000000e+00
      outer loop
         vertex 2.728143e+01 7.739507e+01 7.384840e+01
         vertex 2.728143e+01 9.354774e+01 7.196745e+01
         vertex 2.728143e+01 9.243136e+01 7.085107e+01
      endloop
   endfacet
   facet normal -1.000000e+00 0.000000e+00 0.000000e+00
      outer loop
         vertex 2.728143e+01 6.276740e+01 6.932607e+01
         vertex 2.728143e+01 7.739507e+01 7.384840e+01
         vertex 2.728143e+01 7.739507e+01 6.968724e+01
      endloop
   endfacet
   facet normal -1.000000e+00 0.000000e+00 0.000000e+00
      outer loop
         vertex 2.728143e+01 7.739507e+01 6.968724e+01
         vertex 2.728143e+01 7.739507e+01 7.384840e+01
         vertex 2.728143e+01 9.243136e+01 7.085107e+01
      endloop
   endfacet
   facet normal -1.000000e+00 0.000000e+00 0.000000e+00
      outer loop
         vertex 2.728143e+01 7.739507e+01 6.968724e+01
         vertex 2.728143e+01 9.243136e+01 7.085107e+01
         vertex 2.728143e+01 9.202274e+01 6.932607e+01
      endloop
   endfacet
   facet normal -1.000000e+00 0.000000e+00 0.000000e+00
      outer loop
         vertex 2.728143e+01 5.709507e+01 7.612595e+01
         vertex 2.728143e+01 5.709507e+01 7.384840e+01
         vertex 2.728143e+01 5.539141e+01 7.460661e+01
      endloop
   endfacet
   facet normal -1.000000e+00 0.000000e+00 0.000000e+00
      outer loop
         vertex 2.728143e+01 5.539141e+01 7.460661e+01
         vertex 2.728143e+01 5.709507e+01 7.384840e+01
         vertex 2.728143e+01 5.182796e+01 7.055774e+01
      endloop
   endfacet
   facet normal -1.000000e+00 0.000000e+00 0.000000e+00
      outer loop
         vertex 2.728143e+01 6.276740e+01 6.932607e+01
         vertex 2.728143e+01 6.235878e+01 7.085107e+01
         vertex 2.728143e+01 7.739507e+01 7.384840e+01
      endloop
   endfacet
   facet normal -1.000000e+00 0.000000e+00 0.000000e+00
      outer loop
         vertex 2.728143e+01 7.739507e+01 7.384840e+01
         vertex 2.728143e+01 6.235878e+01 7.085107e+01
         vertex 2.728143e+01 6.124240e+01 7.196745e+01
      endloop
   endfacet
   facet normal -1.000000e+00 0.000000e+00 0.000000e+00
      outer loop
         vertex 2.728143e+01 7.739507e+01 7.384840e+01
         vertex 2.728143e+01 6.124240e+01 7.196745e+01
         vertex 2.728143e+01 5.935623e+01 7.384840e+01
      endloop
   endfacet
   facet normal -1.000000e+00 0.000000e+00 0.000000e+00
      outer loop
         vertex 2.728143e+01 5.935623e+01 7.384840e+01
         vertex 2.728143e+01 6.124240e+01 7.196745e+01
         vertex 2.728143e+01 5.971740e+01 7.237607e+01
      endloop
   endfacet
   facet normal -1.000000e+00 0.000000e+00 0.000000e+00
      outer loop
         vertex 2.728143e+01 5.935623e+01 7.384840e+01
         vertex 2.728143e+01 5.971740e+01 7.237607e+01
         vertex 2.728143e+01 5.709507e+01 7.384840e+01
      endloop
   endfacet
   facet normal -1.000000e+00 0.000000e+00 0.000000e+00
      outer loop
         vertex 2.728143e+01 5.709507e+01 7.384840e+01
         vertex 2.728143e+01 5.971740e+01 7.237607e+01
         vertex 2.728143e+01 5.819240e+01 7.196745e+01
      endloop
   endfacet
   facet normal -1.000000e+00 0.000000e+00 0.000000e+00
      outer loop
         vertex 2.728143e+01 5.709507e+01 7.384840e+01
         vertex 2.728143e+01 5.819240e+01 7.196745e+01
         vertex 2.728143e+01 5.182796e+01 7.055774e+01
      endloop
   endfacet
   facet normal -1.000000e+00 0.000000e+00 0.000000e+00
      outer loop
         vertex 2.728143e+01 4.698897e+01 6.096017e+01
         vertex 2.728143e+01 5.935623e+01 6.031224e+01
         vertex 2.728143e+01 4.585263e+01 5.568757e+01
      endloop
   endfacet
   facet normal -1.000000e+00 0.000000e+00 0.000000e+00
      outer loop
         vertex 2.728143e+01 4.585263e+01 5.568757e+01
         vertex 2.728143e+01 5.935623e+01 6.031224e+01
         vertex 2.728143e+01 5.935623e+01 4.298457e+01
      endloop
   endfacet
   facet normal -1.000000e+00 0.000000e+00 0.000000e+00
      outer loop
         vertex 2.728143e+01 4.585263e+01 5.568757e+01
         vertex 2.728143e+01 5.935623e+01 4.298457e+01
         vertex 2.728143e+01 4.562372e+01 5.029877e+01
      endloop
   endfacet
   facet normal -1.000000e+00 0.000000e+00 0.000000e+00
      outer loop
         vertex 2.728143e+01 4.562372e+01 5.029877e+01
         vertex 2.728143e+01 5.935623e+01 4.298457e+01
         vertex 2.728143e+01 4.630881e+01 4.494880e+01
      endloop
   endfacet
   facet normal -1.000000e+00 0.000000e+00 0.000000e+00
      outer loop
         vertex 2.728143e+01 5.031644e+01 3.497543e+01
         vertex 2.728143e+01 5.709507e+01 2.944840e+01
         vertex 2.728143e+01 5.352369e+01 3.063895e+01
      endloop
   endfacet
   facet normal -1.000000e+00 0.000000e+00 0.000000e+00
      outer loop
         vertex 2.728143e+01 5.352369e+01 3.063895e+01
         vertex 2.728143e+01 5.709507e+01 2.944840e+01
         vertex 2.728143e+01 5.709507e+01 2.717086e+01
      endloop
   endfacet
   facet normal -1.000000e+00 0.000000e+00 0.000000e+00
      outer loop
         vertex 2.728143e+01 5.031644e+01 3.497543e+01
         vertex 2.728143e+01 5.666740e+01 3.397073e+01
         vertex 2.728143e+01 5.707602e+01 3.244573e+01
      endloop
   endfacet
   facet normal -1.000000e+00 0.000000e+00 0.000000e+00
      outer loop
         vertex 2.728143e+01 5.031644e+01 3.497543e+01
         vertex 2.728143e+01 5.707602e+01 3.244573e+01
         vertex 2.728143e+01 5.709507e+01 2.944840e+01
      endloop
   endfacet
   facet normal -1.000000e+00 0.000000e+00 0.000000e+00
      outer loop
         vertex 2.728143e+01 5.709507e+01 2.944840e+01
         vertex 2.728143e+01 5.707602e+01 3.244573e+01
         vertex 2.728143e+01 5.819240e+01 3.132936e+01
      endloop
   endfacet
   facet normal -1.000000e+00 0.000000e+00 0.000000e+00
      outer loop
         vertex 2.728143e+01 5.709507e+01 2.944840e+01
         vertex 2.728143e+01 5.819240e+01 3.132936e+01
         vertex 2.728143e+01 5.935623e+01 2.944840e+01
      endloop
   endfacet
   facet normal -1.000000e+00 0.000000e+00 0.000000e+00
      outer loop
         vertex 2.728143e+01 5.935623e+01 2.944840e+01
         vertex 2.728143e+01 5.819240e+01 3.132936e+01
         vertex 2.728143e+01 5.971740e+01 3.092073e+01
      endloop
   endfacet
   facet normal -1.000000e+00 0.000000e+00 0.000000e+00
      outer loop
         vertex 2.728143e+01 5.935623e+01 2.944840e+01
         vertex 2.728143e+01 5.971740e+01 3.092073e+01
         vertex 2.728143e+01 7.739507e+01 2.944840e+01
      endloop
   endfacet
   facet normal -1.000000e+00 0.000000e+00 0.000000e+00
      outer loop
         vertex 2.728143e+01 7.739507e+01 2.944840e+01
         vertex 2.728143e+01 5.971740e+01 3.092073e+01
         vertex 2.728143e+01 6.124240e+01 3.132936e+01
      endloop
   endfacet
   facet normal -1.000000e+00 0.000000e+00 0.000000e+00
      outer loop
         vertex 2.728143e+01 7.739507e+01 2.944840e+01
         vertex 2.728143e+01 6.124240e+01 3.132936e+01
         vertex 2.728143e+01 6.235878e+01 3.244573e+01
      endloop
   endfacet
   facet normal -1.000000e+00 0.000000e+00 0.000000e+00
      outer loop
         vertex 2.728143e+01 9.202274e+01 3.397073e+01
         vertex 2.728143e+01 7.739507e+01 2.944840e+01
         vertex 2.728143e+01 7.739507e+01 3.360957e+01
      endloop
   endfacet
   facet normal -1.000000e+00 0.000000e+00 0.000000e+00
      outer loop
         vertex 2.728143e+01 7.739507e+01 3.360957e+01
         vertex 2.728143e+01 7.739507e+01 2.944840e+01
         vertex 2.728143e+01 6.235878e+01 3.244573e+01
      endloop
   endfacet
   facet normal -1.000000e+00 0.000000e+00 0.000000e+00
      outer loop
         vertex 2.728143e+01 7.739507e+01 3.360957e+01
         vertex 2.728143e+01 6.235878e+01 3.244573e+01
         vertex 2.728143e+01 6.276740e+01 3.397073e+01
      endloop
   endfacet
   facet normal -1.000000e+00 0.000000e+00 0.000000e+00
      outer loop
         vertex 2.728143e+01 1.012664e+02 3.063895e+01
         vertex 2.728143e+01 9.769507e+01 2.717086e+01
         vertex 2.728143e+01 9.769507e+01 2.944840e+01
      endloop
   endfacet
   facet normal -1.000000e+00 0.000000e+00 0.000000e+00
      outer loop
         vertex 2.728143e+01 1.012664e+02 3.063895e+01
         vertex 2.728143e+01 9.890890e+01 3.360957e+01
         vertex 2.728143e+01 1.044737e+02 3.497543e+01
      endloop
   endfacet
   facet normal -1.000000e+00 0.000000e+00 0.000000e+00
      outer loop
         vertex 2.728143e+01 1.044737e+02 3.497543e+01
         vertex 2.728143e+01 9.890890e+01 3.360957e+01
         vertex 2.728143e+01 9.890890e+01 4.298457e+01
      endloop
   endfacet
   facet normal -1.000000e+00 0.000000e+00 0.000000e+00
      outer loop
         vertex 2.728143e+01 1.044737e+02 3.497543e+01
         vertex 2.728143e+01 9.890890e+01 4.298457e+01
         vertex 2.728143e+01 1.069019e+02 3.979157e+01
      endloop
   endfacet
   facet normal -1.000000e+00 0.000000e+00 0.000000e+00
      outer loop
         vertex 2.728143e+01 1.069019e+02 3.979157e+01
         vertex 2.728143e+01 1.037451e+02 4.931014e+01
         vertex 2.728143e+01 1.084813e+02 4.494880e+01
      endloop
   endfacet
   facet normal -1.000000e+00 0.000000e+00 0.000000e+00
      outer loop
         vertex 2.728143e+01 1.084813e+02 4.494880e+01
         vertex 2.728143e+01 1.037451e+02 4.931014e+01
         vertex 2.728143e+01 1.047333e+02 5.029840e+01
      endloop
   endfacet
   facet normal -1.000000e+00 0.000000e+00 0.000000e+00
      outer loop
         vertex 2.728143e+01 1.084813e+02 4.494880e+01
         vertex 2.728143e+01 1.047333e+02 5.029840e+01
         vertex 2.728143e+01 1.091664e+02 5.029877e+01
      endloop
   endfacet
   facet normal -1.000000e+00 0.000000e+00 0.000000e+00
      outer loop
         vertex 2.728143e+01 1.091664e+02 5.029877e+01
         vertex 2.728143e+01 1.047333e+02 5.029840e+01
         vertex 2.728143e+01 1.050951e+02 5.164840e+01
      endloop
   endfacet
   facet normal -1.000000e+00 0.000000e+00 0.000000e+00
      outer loop
         vertex 2.728143e+01 1.091664e+02 5.029877e+01
         vertex 2.728143e+01 1.050951e+02 5.164840e+01
         vertex 2.728143e+01 1.089375e+02 5.568757e+01
      endloop
   endfacet
   facet normal -1.000000e+00 0.000000e+00 0.000000e+00
      outer loop
         vertex 2.728143e+01 1.089375e+02 5.568757e+01
         vertex 2.728143e+01 1.050951e+02 5.164840e+01
         vertex 2.728143e+01 1.047333e+02 5.299840e+01
      endloop
   endfacet
   facet normal -1.000000e+00 0.000000e+00 0.000000e+00
      outer loop
         vertex 2.728143e+01 1.089375e+02 5.568757e+01
         vertex 2.728143e+01 1.047333e+02 5.299840e+01
         vertex 2.728143e+01 1.078012e+02 6.096017e+01
      endloop
   endfacet
   facet normal -1.000000e+00 0.000000e+00 0.000000e+00
      outer loop
         vertex 2.728143e+01 1.037451e+02 5.398667e+01
         vertex 2.728143e+01 1.023951e+02 5.434840e+01
         vertex 2.728143e+01 9.890890e+01 6.031224e+01
      endloop
   endfacet
   facet normal -1.000000e+00 0.000000e+00 0.000000e+00
      outer loop
         vertex 2.728143e+01 9.890890e+01 6.031224e+01
         vertex 2.728143e+01 1.023951e+02 5.434840e+01
         vertex 2.728143e+01 1.010451e+02 5.398667e+01
      endloop
   endfacet
   facet normal -1.000000e+00 0.000000e+00 0.000000e+00
      outer loop
         vertex 2.728143e+01 9.890890e+01 6.031224e+01
         vertex 2.728143e+01 1.010451e+02 5.398667e+01
         vertex 2.728143e+01 1.000568e+02 5.299840e+01
      endloop
   endfacet
   facet normal -1.000000e+00 0.000000e+00 0.000000e+00
      outer loop
         vertex 2.728143e+01 9.969507e+01 5.164840e+01
         vertex 2.728143e+01 1.000568e+02 5.029840e+01
         vertex 2.728143e+01 9.890890e+01 4.298457e+01
      endloop
   endfacet
   facet normal -1.000000e+00 0.000000e+00 0.000000e+00
      outer loop
         vertex 2.728143e+01 9.890890e+01 4.298457e+01
         vertex 2.728143e+01 1.000568e+02 5.029840e+01
         vertex 2.728143e+01 1.010451e+02 4.931014e+01
      endloop
   endfacet
   facet normal -1.000000e+00 0.000000e+00 0.000000e+00
      outer loop
         vertex 2.728143e+01 9.890890e+01 4.298457e+01
         vertex 2.728143e+01 1.010451e+02 4.931014e+01
         vertex 2.728143e+01 1.069019e+02 3.979157e+01
      endloop
   endfacet
   facet normal -1.000000e+00 0.000000e+00 0.000000e+00
      outer loop
         vertex 2.728143e+01 1.069019e+02 3.979157e+01
         vertex 2.728143e+01 1.010451e+02 4.931014e+01
         vertex 2.728143e+01 1.023951e+02 4.894840e+01
      endloop
   endfacet
   facet normal -1.000000e+00 0.000000e+00 0.000000e+00
      outer loop
         vertex 2.728143e+01 1.069019e+02 3.979157e+01
         vertex 2.728143e+01 1.023951e+02 4.894840e+01
         vertex 2.728143e+01 1.037451e+02 4.931014e+01
      endloop
   endfacet
   facet normal -1.000000e+00 0.000000e+00 0.000000e+00
      outer loop
         vertex 2.728143e+01 1.047333e+02 5.299840e+01
         vertex 2.728143e+01 1.037451e+02 5.398667e+01
         vertex 2.728143e+01 1.078012e+02 6.096017e+01
      endloop
   endfacet
   facet normal -1.000000e+00 0.000000e+00 0.000000e+00
      outer loop
         vertex 2.728143e+01 1.078012e+02 6.096017e+01
         vertex 2.728143e+01 1.037451e+02 5.398667e+01
         vertex 2.728143e+01 9.890890e+01 6.031224e+01
      endloop
   endfacet
   facet normal -1.000000e+00 0.000000e+00 0.000000e+00
      outer loop
         vertex 2.728143e+01 1.078012e+02 6.096017e+01
         vertex 2.728143e+01 9.890890e+01 6.031224e+01
         vertex 2.728143e+01 1.057901e+02 6.596488e+01
      endloop
   endfacet
   facet normal -1.000000e+00 0.000000e+00 0.000000e+00
      outer loop
         vertex 2.728143e+01 1.057901e+02 6.596488e+01
         vertex 2.728143e+01 9.890890e+01 6.031224e+01
         vertex 2.728143e+01 9.890890e+01 6.968724e+01
      endloop
   endfacet
   facet normal -1.000000e+00 0.000000e+00 0.000000e+00
      outer loop
         vertex 2.728143e+01 1.057901e+02 6.596488e+01
         vertex 2.728143e+01 9.890890e+01 6.968724e+01
         vertex 2.728143e+01 1.029622e+02 7.055774e+01
      endloop
   endfacet
   facet normal -1.000000e+00 0.000000e+00 0.000000e+00
      outer loop
         vertex 2.728143e+01 1.029622e+02 7.055774e+01
         vertex 2.728143e+01 9.890890e+01 6.968724e+01
         vertex 2.728143e+01 9.939873e+01 7.460661e+01
      endloop
   endfacet
   facet normal -1.000000e+00 0.000000e+00 0.000000e+00
      outer loop
         vertex 2.728143e+01 5.819240e+01 7.196745e+01
         vertex 2.728143e+01 5.707602e+01 7.085107e+01
         vertex 2.728143e+01 5.182796e+01 7.055774e+01
      endloop
   endfacet
   facet normal -1.000000e+00 0.000000e+00 0.000000e+00
      outer loop
         vertex 2.728143e+01 5.182796e+01 7.055774e+01
         vertex 2.728143e+01 5.707602e+01 7.085107e+01
         vertex 2.728143e+01 5.666740e+01 6.932607e+01
      endloop
   endfacet
   facet normal -1.000000e+00 0.000000e+00 0.000000e+00
      outer loop
         vertex 2.728143e+01 5.182796e+01 7.055774e+01
         vertex 2.728143e+01 5.666740e+01 6.932607e+01
         vertex 2.728143e+01 4.900003e+01 6.596488e+01
      endloop
   endfacet
   facet normal -1.000000e+00 0.000000e+00 0.000000e+00
      outer loop
         vertex 2.728143e+01 4.900003e+01 6.596488e+01
         vertex 2.728143e+01 5.666740e+01 6.932607e+01
         vertex 2.728143e+01 5.707602e+01 6.780107e+01
      endloop
   endfacet
   facet normal -1.000000e+00 0.000000e+00 0.000000e+00
      outer loop
         vertex 2.728143e+01 4.900003e+01 6.596488e+01
         vertex 2.728143e+01 5.707602e+01 6.780107e+01
         vertex 2.728143e+01 4.698897e+01 6.096017e+01
      endloop
   endfacet
   facet normal -1.000000e+00 0.000000e+00 0.000000e+00
      outer loop
         vertex 2.728143e+01 4.698897e+01 6.096017e+01
         vertex 2.728143e+01 5.707602e+01 6.780107e+01
         vertex 2.728143e+01 5.819240e+01 6.668470e+01
      endloop
   endfacet
   facet normal -1.000000e+00 0.000000e+00 0.000000e+00
      outer loop
         vertex 2.728143e+01 4.698897e+01 6.096017e+01
         vertex 2.728143e+01 5.819240e+01 6.668470e+01
         vertex 2.728143e+01 5.935623e+01 6.031224e+01
      endloop
   endfacet
   facet normal -1.000000e+00 0.000000e+00 0.000000e+00
      outer loop
         vertex 2.728143e+01 5.935623e+01 6.031224e+01
         vertex 2.728143e+01 5.819240e+01 6.668470e+01
         vertex 2.728143e+01 5.971740e+01 6.627607e+01
      endloop
   endfacet
   facet normal -1.000000e+00 0.000000e+00 0.000000e+00
      outer loop
         vertex 2.728143e+01 5.935623e+01 6.031224e+01
         vertex 2.728143e+01 5.971740e+01 6.627607e+01
         vertex 2.728143e+01 6.476227e+01 6.036820e+01
      endloop
   endfacet
   facet normal -1.000000e+00 0.000000e+00 0.000000e+00
      outer loop
         vertex 2.728143e+01 6.476227e+01 6.036820e+01
         vertex 2.728143e+01 5.971740e+01 6.627607e+01
         vertex 2.728143e+01 6.124240e+01 6.668470e+01
      endloop
   endfacet
   facet normal -1.000000e+00 0.000000e+00 0.000000e+00
      outer loop
         vertex 2.728143e+01 6.476227e+01 6.036820e+01
         vertex 2.728143e+01 6.124240e+01 6.668470e+01
         vertex 2.728143e+01 6.721614e+01 6.313804e+01
      endloop
   endfacet
   facet normal -1.000000e+00 0.000000e+00 0.000000e+00
      outer loop
         vertex 2.728143e+01 6.721614e+01 6.313804e+01
         vertex 2.728143e+01 6.124240e+01 6.668470e+01
         vertex 2.728143e+01 6.235878e+01 6.780107e+01
      endloop
   endfacet
   facet normal -1.000000e+00 0.000000e+00 0.000000e+00
      outer loop
         vertex 2.728143e+01 9.812274e+01 6.932607e+01
         vertex 2.728143e+01 9.890890e+01 6.968724e+01
         vertex 2.728143e+01 9.771412e+01 6.780107e+01
      endloop
   endfacet
   facet normal -1.000000e+00 0.000000e+00 0.000000e+00
      outer loop
         vertex 2.728143e+01 9.771412e+01 6.780107e+01
         vertex 2.728143e+01 9.890890e+01 6.968724e+01
         vertex 2.728143e+01 9.890890e+01 6.031224e+01
      endloop
   endfacet
   facet normal -1.000000e+00 0.000000e+00 0.000000e+00
      outer loop
         vertex 2.728143e+01 9.771412e+01 6.780107e+01
         vertex 2.728143e+01 9.890890e+01 6.031224e+01
         vertex 2.728143e+01 9.659774e+01 6.668470e+01
      endloop
   endfacet
   facet normal -1.000000e+00 0.000000e+00 0.000000e+00
      outer loop
         vertex 2.728143e+01 9.659774e+01 6.668470e+01
         vertex 2.728143e+01 9.890890e+01 6.031224e+01
         vertex 2.728143e+01 9.507274e+01 6.627607e+01
      endloop
   endfacet
   facet normal -1.000000e+00 0.000000e+00 0.000000e+00
      outer loop
         vertex 2.728143e+01 9.507274e+01 6.627607e+01
         vertex 2.728143e+01 9.890890e+01 6.031224e+01
         vertex 2.728143e+01 9.543391e+01 6.031224e+01
      endloop
   endfacet
   facet normal -1.000000e+00 0.000000e+00 0.000000e+00
      outer loop
         vertex 2.728143e+01 9.507274e+01 6.627607e+01
         vertex 2.728143e+01 9.543391e+01 6.031224e+01
         vertex 2.728143e+01 9.354774e+01 6.668470e+01
      endloop
   endfacet
   facet normal -1.000000e+00 0.000000e+00 0.000000e+00
      outer loop
         vertex 2.728143e+01 9.354774e+01 6.668470e+01
         vertex 2.728143e+01 9.543391e+01 6.031224e+01
         vertex 2.728143e+01 9.002787e+01 6.036820e+01
      endloop
   endfacet
   facet normal -1.000000e+00 0.000000e+00 0.000000e+00
      outer loop
         vertex 2.728143e+01 9.354774e+01 6.668470e+01
         vertex 2.728143e+01 9.002787e+01 6.036820e+01
         vertex 2.728143e+01 9.243136e+01 6.780107e+01
      endloop
   endfacet
   facet normal -1.000000e+00 0.000000e+00 0.000000e+00
      outer loop
         vertex 2.728143e+01 9.002787e+01 6.036820e+01
         vertex 2.728143e+01 8.757400e+01 6.313804e+01
         vertex 2.728143e+01 9.243136e+01 6.780107e+01
      endloop
   endfacet
   facet normal -1.000000e+00 0.000000e+00 0.000000e+00
      outer loop
         vertex 2.728143e+01 9.243136e+01 6.780107e+01
         vertex 2.728143e+01 8.757400e+01 6.313804e+01
         vertex 2.728143e+01 8.452857e+01 6.524015e+01
      endloop
   endfacet
   facet normal -1.000000e+00 0.000000e+00 0.000000e+00
      outer loop
         vertex 2.728143e+01 9.243136e+01 6.780107e+01
         vertex 2.728143e+01 8.452857e+01 6.524015e+01
         vertex 2.728143e+01 9.202274e+01 6.932607e+01
      endloop
   endfacet
   facet normal -1.000000e+00 0.000000e+00 0.000000e+00
      outer loop
         vertex 2.728143e+01 9.202274e+01 6.932607e+01
         vertex 2.728143e+01 8.452857e+01 6.524015e+01
         vertex 2.728143e+01 8.106857e+01 6.655236e+01
      endloop
   endfacet
   facet normal -1.000000e+00 0.000000e+00 0.000000e+00
      outer loop
         vertex 2.728143e+01 9.202274e+01 6.932607e+01
         vertex 2.728143e+01 8.106857e+01 6.655236e+01
         vertex 2.728143e+01 7.739507e+01 6.968724e+01
      endloop
   endfacet
   facet normal -1.000000e+00 0.000000e+00 0.000000e+00
      outer loop
         vertex 2.728143e+01 7.739507e+01 6.968724e+01
         vertex 2.728143e+01 8.106857e+01 6.655236e+01
         vertex 2.728143e+01 7.739507e+01 6.699840e+01
      endloop
   endfacet
   facet normal -1.000000e+00 0.000000e+00 0.000000e+00
      outer loop
         vertex 2.728143e+01 7.739507e+01 6.968724e+01
         vertex 2.728143e+01 7.739507e+01 6.699840e+01
         vertex 2.728143e+01 6.276740e+01 6.932607e+01
      endloop
   endfacet
   facet normal -1.000000e+00 0.000000e+00 0.000000e+00
      outer loop
         vertex 2.728143e+01 6.276740e+01 6.932607e+01
         vertex 2.728143e+01 7.739507e+01 6.699840e+01
         vertex 2.728143e+01 7.372157e+01 6.655236e+01
      endloop
   endfacet
   facet normal -1.000000e+00 0.000000e+00 0.000000e+00
      outer loop
         vertex 2.728143e+01 6.276740e+01 6.932607e+01
         vertex 2.728143e+01 7.372157e+01 6.655236e+01
         vertex 2.728143e+01 6.235878e+01 6.780107e+01
      endloop
   endfacet
   facet normal -1.000000e+00 0.000000e+00 0.000000e+00
      outer loop
         vertex 2.728143e+01 6.235878e+01 6.780107e+01
         vertex 2.728143e+01 7.372157e+01 6.655236e+01
         vertex 2.728143e+01 7.026157e+01 6.524015e+01
      endloop
   endfacet
   facet normal -1.000000e+00 0.000000e+00 0.000000e+00
      outer loop
         vertex 2.728143e+01 6.235878e+01 6.780107e+01
         vertex 2.728143e+01 7.026157e+01 6.524015e+01
         vertex 2.728143e+01 6.721614e+01 6.313804e+01
      endloop
   endfacet
   facet normal -1.000000e+00 0.000000e+00 0.000000e+00
      outer loop
         vertex 2.728143e+01 9.002787e+01 4.292861e+01
         vertex 2.728143e+01 9.354774e+01 3.661211e+01
         vertex 2.728143e+01 8.757400e+01 4.015876e+01
      endloop
   endfacet
   facet normal -1.000000e+00 0.000000e+00 0.000000e+00
      outer loop
         vertex 2.728143e+01 8.757400e+01 4.015876e+01
         vertex 2.728143e+01 9.354774e+01 3.661211e+01
         vertex 2.728143e+01 9.243136e+01 3.549574e+01
      endloop
   endfacet
   facet normal -1.000000e+00 0.000000e+00 0.000000e+00
      outer loop
         vertex 2.728143e+01 9.202274e+01 3.397073e+01
         vertex 2.728143e+01 9.243136e+01 3.244573e+01
         vertex 2.728143e+01 7.739507e+01 2.944840e+01
      endloop
   endfacet
   facet normal -1.000000e+00 0.000000e+00 0.000000e+00
      outer loop
         vertex 2.728143e+01 7.739507e+01 2.944840e+01
         vertex 2.728143e+01 9.243136e+01 3.244573e+01
         vertex 2.728143e+01 9.354774e+01 3.132936e+01
      endloop
   endfacet
   facet normal -1.000000e+00 0.000000e+00 0.000000e+00
      outer loop
         vertex 2.728143e+01 7.739507e+01 2.944840e+01
         vertex 2.728143e+01 9.354774e+01 3.132936e+01
         vertex 2.728143e+01 9.543391e+01 2.944840e+01
      endloop
   endfacet
   facet normal -1.000000e+00 0.000000e+00 0.000000e+00
      outer loop
         vertex 2.728143e+01 9.543391e+01 2.944840e+01
         vertex 2.728143e+01 9.354774e+01 3.132936e+01
         vertex 2.728143e+01 9.507274e+01 3.092073e+01
      endloop
   endfacet
   facet normal -1.000000e+00 0.000000e+00 0.000000e+00
      outer loop
         vertex 2.728143e+01 9.543391e+01 2.944840e+01
         vertex 2.728143e+01 9.507274e+01 3.092073e+01
         vertex 2.728143e+01 9.769507e+01 2.944840e+01
      endloop
   endfacet
   facet normal -1.000000e+00 0.000000e+00 0.000000e+00
      outer loop
         vertex 2.728143e+01 9.769507e+01 2.944840e+01
         vertex 2.728143e+01 9.507274e+01 3.092073e+01
         vertex 2.728143e+01 9.659774e+01 3.132936e+01
      endloop
   endfacet
   facet normal -1.000000e+00 0.000000e+00 0.000000e+00
      outer loop
         vertex 2.728143e+01 9.769507e+01 2.944840e+01
         vertex 2.728143e+01 9.659774e+01 3.132936e+01
         vertex 2.728143e+01 1.012664e+02 3.063895e+01
      endloop
   endfacet
   facet normal -1.000000e+00 0.000000e+00 0.000000e+00
      outer loop
         vertex 2.728143e+01 1.012664e+02 3.063895e+01
         vertex 2.728143e+01 9.659774e+01 3.132936e+01
         vertex 2.728143e+01 9.771412e+01 3.244573e+01
      endloop
   endfacet
   facet normal -1.000000e+00 0.000000e+00 0.000000e+00
      outer loop
         vertex 2.728143e+01 1.012664e+02 3.063895e+01
         vertex 2.728143e+01 9.771412e+01 3.244573e+01
         vertex 2.728143e+01 9.890890e+01 3.360957e+01
      endloop
   endfacet
   facet normal -1.000000e+00 0.000000e+00 0.000000e+00
      outer loop
         vertex 2.728143e+01 9.890890e+01 3.360957e+01
         vertex 2.728143e+01 9.771412e+01 3.244573e+01
         vertex 2.728143e+01 9.812274e+01 3.397073e+01
      endloop
   endfacet
   facet normal -1.000000e+00 0.000000e+00 0.000000e+00
      outer loop
         vertex 2.728143e+01 9.890890e+01 3.360957e+01
         vertex 2.728143e+01 9.812274e+01 3.397073e+01
         vertex 2.728143e+01 9.890890e+01 4.298457e+01
      endloop
   endfacet
   facet normal -1.000000e+00 0.000000e+00 0.000000e+00
      outer loop
         vertex 2.728143e+01 9.507274e+01 3.702073e+01
         vertex 2.728143e+01 9.543391e+01 4.298457e+01
         vertex 2.728143e+01 9.659774e+01 3.661211e+01
      endloop
   endfacet
   facet normal -1.000000e+00 0.000000e+00 0.000000e+00
      outer loop
         vertex 2.728143e+01 9.659774e+01 3.661211e+01
         vertex 2.728143e+01 9.543391e+01 4.298457e+01
         vertex 2.728143e+01 9.890890e+01 4.298457e+01
      endloop
   endfacet
   facet normal -1.000000e+00 0.000000e+00 0.000000e+00
      outer loop
         vertex 2.728143e+01 9.659774e+01 3.661211e+01
         vertex 2.728143e+01 9.890890e+01 4.298457e+01
         vertex 2.728143e+01 9.771412e+01 3.549574e+01
      endloop
   endfacet
   facet normal -1.000000e+00 0.000000e+00 0.000000e+00
      outer loop
         vertex 2.728143e+01 9.771412e+01 3.549574e+01
         vertex 2.728143e+01 9.890890e+01 4.298457e+01
         vertex 2.728143e+01 9.812274e+01 3.397073e+01
      endloop
   endfacet
   facet normal -1.000000e+00 0.000000e+00 0.000000e+00
      outer loop
         vertex 2.728143e+01 6.235878e+01 3.549574e+01
         vertex 2.728143e+01 7.026157e+01 3.805665e+01
         vertex 2.728143e+01 6.276740e+01 3.397073e+01
      endloop
   endfacet
   facet normal -1.000000e+00 0.000000e+00 0.000000e+00
      outer loop
         vertex 2.728143e+01 6.276740e+01 3.397073e+01
         vertex 2.728143e+01 7.026157e+01 3.805665e+01
         vertex 2.728143e+01 7.372157e+01 3.674445e+01
      endloop
   endfacet
   facet normal -1.000000e+00 0.000000e+00 0.000000e+00
      outer loop
         vertex 2.728143e+01 6.276740e+01 3.397073e+01
         vertex 2.728143e+01 7.372157e+01 3.674445e+01
         vertex 2.728143e+01 7.739507e+01 3.360957e+01
      endloop
   endfacet
   facet normal -1.000000e+00 0.000000e+00 0.000000e+00
      outer loop
         vertex 2.728143e+01 7.739507e+01 3.360957e+01
         vertex 2.728143e+01 7.372157e+01 3.674445e+01
         vertex 2.728143e+01 7.739507e+01 3.629840e+01
      endloop
   endfacet
   facet normal -1.000000e+00 0.000000e+00 0.000000e+00
      outer loop
         vertex 2.728143e+01 7.739507e+01 3.360957e+01
         vertex 2.728143e+01 7.739507e+01 3.629840e+01
         vertex 2.728143e+01 9.202274e+01 3.397073e+01
      endloop
   endfacet
   facet normal -1.000000e+00 0.000000e+00 0.000000e+00
      outer loop
         vertex 2.728143e+01 9.202274e+01 3.397073e+01
         vertex 2.728143e+01 7.739507e+01 3.629840e+01
         vertex 2.728143e+01 8.106857e+01 3.674445e+01
      endloop
   endfacet
   facet normal -1.000000e+00 0.000000e+00 0.000000e+00
      outer loop
         vertex 2.728143e+01 9.202274e+01 3.397073e+01
         vertex 2.728143e+01 8.106857e+01 3.674445e+01
         vertex 2.728143e+01 9.243136e+01 3.549574e+01
      endloop
   endfacet
   facet normal -1.000000e+00 0.000000e+00 0.000000e+00
      outer loop
         vertex 2.728143e+01 9.243136e+01 3.549574e+01
         vertex 2.728143e+01 8.106857e+01 3.674445e+01
         vertex 2.728143e+01 8.452857e+01 3.805665e+01
      endloop
   endfacet
   facet normal -1.000000e+00 0.000000e+00 0.000000e+00
      outer loop
         vertex 2.728143e+01 9.243136e+01 3.549574e+01
         vertex 2.728143e+01 8.452857e+01 3.805665e+01
         vertex 2.728143e+01 8.757400e+01 4.015876e+01
      endloop
   endfacet
   facet normal -1.000000e+00 0.000000e+00 0.000000e+00
      outer loop
         vertex 2.728143e+01 5.666740e+01 3.397073e+01
         vertex 2.728143e+01 5.031644e+01 3.497543e+01
         vertex 2.728143e+01 5.707602e+01 3.549574e+01
      endloop
   endfacet
   facet normal -1.000000e+00 0.000000e+00 0.000000e+00
      outer loop
         vertex 2.728143e+01 5.707602e+01 3.549574e+01
         vertex 2.728143e+01 5.031644e+01 3.497543e+01
         vertex 2.728143e+01 4.788820e+01 3.979157e+01
      endloop
   endfacet
   facet normal -1.000000e+00 0.000000e+00 0.000000e+00
      outer loop
         vertex 2.728143e+01 5.707602e+01 3.549574e+01
         vertex 2.728143e+01 4.788820e+01 3.979157e+01
         vertex 2.728143e+01 5.819240e+01 3.661211e+01
      endloop
   endfacet
   facet normal -1.000000e+00 0.000000e+00 0.000000e+00
      outer loop
         vertex 2.728143e+01 5.819240e+01 3.661211e+01
         vertex 2.728143e+01 4.788820e+01 3.979157e+01
         vertex 2.728143e+01 4.630881e+01 4.494880e+01
      endloop
   endfacet
   facet normal -1.000000e+00 0.000000e+00 0.000000e+00
      outer loop
         vertex 2.728143e+01 5.819240e+01 3.661211e+01
         vertex 2.728143e+01 4.630881e+01 4.494880e+01
         vertex 2.728143e+01 5.971740e+01 3.702073e+01
      endloop
   endfacet
   facet normal -1.000000e+00 0.000000e+00 0.000000e+00
      outer loop
         vertex 2.728143e+01 5.971740e+01 3.702073e+01
         vertex 2.728143e+01 4.630881e+01 4.494880e+01
         vertex 2.728143e+01 5.935623e+01 4.298457e+01
      endloop
   endfacet
   facet normal -1.000000e+00 0.000000e+00 0.000000e+00
      outer loop
         vertex 2.728143e+01 5.971740e+01 3.702073e+01
         vertex 2.728143e+01 5.935623e+01 4.298457e+01
         vertex 2.728143e+01 6.124240e+01 3.661211e+01
      endloop
   endfacet
   facet normal -1.000000e+00 0.000000e+00 0.000000e+00
      outer loop
         vertex 2.728143e+01 6.124240e+01 3.661211e+01
         vertex 2.728143e+01 5.935623e+01 4.298457e+01
         vertex 2.728143e+01 6.476227e+01 4.292861e+01
      endloop
   endfacet
   facet normal -1.000000e+00 0.000000e+00 0.000000e+00
      outer loop
         vertex 2.728143e+01 6.124240e+01 3.661211e+01
         vertex 2.728143e+01 6.476227e+01 4.292861e+01
         vertex 2.728143e+01 6.235878e+01 3.549574e+01
      endloop
   endfacet
   facet normal -1.000000e+00 0.000000e+00 0.000000e+00
      outer loop
         vertex 2.728143e+01 6.235878e+01 3.549574e+01
         vertex 2.728143e+01 6.476227e+01 4.292861e+01
         vertex 2.728143e+01 6.721614e+01 4.015876e+01
      endloop
   endfacet
   facet normal -1.000000e+00 0.000000e+00 0.000000e+00
      outer loop
         vertex 2.728143e+01 6.235878e+01 3.549574e+01
         vertex 2.728143e+01 6.721614e+01 4.015876e+01
         vertex 2.728143e+01 7.026157e+01 3.805665e+01
      endloop
   endfacet
   facet normal -1.000000e+00 0.000000e+00 0.000000e+00
      outer loop
         vertex 2.728143e+01 9.174757e+01 4.620522e+01
         vertex 2.728143e+01 9.543391e+01 4.298457e+01
         vertex 2.728143e+01 9.002787e+01 4.292861e+01
      endloop
   endfacet
   facet normal -1.000000e+00 0.000000e+00 0.000000e+00
      outer loop
         vertex 2.728143e+01 9.002787e+01 4.292861e+01
         vertex 2.728143e+01 9.543391e+01 4.298457e+01
         vertex 2.728143e+01 9.507274e+01 3.702073e+01
      endloop
   endfacet
   facet normal -1.000000e+00 0.000000e+00 0.000000e+00
      outer loop
         vertex 2.728143e+01 9.002787e+01 4.292861e+01
         vertex 2.728143e+01 9.507274e+01 3.702073e+01
         vertex 2.728143e+01 9.354774e+01 3.661211e+01
      endloop
   endfacet
   facet normal -1.000000e+00 0.000000e+00 0.000000e+00
      outer loop
         vertex 2.728143e+01 9.263315e+01 4.979817e+01
         vertex 2.728143e+01 9.263315e+01 5.349864e+01
         vertex 2.728143e+01 9.543391e+01 6.031224e+01
      endloop
   endfacet
   facet normal -1.000000e+00 0.000000e+00 0.000000e+00
      outer loop
         vertex 2.728143e+01 9.543391e+01 6.031224e+01
         vertex 2.728143e+01 9.263315e+01 5.349864e+01
         vertex 2.728143e+01 9.174757e+01 5.709159e+01
      endloop
   endfacet
   facet normal -1.000000e+00 0.000000e+00 0.000000e+00
      outer loop
         vertex 2.728143e+01 9.543391e+01 6.031224e+01
         vertex 2.728143e+01 9.174757e+01 5.709159e+01
         vertex 2.728143e+01 9.002787e+01 6.036820e+01
      endloop
   endfacet
   facet normal -1.000000e+00 0.000000e+00 0.000000e+00
      outer loop
         vertex 2.728143e+01 6.476227e+01 6.036820e+01
         vertex 2.728143e+01 6.304257e+01 5.709159e+01
         vertex 2.728143e+01 5.935623e+01 6.031224e+01
      endloop
   endfacet
   facet normal -1.000000e+00 0.000000e+00 0.000000e+00
      outer loop
         vertex 2.728143e+01 5.935623e+01 6.031224e+01
         vertex 2.728143e+01 6.304257e+01 5.709159e+01
         vertex 2.728143e+01 6.215699e+01 5.349864e+01
      endloop
   endfacet
   facet normal -1.000000e+00 0.000000e+00 0.000000e+00
      outer loop
         vertex 2.728143e+01 5.935623e+01 6.031224e+01
         vertex 2.728143e+01 6.215699e+01 5.349864e+01
         vertex 2.728143e+01 5.935623e+01 4.298457e+01
      endloop
   endfacet
   facet normal -1.000000e+00 0.000000e+00 0.000000e+00
      outer loop
         vertex 2.728143e+01 5.935623e+01 4.298457e+01
         vertex 2.728143e+01 6.215699e+01 5.349864e+01
         vertex 2.728143e+01 6.215699e+01 4.979817e+01
      endloop
   endfacet
   facet normal -1.000000e+00 0.000000e+00 0.000000e+00
      outer loop
         vertex 2.728143e+01 5.935623e+01 4.298457e+01
         vertex 2.728143e+01 6.215699e+01 4.979817e+01
         vertex 2.728143e+01 6.304257e+01 4.620522e+01
      endloop
   endfacet
   facet normal -1.000000e+00 0.000000e+00 0.000000e+00
      outer loop
         vertex 2.728143e+01 1.000568e+02 5.299840e+01
         vertex 2.728143e+01 9.969507e+01 5.164840e+01
         vertex 2.728143e+01 9.890890e+01 6.031224e+01
      endloop
   endfacet
   facet normal -1.000000e+00 0.000000e+00 0.000000e+00
      outer loop
         vertex 2.728143e+01 9.890890e+01 6.031224e+01
         vertex 2.728143e+01 9.969507e+01 5.164840e+01
         vertex 2.728143e+01 9.890890e+01 4.298457e+01
      endloop
   endfacet
   facet normal -1.000000e+00 0.000000e+00 0.000000e+00
      outer loop
         vertex 2.728143e+01 9.890890e+01 6.031224e+01
         vertex 2.728143e+01 9.890890e+01 4.298457e+01
         vertex 2.728143e+01 9.543391e+01 6.031224e+01
      endloop
   endfacet
   facet normal -1.000000e+00 0.000000e+00 0.000000e+00
      outer loop
         vertex 2.728143e+01 9.543391e+01 6.031224e+01
         vertex 2.728143e+01 9.890890e+01 4.298457e+01
         vertex 2.728143e+01 9.543391e+01 4.298457e+01
      endloop
   endfacet
   facet normal -1.000000e+00 0.000000e+00 0.000000e+00
      outer loop
         vertex 2.728143e+01 9.543391e+01 6.031224e+01
         vertex 2.728143e+01 9.543391e+01 4.298457e+01
         vertex 2.728143e+01 9.263315e+01 4.979817e+01
      endloop
   endfacet
   facet normal -1.000000e+00 0.000000e+00 0.000000e+00
      outer loop
         vertex 2.728143e+01 9.263315e+01 4.979817e+01
         vertex 2.728143e+01 9.543391e+01 4.298457e+01
         vertex 2.728143e+01 9.174757e+01 4.620522e+01
      endloop
   endfacet
   facet normal -1.315871e-02 -5.235155e-01 -8.519145e-01
      outer loop
         vertex 2.728143e+01 6.112976e+01 2.065744e+01
         vertex 2.728143e+01 5.709507e+01 2.313683e+01
         vertex 2.178143e+01 5.636909e+01 2.366791e+01
      endloop
   endfacet
   facet normal -0.000000e+00 -5.344656e-01 -8.451902e-01
      outer loop
         vertex 2.178143e+01 5.636909e+01 2.366791e+01
         vertex 2.178143e+01 6.112976e+01 2.065744e+01
         vertex 2.728143e+01 6.112976e+01 2.065744e+01
      endloop
   endfacet
   facet normal -0.000000e+00 -3.919665e-01 -9.199795e-01
      outer loop
         vertex 2.728143e+01 6.112976e+01 2.065744e+01
         vertex 2.178143e+01 6.112976e+01 2.065744e+01
         vertex 2.178143e+01 6.631169e+01 1.844963e+01
      endloop
   endfacet
   facet normal -0.000000e+00 -3.919665e-01 -9.199795e-01
      outer loop
         vertex 2.728143e+01 6.112976e+01 2.065744e+01
         vertex 2.178143e+01 6.631169e+01 1.844963e+01
         vertex 2.728143e+01 6.631169e+01 1.844963e+01
      endloop
   endfacet
   facet normal -0.000000e+00 -2.393159e-01 -9.709418e-01
      outer loop
         vertex 2.728143e+01 6.631169e+01 1.844963e+01
         vertex 2.178143e+01 6.631169e+01 1.844963e+01
         vertex 2.178143e+01 7.178068e+01 1.710165e+01
      endloop
   endfacet
   facet normal -0.000000e+00 -2.393159e-01 -9.709418e-01
      outer loop
         vertex 2.728143e+01 6.631169e+01 1.844963e+01
         vertex 2.178143e+01 7.178068e+01 1.710165e+01
         vertex 2.728143e+01 7.178068e+01 1.710165e+01
      endloop
   endfacet
   facet normal -0.000000e+00 -8.046663e-02 -9.967573e-01
      outer loop
         vertex 2.728143e+01 7.178068e+01 1.710165e+01
         vertex 2.178143e+01 7.178068e+01 1.710165e+01
         vertex 2.178143e+01 7.739507e+01 1.664840e+01
      endloop
   endfacet
   facet normal -0.000000e+00 -8.046663e-02 -9.967573e-01
      outer loop
         vertex 2.728143e+01 7.178068e+01 1.710165e+01
         vertex 2.178143e+01 7.739507e+01 1.664840e+01
         vertex 2.728143e+01 7.739507e+01 1.664840e+01
      endloop
   endfacet
   facet normal 0.000000e+00 8.046663e-02 -9.967573e-01
      outer loop
         vertex 2.728143e+01 7.739507e+01 1.664840e+01
         vertex 2.178143e+01 7.739507e+01 1.664840e+01
         vertex 2.178143e+01 8.300946e+01 1.710165e+01
      endloop
   endfacet
   facet normal 0.000000e+00 8.046663e-02 -9.967573e-01
      outer loop
         vertex 2.728143e+01 7.739507e+01 1.664840e+01
         vertex 2.178143e+01 8.300946e+01 1.710165e+01
         vertex 2.728143e+01 8.300946e+01 1.710165e+01
      endloop
   endfacet
   facet normal 0.000000e+00 2.393159e-01 -9.709418e-01
      outer loop
         vertex 2.728143e+01 8.300946e+01 1.710165e+01
         vertex 2.178143e+01 8.300946e+01 1.710165e+01
         vertex 2.178143e+01 8.847845e+01 1.844963e+01
      endloop
   endfacet
   facet normal 0.000000e+00 2.393159e-01 -9.709418e-01
      outer loop
         vertex 2.728143e+01 8.300946e+01 1.710165e+01
         vertex 2.178143e+01 8.847845e+01 1.844963e+01
         vertex 2.728143e+01 8.847845e+01 1.844963e+01
      endloop
   endfacet
   facet normal 0.000000e+00 3.919665e-01 -9.199795e-01
      outer loop
         vertex 2.728143e+01 8.847845e+01 1.844963e+01
         vertex 2.178143e+01 8.847845e+01 1.844963e+01
         vertex 2.178143e+01 9.366038e+01 2.065744e+01
      endloop
   endfacet
   facet normal 0.000000e+00 3.919665e-01 -9.199795e-01
      outer loop
         vertex 2.728143e+01 8.847845e+01 1.844963e+01
         vertex 2.178143e+01 9.366038e+01 2.065744e+01
         vertex 2.728143e+01 9.366038e+01 2.065744e+01
      endloop
   endfacet
   facet normal 0.000000e+00 5.904196e-01 -8.070965e-01
      outer loop
         vertex 3.528143e+01 9.842105e+01 2.366791e+01
         vertex 3.528143e+01 9.769507e+01 2.313683e+01
         vertex 2.728143e+01 9.769507e+01 2.313683e+01
      endloop
   endfacet
   facet normal -5.430301e-02 5.566197e-01 8.289908e-01
      outer loop
         vertex 2.728143e+01 9.610137e+01 8.123006e+01
         vertex 2.728143e+01 9.769507e+01 8.015998e+01
         vertex 2.178143e+01 1.006044e+02 7.784628e+01
      endloop
   endfacet
   facet normal 0.000000e+00 6.007422e-01 7.994428e-01
      outer loop
         vertex 2.178143e+01 1.006044e+02 7.784628e+01
         vertex 2.178143e+01 9.610137e+01 8.123006e+01
         vertex 2.728143e+01 9.610137e+01 8.123006e+01
      endloop
   endfacet
   facet normal 0.000000e+00 4.647235e-01 8.854559e-01
      outer loop
         vertex 2.728143e+01 9.610137e+01 8.123006e+01
         vertex 2.178143e+01 9.610137e+01 8.123006e+01
         vertex 2.178143e+01 9.111390e+01 8.384769e+01
      endloop
   endfacet
   facet normal 0.000000e+00 4.647235e-01 8.854559e-01
      outer loop
         vertex 2.728143e+01 9.610137e+01 8.123006e+01
         vertex 2.178143e+01 9.111390e+01 8.384769e+01
         vertex 2.728143e+01 9.111390e+01 8.384769e+01
      endloop
   endfacet
   facet normal 0.000000e+00 3.166675e-01 9.485366e-01
      outer loop
         vertex 2.728143e+01 9.111390e+01 8.384769e+01
         vertex 2.178143e+01 9.111390e+01 8.384769e+01
         vertex 2.178143e+01 8.577112e+01 8.563137e+01
      endloop
   endfacet
   facet normal 0.000000e+00 3.166675e-01 9.485366e-01
      outer loop
         vertex 2.728143e+01 9.111390e+01 8.384769e+01
         vertex 2.178143e+01 8.577112e+01 8.563137e+01
         vertex 2.728143e+01 8.577112e+01 8.563137e+01
      endloop
   endfacet
   facet normal 0.000000e+00 1.604114e-01 9.870502e-01
      outer loop
         vertex 2.728143e+01 8.577112e+01 8.563137e+01
         vertex 2.178143e+01 8.577112e+01 8.563137e+01
         vertex 2.178143e+01 8.021140e+01 8.653491e+01
      endloop
   endfacet
   facet normal 0.000000e+00 1.604114e-01 9.870502e-01
      outer loop
         vertex 2.728143e+01 8.577112e+01 8.563137e+01
         vertex 2.178143e+01 8.021140e+01 8.653491e+01
         vertex 2.728143e+01 8.021140e+01 8.653491e+01
      endloop
   endfacet
   facet normal 0.000000e+00 4.026611e-02 9.991890e-01
      outer loop
         vertex 2.728143e+01 8.021140e+01 8.653491e+01
         vertex 2.178143e+01 8.021140e+01 8.653491e+01
         vertex 2.178143e+01 7.739507e+01 8.664840e+01
      endloop
   endfacet
   facet normal 2.063101e-02 -5.549934e-17 9.997872e-01
      outer loop
         vertex 2.728143e+01 8.021140e+01 8.653491e+01
         vertex 2.178143e+01 7.739507e+01 8.664840e+01
         vertex 2.728143e+01 7.457874e+01 8.653491e+01
      endloop
   endfacet
   facet normal 0.000000e+00 -4.026611e-02 9.991890e-01
      outer loop
         vertex 2.178143e+01 7.739507e+01 8.664840e+01
         vertex 2.178143e+01 7.457874e+01 8.653491e+01
         vertex 2.728143e+01 7.457874e+01 8.653491e+01
      endloop
   endfacet
   facet normal 0.000000e+00 -1.604114e-01 9.870502e-01
      outer loop
         vertex 2.728143e+01 7.457874e+01 8.653491e+01
         vertex 2.178143e+01 7.457874e+01 8.653491e+01
         vertex 2.178143e+01 6.901902e+01 8.563137e+01
      endloop
   endfacet
   facet normal 0.000000e+00 -1.604114e-01 9.870502e-01
      outer loop
         vertex 2.728143e+01 7.457874e+01 8.653491e+01
         vertex 2.178143e+01 6.901902e+01 8.563137e+01
         vertex 2.728143e+01 6.901902e+01 8.563137e+01
      endloop
   endfacet
   facet normal 0.000000e+00 -3.166675e-01 9.485366e-01
      outer loop
         vertex 2.728143e+01 6.901902e+01 8.563137e+01
         vertex 2.178143e+01 6.901902e+01 8.563137e+01
         vertex 2.178143e+01 6.367624e+01 8.384769e+01
      endloop
   endfacet
   facet normal 0.000000e+00 -3.166675e-01 9.485366e-01
      outer loop
         vertex 2.728143e+01 6.901902e+01 8.563137e+01
         vertex 2.178143e+01 6.367624e+01 8.384769e+01
         vertex 2.728143e+01 6.367624e+01 8.384769e+01
      endloop
   endfacet
   facet normal 0.000000e+00 -4.647235e-01 8.854559e-01
      outer loop
         vertex 2.728143e+01 6.367624e+01 8.384769e+01
         vertex 2.178143e+01 6.367624e+01 8.384769e+01
         vertex 2.178143e+01 5.868877e+01 8.123006e+01
      endloop
   endfacet
   facet normal 0.000000e+00 -4.647235e-01 8.854559e-01
      outer loop
         vertex 2.728143e+01 6.367624e+01 8.384769e+01
         vertex 2.178143e+01 5.868877e+01 8.123006e+01
         vertex 2.728143e+01 5.868877e+01 8.123006e+01
      endloop
   endfacet
   facet normal 0.000000e+00 -5.574422e-01 8.302157e-01
      outer loop
         vertex 2.728143e+01 5.868877e+01 8.123006e+01
         vertex 2.178143e+01 5.868877e+01 8.123006e+01
         vertex 2.728143e+01 5.709507e+01 8.015998e+01
      endloop
   endfacet
   facet normal -1.853071e-02 -6.006390e-01 7.993056e-01
      outer loop
         vertex 2.728143e+01 5.709507e+01 8.015998e+01
         vertex 2.178143e+01 5.868877e+01 8.123006e+01
         vertex 2.178143e+01 5.418578e+01 7.784628e+01
      endloop
   endfacet
   facet normal 0.000000e+00 -6.224396e-01 7.826678e-01
      outer loop
         vertex 2.728143e+01 5.709507e+01 8.015998e+01
         vertex 2.178143e+01 5.418578e+01 7.784628e+01
         vertex 3.528143e+01 5.709507e+01 8.015998e+01
      endloop
   endfacet
   facet normal 0.000000e+00 -6.224396e-01 7.826678e-01
      outer loop
         vertex 3.528143e+01 5.709507e+01 8.015998e+01
         vertex 2.178143e+01 5.418578e+01 7.784628e+01
         vertex 3.528143e+01 5.418578e+01 7.784628e+01
      endloop
   endfacet
   facet normal 0.000000e+00 -7.212024e-01 6.927244e-01
      outer loop
         vertex 3.528143e+01 5.418578e+01 7.784628e+01
         vertex 2.178143e+01 5.418578e+01 7.784628e+01
         vertex 2.178143e+01 5.028390e+01 7.378399e+01
      endloop
   endfacet
   facet normal 0.000000e+00 -7.212024e-01 6.927244e-01
      outer loop
         vertex 3.528143e+01 5.418578e+01 7.784628e+01
         vertex 2.178143e+01 5.028390e+01 7.378399e+01
         vertex 3.528143e+01 5.028390e+01 7.378399e+01
      endloop
   endfacet
   facet normal 0.000000e+00 -8.229838e-01 5.680648e-01
      outer loop
         vertex 3.528143e+01 5.028390e+01 7.378399e+01
         vertex 2.178143e+01 5.028390e+01 7.378399e+01
         vertex 2.178143e+01 4.708418e+01 6.914840e+01
      endloop
   endfacet
   facet normal 0.000000e+00 -8.229838e-01 5.680648e-01
      outer loop
         vertex 3.528143e+01 5.028390e+01 7.378399e+01
         vertex 2.178143e+01 4.708418e+01 6.914840e+01
         vertex 3.528143e+01 4.708418e+01 6.914840e+01
      endloop
   endfacet
   facet normal 0.000000e+00 -9.034505e-01 4.286925e-01
      outer loop
         vertex 3.528143e+01 4.708418e+01 6.914840e+01
         vertex 2.178143e+01 4.708418e+01 6.914840e+01
         vertex 2.178143e+01 4.466950e+01 6.405958e+01
      endloop
   endfacet
   facet normal 0.000000e+00 -9.034505e-01 4.286925e-01
      outer loop
         vertex 3.528143e+01 4.708418e+01 6.914840e+01
         vertex 2.178143e+01 4.466950e+01 6.405958e+01
         vertex 3.528143e+01 4.466950e+01 6.405958e+01
      endloop
   endfacet
   facet normal 0.000000e+00 -9.605182e-01 2.782173e-01
      outer loop
         vertex 3.528143e+01 4.466950e+01 6.405958e+01
         vertex 2.178143e+01 4.466950e+01 6.405958e+01
         vertex 2.178143e+01 4.310240e+01 5.864930e+01
      endloop
   endfacet
   facet normal 0.000000e+00 -9.605182e-01 2.782173e-01
      outer loop
         vertex 3.528143e+01 4.466950e+01 6.405958e+01
         vertex 2.178143e+01 4.310240e+01 5.864930e+01
         vertex 3.528143e+01 4.310240e+01 5.864930e+01
      endloop
   endfacet
   facet normal 0.000000e+00 -9.927089e-01 1.205366e-01
      outer loop
         vertex 3.528143e+01 4.310240e+01 5.864930e+01
         vertex 2.178143e+01 4.310240e+01 5.864930e+01
         vertex 2.178143e+01 4.242346e+01 5.305771e+01
      endloop
   endfacet
   facet normal 0.000000e+00 -9.927089e-01 1.205366e-01
      outer loop
         vertex 3.528143e+01 4.310240e+01 5.864930e+01
         vertex 2.178143e+01 4.242346e+01 5.305771e+01
         vertex 3.528143e+01 4.242346e+01 5.305771e+01
      endloop
   endfacet
   facet normal -0.000000e+00 -9.991890e-01 -4.026572e-02
      outer loop
         vertex 3.528143e+01 4.242346e+01 5.305771e+01
         vertex 2.178143e+01 4.242346e+01 5.305771e+01
         vertex 2.178143e+01 4.265026e+01 4.742962e+01
      endloop
   endfacet
   facet normal -0.000000e+00 -9.991890e-01 -4.026572e-02
      outer loop
         vertex 3.528143e+01 4.242346e+01 5.305771e+01
         vertex 2.178143e+01 4.265026e+01 4.742962e+01
         vertex 3.528143e+01 4.265026e+01 4.742962e+01
      endloop
   endfacet
   facet normal -0.000000e+00 -9.797906e-01 -2.000257e-01
      outer loop
         vertex 3.528143e+01 4.265026e+01 4.742962e+01
         vertex 2.178143e+01 4.265026e+01 4.742962e+01
         vertex 2.178143e+01 4.377694e+01 4.191079e+01
      endloop
   endfacet
   facet normal -0.000000e+00 -9.797906e-01 -2.000257e-01
      outer loop
         vertex 3.528143e+01 4.265026e+01 4.742962e+01
         vertex 2.178143e+01 4.377694e+01 4.191079e+01
         vertex 3.528143e+01 4.377694e+01 4.191079e+01
      endloop
   endfacet
   facet normal -0.000000e+00 -9.350164e-01 -3.546045e-01
      outer loop
         vertex 3.528143e+01 4.377694e+01 4.191079e+01
         vertex 2.178143e+01 4.377694e+01 4.191079e+01
         vertex 2.178143e+01 4.577430e+01 3.664416e+01
      endloop
   endfacet
   facet normal -0.000000e+00 -9.350164e-01 -3.546045e-01
      outer loop
         vertex 3.528143e+01 4.377694e+01 4.191079e+01
         vertex 2.178143e+01 4.577430e+01 3.664416e+01
         vertex 3.528143e+01 4.577430e+01 3.664416e+01
      endloop
   endfacet
   facet normal -0.000000e+00 -8.660252e-01 -5.000004e-01
      outer loop
         vertex 3.528143e+01 4.577430e+01 3.664416e+01
         vertex 2.178143e+01 4.577430e+01 3.664416e+01
         vertex 2.178143e+01 4.859064e+01 3.176614e+01
      endloop
   endfacet
   facet normal -0.000000e+00 -8.660252e-01 -5.000004e-01
      outer loop
         vertex 3.528143e+01 4.577430e+01 3.664416e+01
         vertex 2.178143e+01 4.859064e+01 3.176614e+01
         vertex 3.528143e+01 4.859064e+01 3.176614e+01
      endloop
   endfacet
   facet normal -0.000000e+00 -7.746051e-01 -6.324452e-01
      outer loop
         vertex 3.528143e+01 4.859064e+01 3.176614e+01
         vertex 2.178143e+01 4.859064e+01 3.176614e+01
         vertex 2.178143e+01 5.215298e+01 2.740305e+01
      endloop
   endfacet
   facet normal -0.000000e+00 -7.746051e-01 -6.324452e-01
      outer loop
         vertex 3.528143e+01 4.859064e+01 3.176614e+01
         vertex 2.178143e+01 5.215298e+01 2.740305e+01
         vertex 3.528143e+01 5.215298e+01 2.740305e+01
      endloop
   endfacet
   facet normal -0.000000e+00 -6.631228e-01 -7.485107e-01
      outer loop
         vertex 3.528143e+01 5.215298e+01 2.740305e+01
         vertex 2.178143e+01 5.215298e+01 2.740305e+01
         vertex 2.178143e+01 5.636909e+01 2.366791e+01
      endloop
   endfacet
   facet normal -0.000000e+00 -6.631228e-01 -7.485107e-01
      outer loop
         vertex 3.528143e+01 5.215298e+01 2.740305e+01
         vertex 2.178143e+01 5.636909e+01 2.366791e+01
         vertex 3.528143e+01 5.636909e+01 2.366791e+01
      endloop
   endfacet
   facet normal -0.000000e+00 -5.904196e-01 -8.070965e-01
      outer loop
         vertex 3.528143e+01 5.636909e+01 2.366791e+01
         vertex 2.178143e+01 5.636909e+01 2.366791e+01
         vertex 2.728143e+01 5.709507e+01 2.313683e+01
      endloop
   endfacet
   facet normal -0.000000e+00 -5.904196e-01 -8.070965e-01
      outer loop
         vertex 3.528143e+01 5.636909e+01 2.366791e+01
         vertex 2.728143e+01 5.709507e+01 2.313683e+01
         vertex 3.528143e+01 5.709507e+01 2.313683e+01
      endloop
   endfacet
   facet normal 0.000000e+00 5.235608e-01 -8.519883e-01
      outer loop
         vertex 2.728143e+01 9.366038e+01 2.065744e+01
         vertex 2.178143e+01 9.366038e+01 2.065744e+01
         vertex 2.728143e+01 9.769507e+01 2.313683e+01
      endloop
   endfacet
   facet normal -1.106337e-02 5.344329e-01 -8.451385e-01
      outer loop
         vertex 2.728143e+01 9.769507e+01 2.313683e+01
         vertex 2.178143e+01 9.366038e+01 2.065744e+01
         vertex 2.178143e+01 9.842105e+01 2.366791e+01
      endloop
   endfacet
   facet normal 0.000000e+00 5.904196e-01 -8.070965e-01
      outer loop
         vertex 2.728143e+01 9.769507e+01 2.313683e+01
         vertex 2.178143e+01 9.842105e+01 2.366791e+01
         vertex 3.528143e+01 9.842105e+01 2.366791e+01
      endloop
   endfacet
   facet normal 0.000000e+00 6.631228e-01 -7.485107e-01
      outer loop
         vertex 3.528143e+01 9.842105e+01 2.366791e+01
         vertex 2.178143e+01 9.842105e+01 2.366791e+01
         vertex 2.178143e+01 1.026372e+02 2.740305e+01
      endloop
   endfacet
   facet normal 0.000000e+00 6.631228e-01 -7.485107e-01
      outer loop
         vertex 3.528143e+01 9.842105e+01 2.366791e+01
         vertex 2.178143e+01 1.026372e+02 2.740305e+01
         vertex 3.528143e+01 1.026372e+02 2.740305e+01
      endloop
   endfacet
   facet normal 0.000000e+00 7.746051e-01 -6.324452e-01
      outer loop
         vertex 3.528143e+01 1.026372e+02 2.740305e+01
         vertex 2.178143e+01 1.026372e+02 2.740305e+01
         vertex 2.178143e+01 1.061995e+02 3.176614e+01
      endloop
   endfacet
   facet normal 0.000000e+00 7.746051e-01 -6.324452e-01
      outer loop
         vertex 3.528143e+01 1.026372e+02 2.740305e+01
         vertex 2.178143e+01 1.061995e+02 3.176614e+01
         vertex 3.528143e+01 1.061995e+02 3.176614e+01
      endloop
   endfacet
   facet normal 0.000000e+00 8.660252e-01 -5.000004e-01
      outer loop
         vertex 3.528143e+01 1.061995e+02 3.176614e+01
         vertex 2.178143e+01 1.061995e+02 3.176614e+01
         vertex 2.178143e+01 1.090158e+02 3.664416e+01
      endloop
   endfacet
   facet normal 0.000000e+00 8.660252e-01 -5.000004e-01
      outer loop
         vertex 3.528143e+01 1.061995e+02 3.176614e+01
         vertex 2.178143e+01 1.090158e+02 3.664416e+01
         vertex 3.528143e+01 1.090158e+02 3.664416e+01
      endloop
   endfacet
   facet normal 0.000000e+00 9.350164e-01 -3.546045e-01
      outer loop
         vertex 3.528143e+01 1.090158e+02 3.664416e+01
         vertex 2.178143e+01 1.090158e+02 3.664416e+01
         vertex 2.178143e+01 1.110132e+02 4.191079e+01
      endloop
   endfacet
   facet normal 0.000000e+00 9.350164e-01 -3.546045e-01
      outer loop
         vertex 3.528143e+01 1.090158e+02 3.664416e+01
         vertex 2.178143e+01 1.110132e+02 4.191079e+01
         vertex 3.528143e+01 1.110132e+02 4.191079e+01
      endloop
   endfacet
   facet normal 0.000000e+00 9.797906e-01 -2.000257e-01
      outer loop
         vertex 3.528143e+01 1.110132e+02 4.191079e+01
         vertex 2.178143e+01 1.110132e+02 4.191079e+01
         vertex 2.178143e+01 1.121399e+02 4.742962e+01
      endloop
   endfacet
   facet normal 0.000000e+00 9.797906e-01 -2.000257e-01
      outer loop
         vertex 3.528143e+01 1.110132e+02 4.191079e+01
         vertex 2.178143e+01 1.121399e+02 4.742962e+01
         vertex 3.528143e+01 1.121399e+02 4.742962e+01
      endloop
   endfacet
   facet normal 0.000000e+00 9.991890e-01 -4.026572e-02
      outer loop
         vertex 3.528143e+01 1.121399e+02 4.742962e+01
         vertex 2.178143e+01 1.121399e+02 4.742962e+01
         vertex 2.178143e+01 1.123667e+02 5.305771e+01
      endloop
   endfacet
   facet normal 0.000000e+00 9.991890e-01 -4.026572e-02
      outer loop
         vertex 3.528143e+01 1.121399e+02 4.742962e+01
         vertex 2.178143e+01 1.123667e+02 5.305771e+01
         vertex 3.528143e+01 1.123667e+02 5.305771e+01
      endloop
   endfacet
   facet normal 0.000000e+00 9.927089e-01 1.205366e-01
      outer loop
         vertex 3.528143e+01 1.123667e+02 5.305771e+01
         vertex 2.178143e+01 1.123667e+02 5.305771e+01
         vertex 2.178143e+01 1.116877e+02 5.864930e+01
      endloop
   endfacet
   facet normal 0.000000e+00 9.927089e-01 1.205366e-01
      outer loop
         vertex 3.528143e+01 1.123667e+02 5.305771e+01
         vertex 2.178143e+01 1.116877e+02 5.864930e+01
         vertex 3.528143e+01 1.116877e+02 5.864930e+01
      endloop
   endfacet
   facet normal 0.000000e+00 9.605182e-01 2.782173e-01
      outer loop
         vertex 3.528143e+01 1.116877e+02 5.864930e+01
         vertex 2.178143e+01 1.116877e+02 5.864930e+01
         vertex 2.178143e+01 1.101206e+02 6.405958e+01
      endloop
   endfacet
   facet normal 0.000000e+00 9.605182e-01 2.782173e-01
      outer loop
         vertex 3.528143e+01 1.116877e+02 5.864930e+01
         vertex 2.178143e+01 1.101206e+02 6.405958e+01
         vertex 3.528143e+01 1.101206e+02 6.405958e+01
      endloop
   endfacet
   facet normal 0.000000e+00 9.034505e-01 4.286925e-01
      outer loop
         vertex 3.528143e+01 1.101206e+02 6.405958e+01
         vertex 2.178143e+01 1.101206e+02 6.405958e+01
         vertex 2.178143e+01 1.077060e+02 6.914840e+01
      endloop
   endfacet
   facet normal 0.000000e+00 9.034505e-01 4.286925e-01
      outer loop
         vertex 3.528143e+01 1.101206e+02 6.405958e+01
         vertex 2.178143e+01 1.077060e+02 6.914840e+01
         vertex 3.528143e+01 1.077060e+02 6.914840e+01
      endloop
   endfacet
   facet normal 0.000000e+00 8.229838e-01 5.680648e-01
      outer loop
         vertex 3.528143e+01 1.077060e+02 6.914840e+01
         vertex 2.178143e+01 1.077060e+02 6.914840e+01
         vertex 2.178143e+01 1.045062e+02 7.378399e+01
      endloop
   endfacet
   facet normal 0.000000e+00 8.229838e-01 5.680648e-01
      outer loop
         vertex 3.528143e+01 1.077060e+02 6.914840e+01
         vertex 2.178143e+01 1.045062e+02 7.378399e+01
         vertex 3.528143e+01 1.045062e+02 7.378399e+01
      endloop
   endfacet
   facet normal 0.000000e+00 7.212024e-01 6.927244e-01
      outer loop
         vertex 3.528143e+01 1.045062e+02 7.378399e+01
         vertex 2.178143e+01 1.045062e+02 7.378399e+01
         vertex 2.178143e+01 1.006044e+02 7.784628e+01
      endloop
   endfacet
   facet normal 0.000000e+00 7.212024e-01 6.927244e-01
      outer loop
         vertex 3.528143e+01 1.045062e+02 7.378399e+01
         vertex 2.178143e+01 1.006044e+02 7.784628e+01
         vertex 3.528143e+01 1.006044e+02 7.784628e+01
      endloop
   endfacet
   facet normal 0.000000e+00 6.224396e-01 7.826678e-01
      outer loop
         vertex 3.528143e+01 1.006044e+02 7.784628e+01
         vertex 2.178143e+01 1.006044e+02 7.784628e+01
         vertex 2.728143e+01 9.769507e+01 8.015998e+01
      endloop
   endfacet
   facet normal 0.000000e+00 6.224396e-01 7.826678e-01
      outer loop
         vertex 3.528143e+01 1.006044e+02 7.784628e+01
         vertex 2.728143e+01 9.769507e+01 8.015998e+01
         vertex 3.528143e+01 9.769507e+01 8.015998e+01
      endloop
   endfacet
   facet normal 0.000000e+00 1.000000e+00 5.551115e-17
      outer loop
         vertex 3.528143e+01 5.709507e+01 8.015998e+01
         vertex 3.528143e+01 5.709507e+01 7.416068e+01
         vertex 2.878143e+01 5.709507e+01 7.416068e+01
      endloop
   endfacet
   facet normal 0.000000e+00 1.000000e+00 5.551115e-17
      outer loop
         vertex 2.728143e+01 5.709507e+01 8.015998e+01
         vertex 3.528143e+01 5.709507e+01 8.015998e+01
         vertex 2.728143e+01 5.709507e+01 7.612595e+01
      endloop
   endfacet
   facet normal 0.000000e+00 1.000000e+00 5.551115e-17
      outer loop
         vertex 2.728143e+01 5.709507e+01 7.612595e+01
         vertex 3.528143e+01 5.709507e+01 8.015998e+01
         vertex 2.878143e+01 5.709507e+01 7.416068e+01
      endloop
   endfacet
   facet normal 0.000000e+00 1.000000e+00 5.551115e-17
      outer loop
         vertex 2.728143e+01 5.709507e+01 7.612595e+01
         vertex 2.878143e+01 5.709507e+01 7.416068e+01
         vertex 2.728143e+01 5.709507e+01 7.384840e+01
      endloop
   endfacet
   facet normal 0.000000e+00 1.000000e+00 5.551115e-17
      outer loop
         vertex 2.728143e+01 5.709507e+01 7.384840e+01
         vertex 2.878143e+01 5.709507e+01 7.416068e+01
         vertex 2.878143e+01 5.709507e+01 7.384840e+01
      endloop
   endfacet
   facet normal 0.000000e+00 -5.551115e-17 1.000000e+00
      outer loop
         vertex 2.728143e+01 5.709507e+01 7.384840e+01
         vertex 2.878143e+01 5.709507e+01 7.384840e+01
         vertex 2.728143e+01 5.935623e+01 7.384840e+01
      endloop
   endfacet
   facet normal 0.000000e+00 -5.551115e-17 1.000000e+00
      outer loop
         vertex 2.728143e+01 5.935623e+01 7.384840e+01
         vertex 2.878143e+01 5.709507e+01 7.384840e+01
         vertex 2.878143e+01 6.284766e+01 7.384840e+01
      endloop
   endfacet
   facet normal 0.000000e+00 -5.551115e-17 1.000000e+00
      outer loop
         vertex 2.728143e+01 5.935623e+01 7.384840e+01
         vertex 2.878143e+01 6.284766e+01 7.384840e+01
         vertex 2.728143e+01 7.739507e+01 7.384840e+01
      endloop
   endfacet
   facet normal 0.000000e+00 -5.551115e-17 1.000000e+00
      outer loop
         vertex 3.275643e+01 6.989507e+01 7.384840e+01
         vertex 3.528143e+01 6.284766e+01 7.384840e+01
         vertex 3.528143e+01 9.194248e+01 7.384840e+01
      endloop
   endfacet
   facet normal 0.000000e+00 -5.551115e-17 1.000000e+00
      outer loop
         vertex 2.728143e+01 7.739507e+01 7.384840e+01
         vertex 3.054393e+01 7.117246e+01 7.384840e+01
         vertex 3.128143e+01 7.137007e+01 7.384840e+01
      endloop
   endfacet
   facet normal 0.000000e+00 -5.551115e-17 1.000000e+00
      outer loop
         vertex 3.201893e+01 8.617246e+01 7.384840e+01
         vertex 3.255882e+01 8.563257e+01 7.384840e+01
         vertex 3.528143e+01 9.194248e+01 7.384840e+01
      endloop
   endfacet
   facet normal 0.000000e+00 -5.551115e-17 1.000000e+00
      outer loop
         vertex 3.528143e+01 9.194248e+01 7.384840e+01
         vertex 3.255882e+01 8.563257e+01 7.384840e+01
         vertex 3.275643e+01 8.489507e+01 7.384840e+01
      endloop
   endfacet
   facet normal 0.000000e+00 -5.551115e-17 1.000000e+00
      outer loop
         vertex 3.054393e+01 6.861768e+01 7.384840e+01
         vertex 3.000404e+01 6.915757e+01 7.384840e+01
         vertex 2.878143e+01 6.284766e+01 7.384840e+01
      endloop
   endfacet
   facet normal 0.000000e+00 -5.551115e-17 1.000000e+00
      outer loop
         vertex 2.878143e+01 6.284766e+01 7.384840e+01
         vertex 3.000404e+01 6.915757e+01 7.384840e+01
         vertex 2.980643e+01 6.989507e+01 7.384840e+01
      endloop
   endfacet
   facet normal 0.000000e+00 -5.551115e-17 1.000000e+00
      outer loop
         vertex 2.878143e+01 6.284766e+01 7.384840e+01
         vertex 2.980643e+01 6.989507e+01 7.384840e+01
         vertex 2.728143e+01 7.739507e+01 7.384840e+01
      endloop
   endfacet
   facet normal 0.000000e+00 -5.551115e-17 1.000000e+00
      outer loop
         vertex 2.728143e+01 7.739507e+01 7.384840e+01
         vertex 2.980643e+01 6.989507e+01 7.384840e+01
         vertex 3.000404e+01 7.063257e+01 7.384840e+01
      endloop
   endfacet
   facet normal 0.000000e+00 -5.551115e-17 1.000000e+00
      outer loop
         vertex 2.728143e+01 7.739507e+01 7.384840e+01
         vertex 3.000404e+01 7.063257e+01 7.384840e+01
         vertex 3.054393e+01 7.117246e+01 7.384840e+01
      endloop
   endfacet
   facet normal 0.000000e+00 -5.551115e-17 1.000000e+00
      outer loop
         vertex 3.255882e+01 8.415757e+01 7.384840e+01
         vertex 3.128143e+01 7.137007e+01 7.384840e+01
         vertex 3.275643e+01 8.489507e+01 7.384840e+01
      endloop
   endfacet
   facet normal 0.000000e+00 -5.551115e-17 1.000000e+00
      outer loop
         vertex 3.275643e+01 8.489507e+01 7.384840e+01
         vertex 3.128143e+01 7.137007e+01 7.384840e+01
         vertex 3.201893e+01 7.117246e+01 7.384840e+01
      endloop
   endfacet
   facet normal 0.000000e+00 -5.551115e-17 1.000000e+00
      outer loop
         vertex 3.275643e+01 8.489507e+01 7.384840e+01
         vertex 3.201893e+01 7.117246e+01 7.384840e+01
         vertex 3.528143e+01 9.194248e+01 7.384840e+01
      endloop
   endfacet
   facet normal 0.000000e+00 -5.551115e-17 1.000000e+00
      outer loop
         vertex 3.528143e+01 9.194248e+01 7.384840e+01
         vertex 3.201893e+01 7.117246e+01 7.384840e+01
         vertex 3.255882e+01 7.063257e+01 7.384840e+01
      endloop
   endfacet
   facet normal 0.000000e+00 -5.551115e-17 1.000000e+00
      outer loop
         vertex 3.528143e+01 9.194248e+01 7.384840e+01
         vertex 3.255882e+01 7.063257e+01 7.384840e+01
         vertex 3.275643e+01 6.989507e+01 7.384840e+01
      endloop
   endfacet
   facet normal 0.000000e+00 -5.551115e-17 1.000000e+00
      outer loop
         vertex 3.054393e+01 8.361768e+01 7.384840e+01
         vertex 2.728143e+01 7.739507e+01 7.384840e+01
         vertex 3.128143e+01 8.342007e+01 7.384840e+01
      endloop
   endfacet
   facet normal 0.000000e+00 -5.551115e-17 1.000000e+00
      outer loop
         vertex 3.128143e+01 8.342007e+01 7.384840e+01
         vertex 2.728143e+01 7.739507e+01 7.384840e+01
         vertex 3.128143e+01 7.137007e+01 7.384840e+01
      endloop
   endfacet
   facet normal 0.000000e+00 -5.551115e-17 1.000000e+00
      outer loop
         vertex 3.128143e+01 8.342007e+01 7.384840e+01
         vertex 3.128143e+01 7.137007e+01 7.384840e+01
         vertex 3.201893e+01 8.361768e+01 7.384840e+01
      endloop
   endfacet
   facet normal 0.000000e+00 -5.551115e-17 1.000000e+00
      outer loop
         vertex 3.201893e+01 8.361768e+01 7.384840e+01
         vertex 3.128143e+01 7.137007e+01 7.384840e+01
         vertex 3.255882e+01 8.415757e+01 7.384840e+01
      endloop
   endfacet
   facet normal 0.000000e+00 -5.551115e-17 1.000000e+00
      outer loop
         vertex 3.000404e+01 8.563257e+01 7.384840e+01
         vertex 2.728143e+01 9.543391e+01 7.384840e+01
         vertex 2.980643e+01 8.489507e+01 7.384840e+01
      endloop
   endfacet
   facet normal 0.000000e+00 -5.551115e-17 1.000000e+00
      outer loop
         vertex 2.980643e+01 8.489507e+01 7.384840e+01
         vertex 2.728143e+01 9.543391e+01 7.384840e+01
         vertex 2.728143e+01 7.739507e+01 7.384840e+01
      endloop
   endfacet
   facet normal 0.000000e+00 -5.551115e-17 1.000000e+00
      outer loop
         vertex 2.980643e+01 8.489507e+01 7.384840e+01
         vertex 2.728143e+01 7.739507e+01 7.384840e+01
         vertex 3.000404e+01 8.415757e+01 7.384840e+01
      endloop
   endfacet
   facet normal 0.000000e+00 -5.551115e-17 1.000000e+00
      outer loop
         vertex 3.000404e+01 8.415757e+01 7.384840e+01
         vertex 2.728143e+01 7.739507e+01 7.384840e+01
         vertex 3.054393e+01 8.361768e+01 7.384840e+01
      endloop
   endfacet
   facet normal 0.000000e+00 -5.551115e-17 1.000000e+00
      outer loop
         vertex 3.275643e+01 6.989507e+01 7.384840e+01
         vertex 3.255882e+01 6.915757e+01 7.384840e+01
         vertex 3.528143e+01 6.284766e+01 7.384840e+01
      endloop
   endfacet
   facet normal 0.000000e+00 -5.551115e-17 1.000000e+00
      outer loop
         vertex 3.528143e+01 6.284766e+01 7.384840e+01
         vertex 3.255882e+01 6.915757e+01 7.384840e+01
         vertex 3.201893e+01 6.861768e+01 7.384840e+01
      endloop
   endfacet
   facet normal 0.000000e+00 -5.551115e-17 1.000000e+00
      outer loop
         vertex 3.528143e+01 6.284766e+01 7.384840e+01
         vertex 3.201893e+01 6.861768e+01 7.384840e+01
         vertex 2.878143e+01 6.284766e+01 7.384840e+01
      endloop
   endfacet
   facet normal 0.000000e+00 -5.551115e-17 1.000000e+00
      outer loop
         vertex 2.878143e+01 6.284766e+01 7.384840e+01
         vertex 3.201893e+01 6.861768e+01 7.384840e+01
         vertex 3.128143e+01 6.842007e+01 7.384840e+01
      endloop
   endfacet
   facet normal 0.000000e+00 -5.551115e-17 1.000000e+00
      outer loop
         vertex 2.878143e+01 6.284766e+01 7.384840e+01
         vertex 3.128143e+01 6.842007e+01 7.384840e+01
         vertex 3.054393e+01 6.861768e+01 7.384840e+01
      endloop
   endfacet
   facet normal 0.000000e+00 -5.551115e-17 1.000000e+00
      outer loop
         vertex 3.201893e+01 8.617246e+01 7.384840e+01
         vertex 3.528143e+01 9.194248e+01 7.384840e+01
         vertex 3.128143e+01 8.637007e+01 7.384840e+01
      endloop
   endfacet
   facet normal 0.000000e+00 -5.551115e-17 1.000000e+00
      outer loop
         vertex 3.128143e+01 8.637007e+01 7.384840e+01
         vertex 3.528143e+01 9.194248e+01 7.384840e+01
         vertex 2.878143e+01 9.194248e+01 7.384840e+01
      endloop
   endfacet
   facet normal 0.000000e+00 -5.551115e-17 1.000000e+00
      outer loop
         vertex 3.128143e+01 8.637007e+01 7.384840e+01
         vertex 2.878143e+01 9.194248e+01 7.384840e+01
         vertex 3.054393e+01 8.617246e+01 7.384840e+01
      endloop
   endfacet
   facet normal 0.000000e+00 -5.551115e-17 1.000000e+00
      outer loop
         vertex 2.878143e+01 9.769507e+01 7.384840e+01
         vertex 2.728143e+01 9.769507e+01 7.384840e+01
         vertex 2.878143e+01 9.194248e+01 7.384840e+01
      endloop
   endfacet
   facet normal 0.000000e+00 -5.551115e-17 1.000000e+00
      outer loop
         vertex 2.878143e+01 9.194248e+01 7.384840e+01
         vertex 2.728143e+01 9.769507e+01 7.384840e+01
         vertex 2.728143e+01 9.543391e+01 7.384840e+01
      endloop
   endfacet
   facet normal 0.000000e+00 -5.551115e-17 1.000000e+00
      outer loop
         vertex 2.878143e+01 9.194248e+01 7.384840e+01
         vertex 2.728143e+01 9.543391e+01 7.384840e+01
         vertex 3.054393e+01 8.617246e+01 7.384840e+01
      endloop
   endfacet
   facet normal 0.000000e+00 -5.551115e-17 1.000000e+00
      outer loop
         vertex 3.054393e+01 8.617246e+01 7.384840e+01
         vertex 2.728143e+01 9.543391e+01 7.384840e+01
         vertex 3.000404e+01 8.563257e+01 7.384840e+01
      endloop
   endfacet
   facet normal 0.000000e+00 -1.000000e+00 -5.551115e-17
      outer loop
         vertex 2.728143e+01 9.769507e+01 7.384840e+01
         vertex 2.878143e+01 9.769507e+01 7.384840e+01
         vertex 2.728143e+01 9.769507e+01 7.612595e+01
      endloop
   endfacet
   facet normal 0.000000e+00 -1.000000e+00 -5.551115e-17
      outer loop
         vertex 2.728143e+01 9.769507e+01 7.612595e+01
         vertex 2.878143e+01 9.769507e+01 7.384840e+01
         vertex 2.878143e+01 9.769507e+01 7.416068e+01
      endloop
   endfacet
   facet normal 0.000000e+00 -1.000000e+00 -5.551115e-17
      outer loop
         vertex 2.878143e+01 9.769507e+01 7.416068e+01
         vertex 3.528143e+01 9.769507e+01 7.416068e+01
         vertex 2.728143e+01 9.769507e+01 7.612595e+01
      endloop
   endfacet
   facet normal 0.000000e+00 -1.000000e+00 -5.551115e-17
      outer loop
         vertex 2.728143e+01 9.769507e+01 7.612595e+01
         vertex 3.528143e+01 9.769507e+01 7.416068e+01
         vertex 3.528143e+01 9.769507e+01 8.015998e+01
      endloop
   endfacet
   facet normal 0.000000e+00 -1.000000e+00 -5.551115e-17
      outer loop
         vertex 2.728143e+01 9.769507e+01 7.612595e+01
         vertex 3.528143e+01 9.769507e+01 8.015998e+01
         vertex 2.728143e+01 9.769507e+01 8.015998e+01
      endloop
   endfacet
   facet normal 0.000000e+00 -1.000000e+00 -5.551115e-17
      outer loop
         vertex 3.528143e+01 9.769507e+01 2.313683e+01
         vertex 3.528143e+01 9.769507e+01 2.913613e+01
         vertex 2.878143e+01 9.769507e+01 2.913613e+01
      endloop
   endfacet
   facet normal 0.000000e+00 -1.000000e+00 -5.551115e-17
      outer loop
         vertex 2.728143e+01 9.769507e+01 2.313683e+01
         vertex 3.528143e+01 9.769507e+01 2.313683e+01
         vertex 2.728143e+01 9.769507e+01 2.717086e+01
      endloop
   endfacet
   facet normal 0.000000e+00 -1.000000e+00 -5.551115e-17
      outer loop
         vertex 2.728143e+01 9.769507e+01 2.717086e+01
         vertex 3.528143e+01 9.769507e+01 2.313683e+01
         vertex 2.878143e+01 9.769507e+01 2.913613e+01
      endloop
   endfacet
   facet normal 0.000000e+00 -1.000000e+00 -5.551115e-17
      outer loop
         vertex 2.728143e+01 9.769507e+01 2.717086e+01
         vertex 2.878143e+01 9.769507e+01 2.913613e+01
         vertex 2.728143e+01 9.769507e+01 2.944840e+01
      endloop
   endfacet
   facet normal 0.000000e+00 -1.000000e+00 -5.551115e-17
      outer loop
         vertex 2.728143e+01 9.769507e+01 2.944840e+01
         vertex 2.878143e+01 9.769507e+01 2.913613e+01
         vertex 2.878143e+01 9.769507e+01 2.944840e+01
      endloop
   endfacet
   facet normal 0.000000e+00 5.551115e-17 -1.000000e+00
      outer loop
         vertex 3.000404e+01 7.063257e+01 2.944840e+01
         vertex 2.980643e+01 6.989507e+01 2.944840e+01
         vertex 2.728143e+01 7.739507e+01 2.944840e+01
      endloop
   endfacet
   facet normal 0.000000e+00 5.551115e-17 -1.000000e+00
      outer loop
         vertex 2.728143e+01 9.769507e+01 2.944840e+01
         vertex 2.878143e+01 9.769507e+01 2.944840e+01
         vertex 2.728143e+01 9.543391e+01 2.944840e+01
      endloop
   endfacet
   facet normal 0.000000e+00 5.551115e-17 -1.000000e+00
      outer loop
         vertex 2.728143e+01 9.543391e+01 2.944840e+01
         vertex 2.878143e+01 9.769507e+01 2.944840e+01
         vertex 2.878143e+01 9.194248e+01 2.944840e+01
      endloop
   endfacet
   facet normal -0.000000e+00 5.551115e-17 -1.000000e+00
      outer loop
         vertex 2.728143e+01 9.543391e+01 2.944840e+01
         vertex 2.878143e+01 9.194248e+01 2.944840e+01
         vertex 2.728143e+01 7.739507e+01 2.944840e+01
      endloop
   endfacet
   facet normal 0.000000e+00 5.551115e-17 -1.000000e+00
      outer loop
         vertex 2.728143e+01 7.739507e+01 2.944840e+01
         vertex 3.054393e+01 8.361768e+01 2.944840e+01
         vertex 3.128143e+01 8.342007e+01 2.944840e+01
      endloop
   endfacet
   facet normal -0.000000e+00 5.551115e-17 -1.000000e+00
      outer loop
         vertex 2.728143e+01 7.739507e+01 2.944840e+01
         vertex 2.980643e+01 6.989507e+01 2.944840e+01
         vertex 2.728143e+01 5.935623e+01 2.944840e+01
      endloop
   endfacet
   facet normal 0.000000e+00 5.551115e-17 -1.000000e+00
      outer loop
         vertex 3.528143e+01 6.284766e+01 2.944840e+01
         vertex 3.255882e+01 6.915757e+01 2.944840e+01
         vertex 3.275643e+01 6.989507e+01 2.944840e+01
      endloop
   endfacet
   facet normal 0.000000e+00 5.551115e-17 -1.000000e+00
      outer loop
         vertex 3.275643e+01 8.489507e+01 2.944840e+01
         vertex 3.528143e+01 9.194248e+01 2.944840e+01
         vertex 3.528143e+01 6.284766e+01 2.944840e+01
      endloop
   endfacet
   facet normal 0.000000e+00 5.551115e-17 -1.000000e+00
      outer loop
         vertex 2.878143e+01 5.709507e+01 2.944840e+01
         vertex 2.728143e+01 5.709507e+01 2.944840e+01
         vertex 2.878143e+01 6.284766e+01 2.944840e+01
      endloop
   endfacet
   facet normal 0.000000e+00 5.551115e-17 -1.000000e+00
      outer loop
         vertex 2.878143e+01 6.284766e+01 2.944840e+01
         vertex 2.728143e+01 5.709507e+01 2.944840e+01
         vertex 2.728143e+01 5.935623e+01 2.944840e+01
      endloop
   endfacet
   facet normal -0.000000e+00 5.551115e-17 -1.000000e+00
      outer loop
         vertex 2.980643e+01 6.989507e+01 2.944840e+01
         vertex 3.000404e+01 6.915757e+01 2.944840e+01
         vertex 2.728143e+01 5.935623e+01 2.944840e+01
      endloop
   endfacet
   facet normal 0.000000e+00 5.551115e-17 -1.000000e+00
      outer loop
         vertex 2.728143e+01 5.935623e+01 2.944840e+01
         vertex 3.000404e+01 6.915757e+01 2.944840e+01
         vertex 3.054393e+01 6.861768e+01 2.944840e+01
      endloop
   endfacet
   facet normal 0.000000e+00 5.551115e-17 -1.000000e+00
      outer loop
         vertex 2.728143e+01 5.935623e+01 2.944840e+01
         vertex 3.054393e+01 6.861768e+01 2.944840e+01
         vertex 2.878143e+01 6.284766e+01 2.944840e+01
      endloop
   endfacet
   facet normal 0.000000e+00 5.551115e-17 -1.000000e+00
      outer loop
         vertex 2.878143e+01 6.284766e+01 2.944840e+01
         vertex 3.054393e+01 6.861768e+01 2.944840e+01
         vertex 3.128143e+01 6.842007e+01 2.944840e+01
      endloop
   endfacet
   facet normal 0.000000e+00 5.551115e-17 -1.000000e+00
      outer loop
         vertex 2.878143e+01 6.284766e+01 2.944840e+01
         vertex 3.128143e+01 6.842007e+01 2.944840e+01
         vertex 3.528143e+01 6.284766e+01 2.944840e+01
      endloop
   endfacet
   facet normal 0.000000e+00 5.551115e-17 -1.000000e+00
      outer loop
         vertex 3.528143e+01 6.284766e+01 2.944840e+01
         vertex 3.128143e+01 6.842007e+01 2.944840e+01
         vertex 3.201893e+01 6.861768e+01 2.944840e+01
      endloop
   endfacet
   facet normal 0.000000e+00 5.551115e-17 -1.000000e+00
      outer loop
         vertex 3.528143e+01 6.284766e+01 2.944840e+01
         vertex 3.201893e+01 6.861768e+01 2.944840e+01
         vertex 3.255882e+01 6.915757e+01 2.944840e+01
      endloop
   endfacet
   facet normal 0.000000e+00 5.551115e-17 -1.000000e+00
      outer loop
         vertex 3.275643e+01 8.489507e+01 2.944840e+01
         vertex 3.255882e+01 8.563257e+01 2.944840e+01
         vertex 3.528143e+01 9.194248e+01 2.944840e+01
      endloop
   endfacet
   facet normal 0.000000e+00 5.551115e-17 -1.000000e+00
      outer loop
         vertex 3.528143e+01 9.194248e+01 2.944840e+01
         vertex 3.255882e+01 8.563257e+01 2.944840e+01
         vertex 3.201893e+01 8.617246e+01 2.944840e+01
      endloop
   endfacet
   facet normal 0.000000e+00 5.551115e-17 -1.000000e+00
      outer loop
         vertex 3.528143e+01 9.194248e+01 2.944840e+01
         vertex 3.201893e+01 8.617246e+01 2.944840e+01
         vertex 2.878143e+01 9.194248e+01 2.944840e+01
      endloop
   endfacet
   facet normal 0.000000e+00 5.551115e-17 -1.000000e+00
      outer loop
         vertex 2.878143e+01 9.194248e+01 2.944840e+01
         vertex 3.201893e+01 8.617246e+01 2.944840e+01
         vertex 3.128143e+01 8.637007e+01 2.944840e+01
      endloop
   endfacet
   facet normal 0.000000e+00 5.551115e-17 -1.000000e+00
      outer loop
         vertex 2.878143e+01 9.194248e+01 2.944840e+01
         vertex 3.128143e+01 8.637007e+01 2.944840e+01
         vertex 3.054393e+01 8.617246e+01 2.944840e+01
      endloop
   endfacet
   facet normal 0.000000e+00 5.551115e-17 -1.000000e+00
      outer loop
         vertex 3.054393e+01 8.617246e+01 2.944840e+01
         vertex 3.000404e+01 8.563257e+01 2.944840e+01
         vertex 2.878143e+01 9.194248e+01 2.944840e+01
      endloop
   endfacet
   facet normal 0.000000e+00 5.551115e-17 -1.000000e+00
      outer loop
         vertex 2.878143e+01 9.194248e+01 2.944840e+01
         vertex 3.000404e+01 8.563257e+01 2.944840e+01
         vertex 2.980643e+01 8.489507e+01 2.944840e+01
      endloop
   endfacet
   facet normal -0.000000e+00 5.551115e-17 -1.000000e+00
      outer loop
         vertex 2.878143e+01 9.194248e+01 2.944840e+01
         vertex 2.980643e+01 8.489507e+01 2.944840e+01
         vertex 2.728143e+01 7.739507e+01 2.944840e+01
      endloop
   endfacet
   facet normal 0.000000e+00 5.551115e-17 -1.000000e+00
      outer loop
         vertex 2.728143e+01 7.739507e+01 2.944840e+01
         vertex 2.980643e+01 8.489507e+01 2.944840e+01
         vertex 3.000404e+01 8.415757e+01 2.944840e+01
      endloop
   endfacet
   facet normal 0.000000e+00 5.551115e-17 -1.000000e+00
      outer loop
         vertex 2.728143e+01 7.739507e+01 2.944840e+01
         vertex 3.000404e+01 8.415757e+01 2.944840e+01
         vertex 3.054393e+01 8.361768e+01 2.944840e+01
      endloop
   endfacet
   facet normal 0.000000e+00 5.551115e-17 -1.000000e+00
      outer loop
         vertex 3.255882e+01 7.063257e+01 2.944840e+01
         vertex 3.128143e+01 8.342007e+01 2.944840e+01
         vertex 3.275643e+01 6.989507e+01 2.944840e+01
      endloop
   endfacet
   facet normal 0.000000e+00 5.551115e-17 -1.000000e+00
      outer loop
         vertex 3.275643e+01 6.989507e+01 2.944840e+01
         vertex 3.128143e+01 8.342007e+01 2.944840e+01
         vertex 3.201893e+01 8.361768e+01 2.944840e+01
      endloop
   endfacet
   facet normal 0.000000e+00 5.551115e-17 -1.000000e+00
      outer loop
         vertex 3.275643e+01 6.989507e+01 2.944840e+01
         vertex 3.201893e+01 8.361768e+01 2.944840e+01
         vertex 3.528143e+01 6.284766e+01 2.944840e+01
      endloop
   endfacet
   facet normal 0.000000e+00 5.551115e-17 -1.000000e+00
      outer loop
         vertex 3.528143e+01 6.284766e+01 2.944840e+01
         vertex 3.201893e+01 8.361768e+01 2.944840e+01
         vertex 3.255882e+01 8.415757e+01 2.944840e+01
      endloop
   endfacet
   facet normal 0.000000e+00 5.551115e-17 -1.000000e+00
      outer loop
         vertex 3.528143e+01 6.284766e+01 2.944840e+01
         vertex 3.255882e+01 8.415757e+01 2.944840e+01
         vertex 3.275643e+01 8.489507e+01 2.944840e+01
      endloop
   endfacet
   facet normal 0.000000e+00 5.551115e-17 -1.000000e+00
      outer loop
         vertex 3.255882e+01 7.063257e+01 2.944840e+01
         vertex 3.201893e+01 7.117246e+01 2.944840e+01
         vertex 3.128143e+01 8.342007e+01 2.944840e+01
      endloop
   endfacet
   facet normal -0.000000e+00 5.551115e-17 -1.000000e+00
      outer loop
         vertex 3.128143e+01 8.342007e+01 2.944840e+01
         vertex 3.201893e+01 7.117246e+01 2.944840e+01
         vertex 3.128143e+01 7.137007e+01 2.944840e+01
      endloop
   endfacet
   facet normal 0.000000e+00 5.551115e-17 -1.000000e+00
      outer loop
         vertex 3.128143e+01 8.342007e+01 2.944840e+01
         vertex 3.128143e+01 7.137007e+01 2.944840e+01
         vertex 2.728143e+01 7.739507e+01 2.944840e+01
      endloop
   endfacet
   facet normal 0.000000e+00 5.551115e-17 -1.000000e+00
      outer loop
         vertex 2.728143e+01 7.739507e+01 2.944840e+01
         vertex 3.128143e+01 7.137007e+01 2.944840e+01
         vertex 3.054393e+01 7.117246e+01 2.944840e+01
      endloop
   endfacet
   facet normal 0.000000e+00 5.551115e-17 -1.000000e+00
      outer loop
         vertex 2.728143e+01 7.739507e+01 2.944840e+01
         vertex 3.054393e+01 7.117246e+01 2.944840e+01
         vertex 3.000404e+01 7.063257e+01 2.944840e+01
      endloop
   endfacet
   facet normal 0.000000e+00 1.000000e+00 5.551115e-17
      outer loop
         vertex 2.728143e+01 5.709507e+01 2.944840e+01
         vertex 2.878143e+01 5.709507e+01 2.944840e+01
         vertex 2.728143e+01 5.709507e+01 2.717086e+01
      endloop
   endfacet
   facet normal 0.000000e+00 1.000000e+00 5.551115e-17
      outer loop
         vertex 2.728143e+01 5.709507e+01 2.717086e+01
         vertex 2.878143e+01 5.709507e+01 2.944840e+01
         vertex 2.878143e+01 5.709507e+01 2.913613e+01
      endloop
   endfacet
   facet normal 0.000000e+00 1.000000e+00 5.551115e-17
      outer loop
         vertex 2.878143e+01 5.709507e+01 2.913613e+01
         vertex 3.528143e+01 5.709507e+01 2.913613e+01
         vertex 2.728143e+01 5.709507e+01 2.717086e+01
      endloop
   endfacet
   facet normal 0.000000e+00 1.000000e+00 5.551115e-17
      outer loop
         vertex 2.728143e+01 5.709507e+01 2.717086e+01
         vertex 3.528143e+01 5.709507e+01 2.913613e+01
         vertex 3.528143e+01 5.709507e+01 2.313683e+01
      endloop
   endfacet
   facet normal 0.000000e+00 1.000000e+00 5.551115e-17
      outer loop
         vertex 2.728143e+01 5.709507e+01 2.717086e+01
         vertex 3.528143e+01 5.709507e+01 2.313683e+01
         vertex 2.728143e+01 5.709507e+01 2.313683e+01
      endloop
   endfacet
   facet normal 1.000000e+00 0.000000e+00 0.000000e+00
      outer loop
         vertex 3.528143e+01 6.435727e+01 3.101749e+01
         vertex 3.528143e+01 6.284766e+01 2.944840e+01
         vertex 3.528143e+01 9.194248e+01 2.944840e+01
      endloop
   endfacet
   facet normal 1.000000e+00 0.000000e+00 0.000000e+00
      outer loop
         vertex 3.528143e+01 9.043287e+01 7.227932e+01
         vertex 3.528143e+01 9.194248e+01 7.384840e+01
         vertex 3.528143e+01 6.284766e+01 7.384840e+01
      endloop
   endfacet
   facet normal 1.000000e+00 0.000000e+00 0.000000e+00
      outer loop
         vertex 3.528143e+01 6.416566e+01 3.720539e+01
         vertex 3.528143e+01 6.507230e+01 3.522576e+01
         vertex 3.528143e+01 9.043287e+01 3.101749e+01
      endloop
   endfacet
   facet normal 1.000000e+00 0.000000e+00 0.000000e+00
      outer loop
         vertex 3.528143e+01 6.513969e+01 7.024738e+01
         vertex 3.528143e+01 9.222828e+01 3.867808e+01
         vertex 3.528143e+01 6.435727e+01 7.227932e+01
      endloop
   endfacet
   facet normal 1.000000e+00 0.000000e+00 0.000000e+00
      outer loop
         vertex 3.528143e+01 6.435727e+01 7.227932e+01
         vertex 3.528143e+01 9.222828e+01 3.867808e+01
         vertex 3.528143e+01 9.427788e+01 3.941299e+01
      endloop
   endfacet
   facet normal 1.000000e+00 -0.000000e+00 0.000000e+00
      outer loop
         vertex 3.528143e+01 1.077060e+02 6.914840e+01
         vertex 3.528143e+01 1.045062e+02 7.378399e+01
         vertex 3.528143e+01 9.645205e+01 3.929497e+01
      endloop
   endfacet
   facet normal 1.000000e+00 0.000000e+00 0.000000e+00
      outer loop
         vertex 3.528143e+01 9.062448e+01 3.720539e+01
         vertex 3.528143e+01 4.708418e+01 6.914840e+01
         vertex 3.528143e+01 4.466950e+01 6.405958e+01
      endloop
   endfacet
   facet normal 1.000000e+00 -0.000000e+00 0.000000e+00
      outer loop
         vertex 3.528143e+01 1.006044e+02 7.784628e+01
         vertex 3.528143e+01 9.769507e+01 8.015998e+01
         vertex 3.528143e+01 9.769507e+01 7.416068e+01
      endloop
   endfacet
   facet normal 1.000000e+00 0.000000e+00 -0.000000e+00
      outer loop
         vertex 3.528143e+01 9.043287e+01 3.101749e+01
         vertex 3.528143e+01 6.507230e+01 3.522576e+01
         vertex 3.528143e+01 9.194248e+01 2.944840e+01
      endloop
   endfacet
   facet normal 1.000000e+00 0.000000e+00 0.000000e+00
      outer loop
         vertex 3.528143e+01 9.194248e+01 2.944840e+01
         vertex 3.528143e+01 6.507230e+01 3.522576e+01
         vertex 3.528143e+01 6.513969e+01 3.304943e+01
      endloop
   endfacet
   facet normal 1.000000e+00 0.000000e+00 0.000000e+00
      outer loop
         vertex 3.528143e+01 9.194248e+01 2.944840e+01
         vertex 3.528143e+01 6.513969e+01 3.304943e+01
         vertex 3.528143e+01 6.435727e+01 3.101749e+01
      endloop
   endfacet
   facet normal 1.000000e+00 0.000000e+00 0.000000e+00
      outer loop
         vertex 3.528143e+01 1.121399e+02 4.742962e+01
         vertex 3.528143e+01 9.841005e+01 3.834251e+01
         vertex 3.528143e+01 1.110132e+02 4.191079e+01
      endloop
   endfacet
   facet normal 1.000000e+00 0.000000e+00 0.000000e+00
      outer loop
         vertex 3.528143e+01 1.110132e+02 4.191079e+01
         vertex 3.528143e+01 9.841005e+01 3.834251e+01
         vertex 3.528143e+01 9.984500e+01 3.670487e+01
      endloop
   endfacet
   facet normal 1.000000e+00 0.000000e+00 0.000000e+00
      outer loop
         vertex 3.528143e+01 1.110132e+02 4.191079e+01
         vertex 3.528143e+01 9.984500e+01 3.670487e+01
         vertex 3.528143e+01 1.090158e+02 3.664416e+01
      endloop
   endfacet
   facet normal 1.000000e+00 -0.000000e+00 0.000000e+00
      outer loop
         vertex 3.528143e+01 1.090158e+02 3.664416e+01
         vertex 3.528143e+01 9.984500e+01 3.670487e+01
         vertex 3.528143e+01 1.005320e+02 3.463873e+01
      endloop
   endfacet
   facet normal 1.000000e+00 0.000000e+00 0.000000e+00
      outer loop
         vertex 3.528143e+01 1.090158e+02 3.664416e+01
         vertex 3.528143e+01 1.005320e+02 3.463873e+01
         vertex 3.528143e+01 1.061995e+02 3.176614e+01
      endloop
   endfacet
   facet normal 1.000000e+00 0.000000e+00 0.000000e+00
      outer loop
         vertex 3.528143e+01 1.061995e+02 3.176614e+01
         vertex 3.528143e+01 1.005320e+02 3.463873e+01
         vertex 3.528143e+01 1.003634e+02 3.246789e+01
      endloop
   endfacet
   facet normal 1.000000e+00 -0.000000e+00 0.000000e+00
      outer loop
         vertex 3.528143e+01 1.061995e+02 3.176614e+01
         vertex 3.528143e+01 1.003634e+02 3.246789e+01
         vertex 3.528143e+01 1.026372e+02 2.740305e+01
      endloop
   endfacet
   facet normal 1.000000e+00 0.000000e+00 0.000000e+00
      outer loop
         vertex 3.528143e+01 1.026372e+02 2.740305e+01
         vertex 3.528143e+01 1.003634e+02 3.246789e+01
         vertex 3.528143e+01 9.936566e+01 3.053259e+01
      endloop
   endfacet
   facet normal 1.000000e+00 -0.000000e+00 0.000000e+00
      outer loop
         vertex 3.528143e+01 1.026372e+02 2.740305e+01
         vertex 3.528143e+01 9.936566e+01 3.053259e+01
         vertex 3.528143e+01 9.842105e+01 2.366791e+01
      endloop
   endfacet
   facet normal 1.000000e+00 0.000000e+00 0.000000e+00
      outer loop
         vertex 3.528143e+01 9.842105e+01 2.366791e+01
         vertex 3.528143e+01 9.936566e+01 3.053259e+01
         vertex 3.528143e+01 9.769507e+01 2.913613e+01
      endloop
   endfacet
   facet normal 1.000000e+00 -0.000000e+00 0.000000e+00
      outer loop
         vertex 3.528143e+01 9.842105e+01 2.366791e+01
         vertex 3.528143e+01 9.769507e+01 2.913613e+01
         vertex 3.528143e+01 9.769507e+01 2.313683e+01
      endloop
   endfacet
   facet normal 1.000000e+00 0.000000e+00 0.000000e+00
      outer loop
         vertex 3.528143e+01 5.638009e+01 3.834251e+01
         vertex 3.528143e+01 5.833809e+01 3.929497e+01
         vertex 3.528143e+01 4.265026e+01 4.742962e+01
      endloop
   endfacet
   facet normal 1.000000e+00 0.000000e+00 0.000000e+00
      outer loop
         vertex 3.528143e+01 4.265026e+01 4.742962e+01
         vertex 3.528143e+01 5.833809e+01 3.929497e+01
         vertex 3.528143e+01 6.051226e+01 3.941299e+01
      endloop
   endfacet
   facet normal 1.000000e+00 0.000000e+00 0.000000e+00
      outer loop
         vertex 3.528143e+01 5.028390e+01 7.378399e+01
         vertex 3.528143e+01 4.708418e+01 6.914840e+01
         vertex 3.528143e+01 5.425812e+01 6.865808e+01
      endloop
   endfacet
   facet normal 1.000000e+00 -0.000000e+00 0.000000e+00
      outer loop
         vertex 3.528143e+01 1.121399e+02 4.742962e+01
         vertex 3.528143e+01 1.123667e+02 5.305771e+01
         vertex 3.528143e+01 9.841005e+01 3.834251e+01
      endloop
   endfacet
   facet normal 1.000000e+00 0.000000e+00 0.000000e+00
      outer loop
         vertex 3.528143e+01 9.841005e+01 3.834251e+01
         vertex 3.528143e+01 1.123667e+02 5.305771e+01
         vertex 3.528143e+01 1.116877e+02 5.864930e+01
      endloop
   endfacet
   facet normal 1.000000e+00 0.000000e+00 0.000000e+00
      outer loop
         vertex 3.528143e+01 9.841005e+01 3.834251e+01
         vertex 3.528143e+01 1.116877e+02 5.864930e+01
         vertex 3.528143e+01 9.645205e+01 3.929497e+01
      endloop
   endfacet
   facet normal 1.000000e+00 0.000000e+00 0.000000e+00
      outer loop
         vertex 3.528143e+01 9.645205e+01 3.929497e+01
         vertex 3.528143e+01 1.116877e+02 5.864930e+01
         vertex 3.528143e+01 1.101206e+02 6.405958e+01
      endloop
   endfacet
   facet normal 1.000000e+00 0.000000e+00 0.000000e+00
      outer loop
         vertex 3.528143e+01 9.645205e+01 3.929497e+01
         vertex 3.528143e+01 1.101206e+02 6.405958e+01
         vertex 3.528143e+01 1.077060e+02 6.914840e+01
      endloop
   endfacet
   facet normal 1.000000e+00 0.000000e+00 0.000000e+00
      outer loop
         vertex 3.528143e+01 4.466950e+01 6.405958e+01
         vertex 3.528143e+01 4.310240e+01 5.864930e+01
         vertex 3.528143e+01 9.062448e+01 3.720539e+01
      endloop
   endfacet
   facet normal 1.000000e+00 0.000000e+00 0.000000e+00
      outer loop
         vertex 3.528143e+01 9.062448e+01 3.720539e+01
         vertex 3.528143e+01 4.310240e+01 5.864930e+01
         vertex 3.528143e+01 4.242346e+01 5.305771e+01
      endloop
   endfacet
   facet normal 1.000000e+00 -0.000000e+00 0.000000e+00
      outer loop
         vertex 3.528143e+01 9.062448e+01 3.720539e+01
         vertex 3.528143e+01 4.242346e+01 5.305771e+01
         vertex 3.528143e+01 8.971784e+01 3.522576e+01
      endloop
   endfacet
   facet normal 1.000000e+00 0.000000e+00 0.000000e+00
      outer loop
         vertex 3.528143e+01 8.971784e+01 3.522576e+01
         vertex 3.528143e+01 4.242346e+01 5.305771e+01
         vertex 3.528143e+01 4.265026e+01 4.742962e+01
      endloop
   endfacet
   facet normal 1.000000e+00 -0.000000e+00 0.000000e+00
      outer loop
         vertex 3.528143e+01 8.971784e+01 3.522576e+01
         vertex 3.528143e+01 4.265026e+01 4.742962e+01
         vertex 3.528143e+01 8.965045e+01 3.304943e+01
      endloop
   endfacet
   facet normal 1.000000e+00 0.000000e+00 0.000000e+00
      outer loop
         vertex 3.528143e+01 8.965045e+01 3.304943e+01
         vertex 3.528143e+01 4.265026e+01 4.742962e+01
         vertex 3.528143e+01 6.051226e+01 3.941299e+01
      endloop
   endfacet
   facet normal 1.000000e+00 0.000000e+00 -0.000000e+00
      outer loop
         vertex 3.528143e+01 8.965045e+01 3.304943e+01
         vertex 3.528143e+01 6.051226e+01 3.941299e+01
         vertex 3.528143e+01 9.043287e+01 3.101749e+01
      endloop
   endfacet
   facet normal 1.000000e+00 0.000000e+00 0.000000e+00
      outer loop
         vertex 3.528143e+01 9.043287e+01 3.101749e+01
         vertex 3.528143e+01 6.051226e+01 3.941299e+01
         vertex 3.528143e+01 6.256186e+01 3.867808e+01
      endloop
   endfacet
   facet normal 1.000000e+00 0.000000e+00 0.000000e+00
      outer loop
         vertex 3.528143e+01 9.043287e+01 3.101749e+01
         vertex 3.528143e+01 6.256186e+01 3.867808e+01
         vertex 3.528143e+01 6.416566e+01 3.720539e+01
      endloop
   endfacet
   facet normal 1.000000e+00 0.000000e+00 -0.000000e+00
      outer loop
         vertex 3.528143e+01 6.051226e+01 6.388381e+01
         vertex 3.528143e+01 5.833809e+01 6.400184e+01
         vertex 3.528143e+01 9.062448e+01 3.720539e+01
      endloop
   endfacet
   facet normal 1.000000e+00 0.000000e+00 0.000000e+00
      outer loop
         vertex 3.528143e+01 9.062448e+01 3.720539e+01
         vertex 3.528143e+01 5.833809e+01 6.400184e+01
         vertex 3.528143e+01 5.638009e+01 6.495430e+01
      endloop
   endfacet
   facet normal 1.000000e+00 0.000000e+00 0.000000e+00
      outer loop
         vertex 3.528143e+01 9.062448e+01 3.720539e+01
         vertex 3.528143e+01 5.638009e+01 6.495430e+01
         vertex 3.528143e+01 4.708418e+01 6.914840e+01
      endloop
   endfacet
   facet normal 1.000000e+00 0.000000e+00 0.000000e+00
      outer loop
         vertex 3.528143e+01 4.708418e+01 6.914840e+01
         vertex 3.528143e+01 5.638009e+01 6.495430e+01
         vertex 3.528143e+01 5.494514e+01 6.659194e+01
      endloop
   endfacet
   facet normal 1.000000e+00 0.000000e+00 0.000000e+00
      outer loop
         vertex 3.528143e+01 4.708418e+01 6.914840e+01
         vertex 3.528143e+01 5.494514e+01 6.659194e+01
         vertex 3.528143e+01 5.425812e+01 6.865808e+01
      endloop
   endfacet
   facet normal 1.000000e+00 0.000000e+00 0.000000e+00
      outer loop
         vertex 3.528143e+01 5.425812e+01 6.865808e+01
         vertex 3.528143e+01 5.442671e+01 7.082892e+01
         vertex 3.528143e+01 5.028390e+01 7.378399e+01
      endloop
   endfacet
   facet normal 1.000000e+00 0.000000e+00 0.000000e+00
      outer loop
         vertex 3.528143e+01 5.028390e+01 7.378399e+01
         vertex 3.528143e+01 5.442671e+01 7.082892e+01
         vertex 3.528143e+01 5.542448e+01 7.276422e+01
      endloop
   endfacet
   facet normal 1.000000e+00 0.000000e+00 0.000000e+00
      outer loop
         vertex 3.528143e+01 5.028390e+01 7.378399e+01
         vertex 3.528143e+01 5.542448e+01 7.276422e+01
         vertex 3.528143e+01 5.418578e+01 7.784628e+01
      endloop
   endfacet
   facet normal 1.000000e+00 0.000000e+00 0.000000e+00
      outer loop
         vertex 3.528143e+01 5.418578e+01 7.784628e+01
         vertex 3.528143e+01 5.542448e+01 7.276422e+01
         vertex 3.528143e+01 5.709507e+01 7.416068e+01
      endloop
   endfacet
   facet normal 1.000000e+00 0.000000e+00 0.000000e+00
      outer loop
         vertex 3.528143e+01 5.418578e+01 7.784628e+01
         vertex 3.528143e+01 5.709507e+01 7.416068e+01
         vertex 3.528143e+01 5.709507e+01 8.015998e+01
      endloop
   endfacet
   facet normal 1.000000e+00 0.000000e+00 0.000000e+00
      outer loop
         vertex 3.528143e+01 1.006044e+02 7.784628e+01
         vertex 3.528143e+01 9.769507e+01 7.416068e+01
         vertex 3.528143e+01 1.045062e+02 7.378399e+01
      endloop
   endfacet
   facet normal 1.000000e+00 -0.000000e+00 0.000000e+00
      outer loop
         vertex 3.528143e+01 1.045062e+02 7.378399e+01
         vertex 3.528143e+01 9.769507e+01 7.416068e+01
         vertex 3.528143e+01 9.936566e+01 7.276422e+01
      endloop
   endfacet
   facet normal 1.000000e+00 0.000000e+00 0.000000e+00
      outer loop
         vertex 3.528143e+01 1.045062e+02 7.378399e+01
         vertex 3.528143e+01 9.936566e+01 7.276422e+01
         vertex 3.528143e+01 1.003634e+02 7.082892e+01
      endloop
   endfacet
   facet normal 1.000000e+00 0.000000e+00 0.000000e+00
      outer loop
         vertex 3.528143e+01 6.513969e+01 7.024738e+01
         vertex 3.528143e+01 6.507230e+01 6.807105e+01
         vertex 3.528143e+01 9.222828e+01 3.867808e+01
      endloop
   endfacet
   facet normal 1.000000e+00 0.000000e+00 0.000000e+00
      outer loop
         vertex 3.528143e+01 9.222828e+01 3.867808e+01
         vertex 3.528143e+01 6.507230e+01 6.807105e+01
         vertex 3.528143e+01 6.416566e+01 6.609141e+01
      endloop
   endfacet
   facet normal 1.000000e+00 -0.000000e+00 0.000000e+00
      outer loop
         vertex 3.528143e+01 9.222828e+01 3.867808e+01
         vertex 3.528143e+01 6.416566e+01 6.609141e+01
         vertex 3.528143e+01 9.062448e+01 3.720539e+01
      endloop
   endfacet
   facet normal 1.000000e+00 0.000000e+00 0.000000e+00
      outer loop
         vertex 3.528143e+01 9.062448e+01 3.720539e+01
         vertex 3.528143e+01 6.416566e+01 6.609141e+01
         vertex 3.528143e+01 6.256186e+01 6.461873e+01
      endloop
   endfacet
   facet normal 1.000000e+00 0.000000e+00 0.000000e+00
      outer loop
         vertex 3.528143e+01 9.062448e+01 3.720539e+01
         vertex 3.528143e+01 6.256186e+01 6.461873e+01
         vertex 3.528143e+01 6.051226e+01 6.388381e+01
      endloop
   endfacet
   facet normal 1.000000e+00 0.000000e+00 0.000000e+00
      outer loop
         vertex 3.528143e+01 9.427788e+01 3.941299e+01
         vertex 3.528143e+01 9.645205e+01 3.929497e+01
         vertex 3.528143e+01 9.645205e+01 6.400184e+01
      endloop
   endfacet
   facet normal 1.000000e+00 0.000000e+00 0.000000e+00
      outer loop
         vertex 3.528143e+01 6.435727e+01 7.227932e+01
         vertex 3.528143e+01 8.971784e+01 6.807105e+01
         vertex 3.528143e+01 6.284766e+01 7.384840e+01
      endloop
   endfacet
   facet normal 1.000000e+00 0.000000e+00 0.000000e+00
      outer loop
         vertex 3.528143e+01 6.284766e+01 7.384840e+01
         vertex 3.528143e+01 8.971784e+01 6.807105e+01
         vertex 3.528143e+01 8.965045e+01 7.024738e+01
      endloop
   endfacet
   facet normal 1.000000e+00 0.000000e+00 0.000000e+00
      outer loop
         vertex 3.528143e+01 6.284766e+01 7.384840e+01
         vertex 3.528143e+01 8.965045e+01 7.024738e+01
         vertex 3.528143e+01 9.043287e+01 7.227932e+01
      endloop
   endfacet
   facet normal 1.000000e+00 -0.000000e+00 0.000000e+00
      outer loop
         vertex 3.528143e+01 5.638009e+01 3.834251e+01
         vertex 3.528143e+01 4.265026e+01 4.742962e+01
         vertex 3.528143e+01 5.494514e+01 3.670487e+01
      endloop
   endfacet
   facet normal 1.000000e+00 0.000000e+00 0.000000e+00
      outer loop
         vertex 3.528143e+01 5.494514e+01 3.670487e+01
         vertex 3.528143e+01 4.265026e+01 4.742962e+01
         vertex 3.528143e+01 4.377694e+01 4.191079e+01
      endloop
   endfacet
   facet normal 1.000000e+00 -0.000000e+00 0.000000e+00
      outer loop
         vertex 3.528143e+01 5.494514e+01 3.670487e+01
         vertex 3.528143e+01 4.377694e+01 4.191079e+01
         vertex 3.528143e+01 5.425812e+01 3.463873e+01
      endloop
   endfacet
   facet normal 1.000000e+00 0.000000e+00 0.000000e+00
      outer loop
         vertex 3.528143e+01 5.425812e+01 3.463873e+01
         vertex 3.528143e+01 4.377694e+01 4.191079e+01
         vertex 3.528143e+01 4.577430e+01 3.664416e+01
      endloop
   endfacet
   facet normal 1.000000e+00 0.000000e+00 -0.000000e+00
      outer loop
         vertex 3.528143e+01 5.425812e+01 3.463873e+01
         vertex 3.528143e+01 4.577430e+01 3.664416e+01
         vertex 3.528143e+01 5.442671e+01 3.246789e+01
      endloop
   endfacet
   facet normal 1.000000e+00 -0.000000e+00 0.000000e+00
      outer loop
         vertex 3.528143e+01 5.442671e+01 3.246789e+01
         vertex 3.528143e+01 4.577430e+01 3.664416e+01
         vertex 3.528143e+01 4.859064e+01 3.176614e+01
      endloop
   endfacet
   facet normal 1.000000e+00 0.000000e+00 0.000000e+00
      outer loop
         vertex 3.528143e+01 5.442671e+01 3.246789e+01
         vertex 3.528143e+01 4.859064e+01 3.176614e+01
         vertex 3.528143e+01 5.542448e+01 3.053259e+01
      endloop
   endfacet
   facet normal 1.000000e+00 -0.000000e+00 0.000000e+00
      outer loop
         vertex 3.528143e+01 5.542448e+01 3.053259e+01
         vertex 3.528143e+01 4.859064e+01 3.176614e+01
         vertex 3.528143e+01 5.215298e+01 2.740305e+01
      endloop
   endfacet
   facet normal 1.000000e+00 0.000000e+00 0.000000e+00
      outer loop
         vertex 3.528143e+01 5.542448e+01 3.053259e+01
         vertex 3.528143e+01 5.215298e+01 2.740305e+01
         vertex 3.528143e+01 5.709507e+01 2.913613e+01
      endloop
   endfacet
   facet normal 1.000000e+00 0.000000e+00 0.000000e+00
      outer loop
         vertex 3.528143e+01 5.709507e+01 2.913613e+01
         vertex 3.528143e+01 5.215298e+01 2.740305e+01
         vertex 3.528143e+01 5.636909e+01 2.366791e+01
      endloop
   endfacet
   facet normal 1.000000e+00 0.000000e+00 0.000000e+00
      outer loop
         vertex 3.528143e+01 5.709507e+01 2.913613e+01
         vertex 3.528143e+01 5.636909e+01 2.366791e+01
         vertex 3.528143e+01 5.709507e+01 2.313683e+01
      endloop
   endfacet
   facet normal 1.000000e+00 0.000000e+00 0.000000e+00
      outer loop
         vertex 3.528143e+01 1.003634e+02 7.082892e+01
         vertex 3.528143e+01 1.005320e+02 6.865808e+01
         vertex 3.528143e+01 1.045062e+02 7.378399e+01
      endloop
   endfacet
   facet normal 1.000000e+00 0.000000e+00 0.000000e+00
      outer loop
         vertex 3.528143e+01 1.045062e+02 7.378399e+01
         vertex 3.528143e+01 1.005320e+02 6.865808e+01
         vertex 3.528143e+01 9.984500e+01 6.659194e+01
      endloop
   endfacet
   facet normal 1.000000e+00 0.000000e+00 0.000000e+00
      outer loop
         vertex 3.528143e+01 1.045062e+02 7.378399e+01
         vertex 3.528143e+01 9.984500e+01 6.659194e+01
         vertex 3.528143e+01 9.645205e+01 3.929497e+01
      endloop
   endfacet
   facet normal 1.000000e+00 0.000000e+00 0.000000e+00
      outer loop
         vertex 3.528143e+01 9.645205e+01 3.929497e+01
         vertex 3.528143e+01 9.984500e+01 6.659194e+01
         vertex 3.528143e+01 9.841005e+01 6.495430e+01
      endloop
   endfacet
   facet normal 1.000000e+00 0.000000e+00 0.000000e+00
      outer loop
         vertex 3.528143e+01 9.645205e+01 3.929497e+01
         vertex 3.528143e+01 9.841005e+01 6.495430e+01
         vertex 3.528143e+01 9.645205e+01 6.400184e+01
      endloop
   endfacet
   facet normal 1.000000e+00 0.000000e+00 0.000000e+00
      outer loop
         vertex 3.528143e+01 9.645205e+01 6.400184e+01
         vertex 3.528143e+01 9.427788e+01 6.388381e+01
         vertex 3.528143e+01 9.427788e+01 3.941299e+01
      endloop
   endfacet
   facet normal 1.000000e+00 0.000000e+00 0.000000e+00
      outer loop
         vertex 3.528143e+01 9.427788e+01 3.941299e+01
         vertex 3.528143e+01 9.427788e+01 6.388381e+01
         vertex 3.528143e+01 9.222828e+01 6.461873e+01
      endloop
   endfacet
   facet normal 1.000000e+00 0.000000e+00 0.000000e+00
      outer loop
         vertex 3.528143e+01 9.427788e+01 3.941299e+01
         vertex 3.528143e+01 9.222828e+01 6.461873e+01
         vertex 3.528143e+01 6.435727e+01 7.227932e+01
      endloop
   endfacet
   facet normal 1.000000e+00 0.000000e+00 0.000000e+00
      outer loop
         vertex 3.528143e+01 6.435727e+01 7.227932e+01
         vertex 3.528143e+01 9.222828e+01 6.461873e+01
         vertex 3.528143e+01 9.062448e+01 6.609141e+01
      endloop
   endfacet
   facet normal 1.000000e+00 0.000000e+00 0.000000e+00
      outer loop
         vertex 3.528143e+01 6.435727e+01 7.227932e+01
         vertex 3.528143e+01 9.062448e+01 6.609141e+01
         vertex 3.528143e+01 8.971784e+01 6.807105e+01
      endloop
   endfacet
   facet normal 1.000000e+00 -0.000000e+00 0.000000e+00
      outer loop
         vertex 2.728143e+01 5.741767e+01 2.690687e+01
         vertex 2.728143e+01 5.709507e+01 2.717086e+01
         vertex 2.728143e+01 5.709507e+01 2.313683e+01
      endloop
   endfacet
   facet normal 1.000000e+00 0.000000e+00 0.000000e+00
      outer loop
         vertex 2.728143e+01 5.741767e+01 2.690687e+01
         vertex 2.728143e+01 5.709507e+01 2.313683e+01
         vertex 2.728143e+01 6.188637e+01 2.388656e+01
      endloop
   endfacet
   facet normal 1.000000e+00 0.000000e+00 0.000000e+00
      outer loop
         vertex 2.728143e+01 6.188637e+01 2.388656e+01
         vertex 2.728143e+01 5.709507e+01 2.313683e+01
         vertex 2.728143e+01 6.112976e+01 2.065744e+01
      endloop
   endfacet
   facet normal 1.000000e+00 0.000000e+00 0.000000e+00
      outer loop
         vertex 2.728143e+01 6.188637e+01 2.388656e+01
         vertex 2.728143e+01 6.112976e+01 2.065744e+01
         vertex 2.728143e+01 6.680122e+01 2.166490e+01
      endloop
   endfacet
   facet normal 1.000000e+00 0.000000e+00 0.000000e+00
      outer loop
         vertex 2.728143e+01 6.680122e+01 2.166490e+01
         vertex 2.728143e+01 6.112976e+01 2.065744e+01
         vertex 2.728143e+01 6.631169e+01 1.844963e+01
      endloop
   endfacet
   facet normal 1.000000e+00 0.000000e+00 0.000000e+00
      outer loop
         vertex 2.728143e+01 6.680122e+01 2.166490e+01
         vertex 2.728143e+01 6.631169e+01 1.844963e+01
         vertex 2.728143e+01 7.202084e+01 2.030582e+01
      endloop
   endfacet
   facet normal 1.000000e+00 0.000000e+00 0.000000e+00
      outer loop
         vertex 2.728143e+01 7.202084e+01 2.030582e+01
         vertex 2.728143e+01 6.631169e+01 1.844963e+01
         vertex 2.728143e+01 7.178068e+01 1.710165e+01
      endloop
   endfacet
   facet normal 1.000000e+00 0.000000e+00 0.000000e+00
      outer loop
         vertex 2.728143e+01 7.202084e+01 2.030582e+01
         vertex 2.728143e+01 7.178068e+01 1.710165e+01
         vertex 2.728143e+01 7.739507e+01 1.984840e+01
      endloop
   endfacet
   facet normal 1.000000e+00 0.000000e+00 0.000000e+00
      outer loop
         vertex 2.728143e+01 7.739507e+01 1.984840e+01
         vertex 2.728143e+01 7.178068e+01 1.710165e+01
         vertex 2.728143e+01 7.739507e+01 1.664840e+01
      endloop
   endfacet
   facet normal 1.000000e+00 0.000000e+00 0.000000e+00
      outer loop
         vertex 2.728143e+01 7.739507e+01 1.984840e+01
         vertex 2.728143e+01 7.739507e+01 1.664840e+01
         vertex 2.728143e+01 8.276930e+01 2.030582e+01
      endloop
   endfacet
   facet normal 1.000000e+00 0.000000e+00 0.000000e+00
      outer loop
         vertex 2.728143e+01 8.276930e+01 2.030582e+01
         vertex 2.728143e+01 7.739507e+01 1.664840e+01
         vertex 2.728143e+01 8.300946e+01 1.710165e+01
      endloop
   endfacet
   facet normal 1.000000e+00 0.000000e+00 0.000000e+00
      outer loop
         vertex 2.728143e+01 8.276930e+01 2.030582e+01
         vertex 2.728143e+01 8.300946e+01 1.710165e+01
         vertex 2.728143e+01 8.798892e+01 2.166490e+01
      endloop
   endfacet
   facet normal 1.000000e+00 0.000000e+00 0.000000e+00
      outer loop
         vertex 2.728143e+01 8.798892e+01 2.166490e+01
         vertex 2.728143e+01 8.300946e+01 1.710165e+01
         vertex 2.728143e+01 8.847845e+01 1.844963e+01
      endloop
   endfacet
   facet normal 1.000000e+00 0.000000e+00 0.000000e+00
      outer loop
         vertex 2.728143e+01 8.798892e+01 2.166490e+01
         vertex 2.728143e+01 8.847845e+01 1.844963e+01
         vertex 2.728143e+01 9.290377e+01 2.388656e+01
      endloop
   endfacet
   facet normal 1.000000e+00 0.000000e+00 0.000000e+00
      outer loop
         vertex 2.728143e+01 9.290377e+01 2.388656e+01
         vertex 2.728143e+01 8.847845e+01 1.844963e+01
         vertex 2.728143e+01 9.366038e+01 2.065744e+01
      endloop
   endfacet
   facet normal 1.000000e+00 0.000000e+00 0.000000e+00
      outer loop
         vertex 2.728143e+01 9.290377e+01 2.388656e+01
         vertex 2.728143e+01 9.366038e+01 2.065744e+01
         vertex 2.728143e+01 9.737247e+01 2.690687e+01
      endloop
   endfacet
   facet normal 1.000000e+00 0.000000e+00 0.000000e+00
      outer loop
         vertex 2.728143e+01 9.737247e+01 2.690687e+01
         vertex 2.728143e+01 9.366038e+01 2.065744e+01
         vertex 2.728143e+01 9.769507e+01 2.313683e+01
      endloop
   endfacet
   facet normal 1.000000e+00 0.000000e+00 0.000000e+00
      outer loop
         vertex 2.728143e+01 9.737247e+01 2.690687e+01
         vertex 2.728143e+01 9.769507e+01 2.313683e+01
         vertex 2.728143e+01 9.769507e+01 2.717086e+01
      endloop
   endfacet
   facet normal 1.000000e+00 -0.000000e+00 0.000000e+00
      outer loop
         vertex 2.728143e+01 6.429661e+01 8.062547e+01
         vertex 2.728143e+01 5.868877e+01 8.123006e+01
         vertex 2.728143e+01 5.958787e+01 7.799501e+01
      endloop
   endfacet
   facet normal 1.000000e+00 0.000000e+00 0.000000e+00
      outer loop
         vertex 2.728143e+01 5.958787e+01 7.799501e+01
         vertex 2.728143e+01 5.868877e+01 8.123006e+01
         vertex 2.728143e+01 5.709507e+01 8.015998e+01
      endloop
   endfacet
   facet normal 1.000000e+00 -0.000000e+00 0.000000e+00
      outer loop
         vertex 2.728143e+01 5.958787e+01 7.799501e+01
         vertex 2.728143e+01 5.709507e+01 8.015998e+01
         vertex 2.728143e+01 5.709507e+01 7.612595e+01
      endloop
   endfacet
   facet normal 1.000000e+00 0.000000e+00 0.000000e+00
      outer loop
         vertex 2.728143e+01 9.769507e+01 7.612595e+01
         vertex 2.728143e+01 9.769507e+01 8.015998e+01
         vertex 2.728143e+01 9.520227e+01 7.799501e+01
      endloop
   endfacet
   facet normal 1.000000e+00 0.000000e+00 0.000000e+00
      outer loop
         vertex 2.728143e+01 9.520227e+01 7.799501e+01
         vertex 2.728143e+01 9.769507e+01 8.015998e+01
         vertex 2.728143e+01 9.610137e+01 8.123006e+01
      endloop
   endfacet
   facet normal 1.000000e+00 0.000000e+00 0.000000e+00
      outer loop
         vertex 2.728143e+01 9.520227e+01 7.799501e+01
         vertex 2.728143e+01 9.610137e+01 8.123006e+01
         vertex 2.728143e+01 9.049353e+01 8.062547e+01
      endloop
   endfacet
   facet normal 1.000000e+00 0.000000e+00 0.000000e+00
      outer loop
         vertex 2.728143e+01 9.049353e+01 8.062547e+01
         vertex 2.728143e+01 9.610137e+01 8.123006e+01
         vertex 2.728143e+01 9.111390e+01 8.384769e+01
      endloop
   endfacet
   facet normal 1.000000e+00 0.000000e+00 0.000000e+00
      outer loop
         vertex 2.728143e+01 9.049353e+01 8.062547e+01
         vertex 2.728143e+01 9.111390e+01 8.384769e+01
         vertex 2.728143e+01 8.540797e+01 8.242231e+01
      endloop
   endfacet
   facet normal 1.000000e+00 0.000000e+00 0.000000e+00
      outer loop
         vertex 2.728143e+01 8.540797e+01 8.242231e+01
         vertex 2.728143e+01 9.111390e+01 8.384769e+01
         vertex 2.728143e+01 8.577112e+01 8.563137e+01
      endloop
   endfacet
   facet normal 1.000000e+00 0.000000e+00 0.000000e+00
      outer loop
         vertex 2.728143e+01 8.540797e+01 8.242231e+01
         vertex 2.728143e+01 8.577112e+01 8.563137e+01
         vertex 2.728143e+01 8.009190e+01 8.333385e+01
      endloop
   endfacet
   facet normal 1.000000e+00 0.000000e+00 0.000000e+00
      outer loop
         vertex 2.728143e+01 8.009190e+01 8.333385e+01
         vertex 2.728143e+01 8.577112e+01 8.563137e+01
         vertex 2.728143e+01 8.021140e+01 8.653491e+01
      endloop
   endfacet
   facet normal 1.000000e+00 0.000000e+00 0.000000e+00
      outer loop
         vertex 2.728143e+01 8.009190e+01 8.333385e+01
         vertex 2.728143e+01 8.021140e+01 8.653491e+01
         vertex 2.728143e+01 7.469824e+01 8.333385e+01
      endloop
   endfacet
   facet normal 1.000000e+00 0.000000e+00 0.000000e+00
      outer loop
         vertex 2.728143e+01 7.469824e+01 8.333385e+01
         vertex 2.728143e+01 8.021140e+01 8.653491e+01
         vertex 2.728143e+01 7.457874e+01 8.653491e+01
      endloop
   endfacet
   facet normal 1.000000e+00 -0.000000e+00 0.000000e+00
      outer loop
         vertex 2.728143e+01 7.469824e+01 8.333385e+01
         vertex 2.728143e+01 7.457874e+01 8.653491e+01
         vertex 2.728143e+01 6.938217e+01 8.242231e+01
      endloop
   endfacet
   facet normal 1.000000e+00 0.000000e+00 0.000000e+00
      outer loop
         vertex 2.728143e+01 6.938217e+01 8.242231e+01
         vertex 2.728143e+01 7.457874e+01 8.653491e+01
         vertex 2.728143e+01 6.901902e+01 8.563137e+01
      endloop
   endfacet
   facet normal 1.000000e+00 -0.000000e+00 0.000000e+00
      outer loop
         vertex 2.728143e+01 6.938217e+01 8.242231e+01
         vertex 2.728143e+01 6.901902e+01 8.563137e+01
         vertex 2.728143e+01 6.429661e+01 8.062547e+01
      endloop
   endfacet
   facet normal 1.000000e+00 0.000000e+00 0.000000e+00
      outer loop
         vertex 2.728143e+01 6.429661e+01 8.062547e+01
         vertex 2.728143e+01 6.901902e+01 8.563137e+01
         vertex 2.728143e+01 6.367624e+01 8.384769e+01
      endloop
   endfacet
   facet normal 1.000000e+00 0.000000e+00 0.000000e+00
      outer loop
         vertex 2.728143e+01 6.429661e+01 8.062547e+01
         vertex 2.728143e+01 6.367624e+01 8.384769e+01
         vertex 2.728143e+01 5.868877e+01 8.123006e+01
      endloop
   endfacet
   facet normal 5.932420e-03 -6.919268e-01 7.219433e-01
      outer loop
         vertex 2.178143e+01 9.737247e+01 2.690687e+01
         vertex 2.728143e+01 9.769507e+01 2.717086e+01
         vertex 2.178143e+01 1.012664e+02 3.063895e+01
      endloop
   endfacet
   facet normal 0.000000e+00 -6.966561e-01 7.174052e-01
      outer loop
         vertex 2.178143e+01 1.012664e+02 3.063895e+01
         vertex 2.728143e+01 9.769507e+01 2.717086e+01
         vertex 2.728143e+01 1.012664e+02 3.063895e+01
      endloop
   endfacet
   facet normal 0.000000e+00 -8.039972e-01 5.946331e-01
      outer loop
         vertex 2.178143e+01 1.012664e+02 3.063895e+01
         vertex 2.728143e+01 1.012664e+02 3.063895e+01
         vertex 2.178143e+01 1.044737e+02 3.497543e+01
      endloop
   endfacet
   facet normal 0.000000e+00 -8.039972e-01 5.946331e-01
      outer loop
         vertex 2.178143e+01 1.044737e+02 3.497543e+01
         vertex 2.728143e+01 1.012664e+02 3.063895e+01
         vertex 2.728143e+01 1.044737e+02 3.497543e+01
      endloop
   endfacet
   facet normal 0.000000e+00 -8.929258e-01 4.502039e-01
      outer loop
         vertex 2.178143e+01 1.044737e+02 3.497543e+01
         vertex 2.728143e+01 1.044737e+02 3.497543e+01
         vertex 2.178143e+01 1.069019e+02 3.979157e+01
      endloop
   endfacet
   facet normal 0.000000e+00 -8.929258e-01 4.502039e-01
      outer loop
         vertex 2.178143e+01 1.069019e+02 3.979157e+01
         vertex 2.728143e+01 1.044737e+02 3.497543e+01
         vertex 2.728143e+01 1.069019e+02 3.979157e+01
      endloop
   endfacet
   facet normal 0.000000e+00 -9.561668e-01 2.928227e-01
      outer loop
         vertex 2.178143e+01 1.069019e+02 3.979157e+01
         vertex 2.728143e+01 1.069019e+02 3.979157e+01
         vertex 2.178143e+01 1.084813e+02 4.494880e+01
      endloop
   endfacet
   facet normal 0.000000e+00 -9.561668e-01 2.928227e-01
      outer loop
         vertex 2.178143e+01 1.084813e+02 4.494880e+01
         vertex 2.728143e+01 1.069019e+02 3.979157e+01
         vertex 2.728143e+01 1.084813e+02 4.494880e+01
      endloop
   endfacet
   facet normal 0.000000e+00 -9.919004e-01 1.270178e-01
      outer loop
         vertex 2.178143e+01 1.084813e+02 4.494880e+01
         vertex 2.728143e+01 1.084813e+02 4.494880e+01
         vertex 2.178143e+01 1.091664e+02 5.029877e+01
      endloop
   endfacet
   facet normal 0.000000e+00 -9.919004e-01 1.270178e-01
      outer loop
         vertex 2.178143e+01 1.091664e+02 5.029877e+01
         vertex 2.728143e+01 1.084813e+02 4.494880e+01
         vertex 2.728143e+01 1.091664e+02 5.029877e+01
      endloop
   endfacet
   facet normal 0.000000e+00 -9.990990e-01 -4.244090e-02
      outer loop
         vertex 2.178143e+01 1.091664e+02 5.029877e+01
         vertex 2.728143e+01 1.091664e+02 5.029877e+01
         vertex 2.178143e+01 1.089375e+02 5.568757e+01
      endloop
   endfacet
   facet normal 0.000000e+00 -9.990990e-01 -4.244090e-02
      outer loop
         vertex 2.178143e+01 1.089375e+02 5.568757e+01
         vertex 2.728143e+01 1.091664e+02 5.029877e+01
         vertex 2.728143e+01 1.089375e+02 5.568757e+01
      endloop
   endfacet
   facet normal 0.000000e+00 -9.775552e-01 -2.106794e-01
      outer loop
         vertex 2.178143e+01 1.089375e+02 5.568757e+01
         vertex 2.728143e+01 1.089375e+02 5.568757e+01
         vertex 2.178143e+01 1.078012e+02 6.096017e+01
      endloop
   endfacet
   facet normal 0.000000e+00 -9.775552e-01 -2.106794e-01
      outer loop
         vertex 2.178143e+01 1.078012e+02 6.096017e+01
         vertex 2.728143e+01 1.089375e+02 5.568757e+01
         vertex 2.728143e+01 1.078012e+02 6.096017e+01
      endloop
   endfacet
   facet normal 0.000000e+00 -9.278890e-01 -3.728567e-01
      outer loop
         vertex 2.178143e+01 1.078012e+02 6.096017e+01
         vertex 2.728143e+01 1.078012e+02 6.096017e+01
         vertex 2.178143e+01 1.057901e+02 6.596488e+01
      endloop
   endfacet
   facet normal 0.000000e+00 -9.278890e-01 -3.728567e-01
      outer loop
         vertex 2.178143e+01 1.057901e+02 6.596488e+01
         vertex 2.728143e+01 1.078012e+02 6.096017e+01
         vertex 2.728143e+01 1.057901e+02 6.596488e+01
      endloop
   endfacet
   facet normal 0.000000e+00 -8.515292e-01 -5.243072e-01
      outer loop
         vertex 2.178143e+01 1.057901e+02 6.596488e+01
         vertex 2.728143e+01 1.057901e+02 6.596488e+01
         vertex 2.178143e+01 1.029622e+02 7.055774e+01
      endloop
   endfacet
   facet normal 0.000000e+00 -8.515292e-01 -5.243072e-01
      outer loop
         vertex 2.178143e+01 1.029622e+02 7.055774e+01
         vertex 2.728143e+01 1.057901e+02 6.596488e+01
         vertex 2.728143e+01 1.029622e+02 7.055774e+01
      endloop
   endfacet
   facet normal 0.000000e+00 -7.506723e-01 -6.606747e-01
      outer loop
         vertex 2.178143e+01 1.029622e+02 7.055774e+01
         vertex 2.728143e+01 1.029622e+02 7.055774e+01
         vertex 2.178143e+01 9.939873e+01 7.460661e+01
      endloop
   endfacet
   facet normal -0.000000e+00 -7.506723e-01 -6.606747e-01
      outer loop
         vertex 2.728143e+01 1.029622e+02 7.055774e+01
         vertex 2.728143e+01 9.939873e+01 7.460661e+01
         vertex 2.178143e+01 9.939873e+01 7.460661e+01
      endloop
   endfacet
   facet normal 0.000000e+00 -6.655809e-01 -7.463257e-01
      outer loop
         vertex 2.178143e+01 9.939873e+01 7.460661e+01
         vertex 2.728143e+01 9.939873e+01 7.460661e+01
         vertex 2.728143e+01 9.769507e+01 7.612595e+01
      endloop
   endfacet
   facet normal 2.032822e-02 -6.280902e-01 -7.778750e-01
      outer loop
         vertex 2.178143e+01 9.939873e+01 7.460661e+01
         vertex 2.728143e+01 9.769507e+01 7.612595e+01
         vertex 2.178143e+01 9.520227e+01 7.799501e+01
      endloop
   endfacet
   facet normal 0.000000e+00 -5.998899e-01 -8.000826e-01
      outer loop
         vertex 2.178143e+01 9.520227e+01 7.799501e+01
         vertex 2.728143e+01 9.769507e+01 7.612595e+01
         vertex 2.728143e+01 9.520227e+01 7.799501e+01
      endloop
   endfacet
   facet normal 0.000000e+00 -4.876949e-01 -8.730141e-01
      outer loop
         vertex 2.178143e+01 9.520227e+01 7.799501e+01
         vertex 2.728143e+01 9.520227e+01 7.799501e+01
         vertex 2.178143e+01 9.049353e+01 8.062547e+01
      endloop
   endfacet
   facet normal 0.000000e+00 -4.876949e-01 -8.730141e-01
      outer loop
         vertex 2.178143e+01 9.049353e+01 8.062547e+01
         vertex 2.728143e+01 9.520227e+01 7.799501e+01
         vertex 2.728143e+01 9.049353e+01 8.062547e+01
      endloop
   endfacet
   facet normal 0.000000e+00 -3.331398e-01 -9.428775e-01
      outer loop
         vertex 2.178143e+01 9.049353e+01 8.062547e+01
         vertex 2.728143e+01 9.049353e+01 8.062547e+01
         vertex 2.178143e+01 8.540797e+01 8.242231e+01
      endloop
   endfacet
   facet normal 0.000000e+00 -3.331398e-01 -9.428775e-01
      outer loop
         vertex 2.178143e+01 8.540797e+01 8.242231e+01
         vertex 2.728143e+01 9.049353e+01 8.062547e+01
         vertex 2.728143e+01 8.540797e+01 8.242231e+01
      endloop
   endfacet
   facet normal 0.000000e+00 -1.690011e-01 -9.856159e-01
      outer loop
         vertex 2.178143e+01 8.540797e+01 8.242231e+01
         vertex 2.728143e+01 8.540797e+01 8.242231e+01
         vertex 2.178143e+01 8.009190e+01 8.333385e+01
      endloop
   endfacet
   facet normal 0.000000e+00 -1.690011e-01 -9.856159e-01
      outer loop
         vertex 2.178143e+01 8.009190e+01 8.333385e+01
         vertex 2.728143e+01 8.540797e+01 8.242231e+01
         vertex 2.728143e+01 8.009190e+01 8.333385e+01
      endloop
   endfacet
   facet normal 0.000000e+00 -4.244130e-02 -9.990990e-01
      outer loop
         vertex 2.178143e+01 8.009190e+01 8.333385e+01
         vertex 2.728143e+01 8.009190e+01 8.333385e+01
         vertex 2.178143e+01 7.739507e+01 8.344841e+01
      endloop
   endfacet
   facet normal -2.082460e-02 5.549911e-17 -9.997831e-01
      outer loop
         vertex 2.178143e+01 7.739507e+01 8.344841e+01
         vertex 2.728143e+01 8.009190e+01 8.333385e+01
         vertex 2.728143e+01 7.469824e+01 8.333385e+01
      endloop
   endfacet
   facet normal 0.000000e+00 4.244130e-02 -9.990990e-01
      outer loop
         vertex 2.178143e+01 7.739507e+01 8.344841e+01
         vertex 2.728143e+01 7.469824e+01 8.333385e+01
         vertex 2.178143e+01 7.469824e+01 8.333385e+01
      endloop
   endfacet
   facet normal 0.000000e+00 1.690011e-01 -9.856159e-01
      outer loop
         vertex 2.178143e+01 7.469824e+01 8.333385e+01
         vertex 2.728143e+01 7.469824e+01 8.333385e+01
         vertex 2.178143e+01 6.938217e+01 8.242231e+01
      endloop
   endfacet
   facet normal 0.000000e+00 1.690011e-01 -9.856159e-01
      outer loop
         vertex 2.178143e+01 6.938217e+01 8.242231e+01
         vertex 2.728143e+01 7.469824e+01 8.333385e+01
         vertex 2.728143e+01 6.938217e+01 8.242231e+01
      endloop
   endfacet
   facet normal 0.000000e+00 3.331398e-01 -9.428775e-01
      outer loop
         vertex 2.178143e+01 6.938217e+01 8.242231e+01
         vertex 2.728143e+01 6.938217e+01 8.242231e+01
         vertex 2.178143e+01 6.429661e+01 8.062547e+01
      endloop
   endfacet
   facet normal 0.000000e+00 3.331398e-01 -9.428775e-01
      outer loop
         vertex 2.178143e+01 6.429661e+01 8.062547e+01
         vertex 2.728143e+01 6.938217e+01 8.242231e+01
         vertex 2.728143e+01 6.429661e+01 8.062547e+01
      endloop
   endfacet
   facet normal 0.000000e+00 4.876949e-01 -8.730141e-01
      outer loop
         vertex 2.178143e+01 6.429661e+01 8.062547e+01
         vertex 2.728143e+01 6.429661e+01 8.062547e+01
         vertex 2.178143e+01 5.958787e+01 7.799501e+01
      endloop
   endfacet
   facet normal 0.000000e+00 4.876949e-01 -8.730141e-01
      outer loop
         vertex 2.728143e+01 6.429661e+01 8.062547e+01
         vertex 2.728143e+01 5.958787e+01 7.799501e+01
         vertex 2.178143e+01 5.958787e+01 7.799501e+01
      endloop
   endfacet
   facet normal 0.000000e+00 5.998899e-01 -8.000826e-01
      outer loop
         vertex 2.178143e+01 5.958787e+01 7.799501e+01
         vertex 2.728143e+01 5.958787e+01 7.799501e+01
         vertex 2.728143e+01 5.709507e+01 7.612595e+01
      endloop
   endfacet
   facet normal 2.032822e-02 6.280902e-01 -7.778750e-01
      outer loop
         vertex 2.178143e+01 5.958787e+01 7.799501e+01
         vertex 2.728143e+01 5.709507e+01 7.612595e+01
         vertex 2.178143e+01 5.539141e+01 7.460661e+01
      endloop
   endfacet
   facet normal 0.000000e+00 6.655809e-01 -7.463257e-01
      outer loop
         vertex 2.178143e+01 5.539141e+01 7.460661e+01
         vertex 2.728143e+01 5.709507e+01 7.612595e+01
         vertex 2.728143e+01 5.539141e+01 7.460661e+01
      endloop
   endfacet
   facet normal 0.000000e+00 7.506723e-01 -6.606747e-01
      outer loop
         vertex 2.178143e+01 5.539141e+01 7.460661e+01
         vertex 2.728143e+01 5.539141e+01 7.460661e+01
         vertex 2.178143e+01 5.182796e+01 7.055774e+01
      endloop
   endfacet
   facet normal 0.000000e+00 7.506723e-01 -6.606747e-01
      outer loop
         vertex 2.178143e+01 5.182796e+01 7.055774e+01
         vertex 2.728143e+01 5.539141e+01 7.460661e+01
         vertex 2.728143e+01 5.182796e+01 7.055774e+01
      endloop
   endfacet
   facet normal 0.000000e+00 8.515292e-01 -5.243072e-01
      outer loop
         vertex 2.178143e+01 5.182796e+01 7.055774e+01
         vertex 2.728143e+01 5.182796e+01 7.055774e+01
         vertex 2.178143e+01 4.900003e+01 6.596488e+01
      endloop
   endfacet
   facet normal 0.000000e+00 8.515292e-01 -5.243072e-01
      outer loop
         vertex 2.178143e+01 4.900003e+01 6.596488e+01
         vertex 2.728143e+01 5.182796e+01 7.055774e+01
         vertex 2.728143e+01 4.900003e+01 6.596488e+01
      endloop
   endfacet
   facet normal 0.000000e+00 9.278890e-01 -3.728567e-01
      outer loop
         vertex 2.178143e+01 4.900003e+01 6.596488e+01
         vertex 2.728143e+01 4.900003e+01 6.596488e+01
         vertex 2.178143e+01 4.698897e+01 6.096017e+01
      endloop
   endfacet
   facet normal 0.000000e+00 9.278890e-01 -3.728567e-01
      outer loop
         vertex 2.178143e+01 4.698897e+01 6.096017e+01
         vertex 2.728143e+01 4.900003e+01 6.596488e+01
         vertex 2.728143e+01 4.698897e+01 6.096017e+01
      endloop
   endfacet
   facet normal 0.000000e+00 9.775552e-01 -2.106794e-01
      outer loop
         vertex 2.178143e+01 4.698897e+01 6.096017e+01
         vertex 2.728143e+01 4.698897e+01 6.096017e+01
         vertex 2.178143e+01 4.585263e+01 5.568757e+01
      endloop
   endfacet
   facet normal 0.000000e+00 9.775552e-01 -2.106794e-01
      outer loop
         vertex 2.178143e+01 4.585263e+01 5.568757e+01
         vertex 2.728143e+01 4.698897e+01 6.096017e+01
         vertex 2.728143e+01 4.585263e+01 5.568757e+01
      endloop
   endfacet
   facet normal 0.000000e+00 9.990990e-01 -4.244090e-02
      outer loop
         vertex 2.178143e+01 4.585263e+01 5.568757e+01
         vertex 2.728143e+01 4.585263e+01 5.568757e+01
         vertex 2.178143e+01 4.562372e+01 5.029877e+01
      endloop
   endfacet
   facet normal 0.000000e+00 9.990990e-01 -4.244090e-02
      outer loop
         vertex 2.178143e+01 4.562372e+01 5.029877e+01
         vertex 2.728143e+01 4.585263e+01 5.568757e+01
         vertex 2.728143e+01 4.562372e+01 5.029877e+01
      endloop
   endfacet
   facet normal 0.000000e+00 9.919004e-01 1.270178e-01
      outer loop
         vertex 2.178143e+01 4.562372e+01 5.029877e+01
         vertex 2.728143e+01 4.562372e+01 5.029877e+01
         vertex 2.178143e+01 4.630881e+01 4.494880e+01
      endloop
   endfacet
   facet normal 0.000000e+00 9.919004e-01 1.270178e-01
      outer loop
         vertex 2.178143e+01 4.630881e+01 4.494880e+01
         vertex 2.728143e+01 4.562372e+01 5.029877e+01
         vertex 2.728143e+01 4.630881e+01 4.494880e+01
      endloop
   endfacet
   facet normal 0.000000e+00 9.561668e-01 2.928227e-01
      outer loop
         vertex 2.178143e+01 4.630881e+01 4.494880e+01
         vertex 2.728143e+01 4.630881e+01 4.494880e+01
         vertex 2.178143e+01 4.788820e+01 3.979157e+01
      endloop
   endfacet
   facet normal 0.000000e+00 9.561668e-01 2.928227e-01
      outer loop
         vertex 2.178143e+01 4.788820e+01 3.979157e+01
         vertex 2.728143e+01 4.630881e+01 4.494880e+01
         vertex 2.728143e+01 4.788820e+01 3.979157e+01
      endloop
   endfacet
   facet normal 0.000000e+00 8.929258e-01 4.502039e-01
      outer loop
         vertex 2.178143e+01 4.788820e+01 3.979157e+01
         vertex 2.728143e+01 4.788820e+01 3.979157e+01
         vertex 2.178143e+01 5.031644e+01 3.497543e+01
      endloop
   endfacet
   facet normal 0.000000e+00 8.929258e-01 4.502039e-01
      outer loop
         vertex 2.178143e+01 5.031644e+01 3.497543e+01
         vertex 2.728143e+01 4.788820e+01 3.979157e+01
         vertex 2.728143e+01 5.031644e+01 3.497543e+01
      endloop
   endfacet
   facet normal 0.000000e+00 8.039972e-01 5.946331e-01
      outer loop
         vertex 2.178143e+01 5.031644e+01 3.497543e+01
         vertex 2.728143e+01 5.031644e+01 3.497543e+01
         vertex 2.178143e+01 5.352369e+01 3.063895e+01
      endloop
   endfacet
   facet normal 0.000000e+00 8.039972e-01 5.946331e-01
      outer loop
         vertex 2.728143e+01 5.031644e+01 3.497543e+01
         vertex 2.728143e+01 5.352369e+01 3.063895e+01
         vertex 2.178143e+01 5.352369e+01 3.063895e+01
      endloop
   endfacet
   facet normal 0.000000e+00 6.966561e-01 7.174052e-01
      outer loop
         vertex 2.178143e+01 5.352369e+01 3.063895e+01
         vertex 2.728143e+01 5.352369e+01 3.063895e+01
         vertex 2.728143e+01 5.709507e+01 2.717086e+01
      endloop
   endfacet
   facet normal 5.932420e-03 6.919268e-01 7.219433e-01
      outer loop
         vertex 2.178143e+01 5.352369e+01 3.063895e+01
         vertex 2.728143e+01 5.709507e+01 2.717086e+01
         vertex 2.178143e+01 5.741767e+01 2.690687e+01
      endloop
   endfacet
   facet normal 0.000000e+00 6.333057e-01 7.739018e-01
      outer loop
         vertex 2.178143e+01 5.741767e+01 2.690687e+01
         vertex 2.728143e+01 5.709507e+01 2.717086e+01
         vertex 2.728143e+01 5.741767e+01 2.690687e+01
      endloop
   endfacet
   facet normal 0.000000e+00 5.599746e-01 8.285098e-01
      outer loop
         vertex 2.178143e+01 5.741767e+01 2.690687e+01
         vertex 2.728143e+01 5.741767e+01 2.690687e+01
         vertex 2.178143e+01 6.188637e+01 2.388656e+01
      endloop
   endfacet
   facet normal 0.000000e+00 5.599746e-01 8.285098e-01
      outer loop
         vertex 2.178143e+01 6.188637e+01 2.388656e+01
         vertex 2.728143e+01 5.741767e+01 2.690687e+01
         vertex 2.728143e+01 6.188637e+01 2.388656e+01
      endloop
   endfacet
   facet normal 0.000000e+00 4.119011e-01 9.112285e-01
      outer loop
         vertex 2.178143e+01 6.188637e+01 2.388656e+01
         vertex 2.728143e+01 6.188637e+01 2.388656e+01
         vertex 2.178143e+01 6.680122e+01 2.166490e+01
      endloop
   endfacet
   facet normal 0.000000e+00 4.119011e-01 9.112285e-01
      outer loop
         vertex 2.178143e+01 6.680122e+01 2.166490e+01
         vertex 2.728143e+01 6.188637e+01 2.388656e+01
         vertex 2.728143e+01 6.680122e+01 2.166490e+01
      endloop
   endfacet
   facet normal 0.000000e+00 2.519780e-01 9.677330e-01
      outer loop
         vertex 2.178143e+01 6.680122e+01 2.166490e+01
         vertex 2.728143e+01 6.680122e+01 2.166490e+01
         vertex 2.178143e+01 7.202084e+01 2.030582e+01
      endloop
   endfacet
   facet normal 0.000000e+00 2.519780e-01 9.677330e-01
      outer loop
         vertex 2.178143e+01 7.202084e+01 2.030582e+01
         vertex 2.728143e+01 6.680122e+01 2.166490e+01
         vertex 2.728143e+01 7.202084e+01 2.030582e+01
      endloop
   endfacet
   facet normal 0.000000e+00 8.480651e-02 9.963974e-01
      outer loop
         vertex 2.178143e+01 7.202084e+01 2.030582e+01
         vertex 2.728143e+01 7.202084e+01 2.030582e+01
         vertex 2.178143e+01 7.739507e+01 1.984840e+01
      endloop
   endfacet
   facet normal 0.000000e+00 8.480651e-02 9.963974e-01
      outer loop
         vertex 2.178143e+01 7.739507e+01 1.984840e+01
         vertex 2.728143e+01 7.202084e+01 2.030582e+01
         vertex 2.728143e+01 7.739507e+01 1.984840e+01
      endloop
   endfacet
   facet normal 0.000000e+00 -8.480651e-02 9.963974e-01
      outer loop
         vertex 2.178143e+01 7.739507e+01 1.984840e+01
         vertex 2.728143e+01 7.739507e+01 1.984840e+01
         vertex 2.178143e+01 8.276930e+01 2.030582e+01
      endloop
   endfacet
   facet normal 0.000000e+00 -8.480651e-02 9.963974e-01
      outer loop
         vertex 2.178143e+01 8.276930e+01 2.030582e+01
         vertex 2.728143e+01 7.739507e+01 1.984840e+01
         vertex 2.728143e+01 8.276930e+01 2.030582e+01
      endloop
   endfacet
   facet normal 0.000000e+00 -2.519780e-01 9.677330e-01
      outer loop
         vertex 2.178143e+01 8.276930e+01 2.030582e+01
         vertex 2.728143e+01 8.276930e+01 2.030582e+01
         vertex 2.178143e+01 8.798892e+01 2.166490e+01
      endloop
   endfacet
   facet normal 0.000000e+00 -2.519780e-01 9.677330e-01
      outer loop
         vertex 2.178143e+01 8.798892e+01 2.166490e+01
         vertex 2.728143e+01 8.276930e+01 2.030582e+01
         vertex 2.728143e+01 8.798892e+01 2.166490e+01
      endloop
   endfacet
   facet normal 0.000000e+00 -4.119011e-01 9.112285e-01
      outer loop
         vertex 2.178143e+01 8.798892e+01 2.166490e+01
         vertex 2.728143e+01 8.798892e+01 2.166490e+01
         vertex 2.178143e+01 9.290377e+01 2.388656e+01
      endloop
   endfacet
   facet normal 0.000000e+00 -4.119011e-01 9.112285e-01
      outer loop
         vertex 2.178143e+01 9.290377e+01 2.388656e+01
         vertex 2.728143e+01 8.798892e+01 2.166490e+01
         vertex 2.728143e+01 9.290377e+01 2.388656e+01
      endloop
   endfacet
   facet normal 0.000000e+00 -5.599746e-01 8.285098e-01
      outer loop
         vertex 2.178143e+01 9.290377e+01 2.388656e+01
         vertex 2.728143e+01 9.290377e+01 2.388656e+01
         vertex 2.178143e+01 9.737247e+01 2.690687e+01
      endloop
   endfacet
   facet normal 0.000000e+00 -5.599746e-01 8.285098e-01
      outer loop
         vertex 2.178143e+01 9.737247e+01 2.690687e+01
         vertex 2.728143e+01 9.290377e+01 2.388656e+01
         vertex 2.728143e+01 9.737247e+01 2.690687e+01
      endloop
   endfacet
   facet normal 0.000000e+00 -6.333057e-01 7.739018e-01
      outer loop
         vertex 2.178143e+01 9.737247e+01 2.690687e+01
         vertex 2.728143e+01 9.737247e+01 2.690687e+01
         vertex 2.728143e+01 9.769507e+01 2.717086e+01
      endloop
   endfacet
   facet normal -1.000000e+00 0.000000e+00 0.000000e+00
      outer loop
         vertex 2.178143e+01 1.091664e+02 5.029877e+01
         vertex 2.178143e+01 1.121399e+02 4.742962e+01
         vertex 2.178143e+01 1.084813e+02 4.494880e+01
      endloop
   endfacet
   facet normal -1.000000e+00 0.000000e+00 0.000000e+00
      outer loop
         vertex 2.178143e+01 1.084813e+02 4.494880e+01
         vertex 2.178143e+01 1.121399e+02 4.742962e+01
         vertex 2.178143e+01 1.110132e+02 4.191079e+01
      endloop
   endfacet
   facet normal -1.000000e+00 0.000000e+00 0.000000e+00
      outer loop
         vertex 2.178143e+01 1.084813e+02 4.494880e+01
         vertex 2.178143e+01 1.110132e+02 4.191079e+01
         vertex 2.178143e+01 1.069019e+02 3.979157e+01
      endloop
   endfacet
   facet normal -1.000000e+00 0.000000e+00 0.000000e+00
      outer loop
         vertex 2.178143e+01 1.069019e+02 3.979157e+01
         vertex 2.178143e+01 1.110132e+02 4.191079e+01
         vertex 2.178143e+01 1.090158e+02 3.664416e+01
      endloop
   endfacet
   facet normal -1.000000e+00 0.000000e+00 0.000000e+00
      outer loop
         vertex 2.178143e+01 1.069019e+02 3.979157e+01
         vertex 2.178143e+01 1.090158e+02 3.664416e+01
         vertex 2.178143e+01 1.044737e+02 3.497543e+01
      endloop
   endfacet
   facet normal -1.000000e+00 0.000000e+00 0.000000e+00
      outer loop
         vertex 2.178143e+01 1.044737e+02 3.497543e+01
         vertex 2.178143e+01 1.090158e+02 3.664416e+01
         vertex 2.178143e+01 1.061995e+02 3.176614e+01
      endloop
   endfacet
   facet normal -1.000000e+00 0.000000e+00 0.000000e+00
      outer loop
         vertex 2.178143e+01 1.044737e+02 3.497543e+01
         vertex 2.178143e+01 1.061995e+02 3.176614e+01
         vertex 2.178143e+01 1.012664e+02 3.063895e+01
      endloop
   endfacet
   facet normal -1.000000e+00 0.000000e+00 0.000000e+00
      outer loop
         vertex 2.178143e+01 1.012664e+02 3.063895e+01
         vertex 2.178143e+01 1.061995e+02 3.176614e+01
         vertex 2.178143e+01 1.026372e+02 2.740305e+01
      endloop
   endfacet
   facet normal -1.000000e+00 0.000000e+00 0.000000e+00
      outer loop
         vertex 2.178143e+01 1.012664e+02 3.063895e+01
         vertex 2.178143e+01 1.026372e+02 2.740305e+01
         vertex 2.178143e+01 9.737247e+01 2.690687e+01
      endloop
   endfacet
   facet normal -1.000000e+00 0.000000e+00 0.000000e+00
      outer loop
         vertex 2.178143e+01 9.737247e+01 2.690687e+01
         vertex 2.178143e+01 1.026372e+02 2.740305e+01
         vertex 2.178143e+01 9.842105e+01 2.366791e+01
      endloop
   endfacet
   facet normal -1.000000e+00 0.000000e+00 0.000000e+00
      outer loop
         vertex 2.178143e+01 9.737247e+01 2.690687e+01
         vertex 2.178143e+01 9.842105e+01 2.366791e+01
         vertex 2.178143e+01 9.290377e+01 2.388656e+01
      endloop
   endfacet
   facet normal -1.000000e+00 0.000000e+00 0.000000e+00
      outer loop
         vertex 2.178143e+01 9.290377e+01 2.388656e+01
         vertex 2.178143e+01 9.842105e+01 2.366791e+01
         vertex 2.178143e+01 9.366038e+01 2.065744e+01
      endloop
   endfacet
   facet normal -1.000000e+00 0.000000e+00 0.000000e+00
      outer loop
         vertex 2.178143e+01 9.290377e+01 2.388656e+01
         vertex 2.178143e+01 9.366038e+01 2.065744e+01
         vertex 2.178143e+01 8.798892e+01 2.166490e+01
      endloop
   endfacet
   facet normal -1.000000e+00 0.000000e+00 0.000000e+00
      outer loop
         vertex 2.178143e+01 8.798892e+01 2.166490e+01
         vertex 2.178143e+01 9.366038e+01 2.065744e+01
         vertex 2.178143e+01 8.847845e+01 1.844963e+01
      endloop
   endfacet
   facet normal -1.000000e+00 0.000000e+00 0.000000e+00
      outer loop
         vertex 2.178143e+01 8.798892e+01 2.166490e+01
         vertex 2.178143e+01 8.847845e+01 1.844963e+01
         vertex 2.178143e+01 8.276930e+01 2.030582e+01
      endloop
   endfacet
   facet normal -1.000000e+00 0.000000e+00 0.000000e+00
      outer loop
         vertex 2.178143e+01 8.276930e+01 2.030582e+01
         vertex 2.178143e+01 8.847845e+01 1.844963e+01
         vertex 2.178143e+01 8.300946e+01 1.710165e+01
      endloop
   endfacet
   facet normal -1.000000e+00 0.000000e+00 0.000000e+00
      outer loop
         vertex 2.178143e+01 8.276930e+01 2.030582e+01
         vertex 2.178143e+01 8.300946e+01 1.710165e+01
         vertex 2.178143e+01 7.739507e+01 1.984840e+01
      endloop
   endfacet
   facet normal -1.000000e+00 0.000000e+00 0.000000e+00
      outer loop
         vertex 2.178143e+01 7.739507e+01 1.984840e+01
         vertex 2.178143e+01 8.300946e+01 1.710165e+01
         vertex 2.178143e+01 7.739507e+01 1.664840e+01
      endloop
   endfacet
   facet normal -1.000000e+00 0.000000e+00 0.000000e+00
      outer loop
         vertex 2.178143e+01 7.739507e+01 1.984840e+01
         vertex 2.178143e+01 7.739507e+01 1.664840e+01
         vertex 2.178143e+01 7.202084e+01 2.030582e+01
      endloop
   endfacet
   facet normal -1.000000e+00 0.000000e+00 0.000000e+00
      outer loop
         vertex 2.178143e+01 7.202084e+01 2.030582e+01
         vertex 2.178143e+01 7.739507e+01 1.664840e+01
         vertex 2.178143e+01 7.178068e+01 1.710165e+01
      endloop
   endfacet
   facet normal -1.000000e+00 0.000000e+00 0.000000e+00
      outer loop
         vertex 2.178143e+01 7.202084e+01 2.030582e+01
         vertex 2.178143e+01 7.178068e+01 1.710165e+01
         vertex 2.178143e+01 6.680122e+01 2.166490e+01
      endloop
   endfacet
   facet normal -1.000000e+00 0.000000e+00 0.000000e+00
      outer loop
         vertex 2.178143e+01 6.680122e+01 2.166490e+01
         vertex 2.178143e+01 7.178068e+01 1.710165e+01
         vertex 2.178143e+01 6.631169e+01 1.844963e+01
      endloop
   endfacet
   facet normal -1.000000e+00 0.000000e+00 0.000000e+00
      outer loop
         vertex 2.178143e+01 6.680122e+01 2.166490e+01
         vertex 2.178143e+01 6.631169e+01 1.844963e+01
         vertex 2.178143e+01 6.188637e+01 2.388656e+01
      endloop
   endfacet
   facet normal -1.000000e+00 0.000000e+00 0.000000e+00
      outer loop
         vertex 2.178143e+01 6.188637e+01 2.388656e+01
         vertex 2.178143e+01 6.631169e+01 1.844963e+01
         vertex 2.178143e+01 6.112976e+01 2.065744e+01
      endloop
   endfacet
   facet normal -1.000000e+00 0.000000e+00 0.000000e+00
      outer loop
         vertex 2.178143e+01 6.188637e+01 2.388656e+01
         vertex 2.178143e+01 6.112976e+01 2.065744e+01
         vertex 2.178143e+01 5.741767e+01 2.690687e+01
      endloop
   endfacet
   facet normal -1.000000e+00 0.000000e+00 0.000000e+00
      outer loop
         vertex 2.178143e+01 5.741767e+01 2.690687e+01
         vertex 2.178143e+01 6.112976e+01 2.065744e+01
         vertex 2.178143e+01 5.636909e+01 2.366791e+01
      endloop
   endfacet
   facet normal -1.000000e+00 0.000000e+00 0.000000e+00
      outer loop
         vertex 2.178143e+01 5.741767e+01 2.690687e+01
         vertex 2.178143e+01 5.636909e+01 2.366791e+01
         vertex 2.178143e+01 5.352369e+01 3.063895e+01
      endloop
   endfacet
   facet normal -1.000000e+00 0.000000e+00 0.000000e+00
      outer loop
         vertex 2.178143e+01 5.352369e+01 3.063895e+01
         vertex 2.178143e+01 5.636909e+01 2.366791e+01
         vertex 2.178143e+01 5.215298e+01 2.740305e+01
      endloop
   endfacet
   facet normal -1.000000e+00 0.000000e+00 0.000000e+00
      outer loop
         vertex 2.178143e+01 5.352369e+01 3.063895e+01
         vertex 2.178143e+01 5.215298e+01 2.740305e+01
         vertex 2.178143e+01 5.031644e+01 3.497543e+01
      endloop
   endfacet
   facet normal -1.000000e+00 0.000000e+00 0.000000e+00
      outer loop
         vertex 2.178143e+01 5.031644e+01 3.497543e+01
         vertex 2.178143e+01 5.215298e+01 2.740305e+01
         vertex 2.178143e+01 4.859064e+01 3.176614e+01
      endloop
   endfacet
   facet normal -1.000000e+00 0.000000e+00 0.000000e+00
      outer loop
         vertex 2.178143e+01 5.031644e+01 3.497543e+01
         vertex 2.178143e+01 4.859064e+01 3.176614e+01
         vertex 2.178143e+01 4.788820e+01 3.979157e+01
      endloop
   endfacet
   facet normal -1.000000e+00 0.000000e+00 0.000000e+00
      outer loop
         vertex 2.178143e+01 4.788820e+01 3.979157e+01
         vertex 2.178143e+01 4.859064e+01 3.176614e+01
         vertex 2.178143e+01 4.577430e+01 3.664416e+01
      endloop
   endfacet
   facet normal -1.000000e+00 0.000000e+00 0.000000e+00
      outer loop
         vertex 2.178143e+01 4.788820e+01 3.979157e+01
         vertex 2.178143e+01 4.577430e+01 3.664416e+01
         vertex 2.178143e+01 4.630881e+01 4.494880e+01
      endloop
   endfacet
   facet normal -1.000000e+00 0.000000e+00 0.000000e+00
      outer loop
         vertex 2.178143e+01 4.630881e+01 4.494880e+01
         vertex 2.178143e+01 4.577430e+01 3.664416e+01
         vertex 2.178143e+01 4.377694e+01 4.191079e+01
      endloop
   endfacet
   facet normal -1.000000e+00 0.000000e+00 0.000000e+00
      outer loop
         vertex 2.178143e+01 4.630881e+01 4.494880e+01
         vertex 2.178143e+01 4.377694e+01 4.191079e+01
         vertex 2.178143e+01 4.562372e+01 5.029877e+01
      endloop
   endfacet
   facet normal -1.000000e+00 0.000000e+00 0.000000e+00
      outer loop
         vertex 2.178143e+01 4.377694e+01 4.191079e+01
         vertex 2.178143e+01 4.265026e+01 4.742962e+01
         vertex 2.178143e+01 4.562372e+01 5.029877e+01
      endloop
   endfacet
   facet normal -1.000000e+00 0.000000e+00 0.000000e+00
      outer loop
         vertex 2.178143e+01 4.562372e+01 5.029877e+01
         vertex 2.178143e+01 4.265026e+01 4.742962e+01
         vertex 2.178143e+01 4.242346e+01 5.305771e+01
      endloop
   endfacet
   facet normal -1.000000e+00 0.000000e+00 0.000000e+00
      outer loop
         vertex 2.178143e+01 4.562372e+01 5.029877e+01
         vertex 2.178143e+01 4.242346e+01 5.305771e+01
         vertex 2.178143e+01 4.585263e+01 5.568757e+01
      endloop
   endfacet
   facet normal -1.000000e+00 0.000000e+00 0.000000e+00
      outer loop
         vertex 2.178143e+01 4.585263e+01 5.568757e+01
         vertex 2.178143e+01 4.242346e+01 5.305771e+01
         vertex 2.178143e+01 4.310240e+01 5.864930e+01
      endloop
   endfacet
   facet normal -1.000000e+00 0.000000e+00 0.000000e+00
      outer loop
         vertex 2.178143e+01 4.585263e+01 5.568757e+01
         vertex 2.178143e+01 4.310240e+01 5.864930e+01
         vertex 2.178143e+01 4.698897e+01 6.096017e+01
      endloop
   endfacet
   facet normal -1.000000e+00 0.000000e+00 0.000000e+00
      outer loop
         vertex 2.178143e+01 4.698897e+01 6.096017e+01
         vertex 2.178143e+01 4.310240e+01 5.864930e+01
         vertex 2.178143e+01 4.466950e+01 6.405958e+01
      endloop
   endfacet
   facet normal -1.000000e+00 0.000000e+00 0.000000e+00
      outer loop
         vertex 2.178143e+01 4.698897e+01 6.096017e+01
         vertex 2.178143e+01 4.466950e+01 6.405958e+01
         vertex 2.178143e+01 4.900003e+01 6.596488e+01
      endloop
   endfacet
   facet normal -1.000000e+00 0.000000e+00 0.000000e+00
      outer loop
         vertex 2.178143e+01 4.900003e+01 6.596488e+01
         vertex 2.178143e+01 4.466950e+01 6.405958e+01
         vertex 2.178143e+01 4.708418e+01 6.914840e+01
      endloop
   endfacet
   facet normal -1.000000e+00 0.000000e+00 0.000000e+00
      outer loop
         vertex 2.178143e+01 4.900003e+01 6.596488e+01
         vertex 2.178143e+01 4.708418e+01 6.914840e+01
         vertex 2.178143e+01 5.182796e+01 7.055774e+01
      endloop
   endfacet
   facet normal -1.000000e+00 0.000000e+00 0.000000e+00
      outer loop
         vertex 2.178143e+01 5.182796e+01 7.055774e+01
         vertex 2.178143e+01 4.708418e+01 6.914840e+01
         vertex 2.178143e+01 5.028390e+01 7.378399e+01
      endloop
   endfacet
   facet normal -1.000000e+00 0.000000e+00 0.000000e+00
      outer loop
         vertex 2.178143e+01 5.182796e+01 7.055774e+01
         vertex 2.178143e+01 5.028390e+01 7.378399e+01
         vertex 2.178143e+01 5.539141e+01 7.460661e+01
      endloop
   endfacet
   facet normal -1.000000e+00 0.000000e+00 0.000000e+00
      outer loop
         vertex 2.178143e+01 5.539141e+01 7.460661e+01
         vertex 2.178143e+01 5.028390e+01 7.378399e+01
         vertex 2.178143e+01 5.418578e+01 7.784628e+01
      endloop
   endfacet
   facet normal -1.000000e+00 0.000000e+00 0.000000e+00
      outer loop
         vertex 2.178143e+01 5.539141e+01 7.460661e+01
         vertex 2.178143e+01 5.418578e+01 7.784628e+01
         vertex 2.178143e+01 5.958787e+01 7.799501e+01
      endloop
   endfacet
   facet normal -1.000000e+00 0.000000e+00 0.000000e+00
      outer loop
         vertex 2.178143e+01 5.958787e+01 7.799501e+01
         vertex 2.178143e+01 5.418578e+01 7.784628e+01
         vertex 2.178143e+01 5.868877e+01 8.123006e+01
      endloop
   endfacet
   facet normal -1.000000e+00 0.000000e+00 0.000000e+00
      outer loop
         vertex 2.178143e+01 5.958787e+01 7.799501e+01
         vertex 2.178143e+01 5.868877e+01 8.123006e+01
         vertex 2.178143e+01 6.429661e+01 8.062547e+01
      endloop
   endfacet
   facet normal -1.000000e+00 0.000000e+00 0.000000e+00
      outer loop
         vertex 2.178143e+01 6.429661e+01 8.062547e+01
         vertex 2.178143e+01 5.868877e+01 8.123006e+01
         vertex 2.178143e+01 6.367624e+01 8.384769e+01
      endloop
   endfacet
   facet normal -1.000000e+00 0.000000e+00 0.000000e+00
      outer loop
         vertex 2.178143e+01 6.429661e+01 8.062547e+01
         vertex 2.178143e+01 6.367624e+01 8.384769e+01
         vertex 2.178143e+01 6.938217e+01 8.242231e+01
      endloop
   endfacet
   facet normal -1.000000e+00 0.000000e+00 0.000000e+00
      outer loop
         vertex 2.178143e+01 6.938217e+01 8.242231e+01
         vertex 2.178143e+01 6.367624e+01 8.384769e+01
         vertex 2.178143e+01 6.901902e+01 8.563137e+01
      endloop
   endfacet
   facet normal -1.000000e+00 0.000000e+00 0.000000e+00
      outer loop
         vertex 2.178143e+01 6.938217e+01 8.242231e+01
         vertex 2.178143e+01 6.901902e+01 8.563137e+01
         vertex 2.178143e+01 7.469824e+01 8.333385e+01
      endloop
   endfacet
   facet normal -1.000000e+00 0.000000e+00 0.000000e+00
      outer loop
         vertex 2.178143e+01 7.469824e+01 8.333385e+01
         vertex 2.178143e+01 6.901902e+01 8.563137e+01
         vertex 2.178143e+01 7.457874e+01 8.653491e+01
      endloop
   endfacet
   facet normal -1.000000e+00 0.000000e+00 0.000000e+00
      outer loop
         vertex 2.178143e+01 7.469824e+01 8.333385e+01
         vertex 2.178143e+01 7.457874e+01 8.653491e+01
         vertex 2.178143e+01 7.739507e+01 8.344841e+01
      endloop
   endfacet
   facet normal -1.000000e+00 0.000000e+00 0.000000e+00
      outer loop
         vertex 2.178143e+01 7.739507e+01 8.344841e+01
         vertex 2.178143e+01 7.457874e+01 8.653491e+01
         vertex 2.178143e+01 7.739507e+01 8.664840e+01
      endloop
   endfacet
   facet normal -1.000000e+00 0.000000e+00 0.000000e+00
      outer loop
         vertex 2.178143e+01 7.739507e+01 8.344841e+01
         vertex 2.178143e+01 7.739507e+01 8.664840e+01
         vertex 2.178143e+01 8.009190e+01 8.333385e+01
      endloop
   endfacet
   facet normal -1.000000e+00 0.000000e+00 0.000000e+00
      outer loop
         vertex 2.178143e+01 8.009190e+01 8.333385e+01
         vertex 2.178143e+01 7.739507e+01 8.664840e+01
         vertex 2.178143e+01 8.021140e+01 8.653491e+01
      endloop
   endfacet
   facet normal -1.000000e+00 0.000000e+00 0.000000e+00
      outer loop
         vertex 2.178143e+01 8.009190e+01 8.333385e+01
         vertex 2.178143e+01 8.021140e+01 8.653491e+01
         vertex 2.178143e+01 8.540797e+01 8.242231e+01
      endloop
   endfacet
   facet normal -1.000000e+00 0.000000e+00 0.000000e+00
      outer loop
         vertex 2.178143e+01 8.540797e+01 8.242231e+01
         vertex 2.178143e+01 8.021140e+01 8.653491e+01
         vertex 2.178143e+01 8.577112e+01 8.563137e+01
      endloop
   endfacet
   facet normal -1.000000e+00 0.000000e+00 0.000000e+00
      outer loop
         vertex 2.178143e+01 8.540797e+01 8.242231e+01
         vertex 2.178143e+01 8.577112e+01 8.563137e+01
         vertex 2.178143e+01 9.049353e+01 8.062547e+01
      endloop
   endfacet
   facet normal -1.000000e+00 0.000000e+00 0.000000e+00
      outer loop
         vertex 2.178143e+01 9.049353e+01 8.062547e+01
         vertex 2.178143e+01 8.577112e+01 8.563137e+01
         vertex 2.178143e+01 9.111390e+01 8.384769e+01
      endloop
   endfacet
   facet normal -1.000000e+00 0.000000e+00 0.000000e+00
      outer loop
         vertex 2.178143e+01 9.049353e+01 8.062547e+01
         vertex 2.178143e+01 9.111390e+01 8.384769e+01
         vertex 2.178143e+01 9.520227e+01 7.799501e+01
      endloop
   endfacet
   facet normal -1.000000e+00 0.000000e+00 0.000000e+00
      outer loop
         vertex 2.178143e+01 9.520227e+01 7.799501e+01
         vertex 2.178143e+01 9.111390e+01 8.384769e+01
         vertex 2.178143e+01 9.610137e+01 8.123006e+01
      endloop
   endfacet
   facet normal -1.000000e+00 0.000000e+00 0.000000e+00
      outer loop
         vertex 2.178143e+01 9.520227e+01 7.799501e+01
         vertex 2.178143e+01 9.610137e+01 8.123006e+01
         vertex 2.178143e+01 9.939873e+01 7.460661e+01
      endloop
   endfacet
   facet normal -1.000000e+00 0.000000e+00 0.000000e+00
      outer loop
         vertex 2.178143e+01 9.939873e+01 7.460661e+01
         vertex 2.178143e+01 9.610137e+01 8.123006e+01
         vertex 2.178143e+01 1.006044e+02 7.784628e+01
      endloop
   endfacet
   facet normal -1.000000e+00 0.000000e+00 0.000000e+00
      outer loop
         vertex 2.178143e+01 9.939873e+01 7.460661e+01
         vertex 2.178143e+01 1.006044e+02 7.784628e+01
         vertex 2.178143e+01 1.029622e+02 7.055774e+01
      endloop
   endfacet
   facet normal -1.000000e+00 0.000000e+00 0.000000e+00
      outer loop
         vertex 2.178143e+01 1.029622e+02 7.055774e+01
         vertex 2.178143e+01 1.006044e+02 7.784628e+01
         vertex 2.178143e+01 1.045062e+02 7.378399e+01
      endloop
   endfacet
   facet normal -1.000000e+00 0.000000e+00 0.000000e+00
      outer loop
         vertex 2.178143e+01 1.029622e+02 7.055774e+01
         vertex 2.178143e+01 1.045062e+02 7.378399e+01
         vertex 2.178143e+01 1.057901e+02 6.596488e+01
      endloop
   endfacet
   facet normal -1.000000e+00 0.000000e+00 0.000000e+00
      outer loop
         vertex 2.178143e+01 1.057901e+02 6.596488e+01
         vertex 2.178143e+01 1.045062e+02 7.378399e+01
         vertex 2.178143e+01 1.077060e+02 6.914840e+01
      endloop
   endfacet
   facet normal -1.000000e+00 0.000000e+00 0.000000e+00
      outer loop
         vertex 2.178143e+01 1.057901e+02 6.596488e+01
         vertex 2.178143e+01 1.077060e+02 6.914840e+01
         vertex 2.178143e+01 1.078012e+02 6.096017e+01
      endloop
   endfacet
   facet normal -1.000000e+00 0.000000e+00 0.000000e+00
      outer loop
         vertex 2.178143e+01 1.078012e+02 6.096017e+01
         vertex 2.178143e+01 1.077060e+02 6.914840e+01
         vertex 2.178143e+01 1.101206e+02 6.405958e+01
      endloop
   endfacet
   facet normal -1.000000e+00 0.000000e+00 0.000000e+00
      outer loop
         vertex 2.178143e+01 1.078012e+02 6.096017e+01
         vertex 2.178143e+01 1.101206e+02 6.405958e+01
         vertex 2.178143e+01 1.089375e+02 5.568757e+01
      endloop
   endfacet
   facet normal -1.000000e+00 0.000000e+00 0.000000e+00
      outer loop
         vertex 2.178143e+01 1.089375e+02 5.568757e+01
         vertex 2.178143e+01 1.101206e+02 6.405958e+01
         vertex 2.178143e+01 1.116877e+02 5.864930e+01
      endloop
   endfacet
   facet normal -1.000000e+00 0.000000e+00 0.000000e+00
      outer loop
         vertex 2.178143e+01 1.089375e+02 5.568757e+01
         vertex 2.178143e+01 1.116877e+02 5.864930e+01
         vertex 2.178143e+01 1.091664e+02 5.029877e+01
      endloop
   endfacet
   facet normal -1.000000e+00 0.000000e+00 0.000000e+00
      outer loop
         vertex 2.178143e+01 1.091664e+02 5.029877e+01
         vertex 2.178143e+01 1.116877e+02 5.864930e+01
         vertex 2.178143e+01 1.123667e+02 5.305771e+01
      endloop
   endfacet
   facet normal -1.000000e+00 0.000000e+00 0.000000e+00
      outer loop
         vertex 2.178143e+01 1.091664e+02 5.029877e+01
         vertex 2.178143e+01 1.123667e+02 5.305771e+01
         vertex 2.178143e+01 1.121399e+02 4.742962e+01
      endloop
   endfacet
   facet normal 0.000000e+00 2.588190e-01 -9.659258e-01
      outer loop
         vertex 2.728143e+01 1.023951e+02 4.894840e+01
         vertex 2.178143e+01 1.037451e+02 4.931014e+01
         vertex 2.728143e+01 1.037451e+02 4.931014e+01
      endloop
   endfacet
   facet normal 0.000000e+00 7.071072e-01 -7.071064e-01
      outer loop
         vertex 2.728143e+01 1.037451e+02 4.931014e+01
         vertex 2.178143e+01 1.037451e+02 4.931014e+01
         vertex 2.178143e+01 1.047333e+02 5.029840e+01
      endloop
   endfacet
   facet normal 0.000000e+00 7.071072e-01 -7.071064e-01
      outer loop
         vertex 2.728143e+01 1.037451e+02 4.931014e+01
         vertex 2.178143e+01 1.047333e+02 5.029840e+01
         vertex 2.728143e+01 1.047333e+02 5.029840e+01
      endloop
   endfacet
   facet normal 0.000000e+00 9.659259e-01 -2.588189e-01
      outer loop
         vertex 2.728143e+01 1.047333e+02 5.029840e+01
         vertex 2.178143e+01 1.047333e+02 5.029840e+01
         vertex 2.178143e+01 1.050951e+02 5.164840e+01
      endloop
   endfacet
   facet normal 0.000000e+00 9.659259e-01 -2.588189e-01
      outer loop
         vertex 2.728143e+01 1.047333e+02 5.029840e+01
         vertex 2.178143e+01 1.050951e+02 5.164840e+01
         vertex 2.728143e+01 1.050951e+02 5.164840e+01
      endloop
   endfacet
   facet normal 0.000000e+00 9.659259e-01 2.588189e-01
      outer loop
         vertex 2.728143e+01 1.050951e+02 5.164840e+01
         vertex 2.178143e+01 1.050951e+02 5.164840e+01
         vertex 2.178143e+01 1.047333e+02 5.299840e+01
      endloop
   endfacet
   facet normal 0.000000e+00 9.659259e-01 2.588189e-01
      outer loop
         vertex 2.728143e+01 1.050951e+02 5.164840e+01
         vertex 2.178143e+01 1.047333e+02 5.299840e+01
         vertex 2.728143e+01 1.047333e+02 5.299840e+01
      endloop
   endfacet
   facet normal 0.000000e+00 7.071072e-01 7.071064e-01
      outer loop
         vertex 2.728143e+01 1.047333e+02 5.299840e+01
         vertex 2.178143e+01 1.047333e+02 5.299840e+01
         vertex 2.178143e+01 1.037451e+02 5.398667e+01
      endloop
   endfacet
   facet normal 0.000000e+00 7.071072e-01 7.071064e-01
      outer loop
         vertex 2.728143e+01 1.047333e+02 5.299840e+01
         vertex 2.178143e+01 1.037451e+02 5.398667e+01
         vertex 2.728143e+01 1.037451e+02 5.398667e+01
      endloop
   endfacet
   facet normal 0.000000e+00 2.588190e-01 9.659258e-01
      outer loop
         vertex 2.728143e+01 1.037451e+02 5.398667e+01
         vertex 2.178143e+01 1.037451e+02 5.398667e+01
         vertex 2.178143e+01 1.023951e+02 5.434840e+01
      endloop
   endfacet
   facet normal 0.000000e+00 2.588190e-01 9.659258e-01
      outer loop
         vertex 2.728143e+01 1.037451e+02 5.398667e+01
         vertex 2.178143e+01 1.023951e+02 5.434840e+01
         vertex 2.728143e+01 1.023951e+02 5.434840e+01
      endloop
   endfacet
   facet normal 0.000000e+00 -2.588190e-01 9.659258e-01
      outer loop
         vertex 2.728143e+01 1.023951e+02 5.434840e+01
         vertex 2.178143e+01 1.023951e+02 5.434840e+01
         vertex 2.178143e+01 1.010451e+02 5.398667e+01
      endloop
   endfacet
   facet normal 0.000000e+00 -2.588190e-01 9.659258e-01
      outer loop
         vertex 2.728143e+01 1.023951e+02 5.434840e+01
         vertex 2.178143e+01 1.010451e+02 5.398667e+01
         vertex 2.728143e+01 1.010451e+02 5.398667e+01
      endloop
   endfacet
   facet normal 0.000000e+00 -7.071065e-01 7.071070e-01
      outer loop
         vertex 2.728143e+01 1.010451e+02 5.398667e+01
         vertex 2.178143e+01 1.010451e+02 5.398667e+01
         vertex 2.178143e+01 1.000568e+02 5.299840e+01
      endloop
   endfacet
   facet normal 0.000000e+00 -7.071065e-01 7.071070e-01
      outer loop
         vertex 2.728143e+01 1.010451e+02 5.398667e+01
         vertex 2.178143e+01 1.000568e+02 5.299840e+01
         vertex 2.728143e+01 1.000568e+02 5.299840e+01
      endloop
   endfacet
   facet normal 0.000000e+00 -9.659259e-01 2.588189e-01
      outer loop
         vertex 2.728143e+01 1.000568e+02 5.299840e+01
         vertex 2.178143e+01 1.000568e+02 5.299840e+01
         vertex 2.178143e+01 9.969507e+01 5.164840e+01
      endloop
   endfacet
   facet normal 0.000000e+00 -9.659259e-01 2.588189e-01
      outer loop
         vertex 2.728143e+01 1.000568e+02 5.299840e+01
         vertex 2.178143e+01 9.969507e+01 5.164840e+01
         vertex 2.728143e+01 9.969507e+01 5.164840e+01
      endloop
   endfacet
   facet normal -0.000000e+00 -9.659259e-01 -2.588189e-01
      outer loop
         vertex 2.728143e+01 9.969507e+01 5.164840e+01
         vertex 2.178143e+01 9.969507e+01 5.164840e+01
         vertex 2.178143e+01 1.000568e+02 5.029840e+01
      endloop
   endfacet
   facet normal -0.000000e+00 -9.659259e-01 -2.588189e-01
      outer loop
         vertex 2.728143e+01 9.969507e+01 5.164840e+01
         vertex 2.178143e+01 1.000568e+02 5.029840e+01
         vertex 2.728143e+01 1.000568e+02 5.029840e+01
      endloop
   endfacet
   facet normal -0.000000e+00 -7.071065e-01 -7.071070e-01
      outer loop
         vertex 2.728143e+01 1.000568e+02 5.029840e+01
         vertex 2.178143e+01 1.000568e+02 5.029840e+01
         vertex 2.178143e+01 1.010451e+02 4.931014e+01
      endloop
   endfacet
   facet normal -0.000000e+00 -7.071065e-01 -7.071070e-01
      outer loop
         vertex 2.728143e+01 1.000568e+02 5.029840e+01
         vertex 2.178143e+01 1.010451e+02 4.931014e+01
         vertex 2.728143e+01 1.010451e+02 4.931014e+01
      endloop
   endfacet
   facet normal -0.000000e+00 -2.588190e-01 -9.659258e-01
      outer loop
         vertex 2.728143e+01 1.010451e+02 4.931014e+01
         vertex 2.178143e+01 1.010451e+02 4.931014e+01
         vertex 2.178143e+01 1.023951e+02 4.894840e+01
      endloop
   endfacet
   facet normal -0.000000e+00 -2.588190e-01 -9.659258e-01
      outer loop
         vertex 2.728143e+01 1.010451e+02 4.931014e+01
         vertex 2.178143e+01 1.023951e+02 4.894840e+01
         vertex 2.728143e+01 1.023951e+02 4.894840e+01
      endloop
   endfacet
   facet normal 0.000000e+00 2.588190e-01 -9.659258e-01
      outer loop
         vertex 2.728143e+01 1.023951e+02 4.894840e+01
         vertex 2.178143e+01 1.023951e+02 4.894840e+01
         vertex 2.178143e+01 1.037451e+02 4.931014e+01
      endloop
   endfacet
   facet normal -1.000000e+00 0.000000e+00 0.000000e+00
      outer loop
         vertex 2.178143e+01 1.000568e+02 5.299840e+01
         vertex 2.178143e+01 1.010451e+02 5.398667e+01
         vertex 2.178143e+01 1.023951e+02 5.164840e+01
      endloop
   endfacet
   facet normal -1.000000e+00 0.000000e+00 0.000000e+00
      outer loop
         vertex 2.178143e+01 1.023951e+02 5.164840e+01
         vertex 2.178143e+01 1.010451e+02 5.398667e+01
         vertex 2.178143e+01 1.023951e+02 5.434840e+01
      endloop
   endfacet
   facet normal -1.000000e+00 0.000000e+00 0.000000e+00
      outer loop
         vertex 2.178143e+01 1.023951e+02 5.164840e+01
         vertex 2.178143e+01 1.023951e+02 5.434840e+01
         vertex 2.178143e+01 1.037451e+02 5.398667e+01
      endloop
   endfacet
   facet normal -1.000000e+00 0.000000e+00 0.000000e+00
      outer loop
         vertex 2.178143e+01 1.010451e+02 4.931014e+01
         vertex 2.178143e+01 1.000568e+02 5.029840e+01
         vertex 2.178143e+01 1.023951e+02 5.164840e+01
      endloop
   endfacet
   facet normal -1.000000e+00 0.000000e+00 0.000000e+00
      outer loop
         vertex 2.178143e+01 1.023951e+02 5.164840e+01
         vertex 2.178143e+01 1.000568e+02 5.029840e+01
         vertex 2.178143e+01 9.969507e+01 5.164840e+01
      endloop
   endfacet
   facet normal -1.000000e+00 0.000000e+00 0.000000e+00
      outer loop
         vertex 2.178143e+01 1.023951e+02 5.164840e+01
         vertex 2.178143e+01 9.969507e+01 5.164840e+01
         vertex 2.178143e+01 1.000568e+02 5.299840e+01
      endloop
   endfacet
   facet normal -1.000000e+00 0.000000e+00 0.000000e+00
      outer loop
         vertex 2.178143e+01 1.047333e+02 5.029840e+01
         vertex 2.178143e+01 1.037451e+02 4.931014e+01
         vertex 2.178143e+01 1.023951e+02 5.164840e+01
      endloop
   endfacet
   facet normal -1.000000e+00 0.000000e+00 0.000000e+00
      outer loop
         vertex 2.178143e+01 1.023951e+02 5.164840e+01
         vertex 2.178143e+01 1.037451e+02 4.931014e+01
         vertex 2.178143e+01 1.023951e+02 4.894840e+01
      endloop
   endfacet
   facet normal -1.000000e+00 0.000000e+00 0.000000e+00
      outer loop
         vertex 2.178143e+01 1.023951e+02 5.164840e+01
         vertex 2.178143e+01 1.023951e+02 4.894840e+01
         vertex 2.178143e+01 1.010451e+02 4.931014e+01
      endloop
   endfacet
   facet normal -1.000000e+00 0.000000e+00 0.000000e+00
      outer loop
         vertex 2.178143e+01 1.037451e+02 5.398667e+01
         vertex 2.178143e+01 1.047333e+02 5.299840e+01
         vertex 2.178143e+01 1.023951e+02 5.164840e+01
      endloop
   endfacet
   facet normal -1.000000e+00 0.000000e+00 0.000000e+00
      outer loop
         vertex 2.178143e+01 1.023951e+02 5.164840e+01
         vertex 2.178143e+01 1.047333e+02 5.299840e+01
         vertex 2.178143e+01 1.050951e+02 5.164840e+01
      endloop
   endfacet
   facet normal -1.000000e+00 0.000000e+00 0.000000e+00
      outer loop
         vertex 2.178143e+01 1.023951e+02 5.164840e+01
         vertex 2.178143e+01 1.050951e+02 5.164840e+01
         vertex 2.178143e+01 1.047333e+02 5.029840e+01
      endloop
   endfacet
   facet normal 0.000000e+00 1.205366e-01 -9.927089e-01
      outer loop
         vertex 2.728143e+01 7.739507e+01 3.629840e+01
         vertex 2.178143e+01 8.106857e+01 3.674445e+01
         vertex 2.728143e+01 8.106857e+01 3.674445e+01
      endloop
   endfacet
   facet normal 0.000000e+00 3.546050e-01 -9.350162e-01
      outer loop
         vertex 2.728143e+01 8.106857e+01 3.674445e+01
         vertex 2.178143e+01 8.106857e+01 3.674445e+01
         vertex 2.178143e+01 8.452857e+01 3.805665e+01
      endloop
   endfacet
   facet normal 0.000000e+00 3.546050e-01 -9.350162e-01
      outer loop
         vertex 2.728143e+01 8.106857e+01 3.674445e+01
         vertex 2.178143e+01 8.452857e+01 3.805665e+01
         vertex 2.728143e+01 8.452857e+01 3.805665e+01
      endloop
   endfacet
   facet normal 0.000000e+00 5.680647e-01 -8.229839e-01
      outer loop
         vertex 2.728143e+01 8.452857e+01 3.805665e+01
         vertex 2.178143e+01 8.452857e+01 3.805665e+01
         vertex 2.178143e+01 8.757400e+01 4.015876e+01
      endloop
   endfacet
   facet normal 0.000000e+00 5.680647e-01 -8.229839e-01
      outer loop
         vertex 2.728143e+01 8.452857e+01 3.805665e+01
         vertex 2.178143e+01 8.757400e+01 4.015876e+01
         vertex 2.728143e+01 8.757400e+01 4.015876e+01
      endloop
   endfacet
   facet normal 0.000000e+00 7.485108e-01 -6.631226e-01
      outer loop
         vertex 2.728143e+01 8.757400e+01 4.015876e+01
         vertex 2.178143e+01 8.757400e+01 4.015876e+01
         vertex 2.178143e+01 9.002787e+01 4.292861e+01
      endloop
   endfacet
   facet normal 0.000000e+00 7.485108e-01 -6.631226e-01
      outer loop
         vertex 2.728143e+01 8.757400e+01 4.015876e+01
         vertex 2.178143e+01 9.002787e+01 4.292861e+01
         vertex 2.728143e+01 9.002787e+01 4.292861e+01
      endloop
   endfacet
   facet normal 0.000000e+00 8.854560e-01 -4.647233e-01
      outer loop
         vertex 2.728143e+01 9.002787e+01 4.292861e+01
         vertex 2.178143e+01 9.002787e+01 4.292861e+01
         vertex 2.178143e+01 9.174757e+01 4.620522e+01
      endloop
   endfacet
   facet normal 0.000000e+00 8.854560e-01 -4.647233e-01
      outer loop
         vertex 2.728143e+01 9.002787e+01 4.292861e+01
         vertex 2.178143e+01 9.174757e+01 4.620522e+01
         vertex 2.728143e+01 9.174757e+01 4.620522e+01
      endloop
   endfacet
   facet normal 0.000000e+00 9.709418e-01 -2.393156e-01
      outer loop
         vertex 2.728143e+01 9.174757e+01 4.620522e+01
         vertex 2.178143e+01 9.174757e+01 4.620522e+01
         vertex 2.178143e+01 9.263315e+01 4.979817e+01
      endloop
   endfacet
   facet normal 0.000000e+00 9.709418e-01 -2.393156e-01
      outer loop
         vertex 2.728143e+01 9.174757e+01 4.620522e+01
         vertex 2.178143e+01 9.263315e+01 4.979817e+01
         vertex 2.728143e+01 9.263315e+01 4.979817e+01
      endloop
   endfacet
   facet normal 0.000000e+00 1.000000e+00 5.551115e-17
      outer loop
         vertex 2.728143e+01 9.263315e+01 4.979817e+01
         vertex 2.178143e+01 9.263315e+01 4.979817e+01
         vertex 2.178143e+01 9.263315e+01 5.349864e+01
      endloop
   endfacet
   facet normal 0.000000e+00 1.000000e+00 5.551115e-17
      outer loop
         vertex 2.728143e+01 9.263315e+01 4.979817e+01
         vertex 2.178143e+01 9.263315e+01 5.349864e+01
         vertex 2.728143e+01 9.263315e+01 5.349864e+01
      endloop
   endfacet
   facet normal 0.000000e+00 9.709418e-01 2.393156e-01
      outer loop
         vertex 2.728143e+01 9.263315e+01 5.349864e+01
         vertex 2.178143e+01 9.263315e+01 5.349864e+01
         vertex 2.178143e+01 9.174757e+01 5.709159e+01
      endloop
   endfacet
   facet normal 0.000000e+00 9.709418e-01 2.393156e-01
      outer loop
         vertex 2.728143e+01 9.263315e+01 5.349864e+01
         vertex 2.178143e+01 9.174757e+01 5.709159e+01
         vertex 2.728143e+01 9.174757e+01 5.709159e+01
      endloop
   endfacet
   facet normal 0.000000e+00 8.854560e-01 4.647233e-01
      outer loop
         vertex 2.728143e+01 9.174757e+01 5.709159e+01
         vertex 2.178143e+01 9.174757e+01 5.709159e+01
         vertex 2.178143e+01 9.002787e+01 6.036820e+01
      endloop
   endfacet
   facet normal 0.000000e+00 8.854560e-01 4.647233e-01
      outer loop
         vertex 2.728143e+01 9.174757e+01 5.709159e+01
         vertex 2.178143e+01 9.002787e+01 6.036820e+01
         vertex 2.728143e+01 9.002787e+01 6.036820e+01
      endloop
   endfacet
   facet normal 0.000000e+00 7.485108e-01 6.631226e-01
      outer loop
         vertex 2.728143e+01 9.002787e+01 6.036820e+01
         vertex 2.178143e+01 9.002787e+01 6.036820e+01
         vertex 2.178143e+01 8.757400e+01 6.313804e+01
      endloop
   endfacet
   facet normal 0.000000e+00 7.485108e-01 6.631226e-01
      outer loop
         vertex 2.728143e+01 9.002787e+01 6.036820e+01
         vertex 2.178143e+01 8.757400e+01 6.313804e+01
         vertex 2.728143e+01 8.757400e+01 6.313804e+01
      endloop
   endfacet
   facet normal 0.000000e+00 5.680647e-01 8.229839e-01
      outer loop
         vertex 2.728143e+01 8.757400e+01 6.313804e+01
         vertex 2.178143e+01 8.757400e+01 6.313804e+01
         vertex 2.178143e+01 8.452857e+01 6.524015e+01
      endloop
   endfacet
   facet normal 0.000000e+00 5.680647e-01 8.229839e-01
      outer loop
         vertex 2.728143e+01 8.757400e+01 6.313804e+01
         vertex 2.178143e+01 8.452857e+01 6.524015e+01
         vertex 2.728143e+01 8.452857e+01 6.524015e+01
      endloop
   endfacet
   facet normal 0.000000e+00 3.546050e-01 9.350162e-01
      outer loop
         vertex 2.728143e+01 8.452857e+01 6.524015e+01
         vertex 2.178143e+01 8.452857e+01 6.524015e+01
         vertex 2.178143e+01 8.106857e+01 6.655236e+01
      endloop
   endfacet
   facet normal 0.000000e+00 3.546050e-01 9.350162e-01
      outer loop
         vertex 2.728143e+01 8.452857e+01 6.524015e+01
         vertex 2.178143e+01 8.106857e+01 6.655236e+01
         vertex 2.728143e+01 8.106857e+01 6.655236e+01
      endloop
   endfacet
   facet normal 0.000000e+00 1.205366e-01 9.927089e-01
      outer loop
         vertex 2.728143e+01 8.106857e+01 6.655236e+01
         vertex 2.178143e+01 8.106857e+01 6.655236e+01
         vertex 2.178143e+01 7.739507e+01 6.699840e+01
      endloop
   endfacet
   facet normal 0.000000e+00 1.205366e-01 9.927089e-01
      outer loop
         vertex 2.728143e+01 8.106857e+01 6.655236e+01
         vertex 2.178143e+01 7.739507e+01 6.699840e+01
         vertex 2.728143e+01 7.739507e+01 6.699840e+01
      endloop
   endfacet
   facet normal 0.000000e+00 -1.205366e-01 9.927089e-01
      outer loop
         vertex 2.728143e+01 7.739507e+01 6.699840e+01
         vertex 2.178143e+01 7.739507e+01 6.699840e+01
         vertex 2.178143e+01 7.372157e+01 6.655236e+01
      endloop
   endfacet
   facet normal 0.000000e+00 -1.205366e-01 9.927089e-01
      outer loop
         vertex 2.728143e+01 7.739507e+01 6.699840e+01
         vertex 2.178143e+01 7.372157e+01 6.655236e+01
         vertex 2.728143e+01 7.372157e+01 6.655236e+01
      endloop
   endfacet
   facet normal 0.000000e+00 -3.546050e-01 9.350162e-01
      outer loop
         vertex 2.728143e+01 7.372157e+01 6.655236e+01
         vertex 2.178143e+01 7.372157e+01 6.655236e+01
         vertex 2.178143e+01 7.026157e+01 6.524015e+01
      endloop
   endfacet
   facet normal 0.000000e+00 -3.546050e-01 9.350162e-01
      outer loop
         vertex 2.728143e+01 7.372157e+01 6.655236e+01
         vertex 2.178143e+01 7.026157e+01 6.524015e+01
         vertex 2.728143e+01 7.026157e+01 6.524015e+01
      endloop
   endfacet
   facet normal 0.000000e+00 -5.680647e-01 8.229839e-01
      outer loop
         vertex 2.728143e+01 7.026157e+01 6.524015e+01
         vertex 2.178143e+01 7.026157e+01 6.524015e+01
         vertex 2.178143e+01 6.721614e+01 6.313804e+01
      endloop
   endfacet
   facet normal 0.000000e+00 -5.680647e-01 8.229839e-01
      outer loop
         vertex 2.728143e+01 7.026157e+01 6.524015e+01
         vertex 2.178143e+01 6.721614e+01 6.313804e+01
         vertex 2.728143e+01 6.721614e+01 6.313804e+01
      endloop
   endfacet
   facet normal 0.000000e+00 -7.485108e-01 6.631226e-01
      outer loop
         vertex 2.728143e+01 6.721614e+01 6.313804e+01
         vertex 2.178143e+01 6.721614e+01 6.313804e+01
         vertex 2.178143e+01 6.476227e+01 6.036820e+01
      endloop
   endfacet
   facet normal 0.000000e+00 -7.485108e-01 6.631226e-01
      outer loop
         vertex 2.728143e+01 6.721614e+01 6.313804e+01
         vertex 2.178143e+01 6.476227e+01 6.036820e+01
         vertex 2.728143e+01 6.476227e+01 6.036820e+01
      endloop
   endfacet
   facet normal 0.000000e+00 -8.854560e-01 4.647233e-01
      outer loop
         vertex 2.728143e+01 6.476227e+01 6.036820e+01
         vertex 2.178143e+01 6.476227e+01 6.036820e+01
         vertex 2.178143e+01 6.304257e+01 5.709159e+01
      endloop
   endfacet
   facet normal 0.000000e+00 -8.854560e-01 4.647233e-01
      outer loop
         vertex 2.728143e+01 6.476227e+01 6.036820e+01
         vertex 2.178143e+01 6.304257e+01 5.709159e+01
         vertex 2.728143e+01 6.304257e+01 5.709159e+01
      endloop
   endfacet
   facet normal 0.000000e+00 -9.709418e-01 2.393156e-01
      outer loop
         vertex 2.728143e+01 6.304257e+01 5.709159e+01
         vertex 2.178143e+01 6.304257e+01 5.709159e+01
         vertex 2.178143e+01 6.215699e+01 5.349864e+01
      endloop
   endfacet
   facet normal 0.000000e+00 -9.709418e-01 2.393156e-01
      outer loop
         vertex 2.728143e+01 6.304257e+01 5.709159e+01
         vertex 2.178143e+01 6.215699e+01 5.349864e+01
         vertex 2.728143e+01 6.215699e+01 5.349864e+01
      endloop
   endfacet
   facet normal 0.000000e+00 -1.000000e+00 -5.551115e-17
      outer loop
         vertex 2.728143e+01 6.215699e+01 5.349864e+01
         vertex 2.178143e+01 6.215699e+01 5.349864e+01
         vertex 2.178143e+01 6.215699e+01 4.979817e+01
      endloop
   endfacet
   facet normal 0.000000e+00 -1.000000e+00 -5.551115e-17
      outer loop
         vertex 2.728143e+01 6.215699e+01 5.349864e+01
         vertex 2.178143e+01 6.215699e+01 4.979817e+01
         vertex 2.728143e+01 6.215699e+01 4.979817e+01
      endloop
   endfacet
   facet normal -0.000000e+00 -9.709418e-01 -2.393156e-01
      outer loop
         vertex 2.728143e+01 6.215699e+01 4.979817e+01
         vertex 2.178143e+01 6.215699e+01 4.979817e+01
         vertex 2.178143e+01 6.304257e+01 4.620522e+01
      endloop
   endfacet
   facet normal -0.000000e+00 -9.709418e-01 -2.393156e-01
      outer loop
         vertex 2.728143e+01 6.215699e+01 4.979817e+01
         vertex 2.178143e+01 6.304257e+01 4.620522e+01
         vertex 2.728143e+01 6.304257e+01 4.620522e+01
      endloop
   endfacet
   facet normal -0.000000e+00 -8.854560e-01 -4.647233e-01
      outer loop
         vertex 2.728143e+01 6.304257e+01 4.620522e+01
         vertex 2.178143e+01 6.304257e+01 4.620522e+01
         vertex 2.178143e+01 6.476227e+01 4.292861e+01
      endloop
   endfacet
   facet normal -0.000000e+00 -8.854560e-01 -4.647233e-01
      outer loop
         vertex 2.728143e+01 6.304257e+01 4.620522e+01
         vertex 2.178143e+01 6.476227e+01 4.292861e+01
         vertex 2.728143e+01 6.476227e+01 4.292861e+01
      endloop
   endfacet
   facet normal -0.000000e+00 -7.485108e-01 -6.631226e-01
      outer loop
         vertex 2.728143e+01 6.476227e+01 4.292861e+01
         vertex 2.178143e+01 6.476227e+01 4.292861e+01
         vertex 2.178143e+01 6.721614e+01 4.015876e+01
      endloop
   endfacet
   facet normal -0.000000e+00 -7.485108e-01 -6.631226e-01
      outer loop
         vertex 2.728143e+01 6.476227e+01 4.292861e+01
         vertex 2.178143e+01 6.721614e+01 4.015876e+01
         vertex 2.728143e+01 6.721614e+01 4.015876e+01
      endloop
   endfacet
   facet normal -0.000000e+00 -5.680647e-01 -8.229839e-01
      outer loop
         vertex 2.728143e+01 6.721614e+01 4.015876e+01
         vertex 2.178143e+01 6.721614e+01 4.015876e+01
         vertex 2.178143e+01 7.026157e+01 3.805665e+01
      endloop
   endfacet
   facet normal -0.000000e+00 -5.680647e-01 -8.229839e-01
      outer loop
         vertex 2.728143e+01 6.721614e+01 4.015876e+01
         vertex 2.178143e+01 7.026157e+01 3.805665e+01
         vertex 2.728143e+01 7.026157e+01 3.805665e+01
      endloop
   endfacet
   facet normal -0.000000e+00 -3.546050e-01 -9.350162e-01
      outer loop
         vertex 2.728143e+01 7.026157e+01 3.805665e+01
         vertex 2.178143e+01 7.026157e+01 3.805665e+01
         vertex 2.178143e+01 7.372157e+01 3.674445e+01
      endloop
   endfacet
   facet normal -0.000000e+00 -3.546050e-01 -9.350162e-01
      outer loop
         vertex 2.728143e+01 7.026157e+01 3.805665e+01
         vertex 2.178143e+01 7.372157e+01 3.674445e+01
         vertex 2.728143e+01 7.372157e+01 3.674445e+01
      endloop
   endfacet
   facet normal -0.000000e+00 -1.205366e-01 -9.927089e-01
      outer loop
         vertex 2.728143e+01 7.372157e+01 3.674445e+01
         vertex 2.178143e+01 7.372157e+01 3.674445e+01
         vertex 2.178143e+01 7.739507e+01 3.629840e+01
      endloop
   endfacet
   facet normal -0.000000e+00 -1.205366e-01 -9.927089e-01
      outer loop
         vertex 2.728143e+01 7.372157e+01 3.674445e+01
         vertex 2.178143e+01 7.739507e+01 3.629840e+01
         vertex 2.728143e+01 7.739507e+01 3.629840e+01
      endloop
   endfacet
   facet normal 0.000000e+00 1.205366e-01 -9.927089e-01
      outer loop
         vertex 2.728143e+01 7.739507e+01 3.629840e+01
         vertex 2.178143e+01 7.739507e+01 3.629840e+01
         vertex 2.178143e+01 8.106857e+01 3.674445e+01
      endloop
   endfacet
   facet normal -1.000000e+00 0.000000e+00 0.000000e+00
      outer loop
         vertex 2.178143e+01 7.739507e+01 6.699840e+01
         vertex 2.178143e+01 8.106857e+01 6.655236e+01
         vertex 2.178143e+01 7.739507e+01 5.164840e+01
      endloop
   endfacet
   facet normal -1.000000e+00 0.000000e+00 0.000000e+00
      outer loop
         vertex 2.178143e+01 7.739507e+01 6.699840e+01
         vertex 2.178143e+01 7.739507e+01 5.164840e+01
         vertex 2.178143e+01 7.372157e+01 6.655236e+01
      endloop
   endfacet
   facet normal -1.000000e+00 0.000000e+00 0.000000e+00
      outer loop
         vertex 2.178143e+01 6.476227e+01 6.036820e+01
         vertex 2.178143e+01 6.721614e+01 6.313804e+01
         vertex 2.178143e+01 7.739507e+01 5.164840e+01
      endloop
   endfacet
   facet normal -1.000000e+00 0.000000e+00 0.000000e+00
      outer loop
         vertex 2.178143e+01 7.739507e+01 5.164840e+01
         vertex 2.178143e+01 6.721614e+01 6.313804e+01
         vertex 2.178143e+01 7.026157e+01 6.524015e+01
      endloop
   endfacet
   facet normal -1.000000e+00 0.000000e+00 0.000000e+00
      outer loop
         vertex 2.178143e+01 7.739507e+01 5.164840e+01
         vertex 2.178143e+01 7.026157e+01 6.524015e+01
         vertex 2.178143e+01 7.372157e+01 6.655236e+01
      endloop
   endfacet
   facet normal -1.000000e+00 0.000000e+00 0.000000e+00
      outer loop
         vertex 2.178143e+01 6.215699e+01 4.979817e+01
         vertex 2.178143e+01 6.215699e+01 5.349864e+01
         vertex 2.178143e+01 7.739507e+01 5.164840e+01
      endloop
   endfacet
   facet normal -1.000000e+00 0.000000e+00 0.000000e+00
      outer loop
         vertex 2.178143e+01 7.739507e+01 5.164840e+01
         vertex 2.178143e+01 6.215699e+01 5.349864e+01
         vertex 2.178143e+01 6.304257e+01 5.709159e+01
      endloop
   endfacet
   facet normal -1.000000e+00 0.000000e+00 0.000000e+00
      outer loop
         vertex 2.178143e+01 7.739507e+01 5.164840e+01
         vertex 2.178143e+01 6.304257e+01 5.709159e+01
         vertex 2.178143e+01 6.476227e+01 6.036820e+01
      endloop
   endfacet
   facet normal -1.000000e+00 0.000000e+00 0.000000e+00
      outer loop
         vertex 2.178143e+01 6.721614e+01 4.015876e+01
         vertex 2.178143e+01 6.476227e+01 4.292861e+01
         vertex 2.178143e+01 7.739507e+01 5.164840e+01
      endloop
   endfacet
   facet normal -1.000000e+00 0.000000e+00 0.000000e+00
      outer loop
         vertex 2.178143e+01 7.739507e+01 5.164840e+01
         vertex 2.178143e+01 6.476227e+01 4.292861e+01
         vertex 2.178143e+01 6.304257e+01 4.620522e+01
      endloop
   endfacet
   facet normal -1.000000e+00 0.000000e+00 0.000000e+00
      outer loop
         vertex 2.178143e+01 7.739507e+01 5.164840e+01
         vertex 2.178143e+01 6.304257e+01 4.620522e+01
         vertex 2.178143e+01 6.215699e+01 4.979817e+01
      endloop
   endfacet
   facet normal -1.000000e+00 0.000000e+00 0.000000e+00
      outer loop
         vertex 2.178143e+01 7.739507e+01 3.629840e+01
         vertex 2.178143e+01 7.372157e+01 3.674445e+01
         vertex 2.178143e+01 7.739507e+01 5.164840e+01
      endloop
   endfacet
   facet normal -1.000000e+00 0.000000e+00 0.000000e+00
      outer loop
         vertex 2.178143e+01 7.739507e+01 5.164840e+01
         vertex 2.178143e+01 7.372157e+01 3.674445e+01
         vertex 2.178143e+01 7.026157e+01 3.805665e+01
      endloop
   endfacet
   facet normal -1.000000e+00 0.000000e+00 0.000000e+00
      outer loop
         vertex 2.178143e+01 7.739507e+01 5.164840e+01
         vertex 2.178143e+01 7.026157e+01 3.805665e+01
         vertex 2.178143e+01 6.721614e+01 4.015876e+01
      endloop
   endfacet
   facet normal -1.000000e+00 0.000000e+00 0.000000e+00
      outer loop
         vertex 2.178143e+01 8.757400e+01 4.015876e+01
         vertex 2.178143e+01 8.452857e+01 3.805665e+01
         vertex 2.178143e+01 7.739507e+01 5.164840e+01
      endloop
   endfacet
   facet normal -1.000000e+00 0.000000e+00 0.000000e+00
      outer loop
         vertex 2.178143e+01 7.739507e+01 5.164840e+01
         vertex 2.178143e+01 8.452857e+01 3.805665e+01
         vertex 2.178143e+01 8.106857e+01 3.674445e+01
      endloop
   endfacet
   facet normal -1.000000e+00 0.000000e+00 0.000000e+00
      outer loop
         vertex 2.178143e+01 7.739507e+01 5.164840e+01
         vertex 2.178143e+01 8.106857e+01 3.674445e+01
         vertex 2.178143e+01 7.739507e+01 3.629840e+01
      endloop
   endfacet
   facet normal -1.000000e+00 0.000000e+00 0.000000e+00
      outer loop
         vertex 2.178143e+01 9.263315e+01 4.979817e+01
         vertex 2.178143e+01 9.174757e+01 4.620522e+01
         vertex 2.178143e+01 7.739507e+01 5.164840e+01
      endloop
   endfacet
   facet normal -1.000000e+00 0.000000e+00 0.000000e+00
      outer loop
         vertex 2.178143e+01 7.739507e+01 5.164840e+01
         vertex 2.178143e+01 9.174757e+01 4.620522e+01
         vertex 2.178143e+01 9.002787e+01 4.292861e+01
      endloop
   endfacet
   facet normal -1.000000e+00 0.000000e+00 0.000000e+00
      outer loop
         vertex 2.178143e+01 7.739507e+01 5.164840e+01
         vertex 2.178143e+01 9.002787e+01 4.292861e+01
         vertex 2.178143e+01 8.757400e+01 4.015876e+01
      endloop
   endfacet
   facet normal -1.000000e+00 0.000000e+00 0.000000e+00
      outer loop
         vertex 2.178143e+01 9.002787e+01 6.036820e+01
         vertex 2.178143e+01 9.174757e+01 5.709159e+01
         vertex 2.178143e+01 7.739507e+01 5.164840e+01
      endloop
   endfacet
   facet normal -1.000000e+00 0.000000e+00 0.000000e+00
      outer loop
         vertex 2.178143e+01 7.739507e+01 5.164840e+01
         vertex 2.178143e+01 9.174757e+01 5.709159e+01
         vertex 2.178143e+01 9.263315e+01 5.349864e+01
      endloop
   endfacet
   facet normal -1.000000e+00 0.000000e+00 0.000000e+00
      outer loop
         vertex 2.178143e+01 7.739507e+01 5.164840e+01
         vertex 2.178143e+01 9.263315e+01 5.349864e+01
         vertex 2.178143e+01 9.263315e+01 4.979817e+01
      endloop
   endfacet
   facet normal -1.000000e+00 0.000000e+00 0.000000e+00
      outer loop
         vertex 2.178143e+01 8.106857e+01 6.655236e+01
         vertex 2.178143e+01 8.452857e+01 6.524015e+01
         vertex 2.178143e+01 7.739507e+01 5.164840e+01
      endloop
   endfacet
   facet normal -1.000000e+00 0.000000e+00 0.000000e+00
      outer loop
         vertex 2.178143e+01 7.739507e+01 5.164840e+01
         vertex 2.178143e+01 8.452857e+01 6.524015e+01
         vertex 2.178143e+01 8.757400e+01 6.313804e+01
      endloop
   endfacet
   facet normal -1.000000e+00 0.000000e+00 0.000000e+00
      outer loop
         vertex 2.178143e+01 7.739507e+01 5.164840e+01
         vertex 2.178143e+01 8.757400e+01 6.313804e+01
         vertex 2.178143e+01 9.002787e+01 6.036820e+01
      endloop
   endfacet
   facet normal 0.000000e+00 -7.206339e-01 6.933158e-01
      outer loop
         vertex 2.878143e+01 6.284766e+01 2.944840e+01
         vertex 3.528143e+01 6.284766e+01 2.944840e+01
         vertex 2.878143e+01 6.435727e+01 3.101749e+01
      endloop
   endfacet
   facet normal 0.000000e+00 -7.206339e-01 6.933158e-01
      outer loop
         vertex 2.878143e+01 6.435727e+01 3.101749e+01
         vertex 3.528143e+01 6.284766e+01 2.944840e+01
         vertex 3.528143e+01 6.435727e+01 3.101749e+01
      endloop
   endfacet
   facet normal 0.000000e+00 -9.332062e-01 3.593414e-01
      outer loop
         vertex 2.878143e+01 6.435727e+01 3.101749e+01
         vertex 3.528143e+01 6.435727e+01 3.101749e+01
         vertex 2.878143e+01 6.513969e+01 3.304943e+01
      endloop
   endfacet
   facet normal 0.000000e+00 -9.332062e-01 3.593414e-01
      outer loop
         vertex 2.878143e+01 6.513969e+01 3.304943e+01
         vertex 3.528143e+01 6.435727e+01 3.101749e+01
         vertex 3.528143e+01 6.513969e+01 3.304943e+01
      endloop
   endfacet
   facet normal 0.000000e+00 -9.995209e-01 -3.095038e-02
      outer loop
         vertex 2.878143e+01 6.513969e+01 3.304943e+01
         vertex 3.528143e+01 6.513969e+01 3.304943e+01
         vertex 2.878143e+01 6.507230e+01 3.522576e+01
      endloop
   endfacet
   facet normal 0.000000e+00 -9.995209e-01 -3.095038e-02
      outer loop
         vertex 2.878143e+01 6.507230e+01 3.522576e+01
         vertex 3.528143e+01 6.513969e+01 3.304943e+01
         vertex 3.528143e+01 6.507230e+01 3.522576e+01
      endloop
   endfacet
   facet normal 0.000000e+00 -9.091851e-01 -4.163922e-01
      outer loop
         vertex 2.878143e+01 6.507230e+01 3.522576e+01
         vertex 3.528143e+01 6.507230e+01 3.522576e+01
         vertex 2.878143e+01 6.416566e+01 3.720539e+01
      endloop
   endfacet
   facet normal 0.000000e+00 -9.091851e-01 -4.163922e-01
      outer loop
         vertex 2.878143e+01 6.416566e+01 3.720539e+01
         vertex 3.528143e+01 6.507230e+01 3.522576e+01
         vertex 3.528143e+01 6.416566e+01 3.720539e+01
      endloop
   endfacet
   facet normal 0.000000e+00 -6.763567e-01 -7.365743e-01
      outer loop
         vertex 2.878143e+01 6.416566e+01 3.720539e+01
         vertex 3.528143e+01 6.416566e+01 3.720539e+01
         vertex 2.878143e+01 6.256186e+01 3.867808e+01
      endloop
   endfacet
   facet normal 0.000000e+00 -6.763567e-01 -7.365743e-01
      outer loop
         vertex 2.878143e+01 6.256186e+01 3.867808e+01
         vertex 3.528143e+01 6.416566e+01 3.720539e+01
         vertex 3.528143e+01 6.256186e+01 3.867808e+01
      endloop
   endfacet
   facet normal 0.000000e+00 -3.375259e-01 -9.413162e-01
      outer loop
         vertex 2.878143e+01 6.256186e+01 3.867808e+01
         vertex 3.528143e+01 6.256186e+01 3.867808e+01
         vertex 2.878143e+01 6.051226e+01 3.941299e+01
      endloop
   endfacet
   facet normal 0.000000e+00 -3.375259e-01 -9.413162e-01
      outer loop
         vertex 2.878143e+01 6.051226e+01 3.941299e+01
         vertex 3.528143e+01 6.256186e+01 3.867808e+01
         vertex 3.528143e+01 6.051226e+01 3.941299e+01
      endloop
   endfacet
   facet normal 0.000000e+00 5.420382e-02 -9.985299e-01
      outer loop
         vertex 2.878143e+01 6.051226e+01 3.941299e+01
         vertex 3.528143e+01 6.051226e+01 3.941299e+01
         vertex 2.878143e+01 5.833809e+01 3.929497e+01
      endloop
   endfacet
   facet normal 0.000000e+00 5.420382e-02 -9.985299e-01
      outer loop
         vertex 2.878143e+01 5.833809e+01 3.929497e+01
         vertex 3.528143e+01 6.051226e+01 3.941299e+01
         vertex 3.528143e+01 5.833809e+01 3.929497e+01
      endloop
   endfacet
   facet normal 0.000000e+00 4.374386e-01 -8.992483e-01
      outer loop
         vertex 2.878143e+01 5.833809e+01 3.929497e+01
         vertex 3.528143e+01 5.833809e+01 3.929497e+01
         vertex 2.878143e+01 5.638009e+01 3.834251e+01
      endloop
   endfacet
   facet normal 0.000000e+00 4.374386e-01 -8.992483e-01
      outer loop
         vertex 2.878143e+01 5.638009e+01 3.834251e+01
         vertex 3.528143e+01 5.833809e+01 3.929497e+01
         vertex 3.528143e+01 5.638009e+01 3.834251e+01
      endloop
   endfacet
   facet normal 0.000000e+00 7.521157e-01 -6.590310e-01
      outer loop
         vertex 2.878143e+01 5.638009e+01 3.834251e+01
         vertex 3.528143e+01 5.638009e+01 3.834251e+01
         vertex 2.878143e+01 5.494514e+01 3.670487e+01
      endloop
   endfacet
   facet normal 0.000000e+00 7.521157e-01 -6.590310e-01
      outer loop
         vertex 2.878143e+01 5.494514e+01 3.670487e+01
         vertex 3.528143e+01 5.638009e+01 3.834251e+01
         vertex 3.528143e+01 5.494514e+01 3.670487e+01
      endloop
   endfacet
   facet normal 0.000000e+00 9.489163e-01 -3.155278e-01
      outer loop
         vertex 2.878143e+01 5.494514e+01 3.670487e+01
         vertex 3.528143e+01 5.494514e+01 3.670487e+01
         vertex 2.878143e+01 5.425812e+01 3.463873e+01
      endloop
   endfacet
   facet normal 0.000000e+00 9.489163e-01 -3.155278e-01
      outer loop
         vertex 2.878143e+01 5.425812e+01 3.463873e+01
         vertex 3.528143e+01 5.494514e+01 3.670487e+01
         vertex 3.528143e+01 5.425812e+01 3.463873e+01
      endloop
   endfacet
   facet normal 0.000000e+00 9.969979e-01 7.742810e-02
      outer loop
         vertex 2.878143e+01 5.425812e+01 3.463873e+01
         vertex 3.528143e+01 5.425812e+01 3.463873e+01
         vertex 2.878143e+01 5.442671e+01 3.246789e+01
      endloop
   endfacet
   facet normal 0.000000e+00 9.969979e-01 7.742810e-02
      outer loop
         vertex 2.878143e+01 5.442671e+01 3.246789e+01
         vertex 3.528143e+01 5.425812e+01 3.463873e+01
         vertex 3.528143e+01 5.442671e+01 3.246789e+01
      endloop
   endfacet
   facet normal 0.000000e+00 8.888241e-01 4.582486e-01
      outer loop
         vertex 2.878143e+01 5.442671e+01 3.246789e+01
         vertex 3.528143e+01 5.442671e+01 3.246789e+01
         vertex 2.878143e+01 5.542448e+01 3.053259e+01
      endloop
   endfacet
   facet normal 0.000000e+00 8.888241e-01 4.582486e-01
      outer loop
         vertex 2.878143e+01 5.542448e+01 3.053259e+01
         vertex 3.528143e+01 5.442671e+01 3.246789e+01
         vertex 3.528143e+01 5.542448e+01 3.053259e+01
      endloop
   endfacet
   facet normal 0.000000e+00 6.413491e-01 7.672492e-01
      outer loop
         vertex 2.878143e+01 5.542448e+01 3.053259e+01
         vertex 3.528143e+01 5.542448e+01 3.053259e+01
         vertex 2.878143e+01 5.709507e+01 2.913613e+01
      endloop
   endfacet
   facet normal 0.000000e+00 6.413491e-01 7.672492e-01
      outer loop
         vertex 2.878143e+01 5.709507e+01 2.913613e+01
         vertex 3.528143e+01 5.542448e+01 3.053259e+01
         vertex 3.528143e+01 5.709507e+01 2.913613e+01
      endloop
   endfacet
   facet normal 1.000000e+00 0.000000e+00 0.000000e+00
      outer loop
         vertex 2.878143e+01 5.542448e+01 3.053259e+01
         vertex 2.878143e+01 5.709507e+01 2.913613e+01
         vertex 2.878143e+01 5.709507e+01 2.944840e+01
      endloop
   endfacet
   facet normal 1.000000e+00 0.000000e+00 0.000000e+00
      outer loop
         vertex 2.878143e+01 5.707602e+01 3.244573e+01
         vertex 2.878143e+01 5.542448e+01 3.053259e+01
         vertex 2.878143e+01 5.819240e+01 3.132936e+01
      endloop
   endfacet
   facet normal 1.000000e+00 0.000000e+00 0.000000e+00
      outer loop
         vertex 2.878143e+01 5.819240e+01 3.132936e+01
         vertex 2.878143e+01 5.542448e+01 3.053259e+01
         vertex 2.878143e+01 5.709507e+01 2.944840e+01
      endloop
   endfacet
   facet normal 1.000000e+00 0.000000e+00 0.000000e+00
      outer loop
         vertex 2.878143e+01 5.819240e+01 3.132936e+01
         vertex 2.878143e+01 5.709507e+01 2.944840e+01
         vertex 2.878143e+01 5.971740e+01 3.092073e+01
      endloop
   endfacet
   facet normal 1.000000e+00 0.000000e+00 0.000000e+00
      outer loop
         vertex 2.878143e+01 5.971740e+01 3.092073e+01
         vertex 2.878143e+01 5.709507e+01 2.944840e+01
         vertex 2.878143e+01 6.284766e+01 2.944840e+01
      endloop
   endfacet
   facet normal 1.000000e+00 0.000000e+00 0.000000e+00
      outer loop
         vertex 2.878143e+01 5.971740e+01 3.092073e+01
         vertex 2.878143e+01 6.284766e+01 2.944840e+01
         vertex 2.878143e+01 6.124240e+01 3.132936e+01
      endloop
   endfacet
   facet normal 1.000000e+00 -0.000000e+00 0.000000e+00
      outer loop
         vertex 2.878143e+01 5.971740e+01 3.702073e+01
         vertex 2.878143e+01 5.833809e+01 3.929497e+01
         vertex 2.878143e+01 5.819240e+01 3.661211e+01
      endloop
   endfacet
   facet normal 1.000000e+00 0.000000e+00 0.000000e+00
      outer loop
         vertex 2.878143e+01 5.819240e+01 3.661211e+01
         vertex 2.878143e+01 5.833809e+01 3.929497e+01
         vertex 2.878143e+01 5.638009e+01 3.834251e+01
      endloop
   endfacet
   facet normal 1.000000e+00 -0.000000e+00 0.000000e+00
      outer loop
         vertex 2.878143e+01 5.819240e+01 3.661211e+01
         vertex 2.878143e+01 5.638009e+01 3.834251e+01
         vertex 2.878143e+01 5.707602e+01 3.549574e+01
      endloop
   endfacet
   facet normal 1.000000e+00 0.000000e+00 0.000000e+00
      outer loop
         vertex 2.878143e+01 5.707602e+01 3.549574e+01
         vertex 2.878143e+01 5.638009e+01 3.834251e+01
         vertex 2.878143e+01 5.494514e+01 3.670487e+01
      endloop
   endfacet
   facet normal 1.000000e+00 -0.000000e+00 0.000000e+00
      outer loop
         vertex 2.878143e+01 5.707602e+01 3.549574e+01
         vertex 2.878143e+01 5.494514e+01 3.670487e+01
         vertex 2.878143e+01 5.666740e+01 3.397073e+01
      endloop
   endfacet
   facet normal 1.000000e+00 0.000000e+00 0.000000e+00
      outer loop
         vertex 2.878143e+01 5.666740e+01 3.397073e+01
         vertex 2.878143e+01 5.494514e+01 3.670487e+01
         vertex 2.878143e+01 5.425812e+01 3.463873e+01
      endloop
   endfacet
   facet normal 1.000000e+00 0.000000e+00 -0.000000e+00
      outer loop
         vertex 2.878143e+01 5.666740e+01 3.397073e+01
         vertex 2.878143e+01 5.425812e+01 3.463873e+01
         vertex 2.878143e+01 5.707602e+01 3.244573e+01
      endloop
   endfacet
   facet normal 1.000000e+00 0.000000e+00 0.000000e+00
      outer loop
         vertex 2.878143e+01 5.707602e+01 3.244573e+01
         vertex 2.878143e+01 5.425812e+01 3.463873e+01
         vertex 2.878143e+01 5.442671e+01 3.246789e+01
      endloop
   endfacet
   facet normal 1.000000e+00 -0.000000e+00 0.000000e+00
      outer loop
         vertex 2.878143e+01 5.707602e+01 3.244573e+01
         vertex 2.878143e+01 5.442671e+01 3.246789e+01
         vertex 2.878143e+01 5.542448e+01 3.053259e+01
      endloop
   endfacet
   facet normal 1.000000e+00 0.000000e+00 0.000000e+00
      outer loop
         vertex 2.878143e+01 6.124240e+01 3.132936e+01
         vertex 2.878143e+01 6.284766e+01 2.944840e+01
         vertex 2.878143e+01 6.235878e+01 3.244573e+01
      endloop
   endfacet
   facet normal 1.000000e+00 0.000000e+00 0.000000e+00
      outer loop
         vertex 2.878143e+01 6.235878e+01 3.244573e+01
         vertex 2.878143e+01 6.284766e+01 2.944840e+01
         vertex 2.878143e+01 6.435727e+01 3.101749e+01
      endloop
   endfacet
   facet normal 1.000000e+00 0.000000e+00 0.000000e+00
      outer loop
         vertex 2.878143e+01 6.235878e+01 3.244573e+01
         vertex 2.878143e+01 6.435727e+01 3.101749e+01
         vertex 2.878143e+01 6.276740e+01 3.397073e+01
      endloop
   endfacet
   facet normal 1.000000e+00 0.000000e+00 0.000000e+00
      outer loop
         vertex 2.878143e+01 6.435727e+01 3.101749e+01
         vertex 2.878143e+01 6.513969e+01 3.304943e+01
         vertex 2.878143e+01 6.276740e+01 3.397073e+01
      endloop
   endfacet
   facet normal 1.000000e+00 0.000000e+00 0.000000e+00
      outer loop
         vertex 2.878143e+01 6.276740e+01 3.397073e+01
         vertex 2.878143e+01 6.513969e+01 3.304943e+01
         vertex 2.878143e+01 6.507230e+01 3.522576e+01
      endloop
   endfacet
   facet normal 1.000000e+00 0.000000e+00 0.000000e+00
      outer loop
         vertex 2.878143e+01 6.276740e+01 3.397073e+01
         vertex 2.878143e+01 6.507230e+01 3.522576e+01
         vertex 2.878143e+01 6.235878e+01 3.549574e+01
      endloop
   endfacet
   facet normal 1.000000e+00 0.000000e+00 0.000000e+00
      outer loop
         vertex 2.878143e+01 6.235878e+01 3.549574e+01
         vertex 2.878143e+01 6.507230e+01 3.522576e+01
         vertex 2.878143e+01 6.416566e+01 3.720539e+01
      endloop
   endfacet
   facet normal 1.000000e+00 0.000000e+00 0.000000e+00
      outer loop
         vertex 2.878143e+01 6.235878e+01 3.549574e+01
         vertex 2.878143e+01 6.416566e+01 3.720539e+01
         vertex 2.878143e+01 6.124240e+01 3.661211e+01
      endloop
   endfacet
   facet normal 1.000000e+00 0.000000e+00 0.000000e+00
      outer loop
         vertex 2.878143e+01 6.124240e+01 3.661211e+01
         vertex 2.878143e+01 6.416566e+01 3.720539e+01
         vertex 2.878143e+01 6.256186e+01 3.867808e+01
      endloop
   endfacet
   facet normal 1.000000e+00 0.000000e+00 0.000000e+00
      outer loop
         vertex 2.878143e+01 6.124240e+01 3.661211e+01
         vertex 2.878143e+01 6.256186e+01 3.867808e+01
         vertex 2.878143e+01 5.971740e+01 3.702073e+01
      endloop
   endfacet
   facet normal 1.000000e+00 0.000000e+00 0.000000e+00
      outer loop
         vertex 2.878143e+01 5.971740e+01 3.702073e+01
         vertex 2.878143e+01 6.256186e+01 3.867808e+01
         vertex 2.878143e+01 6.051226e+01 3.941299e+01
      endloop
   endfacet
   facet normal 1.000000e+00 0.000000e+00 0.000000e+00
      outer loop
         vertex 2.878143e+01 5.971740e+01 3.702073e+01
         vertex 2.878143e+01 6.051226e+01 3.941299e+01
         vertex 2.878143e+01 5.833809e+01 3.929497e+01
      endloop
   endfacet
   facet normal 0.000000e+00 -6.413491e-01 7.672492e-01
      outer loop
         vertex 2.878143e+01 9.769507e+01 2.913613e+01
         vertex 3.528143e+01 9.769507e+01 2.913613e+01
         vertex 2.878143e+01 9.936566e+01 3.053259e+01
      endloop
   endfacet
   facet normal 0.000000e+00 -6.413491e-01 7.672492e-01
      outer loop
         vertex 2.878143e+01 9.936566e+01 3.053259e+01
         vertex 3.528143e+01 9.769507e+01 2.913613e+01
         vertex 3.528143e+01 9.936566e+01 3.053259e+01
      endloop
   endfacet
   facet normal 0.000000e+00 -8.888241e-01 4.582486e-01
      outer loop
         vertex 2.878143e+01 9.936566e+01 3.053259e+01
         vertex 3.528143e+01 9.936566e+01 3.053259e+01
         vertex 2.878143e+01 1.003634e+02 3.246789e+01
      endloop
   endfacet
   facet normal 0.000000e+00 -8.888241e-01 4.582486e-01
      outer loop
         vertex 2.878143e+01 1.003634e+02 3.246789e+01
         vertex 3.528143e+01 9.936566e+01 3.053259e+01
         vertex 3.528143e+01 1.003634e+02 3.246789e+01
      endloop
   endfacet
   facet normal 0.000000e+00 -9.969979e-01 7.742810e-02
      outer loop
         vertex 2.878143e+01 1.003634e+02 3.246789e+01
         vertex 3.528143e+01 1.003634e+02 3.246789e+01
         vertex 2.878143e+01 1.005320e+02 3.463873e+01
      endloop
   endfacet
   facet normal 0.000000e+00 -9.969979e-01 7.742810e-02
      outer loop
         vertex 2.878143e+01 1.005320e+02 3.463873e+01
         vertex 3.528143e+01 1.003634e+02 3.246789e+01
         vertex 3.528143e+01 1.005320e+02 3.463873e+01
      endloop
   endfacet
   facet normal 0.000000e+00 -9.489163e-01 -3.155278e-01
      outer loop
         vertex 2.878143e+01 1.005320e+02 3.463873e+01
         vertex 3.528143e+01 1.005320e+02 3.463873e+01
         vertex 2.878143e+01 9.984500e+01 3.670487e+01
      endloop
   endfacet
   facet normal 0.000000e+00 -9.489163e-01 -3.155278e-01
      outer loop
         vertex 2.878143e+01 9.984500e+01 3.670487e+01
         vertex 3.528143e+01 1.005320e+02 3.463873e+01
         vertex 3.528143e+01 9.984500e+01 3.670487e+01
      endloop
   endfacet
   facet normal 0.000000e+00 -7.521157e-01 -6.590310e-01
      outer loop
         vertex 2.878143e+01 9.984500e+01 3.670487e+01
         vertex 3.528143e+01 9.984500e+01 3.670487e+01
         vertex 2.878143e+01 9.841005e+01 3.834251e+01
      endloop
   endfacet
   facet normal 0.000000e+00 -7.521157e-01 -6.590310e-01
      outer loop
         vertex 2.878143e+01 9.841005e+01 3.834251e+01
         vertex 3.528143e+01 9.984500e+01 3.670487e+01
         vertex 3.528143e+01 9.841005e+01 3.834251e+01
      endloop
   endfacet
   facet normal 0.000000e+00 -4.374386e-01 -8.992483e-01
      outer loop
         vertex 2.878143e+01 9.841005e+01 3.834251e+01
         vertex 3.528143e+01 9.841005e+01 3.834251e+01
         vertex 2.878143e+01 9.645205e+01 3.929497e+01
      endloop
   endfacet
   facet normal 0.000000e+00 -4.374386e-01 -8.992483e-01
      outer loop
         vertex 2.878143e+01 9.645205e+01 3.929497e+01
         vertex 3.528143e+01 9.841005e+01 3.834251e+01
         vertex 3.528143e+01 9.645205e+01 3.929497e+01
      endloop
   endfacet
   facet normal 0.000000e+00 -5.420382e-02 -9.985299e-01
      outer loop
         vertex 2.878143e+01 9.645205e+01 3.929497e+01
         vertex 3.528143e+01 9.645205e+01 3.929497e+01
         vertex 2.878143e+01 9.427788e+01 3.941299e+01
      endloop
   endfacet
   facet normal 0.000000e+00 -5.420382e-02 -9.985299e-01
      outer loop
         vertex 2.878143e+01 9.427788e+01 3.941299e+01
         vertex 3.528143e+01 9.645205e+01 3.929497e+01
         vertex 3.528143e+01 9.427788e+01 3.941299e+01
      endloop
   endfacet
   facet normal 0.000000e+00 3.375259e-01 -9.413162e-01
      outer loop
         vertex 2.878143e+01 9.427788e+01 3.941299e+01
         vertex 3.528143e+01 9.427788e+01 3.941299e+01
         vertex 2.878143e+01 9.222828e+01 3.867808e+01
      endloop
   endfacet
   facet normal 0.000000e+00 3.375259e-01 -9.413162e-01
      outer loop
         vertex 2.878143e+01 9.222828e+01 3.867808e+01
         vertex 3.528143e+01 9.427788e+01 3.941299e+01
         vertex 3.528143e+01 9.222828e+01 3.867808e+01
      endloop
   endfacet
   facet normal 0.000000e+00 6.763567e-01 -7.365743e-01
      outer loop
         vertex 2.878143e+01 9.222828e+01 3.867808e+01
         vertex 3.528143e+01 9.222828e+01 3.867808e+01
         vertex 2.878143e+01 9.062448e+01 3.720539e+01
      endloop
   endfacet
   facet normal 0.000000e+00 6.763567e-01 -7.365743e-01
      outer loop
         vertex 2.878143e+01 9.062448e+01 3.720539e+01
         vertex 3.528143e+01 9.222828e+01 3.867808e+01
         vertex 3.528143e+01 9.062448e+01 3.720539e+01
      endloop
   endfacet
   facet normal 0.000000e+00 9.091851e-01 -4.163922e-01
      outer loop
         vertex 2.878143e+01 9.062448e+01 3.720539e+01
         vertex 3.528143e+01 9.062448e+01 3.720539e+01
         vertex 2.878143e+01 8.971784e+01 3.522576e+01
      endloop
   endfacet
   facet normal 0.000000e+00 9.091851e-01 -4.163922e-01
      outer loop
         vertex 2.878143e+01 8.971784e+01 3.522576e+01
         vertex 3.528143e+01 9.062448e+01 3.720539e+01
         vertex 3.528143e+01 8.971784e+01 3.522576e+01
      endloop
   endfacet
   facet normal 0.000000e+00 9.995209e-01 -3.095038e-02
      outer loop
         vertex 2.878143e+01 8.971784e+01 3.522576e+01
         vertex 3.528143e+01 8.971784e+01 3.522576e+01
         vertex 2.878143e+01 8.965045e+01 3.304943e+01
      endloop
   endfacet
   facet normal 0.000000e+00 9.995209e-01 -3.095038e-02
      outer loop
         vertex 2.878143e+01 8.965045e+01 3.304943e+01
         vertex 3.528143e+01 8.971784e+01 3.522576e+01
         vertex 3.528143e+01 8.965045e+01 3.304943e+01
      endloop
   endfacet
   facet normal 0.000000e+00 9.332062e-01 3.593414e-01
      outer loop
         vertex 2.878143e+01 8.965045e+01 3.304943e+01
         vertex 3.528143e+01 8.965045e+01 3.304943e+01
         vertex 2.878143e+01 9.043287e+01 3.101749e+01
      endloop
   endfacet
   facet normal 0.000000e+00 9.332062e-01 3.593414e-01
      outer loop
         vertex 2.878143e+01 9.043287e+01 3.101749e+01
         vertex 3.528143e+01 8.965045e+01 3.304943e+01
         vertex 3.528143e+01 9.043287e+01 3.101749e+01
      endloop
   endfacet
   facet normal 0.000000e+00 7.206339e-01 6.933158e-01
      outer loop
         vertex 2.878143e+01 9.043287e+01 3.101749e+01
         vertex 3.528143e+01 9.043287e+01 3.101749e+01
         vertex 2.878143e+01 9.194248e+01 2.944840e+01
      endloop
   endfacet
   facet normal 0.000000e+00 7.206339e-01 6.933158e-01
      outer loop
         vertex 2.878143e+01 9.194248e+01 2.944840e+01
         vertex 3.528143e+01 9.043287e+01 3.101749e+01
         vertex 3.528143e+01 9.194248e+01 2.944840e+01
      endloop
   endfacet
   facet normal 1.000000e+00 0.000000e+00 0.000000e+00
      outer loop
         vertex 2.878143e+01 9.243136e+01 3.549574e+01
         vertex 2.878143e+01 9.354774e+01 3.661211e+01
         vertex 2.878143e+01 9.222828e+01 3.867808e+01
      endloop
   endfacet
   facet normal 1.000000e+00 0.000000e+00 0.000000e+00
      outer loop
         vertex 2.878143e+01 9.222828e+01 3.867808e+01
         vertex 2.878143e+01 9.354774e+01 3.661211e+01
         vertex 2.878143e+01 9.427788e+01 3.941299e+01
      endloop
   endfacet
   facet normal 1.000000e+00 0.000000e+00 0.000000e+00
      outer loop
         vertex 2.878143e+01 9.427788e+01 3.941299e+01
         vertex 2.878143e+01 9.354774e+01 3.661211e+01
         vertex 2.878143e+01 9.507274e+01 3.702073e+01
      endloop
   endfacet
   facet normal 1.000000e+00 0.000000e+00 0.000000e+00
      outer loop
         vertex 2.878143e+01 9.427788e+01 3.941299e+01
         vertex 2.878143e+01 9.507274e+01 3.702073e+01
         vertex 2.878143e+01 9.645205e+01 3.929497e+01
      endloop
   endfacet
   facet normal 1.000000e+00 0.000000e+00 0.000000e+00
      outer loop
         vertex 2.878143e+01 9.769507e+01 2.913613e+01
         vertex 2.878143e+01 9.936566e+01 3.053259e+01
         vertex 2.878143e+01 9.769507e+01 2.944840e+01
      endloop
   endfacet
   facet normal 1.000000e+00 0.000000e+00 0.000000e+00
      outer loop
         vertex 2.878143e+01 9.769507e+01 2.944840e+01
         vertex 2.878143e+01 9.936566e+01 3.053259e+01
         vertex 2.878143e+01 9.507274e+01 3.092073e+01
      endloop
   endfacet
   facet normal 1.000000e+00 0.000000e+00 0.000000e+00
      outer loop
         vertex 2.878143e+01 9.769507e+01 2.944840e+01
         vertex 2.878143e+01 9.507274e+01 3.092073e+01
         vertex 2.878143e+01 9.194248e+01 2.944840e+01
      endloop
   endfacet
   facet normal 1.000000e+00 0.000000e+00 0.000000e+00
      outer loop
         vertex 2.878143e+01 9.194248e+01 2.944840e+01
         vertex 2.878143e+01 9.507274e+01 3.092073e+01
         vertex 2.878143e+01 9.354774e+01 3.132936e+01
      endloop
   endfacet
   facet normal 1.000000e+00 0.000000e+00 0.000000e+00
      outer loop
         vertex 2.878143e+01 9.194248e+01 2.944840e+01
         vertex 2.878143e+01 9.354774e+01 3.132936e+01
         vertex 2.878143e+01 9.043287e+01 3.101749e+01
      endloop
   endfacet
   facet normal 1.000000e+00 0.000000e+00 0.000000e+00
      outer loop
         vertex 2.878143e+01 9.043287e+01 3.101749e+01
         vertex 2.878143e+01 9.354774e+01 3.132936e+01
         vertex 2.878143e+01 9.243136e+01 3.244573e+01
      endloop
   endfacet
   facet normal 1.000000e+00 0.000000e+00 0.000000e+00
      outer loop
         vertex 2.878143e+01 9.043287e+01 3.101749e+01
         vertex 2.878143e+01 9.243136e+01 3.244573e+01
         vertex 2.878143e+01 8.965045e+01 3.304943e+01
      endloop
   endfacet
   facet normal 1.000000e+00 0.000000e+00 0.000000e+00
      outer loop
         vertex 2.878143e+01 8.965045e+01 3.304943e+01
         vertex 2.878143e+01 9.243136e+01 3.244573e+01
         vertex 2.878143e+01 9.202274e+01 3.397073e+01
      endloop
   endfacet
   facet normal 1.000000e+00 0.000000e+00 0.000000e+00
      outer loop
         vertex 2.878143e+01 8.965045e+01 3.304943e+01
         vertex 2.878143e+01 9.202274e+01 3.397073e+01
         vertex 2.878143e+01 8.971784e+01 3.522576e+01
      endloop
   endfacet
   facet normal 1.000000e+00 0.000000e+00 0.000000e+00
      outer loop
         vertex 2.878143e+01 8.971784e+01 3.522576e+01
         vertex 2.878143e+01 9.202274e+01 3.397073e+01
         vertex 2.878143e+01 9.243136e+01 3.549574e+01
      endloop
   endfacet
   facet normal 1.000000e+00 0.000000e+00 0.000000e+00
      outer loop
         vertex 2.878143e+01 8.971784e+01 3.522576e+01
         vertex 2.878143e+01 9.243136e+01 3.549574e+01
         vertex 2.878143e+01 9.062448e+01 3.720539e+01
      endloop
   endfacet
   facet normal 1.000000e+00 0.000000e+00 0.000000e+00
      outer loop
         vertex 2.878143e+01 9.062448e+01 3.720539e+01
         vertex 2.878143e+01 9.243136e+01 3.549574e+01
         vertex 2.878143e+01 9.222828e+01 3.867808e+01
      endloop
   endfacet
   facet normal 1.000000e+00 0.000000e+00 0.000000e+00
      outer loop
         vertex 2.878143e+01 9.645205e+01 3.929497e+01
         vertex 2.878143e+01 9.507274e+01 3.702073e+01
         vertex 2.878143e+01 9.841005e+01 3.834251e+01
      endloop
   endfacet
   facet normal 1.000000e+00 0.000000e+00 0.000000e+00
      outer loop
         vertex 2.878143e+01 9.841005e+01 3.834251e+01
         vertex 2.878143e+01 9.507274e+01 3.702073e+01
         vertex 2.878143e+01 9.659774e+01 3.661211e+01
      endloop
   endfacet
   facet normal 1.000000e+00 0.000000e+00 0.000000e+00
      outer loop
         vertex 2.878143e+01 9.841005e+01 3.834251e+01
         vertex 2.878143e+01 9.659774e+01 3.661211e+01
         vertex 2.878143e+01 9.984500e+01 3.670487e+01
      endloop
   endfacet
   facet normal 1.000000e+00 0.000000e+00 0.000000e+00
      outer loop
         vertex 2.878143e+01 9.984500e+01 3.670487e+01
         vertex 2.878143e+01 9.659774e+01 3.661211e+01
         vertex 2.878143e+01 9.771412e+01 3.549574e+01
      endloop
   endfacet
   facet normal 1.000000e+00 0.000000e+00 0.000000e+00
      outer loop
         vertex 2.878143e+01 9.984500e+01 3.670487e+01
         vertex 2.878143e+01 9.771412e+01 3.549574e+01
         vertex 2.878143e+01 1.005320e+02 3.463873e+01
      endloop
   endfacet
   facet normal 1.000000e+00 -0.000000e+00 0.000000e+00
      outer loop
         vertex 2.878143e+01 1.005320e+02 3.463873e+01
         vertex 2.878143e+01 9.771412e+01 3.549574e+01
         vertex 2.878143e+01 9.812274e+01 3.397073e+01
      endloop
   endfacet
   facet normal 1.000000e+00 0.000000e+00 0.000000e+00
      outer loop
         vertex 2.878143e+01 1.005320e+02 3.463873e+01
         vertex 2.878143e+01 9.812274e+01 3.397073e+01
         vertex 2.878143e+01 1.003634e+02 3.246789e+01
      endloop
   endfacet
   facet normal 1.000000e+00 -0.000000e+00 0.000000e+00
      outer loop
         vertex 2.878143e+01 1.003634e+02 3.246789e+01
         vertex 2.878143e+01 9.812274e+01 3.397073e+01
         vertex 2.878143e+01 9.771412e+01 3.244573e+01
      endloop
   endfacet
   facet normal 1.000000e+00 0.000000e+00 0.000000e+00
      outer loop
         vertex 2.878143e+01 1.003634e+02 3.246789e+01
         vertex 2.878143e+01 9.771412e+01 3.244573e+01
         vertex 2.878143e+01 9.936566e+01 3.053259e+01
      endloop
   endfacet
   facet normal 1.000000e+00 0.000000e+00 0.000000e+00
      outer loop
         vertex 2.878143e+01 9.936566e+01 3.053259e+01
         vertex 2.878143e+01 9.771412e+01 3.244573e+01
         vertex 2.878143e+01 9.659774e+01 3.132936e+01
      endloop
   endfacet
   facet normal 1.000000e+00 0.000000e+00 0.000000e+00
      outer loop
         vertex 2.878143e+01 9.936566e+01 3.053259e+01
         vertex 2.878143e+01 9.659774e+01 3.132936e+01
         vertex 2.878143e+01 9.507274e+01 3.092073e+01
      endloop
   endfacet
   facet normal 0.000000e+00 7.206339e-01 -6.933158e-01
      outer loop
         vertex 2.878143e+01 9.194248e+01 7.384840e+01
         vertex 3.528143e+01 9.194248e+01 7.384840e+01
         vertex 2.878143e+01 9.043287e+01 7.227932e+01
      endloop
   endfacet
   facet normal 0.000000e+00 7.206339e-01 -6.933158e-01
      outer loop
         vertex 2.878143e+01 9.043287e+01 7.227932e+01
         vertex 3.528143e+01 9.194248e+01 7.384840e+01
         vertex 3.528143e+01 9.043287e+01 7.227932e+01
      endloop
   endfacet
   facet normal 0.000000e+00 9.332062e-01 -3.593414e-01
      outer loop
         vertex 2.878143e+01 9.043287e+01 7.227932e+01
         vertex 3.528143e+01 9.043287e+01 7.227932e+01
         vertex 2.878143e+01 8.965045e+01 7.024738e+01
      endloop
   endfacet
   facet normal 0.000000e+00 9.332062e-01 -3.593414e-01
      outer loop
         vertex 2.878143e+01 8.965045e+01 7.024738e+01
         vertex 3.528143e+01 9.043287e+01 7.227932e+01
         vertex 3.528143e+01 8.965045e+01 7.024738e+01
      endloop
   endfacet
   facet normal 0.000000e+00 9.995209e-01 3.095038e-02
      outer loop
         vertex 2.878143e+01 8.965045e+01 7.024738e+01
         vertex 3.528143e+01 8.965045e+01 7.024738e+01
         vertex 2.878143e+01 8.971784e+01 6.807105e+01
      endloop
   endfacet
   facet normal 0.000000e+00 9.995209e-01 3.095038e-02
      outer loop
         vertex 2.878143e+01 8.971784e+01 6.807105e+01
         vertex 3.528143e+01 8.965045e+01 7.024738e+01
         vertex 3.528143e+01 8.971784e+01 6.807105e+01
      endloop
   endfacet
   facet normal 0.000000e+00 9.091851e-01 4.163922e-01
      outer loop
         vertex 2.878143e+01 8.971784e+01 6.807105e+01
         vertex 3.528143e+01 8.971784e+01 6.807105e+01
         vertex 2.878143e+01 9.062448e+01 6.609141e+01
      endloop
   endfacet
   facet normal 0.000000e+00 9.091851e-01 4.163922e-01
      outer loop
         vertex 2.878143e+01 9.062448e+01 6.609141e+01
         vertex 3.528143e+01 8.971784e+01 6.807105e+01
         vertex 3.528143e+01 9.062448e+01 6.609141e+01
      endloop
   endfacet
   facet normal 0.000000e+00 6.763567e-01 7.365743e-01
      outer loop
         vertex 2.878143e+01 9.062448e+01 6.609141e+01
         vertex 3.528143e+01 9.062448e+01 6.609141e+01
         vertex 2.878143e+01 9.222828e+01 6.461873e+01
      endloop
   endfacet
   facet normal 0.000000e+00 6.763567e-01 7.365743e-01
      outer loop
         vertex 2.878143e+01 9.222828e+01 6.461873e+01
         vertex 3.528143e+01 9.062448e+01 6.609141e+01
         vertex 3.528143e+01 9.222828e+01 6.461873e+01
      endloop
   endfacet
   facet normal 0.000000e+00 3.375259e-01 9.413162e-01
      outer loop
         vertex 2.878143e+01 9.222828e+01 6.461873e+01
         vertex 3.528143e+01 9.222828e+01 6.461873e+01
         vertex 2.878143e+01 9.427788e+01 6.388381e+01
      endloop
   endfacet
   facet normal 0.000000e+00 3.375259e-01 9.413162e-01
      outer loop
         vertex 2.878143e+01 9.427788e+01 6.388381e+01
         vertex 3.528143e+01 9.222828e+01 6.461873e+01
         vertex 3.528143e+01 9.427788e+01 6.388381e+01
      endloop
   endfacet
   facet normal 0.000000e+00 -5.420382e-02 9.985299e-01
      outer loop
         vertex 2.878143e+01 9.427788e+01 6.388381e+01
         vertex 3.528143e+01 9.427788e+01 6.388381e+01
         vertex 2.878143e+01 9.645205e+01 6.400184e+01
      endloop
   endfacet
   facet normal 0.000000e+00 -5.420382e-02 9.985299e-01
      outer loop
         vertex 2.878143e+01 9.645205e+01 6.400184e+01
         vertex 3.528143e+01 9.427788e+01 6.388381e+01
         vertex 3.528143e+01 9.645205e+01 6.400184e+01
      endloop
   endfacet
   facet normal 0.000000e+00 -4.374386e-01 8.992483e-01
      outer loop
         vertex 2.878143e+01 9.645205e+01 6.400184e+01
         vertex 3.528143e+01 9.645205e+01 6.400184e+01
         vertex 2.878143e+01 9.841005e+01 6.495430e+01
      endloop
   endfacet
   facet normal 0.000000e+00 -4.374386e-01 8.992483e-01
      outer loop
         vertex 2.878143e+01 9.841005e+01 6.495430e+01
         vertex 3.528143e+01 9.645205e+01 6.400184e+01
         vertex 3.528143e+01 9.841005e+01 6.495430e+01
      endloop
   endfacet
   facet normal 0.000000e+00 -7.521157e-01 6.590310e-01
      outer loop
         vertex 2.878143e+01 9.841005e+01 6.495430e+01
         vertex 3.528143e+01 9.841005e+01 6.495430e+01
         vertex 2.878143e+01 9.984500e+01 6.659194e+01
      endloop
   endfacet
   facet normal 0.000000e+00 -7.521157e-01 6.590310e-01
      outer loop
         vertex 2.878143e+01 9.984500e+01 6.659194e+01
         vertex 3.528143e+01 9.841005e+01 6.495430e+01
         vertex 3.528143e+01 9.984500e+01 6.659194e+01
      endloop
   endfacet
   facet normal 0.000000e+00 -9.489163e-01 3.155278e-01
      outer loop
         vertex 2.878143e+01 9.984500e+01 6.659194e+01
         vertex 3.528143e+01 9.984500e+01 6.659194e+01
         vertex 2.878143e+01 1.005320e+02 6.865808e+01
      endloop
   endfacet
   facet normal 0.000000e+00 -9.489163e-01 3.155278e-01
      outer loop
         vertex 2.878143e+01 1.005320e+02 6.865808e+01
         vertex 3.528143e+01 9.984500e+01 6.659194e+01
         vertex 3.528143e+01 1.005320e+02 6.865808e+01
      endloop
   endfacet
   facet normal 0.000000e+00 -9.969979e-01 -7.742810e-02
      outer loop
         vertex 2.878143e+01 1.005320e+02 6.865808e+01
         vertex 3.528143e+01 1.005320e+02 6.865808e+01
         vertex 2.878143e+01 1.003634e+02 7.082892e+01
      endloop
   endfacet
   facet normal 0.000000e+00 -9.969979e-01 -7.742810e-02
      outer loop
         vertex 2.878143e+01 1.003634e+02 7.082892e+01
         vertex 3.528143e+01 1.005320e+02 6.865808e+01
         vertex 3.528143e+01 1.003634e+02 7.082892e+01
      endloop
   endfacet
   facet normal 0.000000e+00 -8.888241e-01 -4.582486e-01
      outer loop
         vertex 2.878143e+01 1.003634e+02 7.082892e+01
         vertex 3.528143e+01 1.003634e+02 7.082892e+01
         vertex 2.878143e+01 9.936566e+01 7.276422e+01
      endloop
   endfacet
   facet normal 0.000000e+00 -8.888241e-01 -4.582486e-01
      outer loop
         vertex 2.878143e+01 9.936566e+01 7.276422e+01
         vertex 3.528143e+01 1.003634e+02 7.082892e+01
         vertex 3.528143e+01 9.936566e+01 7.276422e+01
      endloop
   endfacet
   facet normal 0.000000e+00 -6.413491e-01 -7.672492e-01
      outer loop
         vertex 2.878143e+01 9.936566e+01 7.276422e+01
         vertex 3.528143e+01 9.936566e+01 7.276422e+01
         vertex 2.878143e+01 9.769507e+01 7.416068e+01
      endloop
   endfacet
   facet normal 0.000000e+00 -6.413491e-01 -7.672492e-01
      outer loop
         vertex 2.878143e+01 9.769507e+01 7.416068e+01
         vertex 3.528143e+01 9.936566e+01 7.276422e+01
         vertex 3.528143e+01 9.769507e+01 7.416068e+01
      endloop
   endfacet
   facet normal 1.000000e+00 0.000000e+00 -0.000000e+00
      outer loop
         vertex 2.878143e+01 9.936566e+01 7.276422e+01
         vertex 2.878143e+01 9.769507e+01 7.416068e+01
         vertex 2.878143e+01 1.003634e+02 7.082892e+01
      endloop
   endfacet
   facet normal 1.000000e+00 0.000000e+00 0.000000e+00
      outer loop
         vertex 2.878143e+01 1.003634e+02 7.082892e+01
         vertex 2.878143e+01 9.769507e+01 7.416068e+01
         vertex 2.878143e+01 9.769507e+01 7.384840e+01
      endloop
   endfacet
   facet normal 1.000000e+00 0.000000e+00 0.000000e+00
      outer loop
         vertex 2.878143e+01 9.202274e+01 6.932607e+01
         vertex 2.878143e+01 9.243136e+01 7.085107e+01
         vertex 2.878143e+01 9.043287e+01 7.227932e+01
      endloop
   endfacet
   facet normal 1.000000e+00 0.000000e+00 0.000000e+00
      outer loop
         vertex 2.878143e+01 9.043287e+01 7.227932e+01
         vertex 2.878143e+01 9.243136e+01 7.085107e+01
         vertex 2.878143e+01 9.194248e+01 7.384840e+01
      endloop
   endfacet
   facet normal 1.000000e+00 0.000000e+00 0.000000e+00
      outer loop
         vertex 2.878143e+01 9.043287e+01 7.227932e+01
         vertex 2.878143e+01 8.965045e+01 7.024738e+01
         vertex 2.878143e+01 9.202274e+01 6.932607e+01
      endloop
   endfacet
   facet normal 1.000000e+00 -0.000000e+00 0.000000e+00
      outer loop
         vertex 2.878143e+01 9.202274e+01 6.932607e+01
         vertex 2.878143e+01 8.965045e+01 7.024738e+01
         vertex 2.878143e+01 8.971784e+01 6.807105e+01
      endloop
   endfacet
   facet normal 1.000000e+00 0.000000e+00 0.000000e+00
      outer loop
         vertex 2.878143e+01 9.202274e+01 6.932607e+01
         vertex 2.878143e+01 8.971784e+01 6.807105e+01
         vertex 2.878143e+01 9.243136e+01 6.780107e+01
      endloop
   endfacet
   facet normal 1.000000e+00 -0.000000e+00 0.000000e+00
      outer loop
         vertex 2.878143e+01 9.243136e+01 6.780107e+01
         vertex 2.878143e+01 8.971784e+01 6.807105e+01
         vertex 2.878143e+01 9.062448e+01 6.609141e+01
      endloop
   endfacet
   facet normal 1.000000e+00 0.000000e+00 0.000000e+00
      outer loop
         vertex 2.878143e+01 9.243136e+01 6.780107e+01
         vertex 2.878143e+01 9.062448e+01 6.609141e+01
         vertex 2.878143e+01 9.354774e+01 6.668470e+01
      endloop
   endfacet
   facet normal 1.000000e+00 0.000000e+00 0.000000e+00
      outer loop
         vertex 2.878143e+01 9.354774e+01 6.668470e+01
         vertex 2.878143e+01 9.062448e+01 6.609141e+01
         vertex 2.878143e+01 9.222828e+01 6.461873e+01
      endloop
   endfacet
   facet normal 1.000000e+00 0.000000e+00 0.000000e+00
      outer loop
         vertex 2.878143e+01 9.354774e+01 6.668470e+01
         vertex 2.878143e+01 9.222828e+01 6.461873e+01
         vertex 2.878143e+01 9.507274e+01 6.627607e+01
      endloop
   endfacet
   facet normal 1.000000e+00 0.000000e+00 0.000000e+00
      outer loop
         vertex 2.878143e+01 9.222828e+01 6.461873e+01
         vertex 2.878143e+01 9.427788e+01 6.388381e+01
         vertex 2.878143e+01 9.507274e+01 6.627607e+01
      endloop
   endfacet
   facet normal 1.000000e+00 0.000000e+00 0.000000e+00
      outer loop
         vertex 2.878143e+01 9.507274e+01 6.627607e+01
         vertex 2.878143e+01 9.427788e+01 6.388381e+01
         vertex 2.878143e+01 9.645205e+01 6.400184e+01
      endloop
   endfacet
   facet normal 1.000000e+00 0.000000e+00 0.000000e+00
      outer loop
         vertex 2.878143e+01 9.507274e+01 6.627607e+01
         vertex 2.878143e+01 9.645205e+01 6.400184e+01
         vertex 2.878143e+01 9.659774e+01 6.668470e+01
      endloop
   endfacet
   facet normal 1.000000e+00 0.000000e+00 0.000000e+00
      outer loop
         vertex 2.878143e+01 9.659774e+01 6.668470e+01
         vertex 2.878143e+01 9.645205e+01 6.400184e+01
         vertex 2.878143e+01 9.841005e+01 6.495430e+01
      endloop
   endfacet
   facet normal 1.000000e+00 0.000000e+00 0.000000e+00
      outer loop
         vertex 2.878143e+01 9.659774e+01 6.668470e+01
         vertex 2.878143e+01 9.841005e+01 6.495430e+01
         vertex 2.878143e+01 9.771412e+01 6.780107e+01
      endloop
   endfacet
   facet normal 1.000000e+00 0.000000e+00 0.000000e+00
      outer loop
         vertex 2.878143e+01 9.771412e+01 6.780107e+01
         vertex 2.878143e+01 9.841005e+01 6.495430e+01
         vertex 2.878143e+01 9.984500e+01 6.659194e+01
      endloop
   endfacet
   facet normal 1.000000e+00 0.000000e+00 0.000000e+00
      outer loop
         vertex 2.878143e+01 9.771412e+01 6.780107e+01
         vertex 2.878143e+01 9.984500e+01 6.659194e+01
         vertex 2.878143e+01 9.812274e+01 6.932607e+01
      endloop
   endfacet
   facet normal 1.000000e+00 0.000000e+00 0.000000e+00
      outer loop
         vertex 2.878143e+01 9.812274e+01 6.932607e+01
         vertex 2.878143e+01 9.984500e+01 6.659194e+01
         vertex 2.878143e+01 1.005320e+02 6.865808e+01
      endloop
   endfacet
   facet normal 1.000000e+00 0.000000e+00 0.000000e+00
      outer loop
         vertex 2.878143e+01 9.812274e+01 6.932607e+01
         vertex 2.878143e+01 1.005320e+02 6.865808e+01
         vertex 2.878143e+01 9.771412e+01 7.085107e+01
      endloop
   endfacet
   facet normal 1.000000e+00 0.000000e+00 0.000000e+00
      outer loop
         vertex 2.878143e+01 9.771412e+01 7.085107e+01
         vertex 2.878143e+01 1.005320e+02 6.865808e+01
         vertex 2.878143e+01 1.003634e+02 7.082892e+01
      endloop
   endfacet
   facet normal 1.000000e+00 0.000000e+00 0.000000e+00
      outer loop
         vertex 2.878143e+01 9.771412e+01 7.085107e+01
         vertex 2.878143e+01 1.003634e+02 7.082892e+01
         vertex 2.878143e+01 9.659774e+01 7.196745e+01
      endloop
   endfacet
   facet normal 1.000000e+00 0.000000e+00 0.000000e+00
      outer loop
         vertex 2.878143e+01 9.659774e+01 7.196745e+01
         vertex 2.878143e+01 1.003634e+02 7.082892e+01
         vertex 2.878143e+01 9.769507e+01 7.384840e+01
      endloop
   endfacet
   facet normal 1.000000e+00 0.000000e+00 0.000000e+00
      outer loop
         vertex 2.878143e+01 9.659774e+01 7.196745e+01
         vertex 2.878143e+01 9.769507e+01 7.384840e+01
         vertex 2.878143e+01 9.507274e+01 7.237607e+01
      endloop
   endfacet
   facet normal 1.000000e+00 0.000000e+00 0.000000e+00
      outer loop
         vertex 2.878143e+01 9.507274e+01 7.237607e+01
         vertex 2.878143e+01 9.769507e+01 7.384840e+01
         vertex 2.878143e+01 9.194248e+01 7.384840e+01
      endloop
   endfacet
   facet normal 1.000000e+00 -0.000000e+00 0.000000e+00
      outer loop
         vertex 2.878143e+01 9.507274e+01 7.237607e+01
         vertex 2.878143e+01 9.194248e+01 7.384840e+01
         vertex 2.878143e+01 9.354774e+01 7.196745e+01
      endloop
   endfacet
   facet normal 1.000000e+00 -0.000000e+00 0.000000e+00
      outer loop
         vertex 2.878143e+01 9.354774e+01 7.196745e+01
         vertex 2.878143e+01 9.194248e+01 7.384840e+01
         vertex 2.878143e+01 9.243136e+01 7.085107e+01
      endloop
   endfacet
   facet normal 0.000000e+00 6.413491e-01 -7.672492e-01
      outer loop
         vertex 2.878143e+01 5.709507e+01 7.416068e+01
         vertex 3.528143e+01 5.709507e+01 7.416068e+01
         vertex 2.878143e+01 5.542448e+01 7.276422e+01
      endloop
   endfacet
   facet normal 0.000000e+00 6.413491e-01 -7.672492e-01
      outer loop
         vertex 2.878143e+01 5.542448e+01 7.276422e+01
         vertex 3.528143e+01 5.709507e+01 7.416068e+01
         vertex 3.528143e+01 5.542448e+01 7.276422e+01
      endloop
   endfacet
   facet normal 0.000000e+00 8.888241e-01 -4.582486e-01
      outer loop
         vertex 2.878143e+01 5.542448e+01 7.276422e+01
         vertex 3.528143e+01 5.542448e+01 7.276422e+01
         vertex 2.878143e+01 5.442671e+01 7.082892e+01
      endloop
   endfacet
   facet normal 0.000000e+00 8.888241e-01 -4.582486e-01
      outer loop
         vertex 2.878143e+01 5.442671e+01 7.082892e+01
         vertex 3.528143e+01 5.542448e+01 7.276422e+01
         vertex 3.528143e+01 5.442671e+01 7.082892e+01
      endloop
   endfacet
   facet normal 0.000000e+00 9.969979e-01 -7.742810e-02
      outer loop
         vertex 2.878143e+01 5.442671e+01 7.082892e+01
         vertex 3.528143e+01 5.442671e+01 7.082892e+01
         vertex 2.878143e+01 5.425812e+01 6.865808e+01
      endloop
   endfacet
   facet normal 0.000000e+00 9.969979e-01 -7.742810e-02
      outer loop
         vertex 2.878143e+01 5.425812e+01 6.865808e+01
         vertex 3.528143e+01 5.442671e+01 7.082892e+01
         vertex 3.528143e+01 5.425812e+01 6.865808e+01
      endloop
   endfacet
   facet normal 0.000000e+00 9.489163e-01 3.155278e-01
      outer loop
         vertex 2.878143e+01 5.425812e+01 6.865808e+01
         vertex 3.528143e+01 5.425812e+01 6.865808e+01
         vertex 2.878143e+01 5.494514e+01 6.659194e+01
      endloop
   endfacet
   facet normal 0.000000e+00 9.489163e-01 3.155278e-01
      outer loop
         vertex 2.878143e+01 5.494514e+01 6.659194e+01
         vertex 3.528143e+01 5.425812e+01 6.865808e+01
         vertex 3.528143e+01 5.494514e+01 6.659194e+01
      endloop
   endfacet
   facet normal 0.000000e+00 7.521157e-01 6.590310e-01
      outer loop
         vertex 2.878143e+01 5.494514e+01 6.659194e+01
         vertex 3.528143e+01 5.494514e+01 6.659194e+01
         vertex 2.878143e+01 5.638009e+01 6.495430e+01
      endloop
   endfacet
   facet normal 0.000000e+00 7.521157e-01 6.590310e-01
      outer loop
         vertex 2.878143e+01 5.638009e+01 6.495430e+01
         vertex 3.528143e+01 5.494514e+01 6.659194e+01
         vertex 3.528143e+01 5.638009e+01 6.495430e+01
      endloop
   endfacet
   facet normal 0.000000e+00 4.374386e-01 8.992483e-01
      outer loop
         vertex 2.878143e+01 5.638009e+01 6.495430e+01
         vertex 3.528143e+01 5.638009e+01 6.495430e+01
         vertex 2.878143e+01 5.833809e+01 6.400184e+01
      endloop
   endfacet
   facet normal 0.000000e+00 4.374386e-01 8.992483e-01
      outer loop
         vertex 2.878143e+01 5.833809e+01 6.400184e+01
         vertex 3.528143e+01 5.638009e+01 6.495430e+01
         vertex 3.528143e+01 5.833809e+01 6.400184e+01
      endloop
   endfacet
   facet normal 0.000000e+00 5.420382e-02 9.985299e-01
      outer loop
         vertex 2.878143e+01 5.833809e+01 6.400184e+01
         vertex 3.528143e+01 5.833809e+01 6.400184e+01
         vertex 2.878143e+01 6.051226e+01 6.388381e+01
      endloop
   endfacet
   facet normal 0.000000e+00 5.420382e-02 9.985299e-01
      outer loop
         vertex 2.878143e+01 6.051226e+01 6.388381e+01
         vertex 3.528143e+01 5.833809e+01 6.400184e+01
         vertex 3.528143e+01 6.051226e+01 6.388381e+01
      endloop
   endfacet
   facet normal 0.000000e+00 -3.375259e-01 9.413162e-01
      outer loop
         vertex 2.878143e+01 6.051226e+01 6.388381e+01
         vertex 3.528143e+01 6.051226e+01 6.388381e+01
         vertex 2.878143e+01 6.256186e+01 6.461873e+01
      endloop
   endfacet
   facet normal 0.000000e+00 -3.375259e-01 9.413162e-01
      outer loop
         vertex 2.878143e+01 6.256186e+01 6.461873e+01
         vertex 3.528143e+01 6.051226e+01 6.388381e+01
         vertex 3.528143e+01 6.256186e+01 6.461873e+01
      endloop
   endfacet
   facet normal 0.000000e+00 -6.763567e-01 7.365743e-01
      outer loop
         vertex 2.878143e+01 6.256186e+01 6.461873e+01
         vertex 3.528143e+01 6.256186e+01 6.461873e+01
         vertex 2.878143e+01 6.416566e+01 6.609141e+01
      endloop
   endfacet
   facet normal 0.000000e+00 -6.763567e-01 7.365743e-01
      outer loop
         vertex 2.878143e+01 6.416566e+01 6.609141e+01
         vertex 3.528143e+01 6.256186e+01 6.461873e+01
         vertex 3.528143e+01 6.416566e+01 6.609141e+01
      endloop
   endfacet
   facet normal 0.000000e+00 -9.091851e-01 4.163922e-01
      outer loop
         vertex 2.878143e+01 6.416566e+01 6.609141e+01
         vertex 3.528143e+01 6.416566e+01 6.609141e+01
         vertex 2.878143e+01 6.507230e+01 6.807105e+01
      endloop
   endfacet
   facet normal 0.000000e+00 -9.091851e-01 4.163922e-01
      outer loop
         vertex 2.878143e+01 6.507230e+01 6.807105e+01
         vertex 3.528143e+01 6.416566e+01 6.609141e+01
         vertex 3.528143e+01 6.507230e+01 6.807105e+01
      endloop
   endfacet
   facet normal 0.000000e+00 -9.995209e-01 3.095038e-02
      outer loop
         vertex 2.878143e+01 6.507230e+01 6.807105e+01
         vertex 3.528143e+01 6.507230e+01 6.807105e+01
         vertex 2.878143e+01 6.513969e+01 7.024738e+01
      endloop
   endfacet
   facet normal 0.000000e+00 -9.995209e-01 3.095038e-02
      outer loop
         vertex 2.878143e+01 6.513969e+01 7.024738e+01
         vertex 3.528143e+01 6.507230e+01 6.807105e+01
         vertex 3.528143e+01 6.513969e+01 7.024738e+01
      endloop
   endfacet
   facet normal 0.000000e+00 -9.332062e-01 -3.593414e-01
      outer loop
         vertex 2.878143e+01 6.513969e+01 7.024738e+01
         vertex 3.528143e+01 6.513969e+01 7.024738e+01
         vertex 2.878143e+01 6.435727e+01 7.227932e+01
      endloop
   endfacet
   facet normal 0.000000e+00 -9.332062e-01 -3.593414e-01
      outer loop
         vertex 2.878143e+01 6.435727e+01 7.227932e+01
         vertex 3.528143e+01 6.513969e+01 7.024738e+01
         vertex 3.528143e+01 6.435727e+01 7.227932e+01
      endloop
   endfacet
   facet normal 0.000000e+00 -7.206339e-01 -6.933158e-01
      outer loop
         vertex 2.878143e+01 6.435727e+01 7.227932e+01
         vertex 3.528143e+01 6.435727e+01 7.227932e+01
         vertex 2.878143e+01 6.284766e+01 7.384840e+01
      endloop
   endfacet
   facet normal 0.000000e+00 -7.206339e-01 -6.933158e-01
      outer loop
         vertex 2.878143e+01 6.284766e+01 7.384840e+01
         vertex 3.528143e+01 6.435727e+01 7.227932e+01
         vertex 3.528143e+01 6.284766e+01 7.384840e+01
      endloop
   endfacet
   facet normal 1.000000e+00 0.000000e+00 0.000000e+00
      outer loop
         vertex 2.878143e+01 5.709507e+01 7.416068e+01
         vertex 2.878143e+01 5.542448e+01 7.276422e+01
         vertex 2.878143e+01 5.709507e+01 7.384840e+01
      endloop
   endfacet
   facet normal 1.000000e+00 0.000000e+00 0.000000e+00
      outer loop
         vertex 2.878143e+01 5.709507e+01 7.384840e+01
         vertex 2.878143e+01 5.542448e+01 7.276422e+01
         vertex 2.878143e+01 5.442671e+01 7.082892e+01
      endloop
   endfacet
   facet normal 1.000000e+00 0.000000e+00 0.000000e+00
      outer loop
         vertex 2.878143e+01 5.833809e+01 6.400184e+01
         vertex 2.878143e+01 6.051226e+01 6.388381e+01
         vertex 2.878143e+01 5.971740e+01 6.627607e+01
      endloop
   endfacet
   facet normal 1.000000e+00 0.000000e+00 0.000000e+00
      outer loop
         vertex 2.878143e+01 5.971740e+01 6.627607e+01
         vertex 2.878143e+01 6.051226e+01 6.388381e+01
         vertex 2.878143e+01 6.124240e+01 6.668470e+01
      endloop
   endfacet
   facet normal 1.000000e+00 0.000000e+00 0.000000e+00
      outer loop
         vertex 2.878143e+01 6.124240e+01 6.668470e+01
         vertex 2.878143e+01 6.051226e+01 6.388381e+01
         vertex 2.878143e+01 6.256186e+01 6.461873e+01
      endloop
   endfacet
   facet normal 1.000000e+00 0.000000e+00 0.000000e+00
      outer loop
         vertex 2.878143e+01 6.124240e+01 6.668470e+01
         vertex 2.878143e+01 6.256186e+01 6.461873e+01
         vertex 2.878143e+01 6.235878e+01 6.780107e+01
      endloop
   endfacet
   facet normal 1.000000e+00 0.000000e+00 0.000000e+00
      outer loop
         vertex 2.878143e+01 5.833809e+01 6.400184e+01
         vertex 2.878143e+01 5.971740e+01 6.627607e+01
         vertex 2.878143e+01 5.638009e+01 6.495430e+01
      endloop
   endfacet
   facet normal 1.000000e+00 0.000000e+00 0.000000e+00
      outer loop
         vertex 2.878143e+01 5.638009e+01 6.495430e+01
         vertex 2.878143e+01 5.971740e+01 6.627607e+01
         vertex 2.878143e+01 5.819240e+01 6.668470e+01
      endloop
   endfacet
   facet normal 1.000000e+00 0.000000e+00 0.000000e+00
      outer loop
         vertex 2.878143e+01 5.638009e+01 6.495430e+01
         vertex 2.878143e+01 5.819240e+01 6.668470e+01
         vertex 2.878143e+01 5.494514e+01 6.659194e+01
      endloop
   endfacet
   facet normal 1.000000e+00 0.000000e+00 0.000000e+00
      outer loop
         vertex 2.878143e+01 5.494514e+01 6.659194e+01
         vertex 2.878143e+01 5.819240e+01 6.668470e+01
         vertex 2.878143e+01 5.707602e+01 6.780107e+01
      endloop
   endfacet
   facet normal 1.000000e+00 0.000000e+00 0.000000e+00
      outer loop
         vertex 2.878143e+01 5.494514e+01 6.659194e+01
         vertex 2.878143e+01 5.707602e+01 6.780107e+01
         vertex 2.878143e+01 5.425812e+01 6.865808e+01
      endloop
   endfacet
   facet normal 1.000000e+00 0.000000e+00 0.000000e+00
      outer loop
         vertex 2.878143e+01 5.425812e+01 6.865808e+01
         vertex 2.878143e+01 5.707602e+01 6.780107e+01
         vertex 2.878143e+01 5.666740e+01 6.932607e+01
      endloop
   endfacet
   facet normal 1.000000e+00 0.000000e+00 0.000000e+00
      outer loop
         vertex 2.878143e+01 5.425812e+01 6.865808e+01
         vertex 2.878143e+01 5.666740e+01 6.932607e+01
         vertex 2.878143e+01 5.442671e+01 7.082892e+01
      endloop
   endfacet
   facet normal 1.000000e+00 0.000000e+00 0.000000e+00
      outer loop
         vertex 2.878143e+01 5.442671e+01 7.082892e+01
         vertex 2.878143e+01 5.666740e+01 6.932607e+01
         vertex 2.878143e+01 5.707602e+01 7.085107e+01
      endloop
   endfacet
   facet normal 1.000000e+00 0.000000e+00 0.000000e+00
      outer loop
         vertex 2.878143e+01 5.442671e+01 7.082892e+01
         vertex 2.878143e+01 5.707602e+01 7.085107e+01
         vertex 2.878143e+01 5.709507e+01 7.384840e+01
      endloop
   endfacet
   facet normal 1.000000e+00 0.000000e+00 0.000000e+00
      outer loop
         vertex 2.878143e+01 5.707602e+01 7.085107e+01
         vertex 2.878143e+01 5.819240e+01 7.196745e+01
         vertex 2.878143e+01 5.709507e+01 7.384840e+01
      endloop
   endfacet
   facet normal 1.000000e+00 0.000000e+00 0.000000e+00
      outer loop
         vertex 2.878143e+01 5.709507e+01 7.384840e+01
         vertex 2.878143e+01 5.819240e+01 7.196745e+01
         vertex 2.878143e+01 5.971740e+01 7.237607e+01
      endloop
   endfacet
   facet normal 1.000000e+00 0.000000e+00 0.000000e+00
      outer loop
         vertex 2.878143e+01 5.709507e+01 7.384840e+01
         vertex 2.878143e+01 5.971740e+01 7.237607e+01
         vertex 2.878143e+01 6.284766e+01 7.384840e+01
      endloop
   endfacet
   facet normal 1.000000e+00 0.000000e+00 0.000000e+00
      outer loop
         vertex 2.878143e+01 6.284766e+01 7.384840e+01
         vertex 2.878143e+01 5.971740e+01 7.237607e+01
         vertex 2.878143e+01 6.124240e+01 7.196745e+01
      endloop
   endfacet
   facet normal 1.000000e+00 0.000000e+00 0.000000e+00
      outer loop
         vertex 2.878143e+01 6.284766e+01 7.384840e+01
         vertex 2.878143e+01 6.124240e+01 7.196745e+01
         vertex 2.878143e+01 6.435727e+01 7.227932e+01
      endloop
   endfacet
   facet normal 1.000000e+00 0.000000e+00 0.000000e+00
      outer loop
         vertex 2.878143e+01 6.435727e+01 7.227932e+01
         vertex 2.878143e+01 6.124240e+01 7.196745e+01
         vertex 2.878143e+01 6.235878e+01 7.085107e+01
      endloop
   endfacet
   facet normal 1.000000e+00 0.000000e+00 0.000000e+00
      outer loop
         vertex 2.878143e+01 6.435727e+01 7.227932e+01
         vertex 2.878143e+01 6.235878e+01 7.085107e+01
         vertex 2.878143e+01 6.513969e+01 7.024738e+01
      endloop
   endfacet
   facet normal 1.000000e+00 -0.000000e+00 0.000000e+00
      outer loop
         vertex 2.878143e+01 6.513969e+01 7.024738e+01
         vertex 2.878143e+01 6.235878e+01 7.085107e+01
         vertex 2.878143e+01 6.276740e+01 6.932607e+01
      endloop
   endfacet
   facet normal 1.000000e+00 0.000000e+00 0.000000e+00
      outer loop
         vertex 2.878143e+01 6.513969e+01 7.024738e+01
         vertex 2.878143e+01 6.276740e+01 6.932607e+01
         vertex 2.878143e+01 6.507230e+01 6.807105e+01
      endloop
   endfacet
   facet normal 1.000000e+00 -0.000000e+00 0.000000e+00
      outer loop
         vertex 2.878143e+01 6.507230e+01 6.807105e+01
         vertex 2.878143e+01 6.276740e+01 6.932607e+01
         vertex 2.878143e+01 6.235878e+01 6.780107e+01
      endloop
   endfacet
   facet normal 1.000000e+00 0.000000e+00 0.000000e+00
      outer loop
         vertex 2.878143e+01 6.507230e+01 6.807105e+01
         vertex 2.878143e+01 6.235878e+01 6.780107e+01
         vertex 2.878143e+01 6.416566e+01 6.609141e+01
      endloop
   endfacet
   facet normal 1.000000e+00 -0.000000e+00 0.000000e+00
      outer loop
         vertex 2.878143e+01 6.416566e+01 6.609141e+01
         vertex 2.878143e+01 6.235878e+01 6.780107e+01
         vertex 2.878143e+01 6.256186e+01 6.461873e+01
      endloop
   endfacet
   facet normal -9.659258e-01 -2.588193e-01 -1.436736e-17
      outer loop
         vertex 3.275643e+01 6.989507e+01 2.944840e+01
         vertex 3.275643e+01 6.989507e+01 7.384840e+01
         vertex 3.255882e+01 7.063257e+01 2.944840e+01
      endloop
   endfacet
   facet normal -9.659258e-01 -2.588193e-01 -1.436736e-17
      outer loop
         vertex 3.255882e+01 7.063257e+01 2.944840e+01
         vertex 3.275643e+01 6.989507e+01 7.384840e+01
         vertex 3.255882e+01 7.063257e+01 7.384840e+01
      endloop
   endfacet
   facet normal -7.071066e-01 -7.071069e-01 -3.925232e-17
      outer loop
         vertex 3.255882e+01 7.063257e+01 2.944840e+01
         vertex 3.255882e+01 7.063257e+01 7.384840e+01
         vertex 3.201893e+01 7.117246e+01 2.944840e+01
      endloop
   endfacet
   facet normal -7.071066e-01 -7.071069e-01 -3.925232e-17
      outer loop
         vertex 3.201893e+01 7.117246e+01 2.944840e+01
         vertex 3.255882e+01 7.063257e+01 7.384840e+01
         vertex 3.201893e+01 7.117246e+01 7.384840e+01
      endloop
   endfacet
   facet normal -2.588192e-01 -9.659258e-01 -5.361965e-17
      outer loop
         vertex 3.201893e+01 7.117246e+01 2.944840e+01
         vertex 3.201893e+01 7.117246e+01 7.384840e+01
         vertex 3.128143e+01 7.137007e+01 2.944840e+01
      endloop
   endfacet
   facet normal -2.588192e-01 -9.659258e-01 -5.361965e-17
      outer loop
         vertex 3.128143e+01 7.137007e+01 2.944840e+01
         vertex 3.201893e+01 7.117246e+01 7.384840e+01
         vertex 3.128143e+01 7.137007e+01 7.384840e+01
      endloop
   endfacet
   facet normal 2.588193e-01 -9.659258e-01 -5.361965e-17
      outer loop
         vertex 3.128143e+01 7.137007e+01 2.944840e+01
         vertex 3.128143e+01 7.137007e+01 7.384840e+01
         vertex 3.054393e+01 7.117246e+01 2.944840e+01
      endloop
   endfacet
   facet normal 2.588193e-01 -9.659258e-01 -5.361965e-17
      outer loop
         vertex 3.054393e+01 7.117246e+01 2.944840e+01
         vertex 3.128143e+01 7.137007e+01 7.384840e+01
         vertex 3.054393e+01 7.117246e+01 7.384840e+01
      endloop
   endfacet
   facet normal 7.071068e-01 -7.071068e-01 -3.925231e-17
      outer loop
         vertex 3.054393e+01 7.117246e+01 2.944840e+01
         vertex 3.054393e+01 7.117246e+01 7.384840e+01
         vertex 3.000404e+01 7.063257e+01 2.944840e+01
      endloop
   endfacet
   facet normal 7.071068e-01 -7.071068e-01 -3.925231e-17
      outer loop
         vertex 3.000404e+01 7.063257e+01 2.944840e+01
         vertex 3.054393e+01 7.117246e+01 7.384840e+01
         vertex 3.000404e+01 7.063257e+01 7.384840e+01
      endloop
   endfacet
   facet normal 9.659258e-01 -2.588193e-01 -1.436736e-17
      outer loop
         vertex 3.000404e+01 7.063257e+01 2.944840e+01
         vertex 3.000404e+01 7.063257e+01 7.384840e+01
         vertex 2.980643e+01 6.989507e+01 2.944840e+01
      endloop
   endfacet
   facet normal 9.659258e-01 -2.588193e-01 -1.436736e-17
      outer loop
         vertex 2.980643e+01 6.989507e+01 2.944840e+01
         vertex 3.000404e+01 7.063257e+01 7.384840e+01
         vertex 2.980643e+01 6.989507e+01 7.384840e+01
      endloop
   endfacet
   facet normal 9.659258e-01 2.588193e-01 1.436736e-17
      outer loop
         vertex 2.980643e+01 6.989507e+01 2.944840e+01
         vertex 2.980643e+01 6.989507e+01 7.384840e+01
         vertex 3.000404e+01 6.915757e+01 2.944840e+01
      endloop
   endfacet
   facet normal 9.659258e-01 2.588193e-01 1.436736e-17
      outer loop
         vertex 3.000404e+01 6.915757e+01 2.944840e+01
         vertex 2.980643e+01 6.989507e+01 7.384840e+01
         vertex 3.000404e+01 6.915757e+01 7.384840e+01
      endloop
   endfacet
   facet normal 7.071071e-01 7.071065e-01 3.925229e-17
      outer loop
         vertex 3.000404e+01 6.915757e+01 2.944840e+01
         vertex 3.000404e+01 6.915757e+01 7.384840e+01
         vertex 3.054393e+01 6.861768e+01 2.944840e+01
      endloop
   endfacet
   facet normal 7.071071e-01 7.071065e-01 3.925229e-17
      outer loop
         vertex 3.054393e+01 6.861768e+01 2.944840e+01
         vertex 3.000404e+01 6.915757e+01 7.384840e+01
         vertex 3.054393e+01 6.861768e+01 7.384840e+01
      endloop
   endfacet
   facet normal 2.588193e-01 9.659258e-01 5.361965e-17
      outer loop
         vertex 3.054393e+01 6.861768e+01 2.944840e+01
         vertex 3.054393e+01 6.861768e+01 7.384840e+01
         vertex 3.128143e+01 6.842007e+01 2.944840e+01
      endloop
   endfacet
   facet normal 2.588193e-01 9.659258e-01 5.361965e-17
      outer loop
         vertex 3.128143e+01 6.842007e+01 2.944840e+01
         vertex 3.054393e+01 6.861768e+01 7.384840e+01
         vertex 3.128143e+01 6.842007e+01 7.384840e+01
      endloop
   endfacet
   facet normal -2.588192e-01 9.659258e-01 5.361965e-17
      outer loop
         vertex 3.128143e+01 6.842007e+01 2.944840e+01
         vertex 3.128143e+01 6.842007e+01 7.384840e+01
         vertex 3.201893e+01 6.861768e+01 2.944840e+01
      endloop
   endfacet
   facet normal -2.588192e-01 9.659258e-01 5.361965e-17
      outer loop
         vertex 3.201893e+01 6.861768e+01 2.944840e+01
         vertex 3.128143e+01 6.842007e+01 7.384840e+01
         vertex 3.201893e+01 6.861768e+01 7.384840e+01
      endloop
   endfacet
   facet normal -7.071069e-01 7.071066e-01 3.925230e-17
      outer loop
         vertex 3.201893e+01 6.861768e+01 2.944840e+01
         vertex 3.201893e+01 6.861768e+01 7.384840e+01
         vertex 3.255882e+01 6.915757e+01 2.944840e+01
      endloop
   endfacet
   facet normal -7.071069e-01 7.071066e-01 3.925230e-17
      outer loop
         vertex 3.255882e+01 6.915757e+01 2.944840e+01
         vertex 3.201893e+01 6.861768e+01 7.384840e+01
         vertex 3.255882e+01 6.915757e+01 7.384840e+01
      endloop
   endfacet
   facet normal -9.659258e-01 2.588193e-01 1.436736e-17
      outer loop
         vertex 3.255882e+01 6.915757e+01 2.944840e+01
         vertex 3.255882e+01 6.915757e+01 7.384840e+01
         vertex 3.275643e+01 6.989507e+01 2.944840e+01
      endloop
   endfacet
   facet normal -9.659258e-01 2.588193e-01 1.436736e-17
      outer loop
         vertex 3.275643e+01 6.989507e+01 2.944840e+01
         vertex 3.255882e+01 6.915757e+01 7.384840e+01
         vertex 3.275643e+01 6.989507e+01 7.384840e+01
      endloop
   endfacet
   facet normal -9.659258e-01 -2.588193e-01 -1.436736e-17
      outer loop
         vertex 3.275643e+01 8.489507e+01 2.944840e+01
         vertex 3.275643e+01 8.489507e+01 7.384840e+01
         vertex 3.255882e+01 8.563257e+01 2.944840e+01
      endloop
   endfacet
   facet normal -9.659258e-01 -2.588193e-01 -1.436736e-17
      outer loop
         vertex 3.255882e+01 8.563257e+01 2.944840e+01
         vertex 3.275643e+01 8.489507e+01 7.384840e+01
         vertex 3.255882e+01 8.563257e+01 7.384840e+01
      endloop
   endfacet
   facet normal -7.071069e-01 -7.071066e-01 -3.925230e-17
      outer loop
         vertex 3.255882e+01 8.563257e+01 2.944840e+01
         vertex 3.255882e+01 8.563257e+01 7.384840e+01
         vertex 3.201893e+01 8.617246e+01 2.944840e+01
      endloop
   endfacet
   facet normal -7.071069e-01 -7.071066e-01 -3.925230e-17
      outer loop
         vertex 3.201893e+01 8.617246e+01 2.944840e+01
         vertex 3.255882e+01 8.563257e+01 7.384840e+01
         vertex 3.201893e+01 8.617246e+01 7.384840e+01
      endloop
   endfacet
   facet normal -2.588192e-01 -9.659258e-01 -5.361965e-17
      outer loop
         vertex 3.201893e+01 8.617246e+01 2.944840e+01
         vertex 3.201893e+01 8.617246e+01 7.384840e+01
         vertex 3.128143e+01 8.637007e+01 2.944840e+01
      endloop
   endfacet
   facet normal -2.588192e-01 -9.659258e-01 -5.361965e-17
      outer loop
         vertex 3.128143e+01 8.637007e+01 2.944840e+01
         vertex 3.201893e+01 8.617246e+01 7.384840e+01
         vertex 3.128143e+01 8.637007e+01 7.384840e+01
      endloop
   endfacet
   facet normal 2.588193e-01 -9.659258e-01 -5.361965e-17
      outer loop
         vertex 3.128143e+01 8.637007e+01 2.944840e+01
         vertex 3.128143e+01 8.637007e+01 7.384840e+01
         vertex 3.054393e+01 8.617246e+01 2.944840e+01
      endloop
   endfacet
   facet normal 2.588193e-01 -9.659258e-01 -5.361965e-17
      outer loop
         vertex 3.054393e+01 8.617246e+01 2.944840e+01
         vertex 3.128143e+01 8.637007e+01 7.384840e+01
         vertex 3.054393e+01 8.617246e+01 7.384840e+01
      endloop
   endfacet
   facet normal 7.071071e-01 -7.071065e-01 -3.925229e-17
      outer loop
         vertex 3.054393e+01 8.617246e+01 2.944840e+01
         vertex 3.054393e+01 8.617246e+01 7.384840e+01
         vertex 3.000404e+01 8.563257e+01 2.944840e+01
      endloop
   endfacet
   facet normal 7.071071e-01 -7.071065e-01 -3.925229e-17
      outer loop
         vertex 3.000404e+01 8.563257e+01 2.944840e+01
         vertex 3.054393e+01 8.617246e+01 7.384840e+01
         vertex 3.000404e+01 8.563257e+01 7.384840e+01
      endloop
   endfacet
   facet normal 9.659258e-01 -2.588193e-01 -1.436736e-17
      outer loop
         vertex 3.000404e+01 8.563257e+01 2.944840e+01
         vertex 3.000404e+01 8.563257e+01 7.384840e+01
         vertex 2.980643e+01 8.489507e+01 2.944840e+01
      endloop
   endfacet
   facet normal 9.659258e-01 -2.588193e-01 -1.436736e-17
      outer loop
         vertex 2.980643e+01 8.489507e+01 2.944840e+01
         vertex 3.000404e+01 8.563257e+01 7.384840e+01
         vertex 2.980643e+01 8.489507e+01 7.384840e+01
      endloop
   endfacet
   facet normal 9.659258e-01 2.588193e-01 1.436736e-17
      outer loop
         vertex 2.980643e+01 8.489507e+01 2.944840e+01
         vertex 2.980643e+01 8.489507e+01 7.384840e+01
         vertex 3.000404e+01 8.415757e+01 2.944840e+01
      endloop
   endfacet
   facet normal 9.659258e-01 2.588193e-01 1.436736e-17
      outer loop
         vertex 3.000404e+01 8.415757e+01 2.944840e+01
         vertex 2.980643e+01 8.489507e+01 7.384840e+01
         vertex 3.000404e+01 8.415757e+01 7.384840e+01
      endloop
   endfacet
   facet normal 7.071068e-01 7.071068e-01 3.925231e-17
      outer loop
         vertex 3.000404e+01 8.415757e+01 2.944840e+01
         vertex 3.000404e+01 8.415757e+01 7.384840e+01
         vertex 3.054393e+01 8.361768e+01 2.944840e+01
      endloop
   endfacet
   facet normal 7.071068e-01 7.071068e-01 3.925231e-17
      outer loop
         vertex 3.054393e+01 8.361768e+01 2.944840e+01
         vertex 3.000404e+01 8.415757e+01 7.384840e+01
         vertex 3.054393e+01 8.361768e+01 7.384840e+01
      endloop
   endfacet
   facet normal 2.588193e-01 9.659258e-01 5.361965e-17
      outer loop
         vertex 3.054393e+01 8.361768e+01 2.944840e+01
         vertex 3.054393e+01 8.361768e+01 7.384840e+01
         vertex 3.128143e+01 8.342007e+01 2.944840e+01
      endloop
   endfacet
   facet normal 2.588193e-01 9.659258e-01 5.361965e-17
      outer loop
         vertex 3.128143e+01 8.342007e+01 2.944840e+01
         vertex 3.054393e+01 8.361768e+01 7.384840e+01
         vertex 3.128143e+01 8.342007e+01 7.384840e+01
      endloop
   endfacet
   facet normal -2.588192e-01 9.659258e-01 5.361965e-17
      outer loop
         vertex 3.128143e+01 8.342007e+01 2.944840e+01
         vertex 3.128143e+01 8.342007e+01 7.384840e+01
         vertex 3.201893e+01 8.361768e+01 2.944840e+01
      endloop
   endfacet
   facet normal -2.588192e-01 9.659258e-01 5.361965e-17
      outer loop
         vertex 3.201893e+01 8.361768e+01 2.944840e+01
         vertex 3.128143e+01 8.342007e+01 7.384840e+01
         vertex 3.201893e+01 8.361768e+01 7.384840e+01
      endloop
   endfacet
   facet normal -7.071066e-01 7.071069e-01 3.925232e-17
      outer loop
         vertex 3.201893e+01 8.361768e+01 2.944840e+01
         vertex 3.201893e+01 8.361768e+01 7.384840e+01
         vertex 3.255882e+01 8.415757e+01 2.944840e+01
      endloop
   endfacet
   facet normal -7.071066e-01 7.071069e-01 3.925232e-17
      outer loop
         vertex 3.255882e+01 8.415757e+01 2.944840e+01
         vertex 3.201893e+01 8.361768e+01 7.384840e+01
         vertex 3.255882e+01 8.415757e+01 7.384840e+01
      endloop
   endfacet
   facet normal -9.659258e-01 2.588193e-01 1.436736e-17
      outer loop
         vertex 3.255882e+01 8.415757e+01 2.944840e+01
         vertex 3.255882e+01 8.415757e+01 7.384840e+01
         vertex 3.275643e+01 8.489507e+01 2.944840e+01
      endloop
   endfacet
   facet normal -9.659258e-01 2.588193e-01 1.436736e-17
      outer loop
         vertex 3.275643e+01 8.489507e+01 2.944840e+01
         vertex 3.255882e+01 8.415757e+01 7.384840e+01
         vertex 3.275643e+01 8.489507e+01 7.384840e+01
      endloop
   endfacet
endsolid TRY2_ASS - Mount ARM-1