solid TRY2_ASS - Distal_Rod-1
   facet normal 4.840069e-16 -7.071068e-01 7.071068e-01
      outer loop
         vertex 1.392716e+02 1.168545e+02 5.884840e+01
         vertex 1.392716e+02 1.171545e+02 5.914840e+01
         vertex 1.340216e+02 1.168545e+02 5.884840e+01
      endloop
   endfacet
   facet normal 4.840069e-16 -7.071068e-01 7.071068e-01
      outer loop
         vertex 1.340216e+02 1.168545e+02 5.884840e+01
         vertex 1.392716e+02 1.171545e+02 5.914840e+01
         vertex 1.340216e+02 1.171545e+02 5.914840e+01
      endloop
   endfacet
   facet normal -7.048743e-01 -7.941992e-02 7.048721e-01
      outer loop
         vertex 1.295716e+02 1.216045e+02 5.914840e+01
         vertex 1.292716e+02 1.216045e+02 5.884840e+01
         vertex 1.293907e+02 1.205475e+02 5.884840e+01
      endloop
   endfacet
   facet normal -7.048740e-01 -7.942005e-02 7.048724e-01
      outer loop
         vertex 1.295716e+02 1.216045e+02 5.914840e+01
         vertex 1.293907e+02 1.205475e+02 5.884840e+01
         vertex 1.296831e+02 1.206143e+02 5.914840e+01
      endloop
   endfacet
   facet normal -6.695285e-01 -2.342786e-01 7.048724e-01
      outer loop
         vertex 1.296831e+02 1.206143e+02 5.914840e+01
         vertex 1.293907e+02 1.205475e+02 5.884840e+01
         vertex 1.297420e+02 1.195436e+02 5.884840e+01
      endloop
   endfacet
   facet normal -6.695285e-01 -2.342786e-01 7.048724e-01
      outer loop
         vertex 1.296831e+02 1.206143e+02 5.914840e+01
         vertex 1.297420e+02 1.195436e+02 5.884840e+01
         vertex 1.300123e+02 1.196737e+02 5.914840e+01
      endloop
   endfacet
   facet normal -6.006101e-01 -3.773887e-01 7.048725e-01
      outer loop
         vertex 1.300123e+02 1.196737e+02 5.914840e+01
         vertex 1.297420e+02 1.195436e+02 5.884840e+01
         vertex 1.303079e+02 1.186429e+02 5.884840e+01
      endloop
   endfacet
   facet normal -6.006117e-01 -3.773888e-01 7.048711e-01
      outer loop
         vertex 1.300123e+02 1.196737e+02 5.914840e+01
         vertex 1.303079e+02 1.186429e+02 5.884840e+01
         vertex 1.305424e+02 1.188300e+02 5.914840e+01
      endloop
   endfacet
   facet normal -5.015757e-01 -5.015757e-01 7.048714e-01
      outer loop
         vertex 1.305424e+02 1.188300e+02 5.914840e+01
         vertex 1.303079e+02 1.186429e+02 5.884840e+01
         vertex 1.310600e+02 1.178908e+02 5.884840e+01
      endloop
   endfacet
   facet normal -5.015739e-01 -5.015752e-01 7.048730e-01
      outer loop
         vertex 1.305424e+02 1.188300e+02 5.914840e+01
         vertex 1.310600e+02 1.178908e+02 5.884840e+01
         vertex 1.312470e+02 1.181254e+02 5.914840e+01
      endloop
   endfacet
   facet normal -3.773877e-01 -6.006101e-01 7.048730e-01
      outer loop
         vertex 1.312470e+02 1.181254e+02 5.914840e+01
         vertex 1.310600e+02 1.178908e+02 5.884840e+01
         vertex 1.319606e+02 1.173249e+02 5.884840e+01
      endloop
   endfacet
   facet normal -3.773907e-01 -6.006117e-01 7.048701e-01
      outer loop
         vertex 1.312470e+02 1.181254e+02 5.914840e+01
         vertex 1.319606e+02 1.173249e+02 5.884840e+01
         vertex 1.320908e+02 1.175952e+02 5.914840e+01
      endloop
   endfacet
   facet normal -2.342785e-01 -6.695301e-01 7.048709e-01
      outer loop
         vertex 1.320908e+02 1.175952e+02 5.914840e+01
         vertex 1.319606e+02 1.173249e+02 5.884840e+01
         vertex 1.329646e+02 1.169736e+02 5.884840e+01
      endloop
   endfacet
   facet normal -2.342781e-01 -6.695298e-01 7.048713e-01
      outer loop
         vertex 1.320908e+02 1.175952e+02 5.914840e+01
         vertex 1.329646e+02 1.169736e+02 5.884840e+01
         vertex 1.330313e+02 1.172661e+02 5.914840e+01
      endloop
   endfacet
   facet normal -7.942068e-02 -7.048743e-01 7.048721e-01
      outer loop
         vertex 1.330313e+02 1.172661e+02 5.914840e+01
         vertex 1.329646e+02 1.169736e+02 5.884840e+01
         vertex 1.340216e+02 1.168545e+02 5.884840e+01
      endloop
   endfacet
   facet normal -7.941989e-02 -7.048732e-01 7.048732e-01
      outer loop
         vertex 1.330313e+02 1.172661e+02 5.914840e+01
         vertex 1.340216e+02 1.168545e+02 5.884840e+01
         vertex 1.340216e+02 1.171545e+02 5.914840e+01
      endloop
   endfacet
   facet normal -7.071079e-01 -8.061013e-16 7.071057e-01
      outer loop
         vertex 1.292716e+02 1.216045e+02 5.884840e+01
         vertex 1.295716e+02 1.216045e+02 5.914840e+01
         vertex 1.292716e+02 1.331045e+02 5.884840e+01
      endloop
   endfacet
   facet normal -7.071079e-01 -8.061013e-16 7.071057e-01
      outer loop
         vertex 1.292716e+02 1.331045e+02 5.884840e+01
         vertex 1.295716e+02 1.216045e+02 5.914840e+01
         vertex 1.295716e+02 1.331045e+02 5.914840e+01
      endloop
   endfacet
   facet normal 2.810200e-01 6.514767e-01 7.047027e-01
      outer loop
         vertex 1.362466e+02 1.369583e+02 5.914840e+01
         vertex 1.363966e+02 1.372181e+02 5.884840e+01
         vertex 1.353839e+02 1.376550e+02 5.884840e+01
      endloop
   endfacet
   facet normal 2.810184e-01 6.514754e-01 7.047045e-01
      outer loop
         vertex 1.362466e+02 1.369583e+02 5.914840e+01
         vertex 1.353839e+02 1.376550e+02 5.884840e+01
         vertex 1.352978e+02 1.373676e+02 5.914840e+01
      endloop
   endfacet
   facet normal 1.232036e-01 6.987226e-01 7.047039e-01
      outer loop
         vertex 1.352978e+02 1.373676e+02 5.914840e+01
         vertex 1.353839e+02 1.376550e+02 5.884840e+01
         vertex 1.342978e+02 1.378465e+02 5.884840e+01
      endloop
   endfacet
   facet normal 1.232049e-01 6.987241e-01 7.047022e-01
      outer loop
         vertex 1.352978e+02 1.373676e+02 5.914840e+01
         vertex 1.342978e+02 1.378465e+02 5.884840e+01
         vertex 1.342803e+02 1.375470e+02 5.914840e+01
      endloop
   endfacet
   facet normal -4.125411e-02 7.083034e-01 7.047016e-01
      outer loop
         vertex 1.342803e+02 1.375470e+02 5.914840e+01
         vertex 1.342978e+02 1.378465e+02 5.884840e+01
         vertex 1.331967e+02 1.377823e+02 5.884840e+01
      endloop
   endfacet
   facet normal -4.125464e-02 7.083023e-01 7.047027e-01
      outer loop
         vertex 1.342803e+02 1.375470e+02 5.914840e+01
         vertex 1.331967e+02 1.377823e+02 5.884840e+01
         vertex 1.332488e+02 1.374869e+02 5.914840e+01
      endloop
   endfacet
   facet normal -2.034864e-01 6.796965e-01 7.047028e-01
      outer loop
         vertex 1.332488e+02 1.374869e+02 5.914840e+01
         vertex 1.331967e+02 1.377823e+02 5.884840e+01
         vertex 1.321402e+02 1.374660e+02 5.884840e+01
      endloop
   endfacet
   facet normal -2.034867e-01 6.796952e-01 7.047039e-01
      outer loop
         vertex 1.332488e+02 1.374869e+02 5.914840e+01
         vertex 1.321402e+02 1.374660e+02 5.884840e+01
         vertex 1.322590e+02 1.371906e+02 5.914840e+01
      endloop
   endfacet
   facet normal -3.547510e-01 6.144457e-01 7.047044e-01
      outer loop
         vertex 1.322590e+02 1.371906e+02 5.914840e+01
         vertex 1.321402e+02 1.374660e+02 5.884840e+01
         vertex 1.311851e+02 1.369146e+02 5.884840e+01
      endloop
   endfacet
   facet normal -3.547510e-01 6.144481e-01 7.047023e-01
      outer loop
         vertex 1.322590e+02 1.371906e+02 5.914840e+01
         vertex 1.311851e+02 1.369146e+02 5.884840e+01
         vertex 1.313642e+02 1.366740e+02 5.914840e+01
      endloop
   endfacet
   facet normal -4.868912e-01 5.160739e-01 7.047018e-01
      outer loop
         vertex 1.313642e+02 1.366740e+02 5.914840e+01
         vertex 1.311851e+02 1.369146e+02 5.884840e+01
         vertex 1.303829e+02 1.361578e+02 5.884840e+01
      endloop
   endfacet
   facet normal -4.868909e-01 5.160725e-01 7.047031e-01
      outer loop
         vertex 1.313642e+02 1.366740e+02 5.914840e+01
         vertex 1.303829e+02 1.361578e+02 5.884840e+01
         vertex 1.306127e+02 1.359649e+02 5.914840e+01
      endloop
   endfacet
   facet normal -5.927801e-01 3.898784e-01 7.047031e-01
      outer loop
         vertex 1.306127e+02 1.359649e+02 5.914840e+01
         vertex 1.303829e+02 1.361578e+02 5.884840e+01
         vertex 1.297768e+02 1.352363e+02 5.884840e+01
      endloop
   endfacet
   facet normal -5.927797e-01 3.898775e-01 7.047040e-01
      outer loop
         vertex 1.306127e+02 1.359649e+02 5.914840e+01
         vertex 1.297768e+02 1.352363e+02 5.884840e+01
         vertex 1.300449e+02 1.351017e+02 5.914840e+01
      endloop
   endfacet
   facet normal -6.667130e-01 2.426638e-01 7.047042e-01
      outer loop
         vertex 1.300449e+02 1.351017e+02 5.914840e+01
         vertex 1.297768e+02 1.352363e+02 5.884840e+01
         vertex 1.293996e+02 1.341999e+02 5.884840e+01
      endloop
   endfacet
   facet normal -6.667135e-01 2.426643e-01 7.047036e-01
      outer loop
         vertex 1.300449e+02 1.351017e+02 5.914840e+01
         vertex 1.293996e+02 1.341999e+02 5.884840e+01
         vertex 1.296915e+02 1.341308e+02 5.914840e+01
      endloop
   endfacet
   facet normal -7.047043e-01 8.236780e-02 7.047038e-01
      outer loop
         vertex 1.296915e+02 1.341308e+02 5.914840e+01
         vertex 1.293996e+02 1.341999e+02 5.884840e+01
         vertex 1.292716e+02 1.331045e+02 5.884840e+01
      endloop
   endfacet
   facet normal -7.047051e-01 8.236838e-02 7.047029e-01
      outer loop
         vertex 1.296915e+02 1.341308e+02 5.914840e+01
         vertex 1.292716e+02 1.331045e+02 5.884840e+01
         vertex 1.295716e+02 1.331045e+02 5.914840e+01
      endloop
   endfacet
   facet normal 3.535540e-01 6.123738e-01 7.071053e-01
      outer loop
         vertex 1.363966e+02 1.372181e+02 5.884840e+01
         vertex 1.362466e+02 1.369583e+02 5.914840e+01
         vertex 1.392716e+02 1.355582e+02 5.884840e+01
      endloop
   endfacet
   facet normal 3.535534e-01 6.123721e-01 7.071071e-01
      outer loop
         vertex 1.392716e+02 1.355582e+02 5.884840e+01
         vertex 1.362466e+02 1.369583e+02 5.914840e+01
         vertex 1.392716e+02 1.352118e+02 5.914840e+01
      endloop
   endfacet
   facet normal 4.839777e-16 -7.071068e-01 -7.071068e-01
      outer loop
         vertex 1.392716e+02 1.171545e+02 4.274840e+01
         vertex 1.392716e+02 1.168545e+02 4.304840e+01
         vertex 1.340216e+02 1.171545e+02 4.274840e+01
      endloop
   endfacet
   facet normal 4.839777e-16 -7.071068e-01 -7.071068e-01
      outer loop
         vertex 1.340216e+02 1.171545e+02 4.274840e+01
         vertex 1.392716e+02 1.168545e+02 4.304840e+01
         vertex 1.340216e+02 1.168545e+02 4.304840e+01
      endloop
   endfacet
   facet normal -7.942055e-02 -7.048732e-01 -7.048732e-01
      outer loop
         vertex 1.340216e+02 1.171545e+02 4.274840e+01
         vertex 1.340216e+02 1.168545e+02 4.304840e+01
         vertex 1.329646e+02 1.169736e+02 4.304840e+01
      endloop
   endfacet
   facet normal -7.942002e-02 -7.048744e-01 -7.048720e-01
      outer loop
         vertex 1.340216e+02 1.171545e+02 4.274840e+01
         vertex 1.329646e+02 1.169736e+02 4.304840e+01
         vertex 1.330313e+02 1.172661e+02 4.274840e+01
      endloop
   endfacet
   facet normal -2.342784e-01 -6.695297e-01 -7.048713e-01
      outer loop
         vertex 1.330313e+02 1.172661e+02 4.274840e+01
         vertex 1.329646e+02 1.169736e+02 4.304840e+01
         vertex 1.319606e+02 1.173249e+02 4.304840e+01
      endloop
   endfacet
   facet normal -2.342783e-01 -6.695302e-01 -7.048709e-01
      outer loop
         vertex 1.330313e+02 1.172661e+02 4.274840e+01
         vertex 1.319606e+02 1.173249e+02 4.304840e+01
         vertex 1.320908e+02 1.175952e+02 4.274840e+01
      endloop
   endfacet
   facet normal -3.773892e-01 -6.006125e-01 -7.048702e-01
      outer loop
         vertex 1.320908e+02 1.175952e+02 4.274840e+01
         vertex 1.319606e+02 1.173249e+02 4.304840e+01
         vertex 1.310600e+02 1.178908e+02 4.304840e+01
      endloop
   endfacet
   facet normal -3.773891e-01 -6.006091e-01 -7.048731e-01
      outer loop
         vertex 1.320908e+02 1.175952e+02 4.274840e+01
         vertex 1.310600e+02 1.178908e+02 4.304840e+01
         vertex 1.312470e+02 1.181254e+02 4.274840e+01
      endloop
   endfacet
   facet normal -5.015746e-01 -5.015746e-01 -7.048730e-01
      outer loop
         vertex 1.312470e+02 1.181254e+02 4.274840e+01
         vertex 1.310600e+02 1.178908e+02 4.304840e+01
         vertex 1.303079e+02 1.186429e+02 4.304840e+01
      endloop
   endfacet
   facet normal -5.015751e-01 -5.015764e-01 -7.048713e-01
      outer loop
         vertex 1.312470e+02 1.181254e+02 4.274840e+01
         vertex 1.303079e+02 1.186429e+02 4.304840e+01
         vertex 1.305424e+02 1.188300e+02 4.274840e+01
      endloop
   endfacet
   facet normal -6.006112e-01 -3.773894e-01 -7.048712e-01
      outer loop
         vertex 1.305424e+02 1.188300e+02 4.274840e+01
         vertex 1.303079e+02 1.186429e+02 4.304840e+01
         vertex 1.297420e+02 1.195436e+02 4.304840e+01
      endloop
   endfacet
   facet normal -6.006105e-01 -3.773881e-01 -7.048725e-01
      outer loop
         vertex 1.305424e+02 1.188300e+02 4.274840e+01
         vertex 1.297420e+02 1.195436e+02 4.304840e+01
         vertex 1.300123e+02 1.196737e+02 4.274840e+01
      endloop
   endfacet
   facet normal -6.695285e-01 -2.342786e-01 -7.048724e-01
      outer loop
         vertex 1.300123e+02 1.196737e+02 4.274840e+01
         vertex 1.297420e+02 1.195436e+02 4.304840e+01
         vertex 1.293907e+02 1.205475e+02 4.304840e+01
      endloop
   endfacet
   facet normal -6.695285e-01 -2.342786e-01 -7.048724e-01
      outer loop
         vertex 1.300123e+02 1.196737e+02 4.274840e+01
         vertex 1.293907e+02 1.205475e+02 4.304840e+01
         vertex 1.296831e+02 1.206143e+02 4.274840e+01
      endloop
   endfacet
   facet normal -7.048740e-01 -7.941989e-02 -7.048724e-01
      outer loop
         vertex 1.296831e+02 1.206143e+02 4.274840e+01
         vertex 1.293907e+02 1.205475e+02 4.304840e+01
         vertex 1.292716e+02 1.216045e+02 4.304840e+01
      endloop
   endfacet
   facet normal -7.048743e-01 -7.942008e-02 -7.048721e-01
      outer loop
         vertex 1.296831e+02 1.206143e+02 4.274840e+01
         vertex 1.292716e+02 1.216045e+02 4.304840e+01
         vertex 1.295716e+02 1.216045e+02 4.274840e+01
      endloop
   endfacet
   facet normal -7.071079e-01 -6.329133e-16 -7.071057e-01
      outer loop
         vertex 1.295716e+02 1.216045e+02 4.274840e+01
         vertex 1.292716e+02 1.216045e+02 4.304840e+01
         vertex 1.295716e+02 1.331045e+02 4.274840e+01
      endloop
   endfacet
   facet normal -7.071079e-01 -6.329133e-16 -7.071057e-01
      outer loop
         vertex 1.295716e+02 1.331045e+02 4.274840e+01
         vertex 1.292716e+02 1.216045e+02 4.304840e+01
         vertex 1.292716e+02 1.331045e+02 4.304840e+01
      endloop
   endfacet
   facet normal -7.047051e-01 8.236790e-02 -7.047029e-01
      outer loop
         vertex 1.295716e+02 1.331045e+02 4.274840e+01
         vertex 1.292716e+02 1.331045e+02 4.304840e+01
         vertex 1.293996e+02 1.341999e+02 4.304840e+01
      endloop
   endfacet
   facet normal -7.047042e-01 8.236827e-02 -7.047038e-01
      outer loop
         vertex 1.295716e+02 1.331045e+02 4.274840e+01
         vertex 1.293996e+02 1.341999e+02 4.304840e+01
         vertex 1.296915e+02 1.341308e+02 4.274840e+01
      endloop
   endfacet
   facet normal -6.667136e-01 2.426640e-01 -7.047036e-01
      outer loop
         vertex 1.296915e+02 1.341308e+02 4.274840e+01
         vertex 1.293996e+02 1.341999e+02 4.304840e+01
         vertex 1.297768e+02 1.352363e+02 4.304840e+01
      endloop
   endfacet
   facet normal -6.667129e-01 2.426641e-01 -7.047042e-01
      outer loop
         vertex 1.296915e+02 1.341308e+02 4.274840e+01
         vertex 1.297768e+02 1.352363e+02 4.304840e+01
         vertex 1.300449e+02 1.351017e+02 4.274840e+01
      endloop
   endfacet
   facet normal -5.927794e-01 3.898780e-01 -7.047040e-01
      outer loop
         vertex 1.300449e+02 1.351017e+02 4.274840e+01
         vertex 1.297768e+02 1.352363e+02 4.304840e+01
         vertex 1.303829e+02 1.361578e+02 4.304840e+01
      endloop
   endfacet
   facet normal -5.927804e-01 3.898780e-01 -7.047031e-01
      outer loop
         vertex 1.300449e+02 1.351017e+02 4.274840e+01
         vertex 1.303829e+02 1.361578e+02 4.304840e+01
         vertex 1.306127e+02 1.359649e+02 4.274840e+01
      endloop
   endfacet
   facet normal -4.868904e-01 5.160730e-01 -7.047031e-01
      outer loop
         vertex 1.306127e+02 1.359649e+02 4.274840e+01
         vertex 1.303829e+02 1.361578e+02 4.304840e+01
         vertex 1.311851e+02 1.369146e+02 4.304840e+01
      endloop
   endfacet
   facet normal -4.868918e-01 5.160734e-01 -7.047018e-01
      outer loop
         vertex 1.306127e+02 1.359649e+02 4.274840e+01
         vertex 1.311851e+02 1.369146e+02 4.304840e+01
         vertex 1.313642e+02 1.366740e+02 4.274840e+01
      endloop
   endfacet
   facet normal -3.547520e-01 6.144474e-01 -7.047023e-01
      outer loop
         vertex 1.313642e+02 1.366740e+02 4.274840e+01
         vertex 1.311851e+02 1.369146e+02 4.304840e+01
         vertex 1.321402e+02 1.374660e+02 4.304840e+01
      endloop
   endfacet
   facet normal -3.547499e-01 6.144462e-01 -7.047044e-01
      outer loop
         vertex 1.313642e+02 1.366740e+02 4.274840e+01
         vertex 1.321402e+02 1.374660e+02 4.304840e+01
         vertex 1.322590e+02 1.371906e+02 4.274840e+01
      endloop
   endfacet
   facet normal -2.034861e-01 6.796954e-01 -7.047039e-01
      outer loop
         vertex 1.322590e+02 1.371906e+02 4.274840e+01
         vertex 1.321402e+02 1.374660e+02 4.304840e+01
         vertex 1.331967e+02 1.377823e+02 4.304840e+01
      endloop
   endfacet
   facet normal -2.034871e-01 6.796963e-01 -7.047027e-01
      outer loop
         vertex 1.322590e+02 1.371906e+02 4.274840e+01
         vertex 1.331967e+02 1.377823e+02 4.304840e+01
         vertex 1.332488e+02 1.374869e+02 4.274840e+01
      endloop
   endfacet
   facet normal -4.125405e-02 7.083024e-01 -7.047027e-01
      outer loop
         vertex 1.332488e+02 1.374869e+02 4.274840e+01
         vertex 1.331967e+02 1.377823e+02 4.304840e+01
         vertex 1.342978e+02 1.378465e+02 4.304840e+01
      endloop
   endfacet
   facet normal -4.125470e-02 7.083034e-01 -7.047016e-01
      outer loop
         vertex 1.332488e+02 1.374869e+02 4.274840e+01
         vertex 1.342978e+02 1.378465e+02 4.304840e+01
         vertex 1.342803e+02 1.375470e+02 4.274840e+01
      endloop
   endfacet
   facet normal 1.232039e-01 6.987242e-01 -7.047022e-01
      outer loop
         vertex 1.342803e+02 1.375470e+02 4.274840e+01
         vertex 1.342978e+02 1.378465e+02 4.304840e+01
         vertex 1.353839e+02 1.376550e+02 4.304840e+01
      endloop
   endfacet
   facet normal 1.232046e-01 6.987224e-01 -7.047040e-01
      outer loop
         vertex 1.342803e+02 1.375470e+02 4.274840e+01
         vertex 1.353839e+02 1.376550e+02 4.304840e+01
         vertex 1.352978e+02 1.373676e+02 4.274840e+01
      endloop
   endfacet
   facet normal 2.810193e-01 6.514751e-01 -7.047044e-01
      outer loop
         vertex 1.352978e+02 1.373676e+02 4.274840e+01
         vertex 1.353839e+02 1.376550e+02 4.304840e+01
         vertex 1.363966e+02 1.372181e+02 4.304840e+01
      endloop
   endfacet
   facet normal 2.810191e-01 6.514772e-01 -7.047026e-01
      outer loop
         vertex 1.352978e+02 1.373676e+02 4.274840e+01
         vertex 1.363966e+02 1.372181e+02 4.304840e+01
         vertex 1.362466e+02 1.369583e+02 4.274840e+01
      endloop
   endfacet
   facet normal 3.535543e-01 6.123736e-01 -7.071053e-01
      outer loop
         vertex 1.362466e+02 1.369583e+02 4.274840e+01
         vertex 1.363966e+02 1.372181e+02 4.304840e+01
         vertex 1.392716e+02 1.352118e+02 4.274840e+01
      endloop
   endfacet
   facet normal 3.535530e-01 6.123721e-01 -7.071072e-01
      outer loop
         vertex 1.392716e+02 1.352118e+02 4.274840e+01
         vertex 1.363966e+02 1.372181e+02 4.304840e+01
         vertex 1.392716e+02 1.355582e+02 4.304840e+01
      endloop
   endfacet
   facet normal 3.535537e-01 6.123733e-01 7.071058e-01
      outer loop
         vertex 1.363966e+02 1.372181e+02 4.584840e+01
         vertex 1.362466e+02 1.369583e+02 4.614840e+01
         vertex 1.392716e+02 1.355582e+02 4.584840e+01
      endloop
   endfacet
   facet normal 3.535531e-01 6.123716e-01 7.071077e-01
      outer loop
         vertex 1.392716e+02 1.355582e+02 4.584840e+01
         vertex 1.362466e+02 1.369583e+02 4.614840e+01
         vertex 1.392716e+02 1.352118e+02 4.614840e+01
      endloop
   endfacet
   facet normal 2.810198e-01 6.514762e-01 7.047032e-01
      outer loop
         vertex 1.362466e+02 1.369583e+02 4.614840e+01
         vertex 1.363966e+02 1.372181e+02 4.584840e+01
         vertex 1.353839e+02 1.376550e+02 4.584840e+01
      endloop
   endfacet
   facet normal 2.810181e-01 6.514749e-01 7.047051e-01
      outer loop
         vertex 1.362466e+02 1.369583e+02 4.614840e+01
         vertex 1.353839e+02 1.376550e+02 4.584840e+01
         vertex 1.352978e+02 1.373676e+02 4.614840e+01
      endloop
   endfacet
   facet normal 1.232035e-01 6.987221e-01 7.047045e-01
      outer loop
         vertex 1.352978e+02 1.373676e+02 4.614840e+01
         vertex 1.353839e+02 1.376550e+02 4.584840e+01
         vertex 1.342978e+02 1.378465e+02 4.584840e+01
      endloop
   endfacet
   facet normal 1.232048e-01 6.987236e-01 7.047027e-01
      outer loop
         vertex 1.352978e+02 1.373676e+02 4.614840e+01
         vertex 1.342978e+02 1.378465e+02 4.584840e+01
         vertex 1.342803e+02 1.375470e+02 4.614840e+01
      endloop
   endfacet
   facet normal -4.125408e-02 7.083029e-01 7.047022e-01
      outer loop
         vertex 1.342803e+02 1.375470e+02 4.614840e+01
         vertex 1.342978e+02 1.378465e+02 4.584840e+01
         vertex 1.331967e+02 1.377823e+02 4.584840e+01
      endloop
   endfacet
   facet normal -4.125461e-02 7.083018e-01 7.047032e-01
      outer loop
         vertex 1.342803e+02 1.375470e+02 4.614840e+01
         vertex 1.331967e+02 1.377823e+02 4.584840e+01
         vertex 1.332488e+02 1.374869e+02 4.614840e+01
      endloop
   endfacet
   facet normal -2.034863e-01 6.796959e-01 7.047033e-01
      outer loop
         vertex 1.332488e+02 1.374869e+02 4.614840e+01
         vertex 1.331967e+02 1.377823e+02 4.584840e+01
         vertex 1.321402e+02 1.374660e+02 4.584840e+01
      endloop
   endfacet
   facet normal -2.034866e-01 6.796947e-01 7.047045e-01
      outer loop
         vertex 1.332488e+02 1.374869e+02 4.614840e+01
         vertex 1.321402e+02 1.374660e+02 4.584840e+01
         vertex 1.322590e+02 1.371906e+02 4.614840e+01
      endloop
   endfacet
   facet normal -3.547507e-01 6.144452e-01 7.047049e-01
      outer loop
         vertex 1.322590e+02 1.371906e+02 4.614840e+01
         vertex 1.321402e+02 1.374660e+02 4.584840e+01
         vertex 1.311851e+02 1.369146e+02 4.584840e+01
      endloop
   endfacet
   facet normal -3.547507e-01 6.144476e-01 7.047028e-01
      outer loop
         vertex 1.322590e+02 1.371906e+02 4.614840e+01
         vertex 1.311851e+02 1.369146e+02 4.584840e+01
         vertex 1.313642e+02 1.366740e+02 4.614840e+01
      endloop
   endfacet
   facet normal -4.868908e-01 5.160735e-01 7.047024e-01
      outer loop
         vertex 1.313642e+02 1.366740e+02 4.614840e+01
         vertex 1.311851e+02 1.369146e+02 4.584840e+01
         vertex 1.303829e+02 1.361578e+02 4.584840e+01
      endloop
   endfacet
   facet normal -4.868905e-01 5.160721e-01 7.047037e-01
      outer loop
         vertex 1.313642e+02 1.366740e+02 4.614840e+01
         vertex 1.303829e+02 1.361578e+02 4.584840e+01
         vertex 1.306127e+02 1.359649e+02 4.614840e+01
      endloop
   endfacet
   facet normal -5.927797e-01 3.898781e-01 7.047037e-01
      outer loop
         vertex 1.306127e+02 1.359649e+02 4.614840e+01
         vertex 1.303829e+02 1.361578e+02 4.584840e+01
         vertex 1.297768e+02 1.352363e+02 4.584840e+01
      endloop
   endfacet
   facet normal -5.927792e-01 3.898772e-01 7.047046e-01
      outer loop
         vertex 1.306127e+02 1.359649e+02 4.614840e+01
         vertex 1.297768e+02 1.352363e+02 4.584840e+01
         vertex 1.300449e+02 1.351017e+02 4.614840e+01
      endloop
   endfacet
   facet normal -6.667125e-01 2.426636e-01 7.047048e-01
      outer loop
         vertex 1.300449e+02 1.351017e+02 4.614840e+01
         vertex 1.297768e+02 1.352363e+02 4.584840e+01
         vertex 1.293996e+02 1.341999e+02 4.584840e+01
      endloop
   endfacet
   facet normal -6.667130e-01 2.426641e-01 7.047041e-01
      outer loop
         vertex 1.300449e+02 1.351017e+02 4.614840e+01
         vertex 1.293996e+02 1.341999e+02 4.584840e+01
         vertex 1.296915e+02 1.341308e+02 4.614840e+01
      endloop
   endfacet
   facet normal -7.047038e-01 8.236774e-02 7.047043e-01
      outer loop
         vertex 1.296915e+02 1.341308e+02 4.614840e+01
         vertex 1.293996e+02 1.341999e+02 4.584840e+01
         vertex 1.292716e+02 1.331045e+02 4.584840e+01
      endloop
   endfacet
   facet normal -7.047045e-01 8.236831e-02 7.047035e-01
      outer loop
         vertex 1.296915e+02 1.341308e+02 4.614840e+01
         vertex 1.292716e+02 1.331045e+02 4.584840e+01
         vertex 1.295716e+02 1.331045e+02 4.614840e+01
      endloop
   endfacet
   facet normal -7.071073e-01 -8.061008e-16 7.071062e-01
      outer loop
         vertex 1.295716e+02 1.331045e+02 4.614840e+01
         vertex 1.292716e+02 1.331045e+02 4.584840e+01
         vertex 1.295716e+02 1.245309e+02 4.614840e+01
      endloop
   endfacet
   facet normal -7.071073e-01 -8.061008e-16 7.071062e-01
      outer loop
         vertex 1.295716e+02 1.245309e+02 4.614840e+01
         vertex 1.292716e+02 1.331045e+02 4.584840e+01
         vertex 1.292716e+02 1.243577e+02 4.584840e+01
      endloop
   endfacet
   facet normal 3.535540e-01 6.123732e-01 -7.071058e-01
      outer loop
         vertex 1.362466e+02 1.369583e+02 5.574840e+01
         vertex 1.363966e+02 1.372181e+02 5.604840e+01
         vertex 1.392716e+02 1.352118e+02 5.574840e+01
      endloop
   endfacet
   facet normal 3.535528e-01 6.123717e-01 -7.071078e-01
      outer loop
         vertex 1.392716e+02 1.352118e+02 5.574840e+01
         vertex 1.363966e+02 1.372181e+02 5.604840e+01
         vertex 1.392716e+02 1.355582e+02 5.604840e+01
      endloop
   endfacet
   facet normal -7.047046e-01 8.236783e-02 -7.047035e-01
      outer loop
         vertex 1.295716e+02 1.331045e+02 5.574840e+01
         vertex 1.292716e+02 1.331045e+02 5.604840e+01
         vertex 1.293996e+02 1.341999e+02 5.604840e+01
      endloop
   endfacet
   facet normal -7.047037e-01 8.236821e-02 -7.047043e-01
      outer loop
         vertex 1.295716e+02 1.331045e+02 5.574840e+01
         vertex 1.293996e+02 1.341999e+02 5.604840e+01
         vertex 1.296915e+02 1.341308e+02 5.574840e+01
      endloop
   endfacet
   facet normal -6.667131e-01 2.426638e-01 -7.047042e-01
      outer loop
         vertex 1.296915e+02 1.341308e+02 5.574840e+01
         vertex 1.293996e+02 1.341999e+02 5.604840e+01
         vertex 1.297768e+02 1.352363e+02 5.604840e+01
      endloop
   endfacet
   facet normal -6.667124e-01 2.426639e-01 -7.047048e-01
      outer loop
         vertex 1.296915e+02 1.341308e+02 5.574840e+01
         vertex 1.297768e+02 1.352363e+02 5.604840e+01
         vertex 1.300449e+02 1.351017e+02 5.574840e+01
      endloop
   endfacet
   facet normal -5.927790e-01 3.898777e-01 -7.047045e-01
      outer loop
         vertex 1.300449e+02 1.351017e+02 5.574840e+01
         vertex 1.297768e+02 1.352363e+02 5.604840e+01
         vertex 1.303829e+02 1.361578e+02 5.604840e+01
      endloop
   endfacet
   facet normal -5.927800e-01 3.898777e-01 -7.047037e-01
      outer loop
         vertex 1.300449e+02 1.351017e+02 5.574840e+01
         vertex 1.303829e+02 1.361578e+02 5.604840e+01
         vertex 1.306127e+02 1.359649e+02 5.574840e+01
      endloop
   endfacet
   facet normal -4.868900e-01 5.160726e-01 -7.047036e-01
      outer loop
         vertex 1.306127e+02 1.359649e+02 5.574840e+01
         vertex 1.303829e+02 1.361578e+02 5.604840e+01
         vertex 1.311851e+02 1.369146e+02 5.604840e+01
      endloop
   endfacet
   facet normal -4.868914e-01 5.160731e-01 -7.047023e-01
      outer loop
         vertex 1.306127e+02 1.359649e+02 5.574840e+01
         vertex 1.311851e+02 1.369146e+02 5.604840e+01
         vertex 1.313642e+02 1.366740e+02 5.574840e+01
      endloop
   endfacet
   facet normal -3.547517e-01 6.144470e-01 -7.047029e-01
      outer loop
         vertex 1.313642e+02 1.366740e+02 5.574840e+01
         vertex 1.311851e+02 1.369146e+02 5.604840e+01
         vertex 1.321402e+02 1.374660e+02 5.604840e+01
      endloop
   endfacet
   facet normal -3.547496e-01 6.144457e-01 -7.047050e-01
      outer loop
         vertex 1.313642e+02 1.366740e+02 5.574840e+01
         vertex 1.321402e+02 1.374660e+02 5.604840e+01
         vertex 1.322590e+02 1.371906e+02 5.574840e+01
      endloop
   endfacet
   facet normal -2.034860e-01 6.796949e-01 -7.047044e-01
      outer loop
         vertex 1.322590e+02 1.371906e+02 5.574840e+01
         vertex 1.321402e+02 1.374660e+02 5.604840e+01
         vertex 1.331967e+02 1.377823e+02 5.604840e+01
      endloop
   endfacet
   facet normal -2.034869e-01 6.796958e-01 -7.047033e-01
      outer loop
         vertex 1.322590e+02 1.371906e+02 5.574840e+01
         vertex 1.331967e+02 1.377823e+02 5.604840e+01
         vertex 1.332488e+02 1.374869e+02 5.574840e+01
      endloop
   endfacet
   facet normal -4.125402e-02 7.083018e-01 -7.047032e-01
      outer loop
         vertex 1.332488e+02 1.374869e+02 5.574840e+01
         vertex 1.331967e+02 1.377823e+02 5.604840e+01
         vertex 1.342978e+02 1.378465e+02 5.604840e+01
      endloop
   endfacet
   facet normal -4.125467e-02 7.083029e-01 -7.047021e-01
      outer loop
         vertex 1.332488e+02 1.374869e+02 5.574840e+01
         vertex 1.342978e+02 1.378465e+02 5.604840e+01
         vertex 1.342803e+02 1.375470e+02 5.574840e+01
      endloop
   endfacet
   facet normal 1.232038e-01 6.987237e-01 -7.047028e-01
      outer loop
         vertex 1.342803e+02 1.375470e+02 5.574840e+01
         vertex 1.342978e+02 1.378465e+02 5.604840e+01
         vertex 1.353839e+02 1.376550e+02 5.604840e+01
      endloop
   endfacet
   facet normal 1.232045e-01 6.987218e-01 -7.047045e-01
      outer loop
         vertex 1.342803e+02 1.375470e+02 5.574840e+01
         vertex 1.353839e+02 1.376550e+02 5.604840e+01
         vertex 1.352978e+02 1.373676e+02 5.574840e+01
      endloop
   endfacet
   facet normal 2.810191e-01 6.514746e-01 -7.047050e-01
      outer loop
         vertex 1.352978e+02 1.373676e+02 5.574840e+01
         vertex 1.353839e+02 1.376550e+02 5.604840e+01
         vertex 1.363966e+02 1.372181e+02 5.604840e+01
      endloop
   endfacet
   facet normal 2.810189e-01 6.514767e-01 -7.047032e-01
      outer loop
         vertex 1.352978e+02 1.373676e+02 5.574840e+01
         vertex 1.363966e+02 1.372181e+02 5.604840e+01
         vertex 1.362466e+02 1.369583e+02 5.574840e+01
      endloop
   endfacet
   facet normal -7.071073e-01 -6.329127e-16 -7.071062e-01
      outer loop
         vertex 1.292716e+02 1.331045e+02 5.604840e+01
         vertex 1.295716e+02 1.331045e+02 5.574840e+01
         vertex 1.292716e+02 1.243577e+02 5.604840e+01
      endloop
   endfacet
   facet normal -7.071073e-01 -6.329127e-16 -7.071062e-01
      outer loop
         vertex 1.292716e+02 1.243577e+02 5.604840e+01
         vertex 1.295716e+02 1.331045e+02 5.574840e+01
         vertex 1.295716e+02 1.245309e+02 5.574840e+01
      endloop
   endfacet
   facet normal -9.781467e-01 2.079161e-01 2.548224e-17
      outer loop
         vertex 1.356466e+02 1.216045e+02 5.914840e+01
         vertex 1.356466e+02 1.216045e+02 4.274840e+01
         vertex 1.355061e+02 1.209436e+02 5.914840e+01
      endloop
   endfacet
   facet normal -9.781467e-01 2.079161e-01 2.548224e-17
      outer loop
         vertex 1.355061e+02 1.209436e+02 5.914840e+01
         vertex 1.356466e+02 1.216045e+02 4.274840e+01
         vertex 1.355061e+02 1.209436e+02 4.274840e+01
      endloop
   endfacet
   facet normal -8.090185e-01 5.877832e-01 7.199827e-17
      outer loop
         vertex 1.355061e+02 1.209436e+02 5.914840e+01
         vertex 1.355061e+02 1.209436e+02 4.274840e+01
         vertex 1.351089e+02 1.203969e+02 5.914840e+01
      endloop
   endfacet
   facet normal -8.090185e-01 5.877832e-01 7.199827e-17
      outer loop
         vertex 1.351089e+02 1.203969e+02 5.914840e+01
         vertex 1.355061e+02 1.209436e+02 4.274840e+01
         vertex 1.351089e+02 1.203969e+02 4.274840e+01
      endloop
   endfacet
   facet normal -5.000011e-01 8.660248e-01 1.060661e-16
      outer loop
         vertex 1.351089e+02 1.203969e+02 5.914840e+01
         vertex 1.351089e+02 1.203969e+02 4.274840e+01
         vertex 1.345237e+02 1.200590e+02 5.914840e+01
      endloop
   endfacet
   facet normal -5.000011e-01 8.660248e-01 1.060661e-16
      outer loop
         vertex 1.345237e+02 1.200590e+02 5.914840e+01
         vertex 1.351089e+02 1.203969e+02 4.274840e+01
         vertex 1.345237e+02 1.200590e+02 4.274840e+01
      endloop
   endfacet
   facet normal -1.045273e-01 9.945220e-01 1.217940e-16
      outer loop
         vertex 1.345237e+02 1.200590e+02 5.914840e+01
         vertex 1.345237e+02 1.200590e+02 4.274840e+01
         vertex 1.338517e+02 1.199884e+02 5.914840e+01
      endloop
   endfacet
   facet normal -1.045273e-01 9.945220e-01 1.217940e-16
      outer loop
         vertex 1.338517e+02 1.199884e+02 5.914840e+01
         vertex 1.345237e+02 1.200590e+02 4.274840e+01
         vertex 1.338517e+02 1.199884e+02 4.274840e+01
      endloop
   endfacet
   facet normal 3.090158e-01 9.510569e-01 1.164626e-16
      outer loop
         vertex 1.338517e+02 1.199884e+02 5.914840e+01
         vertex 1.338517e+02 1.199884e+02 4.274840e+01
         vertex 1.332091e+02 1.201972e+02 5.914840e+01
      endloop
   endfacet
   facet normal 3.090158e-01 9.510569e-01 1.164626e-16
      outer loop
         vertex 1.332091e+02 1.201972e+02 5.914840e+01
         vertex 1.338517e+02 1.199884e+02 4.274840e+01
         vertex 1.332091e+02 1.201972e+02 4.274840e+01
      endloop
   endfacet
   facet normal 6.691322e-01 7.431434e-01 9.099346e-17
      outer loop
         vertex 1.332091e+02 1.201972e+02 5.914840e+01
         vertex 1.332091e+02 1.201972e+02 4.274840e+01
         vertex 1.327069e+02 1.206494e+02 5.914840e+01
      endloop
   endfacet
   facet normal 6.691322e-01 7.431434e-01 9.099346e-17
      outer loop
         vertex 1.327069e+02 1.206494e+02 5.914840e+01
         vertex 1.332091e+02 1.201972e+02 4.274840e+01
         vertex 1.327069e+02 1.206494e+02 4.274840e+01
      endloop
   endfacet
   facet normal 9.135456e-01 4.067364e-01 4.979109e-17
      outer loop
         vertex 1.327069e+02 1.206494e+02 5.914840e+01
         vertex 1.327069e+02 1.206494e+02 4.274840e+01
         vertex 1.324321e+02 1.212667e+02 5.914840e+01
      endloop
   endfacet
   facet normal 9.135456e-01 4.067364e-01 4.979109e-17
      outer loop
         vertex 1.324321e+02 1.212667e+02 5.914840e+01
         vertex 1.327069e+02 1.206494e+02 4.274840e+01
         vertex 1.324321e+02 1.212667e+02 4.274840e+01
      endloop
   endfacet
   facet normal 1.000000e+00 1.017535e-15 -2.072492e-20
      outer loop
         vertex 1.324321e+02 1.212667e+02 5.914840e+01
         vertex 1.324321e+02 1.212667e+02 4.274840e+01
         vertex 1.324321e+02 1.219424e+02 5.914840e+01
      endloop
   endfacet
   facet normal 1.000000e+00 1.017535e-15 -2.072492e-20
      outer loop
         vertex 1.324321e+02 1.219424e+02 5.914840e+01
         vertex 1.324321e+02 1.212667e+02 4.274840e+01
         vertex 1.324321e+02 1.219424e+02 4.274840e+01
      endloop
   endfacet
   facet normal 9.135456e-01 -4.067364e-01 -4.982896e-17
      outer loop
         vertex 1.324321e+02 1.219424e+02 5.914840e+01
         vertex 1.324321e+02 1.219424e+02 4.274840e+01
         vertex 1.327069e+02 1.225597e+02 5.914840e+01
      endloop
   endfacet
   facet normal 9.135456e-01 -4.067364e-01 -4.982896e-17
      outer loop
         vertex 1.327069e+02 1.225597e+02 5.914840e+01
         vertex 1.324321e+02 1.219424e+02 4.274840e+01
         vertex 1.327069e+02 1.225597e+02 4.274840e+01
      endloop
   endfacet
   facet normal 6.691322e-01 -7.431434e-01 -9.102120e-17
      outer loop
         vertex 1.327069e+02 1.225597e+02 5.914840e+01
         vertex 1.327069e+02 1.225597e+02 4.274840e+01
         vertex 1.332091e+02 1.230118e+02 5.914840e+01
      endloop
   endfacet
   facet normal 6.691322e-01 -7.431434e-01 -9.102120e-17
      outer loop
         vertex 1.332091e+02 1.230118e+02 5.914840e+01
         vertex 1.327069e+02 1.225597e+02 4.274840e+01
         vertex 1.332091e+02 1.230118e+02 4.274840e+01
      endloop
   endfacet
   facet normal 3.090170e-01 -9.510565e-01 -1.164753e-16
      outer loop
         vertex 1.332091e+02 1.230118e+02 5.914840e+01
         vertex 1.332091e+02 1.230118e+02 4.274840e+01
         vertex 1.338517e+02 1.232206e+02 5.914840e+01
      endloop
   endfacet
   facet normal 3.090170e-01 -9.510565e-01 -1.164753e-16
      outer loop
         vertex 1.338517e+02 1.232206e+02 5.914840e+01
         vertex 1.332091e+02 1.230118e+02 4.274840e+01
         vertex 1.338517e+02 1.232206e+02 4.274840e+01
      endloop
   endfacet
   facet normal -1.045287e-01 -9.945219e-01 -1.217896e-16
      outer loop
         vertex 1.338517e+02 1.232206e+02 5.914840e+01
         vertex 1.338517e+02 1.232206e+02 4.274840e+01
         vertex 1.345237e+02 1.231500e+02 5.914840e+01
      endloop
   endfacet
   facet normal -1.045287e-01 -9.945219e-01 -1.217896e-16
      outer loop
         vertex 1.345237e+02 1.231500e+02 5.914840e+01
         vertex 1.338517e+02 1.232206e+02 4.274840e+01
         vertex 1.345237e+02 1.231500e+02 4.274840e+01
      endloop
   endfacet
   facet normal -5.000000e-01 -8.660254e-01 -1.060454e-16
      outer loop
         vertex 1.345237e+02 1.231500e+02 5.914840e+01
         vertex 1.345237e+02 1.231500e+02 4.274840e+01
         vertex 1.351089e+02 1.228121e+02 5.914840e+01
      endloop
   endfacet
   facet normal -5.000000e-01 -8.660254e-01 -1.060454e-16
      outer loop
         vertex 1.351089e+02 1.228121e+02 5.914840e+01
         vertex 1.345237e+02 1.231500e+02 4.274840e+01
         vertex 1.351089e+02 1.228121e+02 4.274840e+01
      endloop
   endfacet
   facet normal -8.090190e-01 -5.877825e-01 -7.196466e-17
      outer loop
         vertex 1.351089e+02 1.228121e+02 5.914840e+01
         vertex 1.351089e+02 1.228121e+02 4.274840e+01
         vertex 1.355061e+02 1.222655e+02 5.914840e+01
      endloop
   endfacet
   facet normal -8.090190e-01 -5.877825e-01 -7.196466e-17
      outer loop
         vertex 1.355061e+02 1.222655e+02 5.914840e+01
         vertex 1.351089e+02 1.228121e+02 4.274840e+01
         vertex 1.355061e+02 1.222655e+02 4.274840e+01
      endloop
   endfacet
   facet normal -9.781466e-01 -2.079164e-01 -2.544173e-17
      outer loop
         vertex 1.355061e+02 1.222655e+02 5.914840e+01
         vertex 1.355061e+02 1.222655e+02 4.274840e+01
         vertex 1.356466e+02 1.216045e+02 5.914840e+01
      endloop
   endfacet
   facet normal -9.781466e-01 -2.079164e-01 -2.544173e-17
      outer loop
         vertex 1.356466e+02 1.216045e+02 5.914840e+01
         vertex 1.355061e+02 1.222655e+02 4.274840e+01
         vertex 1.356466e+02 1.216045e+02 4.274840e+01
      endloop
   endfacet
   facet normal 1.950906e-01 3.186211e-16 -9.807852e-01
      outer loop
         vertex 1.447716e+02 1.189545e+02 4.614840e+01
         vertex 1.447716e+02 1.301312e+02 4.614840e+01
         vertex 1.453456e+02 1.301312e+02 4.626259e+01
      endloop
   endfacet
   facet normal 1.950906e-01 3.186211e-16 -9.807852e-01
      outer loop
         vertex 1.447716e+02 1.189545e+02 4.614840e+01
         vertex 1.453456e+02 1.301312e+02 4.626259e+01
         vertex 1.453456e+02 1.189545e+02 4.626259e+01
      endloop
   endfacet
   facet normal 5.555706e-01 6.671366e-16 -8.314694e-01
      outer loop
         vertex 1.453456e+02 1.189545e+02 4.626259e+01
         vertex 1.453456e+02 1.301312e+02 4.626259e+01
         vertex 1.458322e+02 1.301312e+02 4.658774e+01
      endloop
   endfacet
   facet normal 5.555706e-01 6.671366e-16 -8.314694e-01
      outer loop
         vertex 1.453456e+02 1.189545e+02 4.626259e+01
         vertex 1.458322e+02 1.301312e+02 4.658774e+01
         vertex 1.458322e+02 1.189545e+02 4.658774e+01
      endloop
   endfacet
   facet normal 8.314703e-01 9.140869e-16 -5.555693e-01
      outer loop
         vertex 1.458322e+02 1.189545e+02 4.658774e+01
         vertex 1.458322e+02 1.301312e+02 4.658774e+01
         vertex 1.461574e+02 1.301312e+02 4.707438e+01
      endloop
   endfacet
   facet normal 8.314703e-01 9.140869e-16 -5.555693e-01
      outer loop
         vertex 1.458322e+02 1.189545e+02 4.658774e+01
         vertex 1.461574e+02 1.301312e+02 4.707438e+01
         vertex 1.461574e+02 1.189545e+02 4.707438e+01
      endloop
   endfacet
   facet normal 9.807855e-01 1.021875e-15 -1.950894e-01
      outer loop
         vertex 1.461574e+02 1.189545e+02 4.707438e+01
         vertex 1.461574e+02 1.301312e+02 4.707438e+01
         vertex 1.462716e+02 1.301312e+02 4.764840e+01
      endloop
   endfacet
   facet normal 9.807855e-01 1.021875e-15 -1.950894e-01
      outer loop
         vertex 1.461574e+02 1.189545e+02 4.707438e+01
         vertex 1.462716e+02 1.301312e+02 4.764840e+01
         vertex 1.462716e+02 1.189545e+02 4.764840e+01
      endloop
   endfacet
   facet normal 1.950906e-01 7.840207e-17 9.807852e-01
      outer loop
         vertex 1.447716e+02 1.301312e+02 5.574840e+01
         vertex 1.447716e+02 1.189545e+02 5.574840e+01
         vertex 1.453456e+02 1.189545e+02 5.563422e+01
      endloop
   endfacet
   facet normal 1.950906e-01 7.840207e-17 9.807852e-01
      outer loop
         vertex 1.447716e+02 1.301312e+02 5.574840e+01
         vertex 1.453456e+02 1.189545e+02 5.563422e+01
         vertex 1.453456e+02 1.301312e+02 5.563422e+01
      endloop
   endfacet
   facet normal 5.555706e-01 4.634888e-16 8.314694e-01
      outer loop
         vertex 1.453456e+02 1.301312e+02 5.563422e+01
         vertex 1.453456e+02 1.189545e+02 5.563422e+01
         vertex 1.458322e+02 1.189545e+02 5.530906e+01
      endloop
   endfacet
   facet normal 5.555706e-01 4.634888e-16 8.314694e-01
      outer loop
         vertex 1.453456e+02 1.301312e+02 5.563422e+01
         vertex 1.458322e+02 1.189545e+02 5.530906e+01
         vertex 1.458322e+02 1.301312e+02 5.530906e+01
      endloop
   endfacet
   facet normal 8.314703e-01 7.780140e-16 5.555693e-01
      outer loop
         vertex 1.458322e+02 1.301312e+02 5.530906e+01
         vertex 1.458322e+02 1.189545e+02 5.530906e+01
         vertex 1.461574e+02 1.189545e+02 5.482243e+01
      endloop
   endfacet
   facet normal 8.314703e-01 7.780140e-16 5.555693e-01
      outer loop
         vertex 1.458322e+02 1.301312e+02 5.530906e+01
         vertex 1.461574e+02 1.189545e+02 5.482243e+01
         vertex 1.461574e+02 1.301312e+02 5.482243e+01
      endloop
   endfacet
   facet normal 9.807855e-01 9.740928e-16 1.950894e-01
      outer loop
         vertex 1.461574e+02 1.301312e+02 5.482243e+01
         vertex 1.461574e+02 1.189545e+02 5.482243e+01
         vertex 1.462716e+02 1.189545e+02 5.424840e+01
      endloop
   endfacet
   facet normal 9.807855e-01 9.740928e-16 1.950894e-01
      outer loop
         vertex 1.461574e+02 1.301312e+02 5.482243e+01
         vertex 1.462716e+02 1.189545e+02 5.424840e+01
         vertex 1.462716e+02 1.301312e+02 5.424840e+01
      endloop
   endfacet
   facet normal 9.659252e-01 2.588214e-01 3.167594e-17
      outer loop
         vertex 1.412466e+02 1.238545e+02 4.614840e+01
         vertex 1.412466e+02 1.238545e+02 5.574840e+01
         vertex 1.413839e+02 1.233420e+02 4.614840e+01
      endloop
   endfacet
   facet normal 9.659252e-01 2.588214e-01 3.167594e-17
      outer loop
         vertex 1.413839e+02 1.233420e+02 4.614840e+01
         vertex 1.412466e+02 1.238545e+02 5.574840e+01
         vertex 1.413839e+02 1.233420e+02 5.574840e+01
      endloop
   endfacet
   facet normal 7.071085e-01 7.071050e-01 8.657932e-17
      outer loop
         vertex 1.413839e+02 1.233420e+02 4.614840e+01
         vertex 1.413839e+02 1.233420e+02 5.574840e+01
         vertex 1.417591e+02 1.229668e+02 4.614840e+01
      endloop
   endfacet
   facet normal 7.071085e-01 7.071050e-01 8.657932e-17
      outer loop
         vertex 1.417591e+02 1.229668e+02 4.614840e+01
         vertex 1.413839e+02 1.233420e+02 5.574840e+01
         vertex 1.417591e+02 1.229668e+02 5.574840e+01
      endloop
   endfacet
   facet normal 2.588186e-01 9.659260e-01 1.182845e-16
      outer loop
         vertex 1.417591e+02 1.229668e+02 4.614840e+01
         vertex 1.417591e+02 1.229668e+02 5.574840e+01
         vertex 1.422716e+02 1.228295e+02 4.614840e+01
      endloop
   endfacet
   facet normal 2.588186e-01 9.659260e-01 1.182845e-16
      outer loop
         vertex 1.422716e+02 1.228295e+02 4.614840e+01
         vertex 1.417591e+02 1.229668e+02 5.574840e+01
         vertex 1.422716e+02 1.228295e+02 5.574840e+01
      endloop
   endfacet
   facet normal -2.588168e-01 9.659264e-01 1.182953e-16
      outer loop
         vertex 1.422716e+02 1.228295e+02 4.614840e+01
         vertex 1.422716e+02 1.228295e+02 5.574840e+01
         vertex 1.427841e+02 1.229668e+02 4.614840e+01
      endloop
   endfacet
   facet normal -2.588168e-01 9.659264e-01 1.182953e-16
      outer loop
         vertex 1.427841e+02 1.229668e+02 4.614840e+01
         vertex 1.422716e+02 1.228295e+02 5.574840e+01
         vertex 1.427841e+02 1.229668e+02 5.574840e+01
      endloop
   endfacet
   facet normal -7.071085e-01 7.071050e-01 8.660863e-17
      outer loop
         vertex 1.427841e+02 1.229668e+02 4.614840e+01
         vertex 1.427841e+02 1.229668e+02 5.574840e+01
         vertex 1.431592e+02 1.233420e+02 4.614840e+01
      endloop
   endfacet
   facet normal -7.071085e-01 7.071050e-01 8.660863e-17
      outer loop
         vertex 1.431592e+02 1.233420e+02 4.614840e+01
         vertex 1.427841e+02 1.229668e+02 5.574840e+01
         vertex 1.431592e+02 1.233420e+02 5.574840e+01
      endloop
   endfacet
   facet normal -9.659252e-01 2.588214e-01 3.171598e-17
      outer loop
         vertex 1.431592e+02 1.233420e+02 4.614840e+01
         vertex 1.431592e+02 1.233420e+02 5.574840e+01
         vertex 1.432966e+02 1.238545e+02 4.614840e+01
      endloop
   endfacet
   facet normal -9.659252e-01 2.588214e-01 3.171598e-17
      outer loop
         vertex 1.432966e+02 1.238545e+02 4.614840e+01
         vertex 1.431592e+02 1.233420e+02 5.574840e+01
         vertex 1.432966e+02 1.238545e+02 5.574840e+01
      endloop
   endfacet
   facet normal -9.659252e-01 -2.588214e-01 -3.167594e-17
      outer loop
         vertex 1.432966e+02 1.238545e+02 4.614840e+01
         vertex 1.432966e+02 1.238545e+02 5.574840e+01
         vertex 1.431592e+02 1.243670e+02 4.614840e+01
      endloop
   endfacet
   facet normal -9.659252e-01 -2.588214e-01 -3.167594e-17
      outer loop
         vertex 1.431592e+02 1.243670e+02 4.614840e+01
         vertex 1.432966e+02 1.238545e+02 5.574840e+01
         vertex 1.431592e+02 1.243670e+02 5.574840e+01
      endloop
   endfacet
   facet normal -7.071077e-01 -7.071059e-01 -8.657943e-17
      outer loop
         vertex 1.431592e+02 1.243670e+02 4.614840e+01
         vertex 1.431592e+02 1.243670e+02 5.574840e+01
         vertex 1.427841e+02 1.247422e+02 4.614840e+01
      endloop
   endfacet
   facet normal -7.071077e-01 -7.071059e-01 -8.657943e-17
      outer loop
         vertex 1.427841e+02 1.247422e+02 4.614840e+01
         vertex 1.431592e+02 1.243670e+02 5.574840e+01
         vertex 1.427841e+02 1.247422e+02 5.574840e+01
      endloop
   endfacet
   facet normal -2.588201e-01 -9.659255e-01 -1.182845e-16
      outer loop
         vertex 1.427841e+02 1.247422e+02 4.614840e+01
         vertex 1.427841e+02 1.247422e+02 5.574840e+01
         vertex 1.422716e+02 1.248795e+02 4.614840e+01
      endloop
   endfacet
   facet normal -2.588201e-01 -9.659255e-01 -1.182845e-16
      outer loop
         vertex 1.422716e+02 1.248795e+02 4.614840e+01
         vertex 1.427841e+02 1.247422e+02 5.574840e+01
         vertex 1.422716e+02 1.248795e+02 5.574840e+01
      endloop
   endfacet
   facet normal 2.588218e-01 -9.659251e-01 -1.182951e-16
      outer loop
         vertex 1.422716e+02 1.248795e+02 4.614840e+01
         vertex 1.422716e+02 1.248795e+02 5.574840e+01
         vertex 1.417591e+02 1.247422e+02 4.614840e+01
      endloop
   endfacet
   facet normal 2.588218e-01 -9.659251e-01 -1.182951e-16
      outer loop
         vertex 1.417591e+02 1.247422e+02 4.614840e+01
         vertex 1.422716e+02 1.248795e+02 5.574840e+01
         vertex 1.417591e+02 1.247422e+02 5.574840e+01
      endloop
   endfacet
   facet normal 7.071077e-01 -7.071059e-01 -8.660874e-17
      outer loop
         vertex 1.417591e+02 1.247422e+02 4.614840e+01
         vertex 1.417591e+02 1.247422e+02 5.574840e+01
         vertex 1.413839e+02 1.243670e+02 4.614840e+01
      endloop
   endfacet
   facet normal 7.071077e-01 -7.071059e-01 -8.660874e-17
      outer loop
         vertex 1.413839e+02 1.243670e+02 4.614840e+01
         vertex 1.417591e+02 1.247422e+02 5.574840e+01
         vertex 1.413839e+02 1.243670e+02 5.574840e+01
      endloop
   endfacet
   facet normal 9.659252e-01 -2.588214e-01 -3.171598e-17
      outer loop
         vertex 1.413839e+02 1.243670e+02 4.614840e+01
         vertex 1.413839e+02 1.243670e+02 5.574840e+01
         vertex 1.412466e+02 1.238545e+02 4.614840e+01
      endloop
   endfacet
   facet normal 9.659252e-01 -2.588214e-01 -3.171598e-17
      outer loop
         vertex 1.412466e+02 1.238545e+02 4.614840e+01
         vertex 1.413839e+02 1.243670e+02 5.574840e+01
         vertex 1.412466e+02 1.238545e+02 5.574840e+01
      endloop
   endfacet
   facet normal 6.844685e-16 -1.000000e+00 -1.224627e-16
      outer loop
         vertex 1.447716e+02 1.189545e+02 5.574840e+01
         vertex 1.392716e+02 1.189545e+02 5.574840e+01
         vertex 1.462716e+02 1.189545e+02 5.424840e+01
      endloop
   endfacet
   facet normal 6.844685e-16 -1.000000e+00 -1.224627e-16
      outer loop
         vertex 1.461574e+02 1.189545e+02 5.482243e+01
         vertex 1.458322e+02 1.189545e+02 5.530906e+01
         vertex 1.462716e+02 1.189545e+02 5.424840e+01
      endloop
   endfacet
   facet normal 6.844685e-16 -1.000000e+00 -1.224627e-16
      outer loop
         vertex 1.462716e+02 1.189545e+02 5.424840e+01
         vertex 1.458322e+02 1.189545e+02 5.530906e+01
         vertex 1.453456e+02 1.189545e+02 5.563422e+01
      endloop
   endfacet
   facet normal 6.844685e-16 -1.000000e+00 -1.224627e-16
      outer loop
         vertex 1.462716e+02 1.189545e+02 5.424840e+01
         vertex 1.453456e+02 1.189545e+02 5.563422e+01
         vertex 1.447716e+02 1.189545e+02 5.574840e+01
      endloop
   endfacet
   facet normal 6.844685e-16 -1.000000e+00 -1.224627e-16
      outer loop
         vertex 1.458322e+02 1.189545e+02 4.658774e+01
         vertex 1.461574e+02 1.189545e+02 4.707438e+01
         vertex 1.453456e+02 1.189545e+02 4.626259e+01
      endloop
   endfacet
   facet normal 6.844685e-16 -1.000000e+00 -1.224627e-16
      outer loop
         vertex 1.453456e+02 1.189545e+02 4.626259e+01
         vertex 1.461574e+02 1.189545e+02 4.707438e+01
         vertex 1.462716e+02 1.189545e+02 4.764840e+01
      endloop
   endfacet
   facet normal 6.844685e-16 -1.000000e+00 -1.224627e-16
      outer loop
         vertex 1.453456e+02 1.189545e+02 4.626259e+01
         vertex 1.462716e+02 1.189545e+02 4.764840e+01
         vertex 1.447716e+02 1.189545e+02 4.614840e+01
      endloop
   endfacet
   facet normal 6.844685e-16 -1.000000e+00 -1.224627e-16
      outer loop
         vertex 1.447716e+02 1.189545e+02 4.614840e+01
         vertex 1.462716e+02 1.189545e+02 4.764840e+01
         vertex 1.462716e+02 1.189545e+02 5.424840e+01
      endloop
   endfacet
   facet normal 6.844685e-16 -1.000000e+00 -1.224627e-16
      outer loop
         vertex 1.447716e+02 1.189545e+02 4.614840e+01
         vertex 1.462716e+02 1.189545e+02 5.424840e+01
         vertex 1.392716e+02 1.189545e+02 4.614840e+01
      endloop
   endfacet
   facet normal 6.844685e-16 -1.000000e+00 -1.224627e-16
      outer loop
         vertex 1.392716e+02 1.189545e+02 4.614840e+01
         vertex 1.462716e+02 1.189545e+02 5.424840e+01
         vertex 1.392716e+02 1.189545e+02 5.574840e+01
      endloop
   endfacet
   facet normal -6.844685e-16 1.000000e+00 1.224627e-16
      outer loop
         vertex 1.458322e+02 1.301312e+02 5.530906e+01
         vertex 1.461574e+02 1.301312e+02 5.482243e+01
         vertex 1.453456e+02 1.301312e+02 5.563422e+01
      endloop
   endfacet
   facet normal -6.844685e-16 1.000000e+00 1.224627e-16
      outer loop
         vertex 1.453456e+02 1.301312e+02 5.563422e+01
         vertex 1.461574e+02 1.301312e+02 5.482243e+01
         vertex 1.462716e+02 1.301312e+02 5.424840e+01
      endloop
   endfacet
   facet normal -6.844685e-16 1.000000e+00 1.224627e-16
      outer loop
         vertex 1.453456e+02 1.301312e+02 5.563422e+01
         vertex 1.462716e+02 1.301312e+02 5.424840e+01
         vertex 1.447716e+02 1.301312e+02 5.574840e+01
      endloop
   endfacet
   facet normal -6.844685e-16 1.000000e+00 1.224627e-16
      outer loop
         vertex 1.447716e+02 1.301312e+02 5.574840e+01
         vertex 1.462716e+02 1.301312e+02 5.424840e+01
         vertex 1.447716e+02 1.301312e+02 4.614840e+01
      endloop
   endfacet
   facet normal -6.844685e-16 1.000000e+00 1.224627e-16
      outer loop
         vertex 1.447716e+02 1.301312e+02 5.574840e+01
         vertex 1.447716e+02 1.301312e+02 4.614840e+01
         vertex 1.392716e+02 1.301312e+02 5.574840e+01
      endloop
   endfacet
   facet normal -6.844685e-16 1.000000e+00 1.224627e-16
      outer loop
         vertex 1.392716e+02 1.301312e+02 5.574840e+01
         vertex 1.447716e+02 1.301312e+02 4.614840e+01
         vertex 1.392716e+02 1.301312e+02 4.614840e+01
      endloop
   endfacet
   facet normal -6.844685e-16 1.000000e+00 1.224627e-16
      outer loop
         vertex 1.458322e+02 1.301312e+02 4.658774e+01
         vertex 1.453456e+02 1.301312e+02 4.626259e+01
         vertex 1.461574e+02 1.301312e+02 4.707438e+01
      endloop
   endfacet
   facet normal -6.844685e-16 1.000000e+00 1.224627e-16
      outer loop
         vertex 1.461574e+02 1.301312e+02 4.707438e+01
         vertex 1.453456e+02 1.301312e+02 4.626259e+01
         vertex 1.447716e+02 1.301312e+02 4.614840e+01
      endloop
   endfacet
   facet normal -6.844685e-16 1.000000e+00 1.224627e-16
      outer loop
         vertex 1.461574e+02 1.301312e+02 4.707438e+01
         vertex 1.447716e+02 1.301312e+02 4.614840e+01
         vertex 1.462716e+02 1.301312e+02 4.764840e+01
      endloop
   endfacet
   facet normal -6.844685e-16 1.000000e+00 1.224627e-16
      outer loop
         vertex 1.462716e+02 1.301312e+02 4.764840e+01
         vertex 1.447716e+02 1.301312e+02 4.614840e+01
         vertex 1.462716e+02 1.301312e+02 5.424840e+01
      endloop
   endfacet
   facet normal -2.062460e-20 1.224626e-16 -1.000000e+00
      outer loop
         vertex 1.431592e+02 1.243670e+02 4.614840e+01
         vertex 1.447716e+02 1.301312e+02 4.614840e+01
         vertex 1.432966e+02 1.238545e+02 4.614840e+01
      endloop
   endfacet
   facet normal -2.062460e-20 1.224626e-16 -1.000000e+00
      outer loop
         vertex 1.432966e+02 1.238545e+02 4.614840e+01
         vertex 1.447716e+02 1.301312e+02 4.614840e+01
         vertex 1.447716e+02 1.189545e+02 4.614840e+01
      endloop
   endfacet
   facet normal -2.062460e-20 1.224626e-16 -1.000000e+00
      outer loop
         vertex 1.432966e+02 1.238545e+02 4.614840e+01
         vertex 1.447716e+02 1.189545e+02 4.614840e+01
         vertex 1.431592e+02 1.233420e+02 4.614840e+01
      endloop
   endfacet
   facet normal -2.062460e-20 1.224626e-16 -1.000000e+00
      outer loop
         vertex 1.431592e+02 1.233420e+02 4.614840e+01
         vertex 1.447716e+02 1.189545e+02 4.614840e+01
         vertex 1.427841e+02 1.229668e+02 4.614840e+01
      endloop
   endfacet
   facet normal -2.062460e-20 1.224626e-16 -1.000000e+00
      outer loop
         vertex 1.417591e+02 1.247422e+02 4.614840e+01
         vertex 1.392716e+02 1.301312e+02 4.614840e+01
         vertex 1.422716e+02 1.248795e+02 4.614840e+01
      endloop
   endfacet
   facet normal -2.062460e-20 1.224626e-16 -1.000000e+00
      outer loop
         vertex 1.422716e+02 1.248795e+02 4.614840e+01
         vertex 1.392716e+02 1.301312e+02 4.614840e+01
         vertex 1.447716e+02 1.301312e+02 4.614840e+01
      endloop
   endfacet
   facet normal -2.062460e-20 1.224626e-16 -1.000000e+00
      outer loop
         vertex 1.422716e+02 1.248795e+02 4.614840e+01
         vertex 1.447716e+02 1.301312e+02 4.614840e+01
         vertex 1.427841e+02 1.247422e+02 4.614840e+01
      endloop
   endfacet
   facet normal -2.062460e-20 1.224626e-16 -1.000000e+00
      outer loop
         vertex 1.427841e+02 1.247422e+02 4.614840e+01
         vertex 1.447716e+02 1.301312e+02 4.614840e+01
         vertex 1.431592e+02 1.243670e+02 4.614840e+01
      endloop
   endfacet
   facet normal -2.062460e-20 1.224626e-16 -1.000000e+00
      outer loop
         vertex 1.417591e+02 1.247422e+02 4.614840e+01
         vertex 1.413839e+02 1.243670e+02 4.614840e+01
         vertex 1.392716e+02 1.301312e+02 4.614840e+01
      endloop
   endfacet
   facet normal -2.062460e-20 1.224626e-16 -1.000000e+00
      outer loop
         vertex 1.392716e+02 1.301312e+02 4.614840e+01
         vertex 1.413839e+02 1.243670e+02 4.614840e+01
         vertex 1.412466e+02 1.238545e+02 4.614840e+01
      endloop
   endfacet
   facet normal -2.062460e-20 1.224626e-16 -1.000000e+00
      outer loop
         vertex 1.392716e+02 1.301312e+02 4.614840e+01
         vertex 1.412466e+02 1.238545e+02 4.614840e+01
         vertex 1.392716e+02 1.189545e+02 4.614840e+01
      endloop
   endfacet
   facet normal -2.062460e-20 1.224626e-16 -1.000000e+00
      outer loop
         vertex 1.412466e+02 1.238545e+02 4.614840e+01
         vertex 1.413839e+02 1.233420e+02 4.614840e+01
         vertex 1.392716e+02 1.189545e+02 4.614840e+01
      endloop
   endfacet
   facet normal -2.062460e-20 1.224626e-16 -1.000000e+00
      outer loop
         vertex 1.392716e+02 1.189545e+02 4.614840e+01
         vertex 1.413839e+02 1.233420e+02 4.614840e+01
         vertex 1.417591e+02 1.229668e+02 4.614840e+01
      endloop
   endfacet
   facet normal -2.062460e-20 1.224626e-16 -1.000000e+00
      outer loop
         vertex 1.392716e+02 1.189545e+02 4.614840e+01
         vertex 1.417591e+02 1.229668e+02 4.614840e+01
         vertex 1.447716e+02 1.189545e+02 4.614840e+01
      endloop
   endfacet
   facet normal -2.062460e-20 1.224626e-16 -1.000000e+00
      outer loop
         vertex 1.447716e+02 1.189545e+02 4.614840e+01
         vertex 1.417591e+02 1.229668e+02 4.614840e+01
         vertex 1.422716e+02 1.228295e+02 4.614840e+01
      endloop
   endfacet
   facet normal -2.062460e-20 1.224626e-16 -1.000000e+00
      outer loop
         vertex 1.447716e+02 1.189545e+02 4.614840e+01
         vertex 1.422716e+02 1.228295e+02 4.614840e+01
         vertex 1.427841e+02 1.229668e+02 4.614840e+01
      endloop
   endfacet
   facet normal 1.000000e+00 1.017535e-15 -2.072492e-20
      outer loop
         vertex 1.462716e+02 1.189545e+02 5.424840e+01
         vertex 1.462716e+02 1.189545e+02 4.764840e+01
         vertex 1.462716e+02 1.301312e+02 5.424840e+01
      endloop
   endfacet
   facet normal 1.000000e+00 1.017535e-15 -2.072492e-20
      outer loop
         vertex 1.462716e+02 1.301312e+02 5.424840e+01
         vertex 1.462716e+02 1.189545e+02 4.764840e+01
         vertex 1.462716e+02 1.301312e+02 4.764840e+01
      endloop
   endfacet
   facet normal 2.062460e-20 -1.224626e-16 1.000000e+00
      outer loop
         vertex 1.413839e+02 1.233420e+02 5.574840e+01
         vertex 1.412466e+02 1.238545e+02 5.574840e+01
         vertex 1.392716e+02 1.189545e+02 5.574840e+01
      endloop
   endfacet
   facet normal 2.062460e-20 -1.224626e-16 1.000000e+00
      outer loop
         vertex 1.427841e+02 1.229668e+02 5.574840e+01
         vertex 1.422716e+02 1.228295e+02 5.574840e+01
         vertex 1.447716e+02 1.189545e+02 5.574840e+01
      endloop
   endfacet
   facet normal 2.062460e-20 -1.224626e-16 1.000000e+00
      outer loop
         vertex 1.392716e+02 1.189545e+02 5.574840e+01
         vertex 1.412466e+02 1.238545e+02 5.574840e+01
         vertex 1.392716e+02 1.301312e+02 5.574840e+01
      endloop
   endfacet
   facet normal 2.062460e-20 -1.224626e-16 1.000000e+00
      outer loop
         vertex 1.447716e+02 1.189545e+02 5.574840e+01
         vertex 1.422716e+02 1.228295e+02 5.574840e+01
         vertex 1.392716e+02 1.189545e+02 5.574840e+01
      endloop
   endfacet
   facet normal 2.062460e-20 -1.224626e-16 1.000000e+00
      outer loop
         vertex 1.392716e+02 1.189545e+02 5.574840e+01
         vertex 1.422716e+02 1.228295e+02 5.574840e+01
         vertex 1.417591e+02 1.229668e+02 5.574840e+01
      endloop
   endfacet
   facet normal 2.062460e-20 -1.224626e-16 1.000000e+00
      outer loop
         vertex 1.392716e+02 1.189545e+02 5.574840e+01
         vertex 1.417591e+02 1.229668e+02 5.574840e+01
         vertex 1.413839e+02 1.233420e+02 5.574840e+01
      endloop
   endfacet
   facet normal 2.062460e-20 -1.224626e-16 1.000000e+00
      outer loop
         vertex 1.412466e+02 1.238545e+02 5.574840e+01
         vertex 1.413839e+02 1.243670e+02 5.574840e+01
         vertex 1.392716e+02 1.301312e+02 5.574840e+01
      endloop
   endfacet
   facet normal 2.062460e-20 -1.224626e-16 1.000000e+00
      outer loop
         vertex 1.392716e+02 1.301312e+02 5.574840e+01
         vertex 1.413839e+02 1.243670e+02 5.574840e+01
         vertex 1.417591e+02 1.247422e+02 5.574840e+01
      endloop
   endfacet
   facet normal 2.062460e-20 -1.224626e-16 1.000000e+00
      outer loop
         vertex 1.392716e+02 1.301312e+02 5.574840e+01
         vertex 1.417591e+02 1.247422e+02 5.574840e+01
         vertex 1.447716e+02 1.301312e+02 5.574840e+01
      endloop
   endfacet
   facet normal 2.062460e-20 -1.224626e-16 1.000000e+00
      outer loop
         vertex 1.447716e+02 1.301312e+02 5.574840e+01
         vertex 1.417591e+02 1.247422e+02 5.574840e+01
         vertex 1.422716e+02 1.248795e+02 5.574840e+01
      endloop
   endfacet
   facet normal 2.062460e-20 -1.224626e-16 1.000000e+00
      outer loop
         vertex 1.447716e+02 1.301312e+02 5.574840e+01
         vertex 1.422716e+02 1.248795e+02 5.574840e+01
         vertex 1.427841e+02 1.247422e+02 5.574840e+01
      endloop
   endfacet
   facet normal 2.062460e-20 -1.224626e-16 1.000000e+00
      outer loop
         vertex 1.427841e+02 1.247422e+02 5.574840e+01
         vertex 1.431592e+02 1.243670e+02 5.574840e+01
         vertex 1.447716e+02 1.301312e+02 5.574840e+01
      endloop
   endfacet
   facet normal 2.062460e-20 -1.224626e-16 1.000000e+00
      outer loop
         vertex 1.447716e+02 1.301312e+02 5.574840e+01
         vertex 1.431592e+02 1.243670e+02 5.574840e+01
         vertex 1.432966e+02 1.238545e+02 5.574840e+01
      endloop
   endfacet
   facet normal 2.062460e-20 -1.224626e-16 1.000000e+00
      outer loop
         vertex 1.447716e+02 1.301312e+02 5.574840e+01
         vertex 1.432966e+02 1.238545e+02 5.574840e+01
         vertex 1.447716e+02 1.189545e+02 5.574840e+01
      endloop
   endfacet
   facet normal 2.062460e-20 -1.224626e-16 1.000000e+00
      outer loop
         vertex 1.447716e+02 1.189545e+02 5.574840e+01
         vertex 1.432966e+02 1.238545e+02 5.574840e+01
         vertex 1.431592e+02 1.233420e+02 5.574840e+01
      endloop
   endfacet
   facet normal 2.062460e-20 -1.224626e-16 1.000000e+00
      outer loop
         vertex 1.447716e+02 1.189545e+02 5.574840e+01
         vertex 1.431592e+02 1.233420e+02 5.574840e+01
         vertex 1.427841e+02 1.229668e+02 5.574840e+01
      endloop
   endfacet
   facet normal -9.749281e-01 2.225201e-01 2.727061e-17
      outer loop
         vertex 1.355216e+02 1.331045e+02 5.914840e+01
         vertex 1.355216e+02 1.331045e+02 5.574840e+01
         vertex 1.353730e+02 1.324537e+02 5.914840e+01
      endloop
   endfacet
   facet normal -9.749281e-01 2.225201e-01 2.727061e-17
      outer loop
         vertex 1.353730e+02 1.324537e+02 5.914840e+01
         vertex 1.355216e+02 1.331045e+02 5.574840e+01
         vertex 1.353730e+02 1.324537e+02 5.574840e+01
      endloop
   endfacet
   facet normal -7.818315e-01 6.234897e-01 7.637043e-17
      outer loop
         vertex 1.353730e+02 1.324537e+02 5.914840e+01
         vertex 1.353730e+02 1.324537e+02 5.574840e+01
         vertex 1.349568e+02 1.319318e+02 5.914840e+01
      endloop
   endfacet
   facet normal -7.818315e-01 6.234897e-01 7.637043e-17
      outer loop
         vertex 1.349568e+02 1.319318e+02 5.914840e+01
         vertex 1.353730e+02 1.324537e+02 5.574840e+01
         vertex 1.349568e+02 1.319318e+02 5.574840e+01
      endloop
   endfacet
   facet normal -4.338851e-01 9.009682e-01 1.103440e-16
      outer loop
         vertex 1.349568e+02 1.319318e+02 5.914840e+01
         vertex 1.349568e+02 1.319318e+02 5.574840e+01
         vertex 1.343553e+02 1.316421e+02 5.914840e+01
      endloop
   endfacet
   facet normal -4.338851e-01 9.009682e-01 1.103440e-16
      outer loop
         vertex 1.343553e+02 1.316421e+02 5.914840e+01
         vertex 1.349568e+02 1.319318e+02 5.574840e+01
         vertex 1.343553e+02 1.316421e+02 5.574840e+01
      endloop
   endfacet
   facet normal -6.844685e-16 1.000000e+00 1.224627e-16
      outer loop
         vertex 1.343553e+02 1.316421e+02 5.914840e+01
         vertex 1.343553e+02 1.316421e+02 5.574840e+01
         vertex 1.336878e+02 1.316421e+02 5.914840e+01
      endloop
   endfacet
   facet normal -6.844685e-16 1.000000e+00 1.224627e-16
      outer loop
         vertex 1.336878e+02 1.316421e+02 5.914840e+01
         vertex 1.343553e+02 1.316421e+02 5.574840e+01
         vertex 1.336878e+02 1.316421e+02 5.574840e+01
      endloop
   endfacet
   facet normal 4.338851e-01 9.009682e-01 1.103260e-16
      outer loop
         vertex 1.336878e+02 1.316421e+02 5.914840e+01
         vertex 1.336878e+02 1.316421e+02 5.574840e+01
         vertex 1.330863e+02 1.319318e+02 5.914840e+01
      endloop
   endfacet
   facet normal 4.338851e-01 9.009682e-01 1.103260e-16
      outer loop
         vertex 1.330863e+02 1.319318e+02 5.914840e+01
         vertex 1.336878e+02 1.316421e+02 5.574840e+01
         vertex 1.330863e+02 1.319318e+02 5.574840e+01
      endloop
   endfacet
   facet normal 7.818315e-01 6.234897e-01 7.633802e-17
      outer loop
         vertex 1.330863e+02 1.319318e+02 5.914840e+01
         vertex 1.330863e+02 1.319318e+02 5.574840e+01
         vertex 1.326701e+02 1.324537e+02 5.914840e+01
      endloop
   endfacet
   facet normal 7.818315e-01 6.234897e-01 7.633802e-17
      outer loop
         vertex 1.326701e+02 1.324537e+02 5.914840e+01
         vertex 1.330863e+02 1.319318e+02 5.574840e+01
         vertex 1.326701e+02 1.324537e+02 5.574840e+01
      endloop
   endfacet
   facet normal 9.749281e-01 2.225201e-01 2.723020e-17
      outer loop
         vertex 1.326701e+02 1.324537e+02 5.914840e+01
         vertex 1.326701e+02 1.324537e+02 5.574840e+01
         vertex 1.325216e+02 1.331045e+02 5.914840e+01
      endloop
   endfacet
   facet normal 9.749281e-01 2.225201e-01 2.723020e-17
      outer loop
         vertex 1.325216e+02 1.331045e+02 5.914840e+01
         vertex 1.326701e+02 1.324537e+02 5.574840e+01
         vertex 1.325216e+02 1.331045e+02 5.574840e+01
      endloop
   endfacet
   facet normal 9.749281e-01 -2.225201e-01 -2.727061e-17
      outer loop
         vertex 1.325216e+02 1.331045e+02 5.914840e+01
         vertex 1.325216e+02 1.331045e+02 5.574840e+01
         vertex 1.326701e+02 1.337553e+02 5.914840e+01
      endloop
   endfacet
   facet normal 9.749281e-01 -2.225201e-01 -2.727061e-17
      outer loop
         vertex 1.326701e+02 1.337553e+02 5.914840e+01
         vertex 1.325216e+02 1.331045e+02 5.574840e+01
         vertex 1.326701e+02 1.337553e+02 5.574840e+01
      endloop
   endfacet
   facet normal 7.818315e-01 -6.234897e-01 -7.637043e-17
      outer loop
         vertex 1.326701e+02 1.337553e+02 5.914840e+01
         vertex 1.326701e+02 1.337553e+02 5.574840e+01
         vertex 1.330863e+02 1.342773e+02 5.914840e+01
      endloop
   endfacet
   facet normal 7.818315e-01 -6.234897e-01 -7.637043e-17
      outer loop
         vertex 1.330863e+02 1.342773e+02 5.914840e+01
         vertex 1.326701e+02 1.337553e+02 5.574840e+01
         vertex 1.330863e+02 1.342773e+02 5.574840e+01
      endloop
   endfacet
   facet normal 4.338851e-01 -9.009682e-01 -1.103440e-16
      outer loop
         vertex 1.330863e+02 1.342773e+02 5.914840e+01
         vertex 1.330863e+02 1.342773e+02 5.574840e+01
         vertex 1.336878e+02 1.345669e+02 5.914840e+01
      endloop
   endfacet
   facet normal 4.338851e-01 -9.009682e-01 -1.103440e-16
      outer loop
         vertex 1.336878e+02 1.345669e+02 5.914840e+01
         vertex 1.330863e+02 1.342773e+02 5.574840e+01
         vertex 1.336878e+02 1.345669e+02 5.574840e+01
      endloop
   endfacet
   facet normal 6.844685e-16 -1.000000e+00 -1.224627e-16
      outer loop
         vertex 1.336878e+02 1.345669e+02 5.914840e+01
         vertex 1.336878e+02 1.345669e+02 5.574840e+01
         vertex 1.343553e+02 1.345669e+02 5.914840e+01
      endloop
   endfacet
   facet normal 6.844685e-16 -1.000000e+00 -1.224627e-16
      outer loop
         vertex 1.343553e+02 1.345669e+02 5.914840e+01
         vertex 1.336878e+02 1.345669e+02 5.574840e+01
         vertex 1.343553e+02 1.345669e+02 5.574840e+01
      endloop
   endfacet
   facet normal -4.338851e-01 -9.009682e-01 -1.103260e-16
      outer loop
         vertex 1.343553e+02 1.345669e+02 5.914840e+01
         vertex 1.343553e+02 1.345669e+02 5.574840e+01
         vertex 1.349568e+02 1.342773e+02 5.914840e+01
      endloop
   endfacet
   facet normal -4.338851e-01 -9.009682e-01 -1.103260e-16
      outer loop
         vertex 1.349568e+02 1.342773e+02 5.914840e+01
         vertex 1.343553e+02 1.345669e+02 5.574840e+01
         vertex 1.349568e+02 1.342773e+02 5.574840e+01
      endloop
   endfacet
   facet normal -7.818315e-01 -6.234897e-01 -7.633802e-17
      outer loop
         vertex 1.349568e+02 1.342773e+02 5.914840e+01
         vertex 1.349568e+02 1.342773e+02 5.574840e+01
         vertex 1.353730e+02 1.337553e+02 5.914840e+01
      endloop
   endfacet
   facet normal -7.818315e-01 -6.234897e-01 -7.633802e-17
      outer loop
         vertex 1.353730e+02 1.337553e+02 5.914840e+01
         vertex 1.349568e+02 1.342773e+02 5.574840e+01
         vertex 1.353730e+02 1.337553e+02 5.574840e+01
      endloop
   endfacet
   facet normal -9.749281e-01 -2.225201e-01 -2.723020e-17
      outer loop
         vertex 1.353730e+02 1.337553e+02 5.914840e+01
         vertex 1.353730e+02 1.337553e+02 5.574840e+01
         vertex 1.355216e+02 1.331045e+02 5.914840e+01
      endloop
   endfacet
   facet normal -9.749281e-01 -2.225201e-01 -2.723020e-17
      outer loop
         vertex 1.355216e+02 1.331045e+02 5.914840e+01
         vertex 1.353730e+02 1.337553e+02 5.574840e+01
         vertex 1.355216e+02 1.331045e+02 5.574840e+01
      endloop
   endfacet
   facet normal -9.749281e-01 2.225201e-01 2.727061e-17
      outer loop
         vertex 1.355216e+02 1.331045e+02 4.614840e+01
         vertex 1.355216e+02 1.331045e+02 4.274840e+01
         vertex 1.353730e+02 1.324537e+02 4.614840e+01
      endloop
   endfacet
   facet normal -9.749281e-01 2.225201e-01 2.727061e-17
      outer loop
         vertex 1.353730e+02 1.324537e+02 4.614840e+01
         vertex 1.355216e+02 1.331045e+02 4.274840e+01
         vertex 1.353730e+02 1.324537e+02 4.274840e+01
      endloop
   endfacet
   facet normal -7.818315e-01 6.234897e-01 7.637043e-17
      outer loop
         vertex 1.353730e+02 1.324537e+02 4.614840e+01
         vertex 1.353730e+02 1.324537e+02 4.274840e+01
         vertex 1.349568e+02 1.319318e+02 4.614840e+01
      endloop
   endfacet
   facet normal -7.818315e-01 6.234897e-01 7.637043e-17
      outer loop
         vertex 1.349568e+02 1.319318e+02 4.614840e+01
         vertex 1.353730e+02 1.324537e+02 4.274840e+01
         vertex 1.349568e+02 1.319318e+02 4.274840e+01
      endloop
   endfacet
   facet normal -4.338851e-01 9.009682e-01 1.103440e-16
      outer loop
         vertex 1.349568e+02 1.319318e+02 4.614840e+01
         vertex 1.349568e+02 1.319318e+02 4.274840e+01
         vertex 1.343553e+02 1.316421e+02 4.614840e+01
      endloop
   endfacet
   facet normal -4.338851e-01 9.009682e-01 1.103440e-16
      outer loop
         vertex 1.343553e+02 1.316421e+02 4.614840e+01
         vertex 1.349568e+02 1.319318e+02 4.274840e+01
         vertex 1.343553e+02 1.316421e+02 4.274840e+01
      endloop
   endfacet
   facet normal -6.844685e-16 1.000000e+00 1.224627e-16
      outer loop
         vertex 1.343553e+02 1.316421e+02 4.614840e+01
         vertex 1.343553e+02 1.316421e+02 4.274840e+01
         vertex 1.336878e+02 1.316421e+02 4.614840e+01
      endloop
   endfacet
   facet normal -6.844685e-16 1.000000e+00 1.224627e-16
      outer loop
         vertex 1.336878e+02 1.316421e+02 4.614840e+01
         vertex 1.343553e+02 1.316421e+02 4.274840e+01
         vertex 1.336878e+02 1.316421e+02 4.274840e+01
      endloop
   endfacet
   facet normal 4.338851e-01 9.009682e-01 1.103260e-16
      outer loop
         vertex 1.336878e+02 1.316421e+02 4.614840e+01
         vertex 1.336878e+02 1.316421e+02 4.274840e+01
         vertex 1.330863e+02 1.319318e+02 4.614840e+01
      endloop
   endfacet
   facet normal 4.338851e-01 9.009682e-01 1.103260e-16
      outer loop
         vertex 1.330863e+02 1.319318e+02 4.614840e+01
         vertex 1.336878e+02 1.316421e+02 4.274840e+01
         vertex 1.330863e+02 1.319318e+02 4.274840e+01
      endloop
   endfacet
   facet normal 7.818315e-01 6.234897e-01 7.633802e-17
      outer loop
         vertex 1.330863e+02 1.319318e+02 4.614840e+01
         vertex 1.330863e+02 1.319318e+02 4.274840e+01
         vertex 1.326701e+02 1.324537e+02 4.614840e+01
      endloop
   endfacet
   facet normal 7.818315e-01 6.234897e-01 7.633802e-17
      outer loop
         vertex 1.326701e+02 1.324537e+02 4.614840e+01
         vertex 1.330863e+02 1.319318e+02 4.274840e+01
         vertex 1.326701e+02 1.324537e+02 4.274840e+01
      endloop
   endfacet
   facet normal 9.749281e-01 2.225201e-01 2.723020e-17
      outer loop
         vertex 1.326701e+02 1.324537e+02 4.614840e+01
         vertex 1.326701e+02 1.324537e+02 4.274840e+01
         vertex 1.325216e+02 1.331045e+02 4.614840e+01
      endloop
   endfacet
   facet normal 9.749281e-01 2.225201e-01 2.723020e-17
      outer loop
         vertex 1.325216e+02 1.331045e+02 4.614840e+01
         vertex 1.326701e+02 1.324537e+02 4.274840e+01
         vertex 1.325216e+02 1.331045e+02 4.274840e+01
      endloop
   endfacet
   facet normal 9.749281e-01 -2.225201e-01 -2.727061e-17
      outer loop
         vertex 1.325216e+02 1.331045e+02 4.614840e+01
         vertex 1.325216e+02 1.331045e+02 4.274840e+01
         vertex 1.326701e+02 1.337553e+02 4.614840e+01
      endloop
   endfacet
   facet normal 9.749281e-01 -2.225201e-01 -2.727061e-17
      outer loop
         vertex 1.326701e+02 1.337553e+02 4.614840e+01
         vertex 1.325216e+02 1.331045e+02 4.274840e+01
         vertex 1.326701e+02 1.337553e+02 4.274840e+01
      endloop
   endfacet
   facet normal 7.818315e-01 -6.234897e-01 -7.637043e-17
      outer loop
         vertex 1.326701e+02 1.337553e+02 4.614840e+01
         vertex 1.326701e+02 1.337553e+02 4.274840e+01
         vertex 1.330863e+02 1.342773e+02 4.614840e+01
      endloop
   endfacet
   facet normal 7.818315e-01 -6.234897e-01 -7.637043e-17
      outer loop
         vertex 1.330863e+02 1.342773e+02 4.614840e+01
         vertex 1.326701e+02 1.337553e+02 4.274840e+01
         vertex 1.330863e+02 1.342773e+02 4.274840e+01
      endloop
   endfacet
   facet normal 4.338851e-01 -9.009682e-01 -1.103440e-16
      outer loop
         vertex 1.330863e+02 1.342773e+02 4.614840e+01
         vertex 1.330863e+02 1.342773e+02 4.274840e+01
         vertex 1.336878e+02 1.345669e+02 4.614840e+01
      endloop
   endfacet
   facet normal 4.338851e-01 -9.009682e-01 -1.103440e-16
      outer loop
         vertex 1.336878e+02 1.345669e+02 4.614840e+01
         vertex 1.330863e+02 1.342773e+02 4.274840e+01
         vertex 1.336878e+02 1.345669e+02 4.274840e+01
      endloop
   endfacet
   facet normal 6.844685e-16 -1.000000e+00 -1.224627e-16
      outer loop
         vertex 1.336878e+02 1.345669e+02 4.614840e+01
         vertex 1.336878e+02 1.345669e+02 4.274840e+01
         vertex 1.343553e+02 1.345669e+02 4.614840e+01
      endloop
   endfacet
   facet normal 6.844685e-16 -1.000000e+00 -1.224627e-16
      outer loop
         vertex 1.343553e+02 1.345669e+02 4.614840e+01
         vertex 1.336878e+02 1.345669e+02 4.274840e+01
         vertex 1.343553e+02 1.345669e+02 4.274840e+01
      endloop
   endfacet
   facet normal -4.338851e-01 -9.009682e-01 -1.103260e-16
      outer loop
         vertex 1.343553e+02 1.345669e+02 4.614840e+01
         vertex 1.343553e+02 1.345669e+02 4.274840e+01
         vertex 1.349568e+02 1.342773e+02 4.614840e+01
      endloop
   endfacet
   facet normal -4.338851e-01 -9.009682e-01 -1.103260e-16
      outer loop
         vertex 1.349568e+02 1.342773e+02 4.614840e+01
         vertex 1.343553e+02 1.345669e+02 4.274840e+01
         vertex 1.349568e+02 1.342773e+02 4.274840e+01
      endloop
   endfacet
   facet normal -7.818315e-01 -6.234897e-01 -7.633802e-17
      outer loop
         vertex 1.349568e+02 1.342773e+02 4.614840e+01
         vertex 1.349568e+02 1.342773e+02 4.274840e+01
         vertex 1.353730e+02 1.337553e+02 4.614840e+01
      endloop
   endfacet
   facet normal -7.818315e-01 -6.234897e-01 -7.633802e-17
      outer loop
         vertex 1.353730e+02 1.337553e+02 4.614840e+01
         vertex 1.349568e+02 1.342773e+02 4.274840e+01
         vertex 1.353730e+02 1.337553e+02 4.274840e+01
      endloop
   endfacet
   facet normal -9.749281e-01 -2.225201e-01 -2.723020e-17
      outer loop
         vertex 1.353730e+02 1.337553e+02 4.614840e+01
         vertex 1.353730e+02 1.337553e+02 4.274840e+01
         vertex 1.355216e+02 1.331045e+02 4.614840e+01
      endloop
   endfacet
   facet normal -9.749281e-01 -2.225201e-01 -2.723020e-17
      outer loop
         vertex 1.355216e+02 1.331045e+02 4.614840e+01
         vertex 1.353730e+02 1.337553e+02 4.274840e+01
         vertex 1.355216e+02 1.331045e+02 4.274840e+01
      endloop
   endfacet
   facet normal 2.062460e-20 -1.224626e-16 1.000000e+00
      outer loop
         vertex 1.353730e+02 1.337553e+02 4.614840e+01
         vertex 1.355216e+02 1.331045e+02 4.614840e+01
         vertex 1.392716e+02 1.352118e+02 4.614840e+01
      endloop
   endfacet
   facet normal 2.062460e-20 -1.224626e-16 1.000000e+00
      outer loop
         vertex 1.343553e+02 1.316421e+02 4.614840e+01
         vertex 1.295716e+02 1.245309e+02 4.614840e+01
         vertex 1.349568e+02 1.319318e+02 4.614840e+01
      endloop
   endfacet
   facet normal 2.062460e-20 -1.224626e-16 1.000000e+00
      outer loop
         vertex 1.349568e+02 1.319318e+02 4.614840e+01
         vertex 1.295716e+02 1.245309e+02 4.614840e+01
         vertex 1.392716e+02 1.301312e+02 4.614840e+01
      endloop
   endfacet
   facet normal 2.062460e-20 -1.224626e-16 1.000000e+00
      outer loop
         vertex 1.330863e+02 1.342773e+02 4.614840e+01
         vertex 1.336878e+02 1.345669e+02 4.614840e+01
         vertex 1.322590e+02 1.371906e+02 4.614840e+01
      endloop
   endfacet
   facet normal 2.062460e-20 -1.224626e-16 1.000000e+00
      outer loop
         vertex 1.343553e+02 1.345669e+02 4.614840e+01
         vertex 1.342803e+02 1.375470e+02 4.614840e+01
         vertex 1.336878e+02 1.345669e+02 4.614840e+01
      endloop
   endfacet
   facet normal 2.062460e-20 -1.224626e-16 1.000000e+00
      outer loop
         vertex 1.336878e+02 1.345669e+02 4.614840e+01
         vertex 1.342803e+02 1.375470e+02 4.614840e+01
         vertex 1.332488e+02 1.374869e+02 4.614840e+01
      endloop
   endfacet
   facet normal 2.062460e-20 -1.224626e-16 1.000000e+00
      outer loop
         vertex 1.336878e+02 1.345669e+02 4.614840e+01
         vertex 1.332488e+02 1.374869e+02 4.614840e+01
         vertex 1.322590e+02 1.371906e+02 4.614840e+01
      endloop
   endfacet
   facet normal 2.062460e-20 -1.224626e-16 1.000000e+00
      outer loop
         vertex 1.392716e+02 1.352118e+02 4.614840e+01
         vertex 1.355216e+02 1.331045e+02 4.614840e+01
         vertex 1.392716e+02 1.301312e+02 4.614840e+01
      endloop
   endfacet
   facet normal 2.062460e-20 -1.224626e-16 1.000000e+00
      outer loop
         vertex 1.392716e+02 1.301312e+02 4.614840e+01
         vertex 1.355216e+02 1.331045e+02 4.614840e+01
         vertex 1.353730e+02 1.324537e+02 4.614840e+01
      endloop
   endfacet
   facet normal 2.062460e-20 -1.224626e-16 1.000000e+00
      outer loop
         vertex 1.392716e+02 1.301312e+02 4.614840e+01
         vertex 1.353730e+02 1.324537e+02 4.614840e+01
         vertex 1.349568e+02 1.319318e+02 4.614840e+01
      endloop
   endfacet
   facet normal 2.062460e-20 -1.224626e-16 1.000000e+00
      outer loop
         vertex 1.343553e+02 1.316421e+02 4.614840e+01
         vertex 1.336878e+02 1.316421e+02 4.614840e+01
         vertex 1.295716e+02 1.245309e+02 4.614840e+01
      endloop
   endfacet
   facet normal 2.062460e-20 -1.224626e-16 1.000000e+00
      outer loop
         vertex 1.295716e+02 1.245309e+02 4.614840e+01
         vertex 1.336878e+02 1.316421e+02 4.614840e+01
         vertex 1.330863e+02 1.319318e+02 4.614840e+01
      endloop
   endfacet
   facet normal 2.062460e-20 -1.224626e-16 1.000000e+00
      outer loop
         vertex 1.295716e+02 1.245309e+02 4.614840e+01
         vertex 1.330863e+02 1.319318e+02 4.614840e+01
         vertex 1.295716e+02 1.331045e+02 4.614840e+01
      endloop
   endfacet
   facet normal 2.062460e-20 -1.224626e-16 1.000000e+00
      outer loop
         vertex 1.322590e+02 1.371906e+02 4.614840e+01
         vertex 1.313642e+02 1.366740e+02 4.614840e+01
         vertex 1.330863e+02 1.342773e+02 4.614840e+01
      endloop
   endfacet
   facet normal 2.062460e-20 -1.224626e-16 1.000000e+00
      outer loop
         vertex 1.330863e+02 1.342773e+02 4.614840e+01
         vertex 1.313642e+02 1.366740e+02 4.614840e+01
         vertex 1.306127e+02 1.359649e+02 4.614840e+01
      endloop
   endfacet
   facet normal 2.062460e-20 -1.224626e-16 1.000000e+00
      outer loop
         vertex 1.330863e+02 1.342773e+02 4.614840e+01
         vertex 1.306127e+02 1.359649e+02 4.614840e+01
         vertex 1.326701e+02 1.337553e+02 4.614840e+01
      endloop
   endfacet
   facet normal 2.062460e-20 -1.224626e-16 1.000000e+00
      outer loop
         vertex 1.353730e+02 1.337553e+02 4.614840e+01
         vertex 1.392716e+02 1.352118e+02 4.614840e+01
         vertex 1.349568e+02 1.342773e+02 4.614840e+01
      endloop
   endfacet
   facet normal 2.062460e-20 -1.224626e-16 1.000000e+00
      outer loop
         vertex 1.349568e+02 1.342773e+02 4.614840e+01
         vertex 1.392716e+02 1.352118e+02 4.614840e+01
         vertex 1.362466e+02 1.369583e+02 4.614840e+01
      endloop
   endfacet
   facet normal 2.062460e-20 -1.224626e-16 1.000000e+00
      outer loop
         vertex 1.349568e+02 1.342773e+02 4.614840e+01
         vertex 1.362466e+02 1.369583e+02 4.614840e+01
         vertex 1.343553e+02 1.345669e+02 4.614840e+01
      endloop
   endfacet
   facet normal 2.062460e-20 -1.224626e-16 1.000000e+00
      outer loop
         vertex 1.343553e+02 1.345669e+02 4.614840e+01
         vertex 1.362466e+02 1.369583e+02 4.614840e+01
         vertex 1.352978e+02 1.373676e+02 4.614840e+01
      endloop
   endfacet
   facet normal 2.062460e-20 -1.224626e-16 1.000000e+00
      outer loop
         vertex 1.343553e+02 1.345669e+02 4.614840e+01
         vertex 1.352978e+02 1.373676e+02 4.614840e+01
         vertex 1.342803e+02 1.375470e+02 4.614840e+01
      endloop
   endfacet
   facet normal 2.062460e-20 -1.224626e-16 1.000000e+00
      outer loop
         vertex 1.306127e+02 1.359649e+02 4.614840e+01
         vertex 1.300449e+02 1.351017e+02 4.614840e+01
         vertex 1.326701e+02 1.337553e+02 4.614840e+01
      endloop
   endfacet
   facet normal 2.062460e-20 -1.224626e-16 1.000000e+00
      outer loop
         vertex 1.326701e+02 1.337553e+02 4.614840e+01
         vertex 1.300449e+02 1.351017e+02 4.614840e+01
         vertex 1.296915e+02 1.341308e+02 4.614840e+01
      endloop
   endfacet
   facet normal 2.062460e-20 -1.224626e-16 1.000000e+00
      outer loop
         vertex 1.326701e+02 1.337553e+02 4.614840e+01
         vertex 1.296915e+02 1.341308e+02 4.614840e+01
         vertex 1.325216e+02 1.331045e+02 4.614840e+01
      endloop
   endfacet
   facet normal 2.062460e-20 -1.224626e-16 1.000000e+00
      outer loop
         vertex 1.325216e+02 1.331045e+02 4.614840e+01
         vertex 1.296915e+02 1.341308e+02 4.614840e+01
         vertex 1.295716e+02 1.331045e+02 4.614840e+01
      endloop
   endfacet
   facet normal 2.062460e-20 -1.224626e-16 1.000000e+00
      outer loop
         vertex 1.325216e+02 1.331045e+02 4.614840e+01
         vertex 1.295716e+02 1.331045e+02 4.614840e+01
         vertex 1.326701e+02 1.324537e+02 4.614840e+01
      endloop
   endfacet
   facet normal 2.062460e-20 -1.224626e-16 1.000000e+00
      outer loop
         vertex 1.326701e+02 1.324537e+02 4.614840e+01
         vertex 1.295716e+02 1.331045e+02 4.614840e+01
         vertex 1.330863e+02 1.319318e+02 4.614840e+01
      endloop
   endfacet
   facet normal -2.062460e-20 1.224626e-16 -1.000000e+00
      outer loop
         vertex 1.295716e+02 1.245309e+02 5.574840e+01
         vertex 1.336878e+02 1.316421e+02 5.574840e+01
         vertex 1.343553e+02 1.316421e+02 5.574840e+01
      endloop
   endfacet
   facet normal -2.062460e-20 1.224626e-16 -1.000000e+00
      outer loop
         vertex 1.295716e+02 1.245309e+02 5.574840e+01
         vertex 1.343553e+02 1.316421e+02 5.574840e+01
         vertex 1.392716e+02 1.301312e+02 5.574840e+01
      endloop
   endfacet
   facet normal -2.062460e-20 1.224626e-16 -1.000000e+00
      outer loop
         vertex 1.392716e+02 1.352118e+02 5.574840e+01
         vertex 1.353730e+02 1.337553e+02 5.574840e+01
         vertex 1.362466e+02 1.369583e+02 5.574840e+01
      endloop
   endfacet
   facet normal -2.062460e-20 1.224626e-16 -1.000000e+00
      outer loop
         vertex 1.362466e+02 1.369583e+02 5.574840e+01
         vertex 1.353730e+02 1.337553e+02 5.574840e+01
         vertex 1.349568e+02 1.342773e+02 5.574840e+01
      endloop
   endfacet
   facet normal -2.062460e-20 1.224626e-16 -1.000000e+00
      outer loop
         vertex 1.362466e+02 1.369583e+02 5.574840e+01
         vertex 1.349568e+02 1.342773e+02 5.574840e+01
         vertex 1.352978e+02 1.373676e+02 5.574840e+01
      endloop
   endfacet
   facet normal -2.062460e-20 1.224626e-16 -1.000000e+00
      outer loop
         vertex 1.352978e+02 1.373676e+02 5.574840e+01
         vertex 1.349568e+02 1.342773e+02 5.574840e+01
         vertex 1.343553e+02 1.345669e+02 5.574840e+01
      endloop
   endfacet
   facet normal -2.062460e-20 1.224626e-16 -1.000000e+00
      outer loop
         vertex 1.352978e+02 1.373676e+02 5.574840e+01
         vertex 1.343553e+02 1.345669e+02 5.574840e+01
         vertex 1.342803e+02 1.375470e+02 5.574840e+01
      endloop
   endfacet
   facet normal -2.062460e-20 1.224626e-16 -1.000000e+00
      outer loop
         vertex 1.342803e+02 1.375470e+02 5.574840e+01
         vertex 1.343553e+02 1.345669e+02 5.574840e+01
         vertex 1.336878e+02 1.345669e+02 5.574840e+01
      endloop
   endfacet
   facet normal -2.062460e-20 1.224626e-16 -1.000000e+00
      outer loop
         vertex 1.342803e+02 1.375470e+02 5.574840e+01
         vertex 1.336878e+02 1.345669e+02 5.574840e+01
         vertex 1.332488e+02 1.374869e+02 5.574840e+01
      endloop
   endfacet
   facet normal -2.062460e-20 1.224626e-16 -1.000000e+00
      outer loop
         vertex 1.332488e+02 1.374869e+02 5.574840e+01
         vertex 1.336878e+02 1.345669e+02 5.574840e+01
         vertex 1.322590e+02 1.371906e+02 5.574840e+01
      endloop
   endfacet
   facet normal -2.062460e-20 1.224626e-16 -1.000000e+00
      outer loop
         vertex 1.322590e+02 1.371906e+02 5.574840e+01
         vertex 1.336878e+02 1.345669e+02 5.574840e+01
         vertex 1.330863e+02 1.342773e+02 5.574840e+01
      endloop
   endfacet
   facet normal -2.062460e-20 1.224626e-16 -1.000000e+00
      outer loop
         vertex 1.322590e+02 1.371906e+02 5.574840e+01
         vertex 1.330863e+02 1.342773e+02 5.574840e+01
         vertex 1.313642e+02 1.366740e+02 5.574840e+01
      endloop
   endfacet
   facet normal -2.062460e-20 1.224626e-16 -1.000000e+00
      outer loop
         vertex 1.313642e+02 1.366740e+02 5.574840e+01
         vertex 1.330863e+02 1.342773e+02 5.574840e+01
         vertex 1.306127e+02 1.359649e+02 5.574840e+01
      endloop
   endfacet
   facet normal -2.062460e-20 1.224626e-16 -1.000000e+00
      outer loop
         vertex 1.306127e+02 1.359649e+02 5.574840e+01
         vertex 1.330863e+02 1.342773e+02 5.574840e+01
         vertex 1.326701e+02 1.337553e+02 5.574840e+01
      endloop
   endfacet
   facet normal -2.062460e-20 1.224626e-16 -1.000000e+00
      outer loop
         vertex 1.306127e+02 1.359649e+02 5.574840e+01
         vertex 1.326701e+02 1.337553e+02 5.574840e+01
         vertex 1.300449e+02 1.351017e+02 5.574840e+01
      endloop
   endfacet
   facet normal -2.062460e-20 1.224626e-16 -1.000000e+00
      outer loop
         vertex 1.300449e+02 1.351017e+02 5.574840e+01
         vertex 1.326701e+02 1.337553e+02 5.574840e+01
         vertex 1.296915e+02 1.341308e+02 5.574840e+01
      endloop
   endfacet
   facet normal -2.062460e-20 1.224626e-16 -1.000000e+00
      outer loop
         vertex 1.296915e+02 1.341308e+02 5.574840e+01
         vertex 1.326701e+02 1.337553e+02 5.574840e+01
         vertex 1.325216e+02 1.331045e+02 5.574840e+01
      endloop
   endfacet
   facet normal -2.062460e-20 1.224626e-16 -1.000000e+00
      outer loop
         vertex 1.296915e+02 1.341308e+02 5.574840e+01
         vertex 1.325216e+02 1.331045e+02 5.574840e+01
         vertex 1.295716e+02 1.331045e+02 5.574840e+01
      endloop
   endfacet
   facet normal -2.062460e-20 1.224626e-16 -1.000000e+00
      outer loop
         vertex 1.295716e+02 1.331045e+02 5.574840e+01
         vertex 1.325216e+02 1.331045e+02 5.574840e+01
         vertex 1.326701e+02 1.324537e+02 5.574840e+01
      endloop
   endfacet
   facet normal -2.062460e-20 1.224626e-16 -1.000000e+00
      outer loop
         vertex 1.295716e+02 1.331045e+02 5.574840e+01
         vertex 1.326701e+02 1.324537e+02 5.574840e+01
         vertex 1.295716e+02 1.245309e+02 5.574840e+01
      endloop
   endfacet
   facet normal -2.062460e-20 1.224626e-16 -1.000000e+00
      outer loop
         vertex 1.295716e+02 1.245309e+02 5.574840e+01
         vertex 1.326701e+02 1.324537e+02 5.574840e+01
         vertex 1.330863e+02 1.319318e+02 5.574840e+01
      endloop
   endfacet
   facet normal -2.062460e-20 1.224626e-16 -1.000000e+00
      outer loop
         vertex 1.295716e+02 1.245309e+02 5.574840e+01
         vertex 1.330863e+02 1.319318e+02 5.574840e+01
         vertex 1.336878e+02 1.316421e+02 5.574840e+01
      endloop
   endfacet
   facet normal -2.062460e-20 1.224626e-16 -1.000000e+00
      outer loop
         vertex 1.343553e+02 1.316421e+02 5.574840e+01
         vertex 1.349568e+02 1.319318e+02 5.574840e+01
         vertex 1.392716e+02 1.301312e+02 5.574840e+01
      endloop
   endfacet
   facet normal -2.062460e-20 1.224626e-16 -1.000000e+00
      outer loop
         vertex 1.392716e+02 1.301312e+02 5.574840e+01
         vertex 1.349568e+02 1.319318e+02 5.574840e+01
         vertex 1.353730e+02 1.324537e+02 5.574840e+01
      endloop
   endfacet
   facet normal -2.062460e-20 1.224626e-16 -1.000000e+00
      outer loop
         vertex 1.392716e+02 1.301312e+02 5.574840e+01
         vertex 1.353730e+02 1.324537e+02 5.574840e+01
         vertex 1.392716e+02 1.352118e+02 5.574840e+01
      endloop
   endfacet
   facet normal -2.062460e-20 1.224626e-16 -1.000000e+00
      outer loop
         vertex 1.392716e+02 1.352118e+02 5.574840e+01
         vertex 1.353730e+02 1.324537e+02 5.574840e+01
         vertex 1.355216e+02 1.331045e+02 5.574840e+01
      endloop
   endfacet
   facet normal -2.062460e-20 1.224626e-16 -1.000000e+00
      outer loop
         vertex 1.392716e+02 1.352118e+02 5.574840e+01
         vertex 1.355216e+02 1.331045e+02 5.574840e+01
         vertex 1.353730e+02 1.337553e+02 5.574840e+01
      endloop
   endfacet
   facet normal -5.000016e-01 8.660245e-01 1.060660e-16
      outer loop
         vertex 1.292716e+02 1.243577e+02 4.584840e+01
         vertex 1.292716e+02 1.243577e+02 5.604840e+01
         vertex 1.295716e+02 1.245309e+02 5.574840e+01
      endloop
   endfacet
   facet normal -5.000000e-01 8.660254e-01 1.060662e-16
      outer loop
         vertex 1.392716e+02 1.301312e+02 5.574840e+01
         vertex 1.392716e+02 1.301312e+02 4.614840e+01
         vertex 1.295716e+02 1.245309e+02 5.574840e+01
      endloop
   endfacet
   facet normal -5.000000e-01 8.660254e-01 1.060662e-16
      outer loop
         vertex 1.295716e+02 1.245309e+02 5.574840e+01
         vertex 1.392716e+02 1.301312e+02 4.614840e+01
         vertex 1.295716e+02 1.245309e+02 4.614840e+01
      endloop
   endfacet
   facet normal -5.000016e-01 8.660245e-01 1.060660e-16
      outer loop
         vertex 1.295716e+02 1.245309e+02 5.574840e+01
         vertex 1.295716e+02 1.245309e+02 4.614840e+01
         vertex 1.292716e+02 1.243577e+02 4.584840e+01
      endloop
   endfacet
   facet normal 2.062460e-20 -1.224626e-16 1.000000e+00
      outer loop
         vertex 1.330863e+02 1.342773e+02 5.914840e+01
         vertex 1.336878e+02 1.345669e+02 5.914840e+01
         vertex 1.322590e+02 1.371906e+02 5.914840e+01
      endloop
   endfacet
   facet normal 2.062460e-20 -1.224626e-16 1.000000e+00
      outer loop
         vertex 1.343553e+02 1.345669e+02 5.914840e+01
         vertex 1.342803e+02 1.375470e+02 5.914840e+01
         vertex 1.336878e+02 1.345669e+02 5.914840e+01
      endloop
   endfacet
   facet normal 2.062460e-20 -1.224626e-16 1.000000e+00
      outer loop
         vertex 1.336878e+02 1.345669e+02 5.914840e+01
         vertex 1.342803e+02 1.375470e+02 5.914840e+01
         vertex 1.332488e+02 1.374869e+02 5.914840e+01
      endloop
   endfacet
   facet normal 2.062460e-20 -1.224626e-16 1.000000e+00
      outer loop
         vertex 1.336878e+02 1.345669e+02 5.914840e+01
         vertex 1.332488e+02 1.374869e+02 5.914840e+01
         vertex 1.322590e+02 1.371906e+02 5.914840e+01
      endloop
   endfacet
   facet normal 2.062460e-20 -1.224626e-16 1.000000e+00
      outer loop
         vertex 1.353730e+02 1.324537e+02 5.914840e+01
         vertex 1.392716e+02 1.171545e+02 5.914840e+01
         vertex 1.355216e+02 1.331045e+02 5.914840e+01
      endloop
   endfacet
   facet normal 2.062460e-20 -1.224626e-16 1.000000e+00
      outer loop
         vertex 1.355216e+02 1.331045e+02 5.914840e+01
         vertex 1.392716e+02 1.171545e+02 5.914840e+01
         vertex 1.392716e+02 1.352118e+02 5.914840e+01
      endloop
   endfacet
   facet normal 2.062460e-20 -1.224626e-16 1.000000e+00
      outer loop
         vertex 1.355216e+02 1.331045e+02 5.914840e+01
         vertex 1.392716e+02 1.352118e+02 5.914840e+01
         vertex 1.353730e+02 1.337553e+02 5.914840e+01
      endloop
   endfacet
   facet normal 2.062460e-20 -1.224626e-16 1.000000e+00
      outer loop
         vertex 1.351089e+02 1.228121e+02 5.914840e+01
         vertex 1.355061e+02 1.222655e+02 5.914840e+01
         vertex 1.343553e+02 1.316421e+02 5.914840e+01
      endloop
   endfacet
   facet normal 2.062460e-20 -1.224626e-16 1.000000e+00
      outer loop
         vertex 1.322590e+02 1.371906e+02 5.914840e+01
         vertex 1.313642e+02 1.366740e+02 5.914840e+01
         vertex 1.330863e+02 1.342773e+02 5.914840e+01
      endloop
   endfacet
   facet normal 2.062460e-20 -1.224626e-16 1.000000e+00
      outer loop
         vertex 1.330863e+02 1.342773e+02 5.914840e+01
         vertex 1.313642e+02 1.366740e+02 5.914840e+01
         vertex 1.306127e+02 1.359649e+02 5.914840e+01
      endloop
   endfacet
   facet normal 2.062460e-20 -1.224626e-16 1.000000e+00
      outer loop
         vertex 1.330863e+02 1.342773e+02 5.914840e+01
         vertex 1.306127e+02 1.359649e+02 5.914840e+01
         vertex 1.326701e+02 1.337553e+02 5.914840e+01
      endloop
   endfacet
   facet normal 2.062460e-20 -1.224626e-16 1.000000e+00
      outer loop
         vertex 1.353730e+02 1.337553e+02 5.914840e+01
         vertex 1.392716e+02 1.352118e+02 5.914840e+01
         vertex 1.349568e+02 1.342773e+02 5.914840e+01
      endloop
   endfacet
   facet normal 2.062460e-20 -1.224626e-16 1.000000e+00
      outer loop
         vertex 1.349568e+02 1.342773e+02 5.914840e+01
         vertex 1.392716e+02 1.352118e+02 5.914840e+01
         vertex 1.362466e+02 1.369583e+02 5.914840e+01
      endloop
   endfacet
   facet normal 2.062460e-20 -1.224626e-16 1.000000e+00
      outer loop
         vertex 1.349568e+02 1.342773e+02 5.914840e+01
         vertex 1.362466e+02 1.369583e+02 5.914840e+01
         vertex 1.343553e+02 1.345669e+02 5.914840e+01
      endloop
   endfacet
   facet normal 2.062460e-20 -1.224626e-16 1.000000e+00
      outer loop
         vertex 1.343553e+02 1.345669e+02 5.914840e+01
         vertex 1.362466e+02 1.369583e+02 5.914840e+01
         vertex 1.352978e+02 1.373676e+02 5.914840e+01
      endloop
   endfacet
   facet normal 2.062460e-20 -1.224626e-16 1.000000e+00
      outer loop
         vertex 1.343553e+02 1.345669e+02 5.914840e+01
         vertex 1.352978e+02 1.373676e+02 5.914840e+01
         vertex 1.342803e+02 1.375470e+02 5.914840e+01
      endloop
   endfacet
   facet normal 2.062460e-20 -1.224626e-16 1.000000e+00
      outer loop
         vertex 1.355061e+02 1.222655e+02 5.914840e+01
         vertex 1.356466e+02 1.216045e+02 5.914840e+01
         vertex 1.343553e+02 1.316421e+02 5.914840e+01
      endloop
   endfacet
   facet normal 2.062460e-20 -1.224626e-16 1.000000e+00
      outer loop
         vertex 1.343553e+02 1.316421e+02 5.914840e+01
         vertex 1.356466e+02 1.216045e+02 5.914840e+01
         vertex 1.392716e+02 1.171545e+02 5.914840e+01
      endloop
   endfacet
   facet normal 2.062460e-20 -1.224626e-16 1.000000e+00
      outer loop
         vertex 1.343553e+02 1.316421e+02 5.914840e+01
         vertex 1.392716e+02 1.171545e+02 5.914840e+01
         vertex 1.349568e+02 1.319318e+02 5.914840e+01
      endloop
   endfacet
   facet normal 2.062460e-20 -1.224626e-16 1.000000e+00
      outer loop
         vertex 1.349568e+02 1.319318e+02 5.914840e+01
         vertex 1.392716e+02 1.171545e+02 5.914840e+01
         vertex 1.353730e+02 1.324537e+02 5.914840e+01
      endloop
   endfacet
   facet normal 2.062460e-20 -1.224626e-16 1.000000e+00
      outer loop
         vertex 1.324321e+02 1.212667e+02 5.914840e+01
         vertex 1.324321e+02 1.219424e+02 5.914840e+01
         vertex 1.295716e+02 1.216045e+02 5.914840e+01
      endloop
   endfacet
   facet normal 2.062460e-20 -1.224626e-16 1.000000e+00
      outer loop
         vertex 1.295716e+02 1.331045e+02 5.914840e+01
         vertex 1.295716e+02 1.216045e+02 5.914840e+01
         vertex 1.330863e+02 1.319318e+02 5.914840e+01
      endloop
   endfacet
   facet normal 2.062460e-20 -1.224626e-16 1.000000e+00
      outer loop
         vertex 1.330863e+02 1.319318e+02 5.914840e+01
         vertex 1.295716e+02 1.216045e+02 5.914840e+01
         vertex 1.324321e+02 1.219424e+02 5.914840e+01
      endloop
   endfacet
   facet normal 2.062460e-20 -1.224626e-16 1.000000e+00
      outer loop
         vertex 1.330863e+02 1.319318e+02 5.914840e+01
         vertex 1.324321e+02 1.219424e+02 5.914840e+01
         vertex 1.336878e+02 1.316421e+02 5.914840e+01
      endloop
   endfacet
   facet normal 2.062460e-20 -1.224626e-16 1.000000e+00
      outer loop
         vertex 1.336878e+02 1.316421e+02 5.914840e+01
         vertex 1.324321e+02 1.219424e+02 5.914840e+01
         vertex 1.327069e+02 1.225597e+02 5.914840e+01
      endloop
   endfacet
   facet normal 2.062460e-20 -1.224626e-16 1.000000e+00
      outer loop
         vertex 1.306127e+02 1.359649e+02 5.914840e+01
         vertex 1.300449e+02 1.351017e+02 5.914840e+01
         vertex 1.326701e+02 1.337553e+02 5.914840e+01
      endloop
   endfacet
   facet normal 2.062460e-20 -1.224626e-16 1.000000e+00
      outer loop
         vertex 1.326701e+02 1.337553e+02 5.914840e+01
         vertex 1.300449e+02 1.351017e+02 5.914840e+01
         vertex 1.296915e+02 1.341308e+02 5.914840e+01
      endloop
   endfacet
   facet normal 2.062460e-20 -1.224626e-16 1.000000e+00
      outer loop
         vertex 1.326701e+02 1.337553e+02 5.914840e+01
         vertex 1.296915e+02 1.341308e+02 5.914840e+01
         vertex 1.325216e+02 1.331045e+02 5.914840e+01
      endloop
   endfacet
   facet normal 2.062460e-20 -1.224626e-16 1.000000e+00
      outer loop
         vertex 1.325216e+02 1.331045e+02 5.914840e+01
         vertex 1.296915e+02 1.341308e+02 5.914840e+01
         vertex 1.295716e+02 1.331045e+02 5.914840e+01
      endloop
   endfacet
   facet normal 2.062460e-20 -1.224626e-16 1.000000e+00
      outer loop
         vertex 1.325216e+02 1.331045e+02 5.914840e+01
         vertex 1.295716e+02 1.331045e+02 5.914840e+01
         vertex 1.326701e+02 1.324537e+02 5.914840e+01
      endloop
   endfacet
   facet normal 2.062460e-20 -1.224626e-16 1.000000e+00
      outer loop
         vertex 1.326701e+02 1.324537e+02 5.914840e+01
         vertex 1.295716e+02 1.331045e+02 5.914840e+01
         vertex 1.330863e+02 1.319318e+02 5.914840e+01
      endloop
   endfacet
   facet normal 2.062460e-20 -1.224626e-16 1.000000e+00
      outer loop
         vertex 1.312470e+02 1.181254e+02 5.914840e+01
         vertex 1.332091e+02 1.201972e+02 5.914840e+01
         vertex 1.327069e+02 1.206494e+02 5.914840e+01
      endloop
   endfacet
   facet normal 2.062460e-20 -1.224626e-16 1.000000e+00
      outer loop
         vertex 1.295716e+02 1.216045e+02 5.914840e+01
         vertex 1.296831e+02 1.206143e+02 5.914840e+01
         vertex 1.324321e+02 1.212667e+02 5.914840e+01
      endloop
   endfacet
   facet normal 2.062460e-20 -1.224626e-16 1.000000e+00
      outer loop
         vertex 1.324321e+02 1.212667e+02 5.914840e+01
         vertex 1.296831e+02 1.206143e+02 5.914840e+01
         vertex 1.300123e+02 1.196737e+02 5.914840e+01
      endloop
   endfacet
   facet normal 2.062460e-20 -1.224626e-16 1.000000e+00
      outer loop
         vertex 1.324321e+02 1.212667e+02 5.914840e+01
         vertex 1.300123e+02 1.196737e+02 5.914840e+01
         vertex 1.327069e+02 1.206494e+02 5.914840e+01
      endloop
   endfacet
   facet normal 2.062460e-20 -1.224626e-16 1.000000e+00
      outer loop
         vertex 1.327069e+02 1.206494e+02 5.914840e+01
         vertex 1.300123e+02 1.196737e+02 5.914840e+01
         vertex 1.305424e+02 1.188300e+02 5.914840e+01
      endloop
   endfacet
   facet normal 2.062460e-20 -1.224626e-16 1.000000e+00
      outer loop
         vertex 1.327069e+02 1.206494e+02 5.914840e+01
         vertex 1.305424e+02 1.188300e+02 5.914840e+01
         vertex 1.312470e+02 1.181254e+02 5.914840e+01
      endloop
   endfacet
   facet normal 2.062460e-20 -1.224626e-16 1.000000e+00
      outer loop
         vertex 1.356466e+02 1.216045e+02 5.914840e+01
         vertex 1.355061e+02 1.209436e+02 5.914840e+01
         vertex 1.392716e+02 1.171545e+02 5.914840e+01
      endloop
   endfacet
   facet normal 2.062460e-20 -1.224626e-16 1.000000e+00
      outer loop
         vertex 1.392716e+02 1.171545e+02 5.914840e+01
         vertex 1.355061e+02 1.209436e+02 5.914840e+01
         vertex 1.351089e+02 1.203969e+02 5.914840e+01
      endloop
   endfacet
   facet normal 2.062460e-20 -1.224626e-16 1.000000e+00
      outer loop
         vertex 1.392716e+02 1.171545e+02 5.914840e+01
         vertex 1.351089e+02 1.203969e+02 5.914840e+01
         vertex 1.340216e+02 1.171545e+02 5.914840e+01
      endloop
   endfacet
   facet normal 2.062460e-20 -1.224626e-16 1.000000e+00
      outer loop
         vertex 1.351089e+02 1.203969e+02 5.914840e+01
         vertex 1.345237e+02 1.200590e+02 5.914840e+01
         vertex 1.340216e+02 1.171545e+02 5.914840e+01
      endloop
   endfacet
   facet normal 2.062460e-20 -1.224626e-16 1.000000e+00
      outer loop
         vertex 1.340216e+02 1.171545e+02 5.914840e+01
         vertex 1.345237e+02 1.200590e+02 5.914840e+01
         vertex 1.338517e+02 1.199884e+02 5.914840e+01
      endloop
   endfacet
   facet normal 2.062460e-20 -1.224626e-16 1.000000e+00
      outer loop
         vertex 1.340216e+02 1.171545e+02 5.914840e+01
         vertex 1.338517e+02 1.199884e+02 5.914840e+01
         vertex 1.330313e+02 1.172661e+02 5.914840e+01
      endloop
   endfacet
   facet normal 2.062460e-20 -1.224626e-16 1.000000e+00
      outer loop
         vertex 1.330313e+02 1.172661e+02 5.914840e+01
         vertex 1.338517e+02 1.199884e+02 5.914840e+01
         vertex 1.332091e+02 1.201972e+02 5.914840e+01
      endloop
   endfacet
   facet normal 2.062460e-20 -1.224626e-16 1.000000e+00
      outer loop
         vertex 1.330313e+02 1.172661e+02 5.914840e+01
         vertex 1.332091e+02 1.201972e+02 5.914840e+01
         vertex 1.320908e+02 1.175952e+02 5.914840e+01
      endloop
   endfacet
   facet normal 2.062460e-20 -1.224626e-16 1.000000e+00
      outer loop
         vertex 1.320908e+02 1.175952e+02 5.914840e+01
         vertex 1.332091e+02 1.201972e+02 5.914840e+01
         vertex 1.312470e+02 1.181254e+02 5.914840e+01
      endloop
   endfacet
   facet normal 2.062460e-20 -1.224626e-16 1.000000e+00
      outer loop
         vertex 1.327069e+02 1.225597e+02 5.914840e+01
         vertex 1.332091e+02 1.230118e+02 5.914840e+01
         vertex 1.336878e+02 1.316421e+02 5.914840e+01
      endloop
   endfacet
   facet normal 2.062460e-20 -1.224626e-16 1.000000e+00
      outer loop
         vertex 1.336878e+02 1.316421e+02 5.914840e+01
         vertex 1.332091e+02 1.230118e+02 5.914840e+01
         vertex 1.338517e+02 1.232206e+02 5.914840e+01
      endloop
   endfacet
   facet normal 2.062460e-20 -1.224626e-16 1.000000e+00
      outer loop
         vertex 1.336878e+02 1.316421e+02 5.914840e+01
         vertex 1.338517e+02 1.232206e+02 5.914840e+01
         vertex 1.343553e+02 1.316421e+02 5.914840e+01
      endloop
   endfacet
   facet normal 2.062460e-20 -1.224626e-16 1.000000e+00
      outer loop
         vertex 1.343553e+02 1.316421e+02 5.914840e+01
         vertex 1.338517e+02 1.232206e+02 5.914840e+01
         vertex 1.345237e+02 1.231500e+02 5.914840e+01
      endloop
   endfacet
   facet normal 2.062460e-20 -1.224626e-16 1.000000e+00
      outer loop
         vertex 1.343553e+02 1.316421e+02 5.914840e+01
         vertex 1.345237e+02 1.231500e+02 5.914840e+01
         vertex 1.351089e+02 1.228121e+02 5.914840e+01
      endloop
   endfacet
   facet normal -2.062460e-20 1.224626e-16 -1.000000e+00
      outer loop
         vertex 1.392716e+02 1.352118e+02 4.274840e+01
         vertex 1.353730e+02 1.337553e+02 4.274840e+01
         vertex 1.362466e+02 1.369583e+02 4.274840e+01
      endloop
   endfacet
   facet normal -2.062460e-20 1.224626e-16 -1.000000e+00
      outer loop
         vertex 1.362466e+02 1.369583e+02 4.274840e+01
         vertex 1.353730e+02 1.337553e+02 4.274840e+01
         vertex 1.349568e+02 1.342773e+02 4.274840e+01
      endloop
   endfacet
   facet normal -2.062460e-20 1.224626e-16 -1.000000e+00
      outer loop
         vertex 1.362466e+02 1.369583e+02 4.274840e+01
         vertex 1.349568e+02 1.342773e+02 4.274840e+01
         vertex 1.352978e+02 1.373676e+02 4.274840e+01
      endloop
   endfacet
   facet normal -2.062460e-20 1.224626e-16 -1.000000e+00
      outer loop
         vertex 1.352978e+02 1.373676e+02 4.274840e+01
         vertex 1.349568e+02 1.342773e+02 4.274840e+01
         vertex 1.343553e+02 1.345669e+02 4.274840e+01
      endloop
   endfacet
   facet normal -2.062460e-20 1.224626e-16 -1.000000e+00
      outer loop
         vertex 1.352978e+02 1.373676e+02 4.274840e+01
         vertex 1.343553e+02 1.345669e+02 4.274840e+01
         vertex 1.342803e+02 1.375470e+02 4.274840e+01
      endloop
   endfacet
   facet normal -2.062460e-20 1.224626e-16 -1.000000e+00
      outer loop
         vertex 1.342803e+02 1.375470e+02 4.274840e+01
         vertex 1.343553e+02 1.345669e+02 4.274840e+01
         vertex 1.336878e+02 1.345669e+02 4.274840e+01
      endloop
   endfacet
   facet normal -2.062460e-20 1.224626e-16 -1.000000e+00
      outer loop
         vertex 1.342803e+02 1.375470e+02 4.274840e+01
         vertex 1.336878e+02 1.345669e+02 4.274840e+01
         vertex 1.332488e+02 1.374869e+02 4.274840e+01
      endloop
   endfacet
   facet normal -2.062460e-20 1.224626e-16 -1.000000e+00
      outer loop
         vertex 1.332488e+02 1.374869e+02 4.274840e+01
         vertex 1.336878e+02 1.345669e+02 4.274840e+01
         vertex 1.322590e+02 1.371906e+02 4.274840e+01
      endloop
   endfacet
   facet normal -2.062460e-20 1.224626e-16 -1.000000e+00
      outer loop
         vertex 1.322590e+02 1.371906e+02 4.274840e+01
         vertex 1.336878e+02 1.345669e+02 4.274840e+01
         vertex 1.330863e+02 1.342773e+02 4.274840e+01
      endloop
   endfacet
   facet normal -2.062460e-20 1.224626e-16 -1.000000e+00
      outer loop
         vertex 1.322590e+02 1.371906e+02 4.274840e+01
         vertex 1.330863e+02 1.342773e+02 4.274840e+01
         vertex 1.313642e+02 1.366740e+02 4.274840e+01
      endloop
   endfacet
   facet normal -2.062460e-20 1.224626e-16 -1.000000e+00
      outer loop
         vertex 1.313642e+02 1.366740e+02 4.274840e+01
         vertex 1.330863e+02 1.342773e+02 4.274840e+01
         vertex 1.306127e+02 1.359649e+02 4.274840e+01
      endloop
   endfacet
   facet normal -2.062460e-20 1.224626e-16 -1.000000e+00
      outer loop
         vertex 1.306127e+02 1.359649e+02 4.274840e+01
         vertex 1.330863e+02 1.342773e+02 4.274840e+01
         vertex 1.326701e+02 1.337553e+02 4.274840e+01
      endloop
   endfacet
   facet normal -2.062460e-20 1.224626e-16 -1.000000e+00
      outer loop
         vertex 1.306127e+02 1.359649e+02 4.274840e+01
         vertex 1.326701e+02 1.337553e+02 4.274840e+01
         vertex 1.300449e+02 1.351017e+02 4.274840e+01
      endloop
   endfacet
   facet normal -2.062460e-20 1.224626e-16 -1.000000e+00
      outer loop
         vertex 1.300449e+02 1.351017e+02 4.274840e+01
         vertex 1.326701e+02 1.337553e+02 4.274840e+01
         vertex 1.296915e+02 1.341308e+02 4.274840e+01
      endloop
   endfacet
   facet normal -2.062460e-20 1.224626e-16 -1.000000e+00
      outer loop
         vertex 1.296915e+02 1.341308e+02 4.274840e+01
         vertex 1.326701e+02 1.337553e+02 4.274840e+01
         vertex 1.325216e+02 1.331045e+02 4.274840e+01
      endloop
   endfacet
   facet normal -2.062460e-20 1.224626e-16 -1.000000e+00
      outer loop
         vertex 1.296915e+02 1.341308e+02 4.274840e+01
         vertex 1.325216e+02 1.331045e+02 4.274840e+01
         vertex 1.295716e+02 1.331045e+02 4.274840e+01
      endloop
   endfacet
   facet normal -2.062460e-20 1.224626e-16 -1.000000e+00
      outer loop
         vertex 1.295716e+02 1.331045e+02 4.274840e+01
         vertex 1.325216e+02 1.331045e+02 4.274840e+01
         vertex 1.326701e+02 1.324537e+02 4.274840e+01
      endloop
   endfacet
   facet normal -2.062460e-20 1.224626e-16 -1.000000e+00
      outer loop
         vertex 1.295716e+02 1.331045e+02 4.274840e+01
         vertex 1.326701e+02 1.324537e+02 4.274840e+01
         vertex 1.295716e+02 1.216045e+02 4.274840e+01
      endloop
   endfacet
   facet normal -2.062460e-20 1.224626e-16 -1.000000e+00
      outer loop
         vertex 1.295716e+02 1.216045e+02 4.274840e+01
         vertex 1.326701e+02 1.324537e+02 4.274840e+01
         vertex 1.330863e+02 1.319318e+02 4.274840e+01
      endloop
   endfacet
   facet normal -2.062460e-20 1.224626e-16 -1.000000e+00
      outer loop
         vertex 1.295716e+02 1.216045e+02 4.274840e+01
         vertex 1.330863e+02 1.319318e+02 4.274840e+01
         vertex 1.296831e+02 1.206143e+02 4.274840e+01
      endloop
   endfacet
   facet normal -2.062460e-20 1.224626e-16 -1.000000e+00
      outer loop
         vertex 1.296831e+02 1.206143e+02 4.274840e+01
         vertex 1.330863e+02 1.319318e+02 4.274840e+01
         vertex 1.336878e+02 1.316421e+02 4.274840e+01
      endloop
   endfacet
   facet normal -2.062460e-20 1.224626e-16 -1.000000e+00
      outer loop
         vertex 1.296831e+02 1.206143e+02 4.274840e+01
         vertex 1.336878e+02 1.316421e+02 4.274840e+01
         vertex 1.300123e+02 1.196737e+02 4.274840e+01
      endloop
   endfacet
   facet normal -2.062460e-20 1.224626e-16 -1.000000e+00
      outer loop
         vertex 1.355061e+02 1.222655e+02 4.274840e+01
         vertex 1.343553e+02 1.316421e+02 4.274840e+01
         vertex 1.356466e+02 1.216045e+02 4.274840e+01
      endloop
   endfacet
   facet normal -2.062460e-20 1.224626e-16 -1.000000e+00
      outer loop
         vertex 1.356466e+02 1.216045e+02 4.274840e+01
         vertex 1.343553e+02 1.316421e+02 4.274840e+01
         vertex 1.392716e+02 1.171545e+02 4.274840e+01
      endloop
   endfacet
   facet normal -2.062460e-20 1.224626e-16 -1.000000e+00
      outer loop
         vertex 1.356466e+02 1.216045e+02 4.274840e+01
         vertex 1.392716e+02 1.171545e+02 4.274840e+01
         vertex 1.355061e+02 1.209436e+02 4.274840e+01
      endloop
   endfacet
   facet normal -2.062460e-20 1.224626e-16 -1.000000e+00
      outer loop
         vertex 1.336878e+02 1.316421e+02 4.274840e+01
         vertex 1.332091e+02 1.230118e+02 4.274840e+01
         vertex 1.327069e+02 1.225597e+02 4.274840e+01
      endloop
   endfacet
   facet normal -2.062460e-20 1.224626e-16 -1.000000e+00
      outer loop
         vertex 1.343553e+02 1.316421e+02 4.274840e+01
         vertex 1.349568e+02 1.319318e+02 4.274840e+01
         vertex 1.392716e+02 1.171545e+02 4.274840e+01
      endloop
   endfacet
   facet normal -2.062460e-20 1.224626e-16 -1.000000e+00
      outer loop
         vertex 1.392716e+02 1.171545e+02 4.274840e+01
         vertex 1.349568e+02 1.319318e+02 4.274840e+01
         vertex 1.353730e+02 1.324537e+02 4.274840e+01
      endloop
   endfacet
   facet normal -2.062460e-20 1.224626e-16 -1.000000e+00
      outer loop
         vertex 1.392716e+02 1.171545e+02 4.274840e+01
         vertex 1.353730e+02 1.324537e+02 4.274840e+01
         vertex 1.392716e+02 1.352118e+02 4.274840e+01
      endloop
   endfacet
   facet normal -2.062460e-20 1.224626e-16 -1.000000e+00
      outer loop
         vertex 1.392716e+02 1.352118e+02 4.274840e+01
         vertex 1.353730e+02 1.324537e+02 4.274840e+01
         vertex 1.355216e+02 1.331045e+02 4.274840e+01
      endloop
   endfacet
   facet normal -2.062460e-20 1.224626e-16 -1.000000e+00
      outer loop
         vertex 1.392716e+02 1.352118e+02 4.274840e+01
         vertex 1.355216e+02 1.331045e+02 4.274840e+01
         vertex 1.353730e+02 1.337553e+02 4.274840e+01
      endloop
   endfacet
   facet normal -2.062460e-20 1.224626e-16 -1.000000e+00
      outer loop
         vertex 1.327069e+02 1.225597e+02 4.274840e+01
         vertex 1.324321e+02 1.219424e+02 4.274840e+01
         vertex 1.336878e+02 1.316421e+02 4.274840e+01
      endloop
   endfacet
   facet normal -2.062460e-20 1.224626e-16 -1.000000e+00
      outer loop
         vertex 1.336878e+02 1.316421e+02 4.274840e+01
         vertex 1.324321e+02 1.219424e+02 4.274840e+01
         vertex 1.305424e+02 1.188300e+02 4.274840e+01
      endloop
   endfacet
   facet normal -2.062460e-20 1.224626e-16 -1.000000e+00
      outer loop
         vertex 1.336878e+02 1.316421e+02 4.274840e+01
         vertex 1.305424e+02 1.188300e+02 4.274840e+01
         vertex 1.300123e+02 1.196737e+02 4.274840e+01
      endloop
   endfacet
   facet normal -2.062460e-20 1.224626e-16 -1.000000e+00
      outer loop
         vertex 1.355061e+02 1.222655e+02 4.274840e+01
         vertex 1.351089e+02 1.228121e+02 4.274840e+01
         vertex 1.343553e+02 1.316421e+02 4.274840e+01
      endloop
   endfacet
   facet normal -2.062460e-20 1.224626e-16 -1.000000e+00
      outer loop
         vertex 1.343553e+02 1.316421e+02 4.274840e+01
         vertex 1.351089e+02 1.228121e+02 4.274840e+01
         vertex 1.345237e+02 1.231500e+02 4.274840e+01
      endloop
   endfacet
   facet normal -2.062460e-20 1.224626e-16 -1.000000e+00
      outer loop
         vertex 1.343553e+02 1.316421e+02 4.274840e+01
         vertex 1.345237e+02 1.231500e+02 4.274840e+01
         vertex 1.336878e+02 1.316421e+02 4.274840e+01
      endloop
   endfacet
   facet normal -2.062460e-20 1.224626e-16 -1.000000e+00
      outer loop
         vertex 1.336878e+02 1.316421e+02 4.274840e+01
         vertex 1.345237e+02 1.231500e+02 4.274840e+01
         vertex 1.338517e+02 1.232206e+02 4.274840e+01
      endloop
   endfacet
   facet normal -2.062460e-20 1.224626e-16 -1.000000e+00
      outer loop
         vertex 1.336878e+02 1.316421e+02 4.274840e+01
         vertex 1.338517e+02 1.232206e+02 4.274840e+01
         vertex 1.332091e+02 1.230118e+02 4.274840e+01
      endloop
   endfacet
   facet normal -2.062460e-20 1.224626e-16 -1.000000e+00
      outer loop
         vertex 1.324321e+02 1.219424e+02 4.274840e+01
         vertex 1.324321e+02 1.212667e+02 4.274840e+01
         vertex 1.305424e+02 1.188300e+02 4.274840e+01
      endloop
   endfacet
   facet normal -2.062460e-20 1.224626e-16 -1.000000e+00
      outer loop
         vertex 1.305424e+02 1.188300e+02 4.274840e+01
         vertex 1.324321e+02 1.212667e+02 4.274840e+01
         vertex 1.327069e+02 1.206494e+02 4.274840e+01
      endloop
   endfacet
   facet normal -2.062460e-20 1.224626e-16 -1.000000e+00
      outer loop
         vertex 1.305424e+02 1.188300e+02 4.274840e+01
         vertex 1.327069e+02 1.206494e+02 4.274840e+01
         vertex 1.312470e+02 1.181254e+02 4.274840e+01
      endloop
   endfacet
   facet normal -2.062460e-20 1.224626e-16 -1.000000e+00
      outer loop
         vertex 1.312470e+02 1.181254e+02 4.274840e+01
         vertex 1.327069e+02 1.206494e+02 4.274840e+01
         vertex 1.332091e+02 1.201972e+02 4.274840e+01
      endloop
   endfacet
   facet normal -2.062460e-20 1.224626e-16 -1.000000e+00
      outer loop
         vertex 1.312470e+02 1.181254e+02 4.274840e+01
         vertex 1.332091e+02 1.201972e+02 4.274840e+01
         vertex 1.320908e+02 1.175952e+02 4.274840e+01
      endloop
   endfacet
   facet normal -2.062460e-20 1.224626e-16 -1.000000e+00
      outer loop
         vertex 1.320908e+02 1.175952e+02 4.274840e+01
         vertex 1.332091e+02 1.201972e+02 4.274840e+01
         vertex 1.330313e+02 1.172661e+02 4.274840e+01
      endloop
   endfacet
   facet normal -2.062460e-20 1.224626e-16 -1.000000e+00
      outer loop
         vertex 1.330313e+02 1.172661e+02 4.274840e+01
         vertex 1.332091e+02 1.201972e+02 4.274840e+01
         vertex 1.338517e+02 1.199884e+02 4.274840e+01
      endloop
   endfacet
   facet normal -2.062460e-20 1.224626e-16 -1.000000e+00
      outer loop
         vertex 1.330313e+02 1.172661e+02 4.274840e+01
         vertex 1.338517e+02 1.199884e+02 4.274840e+01
         vertex 1.340216e+02 1.171545e+02 4.274840e+01
      endloop
   endfacet
   facet normal -2.062460e-20 1.224626e-16 -1.000000e+00
      outer loop
         vertex 1.340216e+02 1.171545e+02 4.274840e+01
         vertex 1.338517e+02 1.199884e+02 4.274840e+01
         vertex 1.345237e+02 1.200590e+02 4.274840e+01
      endloop
   endfacet
   facet normal -2.062460e-20 1.224626e-16 -1.000000e+00
      outer loop
         vertex 1.340216e+02 1.171545e+02 4.274840e+01
         vertex 1.345237e+02 1.200590e+02 4.274840e+01
         vertex 1.392716e+02 1.171545e+02 4.274840e+01
      endloop
   endfacet
   facet normal -2.062460e-20 1.224626e-16 -1.000000e+00
      outer loop
         vertex 1.392716e+02 1.171545e+02 4.274840e+01
         vertex 1.345237e+02 1.200590e+02 4.274840e+01
         vertex 1.351089e+02 1.203969e+02 4.274840e+01
      endloop
   endfacet
   facet normal -2.062460e-20 1.224626e-16 -1.000000e+00
      outer loop
         vertex 1.392716e+02 1.171545e+02 4.274840e+01
         vertex 1.351089e+02 1.203969e+02 4.274840e+01
         vertex 1.355061e+02 1.209436e+02 4.274840e+01
      endloop
   endfacet
   facet normal 6.844685e-16 -1.000000e+00 -1.224627e-16
      outer loop
         vertex 1.392716e+02 1.168545e+02 4.304840e+01
         vertex 1.392716e+02 1.168545e+02 5.884840e+01
         vertex 1.340216e+02 1.168545e+02 4.304840e+01
      endloop
   endfacet
   facet normal 6.844685e-16 -1.000000e+00 -1.224627e-16
      outer loop
         vertex 1.340216e+02 1.168545e+02 4.304840e+01
         vertex 1.392716e+02 1.168545e+02 5.884840e+01
         vertex 1.340216e+02 1.168545e+02 5.884840e+01
      endloop
   endfacet
   facet normal 4.999998e-01 8.660255e-01 1.060454e-16
      outer loop
         vertex 1.392716e+02 1.355582e+02 4.584840e+01
         vertex 1.392716e+02 1.355582e+02 4.304840e+01
         vertex 1.363966e+02 1.372181e+02 4.584840e+01
      endloop
   endfacet
   facet normal 4.999998e-01 8.660255e-01 1.060454e-16
      outer loop
         vertex 1.363966e+02 1.372181e+02 4.584840e+01
         vertex 1.392716e+02 1.355582e+02 4.304840e+01
         vertex 1.363966e+02 1.372181e+02 4.304840e+01
      endloop
   endfacet
   facet normal -9.932384e-01 1.160925e-01 1.423758e-17
      outer loop
         vertex 1.292716e+02 1.331045e+02 5.604840e+01
         vertex 1.292716e+02 1.331045e+02 5.884840e+01
         vertex 1.293996e+02 1.341999e+02 5.884840e+01
      endloop
   endfacet
   facet normal -9.932384e-01 1.160925e-01 1.423758e-17
      outer loop
         vertex 1.292716e+02 1.331045e+02 5.604840e+01
         vertex 1.293996e+02 1.341999e+02 5.884840e+01
         vertex 1.293996e+02 1.341999e+02 5.604840e+01
      endloop
   endfacet
   facet normal -9.396926e-01 3.420202e-01 4.190419e-17
      outer loop
         vertex 1.293996e+02 1.341999e+02 5.604840e+01
         vertex 1.293996e+02 1.341999e+02 5.884840e+01
         vertex 1.297768e+02 1.352363e+02 5.884840e+01
      endloop
   endfacet
   facet normal -9.396926e-01 3.420202e-01 4.190419e-17
      outer loop
         vertex 1.293996e+02 1.341999e+02 5.604840e+01
         vertex 1.297768e+02 1.352363e+02 5.884840e+01
         vertex 1.297768e+02 1.352363e+02 5.604840e+01
      endloop
   endfacet
   facet normal -8.354873e-01 5.495098e-01 6.731175e-17
      outer loop
         vertex 1.297768e+02 1.352363e+02 5.604840e+01
         vertex 1.297768e+02 1.352363e+02 5.884840e+01
         vertex 1.303829e+02 1.361578e+02 5.884840e+01
      endloop
   endfacet
   facet normal -8.354873e-01 5.495098e-01 6.731175e-17
      outer loop
         vertex 1.297768e+02 1.352363e+02 5.604840e+01
         vertex 1.303829e+02 1.361578e+02 5.884840e+01
         vertex 1.303829e+02 1.361578e+02 5.604840e+01
      endloop
   endfacet
   facet normal -6.862421e-01 7.273732e-01 8.909030e-17
      outer loop
         vertex 1.303829e+02 1.361578e+02 5.604840e+01
         vertex 1.303829e+02 1.361578e+02 5.884840e+01
         vertex 1.311851e+02 1.369146e+02 5.884840e+01
      endloop
   endfacet
   facet normal -6.862421e-01 7.273732e-01 8.909030e-17
      outer loop
         vertex 1.303829e+02 1.361578e+02 5.604840e+01
         vertex 1.311851e+02 1.369146e+02 5.884840e+01
         vertex 1.311851e+02 1.369146e+02 5.604840e+01
      endloop
   endfacet
   facet normal -5.000006e-01 8.660251e-01 1.060661e-16
      outer loop
         vertex 1.311851e+02 1.369146e+02 5.604840e+01
         vertex 1.311851e+02 1.369146e+02 5.884840e+01
         vertex 1.321402e+02 1.374660e+02 5.884840e+01
      endloop
   endfacet
   facet normal -5.000006e-01 8.660251e-01 1.060661e-16
      outer loop
         vertex 1.311851e+02 1.369146e+02 5.604840e+01
         vertex 1.321402e+02 1.374660e+02 5.884840e+01
         vertex 1.321402e+02 1.374660e+02 5.604840e+01
      endloop
   endfacet
   facet normal -2.868015e-01 9.579900e-01 1.173240e-16
      outer loop
         vertex 1.321402e+02 1.374660e+02 5.604840e+01
         vertex 1.321402e+02 1.374660e+02 5.884840e+01
         vertex 1.331967e+02 1.377823e+02 5.884840e+01
      endloop
   endfacet
   facet normal -2.868015e-01 9.579900e-01 1.173240e-16
      outer loop
         vertex 1.321402e+02 1.374660e+02 5.604840e+01
         vertex 1.331967e+02 1.377823e+02 5.884840e+01
         vertex 1.331967e+02 1.377823e+02 5.604840e+01
      endloop
   endfacet
   facet normal -5.814502e-02 9.983081e-01 1.222567e-16
      outer loop
         vertex 1.331967e+02 1.377823e+02 5.604840e+01
         vertex 1.331967e+02 1.377823e+02 5.884840e+01
         vertex 1.342978e+02 1.378465e+02 5.884840e+01
      endloop
   endfacet
   facet normal -5.814502e-02 9.983081e-01 1.222567e-16
      outer loop
         vertex 1.331967e+02 1.377823e+02 5.604840e+01
         vertex 1.342978e+02 1.378465e+02 5.884840e+01
         vertex 1.342978e+02 1.378465e+02 5.604840e+01
      endloop
   endfacet
   facet normal 1.736481e-01 9.848078e-01 1.205986e-16
      outer loop
         vertex 1.342978e+02 1.378465e+02 5.604840e+01
         vertex 1.342978e+02 1.378465e+02 5.884840e+01
         vertex 1.353839e+02 1.376550e+02 5.884840e+01
      endloop
   endfacet
   facet normal 1.736481e-01 9.848078e-01 1.205986e-16
      outer loop
         vertex 1.342978e+02 1.378465e+02 5.604840e+01
         vertex 1.353839e+02 1.376550e+02 5.884840e+01
         vertex 1.353839e+02 1.376550e+02 5.604840e+01
      endloop
   endfacet
   facet normal 3.960803e-01 9.182159e-01 1.124390e-16
      outer loop
         vertex 1.353839e+02 1.376550e+02 5.604840e+01
         vertex 1.353839e+02 1.376550e+02 5.884840e+01
         vertex 1.363966e+02 1.372181e+02 5.884840e+01
      endloop
   endfacet
   facet normal 3.960803e-01 9.182159e-01 1.124390e-16
      outer loop
         vertex 1.353839e+02 1.376550e+02 5.604840e+01
         vertex 1.363966e+02 1.372181e+02 5.884840e+01
         vertex 1.363966e+02 1.372181e+02 5.604840e+01
      endloop
   endfacet
   facet normal -1.000000e+00 -1.017535e-15 2.072492e-20
      outer loop
         vertex 1.292716e+02 1.331045e+02 4.584840e+01
         vertex 1.292716e+02 1.331045e+02 4.304840e+01
         vertex 1.292716e+02 1.243577e+02 4.584840e+01
      endloop
   endfacet
   facet normal -1.000000e+00 -1.017535e-15 2.072492e-20
      outer loop
         vertex 1.292716e+02 1.243577e+02 4.584840e+01
         vertex 1.292716e+02 1.331045e+02 4.304840e+01
         vertex 1.292716e+02 1.216045e+02 4.304840e+01
      endloop
   endfacet
   facet normal -1.000000e+00 -1.017535e-15 2.072492e-20
      outer loop
         vertex 1.292716e+02 1.243577e+02 4.584840e+01
         vertex 1.292716e+02 1.216045e+02 4.304840e+01
         vertex 1.292716e+02 1.243577e+02 5.604840e+01
      endloop
   endfacet
   facet normal -1.000000e+00 -1.017535e-15 2.072492e-20
      outer loop
         vertex 1.292716e+02 1.243577e+02 5.604840e+01
         vertex 1.292716e+02 1.216045e+02 4.304840e+01
         vertex 1.292716e+02 1.216045e+02 5.884840e+01
      endloop
   endfacet
   facet normal -1.000000e+00 -1.017535e-15 2.072492e-20
      outer loop
         vertex 1.292716e+02 1.243577e+02 5.604840e+01
         vertex 1.292716e+02 1.216045e+02 5.884840e+01
         vertex 1.292716e+02 1.331045e+02 5.604840e+01
      endloop
   endfacet
   facet normal -1.000000e+00 -1.017535e-15 2.072492e-20
      outer loop
         vertex 1.292716e+02 1.331045e+02 5.604840e+01
         vertex 1.292716e+02 1.216045e+02 5.884840e+01
         vertex 1.292716e+02 1.331045e+02 5.884840e+01
      endloop
   endfacet
   facet normal -1.119651e-01 -9.937121e-01 -1.216903e-16
      outer loop
         vertex 1.340216e+02 1.168545e+02 4.304840e+01
         vertex 1.340216e+02 1.168545e+02 5.884840e+01
         vertex 1.329646e+02 1.169736e+02 5.884840e+01
      endloop
   endfacet
   facet normal -1.119651e-01 -9.937121e-01 -1.216903e-16
      outer loop
         vertex 1.340216e+02 1.168545e+02 4.304840e+01
         vertex 1.329646e+02 1.169736e+02 5.884840e+01
         vertex 1.329646e+02 1.169736e+02 4.304840e+01
      endloop
   endfacet
   facet normal -3.302788e-01 -9.438834e-01 -1.155836e-16
      outer loop
         vertex 1.329646e+02 1.169736e+02 4.304840e+01
         vertex 1.329646e+02 1.169736e+02 5.884840e+01
         vertex 1.319606e+02 1.173249e+02 5.884840e+01
      endloop
   endfacet
   facet normal -3.302788e-01 -9.438834e-01 -1.155836e-16
      outer loop
         vertex 1.329646e+02 1.169736e+02 4.304840e+01
         vertex 1.319606e+02 1.173249e+02 5.884840e+01
         vertex 1.319606e+02 1.173249e+02 4.304840e+01
      endloop
   endfacet
   facet normal -5.320314e-01 -8.467246e-01 -1.036811e-16
      outer loop
         vertex 1.319606e+02 1.173249e+02 4.304840e+01
         vertex 1.319606e+02 1.173249e+02 5.884840e+01
         vertex 1.310600e+02 1.178908e+02 5.884840e+01
      endloop
   endfacet
   facet normal -5.320314e-01 -8.467246e-01 -1.036811e-16
      outer loop
         vertex 1.319606e+02 1.173249e+02 4.304840e+01
         vertex 1.310600e+02 1.178908e+02 5.884840e+01
         vertex 1.310600e+02 1.178908e+02 4.304840e+01
      endloop
   endfacet
   facet normal -7.071068e-01 -7.071068e-01 -8.657954e-17
      outer loop
         vertex 1.310600e+02 1.178908e+02 4.304840e+01
         vertex 1.310600e+02 1.178908e+02 5.884840e+01
         vertex 1.303079e+02 1.186429e+02 5.884840e+01
      endloop
   endfacet
   facet normal -7.071068e-01 -7.071068e-01 -8.657954e-17
      outer loop
         vertex 1.310600e+02 1.178908e+02 4.304840e+01
         vertex 1.303079e+02 1.186429e+02 5.884840e+01
         vertex 1.303079e+02 1.186429e+02 4.304840e+01
      endloop
   endfacet
   facet normal -8.467240e-01 -5.320325e-01 -6.513657e-17
      outer loop
         vertex 1.303079e+02 1.186429e+02 4.304840e+01
         vertex 1.303079e+02 1.186429e+02 5.884840e+01
         vertex 1.297420e+02 1.195436e+02 5.884840e+01
      endloop
   endfacet
   facet normal -8.467240e-01 -5.320325e-01 -6.513657e-17
      outer loop
         vertex 1.303079e+02 1.186429e+02 4.304840e+01
         vertex 1.297420e+02 1.195436e+02 5.884840e+01
         vertex 1.297420e+02 1.195436e+02 4.304840e+01
      endloop
   endfacet
   facet normal -9.438831e-01 -3.302796e-01 -4.042736e-17
      outer loop
         vertex 1.297420e+02 1.195436e+02 4.304840e+01
         vertex 1.297420e+02 1.195436e+02 5.884840e+01
         vertex 1.293907e+02 1.205475e+02 5.884840e+01
      endloop
   endfacet
   facet normal -9.438831e-01 -3.302796e-01 -4.042736e-17
      outer loop
         vertex 1.297420e+02 1.195436e+02 4.304840e+01
         vertex 1.293907e+02 1.205475e+02 5.884840e+01
         vertex 1.293907e+02 1.205475e+02 4.304840e+01
      endloop
   endfacet
   facet normal -9.937123e-01 -1.119640e-01 -1.369082e-17
      outer loop
         vertex 1.293907e+02 1.205475e+02 4.304840e+01
         vertex 1.293907e+02 1.205475e+02 5.884840e+01
         vertex 1.292716e+02 1.216045e+02 5.884840e+01
      endloop
   endfacet
   facet normal -9.937123e-01 -1.119640e-01 -1.369082e-17
      outer loop
         vertex 1.293907e+02 1.205475e+02 4.304840e+01
         vertex 1.292716e+02 1.216045e+02 5.884840e+01
         vertex 1.292716e+02 1.216045e+02 4.304840e+01
      endloop
   endfacet
   facet normal 1.000000e+00 1.017535e-15 -2.072492e-20
      outer loop
         vertex 1.392716e+02 1.355582e+02 4.304840e+01
         vertex 1.392716e+02 1.355582e+02 4.584840e+01
         vertex 1.392716e+02 1.352118e+02 4.274840e+01
      endloop
   endfacet
   facet normal 1.000000e+00 1.017535e-15 -2.072492e-20
      outer loop
         vertex 1.392716e+02 1.352118e+02 4.274840e+01
         vertex 1.392716e+02 1.355582e+02 4.584840e+01
         vertex 1.392716e+02 1.352118e+02 4.614840e+01
      endloop
   endfacet
   facet normal 1.000000e+00 1.017535e-15 -2.072492e-20
      outer loop
         vertex 1.392716e+02 1.352118e+02 4.274840e+01
         vertex 1.392716e+02 1.352118e+02 4.614840e+01
         vertex 1.392716e+02 1.301312e+02 4.614840e+01
      endloop
   endfacet
   facet normal 1.000000e+00 1.017535e-15 -2.072492e-20
      outer loop
         vertex 1.392716e+02 1.355582e+02 5.604840e+01
         vertex 1.392716e+02 1.355582e+02 5.884840e+01
         vertex 1.392716e+02 1.352118e+02 5.574840e+01
      endloop
   endfacet
   facet normal 1.000000e+00 1.017535e-15 -2.072492e-20
      outer loop
         vertex 1.392716e+02 1.352118e+02 5.574840e+01
         vertex 1.392716e+02 1.355582e+02 5.884840e+01
         vertex 1.392716e+02 1.352118e+02 5.914840e+01
      endloop
   endfacet
   facet normal 1.000000e+00 1.017535e-15 -2.072492e-20
      outer loop
         vertex 1.392716e+02 1.352118e+02 5.574840e+01
         vertex 1.392716e+02 1.352118e+02 5.914840e+01
         vertex 1.392716e+02 1.301312e+02 5.574840e+01
      endloop
   endfacet
   facet normal 1.000000e+00 1.017535e-15 -2.072492e-20
      outer loop
         vertex 1.392716e+02 1.301312e+02 5.574840e+01
         vertex 1.392716e+02 1.352118e+02 5.914840e+01
         vertex 1.392716e+02 1.171545e+02 5.914840e+01
      endloop
   endfacet
   facet normal 1.000000e+00 1.017535e-15 -2.072492e-20
      outer loop
         vertex 1.392716e+02 1.301312e+02 5.574840e+01
         vertex 1.392716e+02 1.171545e+02 5.914840e+01
         vertex 1.392716e+02 1.189545e+02 5.574840e+01
      endloop
   endfacet
   facet normal 1.000000e+00 1.017535e-15 -2.072492e-20
      outer loop
         vertex 1.392716e+02 1.189545e+02 5.574840e+01
         vertex 1.392716e+02 1.171545e+02 5.914840e+01
         vertex 1.392716e+02 1.168545e+02 5.884840e+01
      endloop
   endfacet
   facet normal 1.000000e+00 1.017535e-15 -2.072492e-20
      outer loop
         vertex 1.392716e+02 1.189545e+02 5.574840e+01
         vertex 1.392716e+02 1.168545e+02 5.884840e+01
         vertex 1.392716e+02 1.189545e+02 4.614840e+01
      endloop
   endfacet
   facet normal 1.000000e+00 1.017535e-15 -2.072492e-20
      outer loop
         vertex 1.392716e+02 1.189545e+02 4.614840e+01
         vertex 1.392716e+02 1.168545e+02 5.884840e+01
         vertex 1.392716e+02 1.168545e+02 4.304840e+01
      endloop
   endfacet
   facet normal 1.000000e+00 1.017535e-15 -2.072492e-20
      outer loop
         vertex 1.392716e+02 1.189545e+02 4.614840e+01
         vertex 1.392716e+02 1.168545e+02 4.304840e+01
         vertex 1.392716e+02 1.301312e+02 4.614840e+01
      endloop
   endfacet
   facet normal 1.000000e+00 1.017535e-15 -2.072492e-20
      outer loop
         vertex 1.392716e+02 1.301312e+02 4.614840e+01
         vertex 1.392716e+02 1.168545e+02 4.304840e+01
         vertex 1.392716e+02 1.171545e+02 4.274840e+01
      endloop
   endfacet
   facet normal 1.000000e+00 1.017535e-15 -2.072492e-20
      outer loop
         vertex 1.392716e+02 1.301312e+02 4.614840e+01
         vertex 1.392716e+02 1.171545e+02 4.274840e+01
         vertex 1.392716e+02 1.352118e+02 4.274840e+01
      endloop
   endfacet
   facet normal 4.999998e-01 8.660255e-01 1.060454e-16
      outer loop
         vertex 1.363966e+02 1.372181e+02 5.604840e+01
         vertex 1.363966e+02 1.372181e+02 5.884840e+01
         vertex 1.392716e+02 1.355582e+02 5.604840e+01
      endloop
   endfacet
   facet normal 4.999998e-01 8.660255e-01 1.060454e-16
      outer loop
         vertex 1.392716e+02 1.355582e+02 5.604840e+01
         vertex 1.363966e+02 1.372181e+02 5.884840e+01
         vertex 1.392716e+02 1.355582e+02 5.884840e+01
      endloop
   endfacet
   facet normal -9.932384e-01 1.160925e-01 1.423758e-17
      outer loop
         vertex 1.292716e+02 1.331045e+02 4.304840e+01
         vertex 1.292716e+02 1.331045e+02 4.584840e+01
         vertex 1.293996e+02 1.341999e+02 4.584840e+01
      endloop
   endfacet
   facet normal -9.932384e-01 1.160925e-01 1.423758e-17
      outer loop
         vertex 1.292716e+02 1.331045e+02 4.304840e+01
         vertex 1.293996e+02 1.341999e+02 4.584840e+01
         vertex 1.293996e+02 1.341999e+02 4.304840e+01
      endloop
   endfacet
   facet normal -9.396926e-01 3.420202e-01 4.190419e-17
      outer loop
         vertex 1.293996e+02 1.341999e+02 4.304840e+01
         vertex 1.293996e+02 1.341999e+02 4.584840e+01
         vertex 1.297768e+02 1.352363e+02 4.584840e+01
      endloop
   endfacet
   facet normal -9.396926e-01 3.420202e-01 4.190419e-17
      outer loop
         vertex 1.293996e+02 1.341999e+02 4.304840e+01
         vertex 1.297768e+02 1.352363e+02 4.584840e+01
         vertex 1.297768e+02 1.352363e+02 4.304840e+01
      endloop
   endfacet
   facet normal -8.354873e-01 5.495098e-01 6.731175e-17
      outer loop
         vertex 1.297768e+02 1.352363e+02 4.304840e+01
         vertex 1.297768e+02 1.352363e+02 4.584840e+01
         vertex 1.303829e+02 1.361578e+02 4.584840e+01
      endloop
   endfacet
   facet normal -8.354873e-01 5.495098e-01 6.731175e-17
      outer loop
         vertex 1.297768e+02 1.352363e+02 4.304840e+01
         vertex 1.303829e+02 1.361578e+02 4.584840e+01
         vertex 1.303829e+02 1.361578e+02 4.304840e+01
      endloop
   endfacet
   facet normal -6.862421e-01 7.273732e-01 8.909030e-17
      outer loop
         vertex 1.303829e+02 1.361578e+02 4.304840e+01
         vertex 1.303829e+02 1.361578e+02 4.584840e+01
         vertex 1.311851e+02 1.369146e+02 4.584840e+01
      endloop
   endfacet
   facet normal -6.862421e-01 7.273732e-01 8.909030e-17
      outer loop
         vertex 1.303829e+02 1.361578e+02 4.304840e+01
         vertex 1.311851e+02 1.369146e+02 4.584840e+01
         vertex 1.311851e+02 1.369146e+02 4.304840e+01
      endloop
   endfacet
   facet normal -5.000006e-01 8.660251e-01 1.060661e-16
      outer loop
         vertex 1.311851e+02 1.369146e+02 4.304840e+01
         vertex 1.311851e+02 1.369146e+02 4.584840e+01
         vertex 1.321402e+02 1.374660e+02 4.584840e+01
      endloop
   endfacet
   facet normal -5.000006e-01 8.660251e-01 1.060661e-16
      outer loop
         vertex 1.311851e+02 1.369146e+02 4.304840e+01
         vertex 1.321402e+02 1.374660e+02 4.584840e+01
         vertex 1.321402e+02 1.374660e+02 4.304840e+01
      endloop
   endfacet
   facet normal -2.868015e-01 9.579900e-01 1.173240e-16
      outer loop
         vertex 1.321402e+02 1.374660e+02 4.304840e+01
         vertex 1.321402e+02 1.374660e+02 4.584840e+01
         vertex 1.331967e+02 1.377823e+02 4.584840e+01
      endloop
   endfacet
   facet normal -2.868015e-01 9.579900e-01 1.173240e-16
      outer loop
         vertex 1.321402e+02 1.374660e+02 4.304840e+01
         vertex 1.331967e+02 1.377823e+02 4.584840e+01
         vertex 1.331967e+02 1.377823e+02 4.304840e+01
      endloop
   endfacet
   facet normal -5.814502e-02 9.983081e-01 1.222567e-16
      outer loop
         vertex 1.331967e+02 1.377823e+02 4.304840e+01
         vertex 1.331967e+02 1.377823e+02 4.584840e+01
         vertex 1.342978e+02 1.378465e+02 4.584840e+01
      endloop
   endfacet
   facet normal -5.814502e-02 9.983081e-01 1.222567e-16
      outer loop
         vertex 1.331967e+02 1.377823e+02 4.304840e+01
         vertex 1.342978e+02 1.378465e+02 4.584840e+01
         vertex 1.342978e+02 1.378465e+02 4.304840e+01
      endloop
   endfacet
   facet normal 1.736481e-01 9.848078e-01 1.205986e-16
      outer loop
         vertex 1.342978e+02 1.378465e+02 4.304840e+01
         vertex 1.342978e+02 1.378465e+02 4.584840e+01
         vertex 1.353839e+02 1.376550e+02 4.584840e+01
      endloop
   endfacet
   facet normal 1.736481e-01 9.848078e-01 1.205986e-16
      outer loop
         vertex 1.342978e+02 1.378465e+02 4.304840e+01
         vertex 1.353839e+02 1.376550e+02 4.584840e+01
         vertex 1.353839e+02 1.376550e+02 4.304840e+01
      endloop
   endfacet
   facet normal 3.960803e-01 9.182159e-01 1.124390e-16
      outer loop
         vertex 1.353839e+02 1.376550e+02 4.304840e+01
         vertex 1.353839e+02 1.376550e+02 4.584840e+01
         vertex 1.363966e+02 1.372181e+02 4.584840e+01
      endloop
   endfacet
   facet normal 3.960803e-01 9.182159e-01 1.124390e-16
      outer loop
         vertex 1.353839e+02 1.376550e+02 4.304840e+01
         vertex 1.363966e+02 1.372181e+02 4.584840e+01
         vertex 1.363966e+02 1.372181e+02 4.304840e+01
      endloop
   endfacet
endsolid TRY2_ASS - Distal_Rod-1