solid TRY2_ASS - Distal_Shell-1
   facet normal -6.582415e-01 -7.491206e-01 -7.440683e-02
      outer loop
         vertex 1.412626e+02 1.846221e+01 4.254840e+01
         vertex 1.413315e+02 1.840159e+01 4.254840e+01
         vertex 1.412851e+02 1.840125e+01 4.296238e+01
      endloop
   endfacet
   facet normal -6.602314e-01 -7.473453e-01 -7.462837e-02
      outer loop
         vertex 1.412851e+02 1.840125e+01 4.296238e+01
         vertex 1.413315e+02 1.840159e+01 4.254840e+01
         vertex 1.413312e+02 1.838118e+01 4.275558e+01
      endloop
   endfacet
   facet normal -5.659380e-01 -8.231491e-01 -4.625792e-02
      outer loop
         vertex 1.412851e+02 1.840125e+01 4.296238e+01
         vertex 1.413312e+02 1.838118e+01 4.275558e+01
         vertex 1.413262e+02 1.837293e+01 4.296353e+01
      endloop
   endfacet
   facet normal -7.637681e-01 -6.433058e-01 -5.306625e-02
      outer loop
         vertex 1.412851e+02 1.840125e+01 4.296238e+01
         vertex 1.412484e+02 1.844491e+01 4.296154e+01
         vertex 1.412626e+02 1.846221e+01 4.254840e+01
      endloop
   endfacet
   facet normal -9.207431e-01 -3.872403e-01 -4.771851e-02
      outer loop
         vertex 1.412626e+02 1.846221e+01 4.254840e+01
         vertex 1.412484e+02 1.844491e+01 4.296154e+01
         vertex 1.412240e+02 1.850306e+01 4.296129e+01
      endloop
   endfacet
   facet normal -9.284373e-01 -3.680633e-01 -5.033488e-02
      outer loop
         vertex 1.412626e+02 1.846221e+01 4.254840e+01
         vertex 1.412240e+02 1.850306e+01 4.296129e+01
         vertex 1.412245e+02 1.855829e+01 4.254840e+01
      endloop
   endfacet
   facet normal -9.973177e-01 -7.238449e-02 -1.086200e-02
      outer loop
         vertex 1.412245e+02 1.855829e+01 4.254840e+01
         vertex 1.412240e+02 1.850306e+01 4.296129e+01
         vertex 1.412191e+02 1.856945e+01 4.296181e+01
      endloop
   endfacet
   facet normal -9.961909e-01 8.587853e-02 -1.511883e-02
      outer loop
         vertex 1.412245e+02 1.855829e+01 4.254840e+01
         vertex 1.412191e+02 1.856945e+01 4.296181e+01
         vertex 1.412314e+02 1.863889e+01 4.254840e+01
      endloop
   endfacet
   facet normal -4.027374e-01 9.148092e-01 3.044088e-02
      outer loop
         vertex 1.413156e+02 1.872218e+01 4.296680e+01
         vertex 1.413612e+02 1.874223e+01 4.296862e+01
         vertex 1.413662e+02 1.875141e+01 4.275801e+01
      endloop
   endfacet
   facet normal -9.659257e-01 2.583986e-01 1.475528e-02
      outer loop
         vertex 1.412191e+02 1.856945e+01 4.296181e+01
         vertex 1.412364e+02 1.863374e+01 4.296309e+01
         vertex 1.412314e+02 1.863889e+01 4.254840e+01
      endloop
   endfacet
   facet normal -8.326587e-01 5.535310e-01 1.682327e-02
      outer loop
         vertex 1.412314e+02 1.863889e+01 4.254840e+01
         vertex 1.412364e+02 1.863374e+01 4.296309e+01
         vertex 1.412713e+02 1.868623e+01 4.296487e+01
      endloop
   endfacet
   facet normal -8.589052e-01 5.115669e-01 2.410745e-02
      outer loop
         vertex 1.412314e+02 1.863889e+01 4.254840e+01
         vertex 1.412713e+02 1.868623e+01 4.296487e+01
         vertex 1.412809e+02 1.872192e+01 4.254840e+01
      endloop
   endfacet
   facet normal -6.308710e-01 7.741531e-01 5.185322e-02
      outer loop
         vertex 1.412809e+02 1.872192e+01 4.254840e+01
         vertex 1.412713e+02 1.868623e+01 4.296487e+01
         vertex 1.413156e+02 1.872218e+01 4.296680e+01
      endloop
   endfacet
   facet normal -5.657199e-01 8.232899e-01 4.641895e-02
      outer loop
         vertex 1.412809e+02 1.872192e+01 4.254840e+01
         vertex 1.413156e+02 1.872218e+01 4.296680e+01
         vertex 1.413485e+02 1.876840e+01 4.254840e+01
      endloop
   endfacet
   facet normal -1.767414e-01 9.797276e-01 9.432053e-02
      outer loop
         vertex 1.413485e+02 1.876840e+01 4.254840e+01
         vertex 1.413156e+02 1.872218e+01 4.296680e+01
         vertex 1.413662e+02 1.875141e+01 4.275801e+01
      endloop
   endfacet
   facet normal -3.289632e-01 9.386173e-01 1.038310e-01
      outer loop
         vertex 1.413485e+02 1.876840e+01 4.254840e+01
         vertex 1.413662e+02 1.875141e+01 4.275801e+01
         vertex 1.413657e+02 1.877443e+01 4.254840e+01
      endloop
   endfacet
   facet normal -5.019752e-01 8.648713e-01 -4.304995e-03
      outer loop
         vertex 1.412777e+02 1.869435e+01 4.309085e+01
         vertex 1.413591e+02 1.874159e+01 4.309085e+01
         vertex 1.413612e+02 1.874223e+01 4.296862e+01
      endloop
   endfacet
   facet normal -4.032897e-01 9.114446e-01 8.140101e-02
      outer loop
         vertex 1.413612e+02 1.874223e+01 4.296862e+01
         vertex 1.413156e+02 1.872218e+01 4.296680e+01
         vertex 1.412777e+02 1.869435e+01 4.309085e+01
      endloop
   endfacet
   facet normal -6.297772e-01 7.765670e-01 -1.801342e-02
      outer loop
         vertex 1.412777e+02 1.869435e+01 4.309085e+01
         vertex 1.413156e+02 1.872218e+01 4.296680e+01
         vertex 1.412713e+02 1.868623e+01 4.296487e+01
      endloop
   endfacet
   facet normal -8.419515e-01 5.394933e-01 8.044074e-03
      outer loop
         vertex 1.412777e+02 1.869435e+01 4.309085e+01
         vertex 1.412713e+02 1.868623e+01 4.296487e+01
         vertex 1.412269e+02 1.861510e+01 4.309085e+01
      endloop
   endfacet
   facet normal -8.326601e-01 5.534515e-01 1.919823e-02
      outer loop
         vertex 1.412269e+02 1.861510e+01 4.309085e+01
         vertex 1.412713e+02 1.868623e+01 4.296487e+01
         vertex 1.412364e+02 1.863374e+01 4.296309e+01
      endloop
   endfacet
   facet normal -9.764536e-01 2.117364e-01 -4.130503e-02
      outer loop
         vertex 1.412269e+02 1.861510e+01 4.309085e+01
         vertex 1.412364e+02 1.863374e+01 4.296309e+01
         vertex 1.412169e+02 1.856878e+01 4.309085e+01
      endloop
   endfacet
   facet normal -9.657612e-01 2.589596e-01 -1.566204e-02
      outer loop
         vertex 1.412169e+02 1.856878e+01 4.309085e+01
         vertex 1.412364e+02 1.863374e+01 4.296309e+01
         vertex 1.412191e+02 1.856945e+01 4.296181e+01
      endloop
   endfacet
   facet normal -9.995555e-01 -2.396921e-02 -1.772745e-02
      outer loop
         vertex 1.412169e+02 1.856878e+01 4.309085e+01
         vertex 1.412191e+02 1.856945e+01 4.296181e+01
         vertex 1.412180e+02 1.852140e+01 4.309085e+01
      endloop
   endfacet
   facet normal -9.967568e-01 -7.214836e-02 -3.564445e-02
      outer loop
         vertex 1.412180e+02 1.852140e+01 4.309085e+01
         vertex 1.412191e+02 1.856945e+01 4.296181e+01
         vertex 1.412240e+02 1.850306e+01 4.296129e+01
      endloop
   endfacet
   facet normal -9.285165e-01 -3.711612e-01 9.816832e-03
      outer loop
         vertex 1.412180e+02 1.852140e+01 4.309085e+01
         vertex 1.412240e+02 1.850306e+01 4.296129e+01
         vertex 1.412529e+02 1.843400e+01 4.309085e+01
      endloop
   endfacet
   facet normal -5.670954e-01 -8.235281e-01 -1.429026e-02
      outer loop
         vertex 1.413262e+02 1.837293e+01 4.296353e+01
         vertex 1.413240e+02 1.837226e+01 4.309085e+01
         vertex 1.412851e+02 1.840125e+01 4.296238e+01
      endloop
   endfacet
   facet normal -6.557035e-01 -7.544962e-01 2.807975e-02
      outer loop
         vertex 1.412851e+02 1.840125e+01 4.296238e+01
         vertex 1.413240e+02 1.837226e+01 4.309085e+01
         vertex 1.412529e+02 1.843400e+01 4.309085e+01
      endloop
   endfacet
   facet normal -7.647983e-01 -6.436822e-01 -2.751062e-02
      outer loop
         vertex 1.412851e+02 1.840125e+01 4.296238e+01
         vertex 1.412529e+02 1.843400e+01 4.309085e+01
         vertex 1.412484e+02 1.844491e+01 4.296154e+01
      endloop
   endfacet
   facet normal -9.218669e-01 -3.875065e-01 -3.828292e-04
      outer loop
         vertex 1.412484e+02 1.844491e+01 4.296154e+01
         vertex 1.412529e+02 1.843400e+01 4.309085e+01
         vertex 1.412240e+02 1.850306e+01 4.296129e+01
      endloop
   endfacet
   facet normal -5.019799e-01 8.648793e-01 0.000000e+00
      outer loop
         vertex 1.413591e+02 1.874159e+01 5.880596e+01
         vertex 1.413591e+02 1.874159e+01 4.309085e+01
         vertex 1.412777e+02 1.869435e+01 4.309085e+01
      endloop
   endfacet
   facet normal -5.019799e-01 8.648793e-01 0.000000e+00
      outer loop
         vertex 1.413591e+02 1.874159e+01 5.880596e+01
         vertex 1.412777e+02 1.869435e+01 4.309085e+01
         vertex 1.412777e+02 1.869435e+01 5.880596e+01
      endloop
   endfacet
   facet normal -8.419787e-01 5.395107e-01 0.000000e+00
      outer loop
         vertex 1.412777e+02 1.869435e+01 5.880596e+01
         vertex 1.412777e+02 1.869435e+01 4.309085e+01
         vertex 1.412269e+02 1.861510e+01 4.309085e+01
      endloop
   endfacet
   facet normal -8.419787e-01 5.395107e-01 0.000000e+00
      outer loop
         vertex 1.412777e+02 1.869435e+01 5.880596e+01
         vertex 1.412269e+02 1.861510e+01 4.309085e+01
         vertex 1.412269e+02 1.861510e+01 5.880596e+01
      endloop
   endfacet
   facet normal -9.772876e-01 2.119173e-01 0.000000e+00
      outer loop
         vertex 1.412269e+02 1.861510e+01 5.880596e+01
         vertex 1.412269e+02 1.861510e+01 4.309085e+01
         vertex 1.412169e+02 1.856878e+01 5.880596e+01
      endloop
   endfacet
   facet normal -9.772876e-01 2.119173e-01 0.000000e+00
      outer loop
         vertex 1.412169e+02 1.856878e+01 5.880596e+01
         vertex 1.412269e+02 1.861510e+01 4.309085e+01
         vertex 1.412169e+02 1.856878e+01 4.309085e+01
      endloop
   endfacet
   facet normal -9.997126e-01 -2.397298e-02 -0.000000e+00
      outer loop
         vertex 1.412169e+02 1.856878e+01 5.880596e+01
         vertex 1.412169e+02 1.856878e+01 4.309085e+01
         vertex 1.412180e+02 1.852140e+01 5.880596e+01
      endloop
   endfacet
   facet normal -9.997126e-01 -2.397298e-02 0.000000e+00
      outer loop
         vertex 1.412169e+02 1.856878e+01 4.309085e+01
         vertex 1.412180e+02 1.852140e+01 4.309085e+01
         vertex 1.412180e+02 1.852140e+01 5.880596e+01
      endloop
   endfacet
   facet normal -9.285613e-01 -3.711791e-01 -0.000000e+00
      outer loop
         vertex 1.412180e+02 1.852140e+01 5.880596e+01
         vertex 1.412180e+02 1.852140e+01 4.309085e+01
         vertex 1.412529e+02 1.843400e+01 4.309085e+01
      endloop
   endfacet
   facet normal -9.285613e-01 -3.711791e-01 0.000000e+00
      outer loop
         vertex 1.412180e+02 1.852140e+01 5.880596e+01
         vertex 1.412529e+02 1.843400e+01 4.309085e+01
         vertex 1.412529e+02 1.843400e+01 5.880596e+01
      endloop
   endfacet
   facet normal -6.559621e-01 -7.547938e-01 -0.000000e+00
      outer loop
         vertex 1.412529e+02 1.843400e+01 5.880596e+01
         vertex 1.412529e+02 1.843400e+01 4.309085e+01
         vertex 1.413240e+02 1.837226e+01 4.309085e+01
      endloop
   endfacet
   facet normal -6.559621e-01 -7.547938e-01 0.000000e+00
      outer loop
         vertex 1.412529e+02 1.843400e+01 5.880596e+01
         vertex 1.413240e+02 1.837226e+01 4.309085e+01
         vertex 1.413240e+02 1.837226e+01 5.880596e+01
      endloop
   endfacet
   facet normal -6.558834e-01 -7.547032e-01 1.549475e-02
      outer loop
         vertex 1.412529e+02 1.843400e+01 5.880596e+01
         vertex 1.413240e+02 1.837226e+01 5.880596e+01
         vertex 1.413262e+02 1.837293e+01 5.893328e+01
      endloop
   endfacet
   facet normal -5.015622e-01 8.641596e-01 -4.078713e-02
      outer loop
         vertex 1.412777e+02 1.869435e+01 5.880596e+01
         vertex 1.413156e+02 1.872218e+01 5.893001e+01
         vertex 1.413591e+02 1.874159e+01 5.880596e+01
      endloop
   endfacet
   facet normal -4.018304e-01 9.157113e-01 2.281890e-03
      outer loop
         vertex 1.413591e+02 1.874159e+01 5.880596e+01
         vertex 1.413156e+02 1.872218e+01 5.893001e+01
         vertex 1.413612e+02 1.874223e+01 5.892819e+01
      endloop
   endfacet
   facet normal -5.674214e-01 -8.206908e-01 -6.707832e-02
      outer loop
         vertex 1.413262e+02 1.837293e+01 5.893328e+01
         vertex 1.412851e+02 1.840125e+01 5.893443e+01
         vertex 1.412529e+02 1.843400e+01 5.880596e+01
      endloop
   endfacet
   facet normal -7.647983e-01 -6.436822e-01 2.751062e-02
      outer loop
         vertex 1.412529e+02 1.843400e+01 5.880596e+01
         vertex 1.412851e+02 1.840125e+01 5.893443e+01
         vertex 1.412484e+02 1.844491e+01 5.893527e+01
      endloop
   endfacet
   facet normal -9.285606e-01 -3.711788e-01 -1.229882e-03
      outer loop
         vertex 1.412529e+02 1.843400e+01 5.880596e+01
         vertex 1.412484e+02 1.844491e+01 5.893527e+01
         vertex 1.412180e+02 1.852140e+01 5.880596e+01
      endloop
   endfacet
   facet normal -9.218157e-01 -3.874291e-01 -1.242764e-02
      outer loop
         vertex 1.412180e+02 1.852140e+01 5.880596e+01
         vertex 1.412484e+02 1.844491e+01 5.893527e+01
         vertex 1.412240e+02 1.850306e+01 5.893552e+01
      endloop
   endfacet
   facet normal -9.988068e-01 -2.395126e-02 4.256051e-02
      outer loop
         vertex 1.412180e+02 1.852140e+01 5.880596e+01
         vertex 1.412240e+02 1.850306e+01 5.893552e+01
         vertex 1.412169e+02 1.856878e+01 5.880596e+01
      endloop
   endfacet
   facet normal -9.972200e-01 -7.232162e-02 1.793759e-02
      outer loop
         vertex 1.412169e+02 1.856878e+01 5.880596e+01
         vertex 1.412240e+02 1.850306e+01 5.893552e+01
         vertex 1.412191e+02 1.856945e+01 5.893500e+01
      endloop
   endfacet
   facet normal -9.771608e-01 2.118898e-01 1.610739e-02
      outer loop
         vertex 1.412169e+02 1.856878e+01 5.880596e+01
         vertex 1.412191e+02 1.856945e+01 5.893500e+01
         vertex 1.412269e+02 1.861510e+01 5.880596e+01
      endloop
   endfacet
   facet normal -9.652467e-01 2.591776e-01 3.355271e-02
      outer loop
         vertex 1.412269e+02 1.861510e+01 5.880596e+01
         vertex 1.412191e+02 1.856945e+01 5.893500e+01
         vertex 1.412364e+02 1.863374e+01 5.893372e+01
      endloop
   endfacet
   facet normal -8.418645e-01 5.394375e-01 -1.647239e-02
      outer loop
         vertex 1.412269e+02 1.861510e+01 5.880596e+01
         vertex 1.412364e+02 1.863374e+01 5.893372e+01
         vertex 1.412777e+02 1.869435e+01 5.880596e+01
      endloop
   endfacet
   facet normal -8.325991e-01 5.538363e-01 -6.644701e-03
      outer loop
         vertex 1.412777e+02 1.869435e+01 5.880596e+01
         vertex 1.412364e+02 1.863374e+01 5.893372e+01
         vertex 1.412713e+02 1.868623e+01 5.893194e+01
      endloop
   endfacet
   facet normal -6.297772e-01 7.765670e-01 1.801342e-02
      outer loop
         vertex 1.412777e+02 1.869435e+01 5.880596e+01
         vertex 1.412713e+02 1.868623e+01 5.893194e+01
         vertex 1.413156e+02 1.872218e+01 5.893001e+01
      endloop
   endfacet
   facet normal -4.027374e-01 9.148092e-01 -3.044088e-02
      outer loop
         vertex 1.413612e+02 1.874223e+01 5.892819e+01
         vertex 1.413156e+02 1.872218e+01 5.893001e+01
         vertex 1.413662e+02 1.875141e+01 5.913880e+01
      endloop
   endfacet
   facet normal -3.752905e-01 9.261000e-01 -3.867593e-02
      outer loop
         vertex 1.413662e+02 1.875141e+01 5.913880e+01
         vertex 1.413156e+02 1.872218e+01 5.893001e+01
         vertex 1.412875e+02 1.872826e+01 5.934840e+01
      endloop
   endfacet
   facet normal -5.058522e-01 8.573386e-01 -9.531067e-02
      outer loop
         vertex 1.413662e+02 1.875141e+01 5.913880e+01
         vertex 1.412875e+02 1.872826e+01 5.934840e+01
         vertex 1.413657e+02 1.877443e+01 5.934840e+01
      endloop
   endfacet
   facet normal -6.308586e-01 7.740417e-01 -5.363667e-02
      outer loop
         vertex 1.413156e+02 1.872218e+01 5.893001e+01
         vertex 1.412713e+02 1.868623e+01 5.893194e+01
         vertex 1.412875e+02 1.872826e+01 5.934840e+01
      endloop
   endfacet
   facet normal -8.326507e-01 5.532986e-01 -2.352553e-02
      outer loop
         vertex 1.412875e+02 1.872826e+01 5.934840e+01
         vertex 1.412713e+02 1.868623e+01 5.893194e+01
         vertex 1.412364e+02 1.863374e+01 5.893372e+01
      endloop
   endfacet
   facet normal -8.443277e-01 5.355235e-01 -1.803532e-02
      outer loop
         vertex 1.412875e+02 1.872826e+01 5.934840e+01
         vertex 1.412364e+02 1.863374e+01 5.893372e+01
         vertex 1.412323e+02 1.864132e+01 5.934840e+01
      endloop
   endfacet
   facet normal -9.659310e-01 2.584119e-01 -1.416164e-02
      outer loop
         vertex 1.412323e+02 1.864132e+01 5.934840e+01
         vertex 1.412364e+02 1.863374e+01 5.893372e+01
         vertex 1.412191e+02 1.856945e+01 5.893500e+01
      endloop
   endfacet
   facet normal -9.953030e-01 9.562798e-02 1.507215e-02
      outer loop
         vertex 1.412323e+02 1.864132e+01 5.934840e+01
         vertex 1.412191e+02 1.856945e+01 5.893500e+01
         vertex 1.412243e+02 1.855823e+01 5.934840e+01
      endloop
   endfacet
   facet normal -6.663353e-01 -7.431458e-01 6.108622e-02
      outer loop
         vertex 1.412996e+02 1.842234e+01 5.934840e+01
         vertex 1.412838e+02 1.843647e+01 5.934840e+01
         vertex 1.412851e+02 1.840125e+01 5.893443e+01
      endloop
   endfacet
   facet normal -7.807423e-01 -6.228107e-01 5.048055e-02
      outer loop
         vertex 1.412851e+02 1.840125e+01 5.893443e+01
         vertex 1.412838e+02 1.843647e+01 5.934840e+01
         vertex 1.412570e+02 1.847007e+01 5.934840e+01
      endloop
   endfacet
   facet normal -7.636676e-01 -6.432592e-01 5.504041e-02
      outer loop
         vertex 1.412851e+02 1.840125e+01 5.893443e+01
         vertex 1.412570e+02 1.847007e+01 5.934840e+01
         vertex 1.412484e+02 1.844491e+01 5.893527e+01
      endloop
   endfacet
   facet normal -9.368974e-01 -3.472366e-01 4.062086e-02
      outer loop
         vertex 1.412484e+02 1.844491e+01 5.893527e+01
         vertex 1.412570e+02 1.847007e+01 5.934840e+01
         vertex 1.412243e+02 1.855823e+01 5.934840e+01
      endloop
   endfacet
   facet normal -9.205132e-01 -3.871646e-01 5.252721e-02
      outer loop
         vertex 1.412484e+02 1.844491e+01 5.893527e+01
         vertex 1.412243e+02 1.855823e+01 5.934840e+01
         vertex 1.412240e+02 1.850306e+01 5.893552e+01
      endloop
   endfacet
   facet normal -9.973210e-01 -7.238731e-02 1.053568e-02
      outer loop
         vertex 1.412240e+02 1.850306e+01 5.893552e+01
         vertex 1.412243e+02 1.855823e+01 5.934840e+01
         vertex 1.412191e+02 1.856945e+01 5.893500e+01
      endloop
   endfacet
   facet normal -5.659380e-01 -8.231491e-01 4.625792e-02
      outer loop
         vertex 1.412851e+02 1.840125e+01 5.893443e+01
         vertex 1.413262e+02 1.837293e+01 5.893328e+01
         vertex 1.413312e+02 1.838118e+01 5.914123e+01
      endloop
   endfacet
   facet normal -5.789842e-01 -8.130082e-01 6.160391e-02
      outer loop
         vertex 1.412996e+02 1.842234e+01 5.934840e+01
         vertex 1.412851e+02 1.840125e+01 5.893443e+01
         vertex 1.413169e+02 1.841001e+01 5.934840e+01
      endloop
   endfacet
   facet normal -6.274184e-01 -7.760035e-01 6.453461e-02
      outer loop
         vertex 1.413169e+02 1.841001e+01 5.934840e+01
         vertex 1.412851e+02 1.840125e+01 5.893443e+01
         vertex 1.413312e+02 1.838118e+01 5.914123e+01
      endloop
   endfacet
   facet normal -4.960433e-01 -8.640401e-01 8.588236e-02
      outer loop
         vertex 1.413169e+02 1.841001e+01 5.934840e+01
         vertex 1.413312e+02 1.838118e+01 5.914123e+01
         vertex 1.413315e+02 1.840159e+01 5.934840e+01
      endloop
   endfacet
   facet normal -4.467176e-01 8.903381e-01 -8.798547e-02
      outer loop
         vertex 1.573710e+02 2.511626e+01 5.772968e+01
         vertex 1.573088e+02 2.503450e+01 5.721833e+01
         vertex 1.550975e+02 2.396490e+01 5.762221e+01
      endloop
   endfacet
   facet normal -4.692044e-01 8.791371e-01 -8.345720e-02
      outer loop
         vertex 1.573088e+02 2.503450e+01 5.721833e+01
         vertex 1.573710e+02 2.511626e+01 5.772968e+01
         vertex 1.593737e+02 2.609600e+01 5.679106e+01
      endloop
   endfacet
   facet normal -4.689872e-01 8.793143e-01 -8.280879e-02
      outer loop
         vertex 1.593737e+02 2.609600e+01 5.679106e+01
         vertex 1.573710e+02 2.511626e+01 5.772968e+01
         vertex 1.593737e+02 2.614330e+01 5.729332e+01
      endloop
   endfacet
   facet normal -4.847056e-01 8.363642e-01 -2.560378e-01
      outer loop
         vertex 1.593737e+02 2.614330e+01 5.729332e+01
         vertex 1.573710e+02 2.511626e+01 5.772968e+01
         vertex 1.573907e+02 2.528735e+01 5.825129e+01
      endloop
   endfacet
   facet normal -4.817823e-01 8.411330e-01 -2.457257e-01
      outer loop
         vertex 1.593737e+02 2.614330e+01 5.729332e+01
         vertex 1.573907e+02 2.528735e+01 5.825129e+01
         vertex 1.593737e+02 2.628486e+01 5.777788e+01
      endloop
   endfacet
   facet normal -4.862813e-01 7.767181e-01 -4.002992e-01
      outer loop
         vertex 1.593737e+02 2.628486e+01 5.777788e+01
         vertex 1.573907e+02 2.528735e+01 5.825129e+01
         vertex 1.593737e+02 2.651436e+01 5.822320e+01
      endloop
   endfacet
   facet normal -4.798083e-01 7.656111e-01 -4.285133e-01
      outer loop
         vertex 1.593737e+02 2.651436e+01 5.822320e+01
         vertex 1.573907e+02 2.528735e+01 5.825129e+01
         vertex 1.573608e+02 2.555069e+01 5.875532e+01
      endloop
   endfacet
   facet normal -4.780573e-01 7.239160e-01 -4.974001e-01
      outer loop
         vertex 1.593737e+02 2.651436e+01 5.822320e+01
         vertex 1.573608e+02 2.555069e+01 5.875532e+01
         vertex 1.593737e+02 2.660117e+01 5.834954e+01
      endloop
   endfacet
   facet normal -4.640602e-01 6.617889e-01 -5.887984e-01
      outer loop
         vertex 1.593737e+02 2.660117e+01 5.834954e+01
         vertex 1.573608e+02 2.555069e+01 5.875532e+01
         vertex 1.572787e+02 2.589921e+01 5.921175e+01
      endloop
   endfacet
   facet normal -4.640995e-01 6.613804e-01 -5.892264e-01
      outer loop
         vertex 1.593737e+02 2.660117e+01 5.834954e+01
         vertex 1.572787e+02 2.589921e+01 5.921175e+01
         vertex 1.593267e+02 2.690016e+01 5.872217e+01
      endloop
   endfacet
   facet normal -4.335688e-01 5.310183e-01 -7.280368e-01
      outer loop
         vertex 1.593267e+02 2.690016e+01 5.872217e+01
         vertex 1.572787e+02 2.589921e+01 5.921175e+01
         vertex 1.571476e+02 2.631575e+01 5.959364e+01
      endloop
   endfacet
   facet normal -4.327895e-01 5.584379e-01 -7.077007e-01
      outer loop
         vertex 1.593267e+02 2.690016e+01 5.872217e+01
         vertex 1.571476e+02 2.631575e+01 5.959364e+01
         vertex 1.591873e+02 2.723768e+01 5.907375e+01
      endloop
   endfacet
   facet normal -3.866769e-01 3.822188e-01 -8.392793e-01
      outer loop
         vertex 1.591873e+02 2.723768e+01 5.907375e+01
         vertex 1.571476e+02 2.631575e+01 5.959364e+01
         vertex 1.569760e+02 2.677572e+01 5.988219e+01
      endloop
   endfacet
   facet normal -3.879926e-01 4.402813e-01 -8.097000e-01
      outer loop
         vertex 1.591873e+02 2.723768e+01 5.907375e+01
         vertex 1.569760e+02 2.677572e+01 5.988219e+01
         vertex 1.589580e+02 2.760994e+01 5.938607e+01
      endloop
   endfacet
   facet normal -3.541967e-01 3.186478e-01 -8.792089e-01
      outer loop
         vertex 1.589580e+02 2.760994e+01 5.938607e+01
         vertex 1.569760e+02 2.677572e+01 5.988219e+01
         vertex 1.587759e+02 2.785408e+01 5.954790e+01
      endloop
   endfacet
   facet normal -3.104867e-01 2.325160e-01 -9.217019e-01
      outer loop
         vertex 1.587759e+02 2.785408e+01 5.954790e+01
         vertex 1.569760e+02 2.677572e+01 5.988219e+01
         vertex 1.567759e+02 2.725173e+01 6.006965e+01
      endloop
   endfacet
   facet normal -3.157249e-01 2.571508e-01 -9.133407e-01
      outer loop
         vertex 1.587759e+02 2.785408e+01 5.954790e+01
         vertex 1.567759e+02 2.725173e+01 6.006965e+01
         vertex 1.586845e+02 2.796791e+01 5.961155e+01
      endloop
   endfacet
   facet normal -2.314545e-01 6.354009e-02 -9.707685e-01
      outer loop
         vertex 1.557711e+02 2.734081e+01 6.031506e+01
         vertex 1.581970e+02 2.852660e+01 5.981429e+01
         vertex 1.567759e+02 2.725173e+01 6.006965e+01
      endloop
   endfacet
   facet normal -2.198441e-01 4.989968e-02 -9.742580e-01
      outer loop
         vertex 1.567759e+02 2.725173e+01 6.006965e+01
         vertex 1.581970e+02 2.852660e+01 5.981429e+01
         vertex 1.583648e+02 2.834013e+01 5.976687e+01
      endloop
   endfacet
   facet normal -2.839992e-01 1.511850e-01 -9.468303e-01
      outer loop
         vertex 1.567759e+02 2.725173e+01 6.006965e+01
         vertex 1.583648e+02 2.834013e+01 5.976687e+01
         vertex 1.586845e+02 2.796791e+01 5.961155e+01
      endloop
   endfacet
   facet normal -2.036842e-01 6.518728e-02 -9.768640e-01
      outer loop
         vertex 1.545523e+02 2.620566e+01 6.049345e+01
         vertex 1.533228e+02 2.622485e+01 6.075107e+01
         vertex 1.557711e+02 2.734081e+01 6.031506e+01
      endloop
   endfacet
   facet normal -1.755819e-01 6.674746e-02 -9.821995e-01
      outer loop
         vertex 1.522907e+02 2.520856e+01 6.086653e+01
         vertex 1.508616e+02 2.518170e+01 6.112016e+01
         vertex 1.533228e+02 2.622485e+01 6.075107e+01
      endloop
   endfacet
   facet normal -1.539747e-01 7.461958e-02 -9.852531e-01
      outer loop
         vertex 1.499991e+02 2.426481e+01 6.118552e+01
         vertex 1.491259e+02 2.449194e+01 6.133918e+01
         vertex 1.508616e+02 2.518170e+01 6.112016e+01
      endloop
   endfacet
   facet normal -1.515853e-01 8.356990e-02 -9.849051e-01
      outer loop
         vertex 1.491259e+02 2.449194e+01 6.133918e+01
         vertex 1.499991e+02 2.426481e+01 6.118552e+01
         vertex 1.487647e+02 2.381646e+01 6.133745e+01
      endloop
   endfacet
   facet normal -2.084196e-01 2.537053e-01 -9.445607e-01
      outer loop
         vertex 1.487647e+02 2.381646e+01 6.133745e+01
         vertex 1.499991e+02 2.426481e+01 6.118552e+01
         vertex 1.501830e+02 2.376114e+01 6.100965e+01
      endloop
   endfacet
   facet normal -2.095176e-01 2.421154e-01 -9.473555e-01
      outer loop
         vertex 1.487647e+02 2.381646e+01 6.133745e+01
         vertex 1.501830e+02 2.376114e+01 6.100965e+01
         vertex 1.484101e+02 2.315868e+01 6.124777e+01
      endloop
   endfacet
   facet normal 8.897176e-02 3.631143e-01 -9.274869e-01
      outer loop
         vertex 1.481190e+02 2.261615e+01 6.109641e+01
         vertex 1.480210e+02 2.237249e+01 6.099161e+01
         vertex 1.478608e+02 2.212160e+01 6.087802e+01
      endloop
   endfacet
   facet normal -3.420607e-01 5.599954e-01 -7.545857e-01
      outer loop
         vertex 1.478608e+02 2.212160e+01 6.087802e+01
         vertex 1.480210e+02 2.237249e+01 6.099161e+01
         vertex 1.481511e+02 2.192935e+01 6.060379e+01
      endloop
   endfacet
   facet normal -2.890206e-01 6.128108e-01 -7.354794e-01
      outer loop
         vertex 1.478608e+02 2.212160e+01 6.087802e+01
         vertex 1.481511e+02 2.192935e+01 6.060379e+01
         vertex 1.476574e+02 2.169933e+01 6.060612e+01
      endloop
   endfacet
   facet normal -3.351084e-01 7.129345e-01 -6.159763e-01
      outer loop
         vertex 1.476574e+02 2.169933e+01 6.060612e+01
         vertex 1.481511e+02 2.192935e+01 6.060379e+01
         vertex 1.482430e+02 2.156501e+01 6.013209e+01
      endloop
   endfacet
   facet normal -3.436400e-01 7.022609e-01 -6.234911e-01
      outer loop
         vertex 1.476574e+02 2.169933e+01 6.060612e+01
         vertex 1.482430e+02 2.156501e+01 6.013209e+01
         vertex 1.475381e+02 2.141251e+01 6.034882e+01
      endloop
   endfacet
   facet normal -3.320682e-01 7.790217e-01 -5.318420e-01
      outer loop
         vertex 1.475381e+02 2.141251e+01 6.034882e+01
         vertex 1.482430e+02 2.156501e+01 6.013209e+01
         vertex 1.473787e+02 2.112473e+01 6.002681e+01
      endloop
   endfacet
   facet normal -3.617105e-01 8.172932e-01 -4.485503e-01
      outer loop
         vertex 1.473787e+02 2.112473e+01 6.002681e+01
         vertex 1.482430e+02 2.156501e+01 6.013209e+01
         vertex 1.482925e+02 2.129860e+01 5.960673e+01
      endloop
   endfacet
   facet normal -3.516148e-01 8.375361e-01 -4.182108e-01
      outer loop
         vertex 1.473787e+02 2.112473e+01 6.002681e+01
         vertex 1.482925e+02 2.129860e+01 5.960673e+01
         vertex 1.471408e+02 2.088455e+01 5.974586e+01
      endloop
   endfacet
   facet normal -3.277955e-01 9.234533e-01 -1.994595e-01
      outer loop
         vertex 1.444060e+02 1.974981e+01 5.934840e+01
         vertex 1.459692e+02 2.030469e+01 5.934840e+01
         vertex 1.459693e+02 2.028514e+01 5.925765e+01
      endloop
   endfacet
   facet normal -3.390806e-01 9.195476e-01 -1.986367e-01
      outer loop
         vertex 1.459693e+02 2.028514e+01 5.925765e+01
         vertex 1.459692e+02 2.030469e+01 5.934840e+01
         vertex 1.461237e+02 2.036167e+01 5.934840e+01
      endloop
   endfacet
   facet normal -3.404680e-01 9.195427e-01 -1.962723e-01
      outer loop
         vertex 1.459693e+02 2.028514e+01 5.925765e+01
         vertex 1.461237e+02 2.036167e+01 5.934840e+01
         vertex 1.462173e+02 2.039694e+01 5.935132e+01
      endloop
   endfacet
   facet normal -3.543909e-01 8.746291e-01 -3.308037e-01
      outer loop
         vertex 1.471408e+02 2.088455e+01 5.974586e+01
         vertex 1.482925e+02 2.129860e+01 5.960673e+01
         vertex 1.468835e+02 2.070817e+01 5.955509e+01
      endloop
   endfacet
   facet normal -3.637121e-01 8.915475e-01 -2.699195e-01
      outer loop
         vertex 1.468835e+02 2.070817e+01 5.955509e+01
         vertex 1.482925e+02 2.129860e+01 5.960673e+01
         vertex 1.483004e+02 2.113680e+01 5.906168e+01
      endloop
   endfacet
   facet normal -3.585350e-01 9.000675e-01 -2.476513e-01
      outer loop
         vertex 1.468835e+02 2.070817e+01 5.955509e+01
         vertex 1.483004e+02 2.113680e+01 5.906168e+01
         vertex 1.465629e+02 2.054166e+01 5.941414e+01
      endloop
   endfacet
   facet normal -2.966776e-01 9.543471e-01 -3.469981e-02
      outer loop
         vertex 1.413612e+02 1.874223e+01 5.892819e+01
         vertex 1.413662e+02 1.875142e+01 5.913880e+01
         vertex 1.436097e+02 1.943854e+01 5.885444e+01
      endloop
   endfacet
   facet normal -3.033311e-01 9.471203e-01 -1.046585e-01
      outer loop
         vertex 1.436097e+02 1.943854e+01 5.885444e+01
         vertex 1.413662e+02 1.875142e+01 5.913880e+01
         vertex 1.413657e+02 1.877443e+01 5.934840e+01
      endloop
   endfacet
   facet normal -2.994000e-01 9.505853e-01 -8.214115e-02
      outer loop
         vertex 1.436097e+02 1.943854e+01 5.885444e+01
         vertex 1.413657e+02 1.877443e+01 5.934840e+01
         vertex 1.435850e+02 1.947341e+01 5.934840e+01
      endloop
   endfacet
   facet normal -3.129807e-01 9.461686e-01 -8.251104e-02
      outer loop
         vertex 1.435850e+02 1.947341e+01 5.934840e+01
         vertex 1.436179e+02 1.948430e+01 5.934840e+01
         vertex 1.436097e+02 1.943854e+01 5.885444e+01
      endloop
   endfacet
   facet normal -3.181736e-01 9.444563e-01 -8.226694e-02
      outer loop
         vertex 1.436097e+02 1.943854e+01 5.885444e+01
         vertex 1.436179e+02 1.948430e+01 5.934840e+01
         vertex 1.444060e+02 1.974981e+01 5.934840e+01
      endloop
   endfacet
   facet normal -3.221433e-01 9.436849e-01 -7.538202e-02
      outer loop
         vertex 1.436097e+02 1.943854e+01 5.885444e+01
         vertex 1.444060e+02 1.974981e+01 5.934840e+01
         vertex 1.459509e+02 2.022699e+01 5.872002e+01
      endloop
   endfacet
   facet normal -3.273305e-01 9.405657e-01 -9.050341e-02
      outer loop
         vertex 1.459509e+02 2.022699e+01 5.872002e+01
         vertex 1.444060e+02 1.974981e+01 5.934840e+01
         vertex 1.459693e+02 2.028514e+01 5.925765e+01
      endloop
   endfacet
   facet normal -3.483970e-01 9.331147e-01 -8.897431e-02
      outer loop
         vertex 1.459509e+02 2.022699e+01 5.872002e+01
         vertex 1.459693e+02 2.028514e+01 5.925765e+01
         vertex 1.483004e+02 2.113680e+01 5.906168e+01
      endloop
   endfacet
   facet normal -3.507575e-01 9.208060e-01 -1.705447e-01
      outer loop
         vertex 1.483004e+02 2.113680e+01 5.906168e+01
         vertex 1.459693e+02 2.028514e+01 5.925765e+01
         vertex 1.462173e+02 2.039694e+01 5.935132e+01
      endloop
   endfacet
   facet normal -3.514714e-01 9.183439e-01 -1.819679e-01
      outer loop
         vertex 1.483004e+02 2.113680e+01 5.906168e+01
         vertex 1.462173e+02 2.039694e+01 5.935132e+01
         vertex 1.465629e+02 2.054166e+01 5.941414e+01
      endloop
   endfacet
   facet normal -2.493490e-01 3.820529e-01 -8.898655e-01
      outer loop
         vertex 1.484101e+02 2.315868e+01 6.124777e+01
         vertex 1.501830e+02 2.376114e+01 6.100965e+01
         vertex 1.481190e+02 2.261615e+01 6.109641e+01
      endloop
   endfacet
   facet normal -2.687067e-01 4.186431e-01 -8.674876e-01
      outer loop
         vertex 1.481190e+02 2.261615e+01 6.109641e+01
         vertex 1.501830e+02 2.376114e+01 6.100965e+01
         vertex 1.503461e+02 2.327538e+01 6.072470e+01
      endloop
   endfacet
   facet normal -2.792792e-01 4.720096e-01 -8.361878e-01
      outer loop
         vertex 1.481190e+02 2.261615e+01 6.109641e+01
         vertex 1.503461e+02 2.327538e+01 6.072470e+01
         vertex 1.480210e+02 2.237249e+01 6.099161e+01
      endloop
   endfacet
   facet normal -3.105428e-01 5.762270e-01 -7.559931e-01
      outer loop
         vertex 1.480210e+02 2.237249e+01 6.099161e+01
         vertex 1.503461e+02 2.327538e+01 6.072470e+01
         vertex 1.504767e+02 2.283838e+01 6.033799e+01
      endloop
   endfacet
   facet normal -3.105810e-01 5.727567e-01 -7.586101e-01
      outer loop
         vertex 1.480210e+02 2.237249e+01 6.099161e+01
         vertex 1.504767e+02 2.283838e+01 6.033799e+01
         vertex 1.481511e+02 2.192935e+01 6.060379e+01
      endloop
   endfacet
   facet normal -3.474715e-01 7.097831e-01 -6.127573e-01
      outer loop
         vertex 1.481511e+02 2.192935e+01 6.060379e+01
         vertex 1.504767e+02 2.283838e+01 6.033799e+01
         vertex 1.505659e+02 2.247764e+01 5.986952e+01
      endloop
   endfacet
   facet normal -3.476547e-01 7.080536e-01 -6.146514e-01
      outer loop
         vertex 1.481511e+02 2.192935e+01 6.060379e+01
         vertex 1.505659e+02 2.247764e+01 5.986952e+01
         vertex 1.482430e+02 2.156501e+01 6.013209e+01
      endloop
   endfacet
   facet normal -3.704283e-01 8.142773e-01 -4.469175e-01
      outer loop
         vertex 1.482430e+02 2.156501e+01 6.013209e+01
         vertex 1.505659e+02 2.247764e+01 5.986952e+01
         vertex 1.506099e+02 2.221184e+01 5.934877e+01
      endloop
   endfacet
   facet normal -3.705427e-01 8.138345e-01 -4.476288e-01
      outer loop
         vertex 1.482430e+02 2.156501e+01 6.013209e+01
         vertex 1.506099e+02 2.221184e+01 5.934877e+01
         vertex 1.482925e+02 2.129860e+01 5.960673e+01
      endloop
   endfacet
   facet normal -3.788936e-01 8.854605e-01 -2.690713e-01
      outer loop
         vertex 1.482925e+02 2.129860e+01 5.960673e+01
         vertex 1.506099e+02 2.221184e+01 5.934877e+01
         vertex 1.506099e+02 2.204778e+01 5.880883e+01
      endloop
   endfacet
   facet normal -3.787502e-01 8.857230e-01 -2.684082e-01
      outer loop
         vertex 1.482925e+02 2.129860e+01 5.960673e+01
         vertex 1.506099e+02 2.204778e+01 5.880883e+01
         vertex 1.483004e+02 2.113680e+01 5.906168e+01
      endloop
   endfacet
   facet normal -3.738229e-01 9.233208e-01 -8.794955e-02
      outer loop
         vertex 1.483004e+02 2.113680e+01 5.906168e+01
         vertex 1.506099e+02 2.204778e+01 5.880883e+01
         vertex 1.482717e+02 2.107438e+01 5.852824e+01
      endloop
   endfacet
   facet normal -3.481585e-01 9.330600e-01 -9.046892e-02
      outer loop
         vertex 1.483004e+02 2.113680e+01 5.906168e+01
         vertex 1.482717e+02 2.107438e+01 5.852824e+01
         vertex 1.459509e+02 2.022699e+01 5.872002e+01
      endloop
   endfacet
   facet normal -1.756966e-01 9.544309e-02 -9.798068e-01
      outer loop
         vertex 1.508616e+02 2.518170e+01 6.112016e+01
         vertex 1.522907e+02 2.520856e+01 6.086653e+01
         vertex 1.499991e+02 2.426481e+01 6.118552e+01
      endloop
   endfacet
   facet normal -2.341561e-01 2.511177e-01 -9.392076e-01
      outer loop
         vertex 1.499991e+02 2.426481e+01 6.118552e+01
         vertex 1.522907e+02 2.520856e+01 6.086653e+01
         vertex 1.524806e+02 2.471374e+01 6.068686e+01
      endloop
   endfacet
   facet normal -2.332330e-01 2.435491e-01 -9.414277e-01
      outer loop
         vertex 1.499991e+02 2.426481e+01 6.118552e+01
         vertex 1.524806e+02 2.471374e+01 6.068686e+01
         vertex 1.501830e+02 2.376114e+01 6.100965e+01
      endloop
   endfacet
   facet normal -2.928792e-01 4.144419e-01 -8.616610e-01
      outer loop
         vertex 1.501830e+02 2.376114e+01 6.100965e+01
         vertex 1.524806e+02 2.471374e+01 6.068686e+01
         vertex 1.526471e+02 2.423622e+01 6.040062e+01
      endloop
   endfacet
   facet normal -2.924943e-01 4.088730e-01 -8.644478e-01
      outer loop
         vertex 1.501830e+02 2.376114e+01 6.100965e+01
         vertex 1.526471e+02 2.423622e+01 6.040062e+01
         vertex 1.503461e+02 2.327538e+01 6.072470e+01
      endloop
   endfacet
   facet normal -3.422345e-01 5.667831e-01 -7.494214e-01
      outer loop
         vertex 1.503461e+02 2.327538e+01 6.072470e+01
         vertex 1.526471e+02 2.423622e+01 6.040062e+01
         vertex 1.527780e+02 2.380574e+01 6.001527e+01
      endloop
   endfacet
   facet normal -3.422391e-01 5.632761e-01 -7.520588e-01
      outer loop
         vertex 1.503461e+02 2.327538e+01 6.072470e+01
         vertex 1.527780e+02 2.380574e+01 6.001527e+01
         vertex 1.504767e+02 2.283838e+01 6.033799e+01
      endloop
   endfacet
   facet normal -3.787825e-01 6.985897e-01 -6.070390e-01
      outer loop
         vertex 1.504767e+02 2.283838e+01 6.033799e+01
         vertex 1.527780e+02 2.380574e+01 6.001527e+01
         vertex 1.528647e+02 2.344885e+01 5.955046e+01
      endloop
   endfacet
   facet normal -3.789527e-01 6.969197e-01 -6.088496e-01
      outer loop
         vertex 1.504767e+02 2.283838e+01 6.033799e+01
         vertex 1.528647e+02 2.344885e+01 5.955046e+01
         vertex 1.505659e+02 2.247764e+01 5.986952e+01
      endloop
   endfacet
   facet normal -4.004155e-01 8.023097e-01 -4.426810e-01
      outer loop
         vertex 1.505659e+02 2.247764e+01 5.986952e+01
         vertex 1.528647e+02 2.344885e+01 5.955046e+01
         vertex 1.529035e+02 2.318374e+01 5.903485e+01
      endloop
   endfacet
   facet normal -4.004989e-01 8.019896e-01 -4.431854e-01
      outer loop
         vertex 1.505659e+02 2.247764e+01 5.986952e+01
         vertex 1.529035e+02 2.318374e+01 5.903485e+01
         vertex 1.506099e+02 2.221184e+01 5.934877e+01
      endloop
   endfacet
   facet normal -4.067479e-01 8.737651e-01 -2.666283e-01
      outer loop
         vertex 1.506099e+02 2.221184e+01 5.934877e+01
         vertex 1.529035e+02 2.318374e+01 5.903485e+01
         vertex 1.528962e+02 2.301733e+01 5.850055e+01
      endloop
   endfacet
   facet normal -4.065245e-01 8.741693e-01 -2.656424e-01
      outer loop
         vertex 1.506099e+02 2.221184e+01 5.934877e+01
         vertex 1.528962e+02 2.301733e+01 5.850055e+01
         vertex 1.506099e+02 2.204778e+01 5.880883e+01
      endloop
   endfacet
   facet normal -3.988417e-01 9.128965e-01 -8.686344e-02
      outer loop
         vertex 1.506099e+02 2.204778e+01 5.880883e+01
         vertex 1.528962e+02 2.301733e+01 5.850055e+01
         vertex 1.505717e+02 2.198078e+01 5.828017e+01
      endloop
   endfacet
   facet normal -3.735416e-01 9.232368e-01 -9.000295e-02
      outer loop
         vertex 1.506099e+02 2.204778e+01 5.880883e+01
         vertex 1.505717e+02 2.198078e+01 5.828017e+01
         vertex 1.482717e+02 2.107438e+01 5.852824e+01
      endloop
   endfacet
   facet normal -2.027401e-01 9.519411e-02 -9.745946e-01
      outer loop
         vertex 1.533228e+02 2.622485e+01 6.075107e+01
         vertex 1.545523e+02 2.620566e+01 6.049345e+01
         vertex 1.522907e+02 2.520856e+01 6.086653e+01
      endloop
   endfacet
   facet normal -2.627146e-01 2.468826e-01 -9.327540e-01
      outer loop
         vertex 1.522907e+02 2.520856e+01 6.086653e+01
         vertex 1.545523e+02 2.620566e+01 6.049345e+01
         vertex 1.547476e+02 2.572009e+01 6.030990e+01
      endloop
   endfacet
   facet normal -2.616195e-01 2.390786e-01 -9.350918e-01
      outer loop
         vertex 1.522907e+02 2.520856e+01 6.086653e+01
         vertex 1.547476e+02 2.572009e+01 6.030990e+01
         vertex 1.524806e+02 2.471374e+01 6.068686e+01
      endloop
   endfacet
   facet normal -3.228379e-01 4.072203e-01 -8.543695e-01
      outer loop
         vertex 1.524806e+02 2.471374e+01 6.068686e+01
         vertex 1.547476e+02 2.572009e+01 6.030990e+01
         vertex 1.549169e+02 2.525119e+01 6.002246e+01
      endloop
   endfacet
   facet normal -3.223635e-01 4.015186e-01 -8.572424e-01
      outer loop
         vertex 1.524806e+02 2.471374e+01 6.068686e+01
         vertex 1.549169e+02 2.525119e+01 6.002246e+01
         vertex 1.526471e+02 2.423622e+01 6.040062e+01
      endloop
   endfacet
   facet normal -3.727084e-01 5.569669e-01 -7.422104e-01
      outer loop
         vertex 1.526471e+02 2.423622e+01 6.040062e+01
         vertex 1.549169e+02 2.525119e+01 6.002246e+01
         vertex 1.550480e+02 2.482754e+01 5.963872e+01
      endloop
   endfacet
   facet normal -3.726800e-01 5.534403e-01 -7.448580e-01
      outer loop
         vertex 1.526471e+02 2.423622e+01 6.040062e+01
         vertex 1.550480e+02 2.482754e+01 5.963872e+01
         vertex 1.527780e+02 2.380574e+01 6.001527e+01
      endloop
   endfacet
   facet normal -4.088716e-01 6.869360e-01 -6.007852e-01
      outer loop
         vertex 1.527780e+02 2.380574e+01 6.001527e+01
         vertex 1.550480e+02 2.482754e+01 5.963872e+01
         vertex 1.551323e+02 2.447473e+01 5.917793e+01
      endloop
   endfacet
   facet normal -4.090281e-01 6.853356e-01 -6.025041e-01
      outer loop
         vertex 1.527780e+02 2.380574e+01 6.001527e+01
         vertex 1.551323e+02 2.447473e+01 5.917793e+01
         vertex 1.528647e+02 2.344885e+01 5.955046e+01
      endloop
   endfacet
   facet normal -4.292850e-01 7.898351e-01 -4.380353e-01
      outer loop
         vertex 1.528647e+02 2.344885e+01 5.955046e+01
         vertex 1.551323e+02 2.447473e+01 5.917793e+01
         vertex 1.551664e+02 2.421043e+01 5.866791e+01
      endloop
   endfacet
   facet normal -4.293371e-01 7.896360e-01 -4.383430e-01
      outer loop
         vertex 1.528647e+02 2.344885e+01 5.955046e+01
         vertex 1.551664e+02 2.421043e+01 5.866791e+01
         vertex 1.529035e+02 2.318374e+01 5.903485e+01
      endloop
   endfacet
   facet normal -4.336819e-01 8.615413e-01 -2.639443e-01
      outer loop
         vertex 1.529035e+02 2.318374e+01 5.903485e+01
         vertex 1.551664e+02 2.421043e+01 5.866791e+01
         vertex 1.551526e+02 2.404166e+01 5.813976e+01
      endloop
   endfacet
   facet normal -4.333724e-01 8.620975e-01 -2.626333e-01
      outer loop
         vertex 1.529035e+02 2.318374e+01 5.903485e+01
         vertex 1.551526e+02 2.404166e+01 5.813976e+01
         vertex 1.528962e+02 2.301733e+01 5.850055e+01
      endloop
   endfacet
   facet normal -4.231869e-01 9.019796e-01 -8.570663e-02
      outer loop
         vertex 1.528962e+02 2.301733e+01 5.850055e+01
         vertex 1.551526e+02 2.404166e+01 5.813976e+01
         vertex 1.528492e+02 2.294551e+01 5.797722e+01
      endloop
   endfacet
   facet normal -3.985485e-01 9.127792e-01 -8.940497e-02
      outer loop
         vertex 1.528962e+02 2.301733e+01 5.850055e+01
         vertex 1.528492e+02 2.294551e+01 5.797722e+01
         vertex 1.505717e+02 2.198078e+01 5.828017e+01
      endloop
   endfacet
   facet normal -2.284384e-01 9.298565e-02 -9.691076e-01
      outer loop
         vertex 1.557711e+02 2.734081e+01 6.031506e+01
         vertex 1.567759e+02 2.725173e+01 6.006965e+01
         vertex 1.545523e+02 2.620566e+01 6.049345e+01
      endloop
   endfacet
   facet normal -2.904804e-01 2.424770e-01 -9.256490e-01
      outer loop
         vertex 1.545523e+02 2.620566e+01 6.049345e+01
         vertex 1.567759e+02 2.725173e+01 6.006965e+01
         vertex 1.569760e+02 2.677572e+01 5.988219e+01
      endloop
   endfacet
   facet normal -2.892154e-01 2.344637e-01 -9.281063e-01
      outer loop
         vertex 1.545523e+02 2.620566e+01 6.049345e+01
         vertex 1.569760e+02 2.677572e+01 5.988219e+01
         vertex 1.547476e+02 2.572009e+01 6.030990e+01
      endloop
   endfacet
   facet normal -3.518225e-01 3.997122e-01 -8.464343e-01
      outer loop
         vertex 1.547476e+02 2.572009e+01 6.030990e+01
         vertex 1.569760e+02 2.677572e+01 5.988219e+01
         vertex 1.571476e+02 2.631575e+01 5.959364e+01
      endloop
   endfacet
   facet normal -3.512616e-01 3.939046e-01 -8.493847e-01
      outer loop
         vertex 1.547476e+02 2.572009e+01 6.030990e+01
         vertex 1.571476e+02 2.631575e+01 5.959364e+01
         vertex 1.549169e+02 2.525119e+01 6.002246e+01
      endloop
   endfacet
   facet normal -4.021085e-01 5.467636e-01 -7.344102e-01
      outer loop
         vertex 1.549169e+02 2.525119e+01 6.002246e+01
         vertex 1.571476e+02 2.631575e+01 5.959364e+01
         vertex 1.572787e+02 2.589921e+01 5.921175e+01
      endloop
   endfacet
   facet normal -4.020486e-01 5.432262e-01 -7.370633e-01
      outer loop
         vertex 1.549169e+02 2.525119e+01 6.002246e+01
         vertex 1.572787e+02 2.589921e+01 5.921175e+01
         vertex 1.550480e+02 2.482754e+01 5.963872e+01
      endloop
   endfacet
   facet normal -4.378890e-01 6.748139e-01 -5.940366e-01
      outer loop
         vertex 1.550480e+02 2.482754e+01 5.963872e+01
         vertex 1.572787e+02 2.589921e+01 5.921175e+01
         vertex 1.573608e+02 2.555069e+01 5.875532e+01
      endloop
   endfacet
   facet normal -4.380326e-01 6.732821e-01 -5.956666e-01
      outer loop
         vertex 1.550480e+02 2.482754e+01 5.963872e+01
         vertex 1.573608e+02 2.555069e+01 5.875532e+01
         vertex 1.551323e+02 2.447473e+01 5.917793e+01
      endloop
   endfacet
   facet normal -4.571855e-01 7.768304e-01 -4.330311e-01
      outer loop
         vertex 1.551323e+02 2.447473e+01 5.917793e+01
         vertex 1.573608e+02 2.555069e+01 5.875532e+01
         vertex 1.573907e+02 2.528735e+01 5.825129e+01
      endloop
   endfacet
   facet normal -4.572028e-01 7.767646e-01 -4.331309e-01
      outer loop
         vertex 1.551323e+02 2.447473e+01 5.917793e+01
         vertex 1.573907e+02 2.528735e+01 5.825129e+01
         vertex 1.551664e+02 2.421043e+01 5.866791e+01
      endloop
   endfacet
   facet normal -4.598321e-01 8.487695e-01 -2.610457e-01
      outer loop
         vertex 1.551664e+02 2.421043e+01 5.866791e+01
         vertex 1.573907e+02 2.528735e+01 5.825129e+01
         vertex 1.573710e+02 2.511626e+01 5.772968e+01
      endloop
   endfacet
   facet normal -4.594328e-01 8.494848e-01 -2.594168e-01
      outer loop
         vertex 1.551664e+02 2.421043e+01 5.866791e+01
         vertex 1.573710e+02 2.511626e+01 5.772968e+01
         vertex 1.551526e+02 2.404166e+01 5.813976e+01
      endloop
   endfacet
   facet normal -4.469862e-01 8.905420e-01 -8.448910e-02
      outer loop
         vertex 1.551526e+02 2.404166e+01 5.813976e+01
         vertex 1.573710e+02 2.511626e+01 5.772968e+01
         vertex 1.550975e+02 2.396490e+01 5.762221e+01
      endloop
   endfacet
   facet normal -4.228990e-01 9.018226e-01 -8.872705e-02
      outer loop
         vertex 1.551526e+02 2.404166e+01 5.813976e+01
         vertex 1.550975e+02 2.396490e+01 5.762221e+01
         vertex 1.528492e+02 2.294551e+01 5.797722e+01
      endloop
   endfacet
   facet normal -3.531174e-01 3.990784e-01 8.461941e-01
      outer loop
         vertex 1.549169e+02 2.525119e+01 4.187435e+01
         vertex 1.571476e+02 2.631575e+01 4.230317e+01
         vertex 1.569760e+02 2.677572e+01 4.201462e+01
      endloop
   endfacet
   facet normal -2.966776e-01 9.543471e-01 3.469981e-02
      outer loop
         vertex 1.413662e+02 1.875142e+01 4.275801e+01
         vertex 1.413612e+02 1.874223e+01 4.296862e+01
         vertex 1.436097e+02 1.943854e+01 4.304237e+01
      endloop
   endfacet
   facet normal -4.789409e-01 8.672266e-01 1.361380e-01
      outer loop
         vertex 1.593737e+02 2.610109e+01 4.493909e+01
         vertex 1.593737e+02 2.617861e+01 4.444526e+01
         vertex 1.573710e+02 2.511626e+01 4.416712e+01
      endloop
   endfacet
   facet normal -4.547776e-01 6.138190e-01 6.452934e-01
      outer loop
         vertex 1.593444e+02 2.683340e+01 4.325229e+01
         vertex 1.593139e+02 2.694156e+01 4.312789e+01
         vertex 1.572787e+02 2.589921e+01 4.268506e+01
      endloop
   endfacet
   facet normal -3.725860e-01 8.778889e-01 3.008169e-01
      outer loop
         vertex 1.472943e+02 2.093654e+01 4.217343e+01
         vertex 1.469925e+02 2.073761e+01 4.238014e+01
         vertex 1.483004e+02 2.113680e+01 4.283512e+01
      endloop
   endfacet
   facet normal -3.584239e-01 9.025993e-01 2.384257e-01
      outer loop
         vertex 1.469925e+02 2.073761e+01 4.238014e+01
         vertex 1.466666e+02 2.057562e+01 4.250347e+01
         vertex 1.483004e+02 2.113680e+01 4.283512e+01
      endloop
   endfacet
   facet normal -3.512961e-01 9.199683e-01 1.739235e-01
      outer loop
         vertex 1.483004e+02 2.113680e+01 4.283512e+01
         vertex 1.466666e+02 2.057562e+01 4.250347e+01
         vertex 1.463022e+02 2.042798e+01 4.254840e+01
      endloop
   endfacet
   facet normal -3.506694e-01 9.218796e-01 1.648301e-01
      outer loop
         vertex 1.483004e+02 2.113680e+01 4.283512e+01
         vertex 1.463022e+02 2.042798e+01 4.254840e+01
         vertex 1.459693e+02 2.028514e+01 4.263915e+01
      endloop
   endfacet
   facet normal -3.239393e-01 9.128266e-01 2.486180e-01
      outer loop
         vertex 1.459693e+02 2.028514e+01 4.263915e+01
         vertex 1.463022e+02 2.042798e+01 4.254840e+01
         vertex 1.440487e+02 1.962828e+01 4.254840e+01
      endloop
   endfacet
   facet normal -2.929703e-01 5.948593e-01 7.485392e-01
      outer loop
         vertex 1.480794e+02 2.227422e+01 4.099091e+01
         vertex 1.478589e+02 2.182551e+01 4.126122e+01
         vertex 1.481511e+02 2.192935e+01 4.129302e+01
      endloop
   endfacet
   facet normal -3.170902e-01 6.939842e-01 6.464052e-01
      outer loop
         vertex 1.481511e+02 2.192935e+01 4.129302e+01
         vertex 1.478589e+02 2.182551e+01 4.126122e+01
         vertex 1.477129e+02 2.148233e+01 4.155804e+01
      endloop
   endfacet
   facet normal -2.656469e-01 4.198742e-01 8.678349e-01
      outer loop
         vertex 1.503461e+02 2.327538e+01 4.117211e+01
         vertex 1.501830e+02 2.376114e+01 4.088716e+01
         vertex 1.485297e+02 2.312193e+01 4.069032e+01
      endloop
   endfacet
   facet normal -1.902932e-01 2.609696e-01 9.464055e-01
      outer loop
         vertex 1.499991e+02 2.426481e+01 4.071129e+01
         vertex 1.490497e+02 2.408676e+01 4.056950e+01
         vertex 1.501830e+02 2.376114e+01 4.088716e+01
      endloop
   endfacet
   facet normal -2.107216e-01 2.000621e-01 9.568550e-01
      outer loop
         vertex 1.501830e+02 2.376114e+01 4.088716e+01
         vertex 1.490497e+02 2.408676e+01 4.056950e+01
         vertex 1.487046e+02 2.344618e+01 4.062743e+01
      endloop
   endfacet
   facet normal -2.270055e-01 3.020542e-01 9.258681e-01
      outer loop
         vertex 1.501830e+02 2.376114e+01 4.088716e+01
         vertex 1.487046e+02 2.344618e+01 4.062743e+01
         vertex 1.485297e+02 2.312193e+01 4.069032e+01
      endloop
   endfacet
   facet normal -2.216459e-01 8.336927e-02 9.715568e-01
      outer loop
         vertex 1.567759e+02 2.725173e+01 4.182716e+01
         vertex 1.566184e+02 2.774575e+01 4.174882e+01
         vertex 1.541947e+02 2.661317e+01 4.129309e+01
      endloop
   endfacet
   facet normal -4.178736e-01 4.831988e-01 7.693507e-01
      outer loop
         vertex 1.592406e+02 2.712858e+01 4.292947e+01
         vertex 1.590795e+02 2.742619e+01 4.265508e+01
         vertex 1.571476e+02 2.631575e+01 4.230317e+01
      endloop
   endfacet
   facet normal -3.694368e-01 3.730209e-01 8.511004e-01
      outer loop
         vertex 1.571476e+02 2.631575e+01 4.230317e+01
         vertex 1.590795e+02 2.742619e+01 4.265508e+01
         vertex 1.588405e+02 2.777053e+01 4.240042e+01
      endloop
   endfacet
   facet normal -3.797844e-01 3.857504e-01 8.408094e-01
      outer loop
         vertex 1.571476e+02 2.631575e+01 4.230317e+01
         vertex 1.588405e+02 2.777053e+01 4.240042e+01
         vertex 1.569760e+02 2.677572e+01 4.201462e+01
      endloop
   endfacet
   facet normal -3.158288e-01 2.355065e-01 9.191240e-01
      outer loop
         vertex 1.569760e+02 2.677572e+01 4.201462e+01
         vertex 1.588405e+02 2.777053e+01 4.240042e+01
         vertex 1.585462e+02 2.813275e+01 4.220648e+01
      endloop
   endfacet
   facet normal -4.614483e-01 8.867547e-01 2.704780e-02
      outer loop
         vertex 1.573088e+02 2.503450e+01 4.467848e+01
         vertex 1.593737e+02 2.609600e+01 4.510574e+01
         vertex 1.593737e+02 2.610109e+01 4.493909e+01
      endloop
   endfacet
   facet normal -2.875987e-01 2.352307e-01 9.284145e-01
      outer loop
         vertex 1.547476e+02 2.572009e+01 4.158690e+01
         vertex 1.567759e+02 2.725173e+01 4.182716e+01
         vertex 1.545523e+02 2.620566e+01 4.140336e+01
      endloop
   endfacet
   facet normal -2.189656e-01 7.121947e-02 9.731299e-01
      outer loop
         vertex 1.545523e+02 2.620566e+01 4.140336e+01
         vertex 1.567759e+02 2.725173e+01 4.182716e+01
         vertex 1.541947e+02 2.661317e+01 4.129309e+01
      endloop
   endfacet
   facet normal -1.962666e-01 9.197334e-02 9.762276e-01
      outer loop
         vertex 1.545523e+02 2.620566e+01 4.140336e+01
         vertex 1.541947e+02 2.661317e+01 4.129309e+01
         vertex 1.517570e+02 2.555225e+01 4.090295e+01
      endloop
   endfacet
   facet normal -4.413401e-01 5.658528e-01 6.964406e-01
      outer loop
         vertex 1.593139e+02 2.694156e+01 4.312789e+01
         vertex 1.592406e+02 2.712858e+01 4.292947e+01
         vertex 1.572787e+02 2.589921e+01 4.268506e+01
      endloop
   endfacet
   facet normal -4.260593e-01 5.348640e-01 7.296533e-01
      outer loop
         vertex 1.572787e+02 2.589921e+01 4.268506e+01
         vertex 1.592406e+02 2.712858e+01 4.292947e+01
         vertex 1.571476e+02 2.631575e+01 4.230317e+01
      endloop
   endfacet
   facet normal -4.030003e-01 5.463304e-01 7.342438e-01
      outer loop
         vertex 1.572787e+02 2.589921e+01 4.268506e+01
         vertex 1.571476e+02 2.631575e+01 4.230317e+01
         vertex 1.550480e+02 2.482754e+01 4.225809e+01
      endloop
   endfacet
   facet normal -4.011655e-01 5.436513e-01 7.372310e-01
      outer loop
         vertex 1.550480e+02 2.482754e+01 4.225809e+01
         vertex 1.571476e+02 2.631575e+01 4.230317e+01
         vertex 1.549169e+02 2.525119e+01 4.187435e+01
      endloop
   endfacet
   facet normal -3.736176e-01 5.565529e-01 7.420639e-01
      outer loop
         vertex 1.550480e+02 2.482754e+01 4.225809e+01
         vertex 1.549169e+02 2.525119e+01 4.187435e+01
         vertex 1.527780e+02 2.380574e+01 4.188154e+01
      endloop
   endfacet
   facet normal -3.210758e-01 4.020951e-01 8.574555e-01
      outer loop
         vertex 1.526471e+02 2.423622e+01 4.149619e+01
         vertex 1.547476e+02 2.572009e+01 4.158690e+01
         vertex 1.524806e+02 2.471374e+01 4.120995e+01
      endloop
   endfacet
   facet normal -2.643220e-01 2.461386e-01 9.324965e-01
      outer loop
         vertex 1.524806e+02 2.471374e+01 4.120995e+01
         vertex 1.547476e+02 2.572009e+01 4.158690e+01
         vertex 1.545523e+02 2.620566e+01 4.140336e+01
      endloop
   endfacet
   facet normal -2.600170e-01 2.397900e-01 9.353566e-01
      outer loop
         vertex 1.524806e+02 2.471374e+01 4.120995e+01
         vertex 1.545523e+02 2.620566e+01 4.140336e+01
         vertex 1.522907e+02 2.520856e+01 4.103028e+01
      endloop
   endfacet
   facet normal -1.908700e-01 6.648705e-02 9.793611e-01
      outer loop
         vertex 1.522907e+02 2.520856e+01 4.103028e+01
         vertex 1.545523e+02 2.620566e+01 4.140336e+01
         vertex 1.517570e+02 2.555225e+01 4.090295e+01
      endloop
   endfacet
   facet normal -1.698511e-01 9.952018e-02 9.804317e-01
      outer loop
         vertex 1.522907e+02 2.520856e+01 4.103028e+01
         vertex 1.517570e+02 2.555225e+01 4.090295e+01
         vertex 1.493000e+02 2.455946e+01 4.057807e+01
      endloop
   endfacet
   facet normal -4.665819e-01 6.718544e-01 5.752504e-01
      outer loop
         vertex 1.593737e+02 2.660117e+01 4.354727e+01
         vertex 1.593444e+02 2.683340e+01 4.325229e+01
         vertex 1.573608e+02 2.555069e+01 4.314149e+01
      endloop
   endfacet
   facet normal -4.616540e-01 6.630195e-01 5.893053e-01
      outer loop
         vertex 1.573608e+02 2.555069e+01 4.314149e+01
         vertex 1.593444e+02 2.683340e+01 4.325229e+01
         vertex 1.572787e+02 2.589921e+01 4.268506e+01
      endloop
   endfacet
   facet normal -4.383414e-01 6.745953e-01 5.939512e-01
      outer loop
         vertex 1.573608e+02 2.555069e+01 4.314149e+01
         vertex 1.572787e+02 2.589921e+01 4.268506e+01
         vertex 1.551323e+02 2.447473e+01 4.271888e+01
      endloop
   endfacet
   facet normal -4.375852e-01 6.734987e-01 5.957506e-01
      outer loop
         vertex 1.551323e+02 2.447473e+01 4.271888e+01
         vertex 1.572787e+02 2.589921e+01 4.268506e+01
         vertex 1.550480e+02 2.482754e+01 4.225809e+01
      endloop
   endfacet
   facet normal -4.093573e-01 6.867162e-01 6.007058e-01
      outer loop
         vertex 1.551323e+02 2.447473e+01 4.271888e+01
         vertex 1.550480e+02 2.482754e+01 4.225809e+01
         vertex 1.528647e+02 2.344885e+01 4.234635e+01
      endloop
   endfacet
   facet normal -4.085475e-01 6.855538e-01 6.025819e-01
      outer loop
         vertex 1.528647e+02 2.344885e+01 4.234635e+01
         vertex 1.550480e+02 2.482754e+01 4.225809e+01
         vertex 1.527780e+02 2.380574e+01 4.188154e+01
      endloop
   endfacet
   facet normal -3.793039e-01 6.983693e-01 6.069670e-01
      outer loop
         vertex 1.528647e+02 2.344885e+01 4.234635e+01
         vertex 1.527780e+02 2.380574e+01 4.188154e+01
         vertex 1.505659e+02 2.247764e+01 4.202729e+01
      endloop
   endfacet
   facet normal -3.413211e-01 5.636630e-01 7.521861e-01
      outer loop
         vertex 1.504767e+02 2.283838e+01 4.155882e+01
         vertex 1.526471e+02 2.423622e+01 4.149619e+01
         vertex 1.503461e+02 2.327538e+01 4.117211e+01
      endloop
   endfacet
   facet normal -2.941713e-01 4.138875e-01 8.614873e-01
      outer loop
         vertex 1.503461e+02 2.327538e+01 4.117211e+01
         vertex 1.526471e+02 2.423622e+01 4.149619e+01
         vertex 1.524806e+02 2.471374e+01 4.120995e+01
      endloop
   endfacet
   facet normal -2.912096e-01 4.094098e-01 8.646274e-01
      outer loop
         vertex 1.503461e+02 2.327538e+01 4.117211e+01
         vertex 1.524806e+02 2.471374e+01 4.120995e+01
         vertex 1.501830e+02 2.376114e+01 4.088716e+01
      endloop
   endfacet
   facet normal -2.357441e-01 2.504303e-01 9.389938e-01
      outer loop
         vertex 1.501830e+02 2.376114e+01 4.088716e+01
         vertex 1.524806e+02 2.471374e+01 4.120995e+01
         vertex 1.522907e+02 2.520856e+01 4.103028e+01
      endloop
   endfacet
   facet normal -2.316490e-01 2.442048e-01 9.416489e-01
      outer loop
         vertex 1.501830e+02 2.376114e+01 4.088716e+01
         vertex 1.522907e+02 2.520856e+01 4.103028e+01
         vertex 1.499991e+02 2.426481e+01 4.071129e+01
      endloop
   endfacet
   facet normal -1.621058e-01 6.071909e-02 9.849035e-01
      outer loop
         vertex 1.499991e+02 2.426481e+01 4.071129e+01
         vertex 1.522907e+02 2.520856e+01 4.103028e+01
         vertex 1.493000e+02 2.455946e+01 4.057807e+01
      endloop
   endfacet
   facet normal -1.596037e-01 6.666588e-02 9.849276e-01
      outer loop
         vertex 1.499991e+02 2.426481e+01 4.071129e+01
         vertex 1.493000e+02 2.455946e+01 4.057807e+01
         vertex 1.490497e+02 2.408676e+01 4.056950e+01
      endloop
   endfacet
   facet normal -4.781879e-01 7.552615e-01 4.482370e-01
      outer loop
         vertex 1.593737e+02 2.634738e+01 4.397491e+01
         vertex 1.593737e+02 2.660117e+01 4.354727e+01
         vertex 1.573907e+02 2.528735e+01 4.364552e+01
      endloop
   endfacet
   facet normal -4.844804e-01 7.632109e-01 4.275369e-01
      outer loop
         vertex 1.573907e+02 2.528735e+01 4.364552e+01
         vertex 1.593737e+02 2.660117e+01 4.354727e+01
         vertex 1.573608e+02 2.555069e+01 4.314149e+01
      endloop
   endfacet
   facet normal -4.572095e-01 7.768188e-01 4.330265e-01
      outer loop
         vertex 1.573907e+02 2.528735e+01 4.364552e+01
         vertex 1.573608e+02 2.555069e+01 4.314149e+01
         vertex 1.551664e+02 2.421043e+01 4.322890e+01
      endloop
   endfacet
   facet normal -4.571791e-01 7.767761e-01 4.331353e-01
      outer loop
         vertex 1.551664e+02 2.421043e+01 4.322890e+01
         vertex 1.573608e+02 2.555069e+01 4.314149e+01
         vertex 1.551323e+02 2.447473e+01 4.271888e+01
      endloop
   endfacet
   facet normal -4.293601e-01 7.898012e-01 4.380227e-01
      outer loop
         vertex 1.551664e+02 2.421043e+01 4.322890e+01
         vertex 1.551323e+02 2.447473e+01 4.271888e+01
         vertex 1.529035e+02 2.318374e+01 4.286196e+01
      endloop
   endfacet
   facet normal -4.292628e-01 7.896699e-01 4.383548e-01
      outer loop
         vertex 1.529035e+02 2.318374e+01 4.286196e+01
         vertex 1.551323e+02 2.447473e+01 4.271888e+01
         vertex 1.528647e+02 2.344885e+01 4.234635e+01
      endloop
   endfacet
   facet normal -4.005408e-01 8.022570e-01 4.426633e-01
      outer loop
         vertex 1.529035e+02 2.318374e+01 4.286196e+01
         vertex 1.528647e+02 2.344885e+01 4.234635e+01
         vertex 1.506099e+02 2.221184e+01 4.254804e+01
      endloop
   endfacet
   facet normal -4.003749e-01 8.020424e-01 4.432019e-01
      outer loop
         vertex 1.506099e+02 2.221184e+01 4.254804e+01
         vertex 1.528647e+02 2.344885e+01 4.234635e+01
         vertex 1.505659e+02 2.247764e+01 4.202729e+01
      endloop
   endfacet
   facet normal -3.706080e-01 8.142070e-01 4.468968e-01
      outer loop
         vertex 1.506099e+02 2.221184e+01 4.254804e+01
         vertex 1.505659e+02 2.247764e+01 4.202729e+01
         vertex 1.482925e+02 2.129860e+01 4.229008e+01
      endloop
   endfacet
   facet normal -2.669049e-01 3.832368e-01 8.842462e-01
      outer loop
         vertex 1.485297e+02 2.312193e+01 4.069032e+01
         vertex 1.483702e+02 2.282545e+01 4.077069e+01
         vertex 1.503461e+02 2.327538e+01 4.117211e+01
      endloop
   endfacet
   facet normal -2.782437e-01 4.793214e-01 8.323650e-01
      outer loop
         vertex 1.503461e+02 2.327538e+01 4.117211e+01
         vertex 1.483702e+02 2.282545e+01 4.077069e+01
         vertex 1.480794e+02 2.227422e+01 4.099091e+01
      endloop
   endfacet
   facet normal -3.142556e-01 5.747530e-01 7.555809e-01
      outer loop
         vertex 1.503461e+02 2.327538e+01 4.117211e+01
         vertex 1.480794e+02 2.227422e+01 4.099091e+01
         vertex 1.504767e+02 2.283838e+01 4.155882e+01
      endloop
   endfacet
   facet normal -3.148604e-01 5.875661e-01 7.454052e-01
      outer loop
         vertex 1.504767e+02 2.283838e+01 4.155882e+01
         vertex 1.480794e+02 2.227422e+01 4.099091e+01
         vertex 1.481511e+02 2.192935e+01 4.129302e+01
      endloop
   endfacet
   facet normal -3.471039e-01 7.082711e-01 6.147121e-01
      outer loop
         vertex 1.504767e+02 2.283838e+01 4.155882e+01
         vertex 1.481511e+02 2.192935e+01 4.129302e+01
         vertex 1.482430e+02 2.156501e+01 4.176472e+01
      endloop
   endfacet
   facet normal -3.498981e-01 7.071645e-01 6.144019e-01
      outer loop
         vertex 1.482430e+02 2.156501e+01 4.176472e+01
         vertex 1.481511e+02 2.192935e+01 4.129302e+01
         vertex 1.477129e+02 2.148233e+01 4.155804e+01
      endloop
   endfacet
   facet normal -3.398126e-01 7.456909e-01 5.731252e-01
      outer loop
         vertex 1.482430e+02 2.156501e+01 4.176472e+01
         vertex 1.477129e+02 2.148233e+01 4.155804e+01
         vertex 1.476887e+02 2.142306e+01 4.162076e+01
      endloop
   endfacet
   facet normal -2.463320e-01 8.541770e-02 9.654141e-01
      outer loop
         vertex 1.581970e+02 2.852660e+01 4.208252e+01
         vertex 1.566184e+02 2.774575e+01 4.174882e+01
         vertex 1.585462e+02 2.813275e+01 4.220648e+01
      endloop
   endfacet
   facet normal -2.446012e-01 7.527794e-02 9.666972e-01
      outer loop
         vertex 1.585462e+02 2.813275e+01 4.220648e+01
         vertex 1.566184e+02 2.774575e+01 4.174882e+01
         vertex 1.567759e+02 2.725173e+01 4.182716e+01
      endloop
   endfacet
   facet normal -3.125900e-01 2.314571e-01 9.212573e-01
      outer loop
         vertex 1.585462e+02 2.813275e+01 4.220648e+01
         vertex 1.567759e+02 2.725173e+01 4.182716e+01
         vertex 1.569760e+02 2.677572e+01 4.201462e+01
      endloop
   endfacet
   facet normal -2.921029e-01 2.416766e-01 9.253477e-01
      outer loop
         vertex 1.569760e+02 2.677572e+01 4.201462e+01
         vertex 1.567759e+02 2.725173e+01 4.182716e+01
         vertex 1.547476e+02 2.572009e+01 4.158690e+01
      endloop
   endfacet
   facet normal -3.499759e-01 3.945192e-01 8.496302e-01
      outer loop
         vertex 1.569760e+02 2.677572e+01 4.201462e+01
         vertex 1.547476e+02 2.572009e+01 4.158690e+01
         vertex 1.549169e+02 2.525119e+01 4.187435e+01
      endloop
   endfacet
   facet normal -3.241339e-01 4.066254e-01 8.541622e-01
      outer loop
         vertex 1.549169e+02 2.525119e+01 4.187435e+01
         vertex 1.547476e+02 2.572009e+01 4.158690e+01
         vertex 1.526471e+02 2.423622e+01 4.149619e+01
      endloop
   endfacet
   facet normal -3.717790e-01 5.538468e-01 7.450061e-01
      outer loop
         vertex 1.549169e+02 2.525119e+01 4.187435e+01
         vertex 1.526471e+02 2.423622e+01 4.149619e+01
         vertex 1.527780e+02 2.380574e+01 4.188154e+01
      endloop
   endfacet
   facet normal -3.431602e-01 5.663892e-01 7.492959e-01
      outer loop
         vertex 1.527780e+02 2.380574e+01 4.188154e+01
         vertex 1.526471e+02 2.423622e+01 4.149619e+01
         vertex 1.504767e+02 2.283838e+01 4.155882e+01
      endloop
   endfacet
   facet normal -3.784364e-01 6.971387e-01 6.089199e-01
      outer loop
         vertex 1.527780e+02 2.380574e+01 4.188154e+01
         vertex 1.504767e+02 2.283838e+01 4.155882e+01
         vertex 1.505659e+02 2.247764e+01 4.202729e+01
      endloop
   endfacet
   facet normal -3.480273e-01 7.095646e-01 6.126949e-01
      outer loop
         vertex 1.505659e+02 2.247764e+01 4.202729e+01
         vertex 1.504767e+02 2.283838e+01 4.155882e+01
         vertex 1.482430e+02 2.156501e+01 4.176472e+01
      endloop
   endfacet
   facet normal -3.703646e-01 8.139051e-01 4.476478e-01
      outer loop
         vertex 1.505659e+02 2.247764e+01 4.202729e+01
         vertex 1.482430e+02 2.156501e+01 4.176472e+01
         vertex 1.482925e+02 2.129860e+01 4.229008e+01
      endloop
   endfacet
   facet normal -3.296050e-01 8.291429e-01 4.515337e-01
      outer loop
         vertex 1.482925e+02 2.129860e+01 4.229008e+01
         vertex 1.482430e+02 2.156501e+01 4.176472e+01
         vertex 1.476887e+02 2.142306e+01 4.162076e+01
      endloop
   endfacet
   facet normal -3.792976e-01 7.859211e-01 4.883251e-01
      outer loop
         vertex 1.482925e+02 2.129860e+01 4.229008e+01
         vertex 1.476887e+02 2.142306e+01 4.162076e+01
         vertex 1.475195e+02 2.115250e+01 4.192481e+01
      endloop
   endfacet
   facet normal -4.793573e-01 8.260548e-01 2.963953e-01
      outer loop
         vertex 1.593737e+02 2.617861e+01 4.444526e+01
         vertex 1.593737e+02 2.634738e+01 4.397491e+01
         vertex 1.573710e+02 2.511626e+01 4.416712e+01
      endloop
   endfacet
   facet normal -4.884491e-01 8.344220e-01 2.552594e-01
      outer loop
         vertex 1.573710e+02 2.511626e+01 4.416712e+01
         vertex 1.593737e+02 2.634738e+01 4.397491e+01
         vertex 1.573907e+02 2.528735e+01 4.364552e+01
      endloop
   endfacet
   facet normal -4.594818e-01 8.489381e-01 2.611142e-01
      outer loop
         vertex 1.573710e+02 2.511626e+01 4.416712e+01
         vertex 1.573907e+02 2.528735e+01 4.364552e+01
         vertex 1.551526e+02 2.404166e+01 4.375705e+01
      endloop
   endfacet
   facet normal -4.597799e-01 8.493162e-01 2.593539e-01
      outer loop
         vertex 1.551526e+02 2.404166e+01 4.375705e+01
         vertex 1.573907e+02 2.528735e+01 4.364552e+01
         vertex 1.551664e+02 2.421043e+01 4.322890e+01
      endloop
   endfacet
   facet normal -4.333958e-01 8.616703e-01 2.639930e-01
      outer loop
         vertex 1.551526e+02 2.404166e+01 4.375705e+01
         vertex 1.551664e+02 2.421043e+01 4.322890e+01
         vertex 1.528962e+02 2.301733e+01 4.339626e+01
      endloop
   endfacet
   facet normal -4.336560e-01 8.619683e-01 2.625892e-01
      outer loop
         vertex 1.528962e+02 2.301733e+01 4.339626e+01
         vertex 1.551664e+02 2.421043e+01 4.322890e+01
         vertex 1.529035e+02 2.318374e+01 4.286196e+01
      endloop
   endfacet
   facet normal -4.065293e-01 8.738572e-01 2.666600e-01
      outer loop
         vertex 1.528962e+02 2.301733e+01 4.339626e+01
         vertex 1.529035e+02 2.318374e+01 4.286196e+01
         vertex 1.506099e+02 2.204778e+01 4.308798e+01
      endloop
   endfacet
   facet normal -4.067412e-01 8.740770e-01 2.656144e-01
      outer loop
         vertex 1.506099e+02 2.204778e+01 4.308798e+01
         vertex 1.529035e+02 2.318374e+01 4.286196e+01
         vertex 1.506099e+02 2.221184e+01 4.254804e+01
      endloop
   endfacet
   facet normal -3.787442e-01 8.855190e-01 2.690891e-01
      outer loop
         vertex 1.506099e+02 2.204778e+01 4.308798e+01
         vertex 1.506099e+02 2.221184e+01 4.254804e+01
         vertex 1.483004e+02 2.113680e+01 4.283512e+01
      endloop
   endfacet
   facet normal -3.788984e-01 8.856643e-01 2.683929e-01
      outer loop
         vertex 1.483004e+02 2.113680e+01 4.283512e+01
         vertex 1.506099e+02 2.221184e+01 4.254804e+01
         vertex 1.482925e+02 2.129860e+01 4.229008e+01
      endloop
   endfacet
   facet normal -3.560412e-01 8.944149e-01 2.706597e-01
      outer loop
         vertex 1.483004e+02 2.113680e+01 4.283512e+01
         vertex 1.482925e+02 2.129860e+01 4.229008e+01
         vertex 1.472943e+02 2.093654e+01 4.217343e+01
      endloop
   endfacet
   facet normal -3.529284e-01 8.407462e-01 4.105941e-01
      outer loop
         vertex 1.472943e+02 2.093654e+01 4.217343e+01
         vertex 1.482925e+02 2.129860e+01 4.229008e+01
         vertex 1.475195e+02 2.115250e+01 4.192481e+01
      endloop
   endfacet
   facet normal -4.656608e-01 8.809506e-01 8.417830e-02
      outer loop
         vertex 1.593737e+02 2.610109e+01 4.493909e+01
         vertex 1.573710e+02 2.511626e+01 4.416712e+01
         vertex 1.573088e+02 2.503450e+01 4.467848e+01
      endloop
   endfacet
   facet normal -4.473599e-01 8.900282e-01 8.785749e-02
      outer loop
         vertex 1.573088e+02 2.503450e+01 4.467848e+01
         vertex 1.573710e+02 2.511626e+01 4.416712e+01
         vertex 1.551526e+02 2.404166e+01 4.375705e+01
      endloop
   endfacet
   facet normal -4.463480e-01 8.908512e-01 8.460276e-02
      outer loop
         vertex 1.573088e+02 2.503450e+01 4.467848e+01
         vertex 1.551526e+02 2.404166e+01 4.375705e+01
         vertex 1.550975e+02 2.396490e+01 4.427460e+01
      endloop
   endfacet
   facet normal -4.234663e-01 9.015660e-01 8.862843e-02
      outer loop
         vertex 1.550975e+02 2.396490e+01 4.427460e+01
         vertex 1.551526e+02 2.404166e+01 4.375705e+01
         vertex 1.528962e+02 2.301733e+01 4.339626e+01
      endloop
   endfacet
   facet normal -4.226230e-01 9.022358e-01 8.579236e-02
      outer loop
         vertex 1.550975e+02 2.396490e+01 4.427460e+01
         vertex 1.528962e+02 2.301733e+01 4.339626e+01
         vertex 1.528492e+02 2.294551e+01 4.391959e+01
      endloop
   endfacet
   facet normal -3.990373e-01 9.125727e-01 8.933250e-02
      outer loop
         vertex 1.528492e+02 2.294551e+01 4.391959e+01
         vertex 1.528962e+02 2.301733e+01 4.339626e+01
         vertex 1.506099e+02 2.204778e+01 4.308798e+01
      endloop
   endfacet
   facet normal -3.983556e-01 9.131029e-01 8.692459e-02
      outer loop
         vertex 1.528492e+02 2.294551e+01 4.391959e+01
         vertex 1.506099e+02 2.204778e+01 4.308798e+01
         vertex 1.505717e+02 2.198078e+01 4.361664e+01
      endloop
   endfacet
   facet normal -3.739465e-01 9.230777e-01 8.995336e-02
      outer loop
         vertex 1.505717e+02 2.198078e+01 4.361664e+01
         vertex 1.506099e+02 2.204778e+01 4.308798e+01
         vertex 1.483004e+02 2.113680e+01 4.283512e+01
      endloop
   endfacet
   facet normal -3.734202e-01 9.234799e-01 8.798959e-02
      outer loop
         vertex 1.505717e+02 2.198078e+01 4.361664e+01
         vertex 1.483004e+02 2.113680e+01 4.283512e+01
         vertex 1.482717e+02 2.107438e+01 4.336857e+01
      endloop
   endfacet
   facet normal -3.484601e-01 9.329503e-01 9.043962e-02
      outer loop
         vertex 1.482717e+02 2.107438e+01 4.336857e+01
         vertex 1.483004e+02 2.113680e+01 4.283512e+01
         vertex 1.459693e+02 2.028514e+01 4.263915e+01
      endloop
   endfacet
   facet normal -3.480969e-01 9.332246e-01 8.899635e-02
      outer loop
         vertex 1.482717e+02 2.107438e+01 4.336857e+01
         vertex 1.459693e+02 2.028514e+01 4.263915e+01
         vertex 1.459509e+02 2.022699e+01 4.317679e+01
      endloop
   endfacet
   facet normal -3.261024e-01 9.409838e-01 9.059063e-02
      outer loop
         vertex 1.459509e+02 2.022699e+01 4.317679e+01
         vertex 1.459693e+02 2.028514e+01 4.263915e+01
         vertex 1.440487e+02 1.962828e+01 4.254840e+01
      endloop
   endfacet
   facet normal -3.221646e-01 9.436149e-01 7.616400e-02
      outer loop
         vertex 1.459509e+02 2.022699e+01 4.317679e+01
         vertex 1.440487e+02 1.962828e+01 4.254840e+01
         vertex 1.436097e+02 1.943854e+01 4.304237e+01
      endloop
   endfacet
   facet normal -3.018533e-01 9.484995e-01 9.609051e-02
      outer loop
         vertex 1.436097e+02 1.943854e+01 4.304237e+01
         vertex 1.440487e+02 1.962828e+01 4.254840e+01
         vertex 1.413657e+02 1.877443e+01 4.254840e+01
      endloop
   endfacet
   facet normal -3.033311e-01 9.471203e-01 1.046585e-01
      outer loop
         vertex 1.436097e+02 1.943854e+01 4.304237e+01
         vertex 1.413657e+02 1.877443e+01 4.254840e+01
         vertex 1.413662e+02 1.875142e+01 4.275801e+01
      endloop
   endfacet
   facet normal 9.277486e-01 -3.491357e-01 -1.318590e-01
      outer loop
         vertex 1.690854e+02 3.102623e+01 4.679541e+01
         vertex 1.689231e+02 3.072687e+01 4.644578e+01
         vertex 1.691230e+02 3.132303e+01 4.627421e+01
      endloop
   endfacet
   facet normal 6.694305e-01 -7.338396e-01 -1.155088e-01
      outer loop
         vertex 1.680755e+02 2.933846e+01 4.720652e+01
         vertex 1.676031e+02 2.888228e+01 4.736660e+01
         vertex 1.675160e+02 2.881356e+01 4.729858e+01
      endloop
   endfacet
   facet normal 6.855808e-01 -7.277955e-01 1.710564e-02
      outer loop
         vertex 1.675160e+02 2.881356e+01 4.729858e+01
         vertex 1.679422e+02 2.920955e+01 4.706492e+01
         vertex 1.680755e+02 2.933846e+01 4.720652e+01
      endloop
   endfacet
   facet normal 7.395670e-01 -6.671849e-01 -8.891004e-02
      outer loop
         vertex 1.680755e+02 2.933846e+01 4.720652e+01
         vertex 1.679422e+02 2.920955e+01 4.706492e+01
         vertex 1.683248e+02 2.966326e+01 4.684330e+01
      endloop
   endfacet
   facet normal 7.787794e-01 -6.267652e-01 -2.584685e-02
      outer loop
         vertex 1.680755e+02 2.933846e+01 4.720652e+01
         vertex 1.683248e+02 2.966326e+01 4.684330e+01
         vertex 1.684824e+02 2.985015e+01 4.705769e+01
      endloop
   endfacet
   facet normal 8.147438e-01 -5.709722e-01 -1.009120e-01
      outer loop
         vertex 1.684824e+02 2.985015e+01 4.705769e+01
         vertex 1.683248e+02 2.966326e+01 4.684330e+01
         vertex 1.686548e+02 3.017072e+01 4.663611e+01
      endloop
   endfacet
   facet normal 8.412722e-01 -5.368009e-01 -6.407763e-02
      outer loop
         vertex 1.684824e+02 2.985015e+01 4.705769e+01
         vertex 1.686548e+02 3.017072e+01 4.663611e+01
         vertex 1.687557e+02 3.029155e+01 4.694820e+01
      endloop
   endfacet
   facet normal 8.953165e-01 -4.440083e-01 -3.556802e-02
      outer loop
         vertex 1.689231e+02 3.072687e+01 4.644578e+01
         vertex 1.690854e+02 3.102623e+01 4.679541e+01
         vertex 1.686548e+02 3.017072e+01 4.663611e+01
      endloop
   endfacet
   facet normal 8.928061e-01 -4.182108e-01 -1.673229e-01
      outer loop
         vertex 1.686548e+02 3.017072e+01 4.663611e+01
         vertex 1.690854e+02 3.102623e+01 4.679541e+01
         vertex 1.688284e+02 3.042899e+01 4.691707e+01
      endloop
   endfacet
   facet normal 8.707896e-01 -4.824575e-01 -9.465885e-02
      outer loop
         vertex 1.686548e+02 3.017072e+01 4.663611e+01
         vertex 1.688284e+02 3.042899e+01 4.691707e+01
         vertex 1.687557e+02 3.029155e+01 4.694820e+01
      endloop
   endfacet
   facet normal 9.660166e-01 -1.635963e-01 -2.001202e-01
      outer loop
         vertex 1.693609e+02 3.234118e+01 4.658994e+01
         vertex 1.692676e+02 3.167493e+01 4.668448e+01
         vertex 1.691230e+02 3.132303e+01 4.627421e+01
      endloop
   endfacet
   facet normal 9.623961e-01 -2.334218e-01 -1.389535e-01
      outer loop
         vertex 1.691230e+02 3.132303e+01 4.627421e+01
         vertex 1.692676e+02 3.167493e+01 4.668448e+01
         vertex 1.692464e+02 3.157852e+01 4.669973e+01
      endloop
   endfacet
   facet normal 9.505769e-01 -2.942901e-01 -9.897882e-02
      outer loop
         vertex 1.691230e+02 3.132303e+01 4.627421e+01
         vertex 1.692464e+02 3.157852e+01 4.669973e+01
         vertex 1.690854e+02 3.102623e+01 4.679541e+01
      endloop
   endfacet
   facet normal 9.759846e-01 -2.098043e-01 -5.861900e-02
      outer loop
         vertex 1.691230e+02 3.132303e+01 4.627421e+01
         vertex 1.692486e+02 3.194915e+01 4.612327e+01
         vertex 1.693609e+02 3.234118e+01 4.658994e+01
      endloop
   endfacet
   facet normal 9.831786e-01 -9.870965e-02 -1.536760e-01
      outer loop
         vertex 1.693609e+02 3.234118e+01 4.658994e+01
         vertex 1.692486e+02 3.194915e+01 4.612327e+01
         vertex 1.692933e+02 3.259453e+01 4.599497e+01
      endloop
   endfacet
   facet normal 9.895677e-01 -5.180872e-02 -1.344305e-01
      outer loop
         vertex 1.693609e+02 3.234118e+01 4.658994e+01
         vertex 1.692933e+02 3.259453e+01 4.599497e+01
         vertex 1.693737e+02 3.269953e+01 4.654650e+01
      endloop
   endfacet
   facet normal 6.154939e-01 -7.829436e-01 9.036902e-02
      outer loop
         vertex 1.675160e+02 2.881356e+01 4.729858e+01
         vertex 1.670548e+02 2.847913e+01 4.754215e+01
         vertex 1.673231e+02 2.866630e+01 4.733684e+01
      endloop
   endfacet
   facet normal 6.339167e-01 -7.727919e-01 -3.069579e-02
      outer loop
         vertex 1.676031e+02 2.888228e+01 4.736660e+01
         vertex 1.675460e+02 2.883472e+01 4.738530e+01
         vertex 1.675160e+02 2.881356e+01 4.729858e+01
      endloop
   endfacet
   facet normal 5.854331e-01 -8.107073e-01 -4.666896e-03
      outer loop
         vertex 1.675160e+02 2.881356e+01 4.729858e+01
         vertex 1.675460e+02 2.883472e+01 4.738530e+01
         vertex 1.670548e+02 2.847913e+01 4.754215e+01
      endloop
   endfacet
   facet normal 9.076889e-01 -1.514157e-01 -3.913746e-01
      outer loop
         vertex 1.690585e+02 3.249797e+01 4.548779e+01
         vertex 1.692933e+02 3.259453e+01 4.599497e+01
         vertex 1.690185e+02 3.171467e+01 4.569804e+01
      endloop
   endfacet
   facet normal 9.014005e-01 -1.436897e-01 -4.084487e-01
      outer loop
         vertex 1.690185e+02 3.171467e+01 4.569804e+01
         vertex 1.692933e+02 3.259453e+01 4.599497e+01
         vertex 1.692486e+02 3.194915e+01 4.612327e+01
      endloop
   endfacet
   facet normal 9.020056e-01 -2.600643e-01 -3.446049e-01
      outer loop
         vertex 1.690185e+02 3.171467e+01 4.569804e+01
         vertex 1.692486e+02 3.194915e+01 4.612327e+01
         vertex 1.689607e+02 3.136616e+01 4.580977e+01
      endloop
   endfacet
   facet normal 9.029068e-01 -2.629883e-01 -3.399948e-01
      outer loop
         vertex 1.689607e+02 3.136616e+01 4.580977e+01
         vertex 1.692486e+02 3.194915e+01 4.612327e+01
         vertex 1.691230e+02 3.132303e+01 4.627421e+01
      endloop
   endfacet
   facet normal 8.821481e-01 -3.272502e-01 -3.387065e-01
      outer loop
         vertex 1.689607e+02 3.136616e+01 4.580977e+01
         vertex 1.691230e+02 3.132303e+01 4.627421e+01
         vertex 1.688890e+02 3.106109e+01 4.591781e+01
      endloop
   endfacet
   facet normal 8.764109e-01 -3.793424e-01 -2.966534e-01
      outer loop
         vertex 1.688890e+02 3.106109e+01 4.591781e+01
         vertex 1.691230e+02 3.132303e+01 4.627421e+01
         vertex 1.689231e+02 3.072687e+01 4.644578e+01
      endloop
   endfacet
   facet normal 5.984413e-01 -7.990844e-01 -5.772530e-02
      outer loop
         vertex 1.673231e+02 2.866630e+01 4.733684e+01
         vertex 1.674836e+02 2.879559e+01 4.721206e+01
         vertex 1.675160e+02 2.881356e+01 4.729858e+01
      endloop
   endfacet
   facet normal 6.211035e-01 -7.805929e-01 -7.003779e-02
      outer loop
         vertex 1.675160e+02 2.881356e+01 4.729858e+01
         vertex 1.674836e+02 2.879559e+01 4.721206e+01
         vertex 1.675457e+02 2.884935e+01 4.716336e+01
      endloop
   endfacet
   facet normal 6.645670e-01 -7.454736e-01 -5.118451e-02
      outer loop
         vertex 1.675160e+02 2.881356e+01 4.729858e+01
         vertex 1.675457e+02 2.884935e+01 4.716336e+01
         vertex 1.679422e+02 2.920955e+01 4.706492e+01
      endloop
   endfacet
   facet normal 6.321056e-01 -7.495052e-01 -1.966838e-01
      outer loop
         vertex 1.679422e+02 2.920955e+01 4.706492e+01
         vertex 1.675457e+02 2.884935e+01 4.716336e+01
         vertex 1.680569e+02 2.938947e+01 4.674809e+01
      endloop
   endfacet
   facet normal 7.299449e-01 -6.732526e-01 -1.179462e-01
      outer loop
         vertex 1.679422e+02 2.920955e+01 4.706492e+01
         vertex 1.680569e+02 2.938947e+01 4.674809e+01
         vertex 1.683248e+02 2.966326e+01 4.684330e+01
      endloop
   endfacet
   facet normal 7.332134e-01 -6.585721e-01 -1.693544e-01
      outer loop
         vertex 1.683248e+02 2.966326e+01 4.684330e+01
         vertex 1.680569e+02 2.938947e+01 4.674809e+01
         vertex 1.682018e+02 2.958278e+01 4.662368e+01
      endloop
   endfacet
   facet normal 7.754772e-01 -5.928780e-01 -2.170964e-01
      outer loop
         vertex 1.683248e+02 2.966326e+01 4.684330e+01
         vertex 1.682018e+02 2.958278e+01 4.662368e+01
         vertex 1.686548e+02 3.017072e+01 4.663611e+01
      endloop
   endfacet
   facet normal 7.657286e-01 -5.842726e-01 -2.688591e-01
      outer loop
         vertex 1.686548e+02 3.017072e+01 4.663611e+01
         vertex 1.682018e+02 2.958278e+01 4.662368e+01
         vertex 1.686213e+02 3.031358e+01 4.623012e+01
      endloop
   endfacet
   facet normal 8.393909e-01 -4.872707e-01 -2.408116e-01
      outer loop
         vertex 1.686548e+02 3.017072e+01 4.663611e+01
         vertex 1.686213e+02 3.031358e+01 4.623012e+01
         vertex 1.689231e+02 3.072687e+01 4.644578e+01
      endloop
   endfacet
   facet normal 8.389931e-01 -4.662509e-01 -2.805363e-01
      outer loop
         vertex 1.689231e+02 3.072687e+01 4.644578e+01
         vertex 1.686213e+02 3.031358e+01 4.623012e+01
         vertex 1.687655e+02 3.066764e+01 4.607294e+01
      endloop
   endfacet
   facet normal 8.678821e-01 -3.925387e-01 -3.044569e-01
      outer loop
         vertex 1.689231e+02 3.072687e+01 4.644578e+01
         vertex 1.687655e+02 3.066764e+01 4.607294e+01
         vertex 1.688890e+02 3.106109e+01 4.591781e+01
      endloop
   endfacet
   facet normal 9.045689e-01 -8.685054e-03 -4.262391e-01
      outer loop
         vertex 1.690500e+02 3.275791e+01 4.543776e+01
         vertex 1.690388e+02 3.302091e+01 4.540863e+01
         vertex 1.692881e+02 3.302091e+01 4.593785e+01
      endloop
   endfacet
   facet normal 9.099212e-01 -4.940527e-02 -4.118284e-01
      outer loop
         vertex 1.690585e+02 3.249797e+01 4.548779e+01
         vertex 1.690500e+02 3.275791e+01 4.543776e+01
         vertex 1.692933e+02 3.259453e+01 4.599497e+01
      endloop
   endfacet
   facet normal 9.107498e-01 -4.400649e-02 -4.106072e-01
      outer loop
         vertex 1.692933e+02 3.259453e+01 4.599497e+01
         vertex 1.690500e+02 3.275791e+01 4.543776e+01
         vertex 1.692881e+02 3.302091e+01 4.593785e+01
      endloop
   endfacet
   facet normal 9.897047e-01 -7.197882e-03 -1.429433e-01
      outer loop
         vertex 1.692933e+02 3.259453e+01 4.599497e+01
         vertex 1.692881e+02 3.302091e+01 4.593785e+01
         vertex 1.693737e+02 3.269953e+01 4.654650e+01
      endloop
   endfacet
   facet normal 9.891536e-01 -1.361194e-02 -1.462526e-01
      outer loop
         vertex 1.693737e+02 3.269953e+01 4.654650e+01
         vertex 1.692881e+02 3.302091e+01 4.593785e+01
         vertex 1.693737e+02 3.302091e+01 4.651659e+01
      endloop
   endfacet
   facet normal 9.953380e-01 0.000000e+00 -9.644814e-02
      outer loop
         vertex 1.693737e+02 3.549778e+01 4.651659e+01
         vertex 1.693737e+02 3.302091e+01 4.651659e+01
         vertex 1.693366e+02 3.568679e+01 4.613368e+01
      endloop
   endfacet
   facet normal 9.892193e-01 -7.240124e-03 -1.462624e-01
      outer loop
         vertex 1.693366e+02 3.568679e+01 4.613368e+01
         vertex 1.693737e+02 3.302091e+01 4.651659e+01
         vertex 1.692881e+02 3.302091e+01 4.593785e+01
      endloop
   endfacet
   facet normal 9.046030e-01 0.000000e+00 -4.262551e-01
      outer loop
         vertex 1.690388e+02 3.302091e+01 4.540863e+01
         vertex 1.690388e+02 3.549778e+01 4.540863e+01
         vertex 1.692881e+02 3.302091e+01 4.593785e+01
      endloop
   endfacet
   facet normal 8.669062e-01 -1.914669e-02 -4.981034e-01
      outer loop
         vertex 1.692881e+02 3.302091e+01 4.593785e+01
         vertex 1.690388e+02 3.549778e+01 4.540863e+01
         vertex 1.691538e+02 3.559920e+01 4.560489e+01
      endloop
   endfacet
   facet normal 9.092082e-01 -6.377329e-03 -4.162929e-01
      outer loop
         vertex 1.691538e+02 3.559920e+01 4.560489e+01
         vertex 1.692223e+02 3.567014e+01 4.575343e+01
         vertex 1.692881e+02 3.302091e+01 4.593785e+01
      endloop
   endfacet
   facet normal 9.443815e-01 5.839582e-04 -3.288513e-01
      outer loop
         vertex 1.692881e+02 3.302091e+01 4.593785e+01
         vertex 1.692223e+02 3.567014e+01 4.575343e+01
         vertex 1.692973e+02 3.576348e+01 4.596893e+01
      endloop
   endfacet
   facet normal 9.725914e-01 -6.016030e-04 -2.325203e-01
      outer loop
         vertex 1.692881e+02 3.302091e+01 4.593785e+01
         vertex 1.692973e+02 3.576348e+01 4.596893e+01
         vertex 1.693366e+02 3.568679e+01 4.613368e+01
      endloop
   endfacet
   facet normal 8.746766e-01 -3.799874e-01 3.009159e-01
      outer loop
         vertex 1.689231e+02 3.072687e+01 5.545103e+01
         vertex 1.691230e+02 3.132303e+01 5.562260e+01
         vertex 1.689029e+02 3.111390e+01 5.599842e+01
      endloop
   endfacet
   facet normal 9.875845e-01 -9.355168e-02 1.261944e-01
      outer loop
         vertex 1.693737e+02 3.269953e+01 5.535031e+01
         vertex 1.692933e+02 3.259453e+01 5.590184e+01
         vertex 1.692486e+02 3.194915e+01 5.577354e+01
      endloop
   endfacet
   facet normal 9.864711e-01 -8.573043e-02 1.397321e-01
      outer loop
         vertex 1.693737e+02 3.269953e+01 5.535031e+01
         vertex 1.692486e+02 3.194915e+01 5.577354e+01
         vertex 1.693266e+02 3.201471e+01 5.526284e+01
      endloop
   endfacet
   facet normal 9.675579e-01 -2.227332e-01 1.192547e-01
      outer loop
         vertex 1.693266e+02 3.201471e+01 5.526284e+01
         vertex 1.692486e+02 3.194915e+01 5.577354e+01
         vertex 1.691230e+02 3.132303e+01 5.562260e+01
      endloop
   endfacet
   facet normal 9.675533e-01 -2.221327e-01 1.204065e-01
      outer loop
         vertex 1.693266e+02 3.201471e+01 5.526284e+01
         vertex 1.691230e+02 3.132303e+01 5.562260e+01
         vertex 1.691833e+02 3.133276e+01 5.515631e+01
      endloop
   endfacet
   facet normal 9.317139e-01 -3.450985e-01 1.132090e-01
      outer loop
         vertex 1.691833e+02 3.133276e+01 5.515631e+01
         vertex 1.691230e+02 3.132303e+01 5.562260e+01
         vertex 1.689231e+02 3.072687e+01 5.545103e+01
      endloop
   endfacet
   facet normal 9.305435e-01 -3.538763e-01 9.412972e-02
      outer loop
         vertex 1.691833e+02 3.133276e+01 5.515631e+01
         vertex 1.689231e+02 3.072687e+01 5.545103e+01
         vertex 1.689464e+02 3.067709e+01 5.503282e+01
      endloop
   endfacet
   facet normal 8.814024e-01 -4.607515e-01 1.041054e-01
      outer loop
         vertex 1.689464e+02 3.067709e+01 5.503282e+01
         vertex 1.689231e+02 3.072687e+01 5.545103e+01
         vertex 1.686548e+02 3.017072e+01 5.526070e+01
      endloop
   endfacet
   facet normal 8.816597e-01 -4.595920e-01 1.070112e-01
      outer loop
         vertex 1.689464e+02 3.067709e+01 5.503282e+01
         vertex 1.686548e+02 3.017072e+01 5.526070e+01
         vertex 1.687557e+02 3.029150e+01 5.494860e+01
      endloop
   endfacet
   facet normal 4.970012e-01 -8.410194e-01 2.137199e-01
      outer loop
         vertex 1.670548e+02 2.847913e+01 5.435465e+01
         vertex 1.672635e+02 2.861921e+01 5.442052e+01
         vertex 1.675160e+02 2.881356e+01 5.459823e+01
      endloop
   endfacet
   facet normal 6.522368e-01 -7.506133e-01 -1.056734e-01
      outer loop
         vertex 1.675160e+02 2.881356e+01 5.459823e+01
         vertex 1.672635e+02 2.861921e+01 5.442052e+01
         vertex 1.678215e+02 2.907840e+01 5.460294e+01
      endloop
   endfacet
   facet normal 6.516476e-01 -7.533821e-01 8.815295e-02
      outer loop
         vertex 1.675160e+02 2.881356e+01 5.459823e+01
         vertex 1.678215e+02 2.907840e+01 5.460294e+01
         vertex 1.679422e+02 2.920955e+01 5.483189e+01
      endloop
   endfacet
   facet normal 6.914994e-01 -7.207498e-01 4.845985e-02
      outer loop
         vertex 1.679422e+02 2.920955e+01 5.483189e+01
         vertex 1.678215e+02 2.907840e+01 5.460294e+01
         vertex 1.679325e+02 2.918741e+01 5.464070e+01
      endloop
   endfacet
   facet normal 7.386095e-01 -6.729137e-01 4.053558e-02
      outer loop
         vertex 1.679422e+02 2.920955e+01 5.483189e+01
         vertex 1.679325e+02 2.918741e+01 5.464070e+01
         vertex 1.682619e+02 2.955592e+01 5.475685e+01
      endloop
   endfacet
   facet normal 7.164095e-01 -6.801463e-01 1.554302e-01
      outer loop
         vertex 1.682085e+02 2.959222e+01 5.527895e+01
         vertex 1.679422e+02 2.920955e+01 5.483189e+01
         vertex 1.683248e+02 2.966326e+01 5.505351e+01
      endloop
   endfacet
   facet normal 7.412416e-01 -6.660103e-01 8.361373e-02
      outer loop
         vertex 1.683248e+02 2.966326e+01 5.505351e+01
         vertex 1.679422e+02 2.920955e+01 5.483189e+01
         vertex 1.682619e+02 2.955592e+01 5.475685e+01
      endloop
   endfacet
   facet normal 8.339255e-01 -5.514192e-01 2.247578e-02
      outer loop
         vertex 1.683248e+02 2.966326e+01 5.505351e+01
         vertex 1.682619e+02 2.955592e+01 5.475685e+01
         vertex 1.686548e+02 3.017072e+01 5.526070e+01
      endloop
   endfacet
   facet normal 8.006269e-01 -5.912516e-01 9.704740e-02
      outer loop
         vertex 1.686548e+02 3.017072e+01 5.526070e+01
         vertex 1.682619e+02 2.955592e+01 5.475685e+01
         vertex 1.686379e+02 3.008861e+01 5.490017e+01
      endloop
   endfacet
   facet normal 8.541895e-01 -5.142303e-01 7.699008e-02
      outer loop
         vertex 1.686548e+02 3.017072e+01 5.526070e+01
         vertex 1.686379e+02 3.008861e+01 5.490017e+01
         vertex 1.687557e+02 3.029150e+01 5.494860e+01
      endloop
   endfacet
   facet normal 7.552216e-01 -6.471550e-01 1.040712e-01
      outer loop
         vertex 1.682085e+02 2.959222e+01 5.527895e+01
         vertex 1.679896e+02 2.930668e+01 5.509213e+01
         vertex 1.679422e+02 2.920955e+01 5.483189e+01
      endloop
   endfacet
   facet normal 6.937779e-01 -7.069287e-01 1.375647e-01
      outer loop
         vertex 1.679422e+02 2.920955e+01 5.483189e+01
         vertex 1.679896e+02 2.930668e+01 5.509213e+01
         vertex 1.678547e+02 2.915267e+01 5.498083e+01
      endloop
   endfacet
   facet normal 6.496815e-01 -7.544323e-01 9.351920e-02
      outer loop
         vertex 1.679422e+02 2.920955e+01 5.483189e+01
         vertex 1.678547e+02 2.915267e+01 5.498083e+01
         vertex 1.675160e+02 2.881356e+01 5.459823e+01
      endloop
   endfacet
   facet normal 6.819794e-01 -7.300857e-01 4.334699e-02
      outer loop
         vertex 1.675160e+02 2.881356e+01 5.459823e+01
         vertex 1.678547e+02 2.915267e+01 5.498083e+01
         vertex 1.675456e+02 2.884920e+01 5.473332e+01
      endloop
   endfacet
   facet normal 5.495413e-01 -8.296277e-01 9.860140e-02
      outer loop
         vertex 1.675160e+02 2.881356e+01 5.459823e+01
         vertex 1.675456e+02 2.884920e+01 5.473332e+01
         vertex 1.670548e+02 2.847913e+01 5.435465e+01
      endloop
   endfacet
   facet normal 8.873524e-01 -2.902472e-01 3.582769e-01
      outer loop
         vertex 1.689029e+02 3.111390e+01 5.599842e+01
         vertex 1.691230e+02 3.132303e+01 5.562260e+01
         vertex 1.690185e+02 3.171464e+01 5.619876e+01
      endloop
   endfacet
   facet normal 9.017819e-01 -2.634027e-01 3.426492e-01
      outer loop
         vertex 1.690185e+02 3.171464e+01 5.619876e+01
         vertex 1.691230e+02 3.132303e+01 5.562260e+01
         vertex 1.692486e+02 3.194915e+01 5.577354e+01
      endloop
   endfacet
   facet normal 9.036764e-01 -2.135616e-01 3.711610e-01
      outer loop
         vertex 1.690185e+02 3.171464e+01 5.619876e+01
         vertex 1.692486e+02 3.194915e+01 5.577354e+01
         vertex 1.690360e+02 3.186723e+01 5.624402e+01
      endloop
   endfacet
   facet normal 9.091164e-01 -1.665187e-01 3.818100e-01
      outer loop
         vertex 1.690360e+02 3.186723e+01 5.624402e+01
         vertex 1.692486e+02 3.194915e+01 5.577354e+01
         vertex 1.690572e+02 3.218131e+01 5.633052e+01
      endloop
   endfacet
   facet normal 9.176589e-01 -1.377181e-01 3.727409e-01
      outer loop
         vertex 1.690572e+02 3.218131e+01 5.633052e+01
         vertex 1.692486e+02 3.194915e+01 5.577354e+01
         vertex 1.692933e+02 3.259453e+01 5.590184e+01
      endloop
   endfacet
   facet normal 9.099710e-01 -1.034185e-01 4.015686e-01
      outer loop
         vertex 1.690572e+02 3.218131e+01 5.633052e+01
         vertex 1.692933e+02 3.259453e+01 5.590184e+01
         vertex 1.690585e+02 3.249797e+01 5.640902e+01
      endloop
   endfacet
   facet normal 8.696253e-01 -3.874456e-01 3.060028e-01
      outer loop
         vertex 1.689029e+02 3.111390e+01 5.599842e+01
         vertex 1.687655e+02 3.066764e+01 5.582387e+01
         vertex 1.689231e+02 3.072687e+01 5.545103e+01
      endloop
   endfacet
   facet normal 8.440265e-01 -4.546116e-01 2.845128e-01
      outer loop
         vertex 1.689231e+02 3.072687e+01 5.545103e+01
         vertex 1.687655e+02 3.066764e+01 5.582387e+01
         vertex 1.686719e+02 3.042870e+01 5.571982e+01
      endloop
   endfacet
   facet normal 8.386110e-01 -4.875961e-01 2.428615e-01
      outer loop
         vertex 1.689231e+02 3.072687e+01 5.545103e+01
         vertex 1.686719e+02 3.042870e+01 5.571982e+01
         vertex 1.686548e+02 3.017072e+01 5.526070e+01
      endloop
   endfacet
   facet normal 8.170030e-01 -5.151271e-01 2.591335e-01
      outer loop
         vertex 1.686548e+02 3.017072e+01 5.526070e+01
         vertex 1.686719e+02 3.042870e+01 5.571982e+01
         vertex 1.684935e+02 3.005506e+01 5.553943e+01
      endloop
   endfacet
   facet normal 7.797870e-01 -5.911671e-01 2.060427e-01
      outer loop
         vertex 1.686548e+02 3.017072e+01 5.526070e+01
         vertex 1.684935e+02 3.005506e+01 5.553943e+01
         vertex 1.683248e+02 2.966326e+01 5.505351e+01
      endloop
   endfacet
   facet normal 8.164237e-01 -5.538904e-01 1.632720e-01
      outer loop
         vertex 1.683248e+02 2.966326e+01 5.505351e+01
         vertex 1.684935e+02 3.005506e+01 5.553943e+01
         vertex 1.683695e+02 2.983796e+01 5.542298e+01
      endloop
   endfacet
   facet normal 7.621097e-01 -6.160362e-01 1.992193e-01
      outer loop
         vertex 1.683248e+02 2.966326e+01 5.505351e+01
         vertex 1.683695e+02 2.983796e+01 5.542298e+01
         vertex 1.682085e+02 2.959222e+01 5.527895e+01
      endloop
   endfacet
   facet normal 9.099212e-01 -4.940527e-02 4.118284e-01
      outer loop
         vertex 1.690500e+02 3.275791e+01 5.645905e+01
         vertex 1.690585e+02 3.249797e+01 5.640902e+01
         vertex 1.692933e+02 3.259453e+01 5.590184e+01
      endloop
   endfacet
   facet normal 9.045689e-01 -8.685054e-03 4.262391e-01
      outer loop
         vertex 1.690388e+02 3.302091e+01 5.648818e+01
         vertex 1.690500e+02 3.275791e+01 5.645905e+01
         vertex 1.692881e+02 3.302091e+01 5.595896e+01
      endloop
   endfacet
   facet normal 9.107498e-01 -4.400649e-02 4.106072e-01
      outer loop
         vertex 1.692881e+02 3.302091e+01 5.595896e+01
         vertex 1.690500e+02 3.275791e+01 5.645905e+01
         vertex 1.692933e+02 3.259453e+01 5.590184e+01
      endloop
   endfacet
   facet normal 9.892163e-01 -7.648322e-03 1.462619e-01
      outer loop
         vertex 1.692881e+02 3.302091e+01 5.595896e+01
         vertex 1.692933e+02 3.259453e+01 5.590184e+01
         vertex 1.693737e+02 3.302091e+01 5.538022e+01
      endloop
   endfacet
   facet normal 9.898051e-01 -1.319897e-02 1.418155e-01
      outer loop
         vertex 1.693737e+02 3.302091e+01 5.538022e+01
         vertex 1.692933e+02 3.259453e+01 5.590184e+01
         vertex 1.693737e+02 3.269953e+01 5.535031e+01
      endloop
   endfacet
   facet normal 9.892453e-01 -0.000000e+00 1.462662e-01
      outer loop
         vertex 1.693737e+02 3.302091e+01 5.538022e+01
         vertex 1.693737e+02 3.549778e+01 5.538022e+01
         vertex 1.692881e+02 3.302091e+01 5.595896e+01
      endloop
   endfacet
   facet normal 9.983687e-01 -2.220003e-02 5.260374e-02
      outer loop
         vertex 1.692881e+02 3.302091e+01 5.595896e+01
         vertex 1.693737e+02 3.549778e+01 5.538022e+01
         vertex 1.693668e+02 3.558037e+01 5.554545e+01
      endloop
   endfacet
   facet normal 9.910643e-01 -8.973197e-03 1.330830e-01
      outer loop
         vertex 1.692881e+02 3.302091e+01 5.595896e+01
         vertex 1.693668e+02 3.558037e+01 5.554545e+01
         vertex 1.693432e+02 3.566986e+01 5.572782e+01
      endloop
   endfacet
   facet normal 8.828919e-01 0.000000e+00 4.695762e-01
      outer loop
         vertex 1.690388e+02 3.549778e+01 5.648818e+01
         vertex 1.690388e+02 3.302091e+01 5.648818e+01
         vertex 1.692228e+02 3.567065e+01 5.614227e+01
      endloop
   endfacet
   facet normal 9.045798e-01 -7.162621e-03 4.262442e-01
      outer loop
         vertex 1.692228e+02 3.567065e+01 5.614227e+01
         vertex 1.690388e+02 3.302091e+01 5.648818e+01
         vertex 1.692881e+02 3.302091e+01 5.595896e+01
      endloop
   endfacet
   facet normal 9.444849e-01 5.802494e-04 3.285544e-01
      outer loop
         vertex 1.692228e+02 3.567065e+01 5.614227e+01
         vertex 1.692881e+02 3.302091e+01 5.595896e+01
         vertex 1.692973e+02 3.576348e+01 5.592788e+01
      endloop
   endfacet
   facet normal 9.746093e-01 -7.058824e-04 2.239112e-01
      outer loop
         vertex 1.692973e+02 3.576348e+01 5.592788e+01
         vertex 1.692881e+02 3.302091e+01 5.595896e+01
         vertex 1.693432e+02 3.566986e+01 5.572782e+01
      endloop
   endfacet
   facet normal 8.510376e-01 -2.314082e-04 -5.251048e-01
      outer loop
         vertex 1.478715e+02 3.599778e+01 6.088928e+01
         vertex 1.478608e+02 2.212160e+01 6.087802e+01
         vertex 1.475381e+02 3.599778e+01 6.034882e+01
      endloop
   endfacet
   facet normal 8.036626e-01 -4.001673e-03 -5.950718e-01
      outer loop
         vertex 1.475381e+02 3.599778e+01 6.034882e+01
         vertex 1.478608e+02 2.212160e+01 6.087802e+01
         vertex 1.476574e+02 2.169933e+01 6.060612e+01
      endloop
   endfacet
   facet normal 9.071965e-01 0.000000e+00 -4.207071e-01
      outer loop
         vertex 1.475381e+02 3.599778e+01 6.034882e+01
         vertex 1.476574e+02 2.169933e+01 6.060612e+01
         vertex 1.475381e+02 2.141251e+01 6.034882e+01
      endloop
   endfacet
   facet normal 9.725459e-02 0.000000e+00 -9.952595e-01
      outer loop
         vertex 1.484938e+02 3.599778e+01 6.127742e+01
         vertex 1.491259e+02 3.599778e+01 6.133918e+01
         vertex 1.491259e+02 2.449194e+01 6.133918e+01
      endloop
   endfacet
   facet normal 1.344783e-02 -4.628588e-03 -9.998989e-01
      outer loop
         vertex 1.491259e+02 2.449194e+01 6.133918e+01
         vertex 1.487647e+02 2.381646e+01 6.133745e+01
         vertex 1.484938e+02 3.599778e+01 6.127742e+01
      endloop
   endfacet
   facet normal 2.440458e-01 6.478895e-04 -9.697635e-01
      outer loop
         vertex 1.484938e+02 3.599778e+01 6.127742e+01
         vertex 1.487647e+02 2.381646e+01 6.133745e+01
         vertex 1.484101e+02 2.315868e+01 6.124777e+01
      endloop
   endfacet
   facet normal 5.292220e-01 -1.492035e-03 -8.484821e-01
      outer loop
         vertex 1.484938e+02 3.599778e+01 6.127742e+01
         vertex 1.484101e+02 2.315868e+01 6.124777e+01
         vertex 1.478715e+02 3.599778e+01 6.088928e+01
      endloop
   endfacet
   facet normal 4.686729e-01 -5.005678e-03 -8.833576e-01
      outer loop
         vertex 1.478715e+02 3.599778e+01 6.088928e+01
         vertex 1.484101e+02 2.315868e+01 6.124777e+01
         vertex 1.481190e+02 2.261615e+01 6.109641e+01
      endloop
   endfacet
   facet normal 6.456561e-01 1.206917e-04 -7.636283e-01
      outer loop
         vertex 1.478715e+02 3.599778e+01 6.088928e+01
         vertex 1.481190e+02 2.261615e+01 6.109641e+01
         vertex 1.478608e+02 2.212160e+01 6.087802e+01
      endloop
   endfacet
   facet normal 9.326565e-01 -0.000000e+00 3.607657e-01
      outer loop
         vertex 1.477129e+02 2.148233e+01 4.155804e+01
         vertex 1.477129e+02 3.599778e+01 4.155804e+01
         vertex 1.476887e+02 2.142306e+01 4.162076e+01
      endloop
   endfacet
   facet normal 8.574611e-01 7.870068e-04 5.145482e-01
      outer loop
         vertex 1.476887e+02 2.142306e+01 4.162076e+01
         vertex 1.477129e+02 3.599778e+01 4.155804e+01
         vertex 1.474156e+02 3.599778e+01 4.205351e+01
      endloop
   endfacet
   facet normal 8.731295e-01 1.884115e-03 4.874846e-01
      outer loop
         vertex 1.476887e+02 2.142306e+01 4.162076e+01
         vertex 1.474156e+02 3.599778e+01 4.205351e+01
         vertex 1.475195e+02 2.115250e+01 4.192481e+01
      endloop
   endfacet
   facet normal 7.414083e-01 -6.290453e-04 6.710539e-01
      outer loop
         vertex 1.475195e+02 2.115250e+01 4.192481e+01
         vertex 1.474156e+02 3.599778e+01 4.205351e+01
         vertex 1.472943e+02 2.093654e+01 4.217343e+01
      endloop
   endfacet
   facet normal 5.745614e-01 1.888635e-03 8.184593e-01
      outer loop
         vertex 1.472943e+02 2.093654e+01 4.217343e+01
         vertex 1.474156e+02 3.599778e+01 4.205351e+01
         vertex 1.468692e+02 3.599778e+01 4.243711e+01
      endloop
   endfacet
   facet normal 5.643545e-01 1.476729e-03 8.255312e-01
      outer loop
         vertex 1.472943e+02 2.093654e+01 4.217343e+01
         vertex 1.468692e+02 3.599778e+01 4.243711e+01
         vertex 1.469925e+02 2.073761e+01 4.238014e+01
      endloop
   endfacet
   facet normal 3.542322e-01 -6.298956e-04 9.351573e-01
      outer loop
         vertex 1.469925e+02 2.073761e+01 4.238014e+01
         vertex 1.468692e+02 3.599778e+01 4.243711e+01
         vertex 1.466666e+02 2.057562e+01 4.250347e+01
      endloop
   endfacet
   facet normal 1.926109e-01 1.691908e-03 9.812738e-01
      outer loop
         vertex 1.466666e+02 2.057562e+01 4.250347e+01
         vertex 1.468692e+02 3.599778e+01 4.243711e+01
         vertex 1.463022e+02 3.599778e+01 4.254840e+01
      endloop
   endfacet
   facet normal 1.223874e-01 0.000000e+00 9.924824e-01
      outer loop
         vertex 1.466666e+02 2.057562e+01 4.250347e+01
         vertex 1.463022e+02 3.599778e+01 4.254840e+01
         vertex 1.463022e+02 2.042798e+01 4.254840e+01
      endloop
   endfacet
   facet normal 3.120245e-02 0.000000e+00 -9.995131e-01
      outer loop
         vertex 1.462173e+02 2.039694e+01 5.935132e+01
         vertex 1.461237e+02 2.036167e+01 5.934840e+01
         vertex 1.461237e+02 3.599778e+01 5.934840e+01
      endloop
   endfacet
   facet normal 1.784474e-01 8.859295e-04 -9.839491e-01
      outer loop
         vertex 1.462173e+02 2.039694e+01 5.935132e+01
         vertex 1.461237e+02 3.599778e+01 5.934840e+01
         vertex 1.465629e+02 2.054166e+01 5.941414e+01
      endloop
   endfacet
   facet normal 1.937165e-01 1.332087e-03 -9.810567e-01
      outer loop
         vertex 1.465629e+02 2.054166e+01 5.941414e+01
         vertex 1.461237e+02 3.599778e+01 5.934840e+01
         vertex 1.466939e+02 3.599778e+01 5.946098e+01
      endloop
   endfacet
   facet normal 4.026943e-01 -6.379258e-04 -9.153343e-01
      outer loop
         vertex 1.465629e+02 2.054166e+01 5.941414e+01
         vertex 1.466939e+02 3.599778e+01 5.946098e+01
         vertex 1.468835e+02 2.070817e+01 5.955509e+01
      endloop
   endfacet
   facet normal 5.774694e-01 2.139117e-03 -8.164095e-01
      outer loop
         vertex 1.468835e+02 2.070817e+01 5.955509e+01
         vertex 1.466939e+02 3.599778e+01 5.946098e+01
         vertex 1.472420e+02 3.599778e+01 5.984873e+01
      endloop
   endfacet
   facet normal 5.950332e-01 1.483191e-03 -8.036998e-01
      outer loop
         vertex 1.468835e+02 2.070817e+01 5.955509e+01
         vertex 1.472420e+02 3.599778e+01 5.984873e+01
         vertex 1.471408e+02 2.088455e+01 5.974586e+01
      endloop
   endfacet
   facet normal 8.605292e-01 0.000000e+00 -5.094012e-01
      outer loop
         vertex 1.475381e+02 3.599778e+01 6.034882e+01
         vertex 1.475381e+02 2.141251e+01 6.034882e+01
         vertex 1.472420e+02 3.599778e+01 5.984873e+01
      endloop
   endfacet
   facet normal 8.952000e-01 2.889416e-03 -4.456552e-01
      outer loop
         vertex 1.472420e+02 3.599778e+01 5.984873e+01
         vertex 1.475381e+02 2.141251e+01 6.034882e+01
         vertex 1.473787e+02 2.112473e+01 6.002681e+01
      endloop
   endfacet
   facet normal 7.634138e-01 -7.191904e-04 -6.459094e-01
      outer loop
         vertex 1.472420e+02 3.599778e+01 5.984873e+01
         vertex 1.473787e+02 2.112473e+01 6.002681e+01
         vertex 1.471408e+02 2.088455e+01 5.974586e+01
      endloop
   endfacet
   facet normal -2.719082e-01 0.000000e+00 -9.623232e-01
      outer loop
         vertex 1.581970e+02 2.852660e+01 5.981429e+01
         vertex 1.581970e+02 3.079778e+01 5.981429e+01
         vertex 1.583648e+02 2.834013e+01 5.976687e+01
      endloop
   endfacet
   facet normal -4.182315e-01 -1.103629e-02 -9.082734e-01
      outer loop
         vertex 1.583648e+02 2.834013e+01 5.976687e+01
         vertex 1.581970e+02 3.079778e+01 5.981429e+01
         vertex 1.587765e+02 3.079778e+01 5.954742e+01
      endloop
   endfacet
   facet normal -4.425906e-01 -5.922599e-03 -8.967042e-01
      outer loop
         vertex 1.583648e+02 2.834013e+01 5.976687e+01
         vertex 1.587765e+02 3.079778e+01 5.954742e+01
         vertex 1.586845e+02 2.796791e+01 5.961155e+01
      endloop
   endfacet
   facet normal -5.713863e-01 -9.900478e-06 -8.206813e-01
      outer loop
         vertex 1.586845e+02 2.796791e+01 5.961155e+01
         vertex 1.587765e+02 3.079778e+01 5.954742e+01
         vertex 1.587759e+02 2.785408e+01 5.954790e+01
      endloop
   endfacet
   facet normal -6.643216e-01 2.158205e-05 -7.474469e-01
      outer loop
         vertex 1.587759e+02 2.785408e+01 5.954790e+01
         vertex 1.587765e+02 3.079778e+01 5.954742e+01
         vertex 1.589580e+02 2.760994e+01 5.938607e+01
      endloop
   endfacet
   facet normal -7.795207e-01 -1.266994e-02 -6.262483e-01
      outer loop
         vertex 1.589580e+02 2.760994e+01 5.938607e+01
         vertex 1.587765e+02 3.079778e+01 5.954742e+01
         vertex 1.592380e+02 3.079778e+01 5.897298e+01
      endloop
   endfacet
   facet normal -8.089170e-01 -5.118338e-03 -5.879006e-01
      outer loop
         vertex 1.589580e+02 2.760994e+01 5.938607e+01
         vertex 1.592380e+02 3.079778e+01 5.897298e+01
         vertex 1.591873e+02 2.723768e+01 5.907375e+01
      endloop
   endfacet
   facet normal -9.287011e-01 2.732652e-03 -3.708191e-01
      outer loop
         vertex 1.591873e+02 2.723768e+01 5.907375e+01
         vertex 1.592380e+02 3.079778e+01 5.897298e+01
         vertex 1.593267e+02 2.690016e+01 5.872217e+01
      endloop
   endfacet
   facet normal -9.770856e-01 -8.544658e-03 -2.126751e-01
      outer loop
         vertex 1.593267e+02 2.690016e+01 5.872217e+01
         vertex 1.592380e+02 3.079778e+01 5.897298e+01
         vertex 1.593737e+02 3.079778e+01 5.834954e+01
      endloop
   endfacet
   facet normal -9.921315e-01 0.000000e+00 -1.252004e-01
      outer loop
         vertex 1.593267e+02 2.690016e+01 5.872217e+01
         vertex 1.593737e+02 3.079778e+01 5.834954e+01
         vertex 1.593737e+02 2.660117e+01 5.834954e+01
      endloop
   endfacet
   facet normal -5.484014e-01 0.000000e+00 8.362152e-01
      outer loop
         vertex 1.586632e+02 3.079778e+01 5.371184e+01
         vertex 1.586632e+02 2.572361e+01 5.371184e+01
         vertex 1.587283e+02 2.575742e+01 5.375454e+01
      endloop
   endfacet
   facet normal -6.557747e-01 -2.074983e-03 7.549538e-01
      outer loop
         vertex 1.586632e+02 3.079778e+01 5.371184e+01
         vertex 1.587283e+02 2.575742e+01 5.375454e+01
         vertex 1.590262e+02 3.079778e+01 5.402712e+01
      endloop
   endfacet
   facet normal -9.928869e-01 0.000000e+00 1.190614e-01
      outer loop
         vertex 1.593737e+02 2.609600e+01 5.498728e+01
         vertex 1.593737e+02 3.079778e+01 5.498728e+01
         vertex 1.593320e+02 2.607391e+01 5.463903e+01
      endloop
   endfacet
   facet normal -9.870708e-01 -3.088294e-03 1.602550e-01
      outer loop
         vertex 1.593320e+02 2.607391e+01 5.463903e+01
         vertex 1.593737e+02 3.079778e+01 5.498728e+01
         vertex 1.592967e+02 3.079778e+01 5.451272e+01
      endloop
   endfacet
   facet normal -9.353601e-01 2.469933e-03 3.536883e-01
      outer loop
         vertex 1.593320e+02 2.607391e+01 5.463903e+01
         vertex 1.592967e+02 3.079778e+01 5.451272e+01
         vertex 1.592055e+02 2.600719e+01 5.430516e+01
      endloop
   endfacet
   facet normal -8.735799e-01 -4.466639e-03 4.866603e-01
      outer loop
         vertex 1.592055e+02 2.600719e+01 5.430516e+01
         vertex 1.592967e+02 3.079778e+01 5.451272e+01
         vertex 1.590262e+02 3.079778e+01 5.402712e+01
      endloop
   endfacet
   facet normal -8.292537e-01 1.384079e-03 5.588707e-01
      outer loop
         vertex 1.592055e+02 2.600719e+01 5.430516e+01
         vertex 1.590262e+02 3.079778e+01 5.402712e+01
         vertex 1.589971e+02 2.589767e+01 5.399609e+01
      endloop
   endfacet
   facet normal -6.682315e-01 -7.438953e-04 7.439530e-01
      outer loop
         vertex 1.589971e+02 2.589767e+01 5.399609e+01
         vertex 1.590262e+02 3.079778e+01 5.402712e+01
         vertex 1.587283e+02 2.575742e+01 5.375454e+01
      endloop
   endfacet
   facet normal -9.870755e-01 0.000000e+00 -1.602558e-01
      outer loop
         vertex 1.592967e+02 3.079778e+01 4.738409e+01
         vertex 1.593737e+02 3.079778e+01 4.690953e+01
         vertex 1.593737e+02 2.609600e+01 4.690953e+01
      endloop
   endfacet
   facet normal -6.557738e-01 -2.663842e-03 -7.549528e-01
      outer loop
         vertex 1.590262e+02 3.079778e+01 4.786968e+01
         vertex 1.589478e+02 2.587190e+01 4.795510e+01
         vertex 1.586632e+02 3.079778e+01 4.818496e+01
      endloop
   endfacet
   facet normal -6.282772e-01 -0.000000e+00 -7.779896e-01
      outer loop
         vertex 1.586632e+02 3.079778e+01 4.818496e+01
         vertex 1.589478e+02 2.587190e+01 4.795510e+01
         vertex 1.586632e+02 2.572361e+01 4.818496e+01
      endloop
   endfacet
   facet normal -9.996409e-01 -1.407976e-02 -2.279796e-02
      outer loop
         vertex 1.593737e+02 2.609600e+01 4.690953e+01
         vertex 1.593722e+02 2.609518e+01 4.697832e+01
         vertex 1.592967e+02 3.079778e+01 4.738409e+01
      endloop
   endfacet
   facet normal -9.863005e-01 -1.599721e-03 -1.649509e-01
      outer loop
         vertex 1.592967e+02 3.079778e+01 4.738409e+01
         vertex 1.593722e+02 2.609518e+01 4.697832e+01
         vertex 1.593145e+02 2.606467e+01 4.732352e+01
      endloop
   endfacet
   facet normal -8.735848e-01 2.941415e-03 -4.866631e-01
      outer loop
         vertex 1.592967e+02 3.079778e+01 4.738409e+01
         vertex 1.593145e+02 2.606467e+01 4.732352e+01
         vertex 1.590262e+02 3.079778e+01 4.786968e+01
      endloop
   endfacet
   facet normal -9.165852e-01 -9.710489e-03 -3.997216e-01
      outer loop
         vertex 1.590262e+02 3.079778e+01 4.786968e+01
         vertex 1.593145e+02 2.606467e+01 4.732352e+01
         vertex 1.591685e+02 2.598768e+01 4.766018e+01
      endloop
   endfacet
   facet normal -8.011472e-01 2.361458e-03 -5.984627e-01
      outer loop
         vertex 1.590262e+02 3.079778e+01 4.786968e+01
         vertex 1.591685e+02 2.598768e+01 4.766018e+01
         vertex 1.589478e+02 2.587190e+01 4.795510e+01
      endloop
   endfacet
   facet normal -9.771212e-01 -3.563348e-04 2.126829e-01
      outer loop
         vertex 1.593737e+02 3.079778e+01 4.354727e+01
         vertex 1.592380e+02 3.079778e+01 4.292383e+01
         vertex 1.592406e+02 2.712858e+01 4.292947e+01
      endloop
   endfacet
   facet normal -9.441170e-01 -2.112752e-02 3.289328e-01
      outer loop
         vertex 1.592406e+02 2.712858e+01 4.292947e+01
         vertex 1.593139e+02 2.694156e+01 4.312789e+01
         vertex 1.593737e+02 3.079778e+01 4.354727e+01
      endloop
   endfacet
   facet normal -9.731004e-01 -9.936552e-03 2.301672e-01
      outer loop
         vertex 1.593737e+02 3.079778e+01 4.354727e+01
         vertex 1.593139e+02 2.694156e+01 4.312789e+01
         vertex 1.593444e+02 2.683340e+01 4.325229e+01
      endloop
   endfacet
   facet normal -9.951060e-01 0.000000e+00 9.881329e-02
      outer loop
         vertex 1.593737e+02 3.079778e+01 4.354727e+01
         vertex 1.593444e+02 2.683340e+01 4.325229e+01
         vertex 1.593737e+02 2.660117e+01 4.354727e+01
      endloop
   endfacet
   facet normal -4.182570e-01 0.000000e+00 9.083287e-01
      outer loop
         vertex 1.587765e+02 3.079778e+01 4.234938e+01
         vertex 1.581970e+02 3.079778e+01 4.208252e+01
         vertex 1.581970e+02 2.852660e+01 4.208252e+01
      endloop
   endfacet
   facet normal -3.539350e-01 -1.955523e-02 9.350656e-01
      outer loop
         vertex 1.581970e+02 2.852660e+01 4.208252e+01
         vertex 1.585462e+02 2.813275e+01 4.220648e+01
         vertex 1.587765e+02 3.079778e+01 4.234938e+01
      endloop
   endfacet
   facet normal -5.480920e-01 2.512061e-03 8.364143e-01
      outer loop
         vertex 1.587765e+02 3.079778e+01 4.234938e+01
         vertex 1.585462e+02 2.813275e+01 4.220648e+01
         vertex 1.588405e+02 2.777053e+01 4.240042e+01
      endloop
   endfacet
   facet normal -7.795696e-01 -5.924765e-03 6.262876e-01
      outer loop
         vertex 1.587765e+02 3.079778e+01 4.234938e+01
         vertex 1.588405e+02 2.777053e+01 4.240042e+01
         vertex 1.592380e+02 3.079778e+01 4.292383e+01
      endloop
   endfacet
   facet normal -7.414788e-01 -1.860817e-02 6.707182e-01
      outer loop
         vertex 1.592380e+02 3.079778e+01 4.292383e+01
         vertex 1.588405e+02 2.777053e+01 4.240042e+01
         vertex 1.590795e+02 2.742619e+01 4.265508e+01
      endloop
   endfacet
   facet normal -8.623370e-01 1.757196e-04 5.063347e-01
      outer loop
         vertex 1.592380e+02 3.079778e+01 4.292383e+01
         vertex 1.590795e+02 2.742619e+01 4.265508e+01
         vertex 1.592406e+02 2.712858e+01 4.292947e+01
      endloop
   endfacet
   facet normal -3.422000e-02 0.000000e+00 9.994143e-01
      outer loop
         vertex 1.493000e+02 2.455946e+01 4.057807e+01
         vertex 1.493000e+02 3.599778e+01 4.057807e+01
         vertex 1.490497e+02 2.408676e+01 4.056950e+01
      endloop
   endfacet
   facet normal 9.451502e-02 -2.702962e-03 9.955198e-01
      outer loop
         vertex 1.490497e+02 2.408676e+01 4.056950e+01
         vertex 1.493000e+02 3.599778e+01 4.057807e+01
         vertex 1.486702e+02 3.599778e+01 4.063787e+01
      endloop
   endfacet
   facet normal 6.042830e-01 -4.302462e-04 7.967697e-01
      outer loop
         vertex 1.480794e+02 2.227422e+01 4.099091e+01
         vertex 1.483702e+02 2.282545e+01 4.077069e+01
         vertex 1.480485e+02 3.599778e+01 4.102174e+01
      endloop
   endfacet
   facet normal 4.584881e-01 -5.742016e-03 8.886820e-01
      outer loop
         vertex 1.480485e+02 3.599778e+01 4.102174e+01
         vertex 1.483702e+02 2.282545e+01 4.077069e+01
         vertex 1.485297e+02 2.312193e+01 4.069032e+01
      endloop
   endfacet
   facet normal 5.253774e-01 -2.269293e-03 8.508663e-01
      outer loop
         vertex 1.480485e+02 3.599778e+01 4.102174e+01
         vertex 1.485297e+02 2.312193e+01 4.069032e+01
         vertex 1.486702e+02 3.599778e+01 4.063787e+01
      endloop
   endfacet
   facet normal 3.381601e-01 1.422608e-04 9.410886e-01
      outer loop
         vertex 1.486702e+02 3.599778e+01 4.063787e+01
         vertex 1.485297e+02 2.312193e+01 4.069032e+01
         vertex 1.487046e+02 2.344618e+01 4.062743e+01
      endloop
   endfacet
   facet normal 1.661851e-01 -3.655726e-04 9.860945e-01
      outer loop
         vertex 1.486702e+02 3.599778e+01 4.063787e+01
         vertex 1.487046e+02 2.344618e+01 4.062743e+01
         vertex 1.490497e+02 2.408676e+01 4.056950e+01
      endloop
   endfacet
   facet normal 7.746848e-01 3.223801e-04 6.323474e-01
      outer loop
         vertex 1.480794e+02 2.227422e+01 4.099091e+01
         vertex 1.480485e+02 3.599778e+01 4.102174e+01
         vertex 1.478589e+02 2.182551e+01 4.126122e+01
      endloop
   endfacet
   facet normal 8.477141e-01 -2.376435e-03 5.304481e-01
      outer loop
         vertex 1.478589e+02 2.182551e+01 4.126122e+01
         vertex 1.480485e+02 3.599778e+01 4.102174e+01
         vertex 1.477129e+02 3.599778e+01 4.155804e+01
      endloop
   endfacet
   facet normal 8.973200e-01 0.000000e+00 4.413805e-01
      outer loop
         vertex 1.478589e+02 2.182551e+01 4.126122e+01
         vertex 1.477129e+02 3.599778e+01 4.155804e+01
         vertex 1.477129e+02 2.148233e+01 4.155804e+01
      endloop
   endfacet
   facet normal 9.996681e-01 0.000000e+00 2.576264e-02
      outer loop
         vertex 1.613737e+02 3.079778e+01 5.498728e+01
         vertex 1.613737e+02 2.718452e+01 5.498728e+01
         vertex 1.613757e+02 2.718565e+01 5.490922e+01
      endloop
   endfacet
   facet normal 9.870713e-01 -2.913409e-03 1.602551e-01
      outer loop
         vertex 1.613737e+02 3.079778e+01 5.498728e+01
         vertex 1.613757e+02 2.718565e+01 5.490922e+01
         vertex 1.614508e+02 3.079778e+01 5.451272e+01
      endloop
   endfacet
   facet normal 6.279393e-01 -0.000000e+00 7.782623e-01
      outer loop
         vertex 1.620842e+02 2.758587e+01 5.371184e+01
         vertex 1.620842e+02 3.079778e+01 5.371184e+01
         vertex 1.618017e+02 2.742536e+01 5.393978e+01
      endloop
   endfacet
   facet normal 6.557711e-01 -3.907116e-03 7.549497e-01
      outer loop
         vertex 1.618017e+02 2.742536e+01 5.393978e+01
         vertex 1.620842e+02 3.079778e+01 5.371184e+01
         vertex 1.617213e+02 3.079778e+01 5.402712e+01
      endloop
   endfacet
   facet normal 7.986396e-01 3.467864e-03 6.017997e-01
      outer loop
         vertex 1.618017e+02 2.742536e+01 5.393978e+01
         vertex 1.617213e+02 3.079778e+01 5.402712e+01
         vertex 1.615816e+02 2.730117e+01 5.423258e+01
      endloop
   endfacet
   facet normal 8.735742e-01 -6.290413e-03 4.866504e-01
      outer loop
         vertex 1.615816e+02 2.730117e+01 5.423258e+01
         vertex 1.617213e+02 3.079778e+01 5.402712e+01
         vertex 1.614508e+02 3.079778e+01 5.451272e+01
      endloop
   endfacet
   facet normal 9.155409e-01 2.044974e-03 4.022197e-01
      outer loop
         vertex 1.615816e+02 2.730117e+01 5.423258e+01
         vertex 1.614508e+02 3.079778e+01 5.451272e+01
         vertex 1.614350e+02 2.721882e+01 5.456685e+01
      endloop
   endfacet
   facet normal 9.853820e-01 -1.770209e-03 1.703500e-01
      outer loop
         vertex 1.614350e+02 2.721882e+01 5.456685e+01
         vertex 1.614508e+02 3.079778e+01 5.451272e+01
         vertex 1.613757e+02 2.718565e+01 5.490922e+01
      endloop
   endfacet
   facet normal 9.927987e-01 0.000000e+00 -1.197949e-01
      outer loop
         vertex 1.613737e+02 2.718452e+01 5.707893e+01
         vertex 1.613737e+02 3.079778e+01 5.707893e+01
         vertex 1.614150e+02 2.720764e+01 5.742113e+01
      endloop
   endfacet
   facet normal 9.868490e-01 -4.052571e-03 -1.615940e-01
      outer loop
         vertex 1.614150e+02 2.720764e+01 5.742113e+01
         vertex 1.613737e+02 3.079778e+01 5.707893e+01
         vertex 1.614521e+02 3.079778e+01 5.755736e+01
      endloop
   endfacet
   facet normal 9.348273e-01 3.826749e-03 -3.550822e-01
      outer loop
         vertex 1.614150e+02 2.720764e+01 5.742113e+01
         vertex 1.614521e+02 3.079778e+01 5.755736e+01
         vertex 1.615405e+02 2.727803e+01 5.775224e+01
      endloop
   endfacet
   facet normal 8.604092e-01 -6.596095e-03 -5.095611e-01
      outer loop
         vertex 1.615405e+02 2.727803e+01 5.775224e+01
         vertex 1.614521e+02 3.079778e+01 5.755736e+01
         vertex 1.617708e+02 3.079778e+01 5.809560e+01
      endloop
   endfacet
   facet normal 8.306917e-01 -4.980920e-05 -5.567327e-01
      outer loop
         vertex 1.615405e+02 2.727803e+01 5.775224e+01
         vertex 1.617708e+02 3.079778e+01 5.809560e+01
         vertex 1.617484e+02 2.739519e+01 5.806244e+01
      endloop
   endfacet
   facet normal 6.750579e-01 2.740030e-03 -7.377597e-01
      outer loop
         vertex 1.617484e+02 2.739519e+01 5.806244e+01
         vertex 1.617708e+02 3.079778e+01 5.809560e+01
         vertex 1.620188e+02 2.754860e+01 5.831047e+01
      endloop
   endfacet
   facet normal 5.777461e-01 -9.872750e-03 -8.161568e-01
      outer loop
         vertex 1.620188e+02 2.754860e+01 5.831047e+01
         vertex 1.617708e+02 3.079778e+01 5.809560e+01
         vertex 1.622814e+02 3.079778e+01 5.845702e+01
      endloop
   endfacet
   facet normal 4.770633e-01 1.091195e-03 -8.788682e-01
      outer loop
         vertex 1.620188e+02 2.754860e+01 5.831047e+01
         vertex 1.622814e+02 3.079778e+01 5.845702e+01
         vertex 1.623382e+02 2.773124e+01 5.848408e+01
      endloop
   endfacet
   facet normal 2.402086e-01 -4.111231e-03 -9.707126e-01
      outer loop
         vertex 1.623382e+02 2.773124e+01 5.848408e+01
         vertex 1.622814e+02 3.079778e+01 5.845702e+01
         vertex 1.626937e+02 2.793639e+01 5.857118e+01
      endloop
   endfacet
   facet normal 1.946334e-01 -1.108202e-02 -9.808134e-01
      outer loop
         vertex 1.626937e+02 2.793639e+01 5.857118e+01
         vertex 1.622814e+02 3.079778e+01 5.845702e+01
         vertex 1.628950e+02 3.079778e+01 5.857878e+01
      endloop
   endfacet
   facet normal -1.389355e-03 2.753601e-03 -9.999952e-01
      outer loop
         vertex 1.626937e+02 2.793639e+01 5.857118e+01
         vertex 1.628950e+02 3.079778e+01 5.857878e+01
         vertex 1.630404e+02 2.813837e+01 5.857125e+01
      endloop
   endfacet
   facet normal -1.755561e-01 -6.817529e-03 -9.844458e-01
      outer loop
         vertex 1.630404e+02 2.813837e+01 5.857125e+01
         vertex 1.628950e+02 3.079778e+01 5.857878e+01
         vertex 1.633722e+02 3.079778e+01 5.849366e+01
      endloop
   endfacet
   facet normal -2.276923e-01 0.000000e+00 -9.737331e-01
      outer loop
         vertex 1.630404e+02 2.813837e+01 5.857125e+01
         vertex 1.633722e+02 3.079778e+01 5.849366e+01
         vertex 1.633722e+02 2.833347e+01 5.849366e+01
      endloop
   endfacet
   facet normal 5.514115e-01 0.000000e+00 -8.342334e-01
      outer loop
         vertex 1.620842e+02 2.758587e+01 4.818496e+01
         vertex 1.620111e+02 2.754419e+01 4.813661e+01
         vertex 1.620842e+02 3.079778e+01 4.818496e+01
      endloop
   endfacet
   facet normal 6.557720e-01 -3.524512e-03 -7.549507e-01
      outer loop
         vertex 1.620842e+02 3.079778e+01 4.818496e+01
         vertex 1.620111e+02 2.754419e+01 4.813661e+01
         vertex 1.617213e+02 3.079778e+01 4.786968e+01
      endloop
   endfacet
   facet normal 9.929643e-01 0.000000e+00 -1.184143e-01
      outer loop
         vertex 1.613737e+02 2.718452e+01 4.690953e+01
         vertex 1.613737e+02 3.079778e+01 4.690953e+01
         vertex 1.614149e+02 2.720760e+01 4.725522e+01
      endloop
   endfacet
   facet normal 9.870672e-01 -4.096349e-03 -1.602545e-01
      outer loop
         vertex 1.614149e+02 2.720760e+01 4.725522e+01
         vertex 1.613737e+02 3.079778e+01 4.690953e+01
         vertex 1.614508e+02 3.079778e+01 4.738409e+01
      endloop
   endfacet
   facet normal 9.356748e-01 3.329779e-03 -3.528477e-01
      outer loop
         vertex 1.614149e+02 2.720760e+01 4.725522e+01
         vertex 1.614508e+02 3.079778e+01 4.738409e+01
         vertex 1.615397e+02 2.727761e+01 4.758681e+01
      endloop
   endfacet
   facet normal 8.735760e-01 -5.945414e-03 -4.866515e-01
      outer loop
         vertex 1.615397e+02 2.727761e+01 4.758681e+01
         vertex 1.614508e+02 3.079778e+01 4.738409e+01
         vertex 1.617213e+02 3.079778e+01 4.786968e+01
      endloop
   endfacet
   facet normal 8.309143e-01 1.859357e-03 -5.563973e-01
      outer loop
         vertex 1.615397e+02 2.727761e+01 4.758681e+01
         vertex 1.617213e+02 3.079778e+01 4.786968e+01
         vertex 1.617459e+02 2.739379e+01 4.789511e+01
      endloop
   endfacet
   facet normal 6.735469e-01 -6.444331e-04 -7.391442e-01
      outer loop
         vertex 1.617459e+02 2.739379e+01 4.789511e+01
         vertex 1.617213e+02 3.079778e+01 4.786968e+01
         vertex 1.620111e+02 2.754419e+01 4.813661e+01
      endloop
   endfacet
   facet normal 9.962225e-01 0.000000e+00 8.683730e-02
      outer loop
         vertex 1.613737e+02 3.079778e+01 4.481788e+01
         vertex 1.613737e+02 2.718452e+01 4.481788e+01
         vertex 1.613956e+02 2.719679e+01 4.456650e+01
      endloop
   endfacet
   facet normal 9.868434e-01 -5.275721e-03 1.615931e-01
      outer loop
         vertex 1.613737e+02 3.079778e+01 4.481788e+01
         vertex 1.613956e+02 2.719679e+01 4.456650e+01
         vertex 1.614521e+02 3.079778e+01 4.433945e+01
      endloop
   endfacet
   facet normal -2.146015e-01 0.000000e+00 9.767017e-01
      outer loop
         vertex 1.633722e+02 2.833347e+01 4.340315e+01
         vertex 1.633722e+02 3.079778e+01 4.340315e+01
         vertex 1.629997e+02 2.811454e+01 4.332129e+01
      endloop
   endfacet
   facet normal -1.755574e-01 -5.657499e-03 9.844529e-01
      outer loop
         vertex 1.629997e+02 2.811454e+01 4.332129e+01
         vertex 1.633722e+02 3.079778e+01 4.340315e+01
         vertex 1.628950e+02 3.079778e+01 4.331803e+01
      endloop
   endfacet
   facet normal 3.696959e-02 2.655943e-03 9.993129e-01
      outer loop
         vertex 1.629997e+02 2.811454e+01 4.332129e+01
         vertex 1.628950e+02 3.079778e+01 4.331803e+01
         vertex 1.626198e+02 2.789358e+01 4.333593e+01
      endloop
   endfacet
   facet normal 1.946304e-01 -1.239366e-02 9.807983e-01
      outer loop
         vertex 1.626198e+02 2.789358e+01 4.333593e+01
         vertex 1.628950e+02 3.079778e+01 4.331803e+01
         vertex 1.622814e+02 3.079778e+01 4.343979e+01
      endloop
   endfacet
   facet normal 9.558049e-01 3.558139e-03 2.939802e-01
      outer loop
         vertex 1.613956e+02 2.719679e+01 4.456650e+01
         vertex 1.614987e+02 2.725454e+01 4.423079e+01
         vertex 1.614521e+02 3.079778e+01 4.433945e+01
      endloop
   endfacet
   facet normal 8.604849e-01 -4.303741e-03 5.094578e-01
      outer loop
         vertex 1.614521e+02 3.079778e+01 4.433945e+01
         vertex 1.614987e+02 2.725454e+01 4.423079e+01
         vertex 1.616957e+02 2.736541e+01 4.389900e+01
      endloop
   endfacet
   facet normal 8.604199e-01 -4.322418e-03 5.095674e-01
      outer loop
         vertex 1.614521e+02 3.079778e+01 4.433945e+01
         vertex 1.616957e+02 2.736541e+01 4.389900e+01
         vertex 1.617708e+02 3.079778e+01 4.380121e+01
      endloop
   endfacet
   facet normal 7.133682e-01 4.344723e-03 7.007759e-01
      outer loop
         vertex 1.617708e+02 3.079778e+01 4.380121e+01
         vertex 1.616957e+02 2.736541e+01 4.389900e+01
         vertex 1.619531e+02 2.751123e+01 4.363599e+01
      endloop
   endfacet
   facet normal 5.777510e-01 -8.979562e-03 8.161637e-01
      outer loop
         vertex 1.617708e+02 3.079778e+01 4.380121e+01
         vertex 1.619531e+02 2.751123e+01 4.363599e+01
         vertex 1.622814e+02 3.079778e+01 4.343979e+01
      endloop
   endfacet
   facet normal 5.241697e-01 -1.511938e-03 8.516125e-01
      outer loop
         vertex 1.622814e+02 3.079778e+01 4.343979e+01
         vertex 1.619531e+02 2.751123e+01 4.363599e+01
         vertex 1.622699e+02 2.769203e+01 4.344134e+01
      endloop
   endfacet
   facet normal 2.887428e-01 -5.894329e-04 9.574065e-01
      outer loop
         vertex 1.622814e+02 3.079778e+01 4.343979e+01
         vertex 1.622699e+02 2.769203e+01 4.344134e+01
         vertex 1.626198e+02 2.789358e+01 4.333593e+01
      endloop
   endfacet
   facet normal -0.000000e+00 1.000000e+00 0.000000e+00
      outer loop
         vertex 1.592380e+02 3.079778e+01 4.292383e+01
         vertex 1.628471e+02 3.079778e+01 4.323817e+01
         vertex 1.587765e+02 3.079778e+01 4.234938e+01
      endloop
   endfacet
   facet normal -0.000000e+00 1.000000e+00 0.000000e+00
      outer loop
         vertex 1.587765e+02 3.079778e+01 4.234938e+01
         vertex 1.628471e+02 3.079778e+01 4.323817e+01
         vertex 1.586031e+02 3.079778e+01 4.217311e+01
      endloop
   endfacet
   facet normal 0.000000e+00 1.000000e+00 0.000000e+00
      outer loop
         vertex 1.587765e+02 3.079778e+01 4.234938e+01
         vertex 1.586031e+02 3.079778e+01 4.217311e+01
         vertex 1.581970e+02 3.079778e+01 4.208252e+01
      endloop
   endfacet
   facet normal 0.000000e+00 1.000000e+00 0.000000e+00
      outer loop
         vertex 1.592380e+02 3.079778e+01 4.292383e+01
         vertex 1.622814e+02 3.079778e+01 4.343979e+01
         vertex 1.628471e+02 3.079778e+01 4.323817e+01
      endloop
   endfacet
   facet normal 0.000000e+00 1.000000e+00 -0.000000e+00
      outer loop
         vertex 1.628471e+02 3.079778e+01 4.323817e+01
         vertex 1.622814e+02 3.079778e+01 4.343979e+01
         vertex 1.628950e+02 3.079778e+01 4.331803e+01
      endloop
   endfacet
   facet normal 0.000000e+00 1.000000e+00 0.000000e+00
      outer loop
         vertex 1.628471e+02 3.079778e+01 4.323817e+01
         vertex 1.628950e+02 3.079778e+01 4.331803e+01
         vertex 1.633722e+02 3.079778e+01 4.340315e+01
      endloop
   endfacet
   facet normal -0.000000e+00 1.000000e+00 0.000000e+00
      outer loop
         vertex 1.593737e+02 3.079778e+01 4.354727e+01
         vertex 1.614521e+02 3.079778e+01 4.433945e+01
         vertex 1.592380e+02 3.079778e+01 4.292383e+01
      endloop
   endfacet
   facet normal 0.000000e+00 1.000000e+00 0.000000e+00
      outer loop
         vertex 1.592380e+02 3.079778e+01 4.292383e+01
         vertex 1.614521e+02 3.079778e+01 4.433945e+01
         vertex 1.617708e+02 3.079778e+01 4.380121e+01
      endloop
   endfacet
   facet normal 0.000000e+00 1.000000e+00 0.000000e+00
      outer loop
         vertex 1.592380e+02 3.079778e+01 4.292383e+01
         vertex 1.617708e+02 3.079778e+01 4.380121e+01
         vertex 1.622814e+02 3.079778e+01 4.343979e+01
      endloop
   endfacet
   facet normal 0.000000e+00 1.000000e+00 0.000000e+00
      outer loop
         vertex 1.609381e+02 3.079778e+01 4.774778e+01
         vertex 1.593737e+02 3.079778e+01 4.354727e+01
         vertex 1.598094e+02 3.079778e+01 4.774778e+01
      endloop
   endfacet
   facet normal 0.000000e+00 1.000000e+00 0.000000e+00
      outer loop
         vertex 1.598094e+02 3.079778e+01 4.774778e+01
         vertex 1.593737e+02 3.079778e+01 4.354727e+01
         vertex 1.593737e+02 3.079778e+01 4.690953e+01
      endloop
   endfacet
   facet normal 0.000000e+00 1.000000e+00 -0.000000e+00
      outer loop
         vertex 1.593737e+02 3.079778e+01 4.690953e+01
         vertex 1.592967e+02 3.079778e+01 4.738409e+01
         vertex 1.598094e+02 3.079778e+01 4.774778e+01
      endloop
   endfacet
   facet normal 0.000000e+00 1.000000e+00 0.000000e+00
      outer loop
         vertex 1.598094e+02 3.079778e+01 4.774778e+01
         vertex 1.592967e+02 3.079778e+01 4.738409e+01
         vertex 1.590262e+02 3.079778e+01 4.786968e+01
      endloop
   endfacet
   facet normal 0.000000e+00 1.000000e+00 0.000000e+00
      outer loop
         vertex 1.598094e+02 3.079778e+01 4.774778e+01
         vertex 1.590262e+02 3.079778e+01 4.786968e+01
         vertex 1.587487e+02 3.079778e+01 4.813382e+01
      endloop
   endfacet
   facet normal 0.000000e+00 1.000000e+00 0.000000e+00
      outer loop
         vertex 1.587487e+02 3.079778e+01 4.813382e+01
         vertex 1.590262e+02 3.079778e+01 4.786968e+01
         vertex 1.586632e+02 3.079778e+01 4.818496e+01
      endloop
   endfacet
   facet normal 0.000000e+00 1.000000e+00 0.000000e+00
      outer loop
         vertex 1.620842e+02 3.079778e+01 4.818496e+01
         vertex 1.617213e+02 3.079778e+01 4.786968e+01
         vertex 1.619987e+02 3.079778e+01 4.813382e+01
      endloop
   endfacet
   facet normal 0.000000e+00 1.000000e+00 0.000000e+00
      outer loop
         vertex 1.619987e+02 3.079778e+01 4.813382e+01
         vertex 1.617213e+02 3.079778e+01 4.786968e+01
         vertex 1.609381e+02 3.079778e+01 4.774778e+01
      endloop
   endfacet
   facet normal 0.000000e+00 1.000000e+00 0.000000e+00
      outer loop
         vertex 1.617213e+02 3.079778e+01 4.786968e+01
         vertex 1.614508e+02 3.079778e+01 4.738409e+01
         vertex 1.609381e+02 3.079778e+01 4.774778e+01
      endloop
   endfacet
   facet normal 0.000000e+00 1.000000e+00 0.000000e+00
      outer loop
         vertex 1.609381e+02 3.079778e+01 4.774778e+01
         vertex 1.614508e+02 3.079778e+01 4.738409e+01
         vertex 1.613737e+02 3.079778e+01 4.690953e+01
      endloop
   endfacet
   facet normal 0.000000e+00 1.000000e+00 0.000000e+00
      outer loop
         vertex 1.609381e+02 3.079778e+01 4.774778e+01
         vertex 1.613737e+02 3.079778e+01 4.690953e+01
         vertex 1.593737e+02 3.079778e+01 4.354727e+01
      endloop
   endfacet
   facet normal 0.000000e+00 1.000000e+00 0.000000e+00
      outer loop
         vertex 1.593737e+02 3.079778e+01 4.354727e+01
         vertex 1.613737e+02 3.079778e+01 4.690953e+01
         vertex 1.613737e+02 3.079778e+01 4.481788e+01
      endloop
   endfacet
   facet normal 0.000000e+00 1.000000e+00 0.000000e+00
      outer loop
         vertex 1.593737e+02 3.079778e+01 4.354727e+01
         vertex 1.613737e+02 3.079778e+01 4.481788e+01
         vertex 1.614521e+02 3.079778e+01 4.433945e+01
      endloop
   endfacet
   facet normal -1.000000e+00 0.000000e+00 0.000000e+00
      outer loop
         vertex 1.593737e+02 2.609600e+01 4.690953e+01
         vertex 1.593737e+02 3.079778e+01 4.690953e+01
         vertex 1.593737e+02 2.609600e+01 4.510574e+01
      endloop
   endfacet
   facet normal -1.000000e+00 0.000000e+00 0.000000e+00
      outer loop
         vertex 1.593737e+02 2.609600e+01 4.510574e+01
         vertex 1.593737e+02 3.079778e+01 4.690953e+01
         vertex 1.593737e+02 3.079778e+01 4.354727e+01
      endloop
   endfacet
   facet normal -1.000000e+00 0.000000e+00 0.000000e+00
      outer loop
         vertex 1.593737e+02 2.609600e+01 4.510574e+01
         vertex 1.593737e+02 3.079778e+01 4.354727e+01
         vertex 1.593737e+02 2.610109e+01 4.493909e+01
      endloop
   endfacet
   facet normal -1.000000e+00 0.000000e+00 0.000000e+00
      outer loop
         vertex 1.593737e+02 2.660117e+01 4.354727e+01
         vertex 1.593737e+02 2.634738e+01 4.397491e+01
         vertex 1.593737e+02 3.079778e+01 4.354727e+01
      endloop
   endfacet
   facet normal -1.000000e+00 0.000000e+00 0.000000e+00
      outer loop
         vertex 1.593737e+02 3.079778e+01 4.354727e+01
         vertex 1.593737e+02 2.634738e+01 4.397491e+01
         vertex 1.593737e+02 2.617861e+01 4.444526e+01
      endloop
   endfacet
   facet normal -1.000000e+00 0.000000e+00 0.000000e+00
      outer loop
         vertex 1.593737e+02 3.079778e+01 4.354727e+01
         vertex 1.593737e+02 2.617861e+01 4.444526e+01
         vertex 1.593737e+02 2.610109e+01 4.493909e+01
      endloop
   endfacet
   facet normal 1.000000e+00 0.000000e+00 -0.000000e+00
      outer loop
         vertex 1.613737e+02 3.079778e+01 4.481788e+01
         vertex 1.613737e+02 3.079778e+01 4.690953e+01
         vertex 1.613737e+02 2.718452e+01 4.481788e+01
      endloop
   endfacet
   facet normal 1.000000e+00 0.000000e+00 0.000000e+00
      outer loop
         vertex 1.613737e+02 2.718452e+01 4.481788e+01
         vertex 1.613737e+02 3.079778e+01 4.690953e+01
         vertex 1.613737e+02 2.718452e+01 4.690953e+01
      endloop
   endfacet
   facet normal 0.000000e+00 1.000000e+00 0.000000e+00
      outer loop
         vertex 1.628471e+02 3.079778e+01 5.865864e+01
         vertex 1.633722e+02 3.079778e+01 5.849366e+01
         vertex 1.628950e+02 3.079778e+01 5.857878e+01
      endloop
   endfacet
   facet normal 0.000000e+00 1.000000e+00 0.000000e+00
      outer loop
         vertex 1.581970e+02 3.079778e+01 5.981429e+01
         vertex 1.585489e+02 3.079778e+01 5.973589e+01
         vertex 1.587765e+02 3.079778e+01 5.954742e+01
      endloop
   endfacet
   facet normal -0.000000e+00 1.000000e+00 -0.000000e+00
      outer loop
         vertex 1.587765e+02 3.079778e+01 5.954742e+01
         vertex 1.585489e+02 3.079778e+01 5.973589e+01
         vertex 1.628471e+02 3.079778e+01 5.865864e+01
      endloop
   endfacet
   facet normal 0.000000e+00 1.000000e+00 0.000000e+00
      outer loop
         vertex 1.587765e+02 3.079778e+01 5.954742e+01
         vertex 1.628471e+02 3.079778e+01 5.865864e+01
         vertex 1.592380e+02 3.079778e+01 5.897298e+01
      endloop
   endfacet
   facet normal 0.000000e+00 1.000000e+00 0.000000e+00
      outer loop
         vertex 1.592380e+02 3.079778e+01 5.897298e+01
         vertex 1.628471e+02 3.079778e+01 5.865864e+01
         vertex 1.628950e+02 3.079778e+01 5.857878e+01
      endloop
   endfacet
   facet normal 0.000000e+00 1.000000e+00 0.000000e+00
      outer loop
         vertex 1.628950e+02 3.079778e+01 5.857878e+01
         vertex 1.622814e+02 3.079778e+01 5.845702e+01
         vertex 1.592380e+02 3.079778e+01 5.897298e+01
      endloop
   endfacet
   facet normal 0.000000e+00 1.000000e+00 0.000000e+00
      outer loop
         vertex 1.592380e+02 3.079778e+01 5.897298e+01
         vertex 1.622814e+02 3.079778e+01 5.845702e+01
         vertex 1.617708e+02 3.079778e+01 5.809560e+01
      endloop
   endfacet
   facet normal 0.000000e+00 1.000000e+00 0.000000e+00
      outer loop
         vertex 1.592380e+02 3.079778e+01 5.897298e+01
         vertex 1.617708e+02 3.079778e+01 5.809560e+01
         vertex 1.593737e+02 3.079778e+01 5.834954e+01
      endloop
   endfacet
   facet normal 0.000000e+00 1.000000e+00 0.000000e+00
      outer loop
         vertex 1.593737e+02 3.079778e+01 5.834954e+01
         vertex 1.617708e+02 3.079778e+01 5.809560e+01
         vertex 1.614521e+02 3.079778e+01 5.755736e+01
      endloop
   endfacet
   facet normal 0.000000e+00 1.000000e+00 0.000000e+00
      outer loop
         vertex 1.593737e+02 3.079778e+01 5.834954e+01
         vertex 1.614521e+02 3.079778e+01 5.755736e+01
         vertex 1.613737e+02 3.079778e+01 5.707893e+01
      endloop
   endfacet
   facet normal 0.000000e+00 1.000000e+00 0.000000e+00
      outer loop
         vertex 1.598094e+02 3.079778e+01 5.414903e+01
         vertex 1.592967e+02 3.079778e+01 5.451272e+01
         vertex 1.593737e+02 3.079778e+01 5.498728e+01
      endloop
   endfacet
   facet normal 0.000000e+00 1.000000e+00 0.000000e+00
      outer loop
         vertex 1.620842e+02 3.079778e+01 5.371184e+01
         vertex 1.619987e+02 3.079778e+01 5.376299e+01
         vertex 1.617213e+02 3.079778e+01 5.402712e+01
      endloop
   endfacet
   facet normal 0.000000e+00 1.000000e+00 0.000000e+00
      outer loop
         vertex 1.617213e+02 3.079778e+01 5.402712e+01
         vertex 1.619987e+02 3.079778e+01 5.376299e+01
         vertex 1.609381e+02 3.079778e+01 5.414903e+01
      endloop
   endfacet
   facet normal 0.000000e+00 1.000000e+00 0.000000e+00
      outer loop
         vertex 1.617213e+02 3.079778e+01 5.402712e+01
         vertex 1.609381e+02 3.079778e+01 5.414903e+01
         vertex 1.614508e+02 3.079778e+01 5.451272e+01
      endloop
   endfacet
   facet normal 0.000000e+00 1.000000e+00 0.000000e+00
      outer loop
         vertex 1.592967e+02 3.079778e+01 5.451272e+01
         vertex 1.598094e+02 3.079778e+01 5.414903e+01
         vertex 1.590262e+02 3.079778e+01 5.402712e+01
      endloop
   endfacet
   facet normal -0.000000e+00 1.000000e+00 0.000000e+00
      outer loop
         vertex 1.590262e+02 3.079778e+01 5.402712e+01
         vertex 1.598094e+02 3.079778e+01 5.414903e+01
         vertex 1.587487e+02 3.079778e+01 5.376299e+01
      endloop
   endfacet
   facet normal 0.000000e+00 1.000000e+00 0.000000e+00
      outer loop
         vertex 1.590262e+02 3.079778e+01 5.402712e+01
         vertex 1.587487e+02 3.079778e+01 5.376299e+01
         vertex 1.586632e+02 3.079778e+01 5.371184e+01
      endloop
   endfacet
   facet normal -0.000000e+00 1.000000e+00 0.000000e+00
      outer loop
         vertex 1.593737e+02 3.079778e+01 5.498728e+01
         vertex 1.593737e+02 3.079778e+01 5.834954e+01
         vertex 1.598094e+02 3.079778e+01 5.414903e+01
      endloop
   endfacet
   facet normal 0.000000e+00 1.000000e+00 -0.000000e+00
      outer loop
         vertex 1.598094e+02 3.079778e+01 5.414903e+01
         vertex 1.593737e+02 3.079778e+01 5.834954e+01
         vertex 1.613737e+02 3.079778e+01 5.707893e+01
      endloop
   endfacet
   facet normal 0.000000e+00 1.000000e+00 0.000000e+00
      outer loop
         vertex 1.598094e+02 3.079778e+01 5.414903e+01
         vertex 1.613737e+02 3.079778e+01 5.707893e+01
         vertex 1.609381e+02 3.079778e+01 5.414903e+01
      endloop
   endfacet
   facet normal 0.000000e+00 1.000000e+00 0.000000e+00
      outer loop
         vertex 1.609381e+02 3.079778e+01 5.414903e+01
         vertex 1.613737e+02 3.079778e+01 5.707893e+01
         vertex 1.613737e+02 3.079778e+01 5.498728e+01
      endloop
   endfacet
   facet normal 0.000000e+00 1.000000e+00 0.000000e+00
      outer loop
         vertex 1.609381e+02 3.079778e+01 5.414903e+01
         vertex 1.613737e+02 3.079778e+01 5.498728e+01
         vertex 1.614508e+02 3.079778e+01 5.451272e+01
      endloop
   endfacet
   facet normal -1.000000e+00 0.000000e+00 0.000000e+00
      outer loop
         vertex 1.593737e+02 2.609600e+01 5.498728e+01
         vertex 1.593737e+02 2.609600e+01 5.679106e+01
         vertex 1.593737e+02 3.079778e+01 5.498728e+01
      endloop
   endfacet
   facet normal -1.000000e+00 0.000000e+00 0.000000e+00
      outer loop
         vertex 1.593737e+02 3.079778e+01 5.498728e+01
         vertex 1.593737e+02 2.609600e+01 5.679106e+01
         vertex 1.593737e+02 2.614330e+01 5.729332e+01
      endloop
   endfacet
   facet normal -1.000000e+00 0.000000e+00 -0.000000e+00
      outer loop
         vertex 1.593737e+02 2.660117e+01 5.834954e+01
         vertex 1.593737e+02 3.079778e+01 5.834954e+01
         vertex 1.593737e+02 2.651436e+01 5.822320e+01
      endloop
   endfacet
   facet normal -1.000000e+00 0.000000e+00 0.000000e+00
      outer loop
         vertex 1.593737e+02 2.651436e+01 5.822320e+01
         vertex 1.593737e+02 3.079778e+01 5.834954e+01
         vertex 1.593737e+02 3.079778e+01 5.498728e+01
      endloop
   endfacet
   facet normal -1.000000e+00 0.000000e+00 -0.000000e+00
      outer loop
         vertex 1.593737e+02 2.651436e+01 5.822320e+01
         vertex 1.593737e+02 3.079778e+01 5.498728e+01
         vertex 1.593737e+02 2.628486e+01 5.777788e+01
      endloop
   endfacet
   facet normal -1.000000e+00 0.000000e+00 -0.000000e+00
      outer loop
         vertex 1.593737e+02 2.628486e+01 5.777788e+01
         vertex 1.593737e+02 3.079778e+01 5.498728e+01
         vertex 1.593737e+02 2.614330e+01 5.729332e+01
      endloop
   endfacet
   facet normal 1.000000e+00 -0.000000e+00 0.000000e+00
      outer loop
         vertex 1.613737e+02 2.718452e+01 5.707893e+01
         vertex 1.613737e+02 2.718452e+01 5.498728e+01
         vertex 1.613737e+02 3.079778e+01 5.707893e+01
      endloop
   endfacet
   facet normal 1.000000e+00 0.000000e+00 0.000000e+00
      outer loop
         vertex 1.613737e+02 3.079778e+01 5.707893e+01
         vertex 1.613737e+02 2.718452e+01 5.498728e+01
         vertex 1.613737e+02 3.079778e+01 5.498728e+01
      endloop
   endfacet
   facet normal -4.846910e-01 8.746846e-01 1.223285e-03
      outer loop
         vertex 1.608410e+02 2.688870e+01 5.299575e+01
         vertex 1.612821e+02 2.713337e+01 5.284175e+01
         vertex 1.604119e+02 2.665354e+01 5.111919e+01
      endloop
   endfacet
   facet normal -4.877547e-01 8.729747e-01 3.247391e-03
      outer loop
         vertex 1.604119e+02 2.665354e+01 5.111919e+01
         vertex 1.612821e+02 2.713337e+01 5.284175e+01
         vertex 1.616830e+02 2.735829e+01 5.259025e+01
      endloop
   endfacet
   facet normal -4.892636e-01 8.721219e-01 4.959785e-03
      outer loop
         vertex 1.604119e+02 2.665354e+01 5.111919e+01
         vertex 1.616830e+02 2.735829e+01 5.259025e+01
         vertex 1.620122e+02 2.754482e+01 5.226193e+01
      endloop
   endfacet
   facet normal -4.895023e-01 8.719853e-01 5.400736e-03
      outer loop
         vertex 1.620122e+02 2.754482e+01 5.226193e+01
         vertex 1.622658e+02 2.768965e+01 5.185956e+01
         vertex 1.604119e+02 2.665354e+01 5.111919e+01
      endloop
   endfacet
   facet normal -4.891285e-01 8.722018e-01 4.161468e-03
      outer loop
         vertex 1.604119e+02 2.665354e+01 5.111919e+01
         vertex 1.622658e+02 2.768965e+01 5.185956e+01
         vertex 1.624202e+02 2.777835e+01 5.141952e+01
      endloop
   endfacet
   facet normal -4.888350e-01 8.723749e-01 1.551363e-03
      outer loop
         vertex 1.604119e+02 2.665354e+01 5.111919e+01
         vertex 1.624202e+02 2.777835e+01 5.141952e+01
         vertex 1.624737e+02 2.780918e+01 5.094840e+01
      endloop
   endfacet
   facet normal -4.714292e-01 8.819026e-01 1.529690e-03
      outer loop
         vertex 1.594669e+02 2.614540e+01 5.284253e+01
         vertex 1.599064e+02 2.638008e+01 5.299575e+01
         vertex 1.604119e+02 2.665354e+01 5.111919e+01
      endloop
   endfacet
   facet normal -4.756421e-01 8.796389e-01 6.504856e-05
      outer loop
         vertex 1.604119e+02 2.665354e+01 5.111919e+01
         vertex 1.599064e+02 2.638008e+01 5.299575e+01
         vertex 1.603743e+02 2.663308e+01 5.304840e+01
      endloop
   endfacet
   facet normal -4.803976e-01 8.770508e-01 -5.500491e-05
      outer loop
         vertex 1.604119e+02 2.665354e+01 5.111919e+01
         vertex 1.603743e+02 2.663308e+01 5.304840e+01
         vertex 1.608410e+02 2.688870e+01 5.299575e+01
      endloop
   endfacet
   facet normal -4.669368e-01 8.842734e-01 5.534567e-03
      outer loop
         vertex 1.584817e+02 2.562966e+01 5.185956e+01
         vertex 1.587362e+02 2.576153e+01 5.226313e+01
         vertex 1.604119e+02 2.665354e+01 5.111919e+01
      endloop
   endfacet
   facet normal -4.670979e-01 8.841901e-01 5.233789e-03
      outer loop
         vertex 1.604119e+02 2.665354e+01 5.111919e+01
         vertex 1.587362e+02 2.576153e+01 5.226313e+01
         vertex 1.590644e+02 2.593297e+01 5.259025e+01
      endloop
   endfacet
   facet normal -4.684913e-01 8.834608e-01 3.600179e-03
      outer loop
         vertex 1.604119e+02 2.665354e+01 5.111919e+01
         vertex 1.590644e+02 2.593297e+01 5.259025e+01
         vertex 1.594669e+02 2.614540e+01 5.284253e+01
      endloop
   endfacet
   facet normal -4.713690e-01 8.819351e-01 -1.311890e-03
      outer loop
         vertex 1.599064e+02 2.638008e+01 4.890106e+01
         vertex 1.594663e+02 2.614509e+01 4.905456e+01
         vertex 1.604119e+02 2.665354e+01 5.111919e+01
      endloop
   endfacet
   facet normal -4.682628e-01 8.835836e-01 -3.140408e-03
      outer loop
         vertex 1.604119e+02 2.665354e+01 5.111919e+01
         vertex 1.594663e+02 2.614509e+01 4.905456e+01
         vertex 1.590644e+02 2.593297e+01 4.930656e+01
      endloop
   endfacet
   facet normal -4.666577e-01 8.844257e-01 -4.668427e-03
      outer loop
         vertex 1.590644e+02 2.593297e+01 4.930656e+01
         vertex 1.587363e+02 2.576158e+01 4.963357e+01
         vertex 1.604119e+02 2.665354e+01 5.111919e+01
      endloop
   endfacet
   facet normal -4.663718e-01 8.845742e-01 -5.079992e-03
      outer loop
         vertex 1.604119e+02 2.665354e+01 5.111919e+01
         vertex 1.587363e+02 2.576158e+01 4.963357e+01
         vertex 1.584817e+02 2.562966e+01 5.003725e+01
      endloop
   endfacet
   facet normal -4.668600e-01 8.843223e-01 -3.970786e-03
      outer loop
         vertex 1.604119e+02 2.665354e+01 5.111919e+01
         vertex 1.584817e+02 2.562966e+01 5.003725e+01
         vertex 1.583277e+02 2.555033e+01 5.047542e+01
      endloop
   endfacet
   facet normal -4.674537e-01 8.840163e-01 -1.524170e-03
      outer loop
         vertex 1.583277e+02 2.555033e+01 5.047542e+01
         vertex 1.582737e+02 2.552261e+01 5.094840e+01
         vertex 1.604119e+02 2.665354e+01 5.111919e+01
      endloop
   endfacet
   facet normal -4.676449e-01 8.839151e-01 1.540182e-03
      outer loop
         vertex 1.604119e+02 2.665354e+01 5.111919e+01
         vertex 1.582737e+02 2.552261e+01 5.094840e+01
         vertex 1.583269e+02 2.554991e+01 5.141786e+01
      endloop
   endfacet
   facet normal -4.673460e-01 8.840646e-01 4.179019e-03
      outer loop
         vertex 1.604119e+02 2.665354e+01 5.111919e+01
         vertex 1.583269e+02 2.554991e+01 5.141786e+01
         vertex 1.584817e+02 2.562966e+01 5.185956e+01
      endloop
   endfacet
   facet normal -4.847364e-01 8.746597e-01 -1.046343e-03
      outer loop
         vertex 1.612808e+02 2.713260e+01 4.905441e+01
         vertex 1.608410e+02 2.688870e+01 4.890106e+01
         vertex 1.604119e+02 2.665354e+01 5.111919e+01
      endloop
   endfacet
   facet normal -4.803919e-01 8.770539e-01 4.796913e-05
      outer loop
         vertex 1.604119e+02 2.665354e+01 5.111919e+01
         vertex 1.608410e+02 2.688870e+01 4.890106e+01
         vertex 1.603730e+02 2.663236e+01 4.884840e+01
      endloop
   endfacet
   facet normal -4.756330e-01 8.796438e-01 -5.769086e-05
      outer loop
         vertex 1.604119e+02 2.665354e+01 5.111919e+01
         vertex 1.603730e+02 2.663236e+01 4.884840e+01
         vertex 1.599064e+02 2.638008e+01 4.890106e+01
      endloop
   endfacet
   facet normal -4.889601e-01 8.723061e-01 -4.237557e-04
      outer loop
         vertex 1.624737e+02 2.780918e+01 5.094840e+01
         vertex 1.624698e+02 2.780694e+01 5.082051e+01
         vertex 1.604119e+02 2.665354e+01 5.111919e+01
      endloop
   endfacet
   facet normal -4.891435e-01 8.722008e-01 -2.093857e-03
      outer loop
         vertex 1.604119e+02 2.665354e+01 5.111919e+01
         vertex 1.624698e+02 2.780694e+01 5.082051e+01
         vertex 1.624051e+02 2.776965e+01 5.041582e+01
      endloop
   endfacet
   facet normal -4.896703e-01 8.718982e-01 -4.066847e-03
      outer loop
         vertex 1.604119e+02 2.665354e+01 5.111919e+01
         vertex 1.624051e+02 2.776965e+01 5.041582e+01
         vertex 1.622658e+02 2.768965e+01 5.003725e+01
      endloop
   endfacet
   facet normal -4.900565e-01 8.716766e-01 -4.940866e-03
      outer loop
         vertex 1.622658e+02 2.768965e+01 5.003725e+01
         vertex 1.620111e+02 2.754421e+01 4.963354e+01
         vertex 1.604119e+02 2.665354e+01 5.111919e+01
      endloop
   endfacet
   facet normal -4.896800e-01 8.718911e-01 -4.406911e-03
      outer loop
         vertex 1.604119e+02 2.665354e+01 5.111919e+01
         vertex 1.620111e+02 2.754421e+01 4.963354e+01
         vertex 1.616830e+02 2.735829e+01 4.930656e+01
      endloop
   endfacet
   facet normal -4.879508e-01 8.728666e-01 -2.815019e-03
      outer loop
         vertex 1.604119e+02 2.665354e+01 5.111919e+01
         vertex 1.616830e+02 2.735829e+01 4.930656e+01
         vertex 1.612808e+02 2.713260e+01 4.905441e+01
      endloop
   endfacet
   facet normal -0.000000e+00 1.000000e+00 0.000000e+00
      outer loop
         vertex 1.616830e+02 3.329778e+01 5.259025e+01
         vertex 1.628634e+02 3.329778e+01 5.303746e+01
         vertex 1.622658e+02 3.329778e+01 5.185956e+01
      endloop
   endfacet
   facet normal 0.000000e+00 1.000000e+00 0.000000e+00
      outer loop
         vertex 1.622658e+02 3.329778e+01 5.185956e+01
         vertex 1.628634e+02 3.329778e+01 5.303746e+01
         vertex 1.634277e+02 3.329778e+01 5.205997e+01
      endloop
   endfacet
   facet normal -0.000000e+00 1.000000e+00 0.000000e+00
      outer loop
         vertex 1.622658e+02 3.329778e+01 5.185956e+01
         vertex 1.634277e+02 3.329778e+01 5.205997e+01
         vertex 1.624737e+02 3.329778e+01 5.094840e+01
      endloop
   endfacet
   facet normal 0.000000e+00 1.000000e+00 0.000000e+00
      outer loop
         vertex 1.624737e+02 3.329778e+01 5.094840e+01
         vertex 1.634277e+02 3.329778e+01 5.205997e+01
         vertex 1.636237e+02 3.329778e+01 5.094840e+01
      endloop
   endfacet
   facet normal -0.000000e+00 1.000000e+00 0.000000e+00
      outer loop
         vertex 1.624737e+02 3.329778e+01 5.094840e+01
         vertex 1.636237e+02 3.329778e+01 5.094840e+01
         vertex 1.622658e+02 3.329778e+01 5.003725e+01
      endloop
   endfacet
   facet normal 0.000000e+00 1.000000e+00 0.000000e+00
      outer loop
         vertex 1.636237e+02 3.329778e+01 5.094840e+01
         vertex 1.634277e+02 3.329778e+01 4.983684e+01
         vertex 1.622658e+02 3.329778e+01 5.003725e+01
      endloop
   endfacet
   facet normal 0.000000e+00 1.000000e+00 0.000000e+00
      outer loop
         vertex 1.622658e+02 3.329778e+01 5.003725e+01
         vertex 1.634277e+02 3.329778e+01 4.983684e+01
         vertex 1.628634e+02 3.329778e+01 4.885934e+01
      endloop
   endfacet
   facet normal 0.000000e+00 1.000000e+00 0.000000e+00
      outer loop
         vertex 1.622658e+02 3.329778e+01 5.003725e+01
         vertex 1.628634e+02 3.329778e+01 4.885934e+01
         vertex 1.616830e+02 3.329778e+01 4.930656e+01
      endloop
   endfacet
   facet normal 0.000000e+00 1.000000e+00 0.000000e+00
      outer loop
         vertex 1.616830e+02 3.329778e+01 4.930656e+01
         vertex 1.628634e+02 3.329778e+01 4.885934e+01
         vertex 1.619987e+02 3.329778e+01 4.813382e+01
      endloop
   endfacet
   facet normal 0.000000e+00 1.000000e+00 0.000000e+00
      outer loop
         vertex 1.616830e+02 3.329778e+01 4.930656e+01
         vertex 1.619987e+02 3.329778e+01 4.813382e+01
         vertex 1.608410e+02 3.329778e+01 4.890106e+01
      endloop
   endfacet
   facet normal 0.000000e+00 1.000000e+00 0.000000e+00
      outer loop
         vertex 1.608410e+02 3.329778e+01 4.890106e+01
         vertex 1.619987e+02 3.329778e+01 4.813382e+01
         vertex 1.609381e+02 3.329778e+01 4.774778e+01
      endloop
   endfacet
   facet normal 0.000000e+00 1.000000e+00 0.000000e+00
      outer loop
         vertex 1.608410e+02 3.329778e+01 4.890106e+01
         vertex 1.609381e+02 3.329778e+01 4.774778e+01
         vertex 1.599064e+02 3.329778e+01 4.890106e+01
      endloop
   endfacet
   facet normal 0.000000e+00 1.000000e+00 0.000000e+00
      outer loop
         vertex 1.599064e+02 3.329778e+01 4.890106e+01
         vertex 1.609381e+02 3.329778e+01 4.774778e+01
         vertex 1.598094e+02 3.329778e+01 4.774778e+01
      endloop
   endfacet
   facet normal 0.000000e+00 1.000000e+00 0.000000e+00
      outer loop
         vertex 1.599064e+02 3.329778e+01 4.890106e+01
         vertex 1.598094e+02 3.329778e+01 4.774778e+01
         vertex 1.590644e+02 3.329778e+01 4.930656e+01
      endloop
   endfacet
   facet normal 0.000000e+00 1.000000e+00 -0.000000e+00
      outer loop
         vertex 1.584817e+02 3.329778e+01 5.185956e+01
         vertex 1.578841e+02 3.329778e+01 5.303746e+01
         vertex 1.590644e+02 3.329778e+01 5.259025e+01
      endloop
   endfacet
   facet normal 0.000000e+00 1.000000e+00 0.000000e+00
      outer loop
         vertex 1.590644e+02 3.329778e+01 5.259025e+01
         vertex 1.578841e+02 3.329778e+01 5.303746e+01
         vertex 1.587487e+02 3.329778e+01 5.376299e+01
      endloop
   endfacet
   facet normal 0.000000e+00 1.000000e+00 -0.000000e+00
      outer loop
         vertex 1.590644e+02 3.329778e+01 5.259025e+01
         vertex 1.587487e+02 3.329778e+01 5.376299e+01
         vertex 1.599064e+02 3.329778e+01 5.299575e+01
      endloop
   endfacet
   facet normal 0.000000e+00 1.000000e+00 0.000000e+00
      outer loop
         vertex 1.599064e+02 3.329778e+01 5.299575e+01
         vertex 1.587487e+02 3.329778e+01 5.376299e+01
         vertex 1.598094e+02 3.329778e+01 5.414903e+01
      endloop
   endfacet
   facet normal 0.000000e+00 1.000000e+00 -0.000000e+00
      outer loop
         vertex 1.599064e+02 3.329778e+01 5.299575e+01
         vertex 1.598094e+02 3.329778e+01 5.414903e+01
         vertex 1.608410e+02 3.329778e+01 5.299575e+01
      endloop
   endfacet
   facet normal 0.000000e+00 1.000000e+00 -0.000000e+00
      outer loop
         vertex 1.608410e+02 3.329778e+01 5.299575e+01
         vertex 1.598094e+02 3.329778e+01 5.414903e+01
         vertex 1.609381e+02 3.329778e+01 5.414903e+01
      endloop
   endfacet
   facet normal -0.000000e+00 1.000000e+00 0.000000e+00
      outer loop
         vertex 1.608410e+02 3.329778e+01 5.299575e+01
         vertex 1.609381e+02 3.329778e+01 5.414903e+01
         vertex 1.616830e+02 3.329778e+01 5.259025e+01
      endloop
   endfacet
   facet normal 0.000000e+00 1.000000e+00 -0.000000e+00
      outer loop
         vertex 1.616830e+02 3.329778e+01 5.259025e+01
         vertex 1.609381e+02 3.329778e+01 5.414903e+01
         vertex 1.619987e+02 3.329778e+01 5.376299e+01
      endloop
   endfacet
   facet normal 0.000000e+00 1.000000e+00 0.000000e+00
      outer loop
         vertex 1.616830e+02 3.329778e+01 5.259025e+01
         vertex 1.619987e+02 3.329778e+01 5.376299e+01
         vertex 1.628634e+02 3.329778e+01 5.303746e+01
      endloop
   endfacet
   facet normal 0.000000e+00 1.000000e+00 0.000000e+00
      outer loop
         vertex 1.598094e+02 3.329778e+01 4.774778e+01
         vertex 1.587487e+02 3.329778e+01 4.813382e+01
         vertex 1.590644e+02 3.329778e+01 4.930656e+01
      endloop
   endfacet
   facet normal 0.000000e+00 1.000000e+00 0.000000e+00
      outer loop
         vertex 1.590644e+02 3.329778e+01 4.930656e+01
         vertex 1.587487e+02 3.329778e+01 4.813382e+01
         vertex 1.578841e+02 3.329778e+01 4.885934e+01
      endloop
   endfacet
   facet normal 0.000000e+00 1.000000e+00 0.000000e+00
      outer loop
         vertex 1.590644e+02 3.329778e+01 4.930656e+01
         vertex 1.578841e+02 3.329778e+01 4.885934e+01
         vertex 1.584817e+02 3.329778e+01 5.003725e+01
      endloop
   endfacet
   facet normal 0.000000e+00 1.000000e+00 0.000000e+00
      outer loop
         vertex 1.584817e+02 3.329778e+01 5.003725e+01
         vertex 1.578841e+02 3.329778e+01 4.885934e+01
         vertex 1.573197e+02 3.329778e+01 4.983684e+01
      endloop
   endfacet
   facet normal 0.000000e+00 1.000000e+00 0.000000e+00
      outer loop
         vertex 1.584817e+02 3.329778e+01 5.003725e+01
         vertex 1.573197e+02 3.329778e+01 4.983684e+01
         vertex 1.582737e+02 3.329778e+01 5.094840e+01
      endloop
   endfacet
   facet normal 0.000000e+00 1.000000e+00 0.000000e+00
      outer loop
         vertex 1.582737e+02 3.329778e+01 5.094840e+01
         vertex 1.573197e+02 3.329778e+01 4.983684e+01
         vertex 1.571237e+02 3.329778e+01 5.094840e+01
      endloop
   endfacet
   facet normal 0.000000e+00 1.000000e+00 -0.000000e+00
      outer loop
         vertex 1.582737e+02 3.329778e+01 5.094840e+01
         vertex 1.571237e+02 3.329778e+01 5.094840e+01
         vertex 1.584817e+02 3.329778e+01 5.185956e+01
      endloop
   endfacet
   facet normal 0.000000e+00 1.000000e+00 0.000000e+00
      outer loop
         vertex 1.584817e+02 3.329778e+01 5.185956e+01
         vertex 1.571237e+02 3.329778e+01 5.094840e+01
         vertex 1.573197e+02 3.329778e+01 5.205997e+01
      endloop
   endfacet
   facet normal 0.000000e+00 1.000000e+00 0.000000e+00
      outer loop
         vertex 1.584817e+02 3.329778e+01 5.185956e+01
         vertex 1.573197e+02 3.329778e+01 5.205997e+01
         vertex 1.578841e+02 3.329778e+01 5.303746e+01
      endloop
   endfacet
   facet normal 9.558389e-01 -5.959536e-06 -2.938913e-01
      outer loop
         vertex 1.635248e+02 2.842261e+01 5.015275e+01
         vertex 1.634275e+02 2.836502e+01 4.983626e+01
         vertex 1.634277e+02 3.329778e+01 4.983684e+01
      endloop
   endfacet
   facet normal 5.119131e-01 7.138842e-02 8.560658e-01
      outer loop
         vertex 1.619987e+02 3.079778e+01 5.376299e+01
         vertex 1.620842e+02 3.079778e+01 5.371184e+01
         vertex 1.628634e+02 3.329778e+01 5.303746e+01
      endloop
   endfacet
   facet normal 7.164571e-01 -2.192412e-04 6.976311e-01
      outer loop
         vertex 1.628730e+02 2.804035e+01 5.302587e+01
         vertex 1.628634e+02 3.329778e+01 5.303746e+01
         vertex 1.625166e+02 2.783352e+01 5.339189e+01
      endloop
   endfacet
   facet normal 6.366070e-01 9.615685e-03 7.711285e-01
      outer loop
         vertex 1.625166e+02 2.783352e+01 5.339189e+01
         vertex 1.628634e+02 3.329778e+01 5.303746e+01
         vertex 1.620842e+02 3.079778e+01 5.371184e+01
      endloop
   endfacet
   facet normal 5.948720e-01 0.000000e+00 8.038204e-01
      outer loop
         vertex 1.625166e+02 2.783352e+01 5.339189e+01
         vertex 1.620842e+02 3.079778e+01 5.371184e+01
         vertex 1.620842e+02 2.758587e+01 5.371184e+01
      endloop
   endfacet
   facet normal -3.420206e-01 0.000000e+00 9.396925e-01
      outer loop
         vertex 1.587487e+02 3.329778e+01 5.376299e+01
         vertex 1.598094e+02 3.079778e+01 5.414903e+01
         vertex 1.598094e+02 3.329778e+01 5.414903e+01
      endloop
   endfacet
   facet normal 0.000000e+00 0.000000e+00 1.000000e+00
      outer loop
         vertex 1.598094e+02 3.329778e+01 5.414903e+01
         vertex 1.598094e+02 3.079778e+01 5.414903e+01
         vertex 1.609381e+02 3.079778e+01 5.414903e+01
      endloop
   endfacet
   facet normal -0.000000e+00 0.000000e+00 1.000000e+00
      outer loop
         vertex 1.598094e+02 3.329778e+01 5.414903e+01
         vertex 1.609381e+02 3.079778e+01 5.414903e+01
         vertex 1.609381e+02 3.329778e+01 5.414903e+01
      endloop
   endfacet
   facet normal 3.420206e-01 0.000000e+00 9.396925e-01
      outer loop
         vertex 1.609381e+02 3.329778e+01 5.414903e+01
         vertex 1.609381e+02 3.079778e+01 5.414903e+01
         vertex 1.619987e+02 3.079778e+01 5.376299e+01
      endloop
   endfacet
   facet normal 3.420206e-01 0.000000e+00 9.396925e-01
      outer loop
         vertex 1.609381e+02 3.329778e+01 5.414903e+01
         vertex 1.619987e+02 3.079778e+01 5.376299e+01
         vertex 1.619987e+02 3.329778e+01 5.376299e+01
      endloop
   endfacet
   facet normal 6.427864e-01 0.000000e+00 7.660455e-01
      outer loop
         vertex 1.619987e+02 3.329778e+01 5.376299e+01
         vertex 1.619987e+02 3.079778e+01 5.376299e+01
         vertex 1.628634e+02 3.329778e+01 5.303746e+01
      endloop
   endfacet
   facet normal -5.553973e-01 0.000000e+00 8.315851e-01
      outer loop
         vertex 1.584763e+02 2.562719e+01 5.358705e+01
         vertex 1.586632e+02 2.572361e+01 5.371184e+01
         vertex 1.586632e+02 3.079778e+01 5.371184e+01
      endloop
   endfacet
   facet normal -7.396784e-01 6.295921e-06 6.729605e-01
      outer loop
         vertex 1.578841e+02 3.329778e+01 5.303746e+01
         vertex 1.578849e+02 2.532738e+01 5.303845e+01
         vertex 1.580584e+02 2.541472e+01 5.322919e+01
      endloop
   endfacet
   facet normal -6.516112e-01 4.035724e-03 7.585424e-01
      outer loop
         vertex 1.580584e+02 2.541472e+01 5.322919e+01
         vertex 1.584763e+02 2.562719e+01 5.358705e+01
         vertex 1.578841e+02 3.329778e+01 5.303746e+01
      endloop
   endfacet
   facet normal -6.454328e-01 4.889579e-03 7.638014e-01
      outer loop
         vertex 1.578841e+02 3.329778e+01 5.303746e+01
         vertex 1.584763e+02 2.562719e+01 5.358705e+01
         vertex 1.586632e+02 3.079778e+01 5.371184e+01
      endloop
   endfacet
   facet normal -6.427735e-01 6.319570e-03 7.660302e-01
      outer loop
         vertex 1.578841e+02 3.329778e+01 5.303746e+01
         vertex 1.586632e+02 3.079778e+01 5.371184e+01
         vertex 1.587487e+02 3.329778e+01 5.376299e+01
      endloop
   endfacet
   facet normal -5.132060e-01 0.000000e+00 8.582654e-01
      outer loop
         vertex 1.587487e+02 3.329778e+01 5.376299e+01
         vertex 1.586632e+02 3.079778e+01 5.371184e+01
         vertex 1.587487e+02 3.079778e+01 5.376299e+01
      endloop
   endfacet
   facet normal -3.420206e-01 0.000000e+00 9.396925e-01
      outer loop
         vertex 1.587487e+02 3.329778e+01 5.376299e+01
         vertex 1.587487e+02 3.079778e+01 5.376299e+01
         vertex 1.598094e+02 3.079778e+01 5.414903e+01
      endloop
   endfacet
   facet normal -7.928888e-01 -7.130500e-06 6.093663e-01
      outer loop
         vertex 1.578849e+02 2.532738e+01 5.303845e+01
         vertex 1.578841e+02 3.329778e+01 5.303746e+01
         vertex 1.577136e+02 2.524138e+01 5.281550e+01
      endloop
   endfacet
   facet normal -8.660169e-01 4.553941e-03 4.999941e-01
      outer loop
         vertex 1.577136e+02 2.524138e+01 5.281550e+01
         vertex 1.578841e+02 3.329778e+01 5.303746e+01
         vertex 1.573197e+02 3.329778e+01 5.205997e+01
      endloop
   endfacet
   facet normal -8.643646e-01 4.901761e-03 5.028417e-01
      outer loop
         vertex 1.577136e+02 2.524138e+01 5.281550e+01
         vertex 1.573197e+02 3.329778e+01 5.205997e+01
         vertex 1.574392e+02 2.510350e+01 5.234530e+01
      endloop
   endfacet
   facet normal -9.983407e-01 5.590842e-07 5.758341e-02
      outer loop
         vertex 1.571237e+02 2.494186e+01 5.094849e+01
         vertex 1.571453e+02 2.495314e+01 5.132199e+01
         vertex 1.571237e+02 3.329778e+01 5.094840e+01
      endloop
   endfacet
   facet normal -9.808614e-01 6.180250e-03 1.946092e-01
      outer loop
         vertex 1.571237e+02 3.329778e+01 5.094840e+01
         vertex 1.571453e+02 2.495314e+01 5.132199e+01
         vertex 1.572483e+02 2.500649e+01 5.183958e+01
      endloop
   endfacet
   facet normal -9.848004e-01 3.867926e-03 1.736466e-01
      outer loop
         vertex 1.571237e+02 3.329778e+01 5.094840e+01
         vertex 1.572483e+02 2.500649e+01 5.183958e+01
         vertex 1.573197e+02 3.329778e+01 5.205997e+01
      endloop
   endfacet
   facet normal -9.512455e-01 -3.858330e-06 3.084348e-01
      outer loop
         vertex 1.573197e+02 3.329778e+01 5.205997e+01
         vertex 1.572483e+02 2.500649e+01 5.183958e+01
         vertex 1.573200e+02 2.504312e+01 5.206080e+01
      endloop
   endfacet
   facet normal -9.222967e-01 5.022617e-06 3.864826e-01
      outer loop
         vertex 1.573197e+02 3.329778e+01 5.205997e+01
         vertex 1.573200e+02 2.504312e+01 5.206080e+01
         vertex 1.574392e+02 2.510350e+01 5.234530e+01
      endloop
   endfacet
   facet normal -9.371090e-01 2.696957e-07 -3.490369e-01
      outer loop
         vertex 1.573366e+02 2.505208e+01 4.979158e+01
         vertex 1.573198e+02 2.504356e+01 4.983662e+01
         vertex 1.573197e+02 3.329778e+01 4.983684e+01
      endloop
   endfacet
   facet normal -9.620673e-01 -1.965374e-06 -2.728122e-01
      outer loop
         vertex 1.573197e+02 3.329778e+01 4.983684e+01
         vertex 1.573198e+02 2.504356e+01 4.983662e+01
         vertex 1.571908e+02 2.497735e+01 5.029162e+01
      endloop
   endfacet
   facet normal -9.847914e-01 5.770465e-03 -1.736450e-01
      outer loop
         vertex 1.573197e+02 3.329778e+01 4.983684e+01
         vertex 1.571908e+02 2.497735e+01 5.029162e+01
         vertex 1.571237e+02 3.329778e+01 5.094840e+01
      endloop
   endfacet
   facet normal -9.923465e-01 1.749102e-03 -1.234724e-01
      outer loop
         vertex 1.571237e+02 3.329778e+01 5.094840e+01
         vertex 1.571908e+02 2.497735e+01 5.029162e+01
         vertex 1.571269e+02 2.494366e+01 5.080443e+01
      endloop
   endfacet
   facet normal -9.997551e-01 -2.148735e-07 -2.213110e-02
      outer loop
         vertex 1.571237e+02 3.329778e+01 5.094840e+01
         vertex 1.571269e+02 2.494366e+01 5.080443e+01
         vertex 1.571237e+02 2.494186e+01 5.094849e+01
      endloop
   endfacet
   facet normal -9.029742e-01 5.127079e-04 -4.296945e-01
      outer loop
         vertex 1.573366e+02 2.505208e+01 4.979158e+01
         vertex 1.573197e+02 3.329778e+01 4.983684e+01
         vertex 1.575608e+02 2.516511e+01 4.932057e+01
      endloop
   endfacet
   facet normal -8.660099e-01 6.070752e-03 -4.999900e-01
      outer loop
         vertex 1.575608e+02 2.516511e+01 4.932057e+01
         vertex 1.573197e+02 3.329778e+01 4.983684e+01
         vertex 1.578841e+02 3.329778e+01 4.885934e+01
      endloop
   endfacet
   facet normal -8.220718e-01 3.885583e-04 -5.693837e-01
      outer loop
         vertex 1.575608e+02 2.516511e+01 4.932057e+01
         vertex 1.578841e+02 3.329778e+01 4.885934e+01
         vertex 1.578612e+02 2.531572e+01 4.888687e+01
      endloop
   endfacet
   facet normal -5.118963e-01 7.139691e-02 -8.560751e-01
      outer loop
         vertex 1.587487e+02 3.079778e+01 4.813382e+01
         vertex 1.586632e+02 3.079778e+01 4.818496e+01
         vertex 1.578841e+02 3.329778e+01 4.885934e+01
      endloop
   endfacet
   facet normal -6.544562e-01 -0.000000e+00 -7.560999e-01
      outer loop
         vertex 1.586632e+02 3.079778e+01 4.818496e+01
         vertex 1.586632e+02 2.572361e+01 4.818496e+01
         vertex 1.578841e+02 3.329778e+01 4.885934e+01
      endloop
   endfacet
   facet normal -5.982266e-01 9.805607e-03 -8.012670e-01
      outer loop
         vertex 1.578841e+02 3.329778e+01 4.885934e+01
         vertex 1.586632e+02 2.572361e+01 4.818496e+01
         vertex 1.582300e+02 2.550156e+01 4.850569e+01
      endloop
   endfacet
   facet normal -7.186568e-01 -3.417063e-04 -6.953648e-01
      outer loop
         vertex 1.578841e+02 3.329778e+01 4.885934e+01
         vertex 1.582300e+02 2.550156e+01 4.850569e+01
         vertex 1.578612e+02 2.531572e+01 4.888687e+01
      endloop
   endfacet
   facet normal 3.420206e-01 0.000000e+00 -9.396925e-01
      outer loop
         vertex 1.619987e+02 3.329778e+01 4.813382e+01
         vertex 1.609381e+02 3.079778e+01 4.774778e+01
         vertex 1.609381e+02 3.329778e+01 4.774778e+01
      endloop
   endfacet
   facet normal 0.000000e+00 -0.000000e+00 -1.000000e+00
      outer loop
         vertex 1.609381e+02 3.329778e+01 4.774778e+01
         vertex 1.609381e+02 3.079778e+01 4.774778e+01
         vertex 1.598094e+02 3.079778e+01 4.774778e+01
      endloop
   endfacet
   facet normal -0.000000e+00 0.000000e+00 -1.000000e+00
      outer loop
         vertex 1.609381e+02 3.329778e+01 4.774778e+01
         vertex 1.598094e+02 3.079778e+01 4.774778e+01
         vertex 1.598094e+02 3.329778e+01 4.774778e+01
      endloop
   endfacet
   facet normal -3.420206e-01 -0.000000e+00 -9.396925e-01
      outer loop
         vertex 1.598094e+02 3.329778e+01 4.774778e+01
         vertex 1.598094e+02 3.079778e+01 4.774778e+01
         vertex 1.587487e+02 3.079778e+01 4.813382e+01
      endloop
   endfacet
   facet normal -3.420206e-01 0.000000e+00 -9.396925e-01
      outer loop
         vertex 1.598094e+02 3.329778e+01 4.774778e+01
         vertex 1.587487e+02 3.079778e+01 4.813382e+01
         vertex 1.587487e+02 3.329778e+01 4.813382e+01
      endloop
   endfacet
   facet normal -6.427864e-01 -0.000000e+00 -7.660455e-01
      outer loop
         vertex 1.587487e+02 3.329778e+01 4.813382e+01
         vertex 1.587487e+02 3.079778e+01 4.813382e+01
         vertex 1.578841e+02 3.329778e+01 4.885934e+01
      endloop
   endfacet
   facet normal 5.964339e-01 0.000000e+00 -8.026622e-01
      outer loop
         vertex 1.625261e+02 2.783907e+01 4.851329e+01
         vertex 1.620842e+02 2.758587e+01 4.818496e+01
         vertex 1.620842e+02 3.079778e+01 4.818496e+01
      endloop
   endfacet
   facet normal 7.107603e-01 2.814713e-02 -7.028710e-01
      outer loop
         vertex 1.625261e+02 2.783907e+01 4.851329e+01
         vertex 1.620842e+02 3.079778e+01 4.818496e+01
         vertex 1.628804e+02 2.804480e+01 4.887979e+01
      endloop
   endfacet
   facet normal 8.148127e-01 3.827467e-04 -5.797241e-01
      outer loop
         vertex 1.631502e+02 2.820287e+01 4.925914e+01
         vertex 1.628804e+02 2.804480e+01 4.887979e+01
         vertex 1.628634e+02 3.329778e+01 4.885934e+01
      endloop
   endfacet
   facet normal 6.559452e-01 -8.135074e-04 -7.548081e-01
      outer loop
         vertex 1.628634e+02 3.329778e+01 4.885934e+01
         vertex 1.628804e+02 2.804480e+01 4.887979e+01
         vertex 1.620842e+02 3.079778e+01 4.818496e+01
      endloop
   endfacet
   facet normal 6.427735e-01 6.318612e-03 -7.660302e-01
      outer loop
         vertex 1.628634e+02 3.329778e+01 4.885934e+01
         vertex 1.620842e+02 3.079778e+01 4.818496e+01
         vertex 1.619987e+02 3.329778e+01 4.813382e+01
      endloop
   endfacet
   facet normal 5.132225e-01 0.000000e+00 -8.582556e-01
      outer loop
         vertex 1.619987e+02 3.329778e+01 4.813382e+01
         vertex 1.620842e+02 3.079778e+01 4.818496e+01
         vertex 1.619987e+02 3.079778e+01 4.813382e+01
      endloop
   endfacet
   facet normal 3.420206e-01 0.000000e+00 -9.396925e-01
      outer loop
         vertex 1.619987e+02 3.329778e+01 4.813382e+01
         vertex 1.619987e+02 3.079778e+01 4.813382e+01
         vertex 1.609381e+02 3.079778e+01 4.774778e+01
      endloop
   endfacet
   facet normal 8.660273e-01 2.200894e-05 -4.999968e-01
      outer loop
         vertex 1.634277e+02 3.329778e+01 4.983684e+01
         vertex 1.634275e+02 2.836502e+01 4.983626e+01
         vertex 1.628634e+02 3.329778e+01 4.885934e+01
      endloop
   endfacet
   facet normal 9.297029e-01 3.369028e-02 -3.667662e-01
      outer loop
         vertex 1.628634e+02 3.329778e+01 4.885934e+01
         vertex 1.634275e+02 2.836502e+01 4.983626e+01
         vertex 1.633822e+02 2.833842e+01 4.971905e+01
      endloop
   endfacet
   facet normal 8.909855e-01 1.455254e-02 -4.537985e-01
      outer loop
         vertex 1.628634e+02 3.329778e+01 4.885934e+01
         vertex 1.633822e+02 2.833842e+01 4.971905e+01
         vertex 1.631502e+02 2.820287e+01 4.925914e+01
      endloop
   endfacet
   facet normal 9.847658e-01 9.170844e-03 1.736438e-01
      outer loop
         vertex 1.636237e+02 3.329778e+01 5.094840e+01
         vertex 1.634277e+02 3.329778e+01 5.205997e+01
         vertex 1.635392e+02 2.843160e+01 5.168490e+01
      endloop
   endfacet
   facet normal 9.886827e-01 5.512278e-03 1.499206e-01
      outer loop
         vertex 1.635392e+02 2.843160e+01 5.168490e+01
         vertex 1.636154e+02 2.847751e+01 5.118022e+01
         vertex 1.636237e+02 3.329778e+01 5.094840e+01
      endloop
   endfacet
   facet normal 9.993633e-01 -2.202885e-07 3.567972e-02
      outer loop
         vertex 1.636237e+02 3.329778e+01 5.094840e+01
         vertex 1.636154e+02 2.847751e+01 5.118022e+01
         vertex 1.636237e+02 2.848250e+01 5.094837e+01
      endloop
   endfacet
   facet normal 9.848072e-01 1.072131e-06 -1.736511e-01
      outer loop
         vertex 1.636237e+02 3.329778e+01 5.094840e+01
         vertex 1.636237e+02 2.848250e+01 5.094837e+01
         vertex 1.634277e+02 3.329778e+01 4.983684e+01
      endloop
   endfacet
   facet normal 9.985783e-01 3.056563e-02 -4.367100e-02
      outer loop
         vertex 1.634277e+02 3.329778e+01 4.983684e+01
         vertex 1.636237e+02 2.848250e+01 5.094837e+01
         vertex 1.636118e+02 2.847503e+01 5.067005e+01
      endloop
   endfacet
   facet normal 9.859791e-01 8.840686e-03 -1.666346e-01
      outer loop
         vertex 1.634277e+02 3.329778e+01 4.983684e+01
         vertex 1.636118e+02 2.847503e+01 5.067005e+01
         vertex 1.635248e+02 2.842261e+01 5.015275e+01
      endloop
   endfacet
   facet normal 8.160692e-01 2.279993e-04 5.779542e-01
      outer loop
         vertex 1.628730e+02 2.804035e+01 5.302587e+01
         vertex 1.631633e+02 2.821046e+01 5.261598e+01
         vertex 1.628634e+02 3.329778e+01 5.303746e+01
      endloop
   endfacet
   facet normal 8.920513e-01 1.516937e-02 4.516796e-01
      outer loop
         vertex 1.628634e+02 3.329778e+01 5.303746e+01
         vertex 1.631633e+02 2.821046e+01 5.261598e+01
         vertex 1.633789e+02 2.833674e+01 5.218599e+01
      endloop
   endfacet
   facet normal 8.660197e-01 4.172359e-03 4.999924e-01
      outer loop
         vertex 1.628634e+02 3.329778e+01 5.303746e+01
         vertex 1.633789e+02 2.833674e+01 5.218599e+01
         vertex 1.634277e+02 3.329778e+01 5.205997e+01
      endloop
   endfacet
   facet normal 9.323363e-01 3.775100e-06 3.615923e-01
      outer loop
         vertex 1.634277e+02 3.329778e+01 5.205997e+01
         vertex 1.633789e+02 2.833674e+01 5.218599e+01
         vertex 1.634275e+02 2.836536e+01 5.206069e+01
      endloop
   endfacet
   facet normal 9.585425e-01 -8.858278e-06 2.849497e-01
      outer loop
         vertex 1.634277e+02 3.329778e+01 5.205997e+01
         vertex 1.634275e+02 2.836536e+01 5.206069e+01
         vertex 1.635392e+02 2.843160e+01 5.168490e+01
      endloop
   endfacet
   facet normal -9.384806e-01 0.000000e+00 3.453318e-01
      outer loop
         vertex 1.622658e+02 3.329778e+01 5.003725e+01
         vertex 1.622658e+02 2.768965e+01 5.003725e+01
         vertex 1.624051e+02 2.776965e+01 5.041582e+01
      endloop
   endfacet
   facet normal -9.748866e-01 -9.328651e-03 2.225064e-01
      outer loop
         vertex 1.622658e+02 3.329778e+01 5.003725e+01
         vertex 1.624051e+02 2.776965e+01 5.041582e+01
         vertex 1.624737e+02 3.329778e+01 5.094840e+01
      endloop
   endfacet
   facet normal -8.458255e-01 0.000000e+00 5.334597e-01
      outer loop
         vertex 1.622658e+02 2.768965e+01 5.003725e+01
         vertex 1.622658e+02 3.329778e+01 5.003725e+01
         vertex 1.620111e+02 2.754421e+01 4.963354e+01
      endloop
   endfacet
   facet normal -7.817968e-01 -9.148920e-03 6.234662e-01
      outer loop
         vertex 1.620111e+02 2.754421e+01 4.963354e+01
         vertex 1.622658e+02 3.329778e+01 5.003725e+01
         vertex 1.616830e+02 3.329778e+01 4.930656e+01
      endloop
   endfacet
   facet normal -7.059083e-01 0.000000e+00 7.083032e-01
      outer loop
         vertex 1.620111e+02 2.754421e+01 4.963354e+01
         vertex 1.616830e+02 3.329778e+01 4.930656e+01
         vertex 1.616830e+02 2.735829e+01 4.930656e+01
      endloop
   endfacet
   facet normal -5.311161e-01 0.000000e+00 8.472991e-01
      outer loop
         vertex 1.616830e+02 2.735829e+01 4.930656e+01
         vertex 1.616830e+02 3.329778e+01 4.930656e+01
         vertex 1.612808e+02 2.713260e+01 4.905441e+01
      endloop
   endfacet
   facet normal -4.338693e-01 -8.538846e-03 9.009354e-01
      outer loop
         vertex 1.612808e+02 2.713260e+01 4.905441e+01
         vertex 1.616830e+02 3.329778e+01 4.930656e+01
         vertex 1.608410e+02 3.329778e+01 4.890106e+01
      endloop
   endfacet
   facet normal -3.292618e-01 0.000000e+00 9.442387e-01
      outer loop
         vertex 1.612808e+02 2.713260e+01 4.905441e+01
         vertex 1.608410e+02 3.329778e+01 4.890106e+01
         vertex 1.608410e+02 2.688870e+01 4.890106e+01
      endloop
   endfacet
   facet normal -1.117957e-01 0.000000e+00 9.937312e-01
      outer loop
         vertex 1.608410e+02 2.688870e+01 4.890106e+01
         vertex 1.608410e+02 3.329778e+01 4.890106e+01
         vertex 1.603730e+02 2.663236e+01 4.884840e+01
      endloop
   endfacet
   facet normal 0.000000e+00 -7.898946e-03 9.999688e-01
      outer loop
         vertex 1.603730e+02 2.663236e+01 4.884840e+01
         vertex 1.608410e+02 3.329778e+01 4.890106e+01
         vertex 1.599064e+02 3.329778e+01 4.890106e+01
      endloop
   endfacet
   facet normal 1.121333e-01 0.000000e+00 9.936932e-01
      outer loop
         vertex 1.603730e+02 2.663236e+01 4.884840e+01
         vertex 1.599064e+02 3.329778e+01 4.890106e+01
         vertex 1.599064e+02 2.638008e+01 4.890106e+01
      endloop
   endfacet
   facet normal 3.293373e-01 -0.000000e+00 9.442123e-01
      outer loop
         vertex 1.599064e+02 2.638008e+01 4.890106e+01
         vertex 1.599064e+02 3.329778e+01 4.890106e+01
         vertex 1.594663e+02 2.614509e+01 4.905456e+01
      endloop
   endfacet
   facet normal 4.338718e-01 -7.360364e-03 9.009445e-01
      outer loop
         vertex 1.594663e+02 2.614509e+01 4.905456e+01
         vertex 1.599064e+02 3.329778e+01 4.890106e+01
         vertex 1.590644e+02 3.329778e+01 4.930656e+01
      endloop
   endfacet
   facet normal 5.311892e-01 0.000000e+00 8.472532e-01
      outer loop
         vertex 1.594663e+02 2.614509e+01 4.905456e+01
         vertex 1.590644e+02 3.329778e+01 4.930656e+01
         vertex 1.590644e+02 2.593297e+01 4.930656e+01
      endloop
   endfacet
   facet normal 7.059205e-01 -0.000000e+00 7.082911e-01
      outer loop
         vertex 1.590644e+02 2.593297e+01 4.930656e+01
         vertex 1.590644e+02 3.329778e+01 4.930656e+01
         vertex 1.587363e+02 2.576158e+01 4.963357e+01
      endloop
   endfacet
   facet normal 7.818124e-01 -6.984507e-03 6.234747e-01
      outer loop
         vertex 1.587363e+02 2.576158e+01 4.963357e+01
         vertex 1.590644e+02 3.329778e+01 4.930656e+01
         vertex 1.584817e+02 3.329778e+01 5.003725e+01
      endloop
   endfacet
   facet normal 8.458275e-01 0.000000e+00 5.334564e-01
      outer loop
         vertex 1.587363e+02 2.576158e+01 4.963357e+01
         vertex 1.584817e+02 3.329778e+01 5.003725e+01
         vertex 1.584817e+02 2.562966e+01 5.003725e+01
      endloop
   endfacet
   facet normal 9.434227e-01 -0.000000e+00 3.315924e-01
      outer loop
         vertex 1.584817e+02 2.562966e+01 5.003725e+01
         vertex 1.584817e+02 3.329778e+01 5.003725e+01
         vertex 1.583277e+02 2.555033e+01 5.047542e+01
      endloop
   endfacet
   facet normal 9.749056e-01 -6.794906e-03 2.225147e-01
      outer loop
         vertex 1.583277e+02 2.555033e+01 5.047542e+01
         vertex 1.584817e+02 3.329778e+01 5.003725e+01
         vertex 1.582737e+02 3.329778e+01 5.094840e+01
      endloop
   endfacet
   facet normal 9.935560e-01 1.358747e-16 1.133426e-01
      outer loop
         vertex 1.583277e+02 2.555033e+01 5.047542e+01
         vertex 1.582737e+02 3.329778e+01 5.094840e+01
         vertex 1.582737e+02 2.552261e+01 5.094840e+01
      endloop
   endfacet
   facet normal 9.936533e-01 -1.349212e-16 -1.124865e-01
      outer loop
         vertex 1.582737e+02 2.552261e+01 5.094840e+01
         vertex 1.582737e+02 3.329778e+01 5.094840e+01
         vertex 1.583269e+02 2.554991e+01 5.141786e+01
      endloop
   endfacet
   facet normal 9.749056e-01 -6.795419e-03 -2.225147e-01
      outer loop
         vertex 1.583269e+02 2.554991e+01 5.141786e+01
         vertex 1.582737e+02 3.329778e+01 5.094840e+01
         vertex 1.584817e+02 3.329778e+01 5.185956e+01
      endloop
   endfacet
   facet normal 9.437083e-01 0.000000e+00 -3.307789e-01
      outer loop
         vertex 1.583269e+02 2.554991e+01 5.141786e+01
         vertex 1.584817e+02 3.329778e+01 5.185956e+01
         vertex 1.584817e+02 2.562966e+01 5.185956e+01
      endloop
   endfacet
   facet normal 8.458471e-01 0.000000e+00 -5.334254e-01
      outer loop
         vertex 1.584817e+02 2.562966e+01 5.185956e+01
         vertex 1.584817e+02 3.329778e+01 5.185956e+01
         vertex 1.587362e+02 2.576153e+01 5.226313e+01
      endloop
   endfacet
   facet normal 7.818124e-01 -6.984628e-03 -6.234747e-01
      outer loop
         vertex 1.587362e+02 2.576153e+01 5.226313e+01
         vertex 1.584817e+02 3.329778e+01 5.185956e+01
         vertex 1.590644e+02 3.329778e+01 5.259025e+01
      endloop
   endfacet
   facet normal 7.059443e-01 0.000000e+00 -7.082674e-01
      outer loop
         vertex 1.587362e+02 2.576153e+01 5.226313e+01
         vertex 1.590644e+02 3.329778e+01 5.259025e+01
         vertex 1.590644e+02 2.593297e+01 5.259025e+01
      endloop
   endfacet
   facet normal 5.310603e-01 0.000000e+00 -8.473340e-01
      outer loop
         vertex 1.590644e+02 2.593297e+01 5.259025e+01
         vertex 1.590644e+02 3.329778e+01 5.259025e+01
         vertex 1.594669e+02 2.614540e+01 5.284253e+01
      endloop
   endfacet
   facet normal 4.338718e-01 -7.360510e-03 -9.009445e-01
      outer loop
         vertex 1.594669e+02 2.614540e+01 5.284253e+01
         vertex 1.590644e+02 3.329778e+01 5.259025e+01
         vertex 1.599064e+02 3.329778e+01 5.299575e+01
      endloop
   endfacet
   facet normal 3.291931e-01 0.000000e+00 -9.442626e-01
      outer loop
         vertex 1.594669e+02 2.614540e+01 5.284253e+01
         vertex 1.599064e+02 3.329778e+01 5.299575e+01
         vertex 1.599064e+02 2.638008e+01 5.299575e+01
      endloop
   endfacet
   facet normal 1.118204e-01 0.000000e+00 -9.937284e-01
      outer loop
         vertex 1.599064e+02 2.638008e+01 5.299575e+01
         vertex 1.599064e+02 3.329778e+01 5.299575e+01
         vertex 1.603743e+02 2.663308e+01 5.304840e+01
      endloop
   endfacet
   facet normal 0.000000e+00 -7.899800e-03 -9.999688e-01
      outer loop
         vertex 1.603743e+02 2.663308e+01 5.304840e+01
         vertex 1.599064e+02 3.329778e+01 5.299575e+01
         vertex 1.608410e+02 3.329778e+01 5.299575e+01
      endloop
   endfacet
   facet normal -1.121086e-01 0.000000e+00 -9.936960e-01
      outer loop
         vertex 1.603743e+02 2.663308e+01 5.304840e+01
         vertex 1.608410e+02 3.329778e+01 5.299575e+01
         vertex 1.608410e+02 2.688870e+01 5.299575e+01
      endloop
   endfacet
   facet normal -7.818295e-01 0.000000e+00 -6.234923e-01
      outer loop
         vertex 1.616830e+02 3.329778e+01 5.259025e+01
         vertex 1.622658e+02 3.329778e+01 5.185956e+01
         vertex 1.622658e+02 2.768965e+01 5.185956e+01
      endloop
   endfacet
   facet normal -8.430500e-01 -1.755880e-02 -5.375486e-01
      outer loop
         vertex 1.622658e+02 2.768965e+01 5.185956e+01
         vertex 1.620122e+02 2.754482e+01 5.226193e+01
         vertex 1.616830e+02 3.329778e+01 5.259025e+01
      endloop
   endfacet
   facet normal -7.061977e-01 -0.000000e+00 -7.080147e-01
      outer loop
         vertex 1.616830e+02 3.329778e+01 5.259025e+01
         vertex 1.620122e+02 2.754482e+01 5.226193e+01
         vertex 1.616830e+02 2.735829e+01 5.259025e+01
      endloop
   endfacet
   facet normal -4.338851e-01 -0.000000e+00 -9.009682e-01
      outer loop
         vertex 1.616830e+02 3.329778e+01 5.259025e+01
         vertex 1.616830e+02 2.735829e+01 5.259025e+01
         vertex 1.608410e+02 3.329778e+01 5.299575e+01
      endloop
   endfacet
   facet normal -5.247798e-01 -1.629184e-02 -8.510821e-01
      outer loop
         vertex 1.608410e+02 3.329778e+01 5.299575e+01
         vertex 1.616830e+02 2.735829e+01 5.259025e+01
         vertex 1.612821e+02 2.713337e+01 5.284175e+01
      endloop
   endfacet
   facet normal -3.296000e-01 -0.000000e+00 -9.441207e-01
      outer loop
         vertex 1.608410e+02 3.329778e+01 5.299575e+01
         vertex 1.612821e+02 2.713337e+01 5.284175e+01
         vertex 1.608410e+02 2.688870e+01 5.299575e+01
      endloop
   endfacet
   facet normal -9.873892e-01 -2.986126e-03 1.582836e-01
      outer loop
         vertex 1.624051e+02 2.776965e+01 5.041582e+01
         vertex 1.624698e+02 2.780694e+01 5.082051e+01
         vertex 1.624737e+02 3.329778e+01 5.094840e+01
      endloop
   endfacet
   facet normal -9.995362e-01 1.177576e-17 3.045321e-02
      outer loop
         vertex 1.624737e+02 3.329778e+01 5.094840e+01
         vertex 1.624698e+02 2.780694e+01 5.082051e+01
         vertex 1.624737e+02 2.780918e+01 5.094840e+01
      endloop
   endfacet
   facet normal -9.749290e-01 -8.604338e-17 -2.225161e-01
      outer loop
         vertex 1.624737e+02 3.329778e+01 5.094840e+01
         vertex 1.624737e+02 2.780918e+01 5.094840e+01
         vertex 1.622658e+02 3.329778e+01 5.185956e+01
      endloop
   endfacet
   facet normal -9.932962e-01 -1.869816e-02 -1.140748e-01
      outer loop
         vertex 1.622658e+02 3.329778e+01 5.185956e+01
         vertex 1.624737e+02 2.780918e+01 5.094840e+01
         vertex 1.624202e+02 2.777835e+01 5.141952e+01
      endloop
   endfacet
   facet normal -9.435757e-01 -0.000000e+00 -3.311568e-01
      outer loop
         vertex 1.622658e+02 3.329778e+01 5.185956e+01
         vertex 1.624202e+02 2.777835e+01 5.141952e+01
         vertex 1.622658e+02 2.768965e+01 5.185956e+01
      endloop
   endfacet
   facet normal -2.582256e-02 9.842928e-01 -1.746448e-01
      outer loop
         vertex 1.433835e+02 3.599778e+01 3.859726e+01
         vertex 1.433743e+02 3.596687e+01 3.842445e+01
         vertex 1.425121e+02 3.596687e+01 3.855193e+01
      endloop
   endfacet
   facet normal -2.582260e-02 9.842930e-01 -1.746441e-01
      outer loop
         vertex 1.433835e+02 3.599778e+01 3.859726e+01
         vertex 1.425121e+02 3.596687e+01 3.855193e+01
         vertex 1.425533e+02 3.599778e+01 3.872002e+01
      endloop
   endfacet
   facet normal -5.780344e-02 9.842930e-01 -1.668115e-01
      outer loop
         vertex 1.425533e+02 3.599778e+01 3.872002e+01
         vertex 1.425121e+02 3.596687e+01 3.855193e+01
         vertex 1.416886e+02 3.596687e+01 3.883729e+01
      endloop
   endfacet
   facet normal -5.780334e-02 9.842931e-01 -1.668108e-01
      outer loop
         vertex 1.425533e+02 3.599778e+01 3.872002e+01
         vertex 1.416886e+02 3.596687e+01 3.883729e+01
         vertex 1.417602e+02 3.599778e+01 3.899481e+01
      endloop
   endfacet
   facet normal -8.777339e-02 9.842932e-01 -1.531755e-01
      outer loop
         vertex 1.417602e+02 3.599778e+01 3.899481e+01
         vertex 1.416886e+02 3.596687e+01 3.883729e+01
         vertex 1.409324e+02 3.596687e+01 3.927061e+01
      endloop
   endfacet
   facet normal -8.777406e-02 9.842928e-01 -1.531776e-01
      outer loop
         vertex 1.417602e+02 3.599778e+01 3.899481e+01
         vertex 1.409324e+02 3.596687e+01 3.927061e+01
         vertex 1.410321e+02 3.599778e+01 3.941209e+01
      endloop
   endfacet
   facet normal -1.146914e-01 9.842928e-01 -1.342150e-01
      outer loop
         vertex 1.410321e+02 3.599778e+01 3.941209e+01
         vertex 1.409324e+02 3.596687e+01 3.927061e+01
         vertex 1.402698e+02 3.596687e+01 3.983681e+01
      endloop
   endfacet
   facet normal -1.146901e-01 9.842932e-01 -1.342126e-01
      outer loop
         vertex 1.410321e+02 3.599778e+01 3.941209e+01
         vertex 1.402698e+02 3.596687e+01 3.983681e+01
         vertex 1.403940e+02 3.599778e+01 3.995732e+01
      endloop
   endfacet
   facet normal -1.376176e-01 9.842933e-01 -1.105809e-01
      outer loop
         vertex 1.403940e+02 3.599778e+01 3.995732e+01
         vertex 1.402698e+02 3.596687e+01 3.983681e+01
         vertex 1.397239e+02 3.596687e+01 4.051620e+01
      endloop
   endfacet
   facet normal -1.376193e-01 9.842928e-01 -1.105830e-01
      outer loop
         vertex 1.403940e+02 3.599778e+01 3.995732e+01
         vertex 1.397239e+02 3.596687e+01 4.051620e+01
         vertex 1.398683e+02 3.599778e+01 4.061155e+01
      endloop
   endfacet
   facet normal -1.557604e-01 9.842928e-01 -8.310492e-02
      outer loop
         vertex 1.398683e+02 3.599778e+01 4.061155e+01
         vertex 1.397239e+02 3.596687e+01 4.051620e+01
         vertex 1.393136e+02 3.596687e+01 4.128515e+01
      endloop
   endfacet
   facet normal -1.557592e-01 9.842930e-01 -8.310392e-02
      outer loop
         vertex 1.398683e+02 3.599778e+01 4.061155e+01
         vertex 1.393136e+02 3.596687e+01 4.128515e+01
         vertex 1.394732e+02 3.599778e+01 4.135202e+01
      endloop
   endfacet
   facet normal -1.684820e-01 9.842931e-01 -5.273528e-02
      outer loop
         vertex 1.394732e+02 3.599778e+01 4.135202e+01
         vertex 1.393136e+02 3.596687e+01 4.128515e+01
         vertex 1.390533e+02 3.596687e+01 4.211690e+01
      endloop
   endfacet
   facet normal -1.684854e-01 9.842924e-01 -5.273717e-02
      outer loop
         vertex 1.394732e+02 3.599778e+01 4.135202e+01
         vertex 1.390533e+02 3.596687e+01 4.211690e+01
         vertex 1.392225e+02 3.599778e+01 4.215297e+01
      endloop
   endfacet
   facet normal -8.085353e-01 5.733121e-01 -1.326046e-01
      outer loop
         vertex 1.387637e+02 3.567083e+01 4.205520e+01
         vertex 1.386916e+02 3.568323e+01 4.254840e+01
         vertex 1.388069e+02 3.584577e+01 4.254840e+01
      endloop
   endfacet
   facet normal -9.673083e-01 2.003847e-01 -1.554369e-01
      outer loop
         vertex 1.386532e+02 3.549778e+01 4.254840e+01
         vertex 1.386916e+02 3.568323e+01 4.254840e+01
         vertex 1.387335e+02 3.549778e+01 4.204876e+01
      endloop
   endfacet
   facet normal -9.734869e-01 1.754933e-01 -1.467154e-01
      outer loop
         vertex 1.387335e+02 3.549778e+01 4.204876e+01
         vertex 1.386916e+02 3.568323e+01 4.254840e+01
         vertex 1.387637e+02 3.567083e+01 4.205520e+01
      endloop
   endfacet
   facet normal -9.512240e-01 1.755851e-01 -2.536588e-01
      outer loop
         vertex 1.387335e+02 3.549778e+01 4.204876e+01
         vertex 1.387637e+02 3.567083e+01 4.205520e+01
         vertex 1.388639e+02 3.549778e+01 4.155964e+01
      endloop
   endfacet
   facet normal -9.133909e-01 2.897972e-01 -2.858929e-01
      outer loop
         vertex 1.388639e+02 3.549778e+01 4.155964e+01
         vertex 1.387637e+02 3.567083e+01 4.205520e+01
         vertex 1.390406e+02 3.567083e+01 4.117076e+01
      endloop
   endfacet
   facet normal -9.234176e-01 1.756313e-01 -3.412529e-01
      outer loop
         vertex 1.388639e+02 3.549778e+01 4.155964e+01
         vertex 1.390406e+02 3.567083e+01 4.117076e+01
         vertex 1.390121e+02 3.549778e+01 4.115881e+01
      endloop
   endfacet
   facet normal -8.686537e-01 1.750448e-01 -4.634653e-01
      outer loop
         vertex 1.390121e+02 3.549778e+01 4.115881e+01
         vertex 1.390406e+02 3.567083e+01 4.117076e+01
         vertex 1.394768e+02 3.567083e+01 4.035310e+01
      endloop
   endfacet
   facet normal -8.686533e-01 1.750500e-01 -4.634640e-01
      outer loop
         vertex 1.390121e+02 3.549778e+01 4.115881e+01
         vertex 1.394768e+02 3.567083e+01 4.035310e+01
         vertex 1.394510e+02 3.549778e+01 4.033607e+01
      endloop
   endfacet
   facet normal -7.674845e-01 1.750500e-01 -6.167049e-01
      outer loop
         vertex 1.394510e+02 3.549778e+01 4.033607e+01
         vertex 1.394768e+02 3.567083e+01 4.035310e+01
         vertex 1.400573e+02 3.567083e+01 3.963067e+01
      endloop
   endfacet
   facet normal -7.674845e-01 1.750511e-01 -6.167047e-01
      outer loop
         vertex 1.394510e+02 3.549778e+01 4.033607e+01
         vertex 1.400573e+02 3.567083e+01 3.963067e+01
         vertex 1.400352e+02 3.549778e+01 3.960915e+01
      endloop
   endfacet
   facet normal -6.721550e-01 1.755889e-01 -7.192887e-01
      outer loop
         vertex 1.400352e+02 3.549778e+01 3.960915e+01
         vertex 1.400573e+02 3.567083e+01 3.963067e+01
         vertex 1.403928e+02 3.549778e+01 3.927491e+01
      endloop
   endfacet
   facet normal -6.216667e-01 2.903252e-01 -7.274901e-01
      outer loop
         vertex 1.403928e+02 3.549778e+01 3.927491e+01
         vertex 1.400573e+02 3.567083e+01 3.963067e+01
         vertex 1.407619e+02 3.567083e+01 3.902860e+01
      endloop
   endfacet
   facet normal -6.021485e-01 1.756337e-01 -7.788261e-01
      outer loop
         vertex 1.403928e+02 3.549778e+01 3.927491e+01
         vertex 1.407619e+02 3.567083e+01 3.902860e+01
         vertex 1.407441e+02 3.549778e+01 3.900333e+01
      endloop
   endfacet
   facet normal -4.895041e-01 1.750589e-01 -8.542483e-01
      outer loop
         vertex 1.407441e+02 3.549778e+01 3.900333e+01
         vertex 1.407619e+02 3.567083e+01 3.902860e+01
         vertex 1.415660e+02 3.567083e+01 3.856783e+01
      endloop
   endfacet
   facet normal -4.895045e-01 1.750634e-01 -8.542471e-01
      outer loop
         vertex 1.407441e+02 3.549778e+01 3.900333e+01
         vertex 1.415660e+02 3.567083e+01 3.856783e+01
         vertex 1.415532e+02 3.549778e+01 3.853970e+01
      endloop
   endfacet
   facet normal -3.223632e-01 1.750614e-01 -9.302878e-01
      outer loop
         vertex 1.415532e+02 3.549778e+01 3.853970e+01
         vertex 1.415660e+02 3.567083e+01 3.856783e+01
         vertex 1.424417e+02 3.567083e+01 3.826439e+01
      endloop
   endfacet
   facet normal -3.223624e-01 1.750544e-01 -9.302895e-01
      outer loop
         vertex 1.415532e+02 3.549778e+01 3.853970e+01
         vertex 1.424417e+02 3.567083e+01 3.826439e+01
         vertex 1.424343e+02 3.549778e+01 3.823437e+01
      endloop
   endfacet
   facet normal -1.887091e-01 1.756045e-01 -9.662049e-01
      outer loop
         vertex 1.424343e+02 3.549778e+01 3.823437e+01
         vertex 1.424417e+02 3.567083e+01 3.826439e+01
         vertex 1.428984e+02 3.549778e+01 3.814374e+01
      endloop
   endfacet
   facet normal -1.399570e-01 2.905722e-01 -9.465621e-01
      outer loop
         vertex 1.428984e+02 3.549778e+01 3.814374e+01
         vertex 1.424417e+02 3.567083e+01 3.826439e+01
         vertex 1.433585e+02 3.567083e+01 3.812884e+01
      endloop
   endfacet
   facet normal -9.778434e-02 1.756140e-01 -9.795907e-01
      outer loop
         vertex 1.428984e+02 3.549778e+01 3.814374e+01
         vertex 1.433585e+02 3.567083e+01 3.812884e+01
         vertex 1.433568e+02 3.549778e+01 3.809798e+01
      endloop
   endfacet
   facet normal 3.131325e-04 9.843799e-01 -1.760571e-01
      outer loop
         vertex 1.433835e+02 3.599778e+01 3.859726e+01
         vertex 1.438799e+02 3.599778e+01 3.859815e+01
         vertex 1.433743e+02 3.596687e+01 3.842445e+01
      endloop
   endfacet
   facet normal 7.041946e-03 9.807771e-01 -1.950042e-01
      outer loop
         vertex 1.433743e+02 3.596687e+01 3.842445e+01
         vertex 1.438799e+02 3.599778e+01 3.859815e+01
         vertex 1.438908e+02 3.595972e+01 3.840711e+01
      endloop
   endfacet
   facet normal -7.167729e-03 8.308409e-01 -5.564639e-01
      outer loop
         vertex 1.433743e+02 3.596687e+01 3.842445e+01
         vertex 1.438908e+02 3.595972e+01 3.840711e+01
         vertex 1.439000e+02 3.585133e+01 3.824517e+01
      endloop
   endfacet
   facet normal -2.011789e-01 9.789788e-01 -3.358027e-02
      outer loop
         vertex 1.391565e+02 3.599778e+01 4.254840e+01
         vertex 1.392225e+02 3.599778e+01 4.215297e+01
         vertex 1.389716e+02 3.595978e+01 4.254840e+01
      endloop
   endfacet
   facet normal -1.760605e-01 9.842302e-01 -1.713662e-02
      outer loop
         vertex 1.389716e+02 3.595978e+01 4.254840e+01
         vertex 1.392225e+02 3.599778e+01 4.215297e+01
         vertex 1.390533e+02 3.596687e+01 4.211690e+01
      endloop
   endfacet
   facet normal -5.325239e-01 8.419377e-01 -8.694391e-02
      outer loop
         vertex 1.389716e+02 3.595978e+01 4.254840e+01
         vertex 1.390533e+02 3.596687e+01 4.211690e+01
         vertex 1.388767e+02 3.585133e+01 4.207928e+01
      endloop
   endfacet
   facet normal -5.161111e-01 8.411497e-01 -1.615440e-01
      outer loop
         vertex 1.388767e+02 3.585133e+01 4.207928e+01
         vertex 1.390533e+02 3.596687e+01 4.211690e+01
         vertex 1.393136e+02 3.596687e+01 4.128515e+01
      endloop
   endfacet
   facet normal -5.161164e-01 8.411458e-01 -1.615475e-01
      outer loop
         vertex 1.388767e+02 3.585133e+01 4.207928e+01
         vertex 1.393136e+02 3.596687e+01 4.128515e+01
         vertex 1.391471e+02 3.585133e+01 4.121540e+01
      endloop
   endfacet
   facet normal -4.771425e-01 8.411456e-01 -2.545762e-01
      outer loop
         vertex 1.391471e+02 3.585133e+01 4.121540e+01
         vertex 1.393136e+02 3.596687e+01 4.128515e+01
         vertex 1.397239e+02 3.596687e+01 4.051620e+01
      endloop
   endfacet
   facet normal -4.771435e-01 8.411448e-01 -2.545771e-01
      outer loop
         vertex 1.391471e+02 3.585133e+01 4.121540e+01
         vertex 1.397239e+02 3.596687e+01 4.051620e+01
         vertex 1.395733e+02 3.585133e+01 4.041676e+01
      endloop
   endfacet
   facet normal -4.215729e-01 8.411450e-01 -3.387498e-01
      outer loop
         vertex 1.395733e+02 3.585133e+01 4.041676e+01
         vertex 1.397239e+02 3.596687e+01 4.051620e+01
         vertex 1.402698e+02 3.596687e+01 3.983681e+01
      endloop
   endfacet
   facet normal -4.215725e-01 8.411454e-01 -3.387492e-01
      outer loop
         vertex 1.395733e+02 3.585133e+01 4.041676e+01
         vertex 1.402698e+02 3.596687e+01 3.983681e+01
         vertex 1.401403e+02 3.585133e+01 3.971112e+01
      endloop
   endfacet
   facet normal -3.513354e-01 8.411455e-01 -4.111420e-01
      outer loop
         vertex 1.401403e+02 3.585133e+01 3.971112e+01
         vertex 1.402698e+02 3.596687e+01 3.983681e+01
         vertex 1.409324e+02 3.596687e+01 3.927061e+01
      endloop
   endfacet
   facet normal -3.513336e-01 8.411481e-01 -4.111381e-01
      outer loop
         vertex 1.401403e+02 3.585133e+01 3.971112e+01
         vertex 1.409324e+02 3.596687e+01 3.927061e+01
         vertex 1.408284e+02 3.585133e+01 3.912305e+01
      endloop
   endfacet
   facet normal -2.688792e-01 8.411476e-01 -4.692278e-01
      outer loop
         vertex 1.408284e+02 3.585133e+01 3.912305e+01
         vertex 1.409324e+02 3.596687e+01 3.927061e+01
         vertex 1.416886e+02 3.596687e+01 3.883729e+01
      endloop
   endfacet
   facet normal -2.688807e-01 8.411436e-01 -4.692340e-01
      outer loop
         vertex 1.408284e+02 3.585133e+01 3.912305e+01
         vertex 1.416886e+02 3.596687e+01 3.883729e+01
         vertex 1.416138e+02 3.585133e+01 3.867300e+01
      endloop
   endfacet
   facet normal -1.770717e-01 8.411444e-01 -5.110008e-01
      outer loop
         vertex 1.416138e+02 3.585133e+01 3.867300e+01
         vertex 1.416886e+02 3.596687e+01 3.883729e+01
         vertex 1.425121e+02 3.596687e+01 3.855193e+01
      endloop
   endfacet
   facet normal -1.770718e-01 8.411440e-01 -5.110014e-01
      outer loop
         vertex 1.416138e+02 3.585133e+01 3.867300e+01
         vertex 1.425121e+02 3.596687e+01 3.855193e+01
         vertex 1.424692e+02 3.585133e+01 3.837662e+01
      endloop
   endfacet
   facet normal -7.910292e-02 8.411444e-01 -5.349942e-01
      outer loop
         vertex 1.424692e+02 3.585133e+01 3.837662e+01
         vertex 1.425121e+02 3.596687e+01 3.855193e+01
         vertex 1.433743e+02 3.596687e+01 3.842445e+01
      endloop
   endfacet
   facet normal -7.910313e-02 8.411454e-01 -5.349926e-01
      outer loop
         vertex 1.424692e+02 3.585133e+01 3.837662e+01
         vertex 1.433743e+02 3.596687e+01 3.842445e+01
         vertex 1.433646e+02 3.585133e+01 3.824421e+01
      endloop
   endfacet
   facet normal 9.594890e-04 8.418434e-01 -5.397210e-01
      outer loop
         vertex 1.433646e+02 3.585133e+01 3.824421e+01
         vertex 1.433743e+02 3.596687e+01 3.842445e+01
         vertex 1.439000e+02 3.585133e+01 3.824517e+01
      endloop
   endfacet
   facet normal 1.478833e-03 5.549887e-01 -8.318566e-01
      outer loop
         vertex 1.433646e+02 3.585133e+01 3.824421e+01
         vertex 1.439000e+02 3.585133e+01 3.824517e+01
         vertex 1.439062e+02 3.568912e+01 3.813695e+01
      endloop
   endfacet
   facet normal 1.743966e-03 1.948016e-01 -9.808411e-01
      outer loop
         vertex 1.439084e+02 3.549778e+01 3.809896e+01
         vertex 1.433568e+02 3.549778e+01 3.809798e+01
         vertex 1.439062e+02 3.568912e+01 3.813695e+01
      endloop
   endfacet
   facet normal 8.733802e-03 1.754665e-01 -9.844467e-01
      outer loop
         vertex 1.439062e+02 3.568912e+01 3.813695e+01
         vertex 1.433568e+02 3.549778e+01 3.809798e+01
         vertex 1.433585e+02 3.567083e+01 3.812884e+01
      endloop
   endfacet
   facet normal -5.495894e-03 5.387187e-01 -8.424678e-01
      outer loop
         vertex 1.439062e+02 3.568912e+01 3.813695e+01
         vertex 1.433585e+02 3.567083e+01 3.812884e+01
         vertex 1.433646e+02 3.585133e+01 3.824421e+01
      endloop
   endfacet
   facet normal -1.233453e-01 5.374701e-01 -8.342133e-01
      outer loop
         vertex 1.433646e+02 3.585133e+01 3.824421e+01
         vertex 1.433585e+02 3.567083e+01 3.812884e+01
         vertex 1.424417e+02 3.567083e+01 3.826439e+01
      endloop
   endfacet
   facet normal -1.233454e-01 5.374706e-01 -8.342129e-01
      outer loop
         vertex 1.433646e+02 3.585133e+01 3.824421e+01
         vertex 1.424417e+02 3.567083e+01 3.826439e+01
         vertex 1.424692e+02 3.585133e+01 3.837662e+01
      endloop
   endfacet
   facet normal -2.761071e-01 5.374705e-01 -7.968001e-01
      outer loop
         vertex 1.424692e+02 3.585133e+01 3.837662e+01
         vertex 1.424417e+02 3.567083e+01 3.826439e+01
         vertex 1.415660e+02 3.567083e+01 3.856783e+01
      endloop
   endfacet
   facet normal -2.761069e-01 5.374685e-01 -7.968015e-01
      outer loop
         vertex 1.424692e+02 3.585133e+01 3.837662e+01
         vertex 1.415660e+02 3.567083e+01 3.856783e+01
         vertex 1.416138e+02 3.585133e+01 3.867300e+01
      endloop
   endfacet
   facet normal -4.192650e-01 5.374691e-01 -7.316719e-01
      outer loop
         vertex 1.416138e+02 3.585133e+01 3.867300e+01
         vertex 1.415660e+02 3.567083e+01 3.856783e+01
         vertex 1.407619e+02 3.567083e+01 3.902860e+01
      endloop
   endfacet
   facet normal -4.192655e-01 5.374630e-01 -7.316762e-01
      outer loop
         vertex 1.416138e+02 3.585133e+01 3.867300e+01
         vertex 1.407619e+02 3.567083e+01 3.902860e+01
         vertex 1.408284e+02 3.585133e+01 3.912305e+01
      endloop
   endfacet
   facet normal -5.478406e-01 5.374619e-01 -6.410969e-01
      outer loop
         vertex 1.408284e+02 3.585133e+01 3.912305e+01
         vertex 1.407619e+02 3.567083e+01 3.902860e+01
         vertex 1.400573e+02 3.567083e+01 3.963067e+01
      endloop
   endfacet
   facet normal -5.478397e-01 5.374667e-01 -6.410938e-01
      outer loop
         vertex 1.408284e+02 3.585133e+01 3.912305e+01
         vertex 1.400573e+02 3.567083e+01 3.963067e+01
         vertex 1.401403e+02 3.585133e+01 3.971112e+01
      endloop
   endfacet
   facet normal -6.573584e-01 5.374661e-01 -5.282141e-01
      outer loop
         vertex 1.401403e+02 3.585133e+01 3.971112e+01
         vertex 1.400573e+02 3.567083e+01 3.963067e+01
         vertex 1.394768e+02 3.567083e+01 4.035310e+01
      endloop
   endfacet
   facet normal -6.573564e-01 5.374723e-01 -5.282103e-01
      outer loop
         vertex 1.401403e+02 3.585133e+01 3.971112e+01
         vertex 1.394768e+02 3.567083e+01 4.035310e+01
         vertex 1.395733e+02 3.585133e+01 4.041676e+01
      endloop
   endfacet
   facet normal -7.440064e-01 5.374726e-01 -3.969605e-01
      outer loop
         vertex 1.395733e+02 3.585133e+01 4.041676e+01
         vertex 1.394768e+02 3.567083e+01 4.035310e+01
         vertex 1.390406e+02 3.567083e+01 4.117076e+01
      endloop
   endfacet
   facet normal -7.440061e-01 5.374733e-01 -3.969601e-01
      outer loop
         vertex 1.395733e+02 3.585133e+01 4.041676e+01
         vertex 1.390406e+02 3.567083e+01 4.117076e+01
         vertex 1.391471e+02 3.585133e+01 4.121540e+01
      endloop
   endfacet
   facet normal -8.047795e-01 5.374733e-01 -2.518974e-01
      outer loop
         vertex 1.391471e+02 3.585133e+01 4.121540e+01
         vertex 1.390406e+02 3.567083e+01 4.117076e+01
         vertex 1.387637e+02 3.567083e+01 4.205520e+01
      endloop
   endfacet
   facet normal -8.047859e-01 5.374613e-01 -2.519028e-01
      outer loop
         vertex 1.391471e+02 3.585133e+01 4.121540e+01
         vertex 1.387637e+02 3.567083e+01 4.205520e+01
         vertex 1.388767e+02 3.585133e+01 4.207928e+01
      endloop
   endfacet
   facet normal -8.345312e-01 5.382033e-01 -1.178766e-01
      outer loop
         vertex 1.388767e+02 3.585133e+01 4.207928e+01
         vertex 1.387637e+02 3.567083e+01 4.205520e+01
         vertex 1.388069e+02 3.584577e+01 4.254840e+01
      endloop
   endfacet
   facet normal -5.675195e-01 8.199565e-01 -7.478580e-02
      outer loop
         vertex 1.388767e+02 3.585133e+01 4.207928e+01
         vertex 1.388069e+02 3.584577e+01 4.254840e+01
         vertex 1.389716e+02 3.595978e+01 4.254840e+01
      endloop
   endfacet
   facet normal 1.492954e-01 1.950796e-01 -9.693579e-01
      outer loop
         vertex 1.537300e+02 3.549778e+01 3.918583e+01
         vertex 1.517758e+02 3.549778e+01 3.888486e+01
         vertex 1.517704e+02 3.568912e+01 3.892254e+01
      endloop
   endfacet
   facet normal 4.327524e-02 9.844196e-01 -1.704270e-01
      outer loop
         vertex 1.594352e+02 3.599778e+01 4.082456e+01
         vertex 1.632471e+02 3.599778e+01 4.179250e+01
         vertex 1.632933e+02 3.596687e+01 4.162571e+01
      endloop
   endfacet
   facet normal 1.525593e-02 9.807768e-01 -1.945357e-01
      outer loop
         vertex 1.438799e+02 3.599778e+01 3.859815e+01
         vertex 1.478008e+02 3.599778e+01 3.890563e+01
         vertex 1.438908e+02 3.595972e+01 3.840711e+01
      endloop
   endfacet
   facet normal 1.525603e-02 9.807766e-01 -1.945365e-01
      outer loop
         vertex 1.438908e+02 3.595972e+01 3.840711e+01
         vertex 1.478008e+02 3.599778e+01 3.890563e+01
         vertex 1.478198e+02 3.595972e+01 3.871523e+01
      endloop
   endfacet
   facet normal 4.344280e-02 8.314099e-01 -5.539587e-01
      outer loop
         vertex 1.438908e+02 3.595972e+01 3.840711e+01
         vertex 1.478198e+02 3.595972e+01 3.871523e+01
         vertex 1.439000e+02 3.585133e+01 3.824517e+01
      endloop
   endfacet
   facet normal 4.344240e-02 8.314119e-01 -5.539558e-01
      outer loop
         vertex 1.439000e+02 3.585133e+01 3.824517e+01
         vertex 1.478198e+02 3.595972e+01 3.871523e+01
         vertex 1.478359e+02 3.585133e+01 3.855383e+01
      endloop
   endfacet
   facet normal 6.501037e-02 5.554873e-01 -8.289798e-01
      outer loop
         vertex 1.439000e+02 3.585133e+01 3.824517e+01
         vertex 1.478359e+02 3.585133e+01 3.855383e+01
         vertex 1.439062e+02 3.568912e+01 3.813695e+01
      endloop
   endfacet
   facet normal 6.501070e-02 5.554843e-01 -8.289818e-01
      outer loop
         vertex 1.439062e+02 3.568912e+01 3.813695e+01
         vertex 1.478359e+02 3.585133e+01 3.855383e+01
         vertex 1.478467e+02 3.568912e+01 3.844598e+01
      endloop
   endfacet
   facet normal 7.668078e-02 1.950438e-01 -9.777924e-01
      outer loop
         vertex 1.439062e+02 3.568912e+01 3.813695e+01
         vertex 1.478467e+02 3.568912e+01 3.844598e+01
         vertex 1.439084e+02 3.549778e+01 3.809896e+01
      endloop
   endfacet
   facet normal 7.668065e-02 1.950459e-01 -9.777920e-01
      outer loop
         vertex 1.439084e+02 3.549778e+01 3.809896e+01
         vertex 1.478467e+02 3.568912e+01 3.844598e+01
         vertex 1.478505e+02 3.549778e+01 3.840811e+01
      endloop
   endfacet
   facet normal 2.352711e-02 9.807766e-01 -1.937103e-01
      outer loop
         vertex 1.478008e+02 3.599778e+01 3.890563e+01
         vertex 1.517050e+02 3.599778e+01 3.937982e+01
         vertex 1.478198e+02 3.595972e+01 3.871523e+01
      endloop
   endfacet
   facet normal 2.352708e-02 9.807767e-01 -1.937101e-01
      outer loop
         vertex 1.478198e+02 3.595972e+01 3.871523e+01
         vertex 1.517050e+02 3.599778e+01 3.937982e+01
         vertex 1.517321e+02 3.595972e+01 3.919040e+01
      endloop
   endfacet
   facet normal 6.699496e-02 8.314121e-01 -5.516027e-01
      outer loop
         vertex 1.478198e+02 3.595972e+01 3.871523e+01
         vertex 1.517321e+02 3.595972e+01 3.919040e+01
         vertex 1.478359e+02 3.585133e+01 3.855383e+01
      endloop
   endfacet
   facet normal 6.699539e-02 8.314105e-01 -5.516051e-01
      outer loop
         vertex 1.478359e+02 3.585133e+01 3.855383e+01
         vertex 1.517321e+02 3.595972e+01 3.919040e+01
         vertex 1.517551e+02 3.585133e+01 3.902983e+01
      endloop
   endfacet
   facet normal 1.002567e-01 5.554837e-01 -8.254613e-01
      outer loop
         vertex 1.478359e+02 3.585133e+01 3.855383e+01
         vertex 1.517551e+02 3.585133e+01 3.902983e+01
         vertex 1.478467e+02 3.568912e+01 3.844598e+01
      endloop
   endfacet
   facet normal 1.002565e-01 5.554855e-01 -8.254602e-01
      outer loop
         vertex 1.478467e+02 3.568912e+01 3.844598e+01
         vertex 1.517551e+02 3.585133e+01 3.902983e+01
         vertex 1.517704e+02 3.568912e+01 3.892254e+01
      endloop
   endfacet
   facet normal 1.182536e-01 1.950462e-01 -9.736391e-01
      outer loop
         vertex 1.478467e+02 3.568912e+01 3.844598e+01
         vertex 1.517704e+02 3.568912e+01 3.892254e+01
         vertex 1.478505e+02 3.549778e+01 3.840811e+01
      endloop
   endfacet
   facet normal 1.182534e-01 1.950480e-01 -9.736387e-01
      outer loop
         vertex 1.478505e+02 3.549778e+01 3.840811e+01
         vertex 1.517704e+02 3.568912e+01 3.892254e+01
         vertex 1.517758e+02 3.549778e+01 3.888486e+01
      endloop
   endfacet
   facet normal 1.699085e-01 1.950781e-01 -9.659584e-01
      outer loop
         vertex 1.556773e+02 3.549778e+01 3.952836e+01
         vertex 1.537300e+02 3.549778e+01 3.918583e+01
         vertex 1.556703e+02 3.568912e+01 3.956577e+01
      endloop
   endfacet
   facet normal 1.554873e-01 2.951582e-01 -9.427117e-01
      outer loop
         vertex 1.556703e+02 3.568912e+01 3.956577e+01
         vertex 1.537300e+02 3.549778e+01 3.918583e+01
         vertex 1.517704e+02 3.568912e+01 3.892254e+01
      endloop
   endfacet
   facet normal 1.353207e-01 5.554833e-01 -8.204429e-01
      outer loop
         vertex 1.556703e+02 3.568912e+01 3.956577e+01
         vertex 1.517704e+02 3.568912e+01 3.892254e+01
         vertex 1.556504e+02 3.585133e+01 3.967231e+01
      endloop
   endfacet
   facet normal 1.353203e-01 5.554859e-01 -8.204413e-01
      outer loop
         vertex 1.556504e+02 3.585133e+01 3.967231e+01
         vertex 1.517704e+02 3.568912e+01 3.892254e+01
         vertex 1.517551e+02 3.585133e+01 3.902983e+01
      endloop
   endfacet
   facet normal 9.042608e-02 8.314118e-01 -5.482495e-01
      outer loop
         vertex 1.556504e+02 3.585133e+01 3.967231e+01
         vertex 1.517551e+02 3.585133e+01 3.902983e+01
         vertex 1.556206e+02 3.595972e+01 3.983176e+01
      endloop
   endfacet
   facet normal 9.042655e-02 8.314104e-01 -5.482516e-01
      outer loop
         vertex 1.556206e+02 3.595972e+01 3.983176e+01
         vertex 1.517551e+02 3.585133e+01 3.902983e+01
         vertex 1.517321e+02 3.595972e+01 3.919040e+01
      endloop
   endfacet
   facet normal 3.175552e-02 9.807767e-01 -1.925321e-01
      outer loop
         vertex 1.556206e+02 3.595972e+01 3.983176e+01
         vertex 1.517321e+02 3.595972e+01 3.919040e+01
         vertex 1.555855e+02 3.599778e+01 4.001985e+01
      endloop
   endfacet
   facet normal 3.175560e-02 9.807767e-01 -1.925325e-01
      outer loop
         vertex 1.555855e+02 3.599778e+01 4.001985e+01
         vertex 1.517321e+02 3.595972e+01 3.919040e+01
         vertex 1.517050e+02 3.599778e+01 3.937982e+01
      endloop
   endfacet
   facet normal 3.992630e-02 9.807767e-01 -1.910050e-01
      outer loop
         vertex 1.555855e+02 3.599778e+01 4.001985e+01
         vertex 1.594352e+02 3.599778e+01 4.082456e+01
         vertex 1.556206e+02 3.595972e+01 3.983176e+01
      endloop
   endfacet
   facet normal 3.992630e-02 9.807767e-01 -1.910051e-01
      outer loop
         vertex 1.556206e+02 3.595972e+01 3.983176e+01
         vertex 1.594352e+02 3.599778e+01 4.082456e+01
         vertex 1.594783e+02 3.595972e+01 4.063814e+01
      endloop
   endfacet
   facet normal 1.136930e-01 8.314119e-01 -5.439008e-01
      outer loop
         vertex 1.556206e+02 3.595972e+01 3.983176e+01
         vertex 1.594783e+02 3.595972e+01 4.063814e+01
         vertex 1.556504e+02 3.585133e+01 3.967231e+01
      endloop
   endfacet
   facet normal 1.136933e-01 8.314113e-01 -5.439017e-01
      outer loop
         vertex 1.556504e+02 3.585133e+01 3.967231e+01
         vertex 1.594783e+02 3.595972e+01 4.063814e+01
         vertex 1.595149e+02 3.585133e+01 4.048011e+01
      endloop
   endfacet
   facet normal 1.701392e-01 5.554832e-01 -8.139355e-01
      outer loop
         vertex 1.556504e+02 3.585133e+01 3.967231e+01
         vertex 1.595149e+02 3.585133e+01 4.048011e+01
         vertex 1.556703e+02 3.568912e+01 3.956577e+01
      endloop
   endfacet
   facet normal 1.701397e-01 5.554807e-01 -8.139371e-01
      outer loop
         vertex 1.556703e+02 3.568912e+01 3.956577e+01
         vertex 1.595149e+02 3.585133e+01 4.048011e+01
         vertex 1.595393e+02 3.568912e+01 4.037451e+01
      endloop
   endfacet
   facet normal 2.006808e-01 1.950462e-01 -9.600438e-01
      outer loop
         vertex 1.556703e+02 3.568912e+01 3.956577e+01
         vertex 1.595393e+02 3.568912e+01 4.037451e+01
         vertex 1.556773e+02 3.549778e+01 3.952836e+01
      endloop
   endfacet
   facet normal 2.006803e-01 1.950516e-01 -9.600429e-01
      outer loop
         vertex 1.556773e+02 3.549778e+01 3.952836e+01
         vertex 1.595393e+02 3.568912e+01 4.037451e+01
         vertex 1.595479e+02 3.549778e+01 4.033743e+01
      endloop
   endfacet
   facet normal 4.717125e-02 9.807799e-01 -1.893294e-01
      outer loop
         vertex 1.594352e+02 3.599778e+01 4.082456e+01
         vertex 1.632933e+02 3.596687e+01 4.162571e+01
         vertex 1.594783e+02 3.595972e+01 4.063814e+01
      endloop
   endfacet
   facet normal 1.336481e-01 8.421707e-01 -5.223856e-01
      outer loop
         vertex 1.594783e+02 3.595972e+01 4.063814e+01
         vertex 1.632933e+02 3.596687e+01 4.162571e+01
         vertex 1.633414e+02 3.585133e+01 4.145175e+01
      endloop
   endfacet
   facet normal 1.367540e-01 8.314113e-01 -5.385663e-01
      outer loop
         vertex 1.594783e+02 3.595972e+01 4.063814e+01
         vertex 1.633414e+02 3.585133e+01 4.145175e+01
         vertex 1.595149e+02 3.585133e+01 4.048011e+01
      endloop
   endfacet
   facet normal 2.072935e-01 5.390518e-01 -8.163655e-01
      outer loop
         vertex 1.595149e+02 3.585133e+01 4.048011e+01
         vertex 1.633414e+02 3.585133e+01 4.145175e+01
         vertex 1.633722e+02 3.567083e+01 4.134039e+01
      endloop
   endfacet
   facet normal 2.056824e-01 5.554698e-01 -8.056973e-01
      outer loop
         vertex 1.595149e+02 3.585133e+01 4.048011e+01
         vertex 1.633722e+02 3.567083e+01 4.134039e+01
         vertex 1.595393e+02 3.568912e+01 4.037451e+01
      endloop
   endfacet
   facet normal 2.413419e-01 1.757498e-01 -9.543930e-01
      outer loop
         vertex 1.595393e+02 3.568912e+01 4.037451e+01
         vertex 1.633722e+02 3.567083e+01 4.134039e+01
         vertex 1.633805e+02 3.549778e+01 4.131061e+01
      endloop
   endfacet
   facet normal 2.413851e-01 1.950515e-01 -9.506251e-01
      outer loop
         vertex 1.595393e+02 3.568912e+01 4.037451e+01
         vertex 1.633805e+02 3.549778e+01 4.131061e+01
         vertex 1.595479e+02 3.549778e+01 4.033743e+01
      endloop
   endfacet
   facet normal 1.351905e-01 9.843485e-01 -1.130555e-01
      outer loop
         vertex 1.684177e+02 3.599778e+01 4.539010e+01
         vertex 1.685580e+02 3.596687e+01 4.528885e+01
         vertex 1.676716e+02 3.596687e+01 4.422889e+01
      endloop
   endfacet
   facet normal 1.351929e-01 9.843480e-01 -1.130571e-01
      outer loop
         vertex 1.684177e+02 3.599778e+01 4.539010e+01
         vertex 1.676716e+02 3.596687e+01 4.422889e+01
         vertex 1.675471e+02 3.599778e+01 4.434911e+01
      endloop
   endfacet
   facet normal 1.177048e-01 9.843481e-01 -1.311658e-01
      outer loop
         vertex 1.675471e+02 3.599778e+01 4.434911e+01
         vertex 1.676716e+02 3.596687e+01 4.422889e+01
         vertex 1.666432e+02 3.596687e+01 4.330604e+01
      endloop
   endfacet
   facet normal 1.177032e-01 9.843484e-01 -1.311645e-01
      outer loop
         vertex 1.675471e+02 3.599778e+01 4.434911e+01
         vertex 1.666432e+02 3.596687e+01 4.330604e+01
         vertex 1.665372e+02 3.599778e+01 4.344277e+01
      endloop
   endfacet
   facet normal 9.781410e-02 9.843484e-01 -1.465966e-01
      outer loop
         vertex 1.665372e+02 3.599778e+01 4.344277e+01
         vertex 1.666432e+02 3.596687e+01 4.330604e+01
         vertex 1.654939e+02 3.596687e+01 4.253913e+01
      endloop
   endfacet
   facet normal 9.781410e-02 9.843484e-01 -1.465966e-01
      outer loop
         vertex 1.665372e+02 3.599778e+01 4.344277e+01
         vertex 1.654939e+02 3.596687e+01 4.253913e+01
         vertex 1.654083e+02 3.599778e+01 4.268958e+01
      endloop
   endfacet
   facet normal 7.592893e-02 9.843484e-01 -1.590377e-01
      outer loop
         vertex 1.654083e+02 3.599778e+01 4.268958e+01
         vertex 1.654939e+02 3.596687e+01 4.253913e+01
         vertex 1.642469e+02 3.596687e+01 4.194381e+01
      endloop
   endfacet
   facet normal 7.592909e-02 9.843484e-01 -1.590379e-01
      outer loop
         vertex 1.654083e+02 3.599778e+01 4.268958e+01
         vertex 1.642469e+02 3.596687e+01 4.194381e+01
         vertex 1.641837e+02 3.599778e+01 4.210491e+01
      endloop
   endfacet
   facet normal 5.569933e-02 9.843851e-01 -1.669835e-01
      outer loop
         vertex 1.641837e+02 3.599778e+01 4.210491e+01
         vertex 1.642469e+02 3.596687e+01 4.194381e+01
         vertex 1.632933e+02 3.596687e+01 4.162571e+01
      endloop
   endfacet
   facet normal 5.569884e-02 9.843853e-01 -1.669826e-01
      outer loop
         vertex 1.641837e+02 3.599778e+01 4.210491e+01
         vertex 1.632933e+02 3.596687e+01 4.162571e+01
         vertex 1.632471e+02 3.599778e+01 4.179250e+01
      endloop
   endfacet
   facet normal 3.853939e-01 1.757247e-01 -9.058655e-01
      outer loop
         vertex 1.648872e+02 3.549778e+01 4.186104e+01
         vertex 1.643664e+02 3.549778e+01 4.163946e+01
         vertex 1.643551e+02 3.567083e+01 4.166823e+01
      endloop
   endfacet
   facet normal 3.115083e-01 1.755633e-01 -9.338844e-01
      outer loop
         vertex 1.643551e+02 3.567083e+01 4.166823e+01
         vertex 1.643664e+02 3.549778e+01 4.163946e+01
         vertex 1.633805e+02 3.549778e+01 4.131061e+01
      endloop
   endfacet
   facet normal 3.115087e-01 1.755613e-01 -9.338847e-01
      outer loop
         vertex 1.643551e+02 3.567083e+01 4.166823e+01
         vertex 1.633805e+02 3.549778e+01 4.131061e+01
         vertex 1.633722e+02 3.567083e+01 4.134039e+01
      endloop
   endfacet
   facet normal 7.849358e-01 3.342748e-01 -5.216667e-01
      outer loop
         vertex 1.687981e+02 3.567083e+01 4.511564e+01
         vertex 1.692223e+02 3.567014e+01 4.575343e+01
         vertex 1.691538e+02 3.559920e+01 4.560489e+01
      endloop
   endfacet
   facet normal 4.219189e-01 3.803557e-01 -8.229909e-01
      outer loop
         vertex 1.648872e+02 3.549778e+01 4.186104e+01
         vertex 1.643551e+02 3.567083e+01 4.166823e+01
         vertex 1.656554e+02 3.549778e+01 4.225490e+01
      endloop
   endfacet
   facet normal 4.241667e-01 1.753639e-01 -8.884425e-01
      outer loop
         vertex 1.656554e+02 3.549778e+01 4.225490e+01
         vertex 1.643551e+02 3.567083e+01 4.166823e+01
         vertex 1.656402e+02 3.567083e+01 4.228177e+01
      endloop
   endfacet
   facet normal 5.327975e-01 1.755423e-01 -8.278355e-01
      outer loop
         vertex 1.656554e+02 3.549778e+01 4.225490e+01
         vertex 1.656402e+02 3.567083e+01 4.228177e+01
         vertex 1.665791e+02 3.549778e+01 4.284941e+01
      endloop
   endfacet
   facet normal 5.340466e-01 2.723457e-01 -8.003887e-01
      outer loop
         vertex 1.665791e+02 3.549778e+01 4.284941e+01
         vertex 1.656402e+02 3.567083e+01 4.228177e+01
         vertex 1.668247e+02 3.567083e+01 4.307215e+01
      endloop
   endfacet
   facet normal 5.905318e-01 1.757792e-01 -7.876382e-01
      outer loop
         vertex 1.665791e+02 3.549778e+01 4.284941e+01
         vertex 1.668247e+02 3.567083e+01 4.307215e+01
         vertex 1.668437e+02 3.549778e+01 4.304773e+01
      endloop
   endfacet
   facet normal 6.575320e-01 1.753681e-01 -7.327331e-01
      outer loop
         vertex 1.668437e+02 3.549778e+01 4.304773e+01
         vertex 1.668247e+02 3.567083e+01 4.307215e+01
         vertex 1.678846e+02 3.567083e+01 4.402324e+01
      endloop
   endfacet
   facet normal 6.575320e-01 1.753677e-01 -7.327331e-01
      outer loop
         vertex 1.668437e+02 3.549778e+01 4.304773e+01
         vertex 1.678846e+02 3.567083e+01 4.402324e+01
         vertex 1.679068e+02 3.549778e+01 4.400177e+01
      endloop
   endfacet
   facet normal 7.552250e-01 1.753689e-01 -6.315703e-01
      outer loop
         vertex 1.679068e+02 3.549778e+01 4.400177e+01
         vertex 1.678846e+02 3.567083e+01 4.402324e+01
         vertex 1.687981e+02 3.567083e+01 4.511564e+01
      endloop
   endfacet
   facet normal 7.552255e-01 1.753663e-01 -6.315703e-01
      outer loop
         vertex 1.679068e+02 3.549778e+01 4.400177e+01
         vertex 1.687981e+02 3.567083e+01 4.511564e+01
         vertex 1.688232e+02 3.549778e+01 4.509756e+01
      endloop
   endfacet
   facet normal 8.083290e-01 1.757756e-01 -5.618783e-01
      outer loop
         vertex 1.688232e+02 3.549778e+01 4.509756e+01
         vertex 1.687981e+02 3.567083e+01 4.511564e+01
         vertex 1.691538e+02 3.559920e+01 4.560489e+01
      endloop
   endfacet
   facet normal 8.102426e-01 1.678594e-01 -5.615427e-01
      outer loop
         vertex 1.688232e+02 3.549778e+01 4.509756e+01
         vertex 1.691538e+02 3.559920e+01 4.560489e+01
         vertex 1.690388e+02 3.549778e+01 4.540863e+01
      endloop
   endfacet
   facet normal 1.470618e-01 9.843974e-01 -9.661585e-02
      outer loop
         vertex 1.684177e+02 3.599778e+01 4.539010e+01
         vertex 1.688737e+02 3.599778e+01 4.608422e+01
         vertex 1.685580e+02 3.596687e+01 4.528885e+01
      endloop
   endfacet
   facet normal 1.769345e-01 9.782534e-01 -1.082332e-01
      outer loop
         vertex 1.685580e+02 3.596687e+01 4.528885e+01
         vertex 1.688737e+02 3.599778e+01 4.608422e+01
         vertex 1.690755e+02 3.595508e+01 4.602816e+01
      endloop
   endfacet
   facet normal 4.925729e-01 8.044918e-01 -3.319110e-01
      outer loop
         vertex 1.685580e+02 3.596687e+01 4.528885e+01
         vertex 1.690755e+02 3.595508e+01 4.602816e+01
         vertex 1.692449e+02 3.583260e+01 4.598269e+01
      endloop
   endfacet
   facet normal 6.498930e-01 5.884485e-01 -4.810067e-01
      outer loop
         vertex 1.692973e+02 3.576348e+01 4.596893e+01
         vertex 1.692223e+02 3.567014e+01 4.575343e+01
         vertex 1.692449e+02 3.583260e+01 4.598269e+01
      endloop
   endfacet
   facet normal 6.976162e-01 5.503680e-01 -4.587229e-01
      outer loop
         vertex 1.692449e+02 3.583260e+01 4.598269e+01
         vertex 1.692223e+02 3.567014e+01 4.575343e+01
         vertex 1.687044e+02 3.585133e+01 4.518324e+01
      endloop
   endfacet
   facet normal 4.561835e-01 8.417616e-01 -2.886764e-01
      outer loop
         vertex 1.692449e+02 3.583260e+01 4.598269e+01
         vertex 1.687044e+02 3.585133e+01 4.518324e+01
         vertex 1.685580e+02 3.596687e+01 4.528885e+01
      endloop
   endfacet
   facet normal 4.143344e-01 8.415880e-01 -3.464919e-01
      outer loop
         vertex 1.685580e+02 3.596687e+01 4.528885e+01
         vertex 1.687044e+02 3.585133e+01 4.518324e+01
         vertex 1.678015e+02 3.585133e+01 4.410351e+01
      endloop
   endfacet
   facet normal 4.143240e-01 8.415956e-01 -3.464860e-01
      outer loop
         vertex 1.685580e+02 3.596687e+01 4.528885e+01
         vertex 1.678015e+02 3.585133e+01 4.410351e+01
         vertex 1.676716e+02 3.596687e+01 4.422889e+01
      endloop
   endfacet
   facet normal 3.607298e-01 8.415949e-01 -4.019852e-01
      outer loop
         vertex 1.676716e+02 3.596687e+01 4.422889e+01
         vertex 1.678015e+02 3.585133e+01 4.410351e+01
         vertex 1.667539e+02 3.585133e+01 4.316344e+01
      endloop
   endfacet
   facet normal 3.607340e-01 8.415915e-01 -4.019884e-01
      outer loop
         vertex 1.676716e+02 3.596687e+01 4.422889e+01
         vertex 1.667539e+02 3.585133e+01 4.316344e+01
         vertex 1.666432e+02 3.596687e+01 4.330604e+01
      endloop
   endfacet
   facet normal 2.997774e-01 8.415912e-01 -4.492857e-01
      outer loop
         vertex 1.666432e+02 3.596687e+01 4.330604e+01
         vertex 1.667539e+02 3.585133e+01 4.316344e+01
         vertex 1.655831e+02 3.585133e+01 4.238222e+01
      endloop
   endfacet
   facet normal 2.997800e-01 8.415889e-01 -4.492884e-01
      outer loop
         vertex 1.666432e+02 3.596687e+01 4.330604e+01
         vertex 1.655831e+02 3.585133e+01 4.238222e+01
         vertex 1.654939e+02 3.596687e+01 4.253913e+01
      endloop
   endfacet
   facet normal 2.327063e-01 8.415892e-01 -4.874171e-01
      outer loop
         vertex 1.654939e+02 3.596687e+01 4.253913e+01
         vertex 1.655831e+02 3.585133e+01 4.238222e+01
         vertex 1.643129e+02 3.585133e+01 4.177579e+01
      endloop
   endfacet
   facet normal 2.327063e-01 8.415891e-01 -4.874172e-01
      outer loop
         vertex 1.654939e+02 3.596687e+01 4.253913e+01
         vertex 1.643129e+02 3.585133e+01 4.177579e+01
         vertex 1.642469e+02 3.596687e+01 4.194381e+01
      endloop
   endfacet
   facet normal 1.707600e-01 8.418853e-01 -5.119280e-01
      outer loop
         vertex 1.642469e+02 3.596687e+01 4.194381e+01
         vertex 1.643129e+02 3.585133e+01 4.177579e+01
         vertex 1.633414e+02 3.585133e+01 4.145175e+01
      endloop
   endfacet
   facet normal 1.707593e-01 8.418860e-01 -5.119270e-01
      outer loop
         vertex 1.642469e+02 3.596687e+01 4.194381e+01
         vertex 1.633414e+02 3.585133e+01 4.145175e+01
         vertex 1.632933e+02 3.596687e+01 4.162571e+01
      endloop
   endfacet
   facet normal 7.017019e-01 5.388648e-01 -4.660892e-01
      outer loop
         vertex 1.692223e+02 3.567014e+01 4.575343e+01
         vertex 1.687981e+02 3.567083e+01 4.511564e+01
         vertex 1.687044e+02 3.585133e+01 4.518324e+01
      endloop
   endfacet
   facet normal 6.465497e-01 5.381723e-01 -5.406886e-01
      outer loop
         vertex 1.687044e+02 3.585133e+01 4.518324e+01
         vertex 1.687981e+02 3.567083e+01 4.511564e+01
         vertex 1.678846e+02 3.567083e+01 4.402324e+01
      endloop
   endfacet
   facet normal 6.465603e-01 5.381547e-01 -5.406934e-01
      outer loop
         vertex 1.687044e+02 3.585133e+01 4.518324e+01
         vertex 1.678846e+02 3.567083e+01 4.402324e+01
         vertex 1.678015e+02 3.585133e+01 4.410351e+01
      endloop
   endfacet
   facet normal 5.629215e-01 5.381557e-01 -6.273021e-01
      outer loop
         vertex 1.678015e+02 3.585133e+01 4.410351e+01
         vertex 1.678846e+02 3.567083e+01 4.402324e+01
         vertex 1.668247e+02 3.567083e+01 4.307215e+01
      endloop
   endfacet
   facet normal 5.629242e-01 5.381508e-01 -6.273038e-01
      outer loop
         vertex 1.678015e+02 3.585133e+01 4.410351e+01
         vertex 1.668247e+02 3.567083e+01 4.307215e+01
         vertex 1.667539e+02 3.585133e+01 4.316344e+01
      endloop
   endfacet
   facet normal 4.678030e-01 5.381526e-01 -7.011078e-01
      outer loop
         vertex 1.667539e+02 3.585133e+01 4.316344e+01
         vertex 1.668247e+02 3.567083e+01 4.307215e+01
         vertex 1.656402e+02 3.567083e+01 4.228177e+01
      endloop
   endfacet
   facet normal 4.677983e-01 5.381620e-01 -7.011037e-01
      outer loop
         vertex 1.667539e+02 3.585133e+01 4.316344e+01
         vertex 1.656402e+02 3.567083e+01 4.228177e+01
         vertex 1.655831e+02 3.585133e+01 4.238222e+01
      endloop
   endfacet
   facet normal 3.631326e-01 5.381618e-01 -7.606028e-01
      outer loop
         vertex 1.655831e+02 3.585133e+01 4.238222e+01
         vertex 1.656402e+02 3.567083e+01 4.228177e+01
         vertex 1.643551e+02 3.567083e+01 4.166823e+01
      endloop
   endfacet
   facet normal 3.631326e-01 5.381617e-01 -7.606028e-01
      outer loop
         vertex 1.655831e+02 3.585133e+01 4.238222e+01
         vertex 1.643551e+02 3.567083e+01 4.166823e+01
         vertex 1.643129e+02 3.585133e+01 4.177579e+01
      endloop
   endfacet
   facet normal 2.666016e-01 5.386220e-01 -7.992558e-01
      outer loop
         vertex 1.643129e+02 3.585133e+01 4.177579e+01
         vertex 1.643551e+02 3.567083e+01 4.166823e+01
         vertex 1.633722e+02 3.567083e+01 4.134039e+01
      endloop
   endfacet
   facet normal 2.666018e-01 5.386216e-01 -7.992560e-01
      outer loop
         vertex 1.643129e+02 3.585133e+01 4.177579e+01
         vertex 1.633722e+02 3.567083e+01 4.134039e+01
         vertex 1.633414e+02 3.585133e+01 4.145175e+01
      endloop
   endfacet
   facet normal 8.020302e-01 5.913806e-01 8.376531e-02
      outer loop
         vertex 1.693366e+02 3.568679e+01 4.613368e+01
         vertex 1.692973e+02 3.576348e+01 4.596893e+01
         vertex 1.692449e+02 3.583260e+01 4.598269e+01
      endloop
   endfacet
   facet normal 2.070256e-01 9.783355e-01 0.000000e+00
      outer loop
         vertex 1.690755e+02 3.595508e+01 4.602816e+01
         vertex 1.688737e+02 3.599778e+01 4.608422e+01
         vertex 1.688737e+02 3.599778e+01 5.581259e+01
      endloop
   endfacet
   facet normal 8.029740e-01 5.889644e-01 -9.139871e-02
      outer loop
         vertex 1.692442e+02 3.583351e+01 5.591314e+01
         vertex 1.692973e+02 3.576348e+01 5.592788e+01
         vertex 1.693432e+02 3.566986e+01 5.572782e+01
      endloop
   endfacet
   facet normal 9.965588e-01 8.288924e-02 0.000000e+00
      outer loop
         vertex 1.693737e+02 3.549778e+01 5.538022e+01
         vertex 1.693737e+02 3.549778e+01 4.651659e+01
         vertex 1.693668e+02 3.558037e+01 5.554545e+01
      endloop
   endfacet
   facet normal 9.816525e-01 1.906759e-01 -9.972969e-04
      outer loop
         vertex 1.693668e+02 3.558037e+01 5.554545e+01
         vertex 1.693737e+02 3.549778e+01 4.651659e+01
         vertex 1.693366e+02 3.568679e+01 4.613368e+01
      endloop
   endfacet
   facet normal 9.666329e-01 2.561657e-01 -2.084861e-04
      outer loop
         vertex 1.693668e+02 3.558037e+01 5.554545e+01
         vertex 1.693366e+02 3.568679e+01 4.613368e+01
         vertex 1.693432e+02 3.566986e+01 5.572782e+01
      endloop
   endfacet
   facet normal 8.462286e-01 5.328198e-01 3.620541e-04
      outer loop
         vertex 1.693432e+02 3.566986e+01 5.572782e+01
         vertex 1.693366e+02 3.568679e+01 4.613368e+01
         vertex 1.692449e+02 3.583260e+01 4.598269e+01
      endloop
   endfacet
   facet normal 8.557654e-01 5.173641e-01 7.763895e-06
      outer loop
         vertex 1.693432e+02 3.566986e+01 5.572782e+01
         vertex 1.692449e+02 3.583260e+01 4.598269e+01
         vertex 1.692442e+02 3.583351e+01 5.591314e+01
      endloop
   endfacet
   facet normal 5.859178e-01 8.103705e-01 -3.652256e-05
      outer loop
         vertex 1.692442e+02 3.583351e+01 5.591314e+01
         vertex 1.692449e+02 3.583260e+01 4.598269e+01
         vertex 1.690755e+02 3.595508e+01 4.602816e+01
      endloop
   endfacet
   facet normal 5.841930e-01 8.116148e-01 8.229541e-06
      outer loop
         vertex 1.692442e+02 3.583351e+01 5.591314e+01
         vertex 1.690755e+02 3.595508e+01 4.602816e+01
         vertex 1.690745e+02 3.595570e+01 5.586665e+01
      endloop
   endfacet
   facet normal 2.051337e-01 9.787340e-01 -4.074834e-05
      outer loop
         vertex 1.690745e+02 3.595570e+01 5.586665e+01
         vertex 1.690755e+02 3.595508e+01 4.602816e+01
         vertex 1.688737e+02 3.599778e+01 5.581259e+01
      endloop
   endfacet
   facet normal 2.919506e-01 2.586551e-01 9.207944e-01
      outer loop
         vertex 1.643551e+02 3.567083e+01 6.022858e+01
         vertex 1.633626e+02 3.574778e+01 6.052164e+01
         vertex 1.633805e+02 3.549778e+01 6.058620e+01
      endloop
   endfacet
   facet normal 2.101096e-01 7.923708e-01 5.727149e-01
      outer loop
         vertex 1.642469e+02 3.596687e+01 5.995300e+01
         vertex 1.633138e+02 3.593079e+01 6.034526e+01
         vertex 1.633414e+02 3.585133e+01 6.044506e+01
      endloop
   endfacet
   facet normal 8.199917e-02 9.658384e-01 2.458298e-01
      outer loop
         vertex 1.641837e+02 3.599778e+01 5.979190e+01
         vertex 1.632471e+02 3.599778e+01 6.010431e+01
         vertex 1.633138e+02 3.593079e+01 6.034526e+01
      endloop
   endfacet
   facet normal 3.545177e-02 9.839572e-01 1.748470e-01
      outer loop
         vertex 1.633138e+02 3.593079e+01 6.034526e+01
         vertex 1.642469e+02 3.596687e+01 5.995300e+01
         vertex 1.641837e+02 3.599778e+01 5.979190e+01
      endloop
   endfacet
   facet normal 7.592906e-02 9.843484e-01 1.590379e-01
      outer loop
         vertex 1.641837e+02 3.599778e+01 5.979190e+01
         vertex 1.642469e+02 3.596687e+01 5.995300e+01
         vertex 1.654939e+02 3.596687e+01 5.935768e+01
      endloop
   endfacet
   facet normal 7.592897e-02 9.843484e-01 1.590376e-01
      outer loop
         vertex 1.641837e+02 3.599778e+01 5.979190e+01
         vertex 1.654939e+02 3.596687e+01 5.935768e+01
         vertex 1.654083e+02 3.599778e+01 5.920723e+01
      endloop
   endfacet
   facet normal 9.781410e-02 9.843484e-01 1.465966e-01
      outer loop
         vertex 1.654083e+02 3.599778e+01 5.920723e+01
         vertex 1.654939e+02 3.596687e+01 5.935768e+01
         vertex 1.666432e+02 3.596687e+01 5.859077e+01
      endloop
   endfacet
   facet normal 9.781410e-02 9.843484e-01 1.465966e-01
      outer loop
         vertex 1.654083e+02 3.599778e+01 5.920723e+01
         vertex 1.666432e+02 3.596687e+01 5.859077e+01
         vertex 1.665372e+02 3.599778e+01 5.845404e+01
      endloop
   endfacet
   facet normal 1.177034e-01 9.843484e-01 1.311643e-01
      outer loop
         vertex 1.665372e+02 3.599778e+01 5.845404e+01
         vertex 1.666432e+02 3.596687e+01 5.859077e+01
         vertex 1.676716e+02 3.596687e+01 5.766792e+01
      endloop
   endfacet
   facet normal 1.177046e-01 9.843481e-01 1.311660e-01
      outer loop
         vertex 1.665372e+02 3.599778e+01 5.845404e+01
         vertex 1.676716e+02 3.596687e+01 5.766792e+01
         vertex 1.675471e+02 3.599778e+01 5.754770e+01
      endloop
   endfacet
   facet normal 1.351927e-01 9.843480e-01 1.130573e-01
      outer loop
         vertex 1.675471e+02 3.599778e+01 5.754770e+01
         vertex 1.676716e+02 3.596687e+01 5.766792e+01
         vertex 1.685580e+02 3.596687e+01 5.660796e+01
      endloop
   endfacet
   facet normal 1.351908e-01 9.843485e-01 1.130552e-01
      outer loop
         vertex 1.675471e+02 3.599778e+01 5.754770e+01
         vertex 1.685580e+02 3.596687e+01 5.660796e+01
         vertex 1.684177e+02 3.599778e+01 5.650671e+01
      endloop
   endfacet
   facet normal 7.944634e-01 2.562420e-01 5.506069e-01
      outer loop
         vertex 1.688232e+02 3.549778e+01 5.679925e+01
         vertex 1.690388e+02 3.549778e+01 5.648818e+01
         vertex 1.692228e+02 3.567065e+01 5.614227e+01
      endloop
   endfacet
   facet normal 6.471726e-01 5.914138e-01 4.810378e-01
      outer loop
         vertex 1.692973e+02 3.576348e+01 5.592788e+01
         vertex 1.692442e+02 3.583351e+01 5.591314e+01
         vertex 1.692228e+02 3.567065e+01 5.614227e+01
      endloop
   endfacet
   facet normal 6.923795e-01 5.558746e-01 4.600153e-01
      outer loop
         vertex 1.692228e+02 3.567065e+01 5.614227e+01
         vertex 1.692442e+02 3.583351e+01 5.591314e+01
         vertex 1.687981e+02 3.567083e+01 5.678117e+01
      endloop
   endfacet
   facet normal 8.199047e-01 1.756760e-01 5.448800e-01
      outer loop
         vertex 1.692228e+02 3.567065e+01 5.614227e+01
         vertex 1.687981e+02 3.567083e+01 5.678117e+01
         vertex 1.688232e+02 3.549778e+01 5.679925e+01
      endloop
   endfacet
   facet normal 7.552253e-01 1.753663e-01 6.315706e-01
      outer loop
         vertex 1.688232e+02 3.549778e+01 5.679925e+01
         vertex 1.687981e+02 3.567083e+01 5.678117e+01
         vertex 1.678846e+02 3.567083e+01 5.787357e+01
      endloop
   endfacet
   facet normal 7.552252e-01 1.753689e-01 6.315700e-01
      outer loop
         vertex 1.688232e+02 3.549778e+01 5.679925e+01
         vertex 1.678846e+02 3.567083e+01 5.787357e+01
         vertex 1.679068e+02 3.549778e+01 5.789503e+01
      endloop
   endfacet
   facet normal 6.575320e-01 1.753677e-01 7.327331e-01
      outer loop
         vertex 1.679068e+02 3.549778e+01 5.789503e+01
         vertex 1.678846e+02 3.567083e+01 5.787357e+01
         vertex 1.668247e+02 3.567083e+01 5.882466e+01
      endloop
   endfacet
   facet normal 6.575320e-01 1.753681e-01 7.327330e-01
      outer loop
         vertex 1.679068e+02 3.549778e+01 5.789503e+01
         vertex 1.668247e+02 3.567083e+01 5.882466e+01
         vertex 1.668437e+02 3.549778e+01 5.884908e+01
      endloop
   endfacet
   facet normal 3.115083e-01 1.755633e-01 9.338844e-01
      outer loop
         vertex 1.633805e+02 3.549778e+01 6.058620e+01
         vertex 1.643664e+02 3.549778e+01 6.025734e+01
         vertex 1.643551e+02 3.567083e+01 6.022858e+01
      endloop
   endfacet
   facet normal 3.853939e-01 1.757247e-01 9.058655e-01
      outer loop
         vertex 1.643551e+02 3.567083e+01 6.022858e+01
         vertex 1.643664e+02 3.549778e+01 6.025734e+01
         vertex 1.648872e+02 3.549778e+01 6.003577e+01
      endloop
   endfacet
   facet normal 4.104293e-01 3.041670e-01 8.596687e-01
      outer loop
         vertex 1.643551e+02 3.567083e+01 6.022858e+01
         vertex 1.648872e+02 3.549778e+01 6.003577e+01
         vertex 1.656402e+02 3.567083e+01 5.961504e+01
      endloop
   endfacet
   facet normal 4.491153e-01 1.756404e-01 8.760399e-01
      outer loop
         vertex 1.656402e+02 3.567083e+01 5.961504e+01
         vertex 1.648872e+02 3.549778e+01 6.003577e+01
         vertex 1.656554e+02 3.549778e+01 5.964190e+01
      endloop
   endfacet
   facet normal 5.464260e-01 1.753645e-01 8.189420e-01
      outer loop
         vertex 1.656402e+02 3.567083e+01 5.961504e+01
         vertex 1.656554e+02 3.549778e+01 5.964190e+01
         vertex 1.668247e+02 3.567083e+01 5.882466e+01
      endloop
   endfacet
   facet normal 5.162967e-01 2.998617e-01 8.021974e-01
      outer loop
         vertex 1.668247e+02 3.567083e+01 5.882466e+01
         vertex 1.656554e+02 3.549778e+01 5.964190e+01
         vertex 1.665791e+02 3.549778e+01 5.904740e+01
      endloop
   endfacet
   facet normal 5.905318e-01 1.757792e-01 7.876382e-01
      outer loop
         vertex 1.668247e+02 3.567083e+01 5.882466e+01
         vertex 1.665791e+02 3.549778e+01 5.904740e+01
         vertex 1.668437e+02 3.549778e+01 5.884908e+01
      endloop
   endfacet
   facet normal 1.741632e-01 9.780466e-01 1.144208e-01
      outer loop
         vertex 1.688737e+02 3.599778e+01 5.581259e+01
         vertex 1.684177e+02 3.599778e+01 5.650671e+01
         vertex 1.690745e+02 3.595570e+01 5.586665e+01
      endloop
   endfacet
   facet normal 1.513696e-01 9.843146e-01 9.061964e-02
      outer loop
         vertex 1.690745e+02 3.595570e+01 5.586665e+01
         vertex 1.684177e+02 3.599778e+01 5.650671e+01
         vertex 1.685580e+02 3.596687e+01 5.660796e+01
      endloop
   endfacet
   facet normal 4.484483e-01 8.420576e-01 2.997218e-01
      outer loop
         vertex 1.690745e+02 3.595570e+01 5.586665e+01
         vertex 1.685580e+02 3.596687e+01 5.660796e+01
         vertex 1.687044e+02 3.585133e+01 5.671357e+01
      endloop
   endfacet
   facet normal 4.143331e-01 8.415880e-01 3.464936e-01
      outer loop
         vertex 1.687044e+02 3.585133e+01 5.671357e+01
         vertex 1.685580e+02 3.596687e+01 5.660796e+01
         vertex 1.676716e+02 3.596687e+01 5.766792e+01
      endloop
   endfacet
   facet normal 4.143255e-01 8.415955e-01 3.464844e-01
      outer loop
         vertex 1.687044e+02 3.585133e+01 5.671357e+01
         vertex 1.676716e+02 3.596687e+01 5.766792e+01
         vertex 1.678015e+02 3.585133e+01 5.779330e+01
      endloop
   endfacet
   facet normal 3.607305e-01 8.415949e-01 4.019845e-01
      outer loop
         vertex 1.678015e+02 3.585133e+01 5.779330e+01
         vertex 1.676716e+02 3.596687e+01 5.766792e+01
         vertex 1.666432e+02 3.596687e+01 5.859077e+01
      endloop
   endfacet
   facet normal 3.607333e-01 8.415916e-01 4.019890e-01
      outer loop
         vertex 1.678015e+02 3.585133e+01 5.779330e+01
         vertex 1.666432e+02 3.596687e+01 5.859077e+01
         vertex 1.667539e+02 3.585133e+01 5.873337e+01
      endloop
   endfacet
   facet normal 2.997780e-01 8.415913e-01 4.492853e-01
      outer loop
         vertex 1.667539e+02 3.585133e+01 5.873337e+01
         vertex 1.666432e+02 3.596687e+01 5.859077e+01
         vertex 1.654939e+02 3.596687e+01 5.935768e+01
      endloop
   endfacet
   facet normal 2.997794e-01 8.415890e-01 4.492887e-01
      outer loop
         vertex 1.667539e+02 3.585133e+01 5.873337e+01
         vertex 1.654939e+02 3.596687e+01 5.935768e+01
         vertex 1.655831e+02 3.585133e+01 5.951459e+01
      endloop
   endfacet
   facet normal 2.327063e-01 8.415892e-01 4.874171e-01
      outer loop
         vertex 1.655831e+02 3.585133e+01 5.951459e+01
         vertex 1.654939e+02 3.596687e+01 5.935768e+01
         vertex 1.642469e+02 3.596687e+01 5.995300e+01
      endloop
   endfacet
   facet normal 2.327063e-01 8.415891e-01 4.874172e-01
      outer loop
         vertex 1.655831e+02 3.585133e+01 5.951459e+01
         vertex 1.642469e+02 3.596687e+01 5.995300e+01
         vertex 1.643129e+02 3.585133e+01 6.012102e+01
      endloop
   endfacet
   facet normal 1.707600e-01 8.418853e-01 5.119280e-01
      outer loop
         vertex 1.643129e+02 3.585133e+01 6.012102e+01
         vertex 1.642469e+02 3.596687e+01 5.995300e+01
         vertex 1.633414e+02 3.585133e+01 6.044506e+01
      endloop
   endfacet
   facet normal 2.511630e-01 6.082362e-01 7.529713e-01
      outer loop
         vertex 1.643129e+02 3.585133e+01 6.012102e+01
         vertex 1.633414e+02 3.585133e+01 6.044506e+01
         vertex 1.633626e+02 3.574778e+01 6.052164e+01
      endloop
   endfacet
   facet normal 2.767212e-01 5.388446e-01 7.956582e-01
      outer loop
         vertex 1.633626e+02 3.574778e+01 6.052164e+01
         vertex 1.643551e+02 3.567083e+01 6.022858e+01
         vertex 1.643129e+02 3.585133e+01 6.012102e+01
      endloop
   endfacet
   facet normal 3.631326e-01 5.381617e-01 7.606028e-01
      outer loop
         vertex 1.643129e+02 3.585133e+01 6.012102e+01
         vertex 1.643551e+02 3.567083e+01 6.022858e+01
         vertex 1.656402e+02 3.567083e+01 5.961504e+01
      endloop
   endfacet
   facet normal 3.631326e-01 5.381618e-01 7.606028e-01
      outer loop
         vertex 1.643129e+02 3.585133e+01 6.012102e+01
         vertex 1.656402e+02 3.567083e+01 5.961504e+01
         vertex 1.655831e+02 3.585133e+01 5.951459e+01
      endloop
   endfacet
   facet normal 4.677997e-01 5.381620e-01 7.011028e-01
      outer loop
         vertex 1.655831e+02 3.585133e+01 5.951459e+01
         vertex 1.656402e+02 3.567083e+01 5.961504e+01
         vertex 1.668247e+02 3.567083e+01 5.882466e+01
      endloop
   endfacet
   facet normal 4.678016e-01 5.381525e-01 7.011088e-01
      outer loop
         vertex 1.655831e+02 3.585133e+01 5.951459e+01
         vertex 1.668247e+02 3.567083e+01 5.882466e+01
         vertex 1.667539e+02 3.585133e+01 5.873337e+01
      endloop
   endfacet
   facet normal 5.629235e-01 5.381509e-01 6.273044e-01
      outer loop
         vertex 1.667539e+02 3.585133e+01 5.873337e+01
         vertex 1.668247e+02 3.567083e+01 5.882466e+01
         vertex 1.678846e+02 3.567083e+01 5.787357e+01
      endloop
   endfacet
   facet normal 5.629221e-01 5.381557e-01 6.273015e-01
      outer loop
         vertex 1.667539e+02 3.585133e+01 5.873337e+01
         vertex 1.678846e+02 3.567083e+01 5.787357e+01
         vertex 1.678015e+02 3.585133e+01 5.779330e+01
      endloop
   endfacet
   facet normal 6.465582e-01 5.381548e-01 5.406958e-01
      outer loop
         vertex 1.678015e+02 3.585133e+01 5.779330e+01
         vertex 1.678846e+02 3.567083e+01 5.787357e+01
         vertex 1.687981e+02 3.567083e+01 5.678117e+01
      endloop
   endfacet
   facet normal 6.465516e-01 5.381724e-01 5.406862e-01
      outer loop
         vertex 1.678015e+02 3.585133e+01 5.779330e+01
         vertex 1.687981e+02 3.567083e+01 5.678117e+01
         vertex 1.687044e+02 3.585133e+01 5.671357e+01
      endloop
   endfacet
   facet normal 7.039569e-01 5.387899e-01 4.627636e-01
      outer loop
         vertex 1.687044e+02 3.585133e+01 5.671357e+01
         vertex 1.687981e+02 3.567083e+01 5.678117e+01
         vertex 1.692442e+02 3.583351e+01 5.591314e+01
      endloop
   endfacet
   facet normal 4.956354e-01 8.089059e-01 3.162544e-01
      outer loop
         vertex 1.687044e+02 3.585133e+01 5.671357e+01
         vertex 1.692442e+02 3.583351e+01 5.591314e+01
         vertex 1.690745e+02 3.595570e+01 5.586665e+01
      endloop
   endfacet
   facet normal 1.553226e-01 7.933320e-01 5.886419e-01
      outer loop
         vertex 1.633414e+02 3.585133e+01 6.044506e+01
         vertex 1.633138e+02 3.593079e+01 6.034526e+01
         vertex 1.611688e+02 3.593079e+01 6.091124e+01
      endloop
   endfacet
   facet normal 1.211123e-02 9.844242e-01 1.753918e-01
      outer loop
         vertex 1.460870e+02 3.599778e+01 6.314626e+01
         vertex 1.438799e+02 3.599778e+01 6.329866e+01
         vertex 1.438898e+02 3.596687e+01 6.347144e+01
      endloop
   endfacet
   facet normal 2.454920e-02 9.659194e-01 2.576762e-01
      outer loop
         vertex 1.438898e+02 3.596687e+01 6.347144e+01
         vertex 1.461072e+02 3.593079e+01 6.339544e+01
         vertex 1.460870e+02 3.599778e+01 6.314626e+01
      endloop
   endfacet
   facet normal 2.401293e-02 9.659212e-01 2.577201e-01
      outer loop
         vertex 1.460870e+02 3.599778e+01 6.314626e+01
         vertex 1.461072e+02 3.593079e+01 6.339544e+01
         vertex 1.483160e+02 3.593079e+01 6.318963e+01
      endloop
   endfacet
   facet normal 2.401294e-02 9.659212e-01 2.577201e-01
      outer loop
         vertex 1.460870e+02 3.599778e+01 6.314626e+01
         vertex 1.483160e+02 3.593079e+01 6.318963e+01
         vertex 1.482899e+02 3.599778e+01 6.294101e+01
      endloop
   endfacet
   facet normal 3.086659e-02 9.659189e-01 2.569980e-01
      outer loop
         vertex 1.482899e+02 3.599778e+01 6.294101e+01
         vertex 1.483160e+02 3.593079e+01 6.318963e+01
         vertex 1.510080e+02 3.593079e+01 6.286632e+01
      endloop
   endfacet
   facet normal 3.086659e-02 9.659190e-01 2.569977e-01
      outer loop
         vertex 1.482899e+02 3.599778e+01 6.294101e+01
         vertex 1.510080e+02 3.593079e+01 6.286632e+01
         vertex 1.509745e+02 3.599778e+01 6.261857e+01
      endloop
   endfacet
   facet normal 3.837935e-02 9.659190e-01 2.559836e-01
      outer loop
         vertex 1.509745e+02 3.599778e+01 6.261857e+01
         vertex 1.510080e+02 3.593079e+01 6.286632e+01
         vertex 1.536893e+02 3.593079e+01 6.246431e+01
      endloop
   endfacet
   facet normal 3.837936e-02 9.659189e-01 2.559837e-01
      outer loop
         vertex 1.509745e+02 3.599778e+01 6.261857e+01
         vertex 1.536893e+02 3.593079e+01 6.246431e+01
         vertex 1.536486e+02 3.599778e+01 6.221764e+01
      endloop
   endfacet
   facet normal 4.585912e-02 9.659189e-01 2.547501e-01
      outer loop
         vertex 1.536486e+02 3.599778e+01 6.221764e+01
         vertex 1.536893e+02 3.593079e+01 6.246431e+01
         vertex 1.563577e+02 3.593079e+01 6.198395e+01
      endloop
   endfacet
   facet normal 4.585909e-02 9.659190e-01 2.547498e-01
      outer loop
         vertex 1.536486e+02 3.599778e+01 6.221764e+01
         vertex 1.563577e+02 3.593079e+01 6.198395e+01
         vertex 1.563098e+02 3.599778e+01 6.173858e+01
      endloop
   endfacet
   facet normal 5.329954e-02 9.659190e-01 2.532975e-01
      outer loop
         vertex 1.563098e+02 3.599778e+01 6.173858e+01
         vertex 1.563577e+02 3.593079e+01 6.198395e+01
         vertex 1.590109e+02 3.593079e+01 6.142566e+01
      endloop
   endfacet
   facet normal 5.329948e-02 9.659191e-01 2.532970e-01
      outer loop
         vertex 1.563098e+02 3.599778e+01 6.173858e+01
         vertex 1.590109e+02 3.593079e+01 6.142566e+01
         vertex 1.589559e+02 3.599778e+01 6.118179e+01
      endloop
   endfacet
   facet normal 6.002200e-02 9.659214e-01 2.517799e-01
      outer loop
         vertex 1.589559e+02 3.599778e+01 6.118179e+01
         vertex 1.590109e+02 3.593079e+01 6.142566e+01
         vertex 1.611688e+02 3.593079e+01 6.091124e+01
      endloop
   endfacet
   facet normal 6.002206e-02 9.659213e-01 2.517805e-01
      outer loop
         vertex 1.589559e+02 3.599778e+01 6.118179e+01
         vertex 1.611688e+02 3.593079e+01 6.091124e+01
         vertex 1.611080e+02 3.599778e+01 6.066876e+01
      endloop
   endfacet
   facet normal 6.603774e-02 9.659213e-01 2.502700e-01
      outer loop
         vertex 1.611080e+02 3.599778e+01 6.066876e+01
         vertex 1.611688e+02 3.593079e+01 6.091124e+01
         vertex 1.633138e+02 3.593079e+01 6.034526e+01
      endloop
   endfacet
   facet normal 6.603771e-02 9.659213e-01 2.502698e-01
      outer loop
         vertex 1.611080e+02 3.599778e+01 6.066876e+01
         vertex 1.633138e+02 3.593079e+01 6.034526e+01
         vertex 1.632471e+02 3.599778e+01 6.010431e+01
      endloop
   endfacet
   facet normal 2.464415e-01 2.588036e-01 9.339632e-01
      outer loop
         vertex 1.633805e+02 3.549778e+01 6.058620e+01
         vertex 1.633626e+02 3.574778e+01 6.052164e+01
         vertex 1.612134e+02 3.574778e+01 6.108874e+01
      endloop
   endfacet
   facet normal 2.024180e-01 6.087275e-01 7.671231e-01
      outer loop
         vertex 1.612134e+02 3.574778e+01 6.108874e+01
         vertex 1.633626e+02 3.574778e+01 6.052164e+01
         vertex 1.633414e+02 3.585133e+01 6.044506e+01
      endloop
   endfacet
   facet normal 1.729788e-01 7.071053e-01 6.856242e-01
      outer loop
         vertex 1.633414e+02 3.585133e+01 6.044506e+01
         vertex 1.611688e+02 3.593079e+01 6.091124e+01
         vertex 1.612134e+02 3.574778e+01 6.108874e+01
      endloop
   endfacet
   facet normal 1.639790e-01 7.070801e-01 6.878580e-01
      outer loop
         vertex 1.612134e+02 3.574778e+01 6.108874e+01
         vertex 1.611688e+02 3.593079e+01 6.091124e+01
         vertex 1.590109e+02 3.593079e+01 6.142566e+01
      endloop
   endfacet
   facet normal 1.639789e-01 7.070804e-01 6.878577e-01
      outer loop
         vertex 1.612134e+02 3.574778e+01 6.108874e+01
         vertex 1.590109e+02 3.593079e+01 6.142566e+01
         vertex 1.590512e+02 3.574778e+01 6.160418e+01
      endloop
   endfacet
   facet normal 1.456107e-01 7.070678e-01 6.919917e-01
      outer loop
         vertex 1.590512e+02 3.574778e+01 6.160418e+01
         vertex 1.590109e+02 3.593079e+01 6.142566e+01
         vertex 1.563577e+02 3.593079e+01 6.198395e+01
      endloop
   endfacet
   facet normal 1.456109e-01 7.070662e-01 6.919934e-01
      outer loop
         vertex 1.590512e+02 3.574778e+01 6.160418e+01
         vertex 1.563577e+02 3.593079e+01 6.198395e+01
         vertex 1.563928e+02 3.574778e+01 6.216357e+01
      endloop
   endfacet
   facet normal 1.252841e-01 7.070664e-01 6.959605e-01
      outer loop
         vertex 1.563928e+02 3.574778e+01 6.216357e+01
         vertex 1.563577e+02 3.593079e+01 6.198395e+01
         vertex 1.536893e+02 3.593079e+01 6.246431e+01
      endloop
   endfacet
   facet normal 1.252840e-01 7.070683e-01 6.959585e-01
      outer loop
         vertex 1.563928e+02 3.574778e+01 6.216357e+01
         vertex 1.536893e+02 3.593079e+01 6.246431e+01
         vertex 1.537191e+02 3.574778e+01 6.264488e+01
      endloop
   endfacet
   facet normal 1.048496e-01 7.070683e-01 6.993290e-01
      outer loop
         vertex 1.537191e+02 3.574778e+01 6.264488e+01
         vertex 1.536893e+02 3.593079e+01 6.246431e+01
         vertex 1.510080e+02 3.593079e+01 6.286632e+01
      endloop
   endfacet
   facet normal 1.048497e-01 7.070676e-01 6.993297e-01
      outer loop
         vertex 1.537191e+02 3.574778e+01 6.264488e+01
         vertex 1.510080e+02 3.593079e+01 6.286632e+01
         vertex 1.510325e+02 3.574778e+01 6.304769e+01
      endloop
   endfacet
   facet normal 8.432534e-02 7.070676e-01 7.021002e-01
      outer loop
         vertex 1.510325e+02 3.574778e+01 6.304769e+01
         vertex 1.510080e+02 3.593079e+01 6.286632e+01
         vertex 1.483160e+02 3.593079e+01 6.318963e+01
      endloop
   endfacet
   facet normal 8.432537e-02 7.070693e-01 7.020985e-01
      outer loop
         vertex 1.510325e+02 3.574778e+01 6.304769e+01
         vertex 1.483160e+02 3.593079e+01 6.318963e+01
         vertex 1.483352e+02 3.574778e+01 6.337164e+01
      endloop
   endfacet
   facet normal 6.560248e-02 7.070817e-01 7.040822e-01
      outer loop
         vertex 1.483352e+02 3.574778e+01 6.337164e+01
         vertex 1.483160e+02 3.593079e+01 6.318963e+01
         vertex 1.461072e+02 3.593079e+01 6.339544e+01
      endloop
   endfacet
   facet normal 6.560250e-02 7.070821e-01 7.040819e-01
      outer loop
         vertex 1.483352e+02 3.574778e+01 6.337164e+01
         vertex 1.461072e+02 3.593079e+01 6.339544e+01
         vertex 1.461220e+02 3.574778e+01 6.357785e+01
      endloop
   endfacet
   facet normal 2.925129e-02 9.053727e-01 4.236092e-01
      outer loop
         vertex 1.438898e+02 3.596687e+01 6.347144e+01
         vertex 1.438941e+02 3.593079e+01 6.354826e+01
         vertex 1.461072e+02 3.593079e+01 6.339544e+01
      endloop
   endfacet
   facet normal 4.193872e-02 7.933304e-01 6.073451e-01
      outer loop
         vertex 1.461072e+02 3.593079e+01 6.339544e+01
         vertex 1.438941e+02 3.593079e+01 6.354826e+01
         vertex 1.439000e+02 3.585133e+01 6.365164e+01
      endloop
   endfacet
   facet normal 5.636160e-02 7.071072e-01 7.048566e-01
      outer loop
         vertex 1.461072e+02 3.593079e+01 6.339544e+01
         vertex 1.439000e+02 3.585133e+01 6.365164e+01
         vertex 1.461220e+02 3.574778e+01 6.357785e+01
      endloop
   endfacet
   facet normal 5.465408e-02 6.087361e-01 7.914881e-01
      outer loop
         vertex 1.461220e+02 3.574778e+01 6.357785e+01
         vertex 1.439000e+02 3.585133e+01 6.365164e+01
         vertex 1.439046e+02 3.574778e+01 6.373097e+01
      endloop
   endfacet
   facet normal 6.237110e-02 4.245701e-01 9.032442e-01
      outer loop
         vertex 1.461220e+02 3.574778e+01 6.357785e+01
         vertex 1.439046e+02 3.574778e+01 6.373097e+01
         vertex 1.439066e+02 3.567083e+01 6.376700e+01
      endloop
   endfacet
   facet normal 2.464414e-01 2.588031e-01 9.339634e-01
      outer loop
         vertex 1.633805e+02 3.549778e+01 6.058620e+01
         vertex 1.612134e+02 3.574778e+01 6.108874e+01
         vertex 1.612297e+02 3.549778e+01 6.115371e+01
      endloop
   endfacet
   facet normal 2.239920e-01 2.588032e-01 9.396002e-01
      outer loop
         vertex 1.612297e+02 3.549778e+01 6.115371e+01
         vertex 1.612134e+02 3.574778e+01 6.108874e+01
         vertex 1.590512e+02 3.574778e+01 6.160418e+01
      endloop
   endfacet
   facet normal 2.239919e-01 2.588014e-01 9.396007e-01
      outer loop
         vertex 1.612297e+02 3.549778e+01 6.115371e+01
         vertex 1.590512e+02 3.574778e+01 6.160418e+01
         vertex 1.590660e+02 3.549778e+01 6.166952e+01
      endloop
   endfacet
   facet normal 1.988982e-01 2.587928e-01 9.452332e-01
      outer loop
         vertex 1.590660e+02 3.549778e+01 6.166952e+01
         vertex 1.590512e+02 3.574778e+01 6.160418e+01
         vertex 1.563928e+02 3.574778e+01 6.216357e+01
      endloop
   endfacet
   facet normal 1.988984e-01 2.587979e-01 9.452318e-01
      outer loop
         vertex 1.590660e+02 3.549778e+01 6.166952e+01
         vertex 1.563928e+02 3.574778e+01 6.216357e+01
         vertex 1.564056e+02 3.549778e+01 6.222932e+01
      endloop
   endfacet
   facet normal 1.711329e-01 2.587977e-01 9.506510e-01
      outer loop
         vertex 1.564056e+02 3.549778e+01 6.222932e+01
         vertex 1.563928e+02 3.574778e+01 6.216357e+01
         vertex 1.537191e+02 3.574778e+01 6.264488e+01
      endloop
   endfacet
   facet normal 1.711327e-01 2.587954e-01 9.506516e-01
      outer loop
         vertex 1.564056e+02 3.549778e+01 6.222932e+01
         vertex 1.537191e+02 3.574778e+01 6.264488e+01
         vertex 1.537300e+02 3.549778e+01 6.271098e+01
      endloop
   endfacet
   facet normal 1.432203e-01 2.587955e-01 9.552554e-01
      outer loop
         vertex 1.537300e+02 3.549778e+01 6.271098e+01
         vertex 1.537191e+02 3.574778e+01 6.264488e+01
         vertex 1.510325e+02 3.574778e+01 6.304769e+01
      endloop
   endfacet
   facet normal 1.432203e-01 2.587960e-01 9.552552e-01
      outer loop
         vertex 1.537300e+02 3.549778e+01 6.271098e+01
         vertex 1.510325e+02 3.574778e+01 6.304769e+01
         vertex 1.510414e+02 3.549778e+01 6.311407e+01
      endloop
   endfacet
   facet normal 1.151852e-01 2.587958e-01 9.590397e-01
      outer loop
         vertex 1.510414e+02 3.549778e+01 6.311407e+01
         vertex 1.510325e+02 3.574778e+01 6.304769e+01
         vertex 1.483352e+02 3.574778e+01 6.337164e+01
      endloop
   endfacet
   facet normal 1.151848e-01 2.587900e-01 9.590413e-01
      outer loop
         vertex 1.510414e+02 3.549778e+01 6.311407e+01
         vertex 1.483352e+02 3.574778e+01 6.337164e+01
         vertex 1.483422e+02 3.549778e+01 6.343826e+01
      endloop
   endfacet
   facet normal 8.961206e-02 2.587988e-01 9.617655e-01
      outer loop
         vertex 1.483422e+02 3.549778e+01 6.343826e+01
         vertex 1.483352e+02 3.574778e+01 6.337164e+01
         vertex 1.461220e+02 3.574778e+01 6.357785e+01
      endloop
   endfacet
   facet normal 8.961210e-02 2.587991e-01 9.617654e-01
      outer loop
         vertex 1.483422e+02 3.549778e+01 6.343826e+01
         vertex 1.461220e+02 3.574778e+01 6.357785e+01
         vertex 1.461274e+02 3.549778e+01 6.364462e+01
      endloop
   endfacet
   facet normal 7.324208e-02 2.588136e-01 9.631465e-01
      outer loop
         vertex 1.461274e+02 3.549778e+01 6.364462e+01
         vertex 1.461220e+02 3.574778e+01 6.357785e+01
         vertex 1.439066e+02 3.567083e+01 6.376700e+01
      endloop
   endfacet
   facet normal 6.781572e-02 1.757815e-01 9.820906e-01
      outer loop
         vertex 1.461274e+02 3.549778e+01 6.364462e+01
         vertex 1.439066e+02 3.567083e+01 6.376700e+01
         vertex 1.439084e+02 3.549778e+01 6.379785e+01
      endloop
   endfacet
   facet normal -1.684856e-01 9.842924e-01 5.273639e-02
      outer loop
         vertex 1.392225e+02 3.599778e+01 5.974384e+01
         vertex 1.390533e+02 3.596687e+01 5.977991e+01
         vertex 1.393136e+02 3.596687e+01 6.061166e+01
      endloop
   endfacet
   facet normal -1.684817e-01 9.842931e-01 5.273601e-02
      outer loop
         vertex 1.392225e+02 3.599778e+01 5.974384e+01
         vertex 1.393136e+02 3.596687e+01 6.061166e+01
         vertex 1.394732e+02 3.599778e+01 6.054479e+01
      endloop
   endfacet
   facet normal -1.557591e-01 9.842930e-01 8.310422e-02
      outer loop
         vertex 1.394732e+02 3.599778e+01 6.054479e+01
         vertex 1.393136e+02 3.596687e+01 6.061166e+01
         vertex 1.397239e+02 3.596687e+01 6.138061e+01
      endloop
   endfacet
   facet normal -1.557606e-01 9.842928e-01 8.310466e-02
      outer loop
         vertex 1.394732e+02 3.599778e+01 6.054479e+01
         vertex 1.397239e+02 3.596687e+01 6.138061e+01
         vertex 1.398683e+02 3.599778e+01 6.128526e+01
      endloop
   endfacet
   facet normal -1.376196e-01 9.842928e-01 1.105826e-01
      outer loop
         vertex 1.398683e+02 3.599778e+01 6.128526e+01
         vertex 1.397239e+02 3.596687e+01 6.138061e+01
         vertex 1.402698e+02 3.596687e+01 6.206000e+01
      endloop
   endfacet
   facet normal -1.376172e-01 9.842933e-01 1.105813e-01
      outer loop
         vertex 1.398683e+02 3.599778e+01 6.128526e+01
         vertex 1.402698e+02 3.596687e+01 6.206000e+01
         vertex 1.403940e+02 3.599778e+01 6.193949e+01
      endloop
   endfacet
   facet normal -1.146897e-01 9.842932e-01 1.342130e-01
      outer loop
         vertex 1.403940e+02 3.599778e+01 6.193949e+01
         vertex 1.402698e+02 3.596687e+01 6.206000e+01
         vertex 1.409324e+02 3.596687e+01 6.262620e+01
      endloop
   endfacet
   facet normal -1.146919e-01 9.842927e-01 1.342146e-01
      outer loop
         vertex 1.403940e+02 3.599778e+01 6.193949e+01
         vertex 1.409324e+02 3.596687e+01 6.262620e+01
         vertex 1.410321e+02 3.599778e+01 6.248472e+01
      endloop
   endfacet
   facet normal -8.777442e-02 9.842928e-01 1.531773e-01
      outer loop
         vertex 1.410321e+02 3.599778e+01 6.248472e+01
         vertex 1.409324e+02 3.596687e+01 6.262620e+01
         vertex 1.416886e+02 3.596687e+01 6.305952e+01
      endloop
   endfacet
   facet normal -8.777299e-02 9.842932e-01 1.531757e-01
      outer loop
         vertex 1.410321e+02 3.599778e+01 6.248472e+01
         vertex 1.416886e+02 3.596687e+01 6.305952e+01
         vertex 1.417602e+02 3.599778e+01 6.290199e+01
      endloop
   endfacet
   facet normal -5.780321e-02 9.842931e-01 1.668108e-01
      outer loop
         vertex 1.417602e+02 3.599778e+01 6.290199e+01
         vertex 1.416886e+02 3.596687e+01 6.305952e+01
         vertex 1.425121e+02 3.596687e+01 6.334488e+01
      endloop
   endfacet
   facet normal -5.780359e-02 9.842930e-01 1.668115e-01
      outer loop
         vertex 1.417602e+02 3.599778e+01 6.290199e+01
         vertex 1.425121e+02 3.596687e+01 6.334488e+01
         vertex 1.425533e+02 3.599778e+01 6.317679e+01
      endloop
   endfacet
   facet normal -2.582246e-02 9.842930e-01 1.746442e-01
      outer loop
         vertex 1.425533e+02 3.599778e+01 6.317679e+01
         vertex 1.425121e+02 3.596687e+01 6.334488e+01
         vertex 1.433743e+02 3.596687e+01 6.347236e+01
      endloop
   endfacet
   facet normal -2.582270e-02 9.842928e-01 1.746448e-01
      outer loop
         vertex 1.425533e+02 3.599778e+01 6.317679e+01
         vertex 1.433743e+02 3.596687e+01 6.347236e+01
         vertex 1.433835e+02 3.599778e+01 6.329955e+01
      endloop
   endfacet
   facet normal 3.129881e-04 9.843799e-01 1.760571e-01
      outer loop
         vertex 1.433835e+02 3.599778e+01 6.329955e+01
         vertex 1.433743e+02 3.596687e+01 6.347236e+01
         vertex 1.438898e+02 3.596687e+01 6.347144e+01
      endloop
   endfacet
   facet normal 3.131318e-04 9.843800e-01 1.760567e-01
      outer loop
         vertex 1.433835e+02 3.599778e+01 6.329955e+01
         vertex 1.438898e+02 3.596687e+01 6.347144e+01
         vertex 1.438799e+02 3.599778e+01 6.329866e+01
      endloop
   endfacet
   facet normal 1.083265e-03 7.929037e-01 6.093460e-01
      outer loop
         vertex 1.433646e+02 3.585133e+01 6.365260e+01
         vertex 1.439000e+02 3.585133e+01 6.365164e+01
         vertex 1.438941e+02 3.593079e+01 6.354826e+01
      endloop
   endfacet
   facet normal 1.749586e-03 1.755347e-01 9.844717e-01
      outer loop
         vertex 1.439084e+02 3.549778e+01 6.379785e+01
         vertex 1.439066e+02 3.567083e+01 6.376700e+01
         vertex 1.433585e+02 3.567083e+01 6.376797e+01
      endloop
   endfacet
   facet normal 1.609470e-03 4.240660e-01 9.056298e-01
      outer loop
         vertex 1.433585e+02 3.567083e+01 6.376797e+01
         vertex 1.439066e+02 3.567083e+01 6.376700e+01
         vertex 1.439046e+02 3.574778e+01 6.373097e+01
      endloop
   endfacet
   facet normal -1.764103e-01 3.912127e-01 9.032342e-01
      outer loop
         vertex 1.424343e+02 3.549778e+01 6.366243e+01
         vertex 1.428984e+02 3.549778e+01 6.375307e+01
         vertex 1.433585e+02 3.567083e+01 6.376797e+01
      endloop
   endfacet
   facet normal -9.778434e-02 1.756140e-01 9.795907e-01
      outer loop
         vertex 1.433585e+02 3.567083e+01 6.376797e+01
         vertex 1.428984e+02 3.549778e+01 6.375307e+01
         vertex 1.433568e+02 3.549778e+01 6.379883e+01
      endloop
   endfacet
   facet normal 1.750421e-03 1.755373e-01 9.844712e-01
      outer loop
         vertex 1.433585e+02 3.567083e+01 6.376797e+01
         vertex 1.433568e+02 3.549778e+01 6.379883e+01
         vertex 1.439084e+02 3.549778e+01 6.379785e+01
      endloop
   endfacet
   facet normal -4.895037e-01 1.750634e-01 8.542476e-01
      outer loop
         vertex 1.407619e+02 3.567083e+01 6.286821e+01
         vertex 1.415532e+02 3.549778e+01 6.335711e+01
         vertex 1.415660e+02 3.567083e+01 6.332898e+01
      endloop
   endfacet
   facet normal -3.223620e-01 1.750614e-01 9.302883e-01
      outer loop
         vertex 1.415660e+02 3.567083e+01 6.332898e+01
         vertex 1.415532e+02 3.549778e+01 6.335711e+01
         vertex 1.424343e+02 3.549778e+01 6.366243e+01
      endloop
   endfacet
   facet normal -3.223636e-01 1.750543e-01 9.302890e-01
      outer loop
         vertex 1.415660e+02 3.567083e+01 6.332898e+01
         vertex 1.424343e+02 3.549778e+01 6.366243e+01
         vertex 1.424417e+02 3.567083e+01 6.363242e+01
      endloop
   endfacet
   facet normal -1.440095e-01 1.750520e-01 9.739703e-01
      outer loop
         vertex 1.424417e+02 3.567083e+01 6.363242e+01
         vertex 1.424343e+02 3.549778e+01 6.366243e+01
         vertex 1.433585e+02 3.567083e+01 6.376797e+01
      endloop
   endfacet
   facet normal -6.303614e-01 3.841970e-01 6.745644e-01
      outer loop
         vertex 1.400352e+02 3.549778e+01 6.228766e+01
         vertex 1.403928e+02 3.549778e+01 6.262189e+01
         vertex 1.407619e+02 3.567083e+01 6.286821e+01
      endloop
   endfacet
   facet normal -6.021485e-01 1.756337e-01 7.788261e-01
      outer loop
         vertex 1.407619e+02 3.567083e+01 6.286821e+01
         vertex 1.403928e+02 3.549778e+01 6.262189e+01
         vertex 1.407441e+02 3.549778e+01 6.289348e+01
      endloop
   endfacet
   facet normal -4.895049e-01 1.750589e-01 8.542478e-01
      outer loop
         vertex 1.407619e+02 3.567083e+01 6.286821e+01
         vertex 1.407441e+02 3.549778e+01 6.289348e+01
         vertex 1.415532e+02 3.549778e+01 6.335711e+01
      endloop
   endfacet
   facet normal -6.396174e-01 1.750505e-01 7.484964e-01
      outer loop
         vertex 1.407619e+02 3.567083e+01 6.286821e+01
         vertex 1.400573e+02 3.567083e+01 6.226614e+01
         vertex 1.400352e+02 3.549778e+01 6.228766e+01
      endloop
   endfacet
   facet normal -7.674844e-01 1.750511e-01 6.167048e-01
      outer loop
         vertex 1.400352e+02 3.549778e+01 6.228766e+01
         vertex 1.400573e+02 3.567083e+01 6.226614e+01
         vertex 1.394768e+02 3.567083e+01 6.154371e+01
      endloop
   endfacet
   facet normal -7.674847e-01 1.750500e-01 6.167048e-01
      outer loop
         vertex 1.400352e+02 3.549778e+01 6.228766e+01
         vertex 1.394768e+02 3.567083e+01 6.154371e+01
         vertex 1.394510e+02 3.549778e+01 6.156074e+01
      endloop
   endfacet
   facet normal -8.686529e-01 1.750500e-01 4.634649e-01
      outer loop
         vertex 1.394510e+02 3.549778e+01 6.156074e+01
         vertex 1.394768e+02 3.567083e+01 6.154371e+01
         vertex 1.390406e+02 3.567083e+01 6.072605e+01
      endloop
   endfacet
   facet normal -8.686541e-01 1.750448e-01 4.634644e-01
      outer loop
         vertex 1.394510e+02 3.549778e+01 6.156074e+01
         vertex 1.390406e+02 3.567083e+01 6.072605e+01
         vertex 1.390121e+02 3.549778e+01 6.073799e+01
      endloop
   endfacet
   facet normal -9.396062e-01 1.750610e-01 2.940983e-01
      outer loop
         vertex 1.387637e+02 3.567083e+01 5.984160e+01
         vertex 1.387335e+02 3.549778e+01 5.984805e+01
         vertex 1.390406e+02 3.567083e+01 6.072605e+01
      endloop
   endfacet
   facet normal -8.948974e-01 3.771079e-01 2.386384e-01
      outer loop
         vertex 1.390406e+02 3.567083e+01 6.072605e+01
         vertex 1.387335e+02 3.549778e+01 5.984805e+01
         vertex 1.388639e+02 3.549778e+01 6.033717e+01
      endloop
   endfacet
   facet normal -9.234176e-01 1.756313e-01 3.412529e-01
      outer loop
         vertex 1.390406e+02 3.567083e+01 6.072605e+01
         vertex 1.388639e+02 3.549778e+01 6.033717e+01
         vertex 1.390121e+02 3.549778e+01 6.073799e+01
      endloop
   endfacet
   facet normal -8.138761e-01 5.688260e-01 1.185014e-01
      outer loop
         vertex 1.388767e+02 3.585133e+01 5.981752e+01
         vertex 1.388055e+02 3.584715e+01 5.934840e+01
         vertex 1.386913e+02 3.568372e+01 5.934840e+01
      endloop
   endfacet
   facet normal -1.735687e-01 9.843955e-01 2.897165e-02
      outer loop
         vertex 1.392225e+02 3.599778e+01 5.974384e+01
         vertex 1.391565e+02 3.599778e+01 5.934840e+01
         vertex 1.390533e+02 3.596687e+01 5.977991e+01
      endloop
   endfacet
   facet normal -1.964642e-01 9.802366e-01 2.319530e-02
      outer loop
         vertex 1.390533e+02 3.596687e+01 5.977991e+01
         vertex 1.391565e+02 3.599778e+01 5.934840e+01
         vertex 1.389686e+02 3.596012e+01 5.934840e+01
      endloop
   endfacet
   facet normal -5.665662e-01 8.181295e-01 9.832055e-02
      outer loop
         vertex 1.390533e+02 3.596687e+01 5.977991e+01
         vertex 1.389686e+02 3.596012e+01 5.934840e+01
         vertex 1.388055e+02 3.584715e+01 5.934840e+01
      endloop
   endfacet
   facet normal -5.350939e-01 8.415676e-01 7.374702e-02
      outer loop
         vertex 1.388055e+02 3.584715e+01 5.934840e+01
         vertex 1.388767e+02 3.585133e+01 5.981752e+01
         vertex 1.390533e+02 3.596687e+01 5.977991e+01
      endloop
   endfacet
   facet normal -5.161107e-01 8.411497e-01 1.615457e-01
      outer loop
         vertex 1.390533e+02 3.596687e+01 5.977991e+01
         vertex 1.388767e+02 3.585133e+01 5.981752e+01
         vertex 1.391471e+02 3.585133e+01 6.068141e+01
      endloop
   endfacet
   facet normal -5.161170e-01 8.411457e-01 1.615459e-01
      outer loop
         vertex 1.390533e+02 3.596687e+01 5.977991e+01
         vertex 1.391471e+02 3.585133e+01 6.068141e+01
         vertex 1.393136e+02 3.596687e+01 6.061166e+01
      endloop
   endfacet
   facet normal -4.771424e-01 8.411456e-01 2.545765e-01
      outer loop
         vertex 1.393136e+02 3.596687e+01 6.061166e+01
         vertex 1.391471e+02 3.585133e+01 6.068141e+01
         vertex 1.395733e+02 3.585133e+01 6.148005e+01
      endloop
   endfacet
   facet normal -4.771437e-01 8.411448e-01 2.545768e-01
      outer loop
         vertex 1.393136e+02 3.596687e+01 6.061166e+01
         vertex 1.395733e+02 3.585133e+01 6.148005e+01
         vertex 1.397239e+02 3.596687e+01 6.138061e+01
      endloop
   endfacet
   facet normal -4.215731e-01 8.411450e-01 3.387496e-01
      outer loop
         vertex 1.397239e+02 3.596687e+01 6.138061e+01
         vertex 1.395733e+02 3.585133e+01 6.148005e+01
         vertex 1.401403e+02 3.585133e+01 6.218568e+01
      endloop
   endfacet
   facet normal -4.215724e-01 8.411454e-01 3.387493e-01
      outer loop
         vertex 1.397239e+02 3.596687e+01 6.138061e+01
         vertex 1.401403e+02 3.585133e+01 6.218568e+01
         vertex 1.402698e+02 3.596687e+01 6.206000e+01
      endloop
   endfacet
   facet normal -3.513362e-01 8.411455e-01 4.111412e-01
      outer loop
         vertex 1.402698e+02 3.596687e+01 6.206000e+01
         vertex 1.401403e+02 3.585133e+01 6.218568e+01
         vertex 1.408284e+02 3.585133e+01 6.277375e+01
      endloop
   endfacet
   facet normal -3.513326e-01 8.411482e-01 4.111388e-01
      outer loop
         vertex 1.402698e+02 3.596687e+01 6.206000e+01
         vertex 1.408284e+02 3.585133e+01 6.277375e+01
         vertex 1.409324e+02 3.596687e+01 6.262620e+01
      endloop
   endfacet
   facet normal -2.688777e-01 8.411475e-01 4.692288e-01
      outer loop
         vertex 1.409324e+02 3.596687e+01 6.262620e+01
         vertex 1.408284e+02 3.585133e+01 6.277375e+01
         vertex 1.416138e+02 3.585133e+01 6.322381e+01
      endloop
   endfacet
   facet normal -2.688823e-01 8.411435e-01 4.692332e-01
      outer loop
         vertex 1.409324e+02 3.596687e+01 6.262620e+01
         vertex 1.416138e+02 3.585133e+01 6.322381e+01
         vertex 1.416886e+02 3.596687e+01 6.305952e+01
      endloop
   endfacet
   facet normal -1.770716e-01 8.411443e-01 5.110008e-01
      outer loop
         vertex 1.416886e+02 3.596687e+01 6.305952e+01
         vertex 1.416138e+02 3.585133e+01 6.322381e+01
         vertex 1.424692e+02 3.585133e+01 6.352019e+01
      endloop
   endfacet
   facet normal -1.770719e-01 8.411440e-01 5.110014e-01
      outer loop
         vertex 1.416886e+02 3.596687e+01 6.305952e+01
         vertex 1.424692e+02 3.585133e+01 6.352019e+01
         vertex 1.425121e+02 3.596687e+01 6.334488e+01
      endloop
   endfacet
   facet normal -7.910335e-02 8.411445e-01 5.349941e-01
      outer loop
         vertex 1.425121e+02 3.596687e+01 6.334488e+01
         vertex 1.424692e+02 3.585133e+01 6.352019e+01
         vertex 1.433646e+02 3.585133e+01 6.365260e+01
      endloop
   endfacet
   facet normal -7.910269e-02 8.411454e-01 5.349926e-01
      outer loop
         vertex 1.425121e+02 3.596687e+01 6.334488e+01
         vertex 1.433646e+02 3.585133e+01 6.365260e+01
         vertex 1.433743e+02 3.596687e+01 6.347236e+01
      endloop
   endfacet
   facet normal -2.021119e-02 8.421858e-01 5.388085e-01
      outer loop
         vertex 1.433743e+02 3.596687e+01 6.347236e+01
         vertex 1.433646e+02 3.585133e+01 6.365260e+01
         vertex 1.438941e+02 3.593079e+01 6.354826e+01
      endloop
   endfacet
   facet normal 7.557685e-04 9.051354e-01 4.251228e-01
      outer loop
         vertex 1.433743e+02 3.596687e+01 6.347236e+01
         vertex 1.438941e+02 3.593079e+01 6.354826e+01
         vertex 1.438898e+02 3.596687e+01 6.347144e+01
      endloop
   endfacet
   facet normal -9.677578e-01 1.981456e-01 1.555091e-01
      outer loop
         vertex 1.386532e+02 3.549778e+01 5.934840e+01
         vertex 1.387335e+02 3.549778e+01 5.984805e+01
         vertex 1.386913e+02 3.568372e+01 5.934840e+01
      endloop
   endfacet
   facet normal -9.733583e-01 1.755022e-01 1.475552e-01
      outer loop
         vertex 1.386913e+02 3.568372e+01 5.934840e+01
         vertex 1.387335e+02 3.549778e+01 5.984805e+01
         vertex 1.387637e+02 3.567083e+01 5.984160e+01
      endloop
   endfacet
   facet normal -8.314170e-01 5.386981e-01 1.361993e-01
      outer loop
         vertex 1.386913e+02 3.568372e+01 5.934840e+01
         vertex 1.387637e+02 3.567083e+01 5.984160e+01
         vertex 1.388767e+02 3.585133e+01 5.981752e+01
      endloop
   endfacet
   facet normal -8.047868e-01 5.374615e-01 2.518996e-01
      outer loop
         vertex 1.388767e+02 3.585133e+01 5.981752e+01
         vertex 1.387637e+02 3.567083e+01 5.984160e+01
         vertex 1.390406e+02 3.567083e+01 6.072605e+01
      endloop
   endfacet
   facet normal -8.047785e-01 5.374735e-01 2.519005e-01
      outer loop
         vertex 1.388767e+02 3.585133e+01 5.981752e+01
         vertex 1.390406e+02 3.567083e+01 6.072605e+01
         vertex 1.391471e+02 3.585133e+01 6.068141e+01
      endloop
   endfacet
   facet normal -7.440061e-01 5.374733e-01 3.969603e-01
      outer loop
         vertex 1.391471e+02 3.585133e+01 6.068141e+01
         vertex 1.390406e+02 3.567083e+01 6.072605e+01
         vertex 1.394768e+02 3.567083e+01 6.154371e+01
      endloop
   endfacet
   facet normal -7.440065e-01 5.374726e-01 3.969603e-01
      outer loop
         vertex 1.391471e+02 3.585133e+01 6.068141e+01
         vertex 1.394768e+02 3.567083e+01 6.154371e+01
         vertex 1.395733e+02 3.585133e+01 6.148005e+01
      endloop
   endfacet
   facet normal -6.573554e-01 5.374722e-01 5.282117e-01
      outer loop
         vertex 1.395733e+02 3.585133e+01 6.148005e+01
         vertex 1.394768e+02 3.567083e+01 6.154371e+01
         vertex 1.400573e+02 3.567083e+01 6.226614e+01
      endloop
   endfacet
   facet normal -6.573595e-01 5.374660e-01 5.282128e-01
      outer loop
         vertex 1.395733e+02 3.585133e+01 6.148005e+01
         vertex 1.400573e+02 3.567083e+01 6.226614e+01
         vertex 1.401403e+02 3.585133e+01 6.218568e+01
      endloop
   endfacet
   facet normal -5.478387e-01 5.374667e-01 6.410947e-01
      outer loop
         vertex 1.401403e+02 3.585133e+01 6.218568e+01
         vertex 1.400573e+02 3.567083e+01 6.226614e+01
         vertex 1.407619e+02 3.567083e+01 6.286821e+01
      endloop
   endfacet
   facet normal -5.478417e-01 5.374619e-01 6.410961e-01
      outer loop
         vertex 1.401403e+02 3.585133e+01 6.218568e+01
         vertex 1.407619e+02 3.567083e+01 6.286821e+01
         vertex 1.408284e+02 3.585133e+01 6.277375e+01
      endloop
   endfacet
   facet normal -4.192670e-01 5.374630e-01 7.316753e-01
      outer loop
         vertex 1.408284e+02 3.585133e+01 6.277375e+01
         vertex 1.407619e+02 3.567083e+01 6.286821e+01
         vertex 1.415660e+02 3.567083e+01 6.332898e+01
      endloop
   endfacet
   facet normal -4.192635e-01 5.374692e-01 7.316727e-01
      outer loop
         vertex 1.408284e+02 3.585133e+01 6.277375e+01
         vertex 1.415660e+02 3.567083e+01 6.332898e+01
         vertex 1.416138e+02 3.585133e+01 6.322381e+01
      endloop
   endfacet
   facet normal -2.761075e-01 5.374685e-01 7.968013e-01
      outer loop
         vertex 1.416138e+02 3.585133e+01 6.322381e+01
         vertex 1.415660e+02 3.567083e+01 6.332898e+01
         vertex 1.424417e+02 3.567083e+01 6.363242e+01
      endloop
   endfacet
   facet normal -2.761065e-01 5.374705e-01 7.968002e-01
      outer loop
         vertex 1.416138e+02 3.585133e+01 6.322381e+01
         vertex 1.424417e+02 3.567083e+01 6.363242e+01
         vertex 1.424692e+02 3.585133e+01 6.352019e+01
      endloop
   endfacet
   facet normal -1.233452e-01 5.374706e-01 8.342130e-01
      outer loop
         vertex 1.424692e+02 3.585133e+01 6.352019e+01
         vertex 1.424417e+02 3.567083e+01 6.363242e+01
         vertex 1.433585e+02 3.567083e+01 6.376797e+01
      endloop
   endfacet
   facet normal -1.233454e-01 5.374701e-01 8.342133e-01
      outer loop
         vertex 1.424692e+02 3.585133e+01 6.352019e+01
         vertex 1.433585e+02 3.567083e+01 6.376797e+01
         vertex 1.433646e+02 3.585133e+01 6.365260e+01
      endloop
   endfacet
   facet normal -1.888030e-02 5.389555e-01 8.421226e-01
      outer loop
         vertex 1.433646e+02 3.585133e+01 6.365260e+01
         vertex 1.433585e+02 3.567083e+01 6.376797e+01
         vertex 1.439046e+02 3.574778e+01 6.373097e+01
      endloop
   endfacet
   facet normal 1.411176e-03 6.081790e-01 7.937987e-01
      outer loop
         vertex 1.433646e+02 3.585133e+01 6.365260e+01
         vertex 1.439046e+02 3.574778e+01 6.373097e+01
         vertex 1.439000e+02 3.585133e+01 6.365164e+01
      endloop
   endfacet
   facet normal 8.962940e-01 -4.434603e-01 5.511468e-07
      outer loop
         vertex 1.687557e+02 3.029150e+01 5.494860e+01
         vertex 1.687557e+02 3.029155e+01 4.694820e+01
         vertex 1.689464e+02 3.067709e+01 5.503282e+01
      endloop
   endfacet
   facet normal 8.839170e-01 -4.676416e-01 1.445744e-03
      outer loop
         vertex 1.689464e+02 3.067709e+01 5.503282e+01
         vertex 1.687557e+02 3.029155e+01 4.694820e+01
         vertex 1.688284e+02 3.042899e+01 4.691707e+01
      endloop
   endfacet
   facet normal 9.407096e-01 -3.391970e-01 -3.306574e-03
      outer loop
         vertex 1.689464e+02 3.067709e+01 5.503282e+01
         vertex 1.688284e+02 3.042899e+01 4.691707e+01
         vertex 1.691833e+02 3.133276e+01 5.515631e+01
      endloop
   endfacet
   facet normal 9.188545e-01 -3.945790e-01 3.709632e-03
      outer loop
         vertex 1.688284e+02 3.042899e+01 4.691707e+01
         vertex 1.690854e+02 3.102623e+01 4.679541e+01
         vertex 1.691833e+02 3.133276e+01 5.515631e+01
      endloop
   endfacet
   facet normal 9.599841e-01 -2.800527e-01 -9.707102e-04
      outer loop
         vertex 1.691833e+02 3.133276e+01 5.515631e+01
         vertex 1.690854e+02 3.102623e+01 4.679541e+01
         vertex 1.692464e+02 3.157852e+01 4.669973e+01
      endloop
   endfacet
   facet normal 9.785831e-01 -2.058480e-01 1.324659e-03
      outer loop
         vertex 1.691833e+02 3.133276e+01 5.515631e+01
         vertex 1.692464e+02 3.157852e+01 4.669973e+01
         vertex 1.693266e+02 3.201471e+01 5.526284e+01
      endloop
   endfacet
   facet normal 9.767605e-01 -2.143263e-01 1.773582e-03
      outer loop
         vertex 1.693266e+02 3.201471e+01 5.526284e+01
         vertex 1.692464e+02 3.157852e+01 4.669973e+01
         vertex 1.692676e+02 3.167493e+01 4.668448e+01
      endloop
   endfacet
   facet normal 9.976683e-01 -6.812173e-02 -4.161083e-03
      outer loop
         vertex 1.693266e+02 3.201471e+01 5.526284e+01
         vertex 1.692676e+02 3.167493e+01 4.668448e+01
         vertex 1.693737e+02 3.269953e+01 5.535031e+01
      endloop
   endfacet
   facet normal 9.904207e-01 -1.380189e-01 4.191858e-03
      outer loop
         vertex 1.693737e+02 3.269953e+01 5.535031e+01
         vertex 1.692676e+02 3.167493e+01 4.668448e+01
         vertex 1.693609e+02 3.234118e+01 4.658994e+01
      endloop
   endfacet
   facet normal 9.993567e-01 -3.586301e-02 0.000000e+00
      outer loop
         vertex 1.693737e+02 3.269953e+01 5.535031e+01
         vertex 1.693609e+02 3.234118e+01 4.658994e+01
         vertex 1.693737e+02 3.269953e+01 4.654650e+01
      endloop
   endfacet
   facet normal 8.648449e-01 -5.020392e-01 6.576207e-08
      outer loop
         vertex 1.687557e+02 3.029150e+01 5.494860e+01
         vertex 1.686379e+02 3.008861e+01 5.490017e+01
         vertex 1.687557e+02 3.029155e+01 4.694820e+01
      endloop
   endfacet
   facet normal 8.172983e-01 -5.762089e-01 -2.597234e-03
      outer loop
         vertex 1.687557e+02 3.029155e+01 4.694820e+01
         vertex 1.686379e+02 3.008861e+01 5.490017e+01
         vertex 1.682619e+02 2.955592e+01 5.475685e+01
      endloop
   endfacet
   facet normal 8.506778e-01 -5.256700e-01 4.274805e-03
      outer loop
         vertex 1.687557e+02 3.029155e+01 4.694820e+01
         vertex 1.682619e+02 2.955592e+01 5.475685e+01
         vertex 1.684824e+02 2.985015e+01 4.705769e+01
      endloop
   endfacet
   facet normal 7.462346e-01 -6.656706e-01 -4.066755e-03
      outer loop
         vertex 1.684824e+02 2.985015e+01 4.705769e+01
         vertex 1.682619e+02 2.955592e+01 5.475685e+01
         vertex 1.679325e+02 2.918741e+01 5.464070e+01
      endloop
   endfacet
   facet normal 6.407837e-01 -7.677149e-01 3.181512e-03
      outer loop
         vertex 1.675460e+02 2.883472e+01 4.738530e+01
         vertex 1.676031e+02 2.888228e+01 4.736660e+01
         vertex 1.679325e+02 2.918741e+01 5.464070e+01
      endloop
   endfacet
   facet normal 6.943903e-01 -7.195975e-01 -1.264741e-03
      outer loop
         vertex 1.679325e+02 2.918741e+01 5.464070e+01
         vertex 1.676031e+02 2.888228e+01 4.736660e+01
         vertex 1.680755e+02 2.933846e+01 4.720652e+01
      endloop
   endfacet
   facet normal 7.830579e-01 -6.219441e-01 2.425040e-03
      outer loop
         vertex 1.679325e+02 2.918741e+01 5.464070e+01
         vertex 1.680755e+02 2.933846e+01 4.720652e+01
         vertex 1.684824e+02 2.985015e+01 4.705769e+01
      endloop
   endfacet
   facet normal 5.572677e-01 -8.303329e-01 0.000000e+00
      outer loop
         vertex 1.670548e+02 2.847913e+01 5.435465e+01
         vertex 1.670548e+02 2.847913e+01 4.754215e+01
         vertex 1.672635e+02 2.861921e+01 5.442052e+01
      endloop
   endfacet
   facet normal 5.861477e-01 -8.102032e-01 -1.286301e-03
      outer loop
         vertex 1.672635e+02 2.861921e+01 5.442052e+01
         vertex 1.670548e+02 2.847913e+01 4.754215e+01
         vertex 1.675460e+02 2.883472e+01 4.738530e+01
      endloop
   endfacet
   facet normal 6.350653e-01 -7.724563e-01 1.834040e-03
      outer loop
         vertex 1.672635e+02 2.861921e+01 5.442052e+01
         vertex 1.675460e+02 2.883472e+01 4.738530e+01
         vertex 1.678215e+02 2.907840e+01 5.460294e+01
      endloop
   endfacet
   facet normal 7.012270e-01 -7.129329e-01 -2.701457e-03
      outer loop
         vertex 1.678215e+02 2.907840e+01 5.460294e+01
         vertex 1.675460e+02 2.883472e+01 4.738530e+01
         vertex 1.679325e+02 2.918741e+01 5.464070e+01
      endloop
   endfacet
   facet normal 6.997751e-01 -4.975431e-02 -7.126285e-01
      outer loop
         vertex 1.674436e+02 3.179325e+01 4.361753e+01
         vertex 1.672417e+02 3.244927e+01 4.337346e+01
         vertex 1.680170e+02 3.269416e+01 4.411763e+01
      endloop
   endfacet
   facet normal 5.420631e-01 -6.219578e-01 -5.650983e-01
      outer loop
         vertex 1.647568e+02 2.786116e+01 4.366971e+01
         vertex 1.646286e+02 2.841862e+01 4.293317e+01
         vertex 1.652819e+02 2.873061e+01 4.321646e+01
      endloop
   endfacet
   facet normal 8.192602e-01 -8.230725e-02 -5.674841e-01
      outer loop
         vertex 1.690500e+02 3.275791e+01 4.543776e+01
         vertex 1.690585e+02 3.249797e+01 4.548779e+01
         vertex 1.686337e+02 3.221723e+01 4.491521e+01
      endloop
   endfacet
   facet normal 8.231010e-01 -3.514109e-01 -4.461110e-01
      outer loop
         vertex 1.689607e+02 3.136616e+01 4.580977e+01
         vertex 1.688890e+02 3.106109e+01 4.591781e+01
         vertex 1.686453e+02 3.094717e+01 4.555795e+01
      endloop
   endfacet
   facet normal 8.370359e-01 -5.369720e-01 -1.050333e-01
      outer loop
         vertex 1.682018e+02 2.958278e+01 4.662368e+01
         vertex 1.683200e+02 2.981021e+01 4.640285e+01
         vertex 1.686213e+02 3.031358e+01 4.623012e+01
      endloop
   endfacet
   facet normal 7.460760e-01 -5.665466e-01 -3.498506e-01
      outer loop
         vertex 1.686213e+02 3.031358e+01 4.623012e+01
         vertex 1.683200e+02 2.981021e+01 4.640285e+01
         vertex 1.685242e+02 3.035215e+01 4.596068e+01
      endloop
   endfacet
   facet normal 7.989540e-01 -4.839173e-01 -3.570666e-01
      outer loop
         vertex 1.686213e+02 3.031358e+01 4.623012e+01
         vertex 1.685242e+02 3.035215e+01 4.596068e+01
         vertex 1.687655e+02 3.066764e+01 4.607294e+01
      endloop
   endfacet
   facet normal 6.472696e-01 -7.464998e-01 -1.542078e-01
      outer loop
         vertex 1.675457e+02 2.884935e+01 4.716336e+01
         vertex 1.673499e+02 2.872530e+01 4.694181e+01
         vertex 1.676628e+02 2.910752e+01 4.640485e+01
      endloop
   endfacet
   facet normal 5.330674e-01 -8.422463e-01 -8.037594e-02
      outer loop
         vertex 1.652936e+02 2.738572e+01 4.635905e+01
         vertex 1.646056e+02 2.697220e+01 4.612951e+01
         vertex 1.647363e+02 2.713305e+01 4.531093e+01
      endloop
   endfacet
   facet normal 5.479923e-01 -8.333530e-01 -7.229917e-02
      outer loop
         vertex 1.654689e+02 2.749230e+01 4.643449e+01
         vertex 1.656917e+02 2.770262e+01 4.569898e+01
         vertex 1.659348e+02 2.777796e+01 4.667331e+01
      endloop
   endfacet
   facet normal 5.526126e-01 -8.301734e-01 -7.369793e-02
      outer loop
         vertex 1.659348e+02 2.777796e+01 4.667331e+01
         vertex 1.656917e+02 2.770262e+01 4.569898e+01
         vertex 1.665681e+02 2.823763e+01 4.624393e+01
      endloop
   endfacet
   facet normal 5.557377e-01 -8.286190e-01 -6.742472e-02
      outer loop
         vertex 1.659348e+02 2.777796e+01 4.667331e+01
         vertex 1.665681e+02 2.823763e+01 4.624393e+01
         vertex 1.662680e+02 2.798444e+01 4.688257e+01
      endloop
   endfacet
   facet normal 5.566239e-01 -8.302350e-01 -2.966101e-02
      outer loop
         vertex 1.670548e+02 2.847913e+01 4.754215e+01
         vertex 1.669852e+02 2.843498e+01 4.747244e+01
         vertex 1.673231e+02 2.866630e+01 4.733684e+01
      endloop
   endfacet
   facet normal 5.383244e-01 -8.380662e-01 -8.861090e-02
      outer loop
         vertex 1.673231e+02 2.866630e+01 4.733684e+01
         vertex 1.669852e+02 2.843498e+01 4.747244e+01
         vertex 1.673499e+02 2.872530e+01 4.694181e+01
      endloop
   endfacet
   facet normal 5.863094e-01 -8.060700e-01 -8.057556e-02
      outer loop
         vertex 1.673231e+02 2.866630e+01 4.733684e+01
         vertex 1.673499e+02 2.872530e+01 4.694181e+01
         vertex 1.674836e+02 2.879559e+01 4.721206e+01
      endloop
   endfacet
   facet normal 6.076801e-01 -7.883884e-01 -9.575328e-02
      outer loop
         vertex 1.674836e+02 2.879559e+01 4.721206e+01
         vertex 1.673499e+02 2.872530e+01 4.694181e+01
         vertex 1.675457e+02 2.884935e+01 4.716336e+01
      endloop
   endfacet
   facet normal 5.556768e-01 -7.228666e-01 -4.107154e-01
      outer loop
         vertex 1.647910e+02 2.742865e+01 4.447716e+01
         vertex 1.647568e+02 2.786116e+01 4.366971e+01
         vertex 1.653526e+02 2.817533e+01 4.392278e+01
      endloop
   endfacet
   facet normal 5.508315e-01 -7.973593e-01 -2.465821e-01
      outer loop
         vertex 1.647910e+02 2.742865e+01 4.447716e+01
         vertex 1.653305e+02 2.773486e+01 4.469217e+01
         vertex 1.647363e+02 2.713305e+01 4.531093e+01
      endloop
   endfacet
   facet normal 5.652818e-01 -7.927096e-01 -2.281841e-01
      outer loop
         vertex 1.647363e+02 2.713305e+01 4.531093e+01
         vertex 1.653305e+02 2.773486e+01 4.469217e+01
         vertex 1.656917e+02 2.770262e+01 4.569898e+01
      endloop
   endfacet
   facet normal 5.345762e-01 -8.411878e-01 -8.143324e-02
      outer loop
         vertex 1.647363e+02 2.713305e+01 4.531093e+01
         vertex 1.656917e+02 2.770262e+01 4.569898e+01
         vertex 1.652936e+02 2.738572e+01 4.635905e+01
      endloop
   endfacet
   facet normal 5.414963e-01 -8.373151e-01 -7.540002e-02
      outer loop
         vertex 1.652936e+02 2.738572e+01 4.635905e+01
         vertex 1.656917e+02 2.770262e+01 4.569898e+01
         vertex 1.654689e+02 2.749230e+01 4.643449e+01
      endloop
   endfacet
   facet normal 5.603740e-01 -6.229588e-01 -5.458053e-01
      outer loop
         vertex 1.647568e+02 2.786116e+01 4.366971e+01
         vertex 1.652819e+02 2.873061e+01 4.321646e+01
         vertex 1.653526e+02 2.817533e+01 4.392278e+01
      endloop
   endfacet
   facet normal 5.834731e-01 -6.090756e-01 -5.372021e-01
      outer loop
         vertex 1.653526e+02 2.817533e+01 4.392278e+01
         vertex 1.652819e+02 2.873061e+01 4.321646e+01
         vertex 1.659058e+02 2.903304e+01 4.355124e+01
      endloop
   endfacet
   facet normal 5.994511e-01 -6.107692e-01 -5.173194e-01
      outer loop
         vertex 1.653526e+02 2.817533e+01 4.392278e+01
         vertex 1.659058e+02 2.903304e+01 4.355124e+01
         vertex 1.659222e+02 2.848001e+01 4.422314e+01
      endloop
   endfacet
   facet normal 6.223004e-01 -5.968751e-01 -5.064408e-01
      outer loop
         vertex 1.659222e+02 2.848001e+01 4.422314e+01
         vertex 1.659058e+02 2.903304e+01 4.355124e+01
         vertex 1.664989e+02 2.932463e+01 4.393635e+01
      endloop
   endfacet
   facet normal 6.358752e-01 -5.993073e-01 -4.863060e-01
      outer loop
         vertex 1.659222e+02 2.848001e+01 4.422314e+01
         vertex 1.664989e+02 2.932463e+01 4.393635e+01
         vertex 1.664643e+02 2.877390e+01 4.456981e+01
      endloop
   endfacet
   facet normal 6.583029e-01 -5.855127e-01 -4.730879e-01
      outer loop
         vertex 1.664643e+02 2.877390e+01 4.456981e+01
         vertex 1.664989e+02 2.932463e+01 4.393635e+01
         vertex 1.670598e+02 2.960419e+01 4.437081e+01
      endloop
   endfacet
   facet normal 6.694661e-01 -5.887108e-01 -4.530284e-01
      outer loop
         vertex 1.664643e+02 2.877390e+01 4.456981e+01
         vertex 1.670598e+02 2.960419e+01 4.437081e+01
         vertex 1.669775e+02 2.905575e+01 4.496195e+01
      endloop
   endfacet
   facet normal 6.029062e-01 -7.718800e-01 -2.017557e-01
      outer loop
         vertex 1.668099e+02 2.859615e+01 4.559502e+01
         vertex 1.665681e+02 2.823763e+01 4.624393e+01
         vertex 1.663415e+02 2.831994e+01 4.525181e+01
      endloop
   endfacet
   facet normal 5.984385e-01 -7.755352e-01 -2.010385e-01
      outer loop
         vertex 1.663415e+02 2.831994e+01 4.525181e+01
         vertex 1.665681e+02 2.823763e+01 4.624393e+01
         vertex 1.656917e+02 2.770262e+01 4.569898e+01
      endloop
   endfacet
   facet normal 5.878376e-01 -7.783841e-01 -2.203752e-01
      outer loop
         vertex 1.663415e+02 2.831994e+01 4.525181e+01
         vertex 1.656917e+02 2.770262e+01 4.569898e+01
         vertex 1.658478e+02 2.803241e+01 4.495064e+01
      endloop
   endfacet
   facet normal 5.688503e-01 -7.898089e-01 -2.293715e-01
      outer loop
         vertex 1.658478e+02 2.803241e+01 4.495064e+01
         vertex 1.656917e+02 2.770262e+01 4.569898e+01
         vertex 1.653305e+02 2.773486e+01 4.469217e+01
      endloop
   endfacet
   facet normal 5.675761e-01 -7.214317e-01 -3.967286e-01
      outer loop
         vertex 1.647910e+02 2.742865e+01 4.447716e+01
         vertex 1.653526e+02 2.817533e+01 4.392278e+01
         vertex 1.653305e+02 2.773486e+01 4.469217e+01
      endloop
   endfacet
   facet normal 5.856811e-01 -7.105567e-01 -3.899830e-01
      outer loop
         vertex 1.653305e+02 2.773486e+01 4.469217e+01
         vertex 1.653526e+02 2.817533e+01 4.392278e+01
         vertex 1.659222e+02 2.848001e+01 4.422314e+01
      endloop
   endfacet
   facet normal 5.959159e-01 -7.097200e-01 -3.757415e-01
      outer loop
         vertex 1.653305e+02 2.773486e+01 4.469217e+01
         vertex 1.659222e+02 2.848001e+01 4.422314e+01
         vertex 1.658478e+02 2.803241e+01 4.495064e+01
      endloop
   endfacet
   facet normal 6.137334e-01 -6.988937e-01 -3.672587e-01
      outer loop
         vertex 1.658478e+02 2.803241e+01 4.495064e+01
         vertex 1.659222e+02 2.848001e+01 4.422314e+01
         vertex 1.664643e+02 2.877390e+01 4.456981e+01
      endloop
   endfacet
   facet normal 6.223042e-01 -6.986790e-01 -3.529661e-01
      outer loop
         vertex 1.658478e+02 2.803241e+01 4.495064e+01
         vertex 1.664643e+02 2.877390e+01 4.456981e+01
         vertex 1.663415e+02 2.831994e+01 4.525181e+01
      endloop
   endfacet
   facet normal 6.397003e-01 -6.879888e-01 -3.427170e-01
      outer loop
         vertex 1.663415e+02 2.831994e+01 4.525181e+01
         vertex 1.664643e+02 2.877390e+01 4.456981e+01
         vertex 1.669775e+02 2.905575e+01 4.496195e+01
      endloop
   endfacet
   facet normal 6.466187e-01 -6.884084e-01 -3.286003e-01
      outer loop
         vertex 1.663415e+02 2.831994e+01 4.525181e+01
         vertex 1.669775e+02 2.905575e+01 4.496195e+01
         vertex 1.668099e+02 2.859615e+01 4.559502e+01
      endloop
   endfacet
   facet normal 8.082962e-01 -4.174804e-01 -4.151715e-01
      outer loop
         vertex 1.688890e+02 3.106109e+01 4.591781e+01
         vertex 1.687655e+02 3.066764e+01 4.607294e+01
         vertex 1.686453e+02 3.094717e+01 4.555795e+01
      endloop
   endfacet
   facet normal 7.852522e-01 -4.486552e-01 -4.267171e-01
      outer loop
         vertex 1.686453e+02 3.094717e+01 4.555795e+01
         vertex 1.687655e+02 3.066764e+01 4.607294e+01
         vertex 1.685242e+02 3.035215e+01 4.596068e+01
      endloop
   endfacet
   facet normal 7.837716e-01 -4.495537e-01 -4.284898e-01
      outer loop
         vertex 1.686453e+02 3.094717e+01 4.555795e+01
         vertex 1.685242e+02 3.035215e+01 4.596068e+01
         vertex 1.680761e+02 3.012048e+01 4.538398e+01
      endloop
   endfacet
   facet normal 7.450061e-01 -5.671734e-01 -3.511129e-01
      outer loop
         vertex 1.680761e+02 3.012048e+01 4.538398e+01
         vertex 1.685242e+02 3.035215e+01 4.596068e+01
         vertex 1.683200e+02 2.981021e+01 4.640285e+01
      endloop
   endfacet
   facet normal 7.578452e-01 -5.510651e-01 -3.492820e-01
      outer loop
         vertex 1.680761e+02 3.012048e+01 4.538398e+01
         vertex 1.683200e+02 2.981021e+01 4.640285e+01
         vertex 1.679088e+02 2.957646e+01 4.587935e+01
      endloop
   endfacet
   facet normal 7.162278e-01 -6.407319e-01 -2.765508e-01
      outer loop
         vertex 1.679088e+02 2.957646e+01 4.587935e+01
         vertex 1.683200e+02 2.981021e+01 4.640285e+01
         vertex 1.682018e+02 2.958278e+01 4.662368e+01
      endloop
   endfacet
   facet normal 6.960535e-01 -6.659387e-01 -2.683938e-01
      outer loop
         vertex 1.679088e+02 2.957646e+01 4.587935e+01
         vertex 1.682018e+02 2.958278e+01 4.662368e+01
         vertex 1.676628e+02 2.910752e+01 4.640485e+01
      endloop
   endfacet
   facet normal 6.950867e-01 -6.768909e-01 -2.422255e-01
      outer loop
         vertex 1.676628e+02 2.910752e+01 4.640485e+01
         vertex 1.682018e+02 2.958278e+01 4.662368e+01
         vertex 1.680569e+02 2.938947e+01 4.674809e+01
      endloop
   endfacet
   facet normal 6.580971e-01 -7.379181e-01 -1.496162e-01
      outer loop
         vertex 1.676628e+02 2.910752e+01 4.640485e+01
         vertex 1.680569e+02 2.938947e+01 4.674809e+01
         vertex 1.675457e+02 2.884935e+01 4.716336e+01
      endloop
   endfacet
   facet normal 5.510142e-01 -9.693881e-02 -8.288464e-01
      outer loop
         vertex 1.654630e+02 3.189724e+01 4.214769e+01
         vertex 1.665785e+02 3.224183e+01 4.284897e+01
         vertex 1.667798e+02 3.156062e+01 4.306243e+01
      endloop
   endfacet
   facet normal 6.111491e-01 -6.659624e-02 -7.887089e-01
      outer loop
         vertex 1.667798e+02 3.156062e+01 4.306243e+01
         vertex 1.665785e+02 3.224183e+01 4.284897e+01
         vertex 1.668283e+02 3.231974e+01 4.303596e+01
      endloop
   endfacet
   facet normal 8.248070e-01 -2.920088e-01 -4.841739e-01
      outer loop
         vertex 1.690185e+02 3.171467e+01 4.569804e+01
         vertex 1.689607e+02 3.136616e+01 4.580977e+01
         vertex 1.686809e+02 3.157578e+01 4.520667e+01
      endloop
   endfacet
   facet normal 8.127507e-01 -3.185586e-01 -4.878080e-01
      outer loop
         vertex 1.686809e+02 3.157578e+01 4.520667e+01
         vertex 1.689607e+02 3.136616e+01 4.580977e+01
         vertex 1.686453e+02 3.094717e+01 4.555795e+01
      endloop
   endfacet
   facet normal 7.971746e-01 -3.282470e-01 -5.067214e-01
      outer loop
         vertex 1.686809e+02 3.157578e+01 4.520667e+01
         vertex 1.686453e+02 3.094717e+01 4.555795e+01
         vertex 1.681575e+02 3.072227e+01 4.493615e+01
      endloop
   endfacet
   facet normal 7.768401e-01 -4.401962e-01 -4.502740e-01
      outer loop
         vertex 1.681575e+02 3.072227e+01 4.493615e+01
         vertex 1.686453e+02 3.094717e+01 4.555795e+01
         vertex 1.680761e+02 3.012048e+01 4.538398e+01
      endloop
   endfacet
   facet normal 7.506788e-01 -4.567809e-01 -4.773180e-01
      outer loop
         vertex 1.681575e+02 3.072227e+01 4.493615e+01
         vertex 1.680761e+02 3.012048e+01 4.538398e+01
         vertex 1.675866e+02 2.987029e+01 4.485371e+01
      endloop
   endfacet
   facet normal 7.178202e-01 -5.763572e-01 -3.905721e-01
      outer loop
         vertex 1.675866e+02 2.987029e+01 4.485371e+01
         vertex 1.680761e+02 3.012048e+01 4.538398e+01
         vertex 1.679088e+02 2.957646e+01 4.587935e+01
      endloop
   endfacet
   facet normal 7.319428e-01 -5.587399e-01 -3.899608e-01
      outer loop
         vertex 1.675866e+02 2.987029e+01 4.485371e+01
         vertex 1.679088e+02 2.957646e+01 4.587935e+01
         vertex 1.674601e+02 2.932409e+01 4.539878e+01
      endloop
   endfacet
   facet normal 6.820519e-01 -6.744991e-01 -2.825882e-01
      outer loop
         vertex 1.674601e+02 2.932409e+01 4.539878e+01
         vertex 1.679088e+02 2.957646e+01 4.587935e+01
         vertex 1.676628e+02 2.910752e+01 4.640485e+01
      endloop
   endfacet
   facet normal 6.923195e-01 -6.640345e-01 -2.824039e-01
      outer loop
         vertex 1.674601e+02 2.932409e+01 4.539878e+01
         vertex 1.676628e+02 2.910752e+01 4.640485e+01
         vertex 1.672514e+02 2.885951e+01 4.597962e+01
      endloop
   endfacet
   facet normal 6.318241e-01 -7.562123e-01 -1.701216e-01
      outer loop
         vertex 1.672514e+02 2.885951e+01 4.597962e+01
         vertex 1.676628e+02 2.910752e+01 4.640485e+01
         vertex 1.673499e+02 2.872530e+01 4.694181e+01
      endloop
   endfacet
   facet normal 6.370297e-01 -7.518495e-01 -1.700456e-01
      outer loop
         vertex 1.672514e+02 2.885951e+01 4.597962e+01
         vertex 1.673499e+02 2.872530e+01 4.694181e+01
         vertex 1.669722e+02 2.848851e+01 4.657405e+01
      endloop
   endfacet
   facet normal 5.696905e-01 -8.198731e-01 -5.710359e-02
      outer loop
         vertex 1.669722e+02 2.848851e+01 4.657405e+01
         vertex 1.673499e+02 2.872530e+01 4.694181e+01
         vertex 1.669852e+02 2.843498e+01 4.747244e+01
      endloop
   endfacet
   facet normal 5.678458e-01 -8.211484e-01 -5.715287e-02
      outer loop
         vertex 1.669722e+02 2.848851e+01 4.657405e+01
         vertex 1.669852e+02 2.843498e+01 4.747244e+01
         vertex 1.665378e+02 2.815293e+01 4.707963e+01
      endloop
   endfacet
   facet normal 8.303859e-01 -1.836204e-01 -5.260635e-01
      outer loop
         vertex 1.690585e+02 3.249797e+01 4.548779e+01
         vertex 1.690185e+02 3.171467e+01 4.569804e+01
         vertex 1.686337e+02 3.221723e+01 4.491521e+01
      endloop
   endfacet
   facet normal 8.338440e-01 -1.763262e-01 -5.230806e-01
      outer loop
         vertex 1.686337e+02 3.221723e+01 4.491521e+01
         vertex 1.690185e+02 3.171467e+01 4.569804e+01
         vertex 1.686809e+02 3.157578e+01 4.520667e+01
      endloop
   endfacet
   facet normal 7.938710e-01 -2.021732e-01 -5.734935e-01
      outer loop
         vertex 1.686337e+02 3.221723e+01 4.491521e+01
         vertex 1.686809e+02 3.157578e+01 4.520667e+01
         vertex 1.681518e+02 3.136064e+01 4.455013e+01
      endloop
   endfacet
   facet normal 7.868722e-01 -3.141877e-01 -5.311480e-01
      outer loop
         vertex 1.681518e+02 3.136064e+01 4.455013e+01
         vertex 1.686809e+02 3.157578e+01 4.520667e+01
         vertex 1.681575e+02 3.072227e+01 4.493615e+01
      endloop
   endfacet
   facet normal 7.559641e-01 -3.337938e-01 -5.631163e-01
      outer loop
         vertex 1.681518e+02 3.136064e+01 4.455013e+01
         vertex 1.681575e+02 3.072227e+01 4.493615e+01
         vertex 1.676249e+02 3.047956e+01 4.436507e+01
      endloop
   endfacet
   facet normal 7.408409e-01 -4.479462e-01 -5.004987e-01
      outer loop
         vertex 1.676249e+02 3.047956e+01 4.436507e+01
         vertex 1.681575e+02 3.072227e+01 4.493615e+01
         vertex 1.675866e+02 2.987029e+01 4.485371e+01
      endloop
   endfacet
   facet normal 7.143214e-01 -4.646028e-01 -5.233442e-01
      outer loop
         vertex 1.676249e+02 3.047956e+01 4.436507e+01
         vertex 1.675866e+02 2.987029e+01 4.485371e+01
         vertex 1.670598e+02 2.960419e+01 4.437081e+01
      endloop
   endfacet
   facet normal 6.880649e-01 -5.862193e-01 -4.276841e-01
      outer loop
         vertex 1.670598e+02 2.960419e+01 4.437081e+01
         vertex 1.675866e+02 2.987029e+01 4.485371e+01
         vertex 1.674601e+02 2.932409e+01 4.539878e+01
      endloop
   endfacet
   facet normal 7.032816e-01 -5.672943e-01 -4.284531e-01
      outer loop
         vertex 1.670598e+02 2.960419e+01 4.437081e+01
         vertex 1.674601e+02 2.932409e+01 4.539878e+01
         vertex 1.669775e+02 2.905575e+01 4.496195e+01
      endloop
   endfacet
   facet normal 6.606015e-01 -6.838892e-01 -3.096792e-01
      outer loop
         vertex 1.669775e+02 2.905575e+01 4.496195e+01
         vertex 1.674601e+02 2.932409e+01 4.539878e+01
         vertex 1.672514e+02 2.885951e+01 4.597962e+01
      endloop
   endfacet
   facet normal 6.717032e-01 -6.726135e-01 -3.104930e-01
      outer loop
         vertex 1.669775e+02 2.905575e+01 4.496195e+01
         vertex 1.672514e+02 2.885951e+01 4.597962e+01
         vertex 1.668099e+02 2.859615e+01 4.559502e+01
      endloop
   endfacet
   facet normal 6.179914e-01 -7.637625e-01 -1.864230e-01
      outer loop
         vertex 1.668099e+02 2.859615e+01 4.559502e+01
         vertex 1.672514e+02 2.885951e+01 4.597962e+01
         vertex 1.669722e+02 2.848851e+01 4.657405e+01
      endloop
   endfacet
   facet normal 6.237505e-01 -7.589614e-01 -1.868499e-01
      outer loop
         vertex 1.668099e+02 2.859615e+01 4.559502e+01
         vertex 1.669722e+02 2.848851e+01 4.657405e+01
         vertex 1.665681e+02 2.823763e+01 4.624393e+01
      endloop
   endfacet
   facet normal 5.630722e-01 -8.239920e-01 -6.314168e-02
      outer loop
         vertex 1.665681e+02 2.823763e+01 4.624393e+01
         vertex 1.669722e+02 2.848851e+01 4.657405e+01
         vertex 1.665378e+02 2.815293e+01 4.707963e+01
      endloop
   endfacet
   facet normal 5.614956e-01 -8.250545e-01 -6.330643e-02
      outer loop
         vertex 1.665681e+02 2.823763e+01 4.624393e+01
         vertex 1.665378e+02 2.815293e+01 4.707963e+01
         vertex 1.662680e+02 2.798444e+01 4.688257e+01
      endloop
   endfacet
   facet normal 3.129073e-01 -6.926847e-02 -9.472544e-01
      outer loop
         vertex 1.637652e+02 3.053824e+01 4.149105e+01
         vertex 1.633805e+02 3.126795e+01 4.131061e+01
         vertex 1.639442e+02 3.143650e+01 4.148451e+01
      endloop
   endfacet
   facet normal 3.660501e-01 -7.971529e-02 -9.271746e-01
      outer loop
         vertex 1.637652e+02 3.053824e+01 4.149105e+01
         vertex 1.639442e+02 3.143650e+01 4.148451e+01
         vertex 1.645670e+02 3.080488e+01 4.178467e+01
      endloop
   endfacet
   facet normal 3.583113e-01 -8.840620e-02 -9.294070e-01
      outer loop
         vertex 1.639442e+02 3.143650e+01 4.148451e+01
         vertex 1.642137e+02 3.151756e+01 4.158070e+01
         vertex 1.645670e+02 3.080488e+01 4.178467e+01
      endloop
   endfacet
   facet normal 3.992275e-01 -6.389457e-02 -9.146228e-01
      outer loop
         vertex 1.645670e+02 3.080488e+01 4.178467e+01
         vertex 1.642137e+02 3.151756e+01 4.158070e+01
         vertex 1.648866e+02 3.172124e+01 4.186017e+01
      endloop
   endfacet
   facet normal 4.442527e-01 -8.144730e-02 -8.921916e-01
      outer loop
         vertex 1.645670e+02 3.080488e+01 4.178467e+01
         vertex 1.648866e+02 3.172124e+01 4.186017e+01
         vertex 1.653385e+02 3.106504e+01 4.214509e+01
      endloop
   endfacet
   facet normal 4.615039e-01 -6.629557e-02 -8.846576e-01
      outer loop
         vertex 1.653385e+02 3.106504e+01 4.214509e+01
         vertex 1.648866e+02 3.172124e+01 4.186017e+01
         vertex 1.654630e+02 3.189724e+01 4.214769e+01
      endloop
   endfacet
   facet normal 5.175097e-01 -7.477693e-02 -8.524037e-01
      outer loop
         vertex 1.653385e+02 3.106504e+01 4.214509e+01
         vertex 1.654630e+02 3.189724e+01 4.214769e+01
         vertex 1.660770e+02 3.131738e+01 4.257132e+01
      endloop
   endfacet
   facet normal 5.714969e-01 5.633292e-03 -8.205849e-01
      outer loop
         vertex 1.660770e+02 3.131738e+01 4.257132e+01
         vertex 1.654630e+02 3.189724e+01 4.214769e+01
         vertex 1.667798e+02 3.156062e+01 4.306243e+01
      endloop
   endfacet
   facet normal 4.869312e-01 -3.424190e-01 -8.035218e-01
      outer loop
         vertex 1.644106e+02 2.907519e+01 4.230783e+01
         vertex 1.641161e+02 2.979498e+01 4.182265e+01
         vertex 1.651196e+02 2.937642e+01 4.260916e+01
      endloop
   endfacet
   facet normal 4.644043e-01 -3.851202e-01 -7.975030e-01
      outer loop
         vertex 1.651196e+02 2.937642e+01 4.260916e+01
         vertex 1.641161e+02 2.979498e+01 4.182265e+01
         vertex 1.648758e+02 3.007989e+01 4.212742e+01
      endloop
   endfacet
   facet normal 5.485907e-01 -3.345302e-01 -7.662492e-01
      outer loop
         vertex 1.651196e+02 2.937642e+01 4.260916e+01
         vertex 1.648758e+02 3.007989e+01 4.212742e+01
         vertex 1.657973e+02 2.966874e+01 4.296672e+01
      endloop
   endfacet
   facet normal 5.267067e-01 -3.758294e-01 -7.624516e-01
      outer loop
         vertex 1.657973e+02 2.966874e+01 4.296672e+01
         vertex 1.648758e+02 3.007989e+01 4.212742e+01
         vertex 1.656036e+02 3.035703e+01 4.249364e+01
      endloop
   endfacet
   facet normal 6.068137e-01 -3.271340e-01 -7.244035e-01
      outer loop
         vertex 1.657973e+02 2.966874e+01 4.296672e+01
         vertex 1.656036e+02 3.035703e+01 4.249364e+01
         vertex 1.664419e+02 2.995088e+01 4.337926e+01
      endloop
   endfacet
   facet normal 5.857906e-01 -3.668134e-01 -7.227013e-01
      outer loop
         vertex 1.664419e+02 2.995088e+01 4.337926e+01
         vertex 1.656036e+02 3.035703e+01 4.249364e+01
         vertex 1.662976e+02 3.062510e+01 4.292008e+01
      endloop
   endfacet
   facet normal 6.611276e-01 -3.204979e-01 -6.783741e-01
      outer loop
         vertex 1.664419e+02 2.995088e+01 4.337926e+01
         vertex 1.662976e+02 3.062510e+01 4.292008e+01
         vertex 1.670518e+02 3.022163e+01 4.384571e+01
      endloop
   endfacet
   facet normal 6.411711e-01 -3.583263e-01 -6.786028e-01
      outer loop
         vertex 1.670518e+02 3.022163e+01 4.384571e+01
         vertex 1.662976e+02 3.062510e+01 4.292008e+01
         vertex 1.669556e+02 3.088284e+01 4.340569e+01
      endloop
   endfacet
   facet normal 6.933975e-01 -3.265711e-01 -6.423015e-01
      outer loop
         vertex 1.670518e+02 3.022163e+01 4.384571e+01
         vertex 1.669556e+02 3.088284e+01 4.340569e+01
         vertex 1.675751e+02 3.112881e+01 4.394944e+01
      endloop
   endfacet
   facet normal 6.906482e-01 -2.091414e-01 -6.922897e-01
      outer loop
         vertex 1.675751e+02 3.112881e+01 4.394944e+01
         vertex 1.669556e+02 3.088284e+01 4.340569e+01
         vertex 1.674436e+02 3.179325e+01 4.361753e+01
      endloop
   endfacet
   facet normal 7.260262e-01 -1.868999e-01 -6.617812e-01
      outer loop
         vertex 1.675751e+02 3.112881e+01 4.394944e+01
         vertex 1.674436e+02 3.179325e+01 4.361753e+01
         vertex 1.680635e+02 3.201296e+01 4.423548e+01
      endloop
   endfacet
   facet normal 7.167725e-01 -7.109381e-02 -6.936734e-01
      outer loop
         vertex 1.680635e+02 3.201296e+01 4.423548e+01
         vertex 1.674436e+02 3.179325e+01 4.361753e+01
         vertex 1.680170e+02 3.269416e+01 4.411763e+01
      endloop
   endfacet
   facet normal 7.623181e-01 -5.947263e-02 -6.444642e-01
      outer loop
         vertex 1.680635e+02 3.201296e+01 4.423548e+01
         vertex 1.680170e+02 3.269416e+01 4.411763e+01
         vertex 1.685113e+02 3.285165e+01 4.468777e+01
      endloop
   endfacet
   facet normal 4.267747e-01 -1.927020e-01 -8.835889e-01
      outer loop
         vertex 1.641161e+02 2.979498e+01 4.182265e+01
         vertex 1.637652e+02 3.053824e+01 4.149105e+01
         vertex 1.648758e+02 3.007989e+01 4.212742e+01
      endloop
   endfacet
   facet normal 4.041146e-01 -2.445759e-01 -8.814046e-01
      outer loop
         vertex 1.648758e+02 3.007989e+01 4.212742e+01
         vertex 1.637652e+02 3.053824e+01 4.149105e+01
         vertex 1.645670e+02 3.080488e+01 4.178467e+01
      endloop
   endfacet
   facet normal 4.976810e-01 -1.883029e-01 -8.466733e-01
      outer loop
         vertex 1.648758e+02 3.007989e+01 4.212742e+01
         vertex 1.645670e+02 3.080488e+01 4.178467e+01
         vertex 1.656036e+02 3.035703e+01 4.249364e+01
      endloop
   endfacet
   facet normal 4.758929e-01 -2.385271e-01 -8.465405e-01
      outer loop
         vertex 1.656036e+02 3.035703e+01 4.249364e+01
         vertex 1.645670e+02 3.080488e+01 4.178467e+01
         vertex 1.653385e+02 3.106504e+01 4.214509e+01
      endloop
   endfacet
   facet normal 5.652545e-01 -1.841665e-01 -8.040958e-01
      outer loop
         vertex 1.656036e+02 3.035703e+01 4.249364e+01
         vertex 1.653385e+02 3.106504e+01 4.214509e+01
         vertex 1.662976e+02 3.062510e+01 4.292008e+01
      endloop
   endfacet
   facet normal 5.445385e-01 -2.324667e-01 -8.058766e-01
      outer loop
         vertex 1.662976e+02 3.062510e+01 4.292008e+01
         vertex 1.653385e+02 3.106504e+01 4.214509e+01
         vertex 1.660770e+02 3.131738e+01 4.257132e+01
      endloop
   endfacet
   facet normal 6.288594e-01 -1.805977e-01 -7.562542e-01
      outer loop
         vertex 1.662976e+02 3.062510e+01 4.292008e+01
         vertex 1.660770e+02 3.131738e+01 4.257132e+01
         vertex 1.669556e+02 3.088284e+01 4.340569e+01
      endloop
   endfacet
   facet normal 6.094022e-01 -2.266818e-01 -7.597660e-01
      outer loop
         vertex 1.669556e+02 3.088284e+01 4.340569e+01
         vertex 1.660770e+02 3.131738e+01 4.257132e+01
         vertex 1.667798e+02 3.156062e+01 4.306243e+01
      endloop
   endfacet
   facet normal 6.681687e-01 -1.908490e-01 -7.191156e-01
      outer loop
         vertex 1.669556e+02 3.088284e+01 4.340569e+01
         vertex 1.667798e+02 3.156062e+01 4.306243e+01
         vertex 1.674436e+02 3.179325e+01 4.361753e+01
      endloop
   endfacet
   facet normal 6.539083e-01 -6.810411e-02 -7.535024e-01
      outer loop
         vertex 1.674436e+02 3.179325e+01 4.361753e+01
         vertex 1.667798e+02 3.156062e+01 4.306243e+01
         vertex 1.668283e+02 3.231974e+01 4.303596e+01
      endloop
   endfacet
   facet normal 6.457811e-01 -8.359993e-02 -7.589320e-01
      outer loop
         vertex 1.674436e+02 3.179325e+01 4.361753e+01
         vertex 1.668283e+02 3.231974e+01 4.303596e+01
         vertex 1.672417e+02 3.244927e+01 4.337346e+01
      endloop
   endfacet
   facet normal 8.100126e-01 -3.039450e-02 -5.856242e-01
      outer loop
         vertex 1.690388e+02 3.302091e+01 4.540863e+01
         vertex 1.690500e+02 3.275791e+01 4.543776e+01
         vertex 1.685113e+02 3.285165e+01 4.468777e+01
      endloop
   endfacet
   facet normal 8.077380e-01 -5.456373e-02 -5.870112e-01
      outer loop
         vertex 1.685113e+02 3.285165e+01 4.468777e+01
         vertex 1.690500e+02 3.275791e+01 4.543776e+01
         vertex 1.686337e+02 3.221723e+01 4.491521e+01
      endloop
   endfacet
   facet normal 7.749773e-01 -7.539316e-02 -6.274760e-01
      outer loop
         vertex 1.685113e+02 3.285165e+01 4.468777e+01
         vertex 1.686337e+02 3.221723e+01 4.491521e+01
         vertex 1.680635e+02 3.201296e+01 4.423548e+01
      endloop
   endfacet
   facet normal 7.795656e-01 -1.832977e-01 -5.988986e-01
      outer loop
         vertex 1.680635e+02 3.201296e+01 4.423548e+01
         vertex 1.686337e+02 3.221723e+01 4.491521e+01
         vertex 1.681518e+02 3.136064e+01 4.455013e+01
      endloop
   endfacet
   facet normal 7.443962e-01 -2.056157e-01 -6.352924e-01
      outer loop
         vertex 1.680635e+02 3.201296e+01 4.423548e+01
         vertex 1.681518e+02 3.136064e+01 4.455013e+01
         vertex 1.675751e+02 3.112881e+01 4.394944e+01
      endloop
   endfacet
   facet normal 7.421068e-01 -3.200886e-01 -5.889150e-01
      outer loop
         vertex 1.675751e+02 3.112881e+01 4.394944e+01
         vertex 1.681518e+02 3.136064e+01 4.455013e+01
         vertex 1.676249e+02 3.047956e+01 4.436507e+01
      endloop
   endfacet
   facet normal 7.109029e-01 -3.396988e-01 -6.158099e-01
      outer loop
         vertex 1.675751e+02 3.112881e+01 4.394944e+01
         vertex 1.676249e+02 3.047956e+01 4.436507e+01
         vertex 1.670518e+02 3.022163e+01 4.384571e+01
      endloop
   endfacet
   facet normal 7.014425e-01 -4.564457e-01 -5.473899e-01
      outer loop
         vertex 1.670518e+02 3.022163e+01 4.384571e+01
         vertex 1.676249e+02 3.047956e+01 4.436507e+01
         vertex 1.670598e+02 2.960419e+01 4.437081e+01
      endloop
   endfacet
   facet normal 6.570337e-01 -4.834324e-01 -5.784460e-01
      outer loop
         vertex 1.670518e+02 3.022163e+01 4.384571e+01
         vertex 1.670598e+02 2.960419e+01 4.437081e+01
         vertex 1.664419e+02 2.995088e+01 4.337926e+01
      endloop
   endfacet
   facet normal 6.759207e-01 -4.545349e-01 -5.801113e-01
      outer loop
         vertex 1.664419e+02 2.995088e+01 4.337926e+01
         vertex 1.670598e+02 2.960419e+01 4.437081e+01
         vertex 1.664989e+02 2.932463e+01 4.393635e+01
      endloop
   endfacet
   facet normal 6.116891e-01 -4.939974e-01 -6.179021e-01
      outer loop
         vertex 1.664419e+02 2.995088e+01 4.337926e+01
         vertex 1.664989e+02 2.932463e+01 4.393635e+01
         vertex 1.657973e+02 2.966874e+01 4.296672e+01
      endloop
   endfacet
   facet normal 6.314982e-01 -4.636643e-01 -6.214704e-01
      outer loop
         vertex 1.657973e+02 2.966874e+01 4.296672e+01
         vertex 1.664989e+02 2.932463e+01 4.393635e+01
         vertex 1.659058e+02 2.903304e+01 4.355124e+01
      endloop
   endfacet
   facet normal 5.630140e-01 -5.052654e-01 -6.540046e-01
      outer loop
         vertex 1.657973e+02 2.966874e+01 4.296672e+01
         vertex 1.659058e+02 2.903304e+01 4.355124e+01
         vertex 1.651196e+02 2.937642e+01 4.260916e+01
      endloop
   endfacet
   facet normal 5.835365e-01 -4.736916e-01 -6.596221e-01
      outer loop
         vertex 1.651196e+02 2.937642e+01 4.260916e+01
         vertex 1.659058e+02 2.903304e+01 4.355124e+01
         vertex 1.652819e+02 2.873061e+01 4.321646e+01
      endloop
   endfacet
   facet normal 5.113529e-01 -5.170373e-01 -6.864333e-01
      outer loop
         vertex 1.651196e+02 2.937642e+01 4.260916e+01
         vertex 1.652819e+02 2.873061e+01 4.321646e+01
         vertex 1.644106e+02 2.907519e+01 4.230783e+01
      endloop
   endfacet
   facet normal 5.323644e-01 -4.844163e-01 -6.942111e-01
      outer loop
         vertex 1.644106e+02 2.907519e+01 4.230783e+01
         vertex 1.652819e+02 2.873061e+01 4.321646e+01
         vertex 1.646286e+02 2.841862e+01 4.293317e+01
      endloop
   endfacet
   facet normal 5.878376e-01 -7.783841e-01 2.203752e-01
      outer loop
         vertex 1.663415e+02 2.831994e+01 5.664500e+01
         vertex 1.658478e+02 2.803241e+01 5.694617e+01
         vertex 1.656917e+02 2.770262e+01 5.619782e+01
      endloop
   endfacet
   facet normal 5.423076e-01 -8.368242e-01 7.501793e-02
      outer loop
         vertex 1.653770e+02 2.743642e+01 5.550276e+01
         vertex 1.654689e+02 2.749230e+01 5.546233e+01
         vertex 1.656917e+02 2.770262e+01 5.619782e+01
      endloop
   endfacet
   facet normal 8.123960e-01 -4.116646e-01 4.129711e-01
      outer loop
         vertex 1.687655e+02 3.066764e+01 5.582387e+01
         vertex 1.689029e+02 3.111390e+01 5.599842e+01
         vertex 1.686453e+02 3.094717e+01 5.633886e+01
      endloop
   endfacet
   facet normal 8.266669e-01 -1.387000e-01 5.453293e-01
      outer loop
         vertex 1.690572e+02 3.218131e+01 5.633052e+01
         vertex 1.690585e+02 3.249797e+01 5.640902e+01
         vertex 1.686337e+02 3.221723e+01 5.698160e+01
      endloop
   endfacet
   facet normal 8.216879e-01 -2.808367e-02 5.692454e-01
      outer loop
         vertex 1.690388e+02 3.302091e+01 5.648818e+01
         vertex 1.687636e+02 3.293247e+01 5.688096e+01
         vertex 1.690500e+02 3.275791e+01 5.645905e+01
      endloop
   endfacet
   facet normal 8.007027e-01 -1.099670e-01 5.888823e-01
      outer loop
         vertex 1.690500e+02 3.275791e+01 5.645905e+01
         vertex 1.687636e+02 3.293247e+01 5.688096e+01
         vertex 1.685113e+02 3.285165e+01 5.720904e+01
      endloop
   endfacet
   facet normal 8.039516e-01 -8.682078e-02 5.883231e-01
      outer loop
         vertex 1.690500e+02 3.275791e+01 5.645905e+01
         vertex 1.685113e+02 3.285165e+01 5.720904e+01
         vertex 1.690585e+02 3.249797e+01 5.640902e+01
      endloop
   endfacet
   facet normal 8.301287e-01 -2.437855e-01 5.014529e-01
      outer loop
         vertex 1.686809e+02 3.157578e+01 5.669014e+01
         vertex 1.690185e+02 3.171464e+01 5.619876e+01
         vertex 1.690360e+02 3.186723e+01 5.624402e+01
      endloop
   endfacet
   facet normal 7.540808e-01 -4.872517e-01 4.403953e-01
      outer loop
         vertex 1.687655e+02 3.066764e+01 5.582387e+01
         vertex 1.686453e+02 3.094717e+01 5.633886e+01
         vertex 1.686719e+02 3.042870e+01 5.571982e+01
      endloop
   endfacet
   facet normal 6.679895e-01 -7.202346e-01 1.872224e-01
      outer loop
         vertex 1.678547e+02 2.915267e+01 5.498083e+01
         vertex 1.679896e+02 2.930668e+01 5.509213e+01
         vertex 1.676628e+02 2.910752e+01 5.549196e+01
      endloop
   endfacet
   facet normal 6.948139e-01 -6.820334e-01 2.281754e-01
      outer loop
         vertex 1.676628e+02 2.910752e+01 5.549196e+01
         vertex 1.679896e+02 2.930668e+01 5.509213e+01
         vertex 1.682085e+02 2.959222e+01 5.527895e+01
      endloop
   endfacet
   facet normal 5.754840e-01 -8.161692e-01 5.182680e-02
      outer loop
         vertex 1.675456e+02 2.884920e+01 5.473332e+01
         vertex 1.673499e+02 2.872530e+01 5.495500e+01
         vertex 1.670548e+02 2.847913e+01 5.435465e+01
      endloop
   endfacet
   facet normal 5.693051e-01 -8.201819e-01 5.650901e-02
      outer loop
         vertex 1.670548e+02 2.847913e+01 5.435465e+01
         vertex 1.673499e+02 2.872530e+01 5.495500e+01
         vertex 1.669722e+02 2.848851e+01 5.532276e+01
      endloop
   endfacet
   facet normal 5.684928e-01 -8.207496e-01 5.644523e-02
      outer loop
         vertex 1.670548e+02 2.847913e+01 5.435465e+01
         vertex 1.669722e+02 2.848851e+01 5.532276e+01
         vertex 1.665436e+02 2.815656e+01 5.481263e+01
      endloop
   endfacet
   facet normal 5.352862e-01 -8.408969e-01 7.975611e-02
      outer loop
         vertex 1.653770e+02 2.743642e+01 5.550276e+01
         vertex 1.656917e+02 2.770262e+01 5.619782e+01
         vertex 1.647344e+02 2.704905e+01 5.573182e+01
      endloop
   endfacet
   facet normal 3.343538e-01 -1.024158e-01 9.368664e-01
      outer loop
         vertex 1.642137e+02 3.151756e+01 6.031611e+01
         vertex 1.633805e+02 3.126795e+01 6.058620e+01
         vertex 1.645670e+02 3.080488e+01 6.011214e+01
      endloop
   endfacet
   facet normal 3.561510e-01 -4.305388e-02 9.334360e-01
      outer loop
         vertex 1.645670e+02 3.080488e+01 6.011214e+01
         vertex 1.633805e+02 3.126795e+01 6.058620e+01
         vertex 1.637652e+02 3.053824e+01 6.040576e+01
      endloop
   endfacet
   facet normal 4.041146e-01 -2.445759e-01 8.814046e-01
      outer loop
         vertex 1.645670e+02 3.080488e+01 6.011214e+01
         vertex 1.637652e+02 3.053824e+01 6.040576e+01
         vertex 1.648758e+02 3.007989e+01 5.976939e+01
      endloop
   endfacet
   facet normal 4.267747e-01 -1.927020e-01 8.835889e-01
      outer loop
         vertex 1.648758e+02 3.007989e+01 5.976939e+01
         vertex 1.637652e+02 3.053824e+01 6.040576e+01
         vertex 1.641161e+02 2.979498e+01 6.007416e+01
      endloop
   endfacet
   facet normal 4.644043e-01 -3.851202e-01 7.975030e-01
      outer loop
         vertex 1.648758e+02 3.007989e+01 5.976939e+01
         vertex 1.641161e+02 2.979498e+01 6.007416e+01
         vertex 1.651196e+02 2.937642e+01 5.928765e+01
      endloop
   endfacet
   facet normal 4.869312e-01 -3.424190e-01 8.035218e-01
      outer loop
         vertex 1.651196e+02 2.937642e+01 5.928765e+01
         vertex 1.641161e+02 2.979498e+01 6.007416e+01
         vertex 1.644106e+02 2.907519e+01 5.958898e+01
      endloop
   endfacet
   facet normal 5.113529e-01 -5.170373e-01 6.864333e-01
      outer loop
         vertex 1.651196e+02 2.937642e+01 5.928765e+01
         vertex 1.644106e+02 2.907519e+01 5.958898e+01
         vertex 1.652819e+02 2.873061e+01 5.868035e+01
      endloop
   endfacet
   facet normal 5.323644e-01 -4.844163e-01 6.942111e-01
      outer loop
         vertex 1.652819e+02 2.873061e+01 5.868035e+01
         vertex 1.644106e+02 2.907519e+01 5.958898e+01
         vertex 1.646286e+02 2.841862e+01 5.896364e+01
      endloop
   endfacet
   facet normal 5.420631e-01 -6.219578e-01 5.650983e-01
      outer loop
         vertex 1.652819e+02 2.873061e+01 5.868035e+01
         vertex 1.646286e+02 2.841862e+01 5.896364e+01
         vertex 1.647568e+02 2.786116e+01 5.822710e+01
      endloop
   endfacet
   facet normal 7.014425e-01 -4.564457e-01 5.473899e-01
      outer loop
         vertex 1.670518e+02 3.022163e+01 5.805110e+01
         vertex 1.670598e+02 2.960419e+01 5.752600e+01
         vertex 1.676249e+02 3.047956e+01 5.753174e+01
      endloop
   endfacet
   facet normal 7.143214e-01 -4.646028e-01 5.233442e-01
      outer loop
         vertex 1.676249e+02 3.047956e+01 5.753174e+01
         vertex 1.670598e+02 2.960419e+01 5.752600e+01
         vertex 1.675866e+02 2.987029e+01 5.704310e+01
      endloop
   endfacet
   facet normal 7.408409e-01 -4.479462e-01 5.004987e-01
      outer loop
         vertex 1.676249e+02 3.047956e+01 5.753174e+01
         vertex 1.675866e+02 2.987029e+01 5.704310e+01
         vertex 1.681575e+02 3.072227e+01 5.696065e+01
      endloop
   endfacet
   facet normal 7.506788e-01 -4.567809e-01 4.773180e-01
      outer loop
         vertex 1.681575e+02 3.072227e+01 5.696065e+01
         vertex 1.675866e+02 2.987029e+01 5.704310e+01
         vertex 1.680761e+02 3.012048e+01 5.651283e+01
      endloop
   endfacet
   facet normal 7.768401e-01 -4.401962e-01 4.502740e-01
      outer loop
         vertex 1.681575e+02 3.072227e+01 5.696065e+01
         vertex 1.680761e+02 3.012048e+01 5.651283e+01
         vertex 1.686453e+02 3.094717e+01 5.633886e+01
      endloop
   endfacet
   facet normal 7.837716e-01 -4.495537e-01 4.284898e-01
      outer loop
         vertex 1.686453e+02 3.094717e+01 5.633886e+01
         vertex 1.680761e+02 3.012048e+01 5.651283e+01
         vertex 1.685242e+02 3.035215e+01 5.593613e+01
      endloop
   endfacet
   facet normal 8.082339e-01 -4.339394e-01 3.980635e-01
      outer loop
         vertex 1.686453e+02 3.094717e+01 5.633886e+01
         vertex 1.685242e+02 3.035215e+01 5.593613e+01
         vertex 1.686719e+02 3.042870e+01 5.571982e+01
      endloop
   endfacet
   facet normal 8.247223e-01 -3.152845e-01 4.694984e-01
      outer loop
         vertex 1.689029e+02 3.111390e+01 5.599842e+01
         vertex 1.690185e+02 3.171464e+01 5.619876e+01
         vertex 1.686453e+02 3.094717e+01 5.633886e+01
      endloop
   endfacet
   facet normal 8.218288e-01 -3.126372e-01 4.762933e-01
      outer loop
         vertex 1.686453e+02 3.094717e+01 5.633886e+01
         vertex 1.690185e+02 3.171464e+01 5.619876e+01
         vertex 1.686809e+02 3.157578e+01 5.669014e+01
      endloop
   endfacet
   facet normal 7.971746e-01 -3.282470e-01 5.067214e-01
      outer loop
         vertex 1.686453e+02 3.094717e+01 5.633886e+01
         vertex 1.686809e+02 3.157578e+01 5.669014e+01
         vertex 1.681575e+02 3.072227e+01 5.696065e+01
      endloop
   endfacet
   facet normal 7.868722e-01 -3.141877e-01 5.311480e-01
      outer loop
         vertex 1.681575e+02 3.072227e+01 5.696065e+01
         vertex 1.686809e+02 3.157578e+01 5.669014e+01
         vertex 1.681518e+02 3.136064e+01 5.734668e+01
      endloop
   endfacet
   facet normal 7.559641e-01 -3.337938e-01 5.631163e-01
      outer loop
         vertex 1.681575e+02 3.072227e+01 5.696065e+01
         vertex 1.681518e+02 3.136064e+01 5.734668e+01
         vertex 1.676249e+02 3.047956e+01 5.753174e+01
      endloop
   endfacet
   facet normal 7.421068e-01 -3.200886e-01 5.889150e-01
      outer loop
         vertex 1.676249e+02 3.047956e+01 5.753174e+01
         vertex 1.681518e+02 3.136064e+01 5.734668e+01
         vertex 1.675751e+02 3.112881e+01 5.794737e+01
      endloop
   endfacet
   facet normal 7.109029e-01 -3.396988e-01 6.158099e-01
      outer loop
         vertex 1.676249e+02 3.047956e+01 5.753174e+01
         vertex 1.675751e+02 3.112881e+01 5.794737e+01
         vertex 1.670518e+02 3.022163e+01 5.805110e+01
      endloop
   endfacet
   facet normal 6.933975e-01 -3.265711e-01 6.423015e-01
      outer loop
         vertex 1.670518e+02 3.022163e+01 5.805110e+01
         vertex 1.675751e+02 3.112881e+01 5.794737e+01
         vertex 1.669556e+02 3.088284e+01 5.849112e+01
      endloop
   endfacet
   facet normal 5.934188e-01 -7.578043e-02 8.013185e-01
      outer loop
         vertex 1.664322e+02 3.219634e+01 5.915186e+01
         vertex 1.667798e+02 3.156062e+01 5.883438e+01
         vertex 1.665787e+02 3.224189e+01 5.904771e+01
      endloop
   endfacet
   facet normal 6.501502e-01 -4.560871e-02 7.584356e-01
      outer loop
         vertex 1.665787e+02 3.224189e+01 5.904771e+01
         vertex 1.667798e+02 3.156062e+01 5.883438e+01
         vertex 1.674436e+02 3.179325e+01 5.827928e+01
      endloop
   endfacet
   facet normal 6.681687e-01 -1.908490e-01 7.191156e-01
      outer loop
         vertex 1.667798e+02 3.156062e+01 5.883438e+01
         vertex 1.669556e+02 3.088284e+01 5.849112e+01
         vertex 1.674436e+02 3.179325e+01 5.827928e+01
      endloop
   endfacet
   facet normal 6.906482e-01 -2.091414e-01 6.922897e-01
      outer loop
         vertex 1.674436e+02 3.179325e+01 5.827928e+01
         vertex 1.669556e+02 3.088284e+01 5.849112e+01
         vertex 1.675751e+02 3.112881e+01 5.794737e+01
      endloop
   endfacet
   facet normal 7.260262e-01 -1.868999e-01 6.617812e-01
      outer loop
         vertex 1.674436e+02 3.179325e+01 5.827928e+01
         vertex 1.675751e+02 3.112881e+01 5.794737e+01
         vertex 1.680635e+02 3.201296e+01 5.766133e+01
      endloop
   endfacet
   facet normal 7.443962e-01 -2.056157e-01 6.352924e-01
      outer loop
         vertex 1.680635e+02 3.201296e+01 5.766133e+01
         vertex 1.675751e+02 3.112881e+01 5.794737e+01
         vertex 1.681518e+02 3.136064e+01 5.734668e+01
      endloop
   endfacet
   facet normal 7.795656e-01 -1.832977e-01 5.988986e-01
      outer loop
         vertex 1.680635e+02 3.201296e+01 5.766133e+01
         vertex 1.681518e+02 3.136064e+01 5.734668e+01
         vertex 1.686337e+02 3.221723e+01 5.698160e+01
      endloop
   endfacet
   facet normal 7.938710e-01 -2.021732e-01 5.734935e-01
      outer loop
         vertex 1.686337e+02 3.221723e+01 5.698160e+01
         vertex 1.681518e+02 3.136064e+01 5.734668e+01
         vertex 1.686809e+02 3.157578e+01 5.669014e+01
      endloop
   endfacet
   facet normal 8.188556e-01 -1.864261e-01 5.428820e-01
      outer loop
         vertex 1.686337e+02 3.221723e+01 5.698160e+01
         vertex 1.686809e+02 3.157578e+01 5.669014e+01
         vertex 1.690572e+02 3.218131e+01 5.633052e+01
      endloop
   endfacet
   facet normal 8.261816e-01 -2.007528e-01 5.264241e-01
      outer loop
         vertex 1.690572e+02 3.218131e+01 5.633052e+01
         vertex 1.686809e+02 3.157578e+01 5.669014e+01
         vertex 1.690360e+02 3.186723e+01 5.624402e+01
      endloop
   endfacet
   facet normal 8.137666e-01 -5.052513e-02 5.789914e-01
      outer loop
         vertex 1.690585e+02 3.249797e+01 5.640902e+01
         vertex 1.685113e+02 3.285165e+01 5.720904e+01
         vertex 1.686337e+02 3.221723e+01 5.698160e+01
      endloop
   endfacet
   facet normal 7.653761e-01 -8.117789e-02 6.384431e-01
      outer loop
         vertex 1.686337e+02 3.221723e+01 5.698160e+01
         vertex 1.685113e+02 3.285165e+01 5.720904e+01
         vertex 1.680452e+02 3.270311e+01 5.774892e+01
      endloop
   endfacet
   facet normal 7.734995e-01 -5.957024e-02 6.309912e-01
      outer loop
         vertex 1.686337e+02 3.221723e+01 5.698160e+01
         vertex 1.680452e+02 3.270311e+01 5.774892e+01
         vertex 1.680635e+02 3.201296e+01 5.766133e+01
      endloop
   endfacet
   facet normal 7.268849e-01 -6.746214e-02 6.834378e-01
      outer loop
         vertex 1.680635e+02 3.201296e+01 5.766133e+01
         vertex 1.680452e+02 3.270311e+01 5.774892e+01
         vertex 1.677451e+02 3.260798e+01 5.805868e+01
      endloop
   endfacet
   facet normal 7.176304e-01 -7.814864e-02 6.920256e-01
      outer loop
         vertex 1.680635e+02 3.201296e+01 5.766133e+01
         vertex 1.677451e+02 3.260798e+01 5.805868e+01
         vertex 1.674436e+02 3.179325e+01 5.827928e+01
      endloop
   endfacet
   facet normal 6.869805e-01 -5.805444e-02 7.243532e-01
      outer loop
         vertex 1.674436e+02 3.179325e+01 5.827928e+01
         vertex 1.677451e+02 3.260798e+01 5.805868e+01
         vertex 1.672417e+02 3.244927e+01 5.852335e+01
      endloop
   endfacet
   facet normal 6.349628e-01 -9.003482e-02 7.672783e-01
      outer loop
         vertex 1.674436e+02 3.179325e+01 5.827928e+01
         vertex 1.672417e+02 3.244927e+01 5.852335e+01
         vertex 1.665787e+02 3.224189e+01 5.904771e+01
      endloop
   endfacet
   facet normal 5.580972e-01 -8.273354e-01 6.358933e-02
      outer loop
         vertex 1.659767e+02 2.780384e+01 5.519906e+01
         vertex 1.665436e+02 2.815656e+01 5.481263e+01
         vertex 1.665681e+02 2.823763e+01 5.565288e+01
      endloop
   endfacet
   facet normal 5.630622e-01 -8.240003e-01 6.312309e-02
      outer loop
         vertex 1.665681e+02 2.823763e+01 5.565288e+01
         vertex 1.665436e+02 2.815656e+01 5.481263e+01
         vertex 1.669722e+02 2.848851e+01 5.532276e+01
      endloop
   endfacet
   facet normal 6.237505e-01 -7.589614e-01 1.868499e-01
      outer loop
         vertex 1.665681e+02 2.823763e+01 5.565288e+01
         vertex 1.669722e+02 2.848851e+01 5.532276e+01
         vertex 1.668099e+02 2.859615e+01 5.630179e+01
      endloop
   endfacet
   facet normal 6.179914e-01 -7.637625e-01 1.864230e-01
      outer loop
         vertex 1.668099e+02 2.859615e+01 5.630179e+01
         vertex 1.669722e+02 2.848851e+01 5.532276e+01
         vertex 1.672514e+02 2.885951e+01 5.591718e+01
      endloop
   endfacet
   facet normal 6.370297e-01 -7.518495e-01 1.700456e-01
      outer loop
         vertex 1.672514e+02 2.885951e+01 5.591718e+01
         vertex 1.669722e+02 2.848851e+01 5.532276e+01
         vertex 1.673499e+02 2.872530e+01 5.495500e+01
      endloop
   endfacet
   facet normal 6.318241e-01 -7.562123e-01 1.701216e-01
      outer loop
         vertex 1.672514e+02 2.885951e+01 5.591718e+01
         vertex 1.673499e+02 2.872530e+01 5.495500e+01
         vertex 1.676628e+02 2.910752e+01 5.549196e+01
      endloop
   endfacet
   facet normal 6.472996e-01 -7.464803e-01 1.541765e-01
      outer loop
         vertex 1.676628e+02 2.910752e+01 5.549196e+01
         vertex 1.673499e+02 2.872530e+01 5.495500e+01
         vertex 1.675456e+02 2.884920e+01 5.473332e+01
      endloop
   endfacet
   facet normal 6.203562e-01 -7.667185e-01 1.652302e-01
      outer loop
         vertex 1.676628e+02 2.910752e+01 5.549196e+01
         vertex 1.675456e+02 2.884920e+01 5.473332e+01
         vertex 1.678547e+02 2.915267e+01 5.498083e+01
      endloop
   endfacet
   facet normal 4.883701e-01 -9.815205e-02 8.670991e-01
      outer loop
         vertex 1.657958e+02 3.199949e+01 5.956105e+01
         vertex 1.649645e+02 3.174496e+01 6.000046e+01
         vertex 1.660770e+02 3.131738e+01 5.932549e+01
      endloop
   endfacet
   facet normal 5.085174e-01 -3.505917e-02 8.603377e-01
      outer loop
         vertex 1.660770e+02 3.131738e+01 5.932549e+01
         vertex 1.649645e+02 3.174496e+01 6.000046e+01
         vertex 1.653385e+02 3.106504e+01 5.975172e+01
      endloop
   endfacet
   facet normal 5.445385e-01 -2.324667e-01 8.058766e-01
      outer loop
         vertex 1.660770e+02 3.131738e+01 5.932549e+01
         vertex 1.653385e+02 3.106504e+01 5.975172e+01
         vertex 1.662976e+02 3.062510e+01 5.897673e+01
      endloop
   endfacet
   facet normal 5.652545e-01 -1.841665e-01 8.040958e-01
      outer loop
         vertex 1.662976e+02 3.062510e+01 5.897673e+01
         vertex 1.653385e+02 3.106504e+01 5.975172e+01
         vertex 1.656036e+02 3.035703e+01 5.940317e+01
      endloop
   endfacet
   facet normal 5.857906e-01 -3.668134e-01 7.227013e-01
      outer loop
         vertex 1.662976e+02 3.062510e+01 5.897673e+01
         vertex 1.656036e+02 3.035703e+01 5.940317e+01
         vertex 1.664419e+02 2.995088e+01 5.851754e+01
      endloop
   endfacet
   facet normal 6.068137e-01 -3.271340e-01 7.244035e-01
      outer loop
         vertex 1.664419e+02 2.995088e+01 5.851754e+01
         vertex 1.656036e+02 3.035703e+01 5.940317e+01
         vertex 1.657973e+02 2.966874e+01 5.893009e+01
      endloop
   endfacet
   facet normal 6.116891e-01 -4.939974e-01 6.179021e-01
      outer loop
         vertex 1.664419e+02 2.995088e+01 5.851754e+01
         vertex 1.657973e+02 2.966874e+01 5.893009e+01
         vertex 1.664989e+02 2.932463e+01 5.796046e+01
      endloop
   endfacet
   facet normal 6.314982e-01 -4.636643e-01 6.214704e-01
      outer loop
         vertex 1.664989e+02 2.932463e+01 5.796046e+01
         vertex 1.657973e+02 2.966874e+01 5.893009e+01
         vertex 1.659058e+02 2.903304e+01 5.834557e+01
      endloop
   endfacet
   facet normal 6.223004e-01 -5.968751e-01 5.064408e-01
      outer loop
         vertex 1.664989e+02 2.932463e+01 5.796046e+01
         vertex 1.659058e+02 2.903304e+01 5.834557e+01
         vertex 1.659222e+02 2.848001e+01 5.767367e+01
      endloop
   endfacet
   facet normal 5.994511e-01 -6.107692e-01 5.173194e-01
      outer loop
         vertex 1.659222e+02 2.848001e+01 5.767367e+01
         vertex 1.659058e+02 2.903304e+01 5.834557e+01
         vertex 1.653526e+02 2.817533e+01 5.797403e+01
      endloop
   endfacet
   facet normal 5.856811e-01 -7.105567e-01 3.899830e-01
      outer loop
         vertex 1.659222e+02 2.848001e+01 5.767367e+01
         vertex 1.653526e+02 2.817533e+01 5.797403e+01
         vertex 1.653305e+02 2.773486e+01 5.720464e+01
      endloop
   endfacet
   facet normal 5.675761e-01 -7.214317e-01 3.967286e-01
      outer loop
         vertex 1.653305e+02 2.773486e+01 5.720464e+01
         vertex 1.653526e+02 2.817533e+01 5.797403e+01
         vertex 1.647910e+02 2.742865e+01 5.741965e+01
      endloop
   endfacet
   facet normal 5.508315e-01 -7.973593e-01 2.465821e-01
      outer loop
         vertex 1.653305e+02 2.773486e+01 5.720464e+01
         vertex 1.647910e+02 2.742865e+01 5.741965e+01
         vertex 1.647363e+02 2.713305e+01 5.658588e+01
      endloop
   endfacet
   facet normal 6.223042e-01 -6.986790e-01 3.529661e-01
      outer loop
         vertex 1.658478e+02 2.803241e+01 5.694617e+01
         vertex 1.663415e+02 2.831994e+01 5.664500e+01
         vertex 1.664643e+02 2.877390e+01 5.732700e+01
      endloop
   endfacet
   facet normal 6.397003e-01 -6.879888e-01 3.427170e-01
      outer loop
         vertex 1.664643e+02 2.877390e+01 5.732700e+01
         vertex 1.663415e+02 2.831994e+01 5.664500e+01
         vertex 1.669775e+02 2.905575e+01 5.693486e+01
      endloop
   endfacet
   facet normal 6.694661e-01 -5.887108e-01 4.530284e-01
      outer loop
         vertex 1.664643e+02 2.877390e+01 5.732700e+01
         vertex 1.669775e+02 2.905575e+01 5.693486e+01
         vertex 1.670598e+02 2.960419e+01 5.752600e+01
      endloop
   endfacet
   facet normal 7.032816e-01 -5.672943e-01 4.284531e-01
      outer loop
         vertex 1.670598e+02 2.960419e+01 5.752600e+01
         vertex 1.669775e+02 2.905575e+01 5.693486e+01
         vertex 1.674601e+02 2.932409e+01 5.649803e+01
      endloop
   endfacet
   facet normal 6.880649e-01 -5.862193e-01 4.276841e-01
      outer loop
         vertex 1.670598e+02 2.960419e+01 5.752600e+01
         vertex 1.674601e+02 2.932409e+01 5.649803e+01
         vertex 1.675866e+02 2.987029e+01 5.704310e+01
      endloop
   endfacet
   facet normal 7.319428e-01 -5.587399e-01 3.899608e-01
      outer loop
         vertex 1.675866e+02 2.987029e+01 5.704310e+01
         vertex 1.674601e+02 2.932409e+01 5.649803e+01
         vertex 1.679088e+02 2.957646e+01 5.601746e+01
      endloop
   endfacet
   facet normal 7.178202e-01 -5.763572e-01 3.905721e-01
      outer loop
         vertex 1.675866e+02 2.987029e+01 5.704310e+01
         vertex 1.679088e+02 2.957646e+01 5.601746e+01
         vertex 1.680761e+02 3.012048e+01 5.651283e+01
      endloop
   endfacet
   facet normal 7.578452e-01 -5.510651e-01 3.492820e-01
      outer loop
         vertex 1.680761e+02 3.012048e+01 5.651283e+01
         vertex 1.679088e+02 2.957646e+01 5.601746e+01
         vertex 1.683200e+02 2.981021e+01 5.549396e+01
      endloop
   endfacet
   facet normal 7.450061e-01 -5.671734e-01 3.511129e-01
      outer loop
         vertex 1.680761e+02 3.012048e+01 5.651283e+01
         vertex 1.683200e+02 2.981021e+01 5.549396e+01
         vertex 1.685242e+02 3.035215e+01 5.593613e+01
      endloop
   endfacet
   facet normal 4.121544e-01 -1.044383e-01 9.051085e-01
      outer loop
         vertex 1.649645e+02 3.174496e+01 6.000046e+01
         vertex 1.642137e+02 3.151756e+01 6.031611e+01
         vertex 1.653385e+02 3.106504e+01 5.975172e+01
      endloop
   endfacet
   facet normal 4.344987e-01 -4.213729e-02 8.996862e-01
      outer loop
         vertex 1.653385e+02 3.106504e+01 5.975172e+01
         vertex 1.642137e+02 3.151756e+01 6.031611e+01
         vertex 1.645670e+02 3.080488e+01 6.011214e+01
      endloop
   endfacet
   facet normal 4.758929e-01 -2.385271e-01 8.465405e-01
      outer loop
         vertex 1.653385e+02 3.106504e+01 5.975172e+01
         vertex 1.645670e+02 3.080488e+01 6.011214e+01
         vertex 1.656036e+02 3.035703e+01 5.940317e+01
      endloop
   endfacet
   facet normal 4.976810e-01 -1.883029e-01 8.466733e-01
      outer loop
         vertex 1.656036e+02 3.035703e+01 5.940317e+01
         vertex 1.645670e+02 3.080488e+01 6.011214e+01
         vertex 1.648758e+02 3.007989e+01 5.976939e+01
      endloop
   endfacet
   facet normal 5.267067e-01 -3.758294e-01 7.624516e-01
      outer loop
         vertex 1.656036e+02 3.035703e+01 5.940317e+01
         vertex 1.648758e+02 3.007989e+01 5.976939e+01
         vertex 1.657973e+02 2.966874e+01 5.893009e+01
      endloop
   endfacet
   facet normal 5.485907e-01 -3.345302e-01 7.662492e-01
      outer loop
         vertex 1.657973e+02 2.966874e+01 5.893009e+01
         vertex 1.648758e+02 3.007989e+01 5.976939e+01
         vertex 1.651196e+02 2.937642e+01 5.928765e+01
      endloop
   endfacet
   facet normal 5.630140e-01 -5.052654e-01 6.540046e-01
      outer loop
         vertex 1.657973e+02 2.966874e+01 5.893009e+01
         vertex 1.651196e+02 2.937642e+01 5.928765e+01
         vertex 1.659058e+02 2.903304e+01 5.834557e+01
      endloop
   endfacet
   facet normal 5.835365e-01 -4.736916e-01 6.596221e-01
      outer loop
         vertex 1.659058e+02 2.903304e+01 5.834557e+01
         vertex 1.651196e+02 2.937642e+01 5.928765e+01
         vertex 1.652819e+02 2.873061e+01 5.868035e+01
      endloop
   endfacet
   facet normal 5.834731e-01 -6.090756e-01 5.372021e-01
      outer loop
         vertex 1.659058e+02 2.903304e+01 5.834557e+01
         vertex 1.652819e+02 2.873061e+01 5.868035e+01
         vertex 1.653526e+02 2.817533e+01 5.797403e+01
      endloop
   endfacet
   facet normal 5.603740e-01 -6.229588e-01 5.458053e-01
      outer loop
         vertex 1.653526e+02 2.817533e+01 5.797403e+01
         vertex 1.652819e+02 2.873061e+01 5.868035e+01
         vertex 1.647568e+02 2.786116e+01 5.822710e+01
      endloop
   endfacet
   facet normal 5.556768e-01 -7.228666e-01 4.107154e-01
      outer loop
         vertex 1.653526e+02 2.817533e+01 5.797403e+01
         vertex 1.647568e+02 2.786116e+01 5.822710e+01
         vertex 1.647910e+02 2.742865e+01 5.741965e+01
      endloop
   endfacet
   facet normal 5.484265e-01 -8.330850e-01 7.209509e-02
      outer loop
         vertex 1.654689e+02 2.749230e+01 5.546233e+01
         vertex 1.659767e+02 2.780384e+01 5.519906e+01
         vertex 1.656917e+02 2.770262e+01 5.619782e+01
      endloop
   endfacet
   facet normal 5.525588e-01 -8.302210e-01 7.356468e-02
      outer loop
         vertex 1.656917e+02 2.770262e+01 5.619782e+01
         vertex 1.659767e+02 2.780384e+01 5.519906e+01
         vertex 1.665681e+02 2.823763e+01 5.565288e+01
      endloop
   endfacet
   facet normal 5.984385e-01 -7.755352e-01 2.010385e-01
      outer loop
         vertex 1.656917e+02 2.770262e+01 5.619782e+01
         vertex 1.665681e+02 2.823763e+01 5.565288e+01
         vertex 1.663415e+02 2.831994e+01 5.664500e+01
      endloop
   endfacet
   facet normal 6.029062e-01 -7.718800e-01 2.017557e-01
      outer loop
         vertex 1.663415e+02 2.831994e+01 5.664500e+01
         vertex 1.665681e+02 2.823763e+01 5.565288e+01
         vertex 1.668099e+02 2.859615e+01 5.630179e+01
      endloop
   endfacet
   facet normal 6.466187e-01 -6.884084e-01 3.286003e-01
      outer loop
         vertex 1.663415e+02 2.831994e+01 5.664500e+01
         vertex 1.668099e+02 2.859615e+01 5.630179e+01
         vertex 1.669775e+02 2.905575e+01 5.693486e+01
      endloop
   endfacet
   facet normal 6.717032e-01 -6.726135e-01 3.104930e-01
      outer loop
         vertex 1.669775e+02 2.905575e+01 5.693486e+01
         vertex 1.668099e+02 2.859615e+01 5.630179e+01
         vertex 1.672514e+02 2.885951e+01 5.591718e+01
      endloop
   endfacet
   facet normal 6.606015e-01 -6.838892e-01 3.096792e-01
      outer loop
         vertex 1.669775e+02 2.905575e+01 5.693486e+01
         vertex 1.672514e+02 2.885951e+01 5.591718e+01
         vertex 1.674601e+02 2.932409e+01 5.649803e+01
      endloop
   endfacet
   facet normal 6.923195e-01 -6.640345e-01 2.824039e-01
      outer loop
         vertex 1.674601e+02 2.932409e+01 5.649803e+01
         vertex 1.672514e+02 2.885951e+01 5.591718e+01
         vertex 1.676628e+02 2.910752e+01 5.549196e+01
      endloop
   endfacet
   facet normal 6.820519e-01 -6.744991e-01 2.825882e-01
      outer loop
         vertex 1.674601e+02 2.932409e+01 5.649803e+01
         vertex 1.676628e+02 2.910752e+01 5.549196e+01
         vertex 1.679088e+02 2.957646e+01 5.601746e+01
      endloop
   endfacet
   facet normal 6.961372e-01 -6.658860e-01 2.683076e-01
      outer loop
         vertex 1.679088e+02 2.957646e+01 5.601746e+01
         vertex 1.676628e+02 2.910752e+01 5.549196e+01
         vertex 1.682085e+02 2.959222e+01 5.527895e+01
      endloop
   endfacet
   facet normal 7.166168e-01 -6.400289e-01 2.771703e-01
      outer loop
         vertex 1.679088e+02 2.957646e+01 5.601746e+01
         vertex 1.682085e+02 2.959222e+01 5.527895e+01
         vertex 1.683200e+02 2.981021e+01 5.549396e+01
      endloop
   endfacet
   facet normal 7.298768e-01 -6.315165e-01 2.616615e-01
      outer loop
         vertex 1.683200e+02 2.981021e+01 5.549396e+01
         vertex 1.682085e+02 2.959222e+01 5.527895e+01
         vertex 1.683695e+02 2.983796e+01 5.542298e+01
      endloop
   endfacet
   facet normal 7.698822e-01 -5.517452e-01 3.207159e-01
      outer loop
         vertex 1.683200e+02 2.981021e+01 5.549396e+01
         vertex 1.683695e+02 2.983796e+01 5.542298e+01
         vertex 1.685242e+02 3.035215e+01 5.593613e+01
      endloop
   endfacet
   facet normal 6.857670e-01 -6.070574e-01 4.015034e-01
      outer loop
         vertex 1.685242e+02 3.035215e+01 5.593613e+01
         vertex 1.683695e+02 2.983796e+01 5.542298e+01
         vertex 1.684935e+02 3.005506e+01 5.553943e+01
      endloop
   endfacet
   facet normal 7.744435e-01 -5.337055e-01 3.396993e-01
      outer loop
         vertex 1.685242e+02 3.035215e+01 5.593613e+01
         vertex 1.684935e+02 3.005506e+01 5.553943e+01
         vertex 1.686719e+02 3.042870e+01 5.571982e+01
      endloop
   endfacet
   facet normal 5.272095e-01 -8.457692e-01 8.200358e-02
      outer loop
         vertex 1.646056e+02 2.697220e+01 5.576730e+01
         vertex 1.647344e+02 2.704905e+01 5.573182e+01
         vertex 1.647363e+02 2.713305e+01 5.658588e+01
      endloop
   endfacet
   facet normal 5.346016e-01 -8.411619e-01 8.153395e-02
      outer loop
         vertex 1.647363e+02 2.713305e+01 5.658588e+01
         vertex 1.647344e+02 2.704905e+01 5.573182e+01
         vertex 1.656917e+02 2.770262e+01 5.619782e+01
      endloop
   endfacet
   facet normal 5.652818e-01 -7.927096e-01 2.281841e-01
      outer loop
         vertex 1.647363e+02 2.713305e+01 5.658588e+01
         vertex 1.656917e+02 2.770262e+01 5.619782e+01
         vertex 1.653305e+02 2.773486e+01 5.720464e+01
      endloop
   endfacet
   facet normal 5.688503e-01 -7.898089e-01 2.293715e-01
      outer loop
         vertex 1.653305e+02 2.773486e+01 5.720464e+01
         vertex 1.656917e+02 2.770262e+01 5.619782e+01
         vertex 1.658478e+02 2.803241e+01 5.694617e+01
      endloop
   endfacet
   facet normal 5.959159e-01 -7.097200e-01 3.757415e-01
      outer loop
         vertex 1.653305e+02 2.773486e+01 5.720464e+01
         vertex 1.658478e+02 2.803241e+01 5.694617e+01
         vertex 1.659222e+02 2.848001e+01 5.767367e+01
      endloop
   endfacet
   facet normal 6.137334e-01 -6.988937e-01 3.672587e-01
      outer loop
         vertex 1.659222e+02 2.848001e+01 5.767367e+01
         vertex 1.658478e+02 2.803241e+01 5.694617e+01
         vertex 1.664643e+02 2.877390e+01 5.732700e+01
      endloop
   endfacet
   facet normal 6.358752e-01 -5.993073e-01 4.863060e-01
      outer loop
         vertex 1.659222e+02 2.848001e+01 5.767367e+01
         vertex 1.664643e+02 2.877390e+01 5.732700e+01
         vertex 1.664989e+02 2.932463e+01 5.796046e+01
      endloop
   endfacet
   facet normal 6.583029e-01 -5.855127e-01 4.730879e-01
      outer loop
         vertex 1.664989e+02 2.932463e+01 5.796046e+01
         vertex 1.664643e+02 2.877390e+01 5.732700e+01
         vertex 1.670598e+02 2.960419e+01 5.752600e+01
      endloop
   endfacet
   facet normal 6.759207e-01 -4.545349e-01 5.801113e-01
      outer loop
         vertex 1.664989e+02 2.932463e+01 5.796046e+01
         vertex 1.670598e+02 2.960419e+01 5.752600e+01
         vertex 1.664419e+02 2.995088e+01 5.851754e+01
      endloop
   endfacet
   facet normal 6.570337e-01 -4.834324e-01 5.784460e-01
      outer loop
         vertex 1.664419e+02 2.995088e+01 5.851754e+01
         vertex 1.670598e+02 2.960419e+01 5.752600e+01
         vertex 1.670518e+02 3.022163e+01 5.805110e+01
      endloop
   endfacet
   facet normal 6.611276e-01 -3.204979e-01 6.783741e-01
      outer loop
         vertex 1.664419e+02 2.995088e+01 5.851754e+01
         vertex 1.670518e+02 3.022163e+01 5.805110e+01
         vertex 1.662976e+02 3.062510e+01 5.897673e+01
      endloop
   endfacet
   facet normal 6.411711e-01 -3.583263e-01 6.786028e-01
      outer loop
         vertex 1.662976e+02 3.062510e+01 5.897673e+01
         vertex 1.670518e+02 3.022163e+01 5.805110e+01
         vertex 1.669556e+02 3.088284e+01 5.849112e+01
      endloop
   endfacet
   facet normal 6.288594e-01 -1.805977e-01 7.562542e-01
      outer loop
         vertex 1.662976e+02 3.062510e+01 5.897673e+01
         vertex 1.669556e+02 3.088284e+01 5.849112e+01
         vertex 1.660770e+02 3.131738e+01 5.932549e+01
      endloop
   endfacet
   facet normal 6.094022e-01 -2.266818e-01 7.597660e-01
      outer loop
         vertex 1.660770e+02 3.131738e+01 5.932549e+01
         vertex 1.669556e+02 3.088284e+01 5.849112e+01
         vertex 1.667798e+02 3.156062e+01 5.883438e+01
      endloop
   endfacet
   facet normal 5.817764e-01 -4.073800e-02 8.123279e-01
      outer loop
         vertex 1.660770e+02 3.131738e+01 5.932549e+01
         vertex 1.667798e+02 3.156062e+01 5.883438e+01
         vertex 1.657958e+02 3.199949e+01 5.956105e+01
      endloop
   endfacet
   facet normal 5.604561e-01 -1.039461e-01 8.216350e-01
      outer loop
         vertex 1.657958e+02 3.199949e+01 5.956105e+01
         vertex 1.667798e+02 3.156062e+01 5.883438e+01
         vertex 1.664322e+02 3.219634e+01 5.915186e+01
      endloop
   endfacet
   facet normal 5.145296e-01 -8.532004e-01 -8.548857e-02
      outer loop
         vertex 1.647363e+02 2.713305e+01 4.531093e+01
         vertex 1.646056e+02 2.697220e+01 4.612951e+01
         vertex 1.623127e+02 2.564687e+01 4.555633e+01
      endloop
   endfacet
   facet normal 5.325564e-01 -8.081343e-01 -2.516003e-01
      outer loop
         vertex 1.647910e+02 2.742865e+01 4.447716e+01
         vertex 1.647363e+02 2.713305e+01 4.531093e+01
         vertex 1.624349e+02 2.579886e+01 4.472499e+01
      endloop
   endfacet
   facet normal 5.344058e-01 -7.354527e-01 -4.165570e-01
      outer loop
         vertex 1.647568e+02 2.786116e+01 4.366971e+01
         vertex 1.647910e+02 2.742865e+01 4.447716e+01
         vertex 1.624826e+02 2.609082e+01 4.387776e+01
      endloop
   endfacet
   facet normal 4.840889e-01 -5.138300e-01 -7.082631e-01
      outer loop
         vertex 1.644106e+02 2.907519e+01 4.230783e+01
         vertex 1.646286e+02 2.841862e+01 4.293317e+01
         vertex 1.623120e+02 2.709210e+01 4.231218e+01
      endloop
   endfacet
   facet normal 3.699554e-01 -2.272238e-01 -9.008342e-01
      outer loop
         vertex 1.637652e+02 3.053824e+01 4.149105e+01
         vertex 1.641161e+02 2.979498e+01 4.182265e+01
         vertex 1.618009e+02 2.849970e+01 4.119855e+01
      endloop
   endfacet
   facet normal 2.975438e-01 -7.841349e-02 -9.514825e-01
      outer loop
         vertex 1.633805e+02 3.126795e+01 4.131061e+01
         vertex 1.637652e+02 3.053824e+01 4.149105e+01
         vertex 1.614550e+02 2.926143e+01 4.087383e+01
      endloop
   endfacet
   facet normal 5.151419e-01 -8.533377e-01 -8.027215e-02
      outer loop
         vertex 1.647363e+02 2.713305e+01 4.531093e+01
         vertex 1.623127e+02 2.564687e+01 4.555633e+01
         vertex 1.624349e+02 2.579886e+01 4.472499e+01
      endloop
   endfacet
   facet normal 4.905345e-01 -8.671269e-01 -8.641072e-02
      outer loop
         vertex 1.624349e+02 2.579886e+01 4.472499e+01
         vertex 1.623127e+02 2.564687e+01 4.555633e+01
         vertex 1.599835e+02 2.438126e+01 4.503430e+01
      endloop
   endfacet
   facet normal 4.911939e-01 -8.672191e-01 -8.160680e-02
      outer loop
         vertex 1.624349e+02 2.579886e+01 4.472499e+01
         vertex 1.599835e+02 2.438126e+01 4.503430e+01
         vertex 1.600958e+02 2.452429e+01 4.419076e+01
      endloop
   endfacet
   facet normal 4.721675e-01 -8.773181e-01 -8.585365e-02
      outer loop
         vertex 1.600958e+02 2.452429e+01 4.419076e+01
         vertex 1.599835e+02 2.438126e+01 4.503430e+01
         vertex 1.588447e+02 2.379122e+01 4.480097e+01
      endloop
   endfacet
   facet normal 4.680492e-01 -8.785029e-01 -9.572103e-02
      outer loop
         vertex 1.600958e+02 2.452429e+01 4.419076e+01
         vertex 1.588447e+02 2.379122e+01 4.480097e+01
         vertex 1.577184e+02 2.330996e+01 4.371038e+01
      endloop
   endfacet
   facet normal 4.594703e-01 -8.841782e-01 -8.435650e-02
      outer loop
         vertex 1.588447e+02 2.379122e+01 4.480097e+01
         vertex 1.576174e+02 2.317590e+01 4.456546e+01
         vertex 1.577184e+02 2.330996e+01 4.371038e+01
      endloop
   endfacet
   facet normal 4.405807e-01 -8.933863e-01 -8.803132e-02
      outer loop
         vertex 1.577184e+02 2.330996e+01 4.371038e+01
         vertex 1.576174e+02 2.317590e+01 4.456546e+01
         vertex 1.552138e+02 2.203131e+01 4.415186e+01
      endloop
   endfacet
   facet normal 4.412447e-01 -8.934142e-01 -8.434502e-02
      outer loop
         vertex 1.577184e+02 2.330996e+01 4.371038e+01
         vertex 1.552138e+02 2.203131e+01 4.415186e+01
         vertex 1.553018e+02 2.215651e+01 4.328600e+01
      endloop
   endfacet
   facet normal 4.213435e-01 -9.026504e-01 -8.770318e-02
      outer loop
         vertex 1.553018e+02 2.215651e+01 4.328600e+01
         vertex 1.552138e+02 2.203131e+01 4.415186e+01
         vertex 1.540282e+02 2.149548e+01 4.397086e+01
      endloop
   endfacet
   facet normal 4.164224e-01 -9.038706e-01 -9.803222e-02
      outer loop
         vertex 1.553018e+02 2.215651e+01 4.328600e+01
         vertex 1.540282e+02 2.149548e+01 4.397086e+01
         vertex 1.528455e+02 2.106458e+01 4.291976e+01
      endloop
   endfacet
   facet normal 3.551764e-01 -9.305508e-01 -8.902262e-02
      outer loop
         vertex 1.477722e+02 1.896744e+01 4.326299e+01
         vertex 1.478114e+02 1.906782e+01 4.237025e+01
         vertex 1.490951e+02 1.946134e+01 4.337844e+01
      endloop
   endfacet
   facet normal 3.626969e-01 -9.265072e-01 -1.001765e-01
      outer loop
         vertex 1.490951e+02 1.946134e+01 4.337844e+01
         vertex 1.478114e+02 1.906782e+01 4.237025e+01
         vertex 1.503488e+02 2.003480e+01 4.261380e+01
      endloop
   endfacet
   facet normal 3.686722e-01 -9.252472e-01 -8.943415e-02
      outer loop
         vertex 1.490951e+02 1.946134e+01 4.337844e+01
         vertex 1.503488e+02 2.003480e+01 4.261380e+01
         vertex 1.502918e+02 1.992655e+01 4.349858e+01
      endloop
   endfacet
   facet normal 3.889617e-01 -9.171242e-01 -8.713235e-02
      outer loop
         vertex 1.502918e+02 1.992655e+01 4.349858e+01
         vertex 1.503488e+02 2.003480e+01 4.261380e+01
         vertex 1.528455e+02 2.106458e+01 4.291976e+01
      endloop
   endfacet
   facet normal 3.884156e-01 -9.171236e-01 -8.954069e-02
      outer loop
         vertex 1.502918e+02 1.992655e+01 4.349858e+01
         vertex 1.528455e+02 2.106458e+01 4.291976e+01
         vertex 1.527721e+02 2.094802e+01 4.379555e+01
      endloop
   endfacet
   facet normal 4.081965e-01 -9.087609e-01 -8.677134e-02
      outer loop
         vertex 1.527721e+02 2.094802e+01 4.379555e+01
         vertex 1.528455e+02 2.106458e+01 4.291976e+01
         vertex 1.540282e+02 2.149548e+01 4.397086e+01
      endloop
   endfacet
   facet normal 5.332080e-01 -8.086243e-01 -2.486282e-01
      outer loop
         vertex 1.647910e+02 2.742865e+01 4.447716e+01
         vertex 1.624349e+02 2.579886e+01 4.472499e+01
         vertex 1.624826e+02 2.609082e+01 4.387776e+01
      endloop
   endfacet
   facet normal 5.069321e-01 -8.233480e-01 -2.551821e-01
      outer loop
         vertex 1.624826e+02 2.609082e+01 4.387776e+01
         vertex 1.624349e+02 2.579886e+01 4.472499e+01
         vertex 1.600958e+02 2.452429e+01 4.419076e+01
      endloop
   endfacet
   facet normal 5.075674e-01 -8.237814e-01 -2.525066e-01
      outer loop
         vertex 1.624826e+02 2.609082e+01 4.387776e+01
         vertex 1.600958e+02 2.452429e+01 4.419076e+01
         vertex 1.601355e+02 2.481237e+01 4.333066e+01
      endloop
   endfacet
   facet normal 4.803230e-01 -8.381136e-01 -2.585639e-01
      outer loop
         vertex 1.601355e+02 2.481237e+01 4.333066e+01
         vertex 1.600958e+02 2.452429e+01 4.419076e+01
         vertex 1.577184e+02 2.330996e+01 4.371038e+01
      endloop
   endfacet
   facet normal 4.809082e-01 -8.384786e-01 -2.562829e-01
      outer loop
         vertex 1.601355e+02 2.481237e+01 4.333066e+01
         vertex 1.577184e+02 2.330996e+01 4.371038e+01
         vertex 1.577487e+02 2.359400e+01 4.283808e+01
      endloop
   endfacet
   facet normal 4.527905e-01 -8.523245e-01 -2.617705e-01
      outer loop
         vertex 1.577487e+02 2.359400e+01 4.283808e+01
         vertex 1.577184e+02 2.330996e+01 4.371038e+01
         vertex 1.553018e+02 2.215651e+01 4.328600e+01
      endloop
   endfacet
   facet normal 4.532978e-01 -8.526164e-01 -2.599354e-01
      outer loop
         vertex 1.577487e+02 2.359400e+01 4.283808e+01
         vertex 1.553018e+02 2.215651e+01 4.328600e+01
         vertex 1.553215e+02 2.243641e+01 4.240228e+01
      endloop
   endfacet
   facet normal 4.244030e-01 -8.658931e-01 -2.647854e-01
      outer loop
         vertex 1.553215e+02 2.243641e+01 4.240228e+01
         vertex 1.553018e+02 2.215651e+01 4.328600e+01
         vertex 1.528455e+02 2.106458e+01 4.291976e+01
      endloop
   endfacet
   facet normal 4.248069e-01 -8.661095e-01 -2.634263e-01
      outer loop
         vertex 1.553215e+02 2.243641e+01 4.240228e+01
         vertex 1.528455e+02 2.106458e+01 4.291976e+01
         vertex 1.528532e+02 2.134034e+01 4.202551e+01
      endloop
   endfacet
   facet normal 3.952432e-01 -8.787412e-01 -2.675757e-01
      outer loop
         vertex 1.528532e+02 2.134034e+01 4.202551e+01
         vertex 1.528455e+02 2.106458e+01 4.291976e+01
         vertex 1.503488e+02 2.003480e+01 4.261380e+01
      endloop
   endfacet
   facet normal 3.955248e-01 -8.788831e-01 -2.666921e-01
      outer loop
         vertex 1.528532e+02 2.134034e+01 4.202551e+01
         vertex 1.503488e+02 2.003480e+01 4.261380e+01
         vertex 1.503431e+02 2.030649e+01 4.170998e+01
      endloop
   endfacet
   facet normal 3.654004e-01 -8.908063e-01 -2.700864e-01
      outer loop
         vertex 1.503431e+02 2.030649e+01 4.170998e+01
         vertex 1.503488e+02 2.003480e+01 4.261380e+01
         vertex 1.478114e+02 1.906782e+01 4.237025e+01
      endloop
   endfacet
   facet normal 3.655464e-01 -8.908763e-01 -2.696578e-01
      outer loop
         vertex 1.503431e+02 2.030649e+01 4.170998e+01
         vertex 1.478114e+02 1.906782e+01 4.237025e+01
         vertex 1.477911e+02 1.933562e+01 4.145792e+01
      endloop
   endfacet
   facet normal 5.345878e-01 -7.356236e-01 -4.160215e-01
      outer loop
         vertex 1.647568e+02 2.786116e+01 4.366971e+01
         vertex 1.624826e+02 2.609082e+01 4.387776e+01
         vertex 1.624433e+02 2.652588e+01 4.305796e+01
      endloop
   endfacet
   facet normal 5.075042e-01 -7.507994e-01 -4.227762e-01
      outer loop
         vertex 1.624433e+02 2.652588e+01 4.305796e+01
         vertex 1.624826e+02 2.609082e+01 4.387776e+01
         vertex 1.601355e+02 2.481237e+01 4.333066e+01
      endloop
   endfacet
   facet normal 5.076272e-01 -7.509102e-01 -4.224316e-01
      outer loop
         vertex 1.624433e+02 2.652588e+01 4.305796e+01
         vertex 1.601355e+02 2.481237e+01 4.333066e+01
         vertex 1.600903e+02 2.524963e+01 4.249906e+01
      endloop
   endfacet
   facet normal 4.793780e-01 -7.657708e-01 -4.287096e-01
      outer loop
         vertex 1.600903e+02 2.524963e+01 4.249906e+01
         vertex 1.601355e+02 2.481237e+01 4.333066e+01
         vertex 1.577487e+02 2.359400e+01 4.283808e+01
      endloop
   endfacet
   facet normal 4.794200e-01 -7.658072e-01 -4.285974e-01
      outer loop
         vertex 1.600903e+02 2.524963e+01 4.249906e+01
         vertex 1.577487e+02 2.359400e+01 4.283808e+01
         vertex 1.576968e+02 2.403315e+01 4.199534e+01
      endloop
   endfacet
   facet normal 4.500931e-01 -7.802478e-01 -4.343151e-01
      outer loop
         vertex 1.576968e+02 2.403315e+01 4.199534e+01
         vertex 1.577487e+02 2.359400e+01 4.283808e+01
         vertex 1.553215e+02 2.243641e+01 4.240228e+01
      endloop
   endfacet
   facet normal 4.500293e-01 -7.801943e-01 -4.344773e-01
      outer loop
         vertex 1.576968e+02 2.403315e+01 4.199534e+01
         vertex 1.553215e+02 2.243641e+01 4.240228e+01
         vertex 1.552620e+02 2.287718e+01 4.154913e+01
      endloop
   endfacet
   facet normal 4.197237e-01 -7.941178e-01 -4.395554e-01
      outer loop
         vertex 1.552620e+02 2.287718e+01 4.154913e+01
         vertex 1.553215e+02 2.243641e+01 4.240228e+01
         vertex 1.528532e+02 2.134034e+01 4.202551e+01
      endloop
   endfacet
   facet normal 4.195392e-01 -7.939673e-01 -4.400031e-01
      outer loop
         vertex 1.552620e+02 2.287718e+01 4.154913e+01
         vertex 1.528532e+02 2.134034e+01 4.202551e+01
         vertex 1.527851e+02 2.178249e+01 4.116275e+01
      endloop
   endfacet
   facet normal 3.883689e-01 -8.072836e-01 -4.443680e-01
      outer loop
         vertex 1.527851e+02 2.178249e+01 4.116275e+01
         vertex 1.528532e+02 2.134034e+01 4.202551e+01
         vertex 1.503431e+02 2.030649e+01 4.170998e+01
      endloop
   endfacet
   facet normal 3.880518e-01 -8.070313e-01 -4.451025e-01
      outer loop
         vertex 1.527851e+02 2.178249e+01 4.116275e+01
         vertex 1.503431e+02 2.030649e+01 4.170998e+01
         vertex 1.502656e+02 2.074985e+01 4.083854e+01
      endloop
   endfacet
   facet normal 3.561366e-01 -8.196611e-01 -4.486896e-01
      outer loop
         vertex 1.502656e+02 2.074985e+01 4.083854e+01
         vertex 1.503431e+02 2.030649e+01 4.170998e+01
         vertex 1.477911e+02 1.933562e+01 4.145792e+01
      endloop
   endfacet
   facet normal 3.556805e-01 -8.193054e-01 -4.497000e-01
      outer loop
         vertex 1.502656e+02 2.074985e+01 4.083854e+01
         vertex 1.477911e+02 1.933562e+01 4.145792e+01
         vertex 1.477033e+02 1.978006e+01 4.057878e+01
      endloop
   endfacet
   facet normal 4.817021e-01 -5.113118e-01 -7.117045e-01
      outer loop
         vertex 1.644106e+02 2.907519e+01 4.230783e+01
         vertex 1.623120e+02 2.709210e+01 4.231218e+01
         vertex 1.620933e+02 2.776262e+01 4.168242e+01
      endloop
   endfacet
   facet normal 4.559002e-01 -5.257696e-01 -7.181373e-01
      outer loop
         vertex 1.620933e+02 2.776262e+01 4.168242e+01
         vertex 1.623120e+02 2.709210e+01 4.231218e+01
         vertex 1.599557e+02 2.582420e+01 4.174455e+01
      endloop
   endfacet
   facet normal 4.534849e-01 -5.232147e-01 -7.215246e-01
      outer loop
         vertex 1.620933e+02 2.776262e+01 4.168242e+01
         vertex 1.599557e+02 2.582420e+01 4.174455e+01
         vertex 1.597365e+02 2.650822e+01 4.111079e+01
      endloop
   endfacet
   facet normal 4.263484e-01 -5.374919e-01 -7.275504e-01
      outer loop
         vertex 1.597365e+02 2.650822e+01 4.111079e+01
         vertex 1.599557e+02 2.582420e+01 4.174455e+01
         vertex 1.575585e+02 2.461564e+01 4.123266e+01
      endloop
   endfacet
   facet normal 4.239117e-01 -5.349019e-01 -7.308754e-01
      outer loop
         vertex 1.597365e+02 2.650822e+01 4.111079e+01
         vertex 1.575585e+02 2.461564e+01 4.123266e+01
         vertex 1.573392e+02 2.531267e+01 4.059533e+01
      endloop
   endfacet
   facet normal 3.954979e-01 -5.488980e-01 -7.364050e-01
      outer loop
         vertex 1.573392e+02 2.531267e+01 4.059533e+01
         vertex 1.575585e+02 2.461564e+01 4.123266e+01
         vertex 1.551197e+02 2.346718e+01 4.077890e+01
      endloop
   endfacet
   facet normal 3.930487e-01 -5.462760e-01 -7.396589e-01
      outer loop
         vertex 1.573392e+02 2.531267e+01 4.059533e+01
         vertex 1.551197e+02 2.346718e+01 4.077890e+01
         vertex 1.549005e+02 2.417668e+01 4.013843e+01
      endloop
   endfacet
   facet normal 3.634388e-01 -5.598880e-01 -7.446057e-01
      outer loop
         vertex 1.549005e+02 2.417668e+01 4.013843e+01
         vertex 1.551197e+02 2.346718e+01 4.077890e+01
         vertex 1.526385e+02 2.237957e+01 4.038564e+01
      endloop
   endfacet
   facet normal 3.609835e-01 -5.572347e-01 -7.477837e-01
      outer loop
         vertex 1.549005e+02 2.417668e+01 4.013843e+01
         vertex 1.526385e+02 2.237957e+01 4.038564e+01
         vertex 1.524198e+02 2.310099e+01 3.974248e+01
      endloop
   endfacet
   facet normal 3.302750e-01 -5.703629e-01 -7.520669e-01
      outer loop
         vertex 1.524198e+02 2.310099e+01 3.974248e+01
         vertex 1.526385e+02 2.237957e+01 4.038564e+01
         vertex 1.501145e+02 2.135361e+01 4.005528e+01
      endloop
   endfacet
   facet normal 3.278202e-01 -5.676790e-01 -7.551652e-01
      outer loop
         vertex 1.524198e+02 2.310099e+01 3.974248e+01
         vertex 1.501145e+02 2.135361e+01 4.005528e+01
         vertex 1.498966e+02 2.208631e+01 3.940989e+01
      endloop
   endfacet
   facet normal 2.961327e-01 -5.802268e-01 -7.587109e-01
      outer loop
         vertex 1.498966e+02 2.208631e+01 3.940989e+01
         vertex 1.501145e+02 2.135361e+01 4.005528e+01
         vertex 1.475473e+02 2.039005e+01 3.979015e+01
      endloop
   endfacet
   facet normal 2.936774e-01 -5.775044e-01 -7.617363e-01
      outer loop
         vertex 1.498966e+02 2.208631e+01 3.940989e+01
         vertex 1.475473e+02 2.039005e+01 3.979015e+01
         vertex 1.473304e+02 2.113339e+01 3.914299e+01
      endloop
   endfacet
   facet normal 3.637192e-01 -2.206162e-01 -9.050065e-01
      outer loop
         vertex 1.637652e+02 3.053824e+01 4.149105e+01
         vertex 1.618009e+02 2.849970e+01 4.119855e+01
         vertex 1.614550e+02 2.926143e+01 4.087383e+01
      endloop
   endfacet
   facet normal 3.426271e-01 -2.324360e-01 -9.102638e-01
      outer loop
         vertex 1.614550e+02 2.926143e+01 4.087383e+01
         vertex 1.618009e+02 2.849970e+01 4.119855e+01
         vertex 1.594469e+02 2.726212e+01 4.062851e+01
      endloop
   endfacet
   facet normal 3.365407e-01 -2.258417e-01 -9.141859e-01
      outer loop
         vertex 1.614550e+02 2.926143e+01 4.087383e+01
         vertex 1.594469e+02 2.726212e+01 4.062851e+01
         vertex 1.591070e+02 2.804185e+01 4.031077e+01
      endloop
   endfacet
   facet normal 3.142615e-01 -2.375674e-01 -9.191308e-01
      outer loop
         vertex 1.591070e+02 2.804185e+01 4.031077e+01
         vertex 1.594469e+02 2.726212e+01 4.062851e+01
         vertex 1.570531e+02 2.608285e+01 4.011487e+01
      endloop
   endfacet
   facet normal 3.083831e-01 -2.310394e-01 -9.227788e-01
      outer loop
         vertex 1.591070e+02 2.804185e+01 4.031077e+01
         vertex 1.570531e+02 2.608285e+01 4.011487e+01
         vertex 1.567206e+02 2.688003e+01 3.980414e+01
      endloop
   endfacet
   facet normal 2.849384e-01 -2.425972e-01 -9.273385e-01
      outer loop
         vertex 1.567206e+02 2.688003e+01 3.980414e+01
         vertex 1.570531e+02 2.608285e+01 4.011487e+01
         vertex 1.546189e+02 2.496256e+01 3.965999e+01
      endloop
   endfacet
   facet normal 2.793100e-01 -2.361753e-01 -9.307025e-01
      outer loop
         vertex 1.567206e+02 2.688003e+01 3.980414e+01
         vertex 1.546189e+02 2.496256e+01 3.965999e+01
         vertex 1.542950e+02 2.577656e+01 3.935621e+01
      endloop
   endfacet
   facet normal 2.547417e-01 -2.474840e-01 -9.348039e-01
      outer loop
         vertex 1.542950e+02 2.577656e+01 3.935621e+01
         vertex 1.546189e+02 2.496256e+01 3.965999e+01
         vertex 1.521436e+02 2.390188e+01 3.926624e+01
      endloop
   endfacet
   facet normal 2.493868e-01 -2.411906e-01 -9.378877e-01
      outer loop
         vertex 1.542950e+02 2.577656e+01 3.935621e+01
         vertex 1.521436e+02 2.390188e+01 3.926624e+01
         vertex 1.518295e+02 2.473200e+01 3.896926e+01
      endloop
   endfacet
   facet normal 2.237578e-01 -2.521640e-01 -9.414594e-01
      outer loop
         vertex 1.518295e+02 2.473200e+01 3.896926e+01
         vertex 1.521436e+02 2.390188e+01 3.926624e+01
         vertex 1.496265e+02 2.290149e+01 3.893596e+01
      endloop
   endfacet
   facet normal 2.186900e-01 -2.460139e-01 -9.442732e-01
      outer loop
         vertex 1.518295e+02 2.473200e+01 3.896926e+01
         vertex 1.496265e+02 2.290149e+01 3.893596e+01
         vertex 1.493237e+02 2.374695e+01 3.864557e+01
      endloop
   endfacet
   facet normal 1.920831e-01 -2.565653e-01 -9.472478e-01
      outer loop
         vertex 1.493237e+02 2.374695e+01 3.864557e+01
         vertex 1.496265e+02 2.290149e+01 3.893596e+01
         vertex 1.470674e+02 2.196204e+01 3.867148e+01
      endloop
   endfacet
   facet normal 1.873008e-01 -2.505574e-01 -9.498102e-01
      outer loop
         vertex 1.493237e+02 2.374695e+01 3.864557e+01
         vertex 1.470674e+02 2.196204e+01 3.867148e+01
         vertex 1.467771e+02 2.282196e+01 3.838738e+01
      endloop
   endfacet
   facet normal 3.345542e-01 -9.379952e-01 -9.076590e-02
      outer loop
         vertex 1.477722e+02 1.896744e+01 4.326299e+01
         vertex 1.452127e+02 1.807120e+01 4.309085e+01
         vertex 1.478114e+02 1.906782e+01 4.237025e+01
      endloop
   endfacet
   facet normal 3.336076e-01 -9.379958e-01 -9.418050e-02
      outer loop
         vertex 1.478114e+02 1.906782e+01 4.237025e+01
         vertex 1.452127e+02 1.807120e+01 4.309085e+01
         vertex 1.452324e+02 1.817307e+01 4.214618e+01
      endloop
   endfacet
   facet normal 3.364190e-01 -9.015341e-01 -2.721369e-01
      outer loop
         vertex 1.478114e+02 1.906782e+01 4.237025e+01
         vertex 1.452324e+02 1.817307e+01 4.214618e+01
         vertex 1.477911e+02 1.933562e+01 4.145792e+01
      endloop
   endfacet
   facet normal 3.335258e-01 -9.000697e-01 -2.804193e-01
      outer loop
         vertex 1.477911e+02 1.933562e+01 4.145792e+01
         vertex 1.452324e+02 1.817307e+01 4.214618e+01
         vertex 1.451940e+02 1.844253e+01 4.123563e+01
      endloop
   endfacet
   facet normal 3.244022e-01 -8.307433e-01 -4.523592e-01
      outer loop
         vertex 1.477911e+02 1.933562e+01 4.145792e+01
         vertex 1.451940e+02 1.844253e+01 4.123563e+01
         vertex 1.477033e+02 1.978006e+01 4.057878e+01
      endloop
   endfacet
   facet normal 3.225288e-01 -8.292358e-01 -4.564463e-01
      outer loop
         vertex 1.477033e+02 1.978006e+01 4.057878e+01
         vertex 1.451940e+02 1.844253e+01 4.123563e+01
         vertex 1.450989e+02 1.886984e+01 4.039211e+01
      endloop
   endfacet
   facet normal 2.988703e-01 -7.288134e-01 -6.160418e-01
      outer loop
         vertex 1.477033e+02 1.978006e+01 4.057878e+01
         vertex 1.450989e+02 1.886984e+01 4.039211e+01
         vertex 1.449505e+02 1.943956e+01 3.964609e+01
      endloop
   endfacet
   facet normal 2.997703e-01 -7.250008e-01 -6.200900e-01
      outer loop
         vertex 1.449505e+02 1.943956e+01 3.964609e+01
         vertex 1.475473e+02 2.039005e+01 3.979015e+01
         vertex 1.477033e+02 1.978006e+01 4.057878e+01
      endloop
   endfacet
   facet normal 3.315178e-01 -7.133898e-01 -6.173904e-01
      outer loop
         vertex 1.477033e+02 1.978006e+01 4.057878e+01
         vertex 1.475473e+02 2.039005e+01 3.979015e+01
         vertex 1.501145e+02 2.135361e+01 4.005528e+01
      endloop
   endfacet
   facet normal 3.328629e-01 -7.147033e-01 -6.151434e-01
      outer loop
         vertex 1.477033e+02 1.978006e+01 4.057878e+01
         vertex 1.501145e+02 2.135361e+01 4.005528e+01
         vertex 1.502656e+02 2.074985e+01 4.083854e+01
      endloop
   endfacet
   facet normal 3.653255e-01 -7.018548e-01 -6.115040e-01
      outer loop
         vertex 1.502656e+02 2.074985e+01 4.083854e+01
         vertex 1.501145e+02 2.135361e+01 4.005528e+01
         vertex 1.526385e+02 2.237957e+01 4.038564e+01
      endloop
   endfacet
   facet normal 3.665812e-01 -7.030815e-01 -6.093395e-01
      outer loop
         vertex 1.502656e+02 2.074985e+01 4.083854e+01
         vertex 1.526385e+02 2.237957e+01 4.038564e+01
         vertex 1.527851e+02 2.178249e+01 4.116275e+01
      endloop
   endfacet
   facet normal 3.981548e-01 -6.895904e-01 -6.049279e-01
      outer loop
         vertex 1.527851e+02 2.178249e+01 4.116275e+01
         vertex 1.526385e+02 2.237957e+01 4.038564e+01
         vertex 1.551197e+02 2.346718e+01 4.077890e+01
      endloop
   endfacet
   facet normal 3.993158e-01 -6.907284e-01 -6.028609e-01
      outer loop
         vertex 1.527851e+02 2.178249e+01 4.116275e+01
         vertex 1.551197e+02 2.346718e+01 4.077890e+01
         vertex 1.552620e+02 2.287718e+01 4.154913e+01
      endloop
   endfacet
   facet normal 4.298761e-01 -6.766854e-01 -5.977486e-01
      outer loop
         vertex 1.552620e+02 2.287718e+01 4.154913e+01
         vertex 1.551197e+02 2.346718e+01 4.077890e+01
         vertex 1.575585e+02 2.461564e+01 4.123266e+01
      endloop
   endfacet
   facet normal 4.309489e-01 -6.777432e-01 -5.957744e-01
      outer loop
         vertex 1.552620e+02 2.287718e+01 4.154913e+01
         vertex 1.575585e+02 2.461564e+01 4.123266e+01
         vertex 1.576968e+02 2.403315e+01 4.199534e+01
      endloop
   endfacet
   facet normal 4.603858e-01 -6.632470e-01 -5.900409e-01
      outer loop
         vertex 1.576968e+02 2.403315e+01 4.199534e+01
         vertex 1.575585e+02 2.461564e+01 4.123266e+01
         vertex 1.599557e+02 2.582420e+01 4.174455e+01
      endloop
   endfacet
   facet normal 4.613744e-01 -6.642305e-01 -5.881595e-01
      outer loop
         vertex 1.576968e+02 2.403315e+01 4.199534e+01
         vertex 1.599557e+02 2.582420e+01 4.174455e+01
         vertex 1.600903e+02 2.524963e+01 4.249906e+01
      endloop
   endfacet
   facet normal 4.895940e-01 -6.493850e-01 -5.818907e-01
      outer loop
         vertex 1.600903e+02 2.524963e+01 4.249906e+01
         vertex 1.599557e+02 2.582420e+01 4.174455e+01
         vertex 1.623120e+02 2.709210e+01 4.231218e+01
      endloop
   endfacet
   facet normal 4.905077e-01 -6.503044e-01 -5.800917e-01
      outer loop
         vertex 1.600903e+02 2.524963e+01 4.249906e+01
         vertex 1.623120e+02 2.709210e+01 4.231218e+01
         vertex 1.624433e+02 2.652588e+01 4.305796e+01
      endloop
   endfacet
   facet normal 5.174379e-01 -6.352146e-01 -5.733764e-01
      outer loop
         vertex 1.624433e+02 2.652588e+01 4.305796e+01
         vertex 1.623120e+02 2.709210e+01 4.231218e+01
         vertex 1.646286e+02 2.841862e+01 4.293317e+01
      endloop
   endfacet
   facet normal 5.182863e-01 -6.360802e-01 -5.716479e-01
      outer loop
         vertex 1.624433e+02 2.652588e+01 4.305796e+01
         vertex 1.646286e+02 2.841862e+01 4.293317e+01
         vertex 1.647568e+02 2.786116e+01 4.366971e+01
      endloop
   endfacet
   facet normal 2.813346e-01 -6.635501e-01 -6.932187e-01
      outer loop
         vertex 1.449505e+02 1.943956e+01 3.964609e+01
         vertex 1.449368e+02 1.948967e+01 3.959255e+01
         vertex 1.475473e+02 2.039005e+01 3.979015e+01
      endloop
   endfacet
   facet normal 2.631400e-01 -5.965311e-01 -7.582269e-01
      outer loop
         vertex 1.475473e+02 2.039005e+01 3.979015e+01
         vertex 1.449368e+02 1.948967e+01 3.959255e+01
         vertex 1.447541e+02 2.013113e+01 3.902451e+01
      endloop
   endfacet
   facet normal 2.640402e-01 -5.883599e-01 -7.642744e-01
      outer loop
         vertex 1.475473e+02 2.039005e+01 3.979015e+01
         vertex 1.447541e+02 2.013113e+01 3.902451e+01
         vertex 1.473304e+02 2.113339e+01 3.914299e+01
      endloop
   endfacet
   facet normal 2.397420e-01 -5.192807e-01 -8.202873e-01
      outer loop
         vertex 1.473304e+02 2.113339e+01 3.914299e+01
         vertex 1.447541e+02 2.013113e+01 3.902451e+01
         vertex 1.447213e+02 2.024293e+01 3.894412e+01
      endloop
   endfacet
   facet normal 2.170962e-01 -4.417122e-01 -8.704938e-01
      outer loop
         vertex 1.473304e+02 2.113339e+01 3.914299e+01
         vertex 1.447213e+02 2.024293e+01 3.894412e+01
         vertex 1.445170e+02 2.091954e+01 3.854984e+01
      endloop
   endfacet
   facet normal 2.174297e-01 -4.296773e-01 -8.764142e-01
      outer loop
         vertex 1.445170e+02 2.091954e+01 3.854984e+01
         vertex 1.470674e+02 2.196204e+01 3.867148e+01
         vertex 1.473304e+02 2.113339e+01 3.914299e+01
      endloop
   endfacet
   facet normal 2.444397e-01 -4.197820e-01 -8.740894e-01
      outer loop
         vertex 1.473304e+02 2.113339e+01 3.914299e+01
         vertex 1.470674e+02 2.196204e+01 3.867148e+01
         vertex 1.496265e+02 2.290149e+01 3.893596e+01
      endloop
   endfacet
   facet normal 2.480900e-01 -4.241542e-01 -8.709447e-01
      outer loop
         vertex 1.473304e+02 2.113339e+01 3.914299e+01
         vertex 1.496265e+02 2.290149e+01 3.893596e+01
         vertex 1.498966e+02 2.208631e+01 3.940989e+01
      endloop
   endfacet
   facet normal 2.777550e-01 -4.123990e-01 -8.676285e-01
      outer loop
         vertex 1.498966e+02 2.208631e+01 3.940989e+01
         vertex 1.496265e+02 2.290149e+01 3.893596e+01
         vertex 1.521436e+02 2.390188e+01 3.926624e+01
      endloop
   endfacet
   facet normal 2.815388e-01 -4.168179e-01 -8.642909e-01
      outer loop
         vertex 1.498966e+02 2.208631e+01 3.940989e+01
         vertex 1.521436e+02 2.390188e+01 3.926624e+01
         vertex 1.524198e+02 2.310099e+01 3.974248e+01
      endloop
   endfacet
   facet normal 3.101951e-01 -4.045580e-01 -8.602975e-01
      outer loop
         vertex 1.524198e+02 2.310099e+01 3.974248e+01
         vertex 1.521436e+02 2.390188e+01 3.926624e+01
         vertex 1.546189e+02 2.496256e+01 3.965999e+01
      endloop
   endfacet
   facet normal 3.141093e-01 -4.090250e-01 -8.567578e-01
      outer loop
         vertex 1.524198e+02 2.310099e+01 3.974248e+01
         vertex 1.546189e+02 2.496256e+01 3.965999e+01
         vertex 1.549005e+02 2.417668e+01 4.013843e+01
      endloop
   endfacet
   facet normal 3.416536e-01 -3.963551e-01 -8.521593e-01
      outer loop
         vertex 1.549005e+02 2.417668e+01 4.013843e+01
         vertex 1.546189e+02 2.496256e+01 3.965999e+01
         vertex 1.570531e+02 2.608285e+01 4.011487e+01
      endloop
   endfacet
   facet normal 3.456894e-01 -4.008663e-01 -8.484132e-01
      outer loop
         vertex 1.549005e+02 2.417668e+01 4.013843e+01
         vertex 1.570531e+02 2.608285e+01 4.011487e+01
         vertex 1.573392e+02 2.531267e+01 4.059533e+01
      endloop
   endfacet
   facet normal 3.720394e-01 -3.878819e-01 -8.432878e-01
      outer loop
         vertex 1.573392e+02 2.531267e+01 4.059533e+01
         vertex 1.570531e+02 2.608285e+01 4.011487e+01
         vertex 1.594469e+02 2.726212e+01 4.062851e+01
      endloop
   endfacet
   facet normal 3.761796e-01 -3.924252e-01 -8.393398e-01
      outer loop
         vertex 1.573392e+02 2.531267e+01 4.059533e+01
         vertex 1.594469e+02 2.726212e+01 4.062851e+01
         vertex 1.597365e+02 2.650822e+01 4.111079e+01
      endloop
   endfacet
   facet normal 4.012731e-01 -3.792210e-01 -8.337693e-01
      outer loop
         vertex 1.597365e+02 2.650822e+01 4.111079e+01
         vertex 1.594469e+02 2.726212e+01 4.062851e+01
         vertex 1.618009e+02 2.849970e+01 4.119855e+01
      endloop
   endfacet
   facet normal 4.054891e-01 -3.837735e-01 -8.296363e-01
      outer loop
         vertex 1.597365e+02 2.650822e+01 4.111079e+01
         vertex 1.618009e+02 2.849970e+01 4.119855e+01
         vertex 1.620933e+02 2.776262e+01 4.168242e+01
      endloop
   endfacet
   facet normal 4.292872e-01 -3.704381e-01 -8.237039e-01
      outer loop
         vertex 1.620933e+02 2.776262e+01 4.168242e+01
         vertex 1.618009e+02 2.849970e+01 4.119855e+01
         vertex 1.641161e+02 2.979498e+01 4.182265e+01
      endloop
   endfacet
   facet normal 4.335437e-01 -3.749708e-01 -8.194125e-01
      outer loop
         vertex 1.620933e+02 2.776262e+01 4.168242e+01
         vertex 1.641161e+02 2.979498e+01 4.182265e+01
         vertex 1.644106e+02 2.907519e+01 4.230783e+01
      endloop
   endfacet
   facet normal 1.894403e-01 -3.567221e-01 -9.148015e-01
      outer loop
         vertex 1.445170e+02 2.091954e+01 3.854984e+01
         vertex 1.444660e+02 2.108418e+01 3.847510e+01
         vertex 1.470674e+02 2.196204e+01 3.867148e+01
      endloop
   endfacet
   facet normal 1.632773e-01 -2.716681e-01 -9.484392e-01
      outer loop
         vertex 1.470674e+02 2.196204e+01 3.867148e+01
         vertex 1.444660e+02 2.108418e+01 3.847510e+01
         vertex 1.442475e+02 2.177632e+01 3.823922e+01
      endloop
   endfacet
   facet normal 1.630034e-01 -2.594526e-01 -9.519003e-01
      outer loop
         vertex 1.470674e+02 2.196204e+01 3.867148e+01
         vertex 1.442475e+02 2.177632e+01 3.823922e+01
         vertex 1.467771e+02 2.282196e+01 3.838738e+01
      endloop
   endfacet
   facet normal 1.331952e-01 -1.842368e-01 -9.738151e-01
      outer loop
         vertex 1.467771e+02 2.282196e+01 3.838738e+01
         vertex 1.442475e+02 2.177632e+01 3.823922e+01
         vertex 1.441891e+02 2.195761e+01 3.819694e+01
      endloop
   endfacet
   facet normal 1.045685e-01 -9.496648e-02 -9.899731e-01
      outer loop
         vertex 1.467771e+02 2.282196e+01 3.838738e+01
         vertex 1.441891e+02 2.195761e+01 3.819694e+01
         vertex 1.439555e+02 2.267052e+01 3.810387e+01
      endloop
   endfacet
   facet normal 2.894582e-01 -6.996919e-02 -9.546299e-01
      outer loop
         vertex 1.633805e+02 3.126795e+01 4.131061e+01
         vertex 1.614550e+02 2.926143e+01 4.087383e+01
         vertex 1.610782e+02 3.000888e+01 4.070481e+01
      endloop
   endfacet
   facet normal 2.715563e-01 -8.000205e-02 -9.590917e-01
      outer loop
         vertex 1.610782e+02 3.000888e+01 4.070481e+01
         vertex 1.614550e+02 2.926143e+01 4.087383e+01
         vertex 1.591070e+02 2.804185e+01 4.031077e+01
      endloop
   endfacet
   facet normal 2.637574e-01 -7.161894e-02 -9.619266e-01
      outer loop
         vertex 1.610782e+02 3.000888e+01 4.070481e+01
         vertex 1.591070e+02 2.804185e+01 4.031077e+01
         vertex 1.587395e+02 2.880655e+01 4.015305e+01
      endloop
   endfacet
   facet normal 2.448255e-01 -8.158504e-02 -9.661286e-01
      outer loop
         vertex 1.587395e+02 2.880655e+01 4.015305e+01
         vertex 1.591070e+02 2.804185e+01 4.031077e+01
         vertex 1.567206e+02 2.688003e+01 3.980414e+01
      endloop
   endfacet
   facet normal 2.373836e-01 -7.333079e-02 -9.686442e-01
      outer loop
         vertex 1.587395e+02 2.880655e+01 4.015305e+01
         vertex 1.567206e+02 2.688003e+01 3.980414e+01
         vertex 1.563637e+02 2.766146e+01 3.965752e+01
      endloop
   endfacet
   facet normal 2.174288e-01 -8.317237e-02 -9.725261e-01
      outer loop
         vertex 1.563637e+02 2.766146e+01 3.965752e+01
         vertex 1.567206e+02 2.688003e+01 3.980414e+01
         vertex 1.542950e+02 2.577656e+01 3.935621e+01
      endloop
   endfacet
   facet normal 2.103913e-01 -7.509634e-02 -9.747287e-01
      outer loop
         vertex 1.563637e+02 2.766146e+01 3.965752e+01
         vertex 1.542950e+02 2.577656e+01 3.935621e+01
         vertex 1.539503e+02 2.657409e+01 3.922037e+01
      endloop
   endfacet
   facet normal 1.894367e-01 -8.474763e-02 -9.782288e-01
      outer loop
         vertex 1.539503e+02 2.657409e+01 3.922037e+01
         vertex 1.542950e+02 2.577656e+01 3.935621e+01
         vertex 1.518295e+02 2.473200e+01 3.896926e+01
      endloop
   endfacet
   facet normal 1.828334e-01 -7.688568e-02 -9.801329e-01
      outer loop
         vertex 1.539503e+02 2.657409e+01 3.922037e+01
         vertex 1.518295e+02 2.473200e+01 3.896926e+01
         vertex 1.514987e+02 2.554497e+01 3.884378e+01
      endloop
   endfacet
   facet normal 1.609219e-01 -8.627420e-02 -9.831892e-01
      outer loop
         vertex 1.514987e+02 2.554497e+01 3.884378e+01
         vertex 1.518295e+02 2.473200e+01 3.896926e+01
         vertex 1.493237e+02 2.374695e+01 3.864557e+01
      endloop
   endfacet
   facet normal 1.547608e-01 -7.864199e-02 -9.848170e-01
      outer loop
         vertex 1.514987e+02 2.554497e+01 3.884378e+01
         vertex 1.493237e+02 2.374695e+01 3.864557e+01
         vertex 1.490082e+02 2.457458e+01 3.852990e+01
      endloop
   endfacet
   facet normal 1.319536e-01 -8.769277e-02 -9.873693e-01
      outer loop
         vertex 1.490082e+02 2.457458e+01 3.852990e+01
         vertex 1.493237e+02 2.374695e+01 3.864557e+01
         vertex 1.467771e+02 2.282196e+01 3.838738e+01
      endloop
   endfacet
   facet normal 1.262331e-01 -8.029841e-02 -9.887454e-01
      outer loop
         vertex 1.490082e+02 2.457458e+01 3.852990e+01
         vertex 1.467771e+02 2.282196e+01 3.838738e+01
         vertex 1.464783e+02 2.366342e+01 3.828090e+01
      endloop
   endfacet
   facet normal 1.042771e-01 -8.833025e-02 -9.906180e-01
      outer loop
         vertex 1.464783e+02 2.366342e+01 3.828090e+01
         vertex 1.467771e+02 2.282196e+01 3.838738e+01
         vertex 1.439555e+02 2.267052e+01 3.810387e+01
      endloop
   endfacet
   facet normal 7.392325e-02 -1.002981e-02 -9.972135e-01
      outer loop
         vertex 1.464783e+02 2.366342e+01 3.828090e+01
         vertex 1.439555e+02 2.267052e+01 3.810387e+01
         vertex 1.439084e+02 2.281200e+01 3.809896e+01
      endloop
   endfacet
   facet normal 4.721675e-01 -8.773181e-01 8.585365e-02
      outer loop
         vertex 1.588447e+02 2.379122e+01 5.709584e+01
         vertex 1.599835e+02 2.438126e+01 5.686251e+01
         vertex 1.600958e+02 2.452429e+01 5.770605e+01
      endloop
   endfacet
   facet normal 3.362787e-01 -8.990983e-01 2.802479e-01
      outer loop
         vertex 1.452324e+02 1.817307e+01 5.975063e+01
         vertex 1.478114e+02 1.906782e+01 5.952656e+01
         vertex 1.451940e+02 1.844253e+01 6.066118e+01
      endloop
   endfacet
   facet normal 3.336679e-01 -9.024898e-01 2.723561e-01
      outer loop
         vertex 1.451940e+02 1.844253e+01 6.066118e+01
         vertex 1.478114e+02 1.906782e+01 5.952656e+01
         vertex 1.477911e+02 1.933562e+01 6.043889e+01
      endloop
   endfacet
   facet normal 3.240412e-01 -8.287012e-01 4.563460e-01
      outer loop
         vertex 1.451940e+02 1.844253e+01 6.066118e+01
         vertex 1.477911e+02 1.933562e+01 6.043889e+01
         vertex 1.450989e+02 1.886984e+01 6.150470e+01
      endloop
   endfacet
   facet normal 3.229476e-01 -8.312496e-01 4.524699e-01
      outer loop
         vertex 1.450989e+02 1.886984e+01 6.150470e+01
         vertex 1.477911e+02 1.933562e+01 6.043889e+01
         vertex 1.477033e+02 1.978006e+01 6.131803e+01
      endloop
   endfacet
   facet normal 2.988703e-01 -7.288134e-01 6.160418e-01
      outer loop
         vertex 1.450989e+02 1.886984e+01 6.150470e+01
         vertex 1.477033e+02 1.978006e+01 6.131803e+01
         vertex 1.449505e+02 1.943956e+01 6.225072e+01
      endloop
   endfacet
   facet normal 2.997703e-01 -7.250008e-01 6.200900e-01
      outer loop
         vertex 1.449505e+02 1.943956e+01 6.225072e+01
         vertex 1.477033e+02 1.978006e+01 6.131803e+01
         vertex 1.475473e+02 2.039005e+01 6.210666e+01
      endloop
   endfacet
   facet normal 2.813346e-01 -6.635501e-01 6.932187e-01
      outer loop
         vertex 1.449505e+02 1.943956e+01 6.225072e+01
         vertex 1.475473e+02 2.039005e+01 6.210666e+01
         vertex 1.449368e+02 1.948967e+01 6.230426e+01
      endloop
   endfacet
   facet normal 2.631400e-01 -5.965311e-01 7.582269e-01
      outer loop
         vertex 1.449368e+02 1.948967e+01 6.230426e+01
         vertex 1.475473e+02 2.039005e+01 6.210666e+01
         vertex 1.447541e+02 2.013113e+01 6.287230e+01
      endloop
   endfacet
   facet normal 2.640402e-01 -5.883599e-01 7.642744e-01
      outer loop
         vertex 1.447541e+02 2.013113e+01 6.287230e+01
         vertex 1.475473e+02 2.039005e+01 6.210666e+01
         vertex 1.473304e+02 2.113339e+01 6.275382e+01
      endloop
   endfacet
   facet normal 2.397420e-01 -5.192807e-01 8.202873e-01
      outer loop
         vertex 1.447541e+02 2.013113e+01 6.287230e+01
         vertex 1.473304e+02 2.113339e+01 6.275382e+01
         vertex 1.447213e+02 2.024293e+01 6.295269e+01
      endloop
   endfacet
   facet normal 2.170962e-01 -4.417122e-01 8.704938e-01
      outer loop
         vertex 1.447213e+02 2.024293e+01 6.295269e+01
         vertex 1.473304e+02 2.113339e+01 6.275382e+01
         vertex 1.445170e+02 2.091954e+01 6.334697e+01
      endloop
   endfacet
   facet normal 2.174297e-01 -4.296773e-01 8.764142e-01
      outer loop
         vertex 1.445170e+02 2.091954e+01 6.334697e+01
         vertex 1.473304e+02 2.113339e+01 6.275382e+01
         vertex 1.470674e+02 2.196204e+01 6.322532e+01
      endloop
   endfacet
   facet normal 1.894403e-01 -3.567221e-01 9.148015e-01
      outer loop
         vertex 1.445170e+02 2.091954e+01 6.334697e+01
         vertex 1.470674e+02 2.196204e+01 6.322532e+01
         vertex 1.444660e+02 2.108418e+01 6.342171e+01
      endloop
   endfacet
   facet normal 1.632773e-01 -2.716681e-01 9.484392e-01
      outer loop
         vertex 1.444660e+02 2.108418e+01 6.342171e+01
         vertex 1.470674e+02 2.196204e+01 6.322532e+01
         vertex 1.442475e+02 2.177632e+01 6.365759e+01
      endloop
   endfacet
   facet normal 1.630034e-01 -2.594526e-01 9.519003e-01
      outer loop
         vertex 1.442475e+02 2.177632e+01 6.365759e+01
         vertex 1.470674e+02 2.196204e+01 6.322532e+01
         vertex 1.467771e+02 2.282196e+01 6.350943e+01
      endloop
   endfacet
   facet normal 1.331952e-01 -1.842368e-01 9.738151e-01
      outer loop
         vertex 1.442475e+02 2.177632e+01 6.365759e+01
         vertex 1.467771e+02 2.282196e+01 6.350943e+01
         vertex 1.441891e+02 2.195761e+01 6.369987e+01
      endloop
   endfacet
   facet normal 1.045685e-01 -9.496648e-02 9.899731e-01
      outer loop
         vertex 1.441891e+02 2.195761e+01 6.369987e+01
         vertex 1.467771e+02 2.282196e+01 6.350943e+01
         vertex 1.439555e+02 2.267052e+01 6.379294e+01
      endloop
   endfacet
   facet normal 1.042771e-01 -8.833025e-02 9.906180e-01
      outer loop
         vertex 1.439555e+02 2.267052e+01 6.379294e+01
         vertex 1.467771e+02 2.282196e+01 6.350943e+01
         vertex 1.464783e+02 2.366342e+01 6.361591e+01
      endloop
   endfacet
   facet normal 7.392325e-02 -1.002981e-02 9.972135e-01
      outer loop
         vertex 1.439555e+02 2.267052e+01 6.379294e+01
         vertex 1.464783e+02 2.366342e+01 6.361591e+01
         vertex 1.439084e+02 2.281200e+01 6.379785e+01
      endloop
   endfacet
   facet normal 3.561144e-01 -9.277206e-01 1.118791e-01
      outer loop
         vertex 1.477722e+02 1.896744e+01 5.863382e+01
         vertex 1.490951e+02 1.946134e+01 5.851837e+01
         vertex 1.503488e+02 2.003480e+01 5.928301e+01
      endloop
   endfacet
   facet normal 1.291813e-01 -8.878710e-02 9.876381e-01
      outer loop
         vertex 1.490082e+02 2.457458e+01 6.336691e+01
         vertex 1.464783e+02 2.366342e+01 6.361591e+01
         vertex 1.493237e+02 2.374695e+01 6.325124e+01
      endloop
   endfacet
   facet normal 1.290087e-01 -7.927806e-02 9.884694e-01
      outer loop
         vertex 1.493237e+02 2.374695e+01 6.325124e+01
         vertex 1.464783e+02 2.366342e+01 6.361591e+01
         vertex 1.467771e+02 2.282196e+01 6.350943e+01
      endloop
   endfacet
   facet normal 1.895999e-01 -2.575361e-01 9.474846e-01
      outer loop
         vertex 1.493237e+02 2.374695e+01 6.325124e+01
         vertex 1.467771e+02 2.282196e+01 6.350943e+01
         vertex 1.496265e+02 2.290149e+01 6.296084e+01
      endloop
   endfacet
   facet normal 1.897790e-01 -2.496380e-01 9.495603e-01
      outer loop
         vertex 1.496265e+02 2.290149e+01 6.296084e+01
         vertex 1.467771e+02 2.282196e+01 6.350943e+01
         vertex 1.470674e+02 2.196204e+01 6.322532e+01
      endloop
   endfacet
   facet normal 2.460320e-01 -4.249498e-01 8.711406e-01
      outer loop
         vertex 1.496265e+02 2.290149e+01 6.296084e+01
         vertex 1.470674e+02 2.196204e+01 6.322532e+01
         vertex 1.498966e+02 2.208631e+01 6.248692e+01
      endloop
   endfacet
   facet normal 2.464870e-01 -4.190146e-01 8.738827e-01
      outer loop
         vertex 1.498966e+02 2.208631e+01 6.248692e+01
         vertex 1.470674e+02 2.196204e+01 6.322532e+01
         vertex 1.473304e+02 2.113339e+01 6.275382e+01
      endloop
   endfacet
   facet normal 2.946059e-01 -5.808108e-01 7.588585e-01
      outer loop
         vertex 1.498966e+02 2.208631e+01 6.248692e+01
         vertex 1.473304e+02 2.113339e+01 6.275382e+01
         vertex 1.501145e+02 2.135361e+01 6.184153e+01
      endloop
   endfacet
   facet normal 2.951925e-01 -5.769309e-01 7.615853e-01
      outer loop
         vertex 1.501145e+02 2.135361e+01 6.184153e+01
         vertex 1.473304e+02 2.113339e+01 6.275382e+01
         vertex 1.475473e+02 2.039005e+01 6.210666e+01
      endloop
   endfacet
   facet normal 3.319223e-01 -7.150601e-01 6.152370e-01
      outer loop
         vertex 1.501145e+02 2.135361e+01 6.184153e+01
         vertex 1.475473e+02 2.039005e+01 6.210666e+01
         vertex 1.502656e+02 2.074985e+01 6.105827e+01
      endloop
   endfacet
   facet normal 3.324498e-01 -7.130344e-01 6.172999e-01
      outer loop
         vertex 1.502656e+02 2.074985e+01 6.105827e+01
         vertex 1.475473e+02 2.039005e+01 6.210666e+01
         vertex 1.477033e+02 1.978006e+01 6.131803e+01
      endloop
   endfacet
   facet normal 3.557690e-01 -8.198000e-01 4.487275e-01
      outer loop
         vertex 1.502656e+02 2.074985e+01 6.105827e+01
         vertex 1.477033e+02 1.978006e+01 6.131803e+01
         vertex 1.503431e+02 2.030649e+01 6.018683e+01
      endloop
   endfacet
   facet normal 3.560447e-01 -8.191659e-01 4.496658e-01
      outer loop
         vertex 1.503431e+02 2.030649e+01 6.018683e+01
         vertex 1.477033e+02 1.978006e+01 6.131803e+01
         vertex 1.477911e+02 1.933562e+01 6.043889e+01
      endloop
   endfacet
   facet normal 3.655405e-01 -8.907534e-01 2.700714e-01
      outer loop
         vertex 1.503431e+02 2.030649e+01 6.018683e+01
         vertex 1.477911e+02 1.933562e+01 6.043889e+01
         vertex 1.503488e+02 2.003480e+01 5.928301e+01
      endloop
   endfacet
   facet normal 3.654074e-01 -8.909295e-01 2.696703e-01
      outer loop
         vertex 1.503488e+02 2.003480e+01 5.928301e+01
         vertex 1.477911e+02 1.933562e+01 6.043889e+01
         vertex 1.478114e+02 1.906782e+01 5.952656e+01
      endloop
   endfacet
   facet normal 3.621115e-01 -9.279314e-01 8.842334e-02
      outer loop
         vertex 1.503488e+02 2.003480e+01 5.928301e+01
         vertex 1.478114e+02 1.906782e+01 5.952656e+01
         vertex 1.477722e+02 1.896744e+01 5.863382e+01
      endloop
   endfacet
   facet normal 3.334518e-01 -9.383788e-01 9.085748e-02
      outer loop
         vertex 1.477722e+02 1.896744e+01 5.863382e+01
         vertex 1.478114e+02 1.906782e+01 5.952656e+01
         vertex 1.452324e+02 1.817307e+01 5.975063e+01
      endloop
   endfacet
   facet normal 3.346518e-01 -9.376299e-01 9.411924e-02
      outer loop
         vertex 1.477722e+02 1.896744e+01 5.863382e+01
         vertex 1.452324e+02 1.817307e+01 5.975063e+01
         vertex 1.452127e+02 1.807120e+01 5.880596e+01
      endloop
   endfacet
   facet normal 1.580512e-01 -8.749759e-02 9.835466e-01
      outer loop
         vertex 1.514987e+02 2.554497e+01 6.305303e+01
         vertex 1.490082e+02 2.457458e+01 6.336691e+01
         vertex 1.518295e+02 2.473200e+01 6.292755e+01
      endloop
   endfacet
   facet normal 1.576341e-01 -7.749569e-02 9.844521e-01
      outer loop
         vertex 1.518295e+02 2.473200e+01 6.292755e+01
         vertex 1.490082e+02 2.457458e+01 6.336691e+01
         vertex 1.493237e+02 2.374695e+01 6.325124e+01
      endloop
   endfacet
   facet normal 2.212080e-01 -2.532408e-01 9.417729e-01
      outer loop
         vertex 1.518295e+02 2.473200e+01 6.292755e+01
         vertex 1.493237e+02 2.374695e+01 6.325124e+01
         vertex 1.521436e+02 2.390188e+01 6.263057e+01
      endloop
   endfacet
   facet normal 2.212332e-01 -2.449909e-01 9.439467e-01
      outer loop
         vertex 1.521436e+02 2.390188e+01 6.263057e+01
         vertex 1.493237e+02 2.374695e+01 6.325124e+01
         vertex 1.496265e+02 2.290149e+01 6.296084e+01
      endloop
   endfacet
   facet normal 2.794533e-01 -4.176895e-01 8.645469e-01
      outer loop
         vertex 1.521436e+02 2.390188e+01 6.263057e+01
         vertex 1.496265e+02 2.290149e+01 6.296084e+01
         vertex 1.524198e+02 2.310099e+01 6.215433e+01
      endloop
   endfacet
   facet normal 2.798282e-01 -4.115572e-01 8.673620e-01
      outer loop
         vertex 1.524198e+02 2.310099e+01 6.215433e+01
         vertex 1.496265e+02 2.290149e+01 6.296084e+01
         vertex 1.498966e+02 2.208631e+01 6.248692e+01
      endloop
   endfacet
   facet normal 3.287668e-01 -5.709871e-01 7.522541e-01
      outer loop
         vertex 1.524198e+02 2.310099e+01 6.215433e+01
         vertex 1.498966e+02 2.208631e+01 6.248692e+01
         vertex 1.526385e+02 2.237957e+01 6.151116e+01
      endloop
   endfacet
   facet normal 3.293156e-01 -5.670664e-01 7.549747e-01
      outer loop
         vertex 1.526385e+02 2.237957e+01 6.151116e+01
         vertex 1.498966e+02 2.208631e+01 6.248692e+01
         vertex 1.501145e+02 2.135361e+01 6.184153e+01
      endloop
   endfacet
   facet normal 3.657022e-01 -7.034425e-01 6.094510e-01
      outer loop
         vertex 1.526385e+02 2.237957e+01 6.151116e+01
         vertex 1.501145e+02 2.135361e+01 6.184153e+01
         vertex 1.527851e+02 2.178249e+01 6.073405e+01
      endloop
   endfacet
   facet normal 3.661958e-01 -7.014958e-01 6.113953e-01
      outer loop
         vertex 1.527851e+02 2.178249e+01 6.073405e+01
         vertex 1.501145e+02 2.135361e+01 6.184153e+01
         vertex 1.502656e+02 2.074985e+01 6.105827e+01
      endloop
   endfacet
   facet normal 3.881087e-01 -8.073900e-01 4.444020e-01
      outer loop
         vertex 1.527851e+02 2.178249e+01 6.073405e+01
         vertex 1.502656e+02 2.074985e+01 6.105827e+01
         vertex 1.528532e+02 2.134034e+01 5.987130e+01
      endloop
   endfacet
   facet normal 3.883094e-01 -8.069247e-01 4.450711e-01
      outer loop
         vertex 1.528532e+02 2.134034e+01 5.987130e+01
         vertex 1.502656e+02 2.074985e+01 6.105827e+01
         vertex 1.503431e+02 2.030649e+01 6.018683e+01
      endloop
   endfacet
   facet normal 3.955251e-01 -8.786259e-01 2.675377e-01
      outer loop
         vertex 1.528532e+02 2.134034e+01 5.987130e+01
         vertex 1.503431e+02 2.030649e+01 6.018683e+01
         vertex 1.528455e+02 2.106458e+01 5.897705e+01
      endloop
   endfacet
   facet normal 3.952452e-01 -8.789988e-01 2.667251e-01
      outer loop
         vertex 1.528455e+02 2.106458e+01 5.897705e+01
         vertex 1.503431e+02 2.030649e+01 6.018683e+01
         vertex 1.503488e+02 2.003480e+01 5.928301e+01
      endloop
   endfacet
   facet normal 4.100729e-01 -9.052518e-01 1.111730e-01
      outer loop
         vertex 1.527721e+02 2.094802e+01 5.810126e+01
         vertex 1.540282e+02 2.149548e+01 5.792594e+01
         vertex 1.553018e+02 2.215651e+01 5.861081e+01
      endloop
   endfacet
   facet normal 1.864789e-01 -8.610240e-02 9.786787e-01
      outer loop
         vertex 1.539503e+02 2.657409e+01 6.267644e+01
         vertex 1.514987e+02 2.554497e+01 6.305303e+01
         vertex 1.542950e+02 2.577656e+01 6.254060e+01
      endloop
   endfacet
   facet normal 1.857927e-01 -7.561081e-02 9.796755e-01
      outer loop
         vertex 1.542950e+02 2.577656e+01 6.254060e+01
         vertex 1.514987e+02 2.554497e+01 6.305303e+01
         vertex 1.518295e+02 2.473200e+01 6.292755e+01
      endloop
   endfacet
   facet normal 2.521328e-01 -2.486689e-01 9.351967e-01
      outer loop
         vertex 1.542950e+02 2.577656e+01 6.254060e+01
         vertex 1.518295e+02 2.473200e+01 6.292755e+01
         vertex 1.546189e+02 2.496256e+01 6.223682e+01
      endloop
   endfacet
   facet normal 2.519873e-01 -2.400617e-01 9.374822e-01
      outer loop
         vertex 1.546189e+02 2.496256e+01 6.223682e+01
         vertex 1.518295e+02 2.473200e+01 6.292755e+01
         vertex 1.521436e+02 2.390188e+01 6.263057e+01
      endloop
   endfacet
   facet normal 3.120026e-01 -4.099728e-01 8.570745e-01
      outer loop
         vertex 1.546189e+02 2.496256e+01 6.223682e+01
         vertex 1.521436e+02 2.390188e+01 6.263057e+01
         vertex 1.549005e+02 2.417668e+01 6.175838e+01
      endloop
   endfacet
   facet normal 3.122878e-01 -4.036418e-01 8.599707e-01
      outer loop
         vertex 1.549005e+02 2.417668e+01 6.175838e+01
         vertex 1.521436e+02 2.390188e+01 6.263057e+01
         vertex 1.524198e+02 2.310099e+01 6.215433e+01
      endloop
   endfacet
   facet normal 3.619505e-01 -5.605515e-01 7.448314e-01
      outer loop
         vertex 1.549005e+02 2.417668e+01 6.175838e+01
         vertex 1.524198e+02 2.310099e+01 6.215433e+01
         vertex 1.551197e+02 2.346718e+01 6.111791e+01
      endloop
   endfacet
   facet normal 3.624579e-01 -5.565839e-01 7.475551e-01
      outer loop
         vertex 1.551197e+02 2.346718e+01 6.111791e+01
         vertex 1.524198e+02 2.310099e+01 6.215433e+01
         vertex 1.526385e+02 2.237957e+01 6.151116e+01
      endloop
   endfacet
   facet normal 3.985035e-01 -6.910879e-01 6.029862e-01
      outer loop
         vertex 1.551197e+02 2.346718e+01 6.111791e+01
         vertex 1.526385e+02 2.237957e+01 6.151116e+01
         vertex 1.552620e+02 2.287718e+01 6.034768e+01
      endloop
   endfacet
   facet normal 3.989585e-01 -6.892335e-01 6.048052e-01
      outer loop
         vertex 1.552620e+02 2.287718e+01 6.034768e+01
         vertex 1.526385e+02 2.237957e+01 6.151116e+01
         vertex 1.527851e+02 2.178249e+01 6.073405e+01
      endloop
   endfacet
   facet normal 4.195697e-01 -7.941857e-01 4.395797e-01
      outer loop
         vertex 1.552620e+02 2.287718e+01 6.034768e+01
         vertex 1.527851e+02 2.178249e+01 6.073405e+01
         vertex 1.553215e+02 2.243641e+01 5.949452e+01
      endloop
   endfacet
   facet normal 4.196916e-01 -7.938994e-01 4.399803e-01
      outer loop
         vertex 1.553215e+02 2.243641e+01 5.949452e+01
         vertex 1.527851e+02 2.178249e+01 6.073405e+01
         vertex 1.528532e+02 2.134034e+01 5.987130e+01
      endloop
   endfacet
   facet normal 4.248252e-01 -8.657069e-01 2.647170e-01
      outer loop
         vertex 1.553215e+02 2.243641e+01 5.949452e+01
         vertex 1.528532e+02 2.134034e+01 5.987130e+01
         vertex 1.553018e+02 2.215651e+01 5.861081e+01
      endloop
   endfacet
   facet normal 4.243886e-01 -8.662960e-01 2.634874e-01
      outer loop
         vertex 1.553018e+02 2.215651e+01 5.861081e+01
         vertex 1.528532e+02 2.134034e+01 5.987130e+01
         vertex 1.528455e+02 2.106458e+01 5.897705e+01
      endloop
   endfacet
   facet normal 4.153625e-01 -9.056052e-01 8.575132e-02
      outer loop
         vertex 1.553018e+02 2.215651e+01 5.861081e+01
         vertex 1.528455e+02 2.106458e+01 5.897705e+01
         vertex 1.527721e+02 2.094802e+01 5.810126e+01
      endloop
   endfacet
   facet normal 3.891246e-01 -9.168326e-01 8.944259e-02
      outer loop
         vertex 1.527721e+02 2.094802e+01 5.810126e+01
         vertex 1.528455e+02 2.106458e+01 5.897705e+01
         vertex 1.503488e+02 2.003480e+01 5.928301e+01
      endloop
   endfacet
   facet normal 3.882570e-01 -9.174150e-01 8.721337e-02
      outer loop
         vertex 1.527721e+02 2.094802e+01 5.810126e+01
         vertex 1.503488e+02 2.003480e+01 5.928301e+01
         vertex 1.502918e+02 1.992655e+01 5.839823e+01
      endloop
   endfacet
   facet normal 3.686722e-01 -9.252472e-01 8.943415e-02
      outer loop
         vertex 1.502918e+02 1.992655e+01 5.839823e+01
         vertex 1.503488e+02 2.003480e+01 5.928301e+01
         vertex 1.490951e+02 1.946134e+01 5.851837e+01
      endloop
   endfacet
   facet normal 2.143990e-01 -8.465816e-02 9.730704e-01
      outer loop
         vertex 1.563637e+02 2.766146e+01 6.223929e+01
         vertex 1.539503e+02 2.657409e+01 6.267644e+01
         vertex 1.567206e+02 2.688003e+01 6.209267e+01
      endloop
   endfacet
   facet normal 2.134212e-01 -7.369302e-02 9.741769e-01
      outer loop
         vertex 1.567206e+02 2.688003e+01 6.209267e+01
         vertex 1.539503e+02 2.657409e+01 6.267644e+01
         vertex 1.542950e+02 2.577656e+01 6.254060e+01
      endloop
   endfacet
   facet normal 2.822849e-01 -2.438884e-01 9.278112e-01
      outer loop
         vertex 1.567206e+02 2.688003e+01 6.209267e+01
         vertex 1.542950e+02 2.577656e+01 6.254060e+01
         vertex 1.570531e+02 2.608285e+01 6.178194e+01
      endloop
   endfacet
   facet normal 2.819533e-01 -2.349423e-01 9.302174e-01
      outer loop
         vertex 1.570531e+02 2.608285e+01 6.178194e+01
         vertex 1.542950e+02 2.577656e+01 6.254060e+01
         vertex 1.546189e+02 2.496256e+01 6.223682e+01
      endloop
   endfacet
   facet normal 3.435707e-01 -4.018885e-01 8.487902e-01
      outer loop
         vertex 1.570531e+02 2.608285e+01 6.178194e+01
         vertex 1.546189e+02 2.496256e+01 6.223682e+01
         vertex 1.573392e+02 2.531267e+01 6.130148e+01
      endloop
   endfacet
   facet normal 3.437568e-01 -3.953661e-01 8.517728e-01
      outer loop
         vertex 1.573392e+02 2.531267e+01 6.130148e+01
         vertex 1.546189e+02 2.496256e+01 6.223682e+01
         vertex 1.549005e+02 2.417668e+01 6.175838e+01
      endloop
   endfacet
   facet normal 3.940355e-01 -5.495977e-01 7.366671e-01
      outer loop
         vertex 1.573392e+02 2.531267e+01 6.130148e+01
         vertex 1.549005e+02 2.417668e+01 6.175838e+01
         vertex 1.575585e+02 2.461564e+01 6.066415e+01
      endloop
   endfacet
   facet normal 3.944964e-01 -5.455901e-01 7.393944e-01
      outer loop
         vertex 1.575585e+02 2.461564e+01 6.066415e+01
         vertex 1.549005e+02 2.417668e+01 6.175838e+01
         vertex 1.551197e+02 2.346718e+01 6.111791e+01
      endloop
   endfacet
   facet normal 4.301999e-01 -6.780993e-01 5.959106e-01
      outer loop
         vertex 1.575585e+02 2.461564e+01 6.066415e+01
         vertex 1.551197e+02 2.346718e+01 6.111791e+01
         vertex 1.576968e+02 2.403315e+01 5.990147e+01
      endloop
   endfacet
   facet normal 4.306165e-01 -6.763325e-01 5.976151e-01
      outer loop
         vertex 1.576968e+02 2.403315e+01 5.990147e+01
         vertex 1.551197e+02 2.346718e+01 6.111791e+01
         vertex 1.552620e+02 2.287718e+01 6.034768e+01
      endloop
   endfacet
   facet normal 4.500390e-01 -7.802734e-01 4.343251e-01
      outer loop
         vertex 1.576968e+02 2.403315e+01 5.990147e+01
         vertex 1.552620e+02 2.287718e+01 6.034768e+01
         vertex 1.577487e+02 2.359400e+01 5.905873e+01
      endloop
   endfacet
   facet normal 4.500828e-01 -7.801687e-01 4.344678e-01
      outer loop
         vertex 1.577487e+02 2.359400e+01 5.905873e+01
         vertex 1.552620e+02 2.287718e+01 6.034768e+01
         vertex 1.553215e+02 2.243641e+01 5.949452e+01
      endloop
   endfacet
   facet normal 4.533443e-01 -8.520622e-01 2.616658e-01
      outer loop
         vertex 1.577487e+02 2.359400e+01 5.905873e+01
         vertex 1.553215e+02 2.243641e+01 5.949452e+01
         vertex 1.577184e+02 2.330996e+01 5.818643e+01
      endloop
   endfacet
   facet normal 4.527494e-01 -8.528786e-01 2.600307e-01
      outer loop
         vertex 1.577184e+02 2.330996e+01 5.818643e+01
         vertex 1.553215e+02 2.243641e+01 5.949452e+01
         vertex 1.553018e+02 2.215651e+01 5.861081e+01
      endloop
   endfacet
   facet normal 4.621966e-01 -8.799900e-01 1.095073e-01
      outer loop
         vertex 1.588447e+02 2.379122e+01 5.709584e+01
         vertex 1.600958e+02 2.452429e+01 5.770605e+01
         vertex 1.576174e+02 2.317590e+01 5.733135e+01
      endloop
   endfacet
   facet normal 2.417469e-01 -8.319620e-02 9.667662e-01
      outer loop
         vertex 1.587395e+02 2.880655e+01 6.174376e+01
         vertex 1.563637e+02 2.766146e+01 6.223929e+01
         vertex 1.591070e+02 2.804185e+01 6.158604e+01
      endloop
   endfacet
   facet normal 2.404610e-01 -7.180438e-02 9.679993e-01
      outer loop
         vertex 1.591070e+02 2.804185e+01 6.158604e+01
         vertex 1.563637e+02 2.766146e+01 6.223929e+01
         vertex 1.567206e+02 2.688003e+01 6.209267e+01
      endloop
   endfacet
   facet normal 3.115817e-01 -2.389600e-01 9.196820e-01
      outer loop
         vertex 1.591070e+02 2.804185e+01 6.158604e+01
         vertex 1.567206e+02 2.688003e+01 6.209267e+01
         vertex 1.594469e+02 2.726212e+01 6.126830e+01
      endloop
   endfacet
   facet normal 3.110511e-01 -2.297069e-01 9.222158e-01
      outer loop
         vertex 1.594469e+02 2.726212e+01 6.126830e+01
         vertex 1.567206e+02 2.688003e+01 6.209267e+01
         vertex 1.570531e+02 2.608285e+01 6.178194e+01
      endloop
   endfacet
   facet normal 3.740619e-01 -3.935172e-01 8.397749e-01
      outer loop
         vertex 1.594469e+02 2.726212e+01 6.126830e+01
         vertex 1.570531e+02 2.608285e+01 6.178194e+01
         vertex 1.597365e+02 2.650822e+01 6.078602e+01
      endloop
   endfacet
   facet normal 3.741400e-01 -3.868248e-01 8.428439e-01
      outer loop
         vertex 1.597365e+02 2.650822e+01 6.078602e+01
         vertex 1.570531e+02 2.608285e+01 6.178194e+01
         vertex 1.573392e+02 2.531267e+01 6.130148e+01
      endloop
   endfacet
   facet normal 4.249173e-01 -5.382243e-01 7.278461e-01
      outer loop
         vertex 1.597365e+02 2.650822e+01 6.078602e+01
         vertex 1.573392e+02 2.531267e+01 6.130148e+01
         vertex 1.599557e+02 2.582420e+01 6.015226e+01
      endloop
   endfacet
   facet normal 4.253273e-01 -5.341843e-01 7.305777e-01
      outer loop
         vertex 1.599557e+02 2.582420e+01 6.015226e+01
         vertex 1.573392e+02 2.531267e+01 6.130148e+01
         vertex 1.575585e+02 2.461564e+01 6.066415e+01
      endloop
   endfacet
   facet normal 4.606869e-01 -6.645803e-01 5.883032e-01
      outer loop
         vertex 1.599557e+02 2.582420e+01 6.015226e+01
         vertex 1.575585e+02 2.461564e+01 6.066415e+01
         vertex 1.600903e+02 2.524963e+01 5.939775e+01
      endloop
   endfacet
   facet normal 4.610649e-01 -6.629008e-01 5.898997e-01
      outer loop
         vertex 1.600903e+02 2.524963e+01 5.939775e+01
         vertex 1.575585e+02 2.461564e+01 6.066415e+01
         vertex 1.576968e+02 2.403315e+01 5.990147e+01
      endloop
   endfacet
   facet normal 4.794141e-01 -7.657524e-01 4.287019e-01
      outer loop
         vertex 1.600903e+02 2.524963e+01 5.939775e+01
         vertex 1.576968e+02 2.403315e+01 5.990147e+01
         vertex 1.601355e+02 2.481237e+01 5.856615e+01
      endloop
   endfacet
   facet normal 4.793843e-01 -7.658255e-01 4.286048e-01
      outer loop
         vertex 1.601355e+02 2.481237e+01 5.856615e+01
         vertex 1.576968e+02 2.403315e+01 5.990147e+01
         vertex 1.577487e+02 2.359400e+01 5.905873e+01
      endloop
   endfacet
   facet normal 4.809903e-01 -8.377754e-01 2.584199e-01
      outer loop
         vertex 1.601355e+02 2.481237e+01 5.856615e+01
         vertex 1.577487e+02 2.359400e+01 5.905873e+01
         vertex 1.600958e+02 2.452429e+01 5.770605e+01
      endloop
   endfacet
   facet normal 4.802479e-01 -8.388163e-01 2.564159e-01
      outer loop
         vertex 1.600958e+02 2.452429e+01 5.770605e+01
         vertex 1.577487e+02 2.359400e+01 5.905873e+01
         vertex 1.577184e+02 2.330996e+01 5.818643e+01
      endloop
   endfacet
   facet normal 4.665419e-01 -8.805999e-01 8.296023e-02
      outer loop
         vertex 1.600958e+02 2.452429e+01 5.770605e+01
         vertex 1.577184e+02 2.330996e+01 5.818643e+01
         vertex 1.576174e+02 2.317590e+01 5.733135e+01
      endloop
   endfacet
   facet normal 4.416105e-01 -8.928973e-01 8.783300e-02
      outer loop
         vertex 1.576174e+02 2.317590e+01 5.733135e+01
         vertex 1.577184e+02 2.330996e+01 5.818643e+01
         vertex 1.553018e+02 2.215651e+01 5.861081e+01
      endloop
   endfacet
   facet normal 4.402220e-01 -8.939021e-01 8.451951e-02
      outer loop
         vertex 1.576174e+02 2.317590e+01 5.733135e+01
         vertex 1.553018e+02 2.215651e+01 5.861081e+01
         vertex 1.552138e+02 2.203131e+01 5.774495e+01
      endloop
   endfacet
   facet normal 4.213435e-01 -9.026504e-01 8.770318e-02
      outer loop
         vertex 1.552138e+02 2.203131e+01 5.774495e+01
         vertex 1.553018e+02 2.215651e+01 5.861081e+01
         vertex 1.540282e+02 2.149548e+01 5.792594e+01
      endloop
   endfacet
   facet normal 2.684573e-01 -8.172845e-02 9.598183e-01
      outer loop
         vertex 1.610782e+02 3.000888e+01 6.119200e+01
         vertex 1.587395e+02 2.880655e+01 6.174376e+01
         vertex 1.614550e+02 2.926143e+01 6.102298e+01
      endloop
   endfacet
   facet normal 2.668540e-01 -6.997927e-02 9.611929e-01
      outer loop
         vertex 1.614550e+02 2.926143e+01 6.102298e+01
         vertex 1.587395e+02 2.880655e+01 6.174376e+01
         vertex 1.591070e+02 2.804185e+01 6.158604e+01
      endloop
   endfacet
   facet normal 3.399461e-01 -2.339199e-01 9.108886e-01
      outer loop
         vertex 1.614550e+02 2.926143e+01 6.102298e+01
         vertex 1.591070e+02 2.804185e+01 6.158604e+01
         vertex 1.618009e+02 2.849970e+01 6.069826e+01
      endloop
   endfacet
   facet normal 3.392085e-01 -2.244197e-01 9.135499e-01
      outer loop
         vertex 1.618009e+02 2.849970e+01 6.069826e+01
         vertex 1.591070e+02 2.804185e+01 6.158604e+01
         vertex 1.594469e+02 2.726212e+01 6.126830e+01
      endloop
   endfacet
   facet normal 4.033904e-01 -3.849269e-01 8.301250e-01
      outer loop
         vertex 1.618009e+02 2.849970e+01 6.069826e+01
         vertex 1.594469e+02 2.726212e+01 6.126830e+01
         vertex 1.620933e+02 2.776262e+01 6.021439e+01
      endloop
   endfacet
   facet normal 4.033535e-01 -3.781040e-01 8.332726e-01
      outer loop
         vertex 1.620933e+02 2.776262e+01 6.021439e+01
         vertex 1.594469e+02 2.726212e+01 6.126830e+01
         vertex 1.597365e+02 2.650822e+01 6.078602e+01
      endloop
   endfacet
   facet normal 4.545070e-01 -5.265301e-01 7.184632e-01
      outer loop
         vertex 1.620933e+02 2.776262e+01 6.021439e+01
         vertex 1.597365e+02 2.650822e+01 6.078602e+01
         vertex 1.623120e+02 2.709210e+01 5.958463e+01
      endloop
   endfacet
   facet normal 4.548620e-01 -5.224702e-01 7.211973e-01
      outer loop
         vertex 1.623120e+02 2.709210e+01 5.958463e+01
         vertex 1.597365e+02 2.650822e+01 6.078602e+01
         vertex 1.599557e+02 2.582420e+01 6.015226e+01
      endloop
   endfacet
   facet normal 4.898759e-01 -6.506475e-01 5.802409e-01
      outer loop
         vertex 1.623120e+02 2.709210e+01 5.958463e+01
         vertex 1.599557e+02 2.582420e+01 6.015226e+01
         vertex 1.624433e+02 2.652588e+01 5.883885e+01
      endloop
   endfacet
   facet normal 4.902177e-01 -6.490460e-01 5.817439e-01
      outer loop
         vertex 1.624433e+02 2.652588e+01 5.883885e+01
         vertex 1.599557e+02 2.582420e+01 6.015226e+01
         vertex 1.600903e+02 2.524963e+01 5.939775e+01
      endloop
   endfacet
   facet normal 5.076114e-01 -7.507414e-01 4.227506e-01
      outer loop
         vertex 1.624433e+02 2.652588e+01 5.883885e+01
         vertex 1.600903e+02 2.524963e+01 5.939775e+01
         vertex 1.624826e+02 2.609082e+01 5.801905e+01
      endloop
   endfacet
   facet normal 5.075214e-01 -7.509679e-01 4.224562e-01
      outer loop
         vertex 1.624826e+02 2.609082e+01 5.801905e+01
         vertex 1.600903e+02 2.524963e+01 5.939775e+01
         vertex 1.601355e+02 2.481237e+01 5.856615e+01
      endloop
   endfacet
   facet normal 5.076891e-01 -8.229384e-01 2.549984e-01
      outer loop
         vertex 1.624826e+02 2.609082e+01 5.801905e+01
         vertex 1.601355e+02 2.481237e+01 5.856615e+01
         vertex 1.624349e+02 2.579886e+01 5.717182e+01
      endloop
   endfacet
   facet normal 5.068188e-01 -8.241897e-01 2.526779e-01
      outer loop
         vertex 1.624349e+02 2.579886e+01 5.717182e+01
         vertex 1.601355e+02 2.481237e+01 5.856615e+01
         vertex 1.600958e+02 2.452429e+01 5.770605e+01
      endloop
   endfacet
   facet normal 4.917969e-01 -8.664425e-01 8.609999e-02
      outer loop
         vertex 1.624349e+02 2.579886e+01 5.717182e+01
         vertex 1.600958e+02 2.452429e+01 5.770605e+01
         vertex 1.623127e+02 2.564687e+01 5.634047e+01
      endloop
   endfacet
   facet normal 4.899415e-01 -8.679006e-01 8.188920e-02
      outer loop
         vertex 1.623127e+02 2.564687e+01 5.634047e+01
         vertex 1.600958e+02 2.452429e+01 5.770605e+01
         vertex 1.599835e+02 2.438126e+01 5.686251e+01
      endloop
   endfacet
   facet normal 2.944589e-01 -8.023938e-02 9.522897e-01
      outer loop
         vertex 1.633805e+02 3.126795e+01 6.058620e+01
         vertex 1.610782e+02 3.000888e+01 6.119200e+01
         vertex 1.637652e+02 3.053824e+01 6.040576e+01
      endloop
   endfacet
   facet normal 2.925399e-01 -6.823170e-02 9.538159e-01
      outer loop
         vertex 1.637652e+02 3.053824e+01 6.040576e+01
         vertex 1.610782e+02 3.000888e+01 6.119200e+01
         vertex 1.614550e+02 2.926143e+01 6.102298e+01
      endloop
   endfacet
   facet normal 3.673031e-01 -2.287841e-01 9.015244e-01
      outer loop
         vertex 1.637652e+02 3.053824e+01 6.040576e+01
         vertex 1.614550e+02 2.926143e+01 6.102298e+01
         vertex 1.641161e+02 2.979498e+01 6.007416e+01
      endloop
   endfacet
   facet normal 3.663571e-01 -2.191196e-01 9.043058e-01
      outer loop
         vertex 1.641161e+02 2.979498e+01 6.007416e+01
         vertex 1.614550e+02 2.926143e+01 6.102298e+01
         vertex 1.618009e+02 2.849970e+01 6.069826e+01
      endloop
   endfacet
   facet normal 4.314839e-01 -3.761743e-01 8.199479e-01
      outer loop
         vertex 1.641161e+02 2.979498e+01 6.007416e+01
         vertex 1.618009e+02 2.849970e+01 6.069826e+01
         vertex 1.644106e+02 2.907519e+01 5.958898e+01
      endloop
   endfacet
   facet normal 4.313277e-01 -3.692724e-01 8.231612e-01
      outer loop
         vertex 1.644106e+02 2.907519e+01 5.958898e+01
         vertex 1.618009e+02 2.849970e+01 6.069826e+01
         vertex 1.620933e+02 2.776262e+01 6.021439e+01
      endloop
   endfacet
   facet normal 4.827388e-01 -5.146139e-01 7.086154e-01
      outer loop
         vertex 1.644106e+02 2.907519e+01 5.958898e+01
         vertex 1.620933e+02 2.776262e+01 6.021439e+01
         vertex 1.646286e+02 2.841862e+01 5.896364e+01
      endloop
   endfacet
   facet normal 4.830356e-01 -5.105450e-01 7.113511e-01
      outer loop
         vertex 1.646286e+02 2.841862e+01 5.896364e+01
         vertex 1.620933e+02 2.776262e+01 6.021439e+01
         vertex 1.623120e+02 2.709210e+01 5.958463e+01
      endloop
   endfacet
   facet normal 5.177039e-01 -6.364166e-01 5.718011e-01
      outer loop
         vertex 1.646286e+02 2.841862e+01 5.896364e+01
         vertex 1.623120e+02 2.709210e+01 5.958463e+01
         vertex 1.647568e+02 2.786116e+01 5.822710e+01
      endloop
   endfacet
   facet normal 5.180122e-01 -6.348826e-01 5.732254e-01
      outer loop
         vertex 1.647568e+02 2.786116e+01 5.822710e+01
         vertex 1.623120e+02 2.709210e+01 5.958463e+01
         vertex 1.624433e+02 2.652588e+01 5.883885e+01
      endloop
   endfacet
   facet normal 5.345662e-01 -7.353604e-01 4.165143e-01
      outer loop
         vertex 1.647568e+02 2.786116e+01 5.822710e+01
         vertex 1.624433e+02 2.652588e+01 5.883885e+01
         vertex 1.647910e+02 2.742865e+01 5.741965e+01
      endloop
   endfacet
   facet normal 5.344296e-01 -7.357153e-01 4.160626e-01
      outer loop
         vertex 1.647910e+02 2.742865e+01 5.741965e+01
         vertex 1.624433e+02 2.652588e+01 5.883885e+01
         vertex 1.624826e+02 2.609082e+01 5.801905e+01
      endloop
   endfacet
   facet normal 5.333681e-01 -8.076669e-01 2.513814e-01
      outer loop
         vertex 1.647910e+02 2.742865e+01 5.741965e+01
         vertex 1.624826e+02 2.609082e+01 5.801905e+01
         vertex 1.647363e+02 2.713305e+01 5.658588e+01
      endloop
   endfacet
   facet normal 5.324058e-01 -8.090895e-01 2.488337e-01
      outer loop
         vertex 1.647363e+02 2.713305e+01 5.658588e+01
         vertex 1.624826e+02 2.609082e+01 5.801905e+01
         vertex 1.624349e+02 2.579886e+01 5.717182e+01
      endloop
   endfacet
   facet normal 5.158551e-01 -8.524359e-01 8.512668e-02
      outer loop
         vertex 1.647363e+02 2.713305e+01 5.658588e+01
         vertex 1.624349e+02 2.579886e+01 5.717182e+01
         vertex 1.646056e+02 2.697220e+01 5.576730e+01
      endloop
   endfacet
   facet normal 5.138277e-01 -8.540984e-01 8.060443e-02
      outer loop
         vertex 1.646056e+02 2.697220e+01 5.576730e+01
         vertex 1.624349e+02 2.579886e+01 5.717182e+01
         vertex 1.623127e+02 2.564687e+01 5.634047e+01
      endloop
   endfacet
   facet normal 2.262386e-01 -9.740238e-01 -9.678301e-03
      outer loop
         vertex 1.442870e+02 1.785619e+01 4.309085e+01
         vertex 1.443054e+02 1.786237e+01 4.290002e+01
         vertex 1.452127e+02 1.807120e+01 4.309085e+01
      endloop
   endfacet
   facet normal -3.847985e-01 -9.357425e-02 -9.182450e-01
      outer loop
         vertex 1.415663e+02 2.281200e+01 3.853374e+01
         vertex 1.418176e+02 2.281200e+01 3.842845e+01
         vertex 1.420664e+02 2.203734e+01 3.840314e+01
      endloop
   endfacet
   facet normal -3.598320e-01 -9.318998e-01 -4.564692e-02
      outer loop
         vertex 1.413262e+02 1.837293e+01 4.296353e+01
         vertex 1.413312e+02 1.838118e+01 4.275558e+01
         vertex 1.415702e+02 1.830658e+01 4.239500e+01
      endloop
   endfacet
   facet normal -4.176431e-01 -9.041731e-01 -8.969564e-02
      outer loop
         vertex 1.415702e+02 1.830658e+01 4.239500e+01
         vertex 1.413312e+02 1.838118e+01 4.275558e+01
         vertex 1.413315e+02 1.840159e+01 4.254840e+01
      endloop
   endfacet
   facet normal -4.792870e-01 -8.498315e-01 -2.192497e-01
      outer loop
         vertex 1.415702e+02 1.830658e+01 4.239500e+01
         vertex 1.413315e+02 1.840159e+01 4.254840e+01
         vertex 1.407639e+02 1.879370e+01 4.226944e+01
      endloop
   endfacet
   facet normal -4.427755e-02 -2.719038e-02 -9.986492e-01
      outer loop
         vertex 1.429965e+02 2.234909e+01 3.815199e+01
         vertex 1.428984e+02 2.281200e+01 3.814374e+01
         vertex 1.439084e+02 2.281200e+01 3.809896e+01
      endloop
   endfacet
   facet normal -9.796652e-01 -1.344982e-01 -1.488835e-01
      outer loop
         vertex 1.388371e+02 2.147245e+01 4.254840e+01
         vertex 1.386532e+02 2.281200e+01 4.254840e+01
         vertex 1.387165e+02 2.281200e+01 4.213211e+01
      endloop
   endfacet
   facet normal -5.196665e-01 -8.444866e-01 -1.295725e-01
      outer loop
         vertex 1.413315e+02 1.840159e+01 4.254840e+01
         vertex 1.407196e+02 1.877815e+01 4.254840e+01
         vertex 1.407639e+02 1.879370e+01 4.226944e+01
      endloop
   endfacet
   facet normal -6.285803e-01 -7.645960e-01 -1.424071e-01
      outer loop
         vertex 1.407639e+02 1.879370e+01 4.226944e+01
         vertex 1.407196e+02 1.877815e+01 4.254840e+01
         vertex 1.402277e+02 1.918252e+01 4.254840e+01
      endloop
   endfacet
   facet normal -6.406602e-01 -7.421446e-01 -1.969157e-01
      outer loop
         vertex 1.407639e+02 1.879370e+01 4.226944e+01
         vertex 1.402277e+02 1.918252e+01 4.254840e+01
         vertex 1.400609e+02 1.942600e+01 4.217355e+01
      endloop
   endfacet
   facet normal -7.746081e-01 -6.292009e-01 -6.394156e-02
      outer loop
         vertex 1.400609e+02 1.942600e+01 4.217355e+01
         vertex 1.402277e+02 1.918252e+01 4.254840e+01
         vertex 1.393752e+02 2.023203e+01 4.254840e+01
      endloop
   endfacet
   facet normal -7.840395e-01 -6.073174e-01 -1.282483e-01
      outer loop
         vertex 1.400609e+02 1.942600e+01 4.217355e+01
         vertex 1.393752e+02 2.023203e+01 4.254840e+01
         vertex 1.394866e+02 2.018062e+01 4.211081e+01
      endloop
   endfacet
   facet normal -8.830234e-01 -4.360553e-01 -1.735668e-01
      outer loop
         vertex 1.394866e+02 2.018062e+01 4.211081e+01
         vertex 1.393752e+02 2.023203e+01 4.254840e+01
         vertex 1.389925e+02 2.100702e+01 4.254840e+01
      endloop
   endfacet
   facet normal -8.818165e-01 -4.458230e-01 -1.537578e-01
      outer loop
         vertex 1.394866e+02 2.018062e+01 4.211081e+01
         vertex 1.389925e+02 2.100702e+01 4.254840e+01
         vertex 1.390618e+02 2.103030e+01 4.208347e+01
      endloop
   endfacet
   facet normal -9.370125e-01 -3.128587e-01 -1.553286e-01
      outer loop
         vertex 1.390618e+02 2.103030e+01 4.208347e+01
         vertex 1.389925e+02 2.100702e+01 4.254840e+01
         vertex 1.388371e+02 2.147245e+01 4.254840e+01
      endloop
   endfacet
   facet normal -9.424536e-01 -2.660738e-01 -2.024499e-01
      outer loop
         vertex 1.390618e+02 2.103030e+01 4.208347e+01
         vertex 1.388371e+02 2.147245e+01 4.254840e+01
         vertex 1.388018e+02 2.194435e+01 4.209252e+01
      endloop
   endfacet
   facet normal -9.950326e-01 -9.681497e-02 -2.317492e-02
      outer loop
         vertex 1.388018e+02 2.194435e+01 4.209252e+01
         vertex 1.388371e+02 2.147245e+01 4.254840e+01
         vertex 1.387165e+02 2.281200e+01 4.213211e+01
      endloop
   endfacet
   facet normal -3.459496e-02 -4.622760e-02 -9.983317e-01
      outer loop
         vertex 1.439084e+02 2.281200e+01 3.809896e+01
         vertex 1.439555e+02 2.267052e+01 3.810387e+01
         vertex 1.429965e+02 2.234909e+01 3.815199e+01
      endloop
   endfacet
   facet normal -5.732430e-03 -1.312917e-01 -9.913272e-01
      outer loop
         vertex 1.429965e+02 2.234909e+01 3.815199e+01
         vertex 1.439555e+02 2.267052e+01 3.810387e+01
         vertex 1.441891e+02 2.195761e+01 3.819694e+01
      endloop
   endfacet
   facet normal -1.343758e-02 -1.543750e-01 -9.879209e-01
      outer loop
         vertex 1.429965e+02 2.234909e+01 3.815199e+01
         vertex 1.441891e+02 2.195761e+01 3.819694e+01
         vertex 1.433145e+02 2.146361e+01 3.828603e+01
      endloop
   endfacet
   facet normal 2.464411e-02 -2.195227e-01 -9.752961e-01
      outer loop
         vertex 1.441891e+02 2.195761e+01 3.819694e+01
         vertex 1.442475e+02 2.177632e+01 3.823922e+01
         vertex 1.433145e+02 2.146361e+01 3.828603e+01
      endloop
   endfacet
   facet normal 5.504187e-02 -3.064722e-01 -9.502869e-01
      outer loop
         vertex 1.433145e+02 2.146361e+01 3.828603e+01
         vertex 1.442475e+02 2.177632e+01 3.823922e+01
         vertex 1.444660e+02 2.108418e+01 3.847510e+01
      endloop
   endfacet
   facet normal 4.666070e-02 -3.284586e-01 -9.433651e-01
      outer loop
         vertex 1.433145e+02 2.146361e+01 3.828603e+01
         vertex 1.444660e+02 2.108418e+01 3.847510e+01
         vertex 1.436437e+02 2.062685e+01 3.859366e+01
      endloop
   endfacet
   facet normal 8.473212e-02 -3.900525e-01 -9.168858e-01
      outer loop
         vertex 1.444660e+02 2.108418e+01 3.847510e+01
         vertex 1.445170e+02 2.091954e+01 3.854984e+01
         vertex 1.436437e+02 2.062685e+01 3.859366e+01
      endloop
   endfacet
   facet normal 1.150630e-01 -4.739743e-01 -8.729885e-01
      outer loop
         vertex 1.436437e+02 2.062685e+01 3.859366e+01
         vertex 1.445170e+02 2.091954e+01 3.854984e+01
         vertex 1.447213e+02 2.024293e+01 3.894412e+01
      endloop
   endfacet
   facet normal 1.066234e-01 -4.903501e-01 -8.649787e-01
      outer loop
         vertex 1.436437e+02 2.062685e+01 3.859366e+01
         vertex 1.447213e+02 2.024293e+01 3.894412e+01
         vertex 1.439722e+02 1.986903e+01 3.906375e+01
      endloop
   endfacet
   facet normal -4.421011e-01 -8.968785e-01 -1.247166e-02
      outer loop
         vertex 1.413240e+02 1.837226e+01 4.309085e+01
         vertex 1.413262e+02 1.837293e+01 4.296353e+01
         vertex 1.415030e+02 1.828404e+01 4.309085e+01
      endloop
   endfacet
   facet normal -4.081844e-01 -9.102945e-01 -6.891611e-02
      outer loop
         vertex 1.415030e+02 1.828404e+01 4.309085e+01
         vertex 1.413262e+02 1.837293e+01 4.296353e+01
         vertex 1.415702e+02 1.830658e+01 4.239500e+01
      endloop
   endfacet
   facet normal -3.355066e-01 -9.399387e-01 -6.285424e-02
      outer loop
         vertex 1.415030e+02 1.828404e+01 4.309085e+01
         vertex 1.415702e+02 1.830658e+01 4.239500e+01
         vertex 1.423980e+02 1.796456e+01 4.309085e+01
      endloop
   endfacet
   facet normal -3.355058e-01 -9.399389e-01 -6.285519e-02
      outer loop
         vertex 1.423980e+02 1.796456e+01 4.309085e+01
         vertex 1.415702e+02 1.830658e+01 4.239500e+01
         vertex 1.424507e+02 1.798222e+01 4.254570e+01
      endloop
   endfacet
   facet normal -2.269129e-01 -9.724491e-01 -5.341586e-02
      outer loop
         vertex 1.423980e+02 1.796456e+01 4.309085e+01
         vertex 1.424507e+02 1.798222e+01 4.254570e+01
         vertex 1.425774e+02 1.792270e+01 4.309085e+01
      endloop
   endfacet
   facet normal -1.466100e-01 -9.864515e-01 -7.361307e-02
      outer loop
         vertex 1.425774e+02 1.792270e+01 4.309085e+01
         vertex 1.424507e+02 1.798222e+01 4.254570e+01
         vertex 1.433735e+02 1.783234e+01 4.271609e+01
      endloop
   endfacet
   facet normal -1.335295e-01 -9.900243e-01 -4.496372e-02
      outer loop
         vertex 1.425774e+02 1.792270e+01 4.309085e+01
         vertex 1.433735e+02 1.783234e+01 4.271609e+01
         vertex 1.433373e+02 1.782021e+01 4.309085e+01
      endloop
   endfacet
   facet normal 3.784129e-02 -9.988720e-01 -2.868471e-02
      outer loop
         vertex 1.443054e+02 1.786237e+01 4.290002e+01
         vertex 1.442870e+02 1.785619e+01 4.309085e+01
         vertex 1.433735e+02 1.783234e+01 4.271609e+01
      endloop
   endfacet
   facet normal 9.323724e-02 -9.819119e-01 -1.647902e-01
      outer loop
         vertex 1.433735e+02 1.783234e+01 4.271609e+01
         vertex 1.442870e+02 1.785619e+01 4.309085e+01
         vertex 1.439050e+02 1.781992e+01 4.309085e+01
      endloop
   endfacet
   facet normal -5.082895e-04 -9.994743e-01 -3.241833e-02
      outer loop
         vertex 1.433735e+02 1.783234e+01 4.271609e+01
         vertex 1.439050e+02 1.781992e+01 4.309085e+01
         vertex 1.433373e+02 1.782021e+01 4.309085e+01
      endloop
   endfacet
   facet normal -9.650036e-01 -8.357793e-02 -2.485616e-01
      outer loop
         vertex 1.387165e+02 2.281200e+01 4.213211e+01
         vertex 1.388639e+02 2.281200e+01 4.155964e+01
         vertex 1.388018e+02 2.194435e+01 4.209252e+01
      endloop
   endfacet
   facet normal -9.490620e-01 -1.127619e-01 -2.942213e-01
      outer loop
         vertex 1.388018e+02 2.194435e+01 4.209252e+01
         vertex 1.388639e+02 2.281200e+01 4.155964e+01
         vertex 1.390872e+02 2.204001e+01 4.113523e+01
      endloop
   endfacet
   facet normal -9.184304e-01 -2.582779e-01 -2.996299e-01
      outer loop
         vertex 1.388018e+02 2.194435e+01 4.209252e+01
         vertex 1.390872e+02 2.204001e+01 4.113523e+01
         vertex 1.390618e+02 2.103030e+01 4.208347e+01
      endloop
   endfacet
   facet normal -9.184298e-01 -2.582788e-01 -2.996309e-01
      outer loop
         vertex 1.390618e+02 2.103030e+01 4.208347e+01
         vertex 1.390872e+02 2.204001e+01 4.113523e+01
         vertex 1.393498e+02 2.112683e+01 4.111750e+01
      endloop
   endfacet
   facet normal -8.502458e-01 -4.346456e-01 -2.969265e-01
      outer loop
         vertex 1.390618e+02 2.103030e+01 4.208347e+01
         vertex 1.393498e+02 2.112683e+01 4.111750e+01
         vertex 1.394866e+02 2.018062e+01 4.211081e+01
      endloop
   endfacet
   facet normal -8.502483e-01 -4.346427e-01 -2.969234e-01
      outer loop
         vertex 1.394866e+02 2.018062e+01 4.211081e+01
         vertex 1.393498e+02 2.112683e+01 4.111750e+01
         vertex 1.397668e+02 2.027452e+01 4.117105e+01
      endloop
   endfacet
   facet normal -7.515986e-01 -5.955465e-01 -2.835910e-01
      outer loop
         vertex 1.394866e+02 2.018062e+01 4.211081e+01
         vertex 1.397668e+02 2.027452e+01 4.117105e+01
         vertex 1.400609e+02 1.942600e+01 4.217355e+01
      endloop
   endfacet
   facet normal -7.515955e-01 -5.955490e-01 -2.835940e-01
      outer loop
         vertex 1.400609e+02 1.942600e+01 4.217355e+01
         vertex 1.397668e+02 2.027452e+01 4.117105e+01
         vertex 1.403232e+02 1.951389e+01 4.129397e+01
      endloop
   endfacet
   facet normal -6.258746e-01 -7.352838e-01 -2.600746e-01
      outer loop
         vertex 1.400609e+02 1.942600e+01 4.217355e+01
         vertex 1.403232e+02 1.951389e+01 4.129397e+01
         vertex 1.407639e+02 1.879370e+01 4.226944e+01
      endloop
   endfacet
   facet normal -6.258769e-01 -7.352825e-01 -2.600725e-01
      outer loop
         vertex 1.407639e+02 1.879370e+01 4.226944e+01
         vertex 1.403232e+02 1.951389e+01 4.129397e+01
         vertex 1.409987e+02 1.887241e+01 4.148179e+01
      endloop
   endfacet
   facet normal -4.774312e-01 -8.487983e-01 -2.271582e-01
      outer loop
         vertex 1.407639e+02 1.879370e+01 4.226944e+01
         vertex 1.409987e+02 1.887241e+01 4.148179e+01
         vertex 1.415702e+02 1.830658e+01 4.239500e+01
      endloop
   endfacet
   facet normal -4.774322e-01 -8.487980e-01 -2.271574e-01
      outer loop
         vertex 1.415702e+02 1.830658e+01 4.239500e+01
         vertex 1.409987e+02 1.887241e+01 4.148179e+01
         vertex 1.417691e+02 1.837325e+01 4.172775e+01
      endloop
   endfacet
   facet normal -3.114644e-01 -9.318809e-01 -1.859784e-01
      outer loop
         vertex 1.415702e+02 1.830658e+01 4.239500e+01
         vertex 1.417691e+02 1.837325e+01 4.172775e+01
         vertex 1.424507e+02 1.798222e+01 4.254570e+01
      endloop
   endfacet
   facet normal -3.114613e-01 -9.318814e-01 -1.859811e-01
      outer loop
         vertex 1.424507e+02 1.798222e+01 4.254570e+01
         vertex 1.417691e+02 1.837325e+01 4.172775e+01
         vertex 1.426065e+02 1.803445e+01 4.202295e+01
      endloop
   endfacet
   facet normal -1.338948e-01 -9.813421e-01 -1.379850e-01
      outer loop
         vertex 1.424507e+02 1.798222e+01 4.254570e+01
         vertex 1.426065e+02 1.803445e+01 4.202295e+01
         vertex 1.433735e+02 1.783234e+01 4.271609e+01
      endloop
   endfacet
   facet normal -1.338981e-01 -9.813422e-01 -1.379814e-01
      outer loop
         vertex 1.433735e+02 1.783234e+01 4.271609e+01
         vertex 1.426065e+02 1.803445e+01 4.202295e+01
         vertex 1.434807e+02 1.786825e+01 4.235674e+01
      endloop
   endfacet
   facet normal 4.881623e-02 -9.951938e-01 -8.488995e-02
      outer loop
         vertex 1.433735e+02 1.783234e+01 4.271609e+01
         vertex 1.434807e+02 1.786825e+01 4.235674e+01
         vertex 1.443054e+02 1.786237e+01 4.290002e+01
      endloop
   endfacet
   facet normal 4.881964e-02 -9.951932e-01 -8.489512e-02
      outer loop
         vertex 1.443054e+02 1.786237e+01 4.290002e+01
         vertex 1.434807e+02 1.786825e+01 4.235674e+01
         vertex 1.443600e+02 1.788065e+01 4.271704e+01
      endloop
   endfacet
   facet normal 2.299436e-01 -9.727821e-01 -2.865254e-02
      outer loop
         vertex 1.443054e+02 1.786237e+01 4.290002e+01
         vertex 1.443600e+02 1.788065e+01 4.271704e+01
         vertex 1.452127e+02 1.807120e+01 4.309085e+01
      endloop
   endfacet
   facet normal -7.326574e-01 -1.960124e-01 -6.517609e-01
      outer loop
         vertex 1.395499e+02 2.219507e+01 4.025833e+01
         vertex 1.401707e+02 2.240315e+01 3.949788e+01
         vertex 1.398166e+02 2.128329e+01 4.023265e+01
      endloop
   endfacet
   facet normal -7.326557e-01 -1.960139e-01 -6.517624e-01
      outer loop
         vertex 1.398166e+02 2.128329e+01 4.023265e+01
         vertex 1.401707e+02 2.240315e+01 3.949788e+01
         vertex 1.404431e+02 2.149326e+01 3.946530e+01
      endloop
   endfacet
   facet normal -6.661489e-01 -3.729412e-01 -6.458796e-01
      outer loop
         vertex 1.398166e+02 2.128329e+01 4.023265e+01
         vertex 1.404431e+02 2.149326e+01 3.946530e+01
         vertex 1.402210e+02 2.042674e+01 4.031022e+01
      endloop
   endfacet
   facet normal -6.661521e-01 -3.729390e-01 -6.458776e-01
      outer loop
         vertex 1.402210e+02 2.042674e+01 4.031022e+01
         vertex 1.404431e+02 2.149326e+01 3.946530e+01
         vertex 1.408304e+02 2.063101e+01 3.956370e+01
      endloop
   endfacet
   facet normal -5.757682e-01 -5.366142e-01 -6.168761e-01
      outer loop
         vertex 1.402210e+02 2.042674e+01 4.031022e+01
         vertex 1.408304e+02 2.063101e+01 3.956370e+01
         vertex 1.407482e+02 1.965637e+01 4.048825e+01
      endloop
   endfacet
   facet normal -5.757676e-01 -5.366146e-01 -6.168764e-01
      outer loop
         vertex 1.407482e+02 1.965637e+01 4.048825e+01
         vertex 1.408304e+02 2.063101e+01 3.956370e+01
         vertex 1.413187e+02 1.984756e+01 3.978952e+01
      endloop
   endfacet
   facet normal -4.646288e-01 -6.812368e-01 -5.657177e-01
      outer loop
         vertex 1.407482e+02 1.965637e+01 4.048825e+01
         vertex 1.413187e+02 1.984756e+01 3.978952e+01
         vertex 1.413794e+02 1.899999e+01 4.076030e+01
      endloop
   endfacet
   facet normal -4.646282e-01 -6.812370e-01 -5.657179e-01
      outer loop
         vertex 1.413794e+02 1.899999e+01 4.076030e+01
         vertex 1.413187e+02 1.984756e+01 3.978952e+01
         vertex 1.418902e+02 1.917120e+01 4.013461e+01
      endloop
   endfacet
   facet normal -3.365896e-01 -8.015923e-01 -4.941227e-01
      outer loop
         vertex 1.413794e+02 1.899999e+01 4.076030e+01
         vertex 1.418902e+02 1.917120e+01 4.013461e+01
         vertex 1.420916e+02 1.848133e+01 4.111654e+01
      endloop
   endfacet
   facet normal -3.365896e-01 -8.015923e-01 -4.941227e-01
      outer loop
         vertex 1.420916e+02 1.848133e+01 4.111654e+01
         vertex 1.418902e+02 1.917120e+01 4.013461e+01
         vertex 1.425243e+02 1.862637e+01 4.058649e+01
      endloop
   endfacet
   facet normal -1.961533e-01 -8.932322e-01 -4.045493e-01
      outer loop
         vertex 1.420916e+02 1.848133e+01 4.111654e+01
         vertex 1.425243e+02 1.862637e+01 4.058649e+01
         vertex 1.428591e+02 1.811913e+01 4.154411e+01
      endloop
   endfacet
   facet normal -1.961521e-01 -8.932322e-01 -4.045497e-01
      outer loop
         vertex 1.428591e+02 1.811913e+01 4.154411e+01
         vertex 1.425243e+02 1.862637e+01 4.058649e+01
         vertex 1.431981e+02 1.823275e+01 4.112886e+01
      endloop
   endfacet
   facet normal -4.834369e-02 -9.526677e-01 -3.001450e-01
      outer loop
         vertex 1.428591e+02 1.811913e+01 4.154411e+01
         vertex 1.431981e+02 1.823275e+01 4.112886e+01
         vertex 1.436543e+02 1.792646e+01 4.202756e+01
      endloop
   endfacet
   facet normal -4.834685e-02 -9.526681e-01 -3.001435e-01
      outer loop
         vertex 1.436543e+02 1.792646e+01 4.202756e+01
         vertex 1.431981e+02 1.823275e+01 4.112886e+01
         vertex 1.438874e+02 1.800457e+01 4.174210e+01
      endloop
   endfacet
   facet normal 1.014511e-01 -9.775522e-01 -1.846604e-01
      outer loop
         vertex 1.436543e+02 1.792646e+01 4.202756e+01
         vertex 1.438874e+02 1.800457e+01 4.174210e+01
         vertex 1.444484e+02 1.791029e+01 4.254942e+01
      endloop
   endfacet
   facet normal 1.014583e-01 -9.775505e-01 -1.846652e-01
      outer loop
         vertex 1.444484e+02 1.791029e+01 4.254942e+01
         vertex 1.438874e+02 1.800457e+01 4.174210e+01
         vertex 1.445671e+02 1.795006e+01 4.240407e+01
      endloop
   endfacet
   facet normal 2.477129e-01 -9.668262e-01 -6.233261e-02
      outer loop
         vertex 1.444484e+02 1.791029e+01 4.254942e+01
         vertex 1.445671e+02 1.795006e+01 4.240407e+01
         vertex 1.452127e+02 1.807120e+01 4.309085e+01
      endloop
   endfacet
   facet normal -5.932534e-01 -1.492898e-01 -7.910518e-01
      outer loop
         vertex 1.401707e+02 2.240315e+01 3.949788e+01
         vertex 1.409242e+02 2.265570e+01 3.888513e+01
         vertex 1.404431e+02 2.149326e+01 3.946530e+01
      endloop
   endfacet
   facet normal -5.932561e-01 -1.492879e-01 -7.910501e-01
      outer loop
         vertex 1.404431e+02 2.149326e+01 3.946530e+01
         vertex 1.409242e+02 2.265570e+01 3.888513e+01
         vertex 1.412034e+02 2.174810e+01 3.884699e+01
      endloop
   endfacet
   facet normal -5.280076e-01 -3.266371e-01 -7.839108e-01
      outer loop
         vertex 1.404431e+02 2.149326e+01 3.946530e+01
         vertex 1.412034e+02 2.174810e+01 3.884699e+01
         vertex 1.408304e+02 2.063101e+01 3.956370e+01
      endloop
   endfacet
   facet normal -5.280049e-01 -3.266388e-01 -7.839120e-01
      outer loop
         vertex 1.408304e+02 2.063101e+01 3.956370e+01
         vertex 1.412034e+02 2.174810e+01 3.884699e+01
         vertex 1.415701e+02 2.087894e+01 3.896217e+01
      endloop
   endfacet
   facet normal -4.438249e-01 -4.923910e-01 -7.487126e-01
      outer loop
         vertex 1.408304e+02 2.063101e+01 3.956370e+01
         vertex 1.415701e+02 2.087894e+01 3.896217e+01
         vertex 1.413187e+02 1.984756e+01 3.978952e+01
      endloop
   endfacet
   facet normal -4.438261e-01 -4.923904e-01 -7.487122e-01
      outer loop
         vertex 1.413187e+02 1.984756e+01 3.978952e+01
         vertex 1.415701e+02 2.087894e+01 3.896217e+01
         vertex 1.420110e+02 2.007961e+01 3.922650e+01
      endloop
   endfacet
   facet normal -3.436288e-01 -6.406813e-01 -6.866197e-01
      outer loop
         vertex 1.413187e+02 1.984756e+01 3.978952e+01
         vertex 1.420110e+02 2.007961e+01 3.922650e+01
         vertex 1.418902e+02 1.917120e+01 4.013461e+01
      endloop
   endfacet
   facet normal -3.436285e-01 -6.406815e-01 -6.866198e-01
      outer loop
         vertex 1.418902e+02 1.917120e+01 4.013461e+01
         vertex 1.420110e+02 2.007961e+01 3.922650e+01
         vertex 1.425101e+02 1.937899e+01 3.963044e+01
      endloop
   endfacet
   facet normal -2.309032e-01 -7.661692e-01 -5.997237e-01
      outer loop
         vertex 1.418902e+02 1.917120e+01 4.013461e+01
         vertex 1.425101e+02 1.937899e+01 3.963044e+01
         vertex 1.425243e+02 1.862637e+01 4.058649e+01
      endloop
   endfacet
   facet normal -2.309035e-01 -7.661691e-01 -5.997236e-01
      outer loop
         vertex 1.425243e+02 1.862637e+01 4.058649e+01
         vertex 1.425101e+02 1.937899e+01 3.963044e+01
         vertex 1.430495e+02 1.880240e+01 4.015940e+01
      endloop
   endfacet
   facet normal -1.096257e-01 -8.642307e-01 -4.910067e-01
      outer loop
         vertex 1.425243e+02 1.862637e+01 4.058649e+01
         vertex 1.430495e+02 1.880240e+01 4.015940e+01
         vertex 1.431981e+02 1.823275e+01 4.112886e+01
      endloop
   endfacet
   facet normal -1.096246e-01 -8.642307e-01 -4.910069e-01
      outer loop
         vertex 1.431981e+02 1.823275e+01 4.112886e+01
         vertex 1.430495e+02 1.880240e+01 4.015940e+01
         vertex 1.436096e+02 1.837066e+01 4.079425e+01
      endloop
   endfacet
   facet normal 1.585272e-02 -9.311502e-01 -3.642911e-01
      outer loop
         vertex 1.431981e+02 1.823275e+01 4.112886e+01
         vertex 1.436096e+02 1.837066e+01 4.079425e+01
         vertex 1.438874e+02 1.800457e+01 4.174210e+01
      endloop
   endfacet
   facet normal 1.585215e-02 -9.311503e-01 -3.642910e-01
      outer loop
         vertex 1.438874e+02 1.800457e+01 4.174210e+01
         vertex 1.436096e+02 1.837066e+01 4.079425e+01
         vertex 1.441702e+02 1.809937e+01 4.151208e+01
      endloop
   endfacet
   facet normal 1.409518e-01 -9.643131e-01 -2.241267e-01
      outer loop
         vertex 1.438874e+02 1.800457e+01 4.174210e+01
         vertex 1.441702e+02 1.809937e+01 4.151208e+01
         vertex 1.445671e+02 1.795006e+01 4.240407e+01
      endloop
   endfacet
   facet normal 1.409503e-01 -9.643135e-01 -2.241261e-01
      outer loop
         vertex 1.445671e+02 1.795006e+01 4.240407e+01
         vertex 1.441702e+02 1.809937e+01 4.151208e+01
         vertex 1.447111e+02 1.799834e+01 4.228694e+01
      endloop
   endfacet
   facet normal 2.610395e-01 -9.623594e-01 -7.564847e-02
      outer loop
         vertex 1.445671e+02 1.795006e+01 4.240407e+01
         vertex 1.447111e+02 1.799834e+01 4.228694e+01
         vertex 1.452127e+02 1.807120e+01 4.309085e+01
      endloop
   endfacet
   facet normal -8.425549e-01 -2.328476e-01 -4.856781e-01
      outer loop
         vertex 1.390872e+02 2.204001e+01 4.113523e+01
         vertex 1.395499e+02 2.219507e+01 4.025833e+01
         vertex 1.393498e+02 2.112683e+01 4.111750e+01
      endloop
   endfacet
   facet normal -8.425554e-01 -2.328471e-01 -4.856775e-01
      outer loop
         vertex 1.393498e+02 2.112683e+01 4.111750e+01
         vertex 1.395499e+02 2.219507e+01 4.025833e+01
         vertex 1.398166e+02 2.128329e+01 4.023265e+01
      endloop
   endfacet
   facet normal -7.750574e-01 -4.094409e-01 -4.812942e-01
      outer loop
         vertex 1.393498e+02 2.112683e+01 4.111750e+01
         vertex 1.398166e+02 2.128329e+01 4.023265e+01
         vertex 1.397668e+02 2.027452e+01 4.117105e+01
      endloop
   endfacet
   facet normal -7.750543e-01 -4.094437e-01 -4.812970e-01
      outer loop
         vertex 1.397668e+02 2.027452e+01 4.117105e+01
         vertex 1.398166e+02 2.128329e+01 4.023265e+01
         vertex 1.402210e+02 2.042674e+01 4.031022e+01
      endloop
   endfacet
   facet normal -6.797806e-01 -5.714783e-01 -4.596856e-01
      outer loop
         vertex 1.397668e+02 2.027452e+01 4.117105e+01
         vertex 1.402210e+02 2.042674e+01 4.031022e+01
         vertex 1.403232e+02 1.951389e+01 4.129397e+01
      endloop
   endfacet
   facet normal -6.797828e-01 -5.714769e-01 -4.596840e-01
      outer loop
         vertex 1.403232e+02 1.951389e+01 4.129397e+01
         vertex 1.402210e+02 2.042674e+01 4.031022e+01
         vertex 1.407482e+02 1.965637e+01 4.048825e+01
      endloop
   endfacet
   facet normal -5.600174e-01 -7.132083e-01 -4.215619e-01
      outer loop
         vertex 1.403232e+02 1.951389e+01 4.129397e+01
         vertex 1.407482e+02 1.965637e+01 4.048825e+01
         vertex 1.409987e+02 1.887241e+01 4.148179e+01
      endloop
   endfacet
   facet normal -5.600172e-01 -7.132084e-01 -4.215620e-01
      outer loop
         vertex 1.409987e+02 1.887241e+01 4.148179e+01
         vertex 1.407482e+02 1.965637e+01 4.048825e+01
         vertex 1.413794e+02 1.899999e+01 4.076030e+01
      endloop
   endfacet
   facet normal -4.199070e-01 -8.295173e-01 -3.682108e-01
      outer loop
         vertex 1.409987e+02 1.887241e+01 4.148179e+01
         vertex 1.413794e+02 1.899999e+01 4.076030e+01
         vertex 1.417691e+02 1.837325e+01 4.172775e+01
      endloop
   endfacet
   facet normal -4.199056e-01 -8.295177e-01 -3.682116e-01
      outer loop
         vertex 1.417691e+02 1.837325e+01 4.172775e+01
         vertex 1.413794e+02 1.899999e+01 4.076030e+01
         vertex 1.420916e+02 1.848133e+01 4.111654e+01
      endloop
   endfacet
   facet normal -2.643652e-01 -9.160959e-01 -3.014621e-01
      outer loop
         vertex 1.417691e+02 1.837325e+01 4.172775e+01
         vertex 1.420916e+02 1.848133e+01 4.111654e+01
         vertex 1.426065e+02 1.803445e+01 4.202295e+01
      endloop
   endfacet
   facet normal -2.643678e-01 -9.160957e-01 -3.014605e-01
      outer loop
         vertex 1.426065e+02 1.803445e+01 4.202295e+01
         vertex 1.420916e+02 1.848133e+01 4.111654e+01
         vertex 1.428591e+02 1.811913e+01 4.154411e+01
      endloop
   endfacet
   facet normal -9.895614e-02 -9.696308e-01 -2.236601e-01
      outer loop
         vertex 1.426065e+02 1.803445e+01 4.202295e+01
         vertex 1.428591e+02 1.811913e+01 4.154411e+01
         vertex 1.434807e+02 1.786825e+01 4.235674e+01
      endloop
   endfacet
   facet normal -9.895204e-02 -9.696305e-01 -2.236632e-01
      outer loop
         vertex 1.434807e+02 1.786825e+01 4.235674e+01
         vertex 1.428591e+02 1.811913e+01 4.154411e+01
         vertex 1.436543e+02 1.792646e+01 4.202756e+01
      endloop
   endfacet
   facet normal 7.031730e-02 -9.879876e-01 -1.376081e-01
      outer loop
         vertex 1.434807e+02 1.786825e+01 4.235674e+01
         vertex 1.436543e+02 1.792646e+01 4.202756e+01
         vertex 1.443600e+02 1.788065e+01 4.271704e+01
      endloop
   endfacet
   facet normal 7.031453e-02 -9.879882e-01 -1.376053e-01
      outer loop
         vertex 1.443600e+02 1.788065e+01 4.271704e+01
         vertex 1.436543e+02 1.792646e+01 4.202756e+01
         vertex 1.444484e+02 1.791029e+01 4.254942e+01
      endloop
   endfacet
   facet normal 2.371995e-01 -9.703501e-01 -4.644424e-02
      outer loop
         vertex 1.443600e+02 1.788065e+01 4.271704e+01
         vertex 1.444484e+02 1.791029e+01 4.254942e+01
         vertex 1.452127e+02 1.807120e+01 4.309085e+01
      endloop
   endfacet
   facet normal -2.544201e-01 -5.014852e-02 -9.657927e-01
      outer loop
         vertex 1.418176e+02 2.281200e+01 3.842845e+01
         vertex 1.428984e+02 2.281200e+01 3.814374e+01
         vertex 1.420664e+02 2.203734e+01 3.840314e+01
      endloop
   endfacet
   facet normal -2.388130e-01 -6.788134e-02 -9.686901e-01
      outer loop
         vertex 1.420664e+02 2.203734e+01 3.840314e+01
         vertex 1.428984e+02 2.281200e+01 3.814374e+01
         vertex 1.429965e+02 2.234909e+01 3.815199e+01
      endloop
   endfacet
   facet normal -1.876868e-01 -2.125722e-01 -9.589509e-01
      outer loop
         vertex 1.420664e+02 2.203734e+01 3.840314e+01
         vertex 1.429965e+02 2.234909e+01 3.815199e+01
         vertex 1.424096e+02 2.116033e+01 3.853036e+01
      endloop
   endfacet
   facet normal -1.876874e-01 -2.125719e-01 -9.589508e-01
      outer loop
         vertex 1.424096e+02 2.116033e+01 3.853036e+01
         vertex 1.429965e+02 2.234909e+01 3.815199e+01
         vertex 1.433145e+02 2.146361e+01 3.828603e+01
      endloop
   endfacet
   facet normal -1.187880e-01 -3.834468e-01 -9.158919e-01
      outer loop
         vertex 1.424096e+02 2.116033e+01 3.853036e+01
         vertex 1.433145e+02 2.146361e+01 3.828603e+01
         vertex 1.427968e+02 2.034298e+01 3.882234e+01
      endloop
   endfacet
   facet normal -1.187864e-01 -3.834475e-01 -9.158918e-01
      outer loop
         vertex 1.427968e+02 2.034298e+01 3.882234e+01
         vertex 1.433145e+02 2.146361e+01 3.828603e+01
         vertex 1.436437e+02 2.062685e+01 3.859366e+01
      endloop
   endfacet
   facet normal -4.554581e-02 -5.407724e-01 -8.399350e-01
      outer loop
         vertex 1.427968e+02 2.034298e+01 3.882234e+01
         vertex 1.436437e+02 2.062685e+01 3.859366e+01
         vertex 1.432138e+02 1.961484e+01 3.926853e+01
      endloop
   endfacet
   facet normal -4.554699e-02 -5.407720e-01 -8.399352e-01
      outer loop
         vertex 1.432138e+02 1.961484e+01 3.926853e+01
         vertex 1.436437e+02 2.062685e+01 3.859366e+01
         vertex 1.439722e+02 1.986903e+01 3.906375e+01
      endloop
   endfacet
   facet normal 2.945427e-02 -6.789042e-01 -7.336358e-01
      outer loop
         vertex 1.432138e+02 1.961484e+01 3.926853e+01
         vertex 1.439722e+02 1.986903e+01 3.906375e+01
         vertex 1.436456e+02 1.900219e+01 3.985281e+01
      endloop
   endfacet
   facet normal 2.945440e-02 -6.789042e-01 -7.336358e-01
      outer loop
         vertex 1.436456e+02 1.900219e+01 3.985281e+01
         vertex 1.439722e+02 1.986903e+01 3.906375e+01
         vertex 1.442880e+02 1.921753e+01 3.967933e+01
      endloop
   endfacet
   facet normal 1.035350e-01 -7.927856e-01 -6.006426e-01
      outer loop
         vertex 1.436456e+02 1.900219e+01 3.985281e+01
         vertex 1.442880e+02 1.921753e+01 3.967933e+01
         vertex 1.440766e+02 1.852719e+01 4.055406e+01
      endloop
   endfacet
   facet normal 1.035332e-01 -7.927855e-01 -6.006429e-01
      outer loop
         vertex 1.440766e+02 1.852719e+01 4.055406e+01
         vertex 1.442880e+02 1.921753e+01 3.967933e+01
         vertex 1.445799e+02 1.869589e+01 4.041815e+01
      endloop
   endfacet
   facet normal 1.739984e-01 -8.781436e-01 -4.456324e-01
      outer loop
         vertex 1.440766e+02 1.852719e+01 4.055406e+01
         vertex 1.445799e+02 1.869589e+01 4.041815e+01
         vertex 1.444913e+02 1.820697e+01 4.134696e+01
      endloop
   endfacet
   facet normal 1.740031e-01 -8.781431e-01 -4.456317e-01
      outer loop
         vertex 1.444913e+02 1.820697e+01 4.134696e+01
         vertex 1.445799e+02 1.869589e+01 4.041815e+01
         vertex 1.448373e+02 1.832295e+01 4.125353e+01
      endloop
   endfacet
   facet normal 2.382521e-01 -9.317006e-01 -2.741713e-01
      outer loop
         vertex 1.444913e+02 1.820697e+01 4.134696e+01
         vertex 1.448373e+02 1.832295e+01 4.125353e+01
         vertex 1.448746e+02 1.805313e+01 4.220286e+01
      endloop
   endfacet
   facet normal 2.382497e-01 -9.317012e-01 -2.741714e-01
      outer loop
         vertex 1.448746e+02 1.805313e+01 4.220286e+01
         vertex 1.448373e+02 1.832295e+01 4.125353e+01
         vertex 1.450508e+02 1.811218e+01 4.215529e+01
      endloop
   endfacet
   facet normal 2.938803e-01 -9.513522e-01 -9.253881e-02
      outer loop
         vertex 1.448746e+02 1.805313e+01 4.220286e+01
         vertex 1.450508e+02 1.811218e+01 4.215529e+01
         vertex 1.452127e+02 1.807120e+01 4.309085e+01
      endloop
   endfacet
   facet normal 1.429578e-01 -5.497209e-01 -8.230249e-01
      outer loop
         vertex 1.447213e+02 2.024293e+01 3.894412e+01
         vertex 1.447541e+02 2.013113e+01 3.902451e+01
         vertex 1.439722e+02 1.986903e+01 3.906375e+01
      endloop
   endfacet
   facet normal 1.714053e-01 -6.253530e-01 -7.612844e-01
      outer loop
         vertex 1.439722e+02 1.986903e+01 3.906375e+01
         vertex 1.447541e+02 2.013113e+01 3.902451e+01
         vertex 1.449368e+02 1.948967e+01 3.959255e+01
      endloop
   endfacet
   facet normal 1.648863e-01 -6.339703e-01 -7.555754e-01
      outer loop
         vertex 1.439722e+02 1.986903e+01 3.906375e+01
         vertex 1.449368e+02 1.948967e+01 3.959255e+01
         vertex 1.442880e+02 1.921753e+01 3.967933e+01
      endloop
   endfacet
   facet normal 1.964104e-01 -6.902479e-01 -6.964056e-01
      outer loop
         vertex 1.442880e+02 1.921753e+01 3.967933e+01
         vertex 1.449368e+02 1.948967e+01 3.959255e+01
         vertex 1.449505e+02 1.943956e+01 3.964609e+01
      endloop
   endfacet
   facet normal 2.214043e-01 -7.532786e-01 -6.193154e-01
      outer loop
         vertex 1.442880e+02 1.921753e+01 3.967933e+01
         vertex 1.449505e+02 1.943956e+01 3.964609e+01
         vertex 1.445799e+02 1.869589e+01 4.041815e+01
      endloop
   endfacet
   facet normal 2.214060e-01 -7.532787e-01 -6.193147e-01
      outer loop
         vertex 1.445799e+02 1.869589e+01 4.041815e+01
         vertex 1.449505e+02 1.943956e+01 3.964609e+01
         vertex 1.450989e+02 1.886984e+01 4.039211e+01
      endloop
   endfacet
   facet normal 2.614522e-01 -8.488324e-01 -4.594848e-01
      outer loop
         vertex 1.445799e+02 1.869589e+01 4.041815e+01
         vertex 1.450989e+02 1.886984e+01 4.039211e+01
         vertex 1.448373e+02 1.832295e+01 4.125353e+01
      endloop
   endfacet
   facet normal 2.614493e-01 -8.488327e-01 -4.594859e-01
      outer loop
         vertex 1.448373e+02 1.832295e+01 4.125353e+01
         vertex 1.450989e+02 1.886984e+01 4.039211e+01
         vertex 1.451940e+02 1.844253e+01 4.123563e+01
      endloop
   endfacet
   facet normal 2.920510e-01 -9.136685e-01 -2.826944e-01
      outer loop
         vertex 1.448373e+02 1.832295e+01 4.125353e+01
         vertex 1.451940e+02 1.844253e+01 4.123563e+01
         vertex 1.450508e+02 1.811218e+01 4.215529e+01
      endloop
   endfacet
   facet normal 2.920492e-01 -9.136689e-01 -2.826948e-01
      outer loop
         vertex 1.450508e+02 1.811218e+01 4.215529e+01
         vertex 1.451940e+02 1.844253e+01 4.123563e+01
         vertex 1.452324e+02 1.817307e+01 4.214618e+01
      endloop
   endfacet
   facet normal 3.120364e-01 -9.452668e-01 -9.541497e-02
      outer loop
         vertex 1.450508e+02 1.811218e+01 4.215529e+01
         vertex 1.452324e+02 1.817307e+01 4.214618e+01
         vertex 1.452127e+02 1.807120e+01 4.309085e+01
      endloop
   endfacet
   facet normal -9.363178e-01 -8.328518e-02 -3.411341e-01
      outer loop
         vertex 1.388639e+02 2.281200e+01 4.155964e+01
         vertex 1.389945e+02 2.281200e+01 4.120132e+01
         vertex 1.390872e+02 2.204001e+01 4.113523e+01
      endloop
   endfacet
   facet normal -8.810646e-01 -6.575068e-02 -4.684036e-01
      outer loop
         vertex 1.390872e+02 2.204001e+01 4.113523e+01
         vertex 1.389945e+02 2.281200e+01 4.120132e+01
         vertex 1.394683e+02 2.281200e+01 4.031014e+01
      endloop
   endfacet
   facet normal -8.763035e-01 -7.593834e-02 -4.757368e-01
      outer loop
         vertex 1.390872e+02 2.204001e+01 4.113523e+01
         vertex 1.394683e+02 2.281200e+01 4.031014e+01
         vertex 1.395499e+02 2.219507e+01 4.025833e+01
      endloop
   endfacet
   facet normal -7.715963e-01 -4.878283e-02 -6.342392e-01
      outer loop
         vertex 1.395499e+02 2.219507e+01 4.025833e+01
         vertex 1.394683e+02 2.281200e+01 4.031014e+01
         vertex 1.400913e+02 2.281200e+01 3.955224e+01
      endloop
   endfacet
   facet normal -7.645440e-01 -6.323837e-02 -6.414619e-01
      outer loop
         vertex 1.395499e+02 2.219507e+01 4.025833e+01
         vertex 1.400913e+02 2.281200e+01 3.955224e+01
         vertex 1.401707e+02 2.240315e+01 3.949788e+01
      endloop
   endfacet
   facet normal -6.765180e-01 -3.361477e-02 -7.356585e-01
      outer loop
         vertex 1.401707e+02 2.240315e+01 3.949788e+01
         vertex 1.400913e+02 2.281200e+01 3.955224e+01
         vertex 1.403928e+02 2.281200e+01 3.927491e+01
      endloop
   endfacet
   facet normal -6.074446e-01 -9.973151e-02 -7.880766e-01
      outer loop
         vertex 1.401707e+02 2.240315e+01 3.949788e+01
         vertex 1.403928e+02 2.281200e+01 3.927491e+01
         vertex 1.409242e+02 2.265570e+01 3.888513e+01
      endloop
   endfacet
   facet normal -5.124313e-01 2.813118e-01 -8.113432e-01
      outer loop
         vertex 1.409242e+02 2.265570e+01 3.888513e+01
         vertex 1.403928e+02 2.281200e+01 3.927491e+01
         vertex 1.415663e+02 2.281200e+01 3.853374e+01
      endloop
   endfacet
   facet normal -4.578800e-01 -1.037751e-01 -8.829364e-01
      outer loop
         vertex 1.409242e+02 2.265570e+01 3.888513e+01
         vertex 1.415663e+02 2.281200e+01 3.853374e+01
         vertex 1.412034e+02 2.174810e+01 3.884699e+01
      endloop
   endfacet
   facet normal -4.217423e-01 -1.207267e-01 -8.986426e-01
      outer loop
         vertex 1.412034e+02 2.174810e+01 3.884699e+01
         vertex 1.415663e+02 2.281200e+01 3.853374e+01
         vertex 1.420664e+02 2.203734e+01 3.840314e+01
      endloop
   endfacet
   facet normal -3.663023e-01 -2.724399e-01 -8.897186e-01
      outer loop
         vertex 1.412034e+02 2.174810e+01 3.884699e+01
         vertex 1.420664e+02 2.203734e+01 3.840314e+01
         vertex 1.415701e+02 2.087894e+01 3.896217e+01
      endloop
   endfacet
   facet normal -3.663033e-01 -2.724394e-01 -8.897183e-01
      outer loop
         vertex 1.415701e+02 2.087894e+01 3.896217e+01
         vertex 1.420664e+02 2.203734e+01 3.840314e+01
         vertex 1.424096e+02 2.116033e+01 3.853036e+01
      endloop
   endfacet
   facet normal -2.893835e-01 -4.406257e-01 -8.497683e-01
      outer loop
         vertex 1.415701e+02 2.087894e+01 3.896217e+01
         vertex 1.424096e+02 2.116033e+01 3.853036e+01
         vertex 1.420110e+02 2.007961e+01 3.922650e+01
      endloop
   endfacet
   facet normal -2.893833e-01 -4.406258e-01 -8.497683e-01
      outer loop
         vertex 1.420110e+02 2.007961e+01 3.922650e+01
         vertex 1.424096e+02 2.116033e+01 3.853036e+01
         vertex 1.427968e+02 2.034298e+01 3.882234e+01
      endloop
   endfacet
   facet normal -2.019940e-01 -5.932095e-01 -7.792952e-01
      outer loop
         vertex 1.420110e+02 2.007961e+01 3.922650e+01
         vertex 1.427968e+02 2.034298e+01 3.882234e+01
         vertex 1.425101e+02 1.937899e+01 3.963044e+01
      endloop
   endfacet
   facet normal -2.019934e-01 -5.932097e-01 -7.792952e-01
      outer loop
         vertex 1.425101e+02 1.937899e+01 3.963044e+01
         vertex 1.427968e+02 2.034298e+01 3.882234e+01
         vertex 1.432138e+02 1.961484e+01 3.926853e+01
      endloop
   endfacet
   facet normal -1.071935e-01 -7.247050e-01 -6.806704e-01
      outer loop
         vertex 1.425101e+02 1.937899e+01 3.963044e+01
         vertex 1.432138e+02 1.961484e+01 3.926853e+01
         vertex 1.430495e+02 1.880240e+01 4.015940e+01
      endloop
   endfacet
   facet normal -1.071949e-01 -7.247048e-01 -6.806704e-01
      outer loop
         vertex 1.430495e+02 1.880240e+01 4.015940e+01
         vertex 1.432138e+02 1.961484e+01 3.926853e+01
         vertex 1.436456e+02 1.900219e+01 3.985281e+01
      endloop
   endfacet
   facet normal -8.342702e-03 -8.302838e-01 -5.572784e-01
      outer loop
         vertex 1.430495e+02 1.880240e+01 4.015940e+01
         vertex 1.436456e+02 1.900219e+01 3.985281e+01
         vertex 1.436096e+02 1.837066e+01 4.079425e+01
      endloop
   endfacet
   facet normal -8.342037e-03 -8.302838e-01 -5.572784e-01
      outer loop
         vertex 1.436096e+02 1.837066e+01 4.079425e+01
         vertex 1.436456e+02 1.900219e+01 3.985281e+01
         vertex 1.440766e+02 1.852719e+01 4.055406e+01
      endloop
   endfacet
   facet normal 9.099560e-02 -9.059642e-01 -4.134594e-01
      outer loop
         vertex 1.436096e+02 1.837066e+01 4.079425e+01
         vertex 1.440766e+02 1.852719e+01 4.055406e+01
         vertex 1.441702e+02 1.809937e+01 4.151208e+01
      endloop
   endfacet
   facet normal 9.099352e-02 -9.059644e-01 -4.134594e-01
      outer loop
         vertex 1.441702e+02 1.809937e+01 4.151208e+01
         vertex 1.440766e+02 1.852719e+01 4.055406e+01
         vertex 1.444913e+02 1.820697e+01 4.134696e+01
      endloop
   endfacet
   facet normal 1.871797e-01 -9.488187e-01 -2.543753e-01
      outer loop
         vertex 1.441702e+02 1.809937e+01 4.151208e+01
         vertex 1.444913e+02 1.820697e+01 4.134696e+01
         vertex 1.447111e+02 1.799834e+01 4.228694e+01
      endloop
   endfacet
   facet normal 1.871796e-01 -9.488187e-01 -2.543753e-01
      outer loop
         vertex 1.447111e+02 1.799834e+01 4.228694e+01
         vertex 1.444913e+02 1.820697e+01 4.134696e+01
         vertex 1.448746e+02 1.805313e+01 4.220286e+01
      endloop
   endfacet
   facet normal 2.766404e-01 -9.571305e-01 -8.585658e-02
      outer loop
         vertex 1.447111e+02 1.799834e+01 4.228694e+01
         vertex 1.448746e+02 1.805313e+01 4.220286e+01
         vertex 1.452127e+02 1.807120e+01 4.309085e+01
      endloop
   endfacet
   facet normal 2.262386e-01 -9.740238e-01 9.678301e-03
      outer loop
         vertex 1.443054e+02 1.786237e+01 5.899679e+01
         vertex 1.442870e+02 1.785619e+01 5.880596e+01
         vertex 1.452127e+02 1.807120e+01 5.880596e+01
      endloop
   endfacet
   facet normal 9.450438e-02 -9.952566e-01 2.309318e-02
      outer loop
         vertex 1.442870e+02 1.785619e+01 5.880596e+01
         vertex 1.443054e+02 1.786237e+01 5.899679e+01
         vertex 1.439050e+02 1.781992e+01 5.880596e+01
      endloop
   endfacet
   facet normal -3.355060e-01 -9.399389e-01 6.285420e-02
      outer loop
         vertex 1.424507e+02 1.798222e+01 5.935111e+01
         vertex 1.415702e+02 1.830658e+01 5.950181e+01
         vertex 1.415030e+02 1.828404e+01 5.880596e+01
      endloop
   endfacet
   facet normal -4.578800e-01 -1.037751e-01 8.829364e-01
      outer loop
         vertex 1.415663e+02 2.281200e+01 6.336307e+01
         vertex 1.409242e+02 2.265570e+01 6.301168e+01
         vertex 1.412034e+02 2.174810e+01 6.304982e+01
      endloop
   endfacet
   facet normal -6.765180e-01 -3.361477e-02 7.356585e-01
      outer loop
         vertex 1.403928e+02 2.281200e+01 6.262189e+01
         vertex 1.400913e+02 2.281200e+01 6.234457e+01
         vertex 1.401707e+02 2.240315e+01 6.239893e+01
      endloop
   endfacet
   facet normal -9.846341e-01 -9.002221e-02 1.496386e-01
      outer loop
         vertex 1.388018e+02 2.194435e+01 5.980429e+01
         vertex 1.387165e+02 2.281200e+01 5.976470e+01
         vertex 1.386532e+02 2.281200e+01 5.934840e+01
      endloop
   endfacet
   facet normal -9.520070e-01 -8.931202e-02 2.927560e-01
      outer loop
         vertex 1.390872e+02 2.204001e+01 6.076158e+01
         vertex 1.389945e+02 2.281200e+01 6.069548e+01
         vertex 1.388018e+02 2.194435e+01 5.980429e+01
      endloop
   endfacet
   facet normal -9.301225e-01 -1.415439e-01 3.388769e-01
      outer loop
         vertex 1.388018e+02 2.194435e+01 5.980429e+01
         vertex 1.389945e+02 2.281200e+01 6.069548e+01
         vertex 1.388639e+02 2.281200e+01 6.033717e+01
      endloop
   endfacet
   facet normal -9.650036e-01 -8.357793e-02 2.485616e-01
      outer loop
         vertex 1.388018e+02 2.194435e+01 5.980429e+01
         vertex 1.388639e+02 2.281200e+01 6.033717e+01
         vertex 1.387165e+02 2.281200e+01 5.976470e+01
      endloop
   endfacet
   facet normal -3.884684e-01 -9.190016e-01 6.729320e-02
      outer loop
         vertex 1.415702e+02 1.830658e+01 5.950181e+01
         vertex 1.413312e+02 1.838118e+01 5.914123e+01
         vertex 1.415030e+02 1.828404e+01 5.880596e+01
      endloop
   endfacet
   facet normal -4.221452e-01 -9.053558e-01 4.608988e-02
      outer loop
         vertex 1.415030e+02 1.828404e+01 5.880596e+01
         vertex 1.413312e+02 1.838118e+01 5.914123e+01
         vertex 1.413262e+02 1.837293e+01 5.893328e+01
      endloop
   endfacet
   facet normal -4.421011e-01 -8.968785e-01 1.247166e-02
      outer loop
         vertex 1.415030e+02 1.828404e+01 5.880596e+01
         vertex 1.413262e+02 1.837293e+01 5.893328e+01
         vertex 1.413240e+02 1.837226e+01 5.880596e+01
      endloop
   endfacet
   facet normal -9.886787e-01 -1.357357e-01 6.395467e-02
      outer loop
         vertex 1.386532e+02 2.281200e+01 5.934840e+01
         vertex 1.388371e+02 2.147245e+01 5.934840e+01
         vertex 1.388018e+02 2.194435e+01 5.980429e+01
      endloop
   endfacet
   facet normal -9.192476e-01 -3.069272e-01 2.465351e-01
      outer loop
         vertex 1.388018e+02 2.194435e+01 5.980429e+01
         vertex 1.388371e+02 2.147245e+01 5.934840e+01
         vertex 1.389925e+02 2.100702e+01 5.934840e+01
      endloop
   endfacet
   facet normal -9.506011e-01 -2.688598e-01 1.551514e-01
      outer loop
         vertex 1.388018e+02 2.194435e+01 5.980429e+01
         vertex 1.389925e+02 2.100702e+01 5.934840e+01
         vertex 1.390618e+02 2.103030e+01 5.981334e+01
      endloop
   endfacet
   facet normal -8.859425e-01 -4.374968e-01 1.539560e-01
      outer loop
         vertex 1.390618e+02 2.103030e+01 5.981334e+01
         vertex 1.389925e+02 2.100702e+01 5.934840e+01
         vertex 1.393752e+02 2.023203e+01 5.934840e+01
      endloop
   endfacet
   facet normal -8.789723e-01 -4.449715e-01 1.714880e-01
      outer loop
         vertex 1.390618e+02 2.103030e+01 5.981334e+01
         vertex 1.393752e+02 2.023203e+01 5.934840e+01
         vertex 1.394866e+02 2.018062e+01 5.978600e+01
      endloop
   endfacet
   facet normal -7.703412e-01 -6.257350e-01 1.225973e-01
      outer loop
         vertex 1.394866e+02 2.018062e+01 5.978600e+01
         vertex 1.393752e+02 2.023203e+01 5.934840e+01
         vertex 1.402277e+02 1.918252e+01 5.934840e+01
      endloop
   endfacet
   facet normal -7.934422e-01 -6.072429e-01 4.129701e-02
      outer loop
         vertex 1.394866e+02 2.018062e+01 5.978600e+01
         vertex 1.402277e+02 1.918252e+01 5.934840e+01
         vertex 1.400609e+02 1.942600e+01 5.972326e+01
      endloop
   endfacet
   facet normal -6.168158e-01 -7.566232e-01 2.169321e-01
      outer loop
         vertex 1.400609e+02 1.942600e+01 5.972326e+01
         vertex 1.402277e+02 1.918252e+01 5.934840e+01
         vertex 1.407530e+02 1.875435e+01 5.934840e+01
      endloop
   endfacet
   facet normal -6.530673e-01 -7.459153e-01 1.308186e-01
      outer loop
         vertex 1.400609e+02 1.942600e+01 5.972326e+01
         vertex 1.407530e+02 1.875435e+01 5.934840e+01
         vertex 1.407639e+02 1.879370e+01 5.962737e+01
      endloop
   endfacet
   facet normal -5.441273e-01 -8.275641e-01 1.380691e-01
      outer loop
         vertex 1.407639e+02 1.879370e+01 5.962737e+01
         vertex 1.407530e+02 1.875435e+01 5.934840e+01
         vertex 1.410362e+02 1.856810e+01 5.934840e+01
      endloop
   endfacet
   facet normal -4.792533e-01 -8.498131e-01 2.193944e-01
      outer loop
         vertex 1.407639e+02 1.879370e+01 5.962737e+01
         vertex 1.410362e+02 1.856810e+01 5.934840e+01
         vertex 1.415702e+02 1.830658e+01 5.950181e+01
      endloop
   endfacet
   facet normal -4.792143e-01 -8.499149e-01 2.190850e-01
      outer loop
         vertex 1.415702e+02 1.830658e+01 5.950181e+01
         vertex 1.410362e+02 1.856810e+01 5.934840e+01
         vertex 1.413315e+02 1.840159e+01 5.934840e+01
      endloop
   endfacet
   facet normal -4.176431e-01 -9.041731e-01 8.969564e-02
      outer loop
         vertex 1.415702e+02 1.830658e+01 5.950181e+01
         vertex 1.413315e+02 1.840159e+01 5.934840e+01
         vertex 1.413312e+02 1.838118e+01 5.914123e+01
      endloop
   endfacet
   facet normal -4.423979e-02 -4.942276e-02 9.977977e-01
      outer loop
         vertex 1.439084e+02 2.281200e+01 6.379785e+01
         vertex 1.428984e+02 2.281200e+01 6.375307e+01
         vertex 1.439555e+02 2.267052e+01 6.379294e+01
      endloop
   endfacet
   facet normal -4.121567e-02 -2.654417e-02 9.987976e-01
      outer loop
         vertex 1.439555e+02 2.267052e+01 6.379294e+01
         vertex 1.428984e+02 2.281200e+01 6.375307e+01
         vertex 1.429965e+02 2.234909e+01 6.374482e+01
      endloop
   endfacet
   facet normal -5.732430e-03 -1.312917e-01 9.913272e-01
      outer loop
         vertex 1.439555e+02 2.267052e+01 6.379294e+01
         vertex 1.429965e+02 2.234909e+01 6.374482e+01
         vertex 1.441891e+02 2.195761e+01 6.369987e+01
      endloop
   endfacet
   facet normal -1.343758e-02 -1.543750e-01 9.879209e-01
      outer loop
         vertex 1.441891e+02 2.195761e+01 6.369987e+01
         vertex 1.429965e+02 2.234909e+01 6.374482e+01
         vertex 1.433145e+02 2.146361e+01 6.361078e+01
      endloop
   endfacet
   facet normal 2.464411e-02 -2.195227e-01 9.752961e-01
      outer loop
         vertex 1.441891e+02 2.195761e+01 6.369987e+01
         vertex 1.433145e+02 2.146361e+01 6.361078e+01
         vertex 1.442475e+02 2.177632e+01 6.365759e+01
      endloop
   endfacet
   facet normal 5.504187e-02 -3.064722e-01 9.502869e-01
      outer loop
         vertex 1.442475e+02 2.177632e+01 6.365759e+01
         vertex 1.433145e+02 2.146361e+01 6.361078e+01
         vertex 1.444660e+02 2.108418e+01 6.342171e+01
      endloop
   endfacet
   facet normal 4.666070e-02 -3.284586e-01 9.433651e-01
      outer loop
         vertex 1.444660e+02 2.108418e+01 6.342171e+01
         vertex 1.433145e+02 2.146361e+01 6.361078e+01
         vertex 1.436437e+02 2.062685e+01 6.330315e+01
      endloop
   endfacet
   facet normal 8.473212e-02 -3.900525e-01 9.168858e-01
      outer loop
         vertex 1.444660e+02 2.108418e+01 6.342171e+01
         vertex 1.436437e+02 2.062685e+01 6.330315e+01
         vertex 1.445170e+02 2.091954e+01 6.334697e+01
      endloop
   endfacet
   facet normal 1.150630e-01 -4.739743e-01 8.729885e-01
      outer loop
         vertex 1.445170e+02 2.091954e+01 6.334697e+01
         vertex 1.436437e+02 2.062685e+01 6.330315e+01
         vertex 1.447213e+02 2.024293e+01 6.295269e+01
      endloop
   endfacet
   facet normal 1.066234e-01 -4.903501e-01 8.649787e-01
      outer loop
         vertex 1.447213e+02 2.024293e+01 6.295269e+01
         vertex 1.436437e+02 2.062685e+01 6.330315e+01
         vertex 1.439722e+02 1.986903e+01 6.283306e+01
      endloop
   endfacet
   facet normal 1.429578e-01 -5.497209e-01 8.230249e-01
      outer loop
         vertex 1.447213e+02 2.024293e+01 6.295269e+01
         vertex 1.439722e+02 1.986903e+01 6.283306e+01
         vertex 1.447541e+02 2.013113e+01 6.287230e+01
      endloop
   endfacet
   facet normal 1.714053e-01 -6.253530e-01 7.612844e-01
      outer loop
         vertex 1.447541e+02 2.013113e+01 6.287230e+01
         vertex 1.439722e+02 1.986903e+01 6.283306e+01
         vertex 1.449368e+02 1.948967e+01 6.230426e+01
      endloop
   endfacet
   facet normal 1.648863e-01 -6.339703e-01 7.555754e-01
      outer loop
         vertex 1.449368e+02 1.948967e+01 6.230426e+01
         vertex 1.439722e+02 1.986903e+01 6.283306e+01
         vertex 1.442880e+02 1.921753e+01 6.221748e+01
      endloop
   endfacet
   facet normal 1.964104e-01 -6.902479e-01 6.964056e-01
      outer loop
         vertex 1.449368e+02 1.948967e+01 6.230426e+01
         vertex 1.442880e+02 1.921753e+01 6.221748e+01
         vertex 1.449505e+02 1.943956e+01 6.225072e+01
      endloop
   endfacet
   facet normal -9.184301e-01 -2.582789e-01 2.996299e-01
      outer loop
         vertex 1.390872e+02 2.204001e+01 6.076158e+01
         vertex 1.388018e+02 2.194435e+01 5.980429e+01
         vertex 1.393498e+02 2.112683e+01 6.077931e+01
      endloop
   endfacet
   facet normal -9.184301e-01 -2.582778e-01 2.996309e-01
      outer loop
         vertex 1.393498e+02 2.112683e+01 6.077931e+01
         vertex 1.388018e+02 2.194435e+01 5.980429e+01
         vertex 1.390618e+02 2.103030e+01 5.981334e+01
      endloop
   endfacet
   facet normal -8.502473e-01 -4.346425e-01 2.969267e-01
      outer loop
         vertex 1.393498e+02 2.112683e+01 6.077931e+01
         vertex 1.390618e+02 2.103030e+01 5.981334e+01
         vertex 1.397668e+02 2.027452e+01 6.072576e+01
      endloop
   endfacet
   facet normal -8.502467e-01 -4.346460e-01 2.969233e-01
      outer loop
         vertex 1.397668e+02 2.027452e+01 6.072576e+01
         vertex 1.390618e+02 2.103030e+01 5.981334e+01
         vertex 1.394866e+02 2.018062e+01 5.978600e+01
      endloop
   endfacet
   facet normal -7.515966e-01 -5.955492e-01 2.835907e-01
      outer loop
         vertex 1.397668e+02 2.027452e+01 6.072576e+01
         vertex 1.394866e+02 2.018062e+01 5.978600e+01
         vertex 1.403232e+02 1.951389e+01 6.060284e+01
      endloop
   endfacet
   facet normal -7.515977e-01 -5.955461e-01 2.835944e-01
      outer loop
         vertex 1.403232e+02 1.951389e+01 6.060284e+01
         vertex 1.394866e+02 2.018062e+01 5.978600e+01
         vertex 1.400609e+02 1.942600e+01 5.972326e+01
      endloop
   endfacet
   facet normal -6.258761e-01 -7.352823e-01 2.600749e-01
      outer loop
         vertex 1.403232e+02 1.951389e+01 6.060284e+01
         vertex 1.400609e+02 1.942600e+01 5.972326e+01
         vertex 1.409987e+02 1.887241e+01 6.041501e+01
      endloop
   endfacet
   facet normal -6.258752e-01 -7.352841e-01 2.600722e-01
      outer loop
         vertex 1.409987e+02 1.887241e+01 6.041501e+01
         vertex 1.400609e+02 1.942600e+01 5.972326e+01
         vertex 1.407639e+02 1.879370e+01 5.962737e+01
      endloop
   endfacet
   facet normal -4.774319e-01 -8.487979e-01 2.271583e-01
      outer loop
         vertex 1.409987e+02 1.887241e+01 6.041501e+01
         vertex 1.407639e+02 1.879370e+01 5.962737e+01
         vertex 1.417691e+02 1.837325e+01 6.016906e+01
      endloop
   endfacet
   facet normal -4.774314e-01 -8.487985e-01 2.271572e-01
      outer loop
         vertex 1.417691e+02 1.837325e+01 6.016906e+01
         vertex 1.407639e+02 1.879370e+01 5.962737e+01
         vertex 1.415702e+02 1.830658e+01 5.950181e+01
      endloop
   endfacet
   facet normal -3.114625e-01 -9.318816e-01 1.859779e-01
      outer loop
         vertex 1.417691e+02 1.837325e+01 6.016906e+01
         vertex 1.415702e+02 1.830658e+01 5.950181e+01
         vertex 1.426065e+02 1.803445e+01 5.987385e+01
      endloop
   endfacet
   facet normal -3.114636e-01 -9.318805e-01 1.859817e-01
      outer loop
         vertex 1.426065e+02 1.803445e+01 5.987385e+01
         vertex 1.415702e+02 1.830658e+01 5.950181e+01
         vertex 1.424507e+02 1.798222e+01 5.935111e+01
      endloop
   endfacet
   facet normal -1.338965e-01 -9.813418e-01 1.379854e-01
      outer loop
         vertex 1.426065e+02 1.803445e+01 5.987385e+01
         vertex 1.424507e+02 1.798222e+01 5.935111e+01
         vertex 1.434807e+02 1.786825e+01 5.954007e+01
      endloop
   endfacet
   facet normal -1.338957e-01 -9.813426e-01 1.379807e-01
      outer loop
         vertex 1.434807e+02 1.786825e+01 5.954007e+01
         vertex 1.424507e+02 1.798222e+01 5.935111e+01
         vertex 1.433735e+02 1.783234e+01 5.918072e+01
      endloop
   endfacet
   facet normal 4.881738e-02 -9.951938e-01 8.488960e-02
      outer loop
         vertex 1.434807e+02 1.786825e+01 5.954007e+01
         vertex 1.433735e+02 1.783234e+01 5.918072e+01
         vertex 1.443600e+02 1.788065e+01 5.917977e+01
      endloop
   endfacet
   facet normal -1.335295e-01 -9.900243e-01 4.496372e-02
      outer loop
         vertex 1.433373e+02 1.782021e+01 5.880596e+01
         vertex 1.433735e+02 1.783234e+01 5.918072e+01
         vertex 1.425774e+02 1.792270e+01 5.880596e+01
      endloop
   endfacet
   facet normal -1.466100e-01 -9.864515e-01 7.361307e-02
      outer loop
         vertex 1.425774e+02 1.792270e+01 5.880596e+01
         vertex 1.433735e+02 1.783234e+01 5.918072e+01
         vertex 1.424507e+02 1.798222e+01 5.935111e+01
      endloop
   endfacet
   facet normal -2.269129e-01 -9.724491e-01 5.341586e-02
      outer loop
         vertex 1.425774e+02 1.792270e+01 5.880596e+01
         vertex 1.424507e+02 1.798222e+01 5.935111e+01
         vertex 1.423980e+02 1.796456e+01 5.880596e+01
      endloop
   endfacet
   facet normal -3.355065e-01 -9.399386e-01 6.285525e-02
      outer loop
         vertex 1.423980e+02 1.796456e+01 5.880596e+01
         vertex 1.424507e+02 1.798222e+01 5.935111e+01
         vertex 1.415030e+02 1.828404e+01 5.880596e+01
      endloop
   endfacet
   facet normal 2.214045e-01 -7.532791e-01 6.193147e-01
      outer loop
         vertex 1.449505e+02 1.943956e+01 6.225072e+01
         vertex 1.442880e+02 1.921753e+01 6.221748e+01
         vertex 1.450989e+02 1.886984e+01 6.150470e+01
      endloop
   endfacet
   facet normal 2.214058e-01 -7.532780e-01 6.193156e-01
      outer loop
         vertex 1.450989e+02 1.886984e+01 6.150470e+01
         vertex 1.442880e+02 1.921753e+01 6.221748e+01
         vertex 1.445799e+02 1.869589e+01 6.147866e+01
      endloop
   endfacet
   facet normal 2.614520e-01 -8.488319e-01 4.594858e-01
      outer loop
         vertex 1.450989e+02 1.886984e+01 6.150470e+01
         vertex 1.445799e+02 1.869589e+01 6.147866e+01
         vertex 1.451940e+02 1.844253e+01 6.066118e+01
      endloop
   endfacet
   facet normal 2.614496e-01 -8.488334e-01 4.594845e-01
      outer loop
         vertex 1.451940e+02 1.844253e+01 6.066118e+01
         vertex 1.445799e+02 1.869589e+01 6.147866e+01
         vertex 1.448373e+02 1.832295e+01 6.064328e+01
      endloop
   endfacet
   facet normal 2.920509e-01 -9.136684e-01 2.826947e-01
      outer loop
         vertex 1.451940e+02 1.844253e+01 6.066118e+01
         vertex 1.448373e+02 1.832295e+01 6.064328e+01
         vertex 1.452324e+02 1.817307e+01 5.975063e+01
      endloop
   endfacet
   facet normal 2.920493e-01 -9.136691e-01 2.826941e-01
      outer loop
         vertex 1.452324e+02 1.817307e+01 5.975063e+01
         vertex 1.448373e+02 1.832295e+01 6.064328e+01
         vertex 1.450508e+02 1.811218e+01 5.974152e+01
      endloop
   endfacet
   facet normal 3.120364e-01 -9.452668e-01 9.541497e-02
      outer loop
         vertex 1.452324e+02 1.817307e+01 5.975063e+01
         vertex 1.450508e+02 1.811218e+01 5.974152e+01
         vertex 1.452127e+02 1.807120e+01 5.880596e+01
      endloop
   endfacet
   facet normal -2.540969e-01 -7.104670e-02 9.645658e-01
      outer loop
         vertex 1.428984e+02 2.281200e+01 6.375307e+01
         vertex 1.418176e+02 2.281200e+01 6.346836e+01
         vertex 1.429965e+02 2.234909e+01 6.374482e+01
      endloop
   endfacet
   facet normal -2.456046e-01 -4.723811e-02 9.682184e-01
      outer loop
         vertex 1.429965e+02 2.234909e+01 6.374482e+01
         vertex 1.418176e+02 2.281200e+01 6.346836e+01
         vertex 1.420664e+02 2.203734e+01 6.349367e+01
      endloop
   endfacet
   facet normal -1.876870e-01 -2.125718e-01 9.589509e-01
      outer loop
         vertex 1.429965e+02 2.234909e+01 6.374482e+01
         vertex 1.420664e+02 2.203734e+01 6.349367e+01
         vertex 1.433145e+02 2.146361e+01 6.361078e+01
      endloop
   endfacet
   facet normal -1.876872e-01 -2.125723e-01 9.589507e-01
      outer loop
         vertex 1.433145e+02 2.146361e+01 6.361078e+01
         vertex 1.420664e+02 2.203734e+01 6.349367e+01
         vertex 1.424096e+02 2.116033e+01 6.336645e+01
      endloop
   endfacet
   facet normal -1.187875e-01 -3.834478e-01 9.158915e-01
      outer loop
         vertex 1.433145e+02 2.146361e+01 6.361078e+01
         vertex 1.424096e+02 2.116033e+01 6.336645e+01
         vertex 1.436437e+02 2.062685e+01 6.330315e+01
      endloop
   endfacet
   facet normal -1.187869e-01 -3.834464e-01 9.158922e-01
      outer loop
         vertex 1.436437e+02 2.062685e+01 6.330315e+01
         vertex 1.424096e+02 2.116033e+01 6.336645e+01
         vertex 1.427968e+02 2.034298e+01 6.307447e+01
      endloop
   endfacet
   facet normal -4.554613e-02 -5.407717e-01 8.399354e-01
      outer loop
         vertex 1.436437e+02 2.062685e+01 6.330315e+01
         vertex 1.427968e+02 2.034298e+01 6.307447e+01
         vertex 1.439722e+02 1.986903e+01 6.283306e+01
      endloop
   endfacet
   facet normal -4.554664e-02 -5.407727e-01 8.399348e-01
      outer loop
         vertex 1.439722e+02 1.986903e+01 6.283306e+01
         vertex 1.427968e+02 2.034298e+01 6.307447e+01
         vertex 1.432138e+02 1.961484e+01 6.262828e+01
      endloop
   endfacet
   facet normal 2.945430e-02 -6.789042e-01 7.336358e-01
      outer loop
         vertex 1.439722e+02 1.986903e+01 6.283306e+01
         vertex 1.432138e+02 1.961484e+01 6.262828e+01
         vertex 1.442880e+02 1.921753e+01 6.221748e+01
      endloop
   endfacet
   facet normal 2.945437e-02 -6.789041e-01 7.336359e-01
      outer loop
         vertex 1.442880e+02 1.921753e+01 6.221748e+01
         vertex 1.432138e+02 1.961484e+01 6.262828e+01
         vertex 1.436456e+02 1.900219e+01 6.204400e+01
      endloop
   endfacet
   facet normal 1.035347e-01 -7.927852e-01 6.006432e-01
      outer loop
         vertex 1.442880e+02 1.921753e+01 6.221748e+01
         vertex 1.436456e+02 1.900219e+01 6.204400e+01
         vertex 1.445799e+02 1.869589e+01 6.147866e+01
      endloop
   endfacet
   facet normal 1.035337e-01 -7.927861e-01 6.006421e-01
      outer loop
         vertex 1.445799e+02 1.869589e+01 6.147866e+01
         vertex 1.436456e+02 1.900219e+01 6.204400e+01
         vertex 1.440766e+02 1.852719e+01 6.134275e+01
      endloop
   endfacet
   facet normal 1.739990e-01 -8.781443e-01 4.456310e-01
      outer loop
         vertex 1.445799e+02 1.869589e+01 6.147866e+01
         vertex 1.440766e+02 1.852719e+01 6.134275e+01
         vertex 1.448373e+02 1.832295e+01 6.064328e+01
      endloop
   endfacet
   facet normal 1.740022e-01 -8.781422e-01 4.456338e-01
      outer loop
         vertex 1.448373e+02 1.832295e+01 6.064328e+01
         vertex 1.440766e+02 1.852719e+01 6.134275e+01
         vertex 1.444913e+02 1.820697e+01 6.054985e+01
      endloop
   endfacet
   facet normal 2.382519e-01 -9.317005e-01 2.741717e-01
      outer loop
         vertex 1.448373e+02 1.832295e+01 6.064328e+01
         vertex 1.444913e+02 1.820697e+01 6.054985e+01
         vertex 1.450508e+02 1.811218e+01 5.974152e+01
      endloop
   endfacet
   facet normal 2.382500e-01 -9.317014e-01 2.741705e-01
      outer loop
         vertex 1.450508e+02 1.811218e+01 5.974152e+01
         vertex 1.444913e+02 1.820697e+01 6.054985e+01
         vertex 1.448746e+02 1.805313e+01 5.969394e+01
      endloop
   endfacet
   facet normal 2.938803e-01 -9.513522e-01 9.253881e-02
      outer loop
         vertex 1.450508e+02 1.811218e+01 5.974152e+01
         vertex 1.448746e+02 1.805313e+01 5.969394e+01
         vertex 1.452127e+02 1.807120e+01 5.880596e+01
      endloop
   endfacet
   facet normal -3.847985e-01 -9.357425e-02 9.182450e-01
      outer loop
         vertex 1.418176e+02 2.281200e+01 6.346836e+01
         vertex 1.415663e+02 2.281200e+01 6.336307e+01
         vertex 1.420664e+02 2.203734e+01 6.349367e+01
      endloop
   endfacet
   facet normal -4.217423e-01 -1.207267e-01 8.986426e-01
      outer loop
         vertex 1.420664e+02 2.203734e+01 6.349367e+01
         vertex 1.415663e+02 2.281200e+01 6.336307e+01
         vertex 1.412034e+02 2.174810e+01 6.304982e+01
      endloop
   endfacet
   facet normal -3.663026e-01 -2.724392e-01 8.897187e-01
      outer loop
         vertex 1.420664e+02 2.203734e+01 6.349367e+01
         vertex 1.412034e+02 2.174810e+01 6.304982e+01
         vertex 1.424096e+02 2.116033e+01 6.336645e+01
      endloop
   endfacet
   facet normal -3.663029e-01 -2.724402e-01 8.897182e-01
      outer loop
         vertex 1.424096e+02 2.116033e+01 6.336645e+01
         vertex 1.412034e+02 2.174810e+01 6.304982e+01
         vertex 1.415701e+02 2.087894e+01 6.293464e+01
      endloop
   endfacet
   facet normal -2.893834e-01 -4.406258e-01 8.497683e-01
      outer loop
         vertex 1.424096e+02 2.116033e+01 6.336645e+01
         vertex 1.415701e+02 2.087894e+01 6.293464e+01
         vertex 1.427968e+02 2.034298e+01 6.307447e+01
      endloop
   endfacet
   facet normal -2.893834e-01 -4.406257e-01 8.497684e-01
      outer loop
         vertex 1.427968e+02 2.034298e+01 6.307447e+01
         vertex 1.415701e+02 2.087894e+01 6.293464e+01
         vertex 1.420110e+02 2.007961e+01 6.267031e+01
      endloop
   endfacet
   facet normal -2.019938e-01 -5.932098e-01 7.792950e-01
      outer loop
         vertex 1.427968e+02 2.034298e+01 6.307447e+01
         vertex 1.420110e+02 2.007961e+01 6.267031e+01
         vertex 1.432138e+02 1.961484e+01 6.262828e+01
      endloop
   endfacet
   facet normal -2.019936e-01 -5.932093e-01 7.792954e-01
      outer loop
         vertex 1.432138e+02 1.961484e+01 6.262828e+01
         vertex 1.420110e+02 2.007961e+01 6.267031e+01
         vertex 1.425101e+02 1.937899e+01 6.226637e+01
      endloop
   endfacet
   facet normal -1.071939e-01 -7.247045e-01 6.806708e-01
      outer loop
         vertex 1.432138e+02 1.961484e+01 6.262828e+01
         vertex 1.425101e+02 1.937899e+01 6.226637e+01
         vertex 1.436456e+02 1.900219e+01 6.204400e+01
      endloop
   endfacet
   facet normal -1.071944e-01 -7.247054e-01 6.806698e-01
      outer loop
         vertex 1.436456e+02 1.900219e+01 6.204400e+01
         vertex 1.425101e+02 1.937899e+01 6.226637e+01
         vertex 1.430495e+02 1.880240e+01 6.173741e+01
      endloop
   endfacet
   facet normal -8.342533e-03 -8.302839e-01 5.572782e-01
      outer loop
         vertex 1.436456e+02 1.900219e+01 6.204400e+01
         vertex 1.430495e+02 1.880240e+01 6.173741e+01
         vertex 1.440766e+02 1.852719e+01 6.134275e+01
      endloop
   endfacet
   facet normal -8.342251e-03 -8.302836e-01 5.572787e-01
      outer loop
         vertex 1.440766e+02 1.852719e+01 6.134275e+01
         vertex 1.430495e+02 1.880240e+01 6.173741e+01
         vertex 1.436096e+02 1.837066e+01 6.110255e+01
      endloop
   endfacet
   facet normal 9.099521e-02 -9.059639e-01 4.134600e-01
      outer loop
         vertex 1.440766e+02 1.852719e+01 6.134275e+01
         vertex 1.436096e+02 1.837066e+01 6.110255e+01
         vertex 1.444913e+02 1.820697e+01 6.054985e+01
      endloop
   endfacet
   facet normal 9.099408e-02 -9.059648e-01 4.134585e-01
      outer loop
         vertex 1.444913e+02 1.820697e+01 6.054985e+01
         vertex 1.436096e+02 1.837066e+01 6.110255e+01
         vertex 1.441702e+02 1.809937e+01 6.038473e+01
      endloop
   endfacet
   facet normal 1.871797e-01 -9.488187e-01 2.543754e-01
      outer loop
         vertex 1.444913e+02 1.820697e+01 6.054985e+01
         vertex 1.441702e+02 1.809937e+01 6.038473e+01
         vertex 1.448746e+02 1.805313e+01 5.969394e+01
      endloop
   endfacet
   facet normal 1.871796e-01 -9.488187e-01 2.543753e-01
      outer loop
         vertex 1.448746e+02 1.805313e+01 5.969394e+01
         vertex 1.441702e+02 1.809937e+01 6.038473e+01
         vertex 1.447111e+02 1.799834e+01 5.960987e+01
      endloop
   endfacet
   facet normal 2.766404e-01 -9.571305e-01 8.585658e-02
      outer loop
         vertex 1.448746e+02 1.805313e+01 5.969394e+01
         vertex 1.447111e+02 1.799834e+01 5.960987e+01
         vertex 1.452127e+02 1.807120e+01 5.880596e+01
      endloop
   endfacet
   facet normal -7.708569e-01 -6.550579e-02 6.336313e-01
      outer loop
         vertex 1.400913e+02 2.281200e+01 6.234457e+01
         vertex 1.394683e+02 2.281200e+01 6.158667e+01
         vertex 1.401707e+02 2.240315e+01 6.239893e+01
      endloop
   endfacet
   facet normal -7.673127e-01 -4.777538e-02 6.394910e-01
      outer loop
         vertex 1.401707e+02 2.240315e+01 6.239893e+01
         vertex 1.394683e+02 2.281200e+01 6.158667e+01
         vertex 1.395499e+02 2.219507e+01 6.163847e+01
      endloop
   endfacet
   facet normal -7.326568e-01 -1.960143e-01 6.517610e-01
      outer loop
         vertex 1.401707e+02 2.240315e+01 6.239893e+01
         vertex 1.395499e+02 2.219507e+01 6.163847e+01
         vertex 1.404431e+02 2.149326e+01 6.243151e+01
      endloop
   endfacet
   facet normal -7.326562e-01 -1.960121e-01 6.517623e-01
      outer loop
         vertex 1.404431e+02 2.149326e+01 6.243151e+01
         vertex 1.395499e+02 2.219507e+01 6.163847e+01
         vertex 1.398166e+02 2.128329e+01 6.166416e+01
      endloop
   endfacet
   facet normal -6.661502e-01 -3.729384e-01 6.458799e-01
      outer loop
         vertex 1.404431e+02 2.149326e+01 6.243151e+01
         vertex 1.398166e+02 2.128329e+01 6.166416e+01
         vertex 1.408304e+02 2.063101e+01 6.233311e+01
      endloop
   endfacet
   facet normal -6.661507e-01 -3.729419e-01 6.458774e-01
      outer loop
         vertex 1.408304e+02 2.063101e+01 6.233311e+01
         vertex 1.398166e+02 2.128329e+01 6.166416e+01
         vertex 1.402210e+02 2.042674e+01 6.158659e+01
      endloop
   endfacet
   facet normal -5.757679e-01 -5.366147e-01 6.168760e-01
      outer loop
         vertex 1.408304e+02 2.063101e+01 6.233311e+01
         vertex 1.402210e+02 2.042674e+01 6.158659e+01
         vertex 1.413187e+02 1.984756e+01 6.210729e+01
      endloop
   endfacet
   facet normal -5.757679e-01 -5.366141e-01 6.168766e-01
      outer loop
         vertex 1.413187e+02 1.984756e+01 6.210729e+01
         vertex 1.402210e+02 2.042674e+01 6.158659e+01
         vertex 1.407482e+02 1.965637e+01 6.140856e+01
      endloop
   endfacet
   facet normal -4.646285e-01 -6.812371e-01 5.657175e-01
      outer loop
         vertex 1.413187e+02 1.984756e+01 6.210729e+01
         vertex 1.407482e+02 1.965637e+01 6.140856e+01
         vertex 1.418902e+02 1.917120e+01 6.176220e+01
      endloop
   endfacet
   facet normal -4.646285e-01 -6.812367e-01 5.657181e-01
      outer loop
         vertex 1.418902e+02 1.917120e+01 6.176220e+01
         vertex 1.407482e+02 1.965637e+01 6.140856e+01
         vertex 1.413794e+02 1.899999e+01 6.113651e+01
      endloop
   endfacet
   facet normal -3.365896e-01 -8.015923e-01 4.941227e-01
      outer loop
         vertex 1.418902e+02 1.917120e+01 6.176220e+01
         vertex 1.413794e+02 1.899999e+01 6.113651e+01
         vertex 1.425243e+02 1.862637e+01 6.131031e+01
      endloop
   endfacet
   facet normal -3.365896e-01 -8.015923e-01 4.941227e-01
      outer loop
         vertex 1.425243e+02 1.862637e+01 6.131031e+01
         vertex 1.413794e+02 1.899999e+01 6.113651e+01
         vertex 1.420916e+02 1.848133e+01 6.078027e+01
      endloop
   endfacet
   facet normal -1.961529e-01 -8.932324e-01 4.045490e-01
      outer loop
         vertex 1.425243e+02 1.862637e+01 6.131031e+01
         vertex 1.420916e+02 1.848133e+01 6.078027e+01
         vertex 1.431981e+02 1.823275e+01 6.076795e+01
      endloop
   endfacet
   facet normal -1.961527e-01 -8.932319e-01 4.045502e-01
      outer loop
         vertex 1.431981e+02 1.823275e+01 6.076795e+01
         vertex 1.420916e+02 1.848133e+01 6.078027e+01
         vertex 1.428591e+02 1.811913e+01 6.035269e+01
      endloop
   endfacet
   facet normal -4.834467e-02 -9.526675e-01 3.001458e-01
      outer loop
         vertex 1.431981e+02 1.823275e+01 6.076795e+01
         vertex 1.428591e+02 1.811913e+01 6.035269e+01
         vertex 1.438874e+02 1.800457e+01 6.015471e+01
      endloop
   endfacet
   facet normal -4.834542e-02 -9.526685e-01 3.001425e-01
      outer loop
         vertex 1.438874e+02 1.800457e+01 6.015471e+01
         vertex 1.428591e+02 1.811913e+01 6.035269e+01
         vertex 1.436543e+02 1.792646e+01 5.986925e+01
      endloop
   endfacet
   facet normal 1.014524e-01 -9.775522e-01 1.846593e-01
      outer loop
         vertex 1.438874e+02 1.800457e+01 6.015471e+01
         vertex 1.436543e+02 1.792646e+01 5.986925e+01
         vertex 1.445671e+02 1.795006e+01 5.949274e+01
      endloop
   endfacet
   facet normal 1.014557e-01 -9.775504e-01 1.846673e-01
      outer loop
         vertex 1.445671e+02 1.795006e+01 5.949274e+01
         vertex 1.436543e+02 1.792646e+01 5.986925e+01
         vertex 1.444484e+02 1.791029e+01 5.934738e+01
      endloop
   endfacet
   facet normal 2.477129e-01 -9.668262e-01 6.233261e-02
      outer loop
         vertex 1.445671e+02 1.795006e+01 5.949274e+01
         vertex 1.444484e+02 1.791029e+01 5.934738e+01
         vertex 1.452127e+02 1.807120e+01 5.880596e+01
      endloop
   endfacet
   facet normal -8.803456e-01 -7.712071e-02 4.680214e-01
      outer loop
         vertex 1.394683e+02 2.281200e+01 6.158667e+01
         vertex 1.389945e+02 2.281200e+01 6.069548e+01
         vertex 1.395499e+02 2.219507e+01 6.163847e+01
      endloop
   endfacet
   facet normal -8.778240e-01 -6.483296e-02 4.745753e-01
      outer loop
         vertex 1.395499e+02 2.219507e+01 6.163847e+01
         vertex 1.389945e+02 2.281200e+01 6.069548e+01
         vertex 1.390872e+02 2.204001e+01 6.076158e+01
      endloop
   endfacet
   facet normal -8.425551e-01 -2.328470e-01 4.856781e-01
      outer loop
         vertex 1.395499e+02 2.219507e+01 6.163847e+01
         vertex 1.390872e+02 2.204001e+01 6.076158e+01
         vertex 1.398166e+02 2.128329e+01 6.166416e+01
      endloop
   endfacet
   facet normal -8.425552e-01 -2.328477e-01 4.856775e-01
      outer loop
         vertex 1.398166e+02 2.128329e+01 6.166416e+01
         vertex 1.390872e+02 2.204001e+01 6.076158e+01
         vertex 1.393498e+02 2.112683e+01 6.077931e+01
      endloop
   endfacet
   facet normal -7.750559e-01 -4.094441e-01 4.812940e-01
      outer loop
         vertex 1.398166e+02 2.128329e+01 6.166416e+01
         vertex 1.393498e+02 2.112683e+01 6.077931e+01
         vertex 1.402210e+02 2.042674e+01 6.158659e+01
      endloop
   endfacet
   facet normal -7.750558e-01 -4.094404e-01 4.812972e-01
      outer loop
         vertex 1.402210e+02 2.042674e+01 6.158659e+01
         vertex 1.393498e+02 2.112683e+01 6.077931e+01
         vertex 1.397668e+02 2.027452e+01 6.072576e+01
      endloop
   endfacet
   facet normal -6.797818e-01 -5.714767e-01 4.596859e-01
      outer loop
         vertex 1.402210e+02 2.042674e+01 6.158659e+01
         vertex 1.397668e+02 2.027452e+01 6.072576e+01
         vertex 1.407482e+02 1.965637e+01 6.140856e+01
      endloop
   endfacet
   facet normal -6.797815e-01 -5.714787e-01 4.596837e-01
      outer loop
         vertex 1.407482e+02 1.965637e+01 6.140856e+01
         vertex 1.397668e+02 2.027452e+01 6.072576e+01
         vertex 1.403232e+02 1.951389e+01 6.060284e+01
      endloop
   endfacet
   facet normal -5.600173e-01 -7.132084e-01 4.215618e-01
      outer loop
         vertex 1.407482e+02 1.965637e+01 6.140856e+01
         vertex 1.403232e+02 1.951389e+01 6.060284e+01
         vertex 1.413794e+02 1.899999e+01 6.113651e+01
      endloop
   endfacet
   facet normal -5.600174e-01 -7.132082e-01 4.215621e-01
      outer loop
         vertex 1.413794e+02 1.899999e+01 6.113651e+01
         vertex 1.403232e+02 1.951389e+01 6.060284e+01
         vertex 1.409987e+02 1.887241e+01 6.041501e+01
      endloop
   endfacet
   facet normal -4.199062e-01 -8.295178e-01 3.682105e-01
      outer loop
         vertex 1.413794e+02 1.899999e+01 6.113651e+01
         vertex 1.409987e+02 1.887241e+01 6.041501e+01
         vertex 1.420916e+02 1.848133e+01 6.078027e+01
      endloop
   endfacet
   facet normal -4.199065e-01 -8.295170e-01 3.682120e-01
      outer loop
         vertex 1.420916e+02 1.848133e+01 6.078027e+01
         vertex 1.409987e+02 1.887241e+01 6.041501e+01
         vertex 1.417691e+02 1.837325e+01 6.016906e+01
      endloop
   endfacet
   facet normal -2.643664e-01 -9.160953e-01 3.014626e-01
      outer loop
         vertex 1.420916e+02 1.848133e+01 6.078027e+01
         vertex 1.417691e+02 1.837325e+01 6.016906e+01
         vertex 1.428591e+02 1.811913e+01 6.035269e+01
      endloop
   endfacet
   facet normal -2.643662e-01 -9.160964e-01 3.014598e-01
      outer loop
         vertex 1.428591e+02 1.811913e+01 6.035269e+01
         vertex 1.417691e+02 1.837325e+01 6.016906e+01
         vertex 1.426065e+02 1.803445e+01 5.987385e+01
      endloop
   endfacet
   facet normal -9.895453e-02 -9.696311e-01 2.236593e-01
      outer loop
         vertex 1.428591e+02 1.811913e+01 6.035269e+01
         vertex 1.426065e+02 1.803445e+01 5.987385e+01
         vertex 1.436543e+02 1.792646e+01 5.986925e+01
      endloop
   endfacet
   facet normal -9.895439e-02 -9.696300e-01 2.236643e-01
      outer loop
         vertex 1.436543e+02 1.792646e+01 5.986925e+01
         vertex 1.426065e+02 1.803445e+01 5.987385e+01
         vertex 1.434807e+02 1.786825e+01 5.954007e+01
      endloop
   endfacet
   facet normal 7.031661e-02 -9.879876e-01 1.376084e-01
      outer loop
         vertex 1.436543e+02 1.792646e+01 5.986925e+01
         vertex 1.434807e+02 1.786825e+01 5.954007e+01
         vertex 1.444484e+02 1.791029e+01 5.934738e+01
      endloop
   endfacet
   facet normal 7.031587e-02 -9.879882e-01 1.376046e-01
      outer loop
         vertex 1.444484e+02 1.791029e+01 5.934738e+01
         vertex 1.434807e+02 1.786825e+01 5.954007e+01
         vertex 1.443600e+02 1.788065e+01 5.917977e+01
      endloop
   endfacet
   facet normal 2.371995e-01 -9.703501e-01 4.644424e-02
      outer loop
         vertex 1.444484e+02 1.791029e+01 5.934738e+01
         vertex 1.443600e+02 1.788065e+01 5.917977e+01
         vertex 1.452127e+02 1.807120e+01 5.880596e+01
      endloop
   endfacet
   facet normal -5.124313e-01 2.813118e-01 8.113432e-01
      outer loop
         vertex 1.415663e+02 2.281200e+01 6.336307e+01
         vertex 1.403928e+02 2.281200e+01 6.262189e+01
         vertex 1.409242e+02 2.265570e+01 6.301168e+01
      endloop
   endfacet
   facet normal -6.074446e-01 -9.973151e-02 7.880766e-01
      outer loop
         vertex 1.409242e+02 2.265570e+01 6.301168e+01
         vertex 1.403928e+02 2.281200e+01 6.262189e+01
         vertex 1.401707e+02 2.240315e+01 6.239893e+01
      endloop
   endfacet
   facet normal -5.932542e-01 -1.492873e-01 7.910517e-01
      outer loop
         vertex 1.409242e+02 2.265570e+01 6.301168e+01
         vertex 1.401707e+02 2.240315e+01 6.239893e+01
         vertex 1.412034e+02 2.174810e+01 6.304982e+01
      endloop
   endfacet
   facet normal -5.932553e-01 -1.492904e-01 7.910502e-01
      outer loop
         vertex 1.412034e+02 2.174810e+01 6.304982e+01
         vertex 1.401707e+02 2.240315e+01 6.239893e+01
         vertex 1.404431e+02 2.149326e+01 6.243151e+01
      endloop
   endfacet
   facet normal -5.280066e-01 -3.266393e-01 7.839105e-01
      outer loop
         vertex 1.412034e+02 2.174810e+01 6.304982e+01
         vertex 1.404431e+02 2.149326e+01 6.243151e+01
         vertex 1.415701e+02 2.087894e+01 6.293464e+01
      endloop
   endfacet
   facet normal -5.280058e-01 -3.266365e-01 7.839122e-01
      outer loop
         vertex 1.415701e+02 2.087894e+01 6.293464e+01
         vertex 1.404431e+02 2.149326e+01 6.243151e+01
         vertex 1.408304e+02 2.063101e+01 6.233311e+01
      endloop
   endfacet
   facet normal -4.438254e-01 -4.923902e-01 7.487128e-01
      outer loop
         vertex 1.415701e+02 2.087894e+01 6.293464e+01
         vertex 1.408304e+02 2.063101e+01 6.233311e+01
         vertex 1.420110e+02 2.007961e+01 6.267031e+01
      endloop
   endfacet
   facet normal -4.438256e-01 -4.923913e-01 7.487120e-01
      outer loop
         vertex 1.420110e+02 2.007961e+01 6.267031e+01
         vertex 1.408304e+02 2.063101e+01 6.233311e+01
         vertex 1.413187e+02 1.984756e+01 6.210729e+01
      endloop
   endfacet
   facet normal -3.436287e-01 -6.406815e-01 6.866196e-01
      outer loop
         vertex 1.420110e+02 2.007961e+01 6.267031e+01
         vertex 1.413187e+02 1.984756e+01 6.210729e+01
         vertex 1.425101e+02 1.937899e+01 6.226637e+01
      endloop
   endfacet
   facet normal -3.436286e-01 -6.406813e-01 6.866199e-01
      outer loop
         vertex 1.425101e+02 1.937899e+01 6.226637e+01
         vertex 1.413187e+02 1.984756e+01 6.210729e+01
         vertex 1.418902e+02 1.917120e+01 6.176220e+01
      endloop
   endfacet
   facet normal -2.309033e-01 -7.661691e-01 5.997238e-01
      outer loop
         vertex 1.425101e+02 1.937899e+01 6.226637e+01
         vertex 1.418902e+02 1.917120e+01 6.176220e+01
         vertex 1.430495e+02 1.880240e+01 6.173741e+01
      endloop
   endfacet
   facet normal -2.309034e-01 -7.661693e-01 5.997235e-01
      outer loop
         vertex 1.430495e+02 1.880240e+01 6.173741e+01
         vertex 1.418902e+02 1.917120e+01 6.176220e+01
         vertex 1.425243e+02 1.862637e+01 6.131031e+01
      endloop
   endfacet
   facet normal -1.096254e-01 -8.642309e-01 4.910063e-01
      outer loop
         vertex 1.430495e+02 1.880240e+01 6.173741e+01
         vertex 1.425243e+02 1.862637e+01 6.131031e+01
         vertex 1.436096e+02 1.837066e+01 6.110255e+01
      endloop
   endfacet
   facet normal -1.096251e-01 -8.642304e-01 4.910073e-01
      outer loop
         vertex 1.436096e+02 1.837066e+01 6.110255e+01
         vertex 1.425243e+02 1.862637e+01 6.131031e+01
         vertex 1.431981e+02 1.823275e+01 6.076795e+01
      endloop
   endfacet
   facet normal 1.585258e-02 -9.311501e-01 3.642913e-01
      outer loop
         vertex 1.436096e+02 1.837066e+01 6.110255e+01
         vertex 1.431981e+02 1.823275e+01 6.076795e+01
         vertex 1.441702e+02 1.809937e+01 6.038473e+01
      endloop
   endfacet
   facet normal 1.585235e-02 -9.311503e-01 3.642908e-01
      outer loop
         vertex 1.441702e+02 1.809937e+01 6.038473e+01
         vertex 1.431981e+02 1.823275e+01 6.076795e+01
         vertex 1.438874e+02 1.800457e+01 6.015471e+01
      endloop
   endfacet
   facet normal 1.409516e-01 -9.643131e-01 2.241269e-01
      outer loop
         vertex 1.441702e+02 1.809937e+01 6.038473e+01
         vertex 1.438874e+02 1.800457e+01 6.015471e+01
         vertex 1.447111e+02 1.799834e+01 5.960987e+01
      endloop
   endfacet
   facet normal 1.409507e-01 -9.643135e-01 2.241256e-01
      outer loop
         vertex 1.447111e+02 1.799834e+01 5.960987e+01
         vertex 1.438874e+02 1.800457e+01 6.015471e+01
         vertex 1.445671e+02 1.795006e+01 5.949274e+01
      endloop
   endfacet
   facet normal 2.610395e-01 -9.623594e-01 7.564847e-02
      outer loop
         vertex 1.447111e+02 1.799834e+01 5.960987e+01
         vertex 1.445671e+02 1.795006e+01 5.949274e+01
         vertex 1.452127e+02 1.807120e+01 5.880596e+01
      endloop
   endfacet
   facet normal -5.082895e-04 -9.994743e-01 3.241833e-02
      outer loop
         vertex 1.433373e+02 1.782021e+01 5.880596e+01
         vertex 1.439050e+02 1.781992e+01 5.880596e+01
         vertex 1.433735e+02 1.783234e+01 5.918072e+01
      endloop
   endfacet
   facet normal 5.343179e-02 -9.926385e-01 1.086919e-01
      outer loop
         vertex 1.433735e+02 1.783234e+01 5.918072e+01
         vertex 1.439050e+02 1.781992e+01 5.880596e+01
         vertex 1.443054e+02 1.786237e+01 5.899679e+01
      endloop
   endfacet
   facet normal 4.881736e-02 -9.951932e-01 8.489580e-02
      outer loop
         vertex 1.433735e+02 1.783234e+01 5.918072e+01
         vertex 1.443054e+02 1.786237e+01 5.899679e+01
         vertex 1.443600e+02 1.788065e+01 5.917977e+01
      endloop
   endfacet
   facet normal 2.299436e-01 -9.727821e-01 2.865254e-02
      outer loop
         vertex 1.443600e+02 1.788065e+01 5.917977e+01
         vertex 1.443054e+02 1.786237e+01 5.899679e+01
         vertex 1.452127e+02 1.807120e+01 5.880596e+01
      endloop
   endfacet
   facet normal 2.262492e-01 -9.740695e-01 0.000000e+00
      outer loop
         vertex 1.452127e+02 1.807120e+01 4.309085e+01
         vertex 1.452127e+02 1.807120e+01 5.880596e+01
         vertex 1.442870e+02 1.785619e+01 4.309085e+01
      endloop
   endfacet
   facet normal 2.262492e-01 -9.740695e-01 0.000000e+00
      outer loop
         vertex 1.442870e+02 1.785619e+01 4.309085e+01
         vertex 1.452127e+02 1.807120e+01 5.880596e+01
         vertex 1.442870e+02 1.785619e+01 5.880596e+01
      endloop
   endfacet
   facet normal 9.452959e-02 -9.955221e-01 0.000000e+00
      outer loop
         vertex 1.442870e+02 1.785619e+01 4.309085e+01
         vertex 1.442870e+02 1.785619e+01 5.880596e+01
         vertex 1.439050e+02 1.781992e+01 4.309085e+01
      endloop
   endfacet
   facet normal 9.452959e-02 -9.955221e-01 0.000000e+00
      outer loop
         vertex 1.439050e+02 1.781992e+01 4.309085e+01
         vertex 1.442870e+02 1.785619e+01 5.880596e+01
         vertex 1.439050e+02 1.781992e+01 5.880596e+01
      endloop
   endfacet
   facet normal -5.085568e-04 -9.999999e-01 0.000000e+00
      outer loop
         vertex 1.439050e+02 1.781992e+01 4.309085e+01
         vertex 1.439050e+02 1.781992e+01 5.880596e+01
         vertex 1.433373e+02 1.782021e+01 4.309085e+01
      endloop
   endfacet
   facet normal -5.085568e-04 -9.999999e-01 0.000000e+00
      outer loop
         vertex 1.433373e+02 1.782021e+01 4.309085e+01
         vertex 1.439050e+02 1.781992e+01 5.880596e+01
         vertex 1.433373e+02 1.782021e+01 5.880596e+01
      endloop
   endfacet
   facet normal -1.336646e-01 -9.910266e-01 0.000000e+00
      outer loop
         vertex 1.433373e+02 1.782021e+01 4.309085e+01
         vertex 1.433373e+02 1.782021e+01 5.880596e+01
         vertex 1.425774e+02 1.792270e+01 4.309085e+01
      endloop
   endfacet
   facet normal -1.336646e-01 -9.910266e-01 0.000000e+00
      outer loop
         vertex 1.425774e+02 1.792270e+01 4.309085e+01
         vertex 1.433373e+02 1.782021e+01 5.880596e+01
         vertex 1.425774e+02 1.792270e+01 5.880596e+01
      endloop
   endfacet
   facet normal -2.272373e-01 -9.738394e-01 0.000000e+00
      outer loop
         vertex 1.425774e+02 1.792270e+01 4.309085e+01
         vertex 1.425774e+02 1.792270e+01 5.880596e+01
         vertex 1.423980e+02 1.796456e+01 4.309085e+01
      endloop
   endfacet
   facet normal -2.272373e-01 -9.738394e-01 0.000000e+00
      outer loop
         vertex 1.423980e+02 1.796456e+01 4.309085e+01
         vertex 1.425774e+02 1.792270e+01 5.880596e+01
         vertex 1.423980e+02 1.796456e+01 5.880596e+01
      endloop
   endfacet
   facet normal -3.361713e-01 -9.418009e-01 0.000000e+00
      outer loop
         vertex 1.423980e+02 1.796456e+01 4.309085e+01
         vertex 1.423980e+02 1.796456e+01 5.880596e+01
         vertex 1.415030e+02 1.828404e+01 4.309085e+01
      endloop
   endfacet
   facet normal -3.361713e-01 -9.418009e-01 0.000000e+00
      outer loop
         vertex 1.415030e+02 1.828404e+01 4.309085e+01
         vertex 1.423980e+02 1.796456e+01 5.880596e+01
         vertex 1.415030e+02 1.828404e+01 5.880596e+01
      endloop
   endfacet
   facet normal -4.421355e-01 -8.969483e-01 0.000000e+00
      outer loop
         vertex 1.415030e+02 1.828404e+01 4.309085e+01
         vertex 1.415030e+02 1.828404e+01 5.880596e+01
         vertex 1.413240e+02 1.837226e+01 4.309085e+01
      endloop
   endfacet
   facet normal -4.421355e-01 -8.969483e-01 0.000000e+00
      outer loop
         vertex 1.413240e+02 1.837226e+01 4.309085e+01
         vertex 1.415030e+02 1.828404e+01 5.880596e+01
         vertex 1.413240e+02 1.837226e+01 5.880596e+01
      endloop
   endfacet
   facet normal -7.536465e-01 6.572798e-01 4.747307e-04
      outer loop
         vertex 1.437550e+02 2.726107e+01 3.809257e+01
         vertex 1.436548e+02 2.714621e+01 3.809094e+01
         vertex 1.436560e+02 2.714511e+01 4.144840e+01
      endloop
   endfacet
   facet normal 9.841481e-01 1.619720e-01 7.223336e-02
      outer loop
         vertex 1.389012e+02 2.861012e+01 4.144840e+01
         vertex 1.389205e+02 2.849246e+01 4.144840e+01
         vertex 1.389719e+02 2.826537e+01 4.125761e+01
      endloop
   endfacet
   facet normal 9.179057e-01 3.555981e-01 -1.760655e-01
      outer loop
         vertex 1.389719e+02 2.826537e+01 4.125761e+01
         vertex 1.389205e+02 2.849246e+01 4.144840e+01
         vertex 1.392856e+02 2.755009e+01 4.144840e+01
      endloop
   endfacet
   facet normal 9.204085e-01 3.838109e-01 -7.441290e-02
      outer loop
         vertex 1.389719e+02 2.826537e+01 4.125761e+01
         vertex 1.392856e+02 2.755009e+01 4.144840e+01
         vertex 1.391014e+02 2.789679e+01 4.095808e+01
      endloop
   endfacet
   facet normal 6.598916e-01 7.513608e-01 -3.820240e-08
      outer loop
         vertex 1.399665e+02 2.680323e+01 4.144840e+01
         vertex 1.399997e+02 2.677404e+01 3.964606e+01
         vertex 1.396491e+02 2.708195e+01 4.005729e+01
      endloop
   endfacet
   facet normal 7.354272e-01 6.768400e-01 -3.216331e-02
      outer loop
         vertex 1.396491e+02 2.708195e+01 4.005729e+01
         vertex 1.394659e+02 2.729319e+01 4.031367e+01
         vertex 1.399665e+02 2.680323e+01 4.144840e+01
      endloop
   endfacet
   facet normal 7.697710e-01 6.349615e-01 -6.539529e-02
      outer loop
         vertex 1.399665e+02 2.680323e+01 4.144840e+01
         vertex 1.394659e+02 2.729319e+01 4.031367e+01
         vertex 1.393300e+02 2.748006e+01 4.052874e+01
      endloop
   endfacet
   facet normal 7.389187e-01 6.736140e-01 -1.559890e-02
      outer loop
         vertex 1.399665e+02 2.680323e+01 4.144840e+01
         vertex 1.393300e+02 2.748006e+01 4.052874e+01
         vertex 1.392856e+02 2.755009e+01 4.144840e+01
      endloop
   endfacet
   facet normal 8.388120e-01 5.444204e-01 -9.352481e-04
      outer loop
         vertex 1.392856e+02 2.755009e+01 4.144840e+01
         vertex 1.393300e+02 2.748006e+01 4.052874e+01
         vertex 1.392863e+02 2.754766e+01 4.060360e+01
      endloop
   endfacet
   facet normal 8.834826e-01 4.684634e-01 -6.835461e-04
      outer loop
         vertex 1.392856e+02 2.755009e+01 4.144840e+01
         vertex 1.392863e+02 2.754766e+01 4.060360e+01
         vertex 1.391014e+02 2.789679e+01 4.095808e+01
      endloop
   endfacet
   facet normal 5.231660e-01 8.522207e-01 -4.154472e-03
      outer loop
         vertex 1.399997e+02 2.677404e+01 3.964606e+01
         vertex 1.399665e+02 2.680323e+01 4.144840e+01
         vertex 1.403507e+02 2.655692e+01 3.931096e+01
      endloop
   endfacet
   facet normal 4.456205e-01 8.949261e-01 -2.301614e-02
      outer loop
         vertex 1.403507e+02 2.655692e+01 3.931096e+01
         vertex 1.399665e+02 2.680323e+01 4.144840e+01
         vertex 1.408711e+02 2.635275e+01 4.144840e+01
      endloop
   endfacet
   facet normal 3.790285e-01 9.253768e-01 -3.893865e-03
      outer loop
         vertex 1.403507e+02 2.655692e+01 3.931096e+01
         vertex 1.408711e+02 2.635275e+01 4.144840e+01
         vertex 1.407631e+02 2.638667e+01 3.899001e+01
      endloop
   endfacet
   facet normal -5.241349e-02 9.986254e-01 4.478028e-04
      outer loop
         vertex 1.418775e+02 2.625951e+01 4.144840e+01
         vertex 1.418743e+02 2.626070e+01 3.840688e+01
         vertex 1.416778e+02 2.625036e+01 3.848504e+01
      endloop
   endfacet
   facet normal 1.536014e-03 9.999937e-01 -3.190932e-03
      outer loop
         vertex 1.416778e+02 2.625036e+01 3.848504e+01
         vertex 1.415659e+02 2.625069e+01 3.853392e+01
         vertex 1.418775e+02 2.625951e+01 4.144840e+01
      endloop
   endfacet
   facet normal 8.166427e-02 9.965907e-01 -1.174508e-02
      outer loop
         vertex 1.418775e+02 2.625951e+01 4.144840e+01
         vertex 1.415659e+02 2.625069e+01 3.853392e+01
         vertex 1.412055e+02 2.628235e+01 3.871454e+01
      endloop
   endfacet
   facet normal 9.225801e-02 9.956316e-01 -1.435703e-02
      outer loop
         vertex 1.418775e+02 2.625951e+01 4.144840e+01
         vertex 1.412055e+02 2.628235e+01 3.871454e+01
         vertex 1.408711e+02 2.635275e+01 4.144840e+01
      endloop
   endfacet
   facet normal 2.111470e-01 9.774541e-01 6.502238e-04
      outer loop
         vertex 1.408711e+02 2.635275e+01 4.144840e+01
         vertex 1.412055e+02 2.628235e+01 3.871454e+01
         vertex 1.408687e+02 2.635497e+01 3.891833e+01
      endloop
   endfacet
   facet normal 2.878539e-01 9.576742e-01 5.588476e-04
      outer loop
         vertex 1.408711e+02 2.635275e+01 4.144840e+01
         vertex 1.408687e+02 2.635497e+01 3.891833e+01
         vertex 1.407631e+02 2.638667e+01 3.899001e+01
      endloop
   endfacet
   facet normal -1.369995e-01 9.905710e-01 5.326928e-04
      outer loop
         vertex 1.418743e+02 2.626070e+01 3.840688e+01
         vertex 1.418775e+02 2.625951e+01 4.144840e+01
         vertex 1.421459e+02 2.629832e+01 3.831423e+01
      endloop
   endfacet
   facet normal -2.736449e-01 9.617617e-01 -1.152834e-02
      outer loop
         vertex 1.421459e+02 2.629832e+01 3.831423e+01
         vertex 1.418775e+02 2.625951e+01 4.144840e+01
         vertex 1.428495e+02 2.653608e+01 4.144840e+01
      endloop
   endfacet
   facet normal -2.683934e-01 9.632241e-01 -1.281816e-02
      outer loop
         vertex 1.421459e+02 2.629832e+01 3.831423e+01
         vertex 1.428495e+02 2.653608e+01 4.144840e+01
         vertex 1.425755e+02 2.641653e+01 3.820195e+01
      endloop
   endfacet
   facet normal -6.930036e-01 7.209339e-01 4.747423e-04
      outer loop
         vertex 1.436548e+02 2.714621e+01 3.809094e+01
         vertex 1.433983e+02 2.689957e+01 3.809593e+01
         vertex 1.436560e+02 2.714511e+01 4.144840e+01
      endloop
   endfacet
   facet normal -5.810850e-01 8.137060e-01 -1.492447e-02
      outer loop
         vertex 1.436560e+02 2.714511e+01 4.144840e+01
         vertex 1.433983e+02 2.689957e+01 3.809593e+01
         vertex 1.430041e+02 2.661873e+01 3.812938e+01
      endloop
   endfacet
   facet normal -6.026140e-01 7.979907e-01 -8.203765e-03
      outer loop
         vertex 1.436560e+02 2.714511e+01 4.144840e+01
         vertex 1.430041e+02 2.661873e+01 3.812938e+01
         vertex 1.428495e+02 2.653608e+01 4.144840e+01
      endloop
   endfacet
   facet normal -4.768625e-01 8.789778e-01 -3.280163e-04
      outer loop
         vertex 1.428495e+02 2.653608e+01 4.144840e+01
         vertex 1.430041e+02 2.661873e+01 3.812938e+01
         vertex 1.428490e+02 2.653455e+01 3.815124e+01
      endloop
   endfacet
   facet normal -3.963307e-01 9.181078e-01 -3.594049e-04
      outer loop
         vertex 1.428495e+02 2.653608e+01 4.144840e+01
         vertex 1.428490e+02 2.653455e+01 3.815124e+01
         vertex 1.425755e+02 2.641653e+01 3.820195e+01
      endloop
   endfacet
   facet normal -9.040284e-01 4.274724e-01 -4.228969e-07
      outer loop
         vertex 1.441880e+02 2.800436e+01 4.144840e+01
         vertex 1.441880e+02 2.800435e+01 3.811518e+01
         vertex 1.440187e+02 2.764623e+01 3.810528e+01
      endloop
   endfacet
   facet normal -8.501421e-01 5.263846e-01 -1.332610e-02
      outer loop
         vertex 1.441880e+02 2.800436e+01 4.144840e+01
         vertex 1.440187e+02 2.764623e+01 3.810528e+01
         vertex 1.436560e+02 2.714511e+01 4.144840e+01
      endloop
   endfacet
   facet normal -8.511650e-01 5.247198e-01 -1.368661e-02
      outer loop
         vertex 1.436560e+02 2.714511e+01 4.144840e+01
         vertex 1.440187e+02 2.764623e+01 3.810528e+01
         vertex 1.439084e+02 2.746714e+01 3.809896e+01
      endloop
   endfacet
   facet normal -8.021664e-01 5.970929e-01 -3.036516e-03
      outer loop
         vertex 1.436560e+02 2.714511e+01 4.144840e+01
         vertex 1.439084e+02 2.746714e+01 3.809896e+01
         vertex 1.437550e+02 2.726107e+01 3.809257e+01
      endloop
   endfacet
   facet normal -9.978309e-01 6.582876e-02 -3.691306e-08
      outer loop
         vertex 1.443737e+02 2.899778e+01 4.144840e+01
         vertex 1.443737e+02 2.899777e+01 3.812666e+01
         vertex 1.443499e+02 2.863649e+01 3.812510e+01
      endloop
   endfacet
   facet normal -9.828909e-01 1.837349e-01 -1.292500e-02
      outer loop
         vertex 1.443737e+02 2.899778e+01 4.144840e+01
         vertex 1.443499e+02 2.863649e+01 3.812510e+01
         vertex 1.441880e+02 2.800436e+01 4.144840e+01
      endloop
   endfacet
   facet normal -9.747201e-01 2.233740e-01 -4.987227e-03
      outer loop
         vertex 1.441880e+02 2.800436e+01 4.144840e+01
         vertex 1.443499e+02 2.863649e+01 3.812510e+01
         vertex 1.442353e+02 2.813624e+01 3.811801e+01
      endloop
   endfacet
   facet normal -9.413739e-01 3.373649e-01 -7.903942e-08
      outer loop
         vertex 1.441880e+02 2.800436e+01 4.144840e+01
         vertex 1.442353e+02 2.813624e+01 3.811801e+01
         vertex 1.441880e+02 2.800435e+01 3.811518e+01
      endloop
   endfacet
   facet normal -9.556739e-01 -2.944272e-01 4.922334e-07
      outer loop
         vertex 1.441880e+02 2.999119e+01 4.144840e+01
         vertex 1.441880e+02 2.999120e+01 3.811520e+01
         vertex 1.443025e+02 2.961964e+01 3.812214e+01
      endloop
   endfacet
   facet normal -9.828860e-01 -1.837338e-01 -1.330065e-02
      outer loop
         vertex 1.441880e+02 2.999119e+01 4.144840e+01
         vertex 1.443025e+02 2.961964e+01 3.812214e+01
         vertex 1.443737e+02 2.899778e+01 4.144840e+01
      endloop
   endfacet
   facet normal -9.902837e-01 -1.389798e-01 -4.775213e-03
      outer loop
         vertex 1.443737e+02 2.899778e+01 4.144840e+01
         vertex 1.443025e+02 2.961964e+01 3.812214e+01
         vertex 1.443702e+02 2.913708e+01 3.812643e+01
      endloop
   endfacet
   facet normal -9.996788e-01 -2.534318e-02 1.421103e-08
      outer loop
         vertex 1.443737e+02 2.899778e+01 4.144840e+01
         vertex 1.443702e+02 2.913708e+01 3.812643e+01
         vertex 1.443737e+02 2.899777e+01 3.812666e+01
      endloop
   endfacet
   facet normal -7.241653e-01 -6.896263e-01 4.642923e-04
      outer loop
         vertex 1.435925e+02 3.091482e+01 3.809094e+01
         vertex 1.436548e+02 3.084941e+01 3.809094e+01
         vertex 1.436560e+02 3.085044e+01 4.144840e+01
      endloop
   endfacet
   facet normal -7.847297e-01 -6.198380e-01 4.640884e-04
      outer loop
         vertex 1.436560e+02 3.085044e+01 4.144840e+01
         vertex 1.436548e+02 3.084941e+01 3.809094e+01
         vertex 1.439084e+02 3.052842e+01 3.809896e+01
      endloop
   endfacet
   facet normal -8.501405e-01 -5.263842e-01 -1.344940e-02
      outer loop
         vertex 1.436560e+02 3.085044e+01 4.144840e+01
         vertex 1.439084e+02 3.052842e+01 3.809896e+01
         vertex 1.441880e+02 2.999119e+01 4.144840e+01
      endloop
   endfacet
   facet normal -8.783772e-01 -4.779565e-01 -3.324492e-03
      outer loop
         vertex 1.441880e+02 2.999119e+01 4.144840e+01
         vertex 1.439084e+02 3.052842e+01 3.809896e+01
         vertex 1.441500e+02 3.008433e+01 3.811294e+01
      endloop
   endfacet
   facet normal -9.257101e-01 -3.782338e-01 2.948317e-07
      outer loop
         vertex 1.441880e+02 2.999119e+01 4.144840e+01
         vertex 1.441500e+02 3.008433e+01 3.811294e+01
         vertex 1.441880e+02 2.999120e+01 3.811520e+01
      endloop
   endfacet
   facet normal -6.520698e-01 -7.581557e-01 -2.212755e-03
      outer loop
         vertex 1.435925e+02 3.091482e+01 3.809094e+01
         vertex 1.436560e+02 3.085044e+01 4.144840e+01
         vertex 1.432123e+02 3.124179e+01 3.810780e+01
      endloop
   endfacet
   facet normal -6.025792e-01 -7.979458e-01 -1.344723e-02
      outer loop
         vertex 1.432123e+02 3.124179e+01 3.810780e+01
         vertex 1.436560e+02 3.085044e+01 4.144840e+01
         vertex 1.428495e+02 3.145947e+01 4.144840e+01
      endloop
   endfacet
   facet normal -5.173370e-01 -8.557816e-01 -4.205277e-04
      outer loop
         vertex 1.432123e+02 3.124179e+01 3.810780e+01
         vertex 1.428495e+02 3.145947e+01 4.144840e+01
         vertex 1.428497e+02 3.146095e+01 3.815111e+01
      endloop
   endfacet
   facet normal -2.736339e-01 -9.617201e-01 -1.479761e-02
      outer loop
         vertex 1.418775e+02 3.173604e+01 4.144840e+01
         vertex 1.423400e+02 3.165352e+01 3.825845e+01
         vertex 1.428495e+02 3.145947e+01 4.144840e+01
      endloop
   endfacet
   facet normal -3.416784e-01 -9.398133e-01 -2.596916e-03
      outer loop
         vertex 1.428495e+02 3.145947e+01 4.144840e+01
         vertex 1.423400e+02 3.165352e+01 3.825845e+01
         vertex 1.427875e+02 3.149109e+01 3.816127e+01
      endloop
   endfacet
   facet normal -4.360179e-01 -8.999379e-01 -4.344158e-04
      outer loop
         vertex 1.428495e+02 3.145947e+01 4.144840e+01
         vertex 1.427875e+02 3.149109e+01 3.816127e+01
         vertex 1.428497e+02 3.146095e+01 3.815111e+01
      endloop
   endfacet
   facet normal 3.811088e-02 -9.992449e-01 -7.563784e-03
      outer loop
         vertex 1.414452e+02 3.174119e+01 3.859040e+01
         vertex 1.415664e+02 3.174625e+01 3.853370e+01
         vertex 1.418775e+02 3.173604e+01 4.144840e+01
      endloop
   endfacet
   facet normal -3.826632e-02 -9.992674e-01 5.860535e-04
      outer loop
         vertex 1.418775e+02 3.173604e+01 4.144840e+01
         vertex 1.415664e+02 3.174625e+01 3.853370e+01
         vertex 1.418915e+02 3.173372e+01 3.840049e+01
      endloop
   endfacet
   facet normal -1.760398e-01 -9.843831e-01 -6.031144e-05
      outer loop
         vertex 1.418775e+02 3.173604e+01 4.144840e+01
         vertex 1.418915e+02 3.173372e+01 3.840049e+01
         vertex 1.423400e+02 3.165352e+01 3.825845e+01
      endloop
   endfacet
   facet normal 4.122528e-01 -9.109747e-01 -1.313810e-02
      outer loop
         vertex 1.403907e+02 3.145669e+01 3.927672e+01
         vertex 1.405310e+02 3.152184e+01 3.916209e+01
         vertex 1.408711e+02 3.164280e+01 4.144840e+01
      endloop
   endfacet
   facet normal 3.356017e-01 -9.420040e-01 -9.308950e-05
      outer loop
         vertex 1.408711e+02 3.164280e+01 4.144840e+01
         vertex 1.405310e+02 3.152184e+01 3.916209e+01
         vertex 1.408681e+02 3.164196e+01 3.891872e+01
      endloop
   endfacet
   facet normal 9.226843e-02 -9.957341e-01 2.166224e-04
      outer loop
         vertex 1.408711e+02 3.164280e+01 4.144840e+01
         vertex 1.408681e+02 3.164196e+01 3.891872e+01
         vertex 1.418775e+02 3.173604e+01 4.144840e+01
      endloop
   endfacet
   facet normal 2.213229e-01 -9.738083e-01 -5.209182e-02
      outer loop
         vertex 1.418775e+02 3.173604e+01 4.144840e+01
         vertex 1.408681e+02 3.164196e+01 3.891872e+01
         vertex 1.409813e+02 3.167158e+01 3.884611e+01
      endloop
   endfacet
   facet normal 1.362839e-01 -9.904166e-01 -2.239609e-02
      outer loop
         vertex 1.418775e+02 3.173604e+01 4.144840e+01
         vertex 1.409813e+02 3.167158e+01 3.884611e+01
         vertex 1.414452e+02 3.174119e+01 3.859040e+01
      endloop
   endfacet
   facet normal 7.228225e-01 -6.907203e-01 -2.081129e-02
      outer loop
         vertex 1.394668e+02 3.070366e+01 4.031235e+01
         vertex 1.397550e+02 3.101697e+01 3.992335e+01
         vertex 1.399665e+02 3.119232e+01 4.144840e+01
      endloop
   endfacet
   facet normal 6.427064e-01 -7.661119e-01 -1.033700e-03
      outer loop
         vertex 1.399665e+02 3.119232e+01 4.144840e+01
         vertex 1.397550e+02 3.101697e+01 3.992335e+01
         vertex 1.399631e+02 3.119188e+01 3.968497e+01
      endloop
   endfacet
   facet normal 4.457384e-01 -8.951630e-01 -6.262087e-04
      outer loop
         vertex 1.399665e+02 3.119232e+01 4.144840e+01
         vertex 1.399631e+02 3.119188e+01 3.968497e+01
         vertex 1.408711e+02 3.164280e+01 4.144840e+01
      endloop
   endfacet
   facet normal 5.347881e-01 -8.428638e-01 -5.985296e-02
      outer loop
         vertex 1.408711e+02 3.164280e+01 4.144840e+01
         vertex 1.399631e+02 3.119188e+01 3.968497e+01
         vertex 1.401034e+02 3.129119e+01 3.954014e+01
      endloop
   endfacet
   facet normal 4.778316e-01 -8.779226e-01 -3.047862e-02
      outer loop
         vertex 1.408711e+02 3.164280e+01 4.144840e+01
         vertex 1.401034e+02 3.129119e+01 3.954014e+01
         vertex 1.403907e+02 3.145669e+01 3.927672e+01
      endloop
   endfacet
   facet normal 9.180590e-01 -3.414617e-01 -2.014241e-01
      outer loop
         vertex 1.389947e+02 2.980940e+01 4.120078e+01
         vertex 1.392856e+02 3.044546e+01 4.144840e+01
         vertex 1.389144e+02 2.946953e+01 4.141087e+01
      endloop
   endfacet
   facet normal 9.192342e-01 -3.561127e-01 1.679055e-01
      outer loop
         vertex 1.389144e+02 2.946953e+01 4.141087e+01
         vertex 1.392856e+02 3.044546e+01 4.144840e+01
         vertex 1.389205e+02 2.950309e+01 4.144840e+01
      endloop
   endfacet
   facet normal 9.865943e-01 -1.623746e-01 -1.631583e-02
      outer loop
         vertex 1.389144e+02 2.946953e+01 4.141087e+01
         vertex 1.389205e+02 2.950309e+01 4.144840e+01
         vertex 1.389012e+02 2.938543e+01 4.144840e+01
      endloop
   endfacet
   facet normal 9.147620e-01 -4.017244e-01 -4.275481e-02
      outer loop
         vertex 1.389947e+02 2.980940e+01 4.120078e+01
         vertex 1.391587e+02 3.022107e+01 4.084066e+01
         vertex 1.392856e+02 3.044546e+01 4.144840e+01
      endloop
   endfacet
   facet normal 8.712852e-01 -4.907764e-01 -7.922634e-04
      outer loop
         vertex 1.392856e+02 3.044546e+01 4.144840e+01
         vertex 1.391587e+02 3.022107e+01 4.084066e+01
         vertex 1.392862e+02 3.044792e+01 4.060363e+01
      endloop
   endfacet
   facet normal 7.390075e-01 -6.736957e-01 -1.420085e-03
      outer loop
         vertex 1.392856e+02 3.044546e+01 4.144840e+01
         vertex 1.392862e+02 3.044792e+01 4.060363e+01
         vertex 1.399665e+02 3.119232e+01 4.144840e+01
      endloop
   endfacet
   facet normal 7.791181e-01 -6.218252e-01 -7.942590e-02
      outer loop
         vertex 1.399665e+02 3.119232e+01 4.144840e+01
         vertex 1.392862e+02 3.044792e+01 4.060363e+01
         vertex 1.394116e+02 3.063142e+01 4.039677e+01
      endloop
   endfacet
   facet normal 7.605146e-01 -6.468801e-01 -5.624665e-02
      outer loop
         vertex 1.399665e+02 3.119232e+01 4.144840e+01
         vertex 1.394116e+02 3.063142e+01 4.039677e+01
         vertex 1.394668e+02 3.070366e+01 4.031235e+01
      endloop
   endfacet
   facet normal 0.000000e+00 0.000000e+00 -1.000000e+00
      outer loop
         vertex 1.389205e+02 2.849246e+01 4.144840e+01
         vertex 1.401188e+02 2.862684e+01 4.144840e+01
         vertex 1.392856e+02 2.755009e+01 4.144840e+01
      endloop
   endfacet
   facet normal 0.000000e+00 0.000000e+00 -1.000000e+00
      outer loop
         vertex 1.392856e+02 2.755009e+01 4.144840e+01
         vertex 1.401188e+02 2.862684e+01 4.144840e+01
         vertex 1.404635e+02 2.796994e+01 4.144840e+01
      endloop
   endfacet
   facet normal 0.000000e+00 0.000000e+00 -1.000000e+00
      outer loop
         vertex 1.392856e+02 2.755009e+01 4.144840e+01
         vertex 1.404635e+02 2.796994e+01 4.144840e+01
         vertex 1.399665e+02 2.680323e+01 4.144840e+01
      endloop
   endfacet
   facet normal 0.000000e+00 0.000000e+00 -1.000000e+00
      outer loop
         vertex 1.399665e+02 2.680323e+01 4.144840e+01
         vertex 1.404635e+02 2.796994e+01 4.144840e+01
         vertex 1.410741e+02 2.754850e+01 4.144840e+01
      endloop
   endfacet
   facet normal 0.000000e+00 -0.000000e+00 -1.000000e+00
      outer loop
         vertex 1.429962e+02 2.827745e+01 4.144840e+01
         vertex 1.436560e+02 2.714511e+01 4.144840e+01
         vertex 1.425042e+02 2.772215e+01 4.144840e+01
      endloop
   endfacet
   facet normal 0.000000e+00 0.000000e+00 -1.000000e+00
      outer loop
         vertex 1.425042e+02 2.772215e+01 4.144840e+01
         vertex 1.436560e+02 2.714511e+01 4.144840e+01
         vertex 1.428495e+02 2.653608e+01 4.144840e+01
      endloop
   endfacet
   facet normal 0.000000e+00 -0.000000e+00 -1.000000e+00
      outer loop
         vertex 1.425042e+02 2.772215e+01 4.144840e+01
         vertex 1.428495e+02 2.653608e+01 4.144840e+01
         vertex 1.418105e+02 2.745908e+01 4.144840e+01
      endloop
   endfacet
   facet normal 0.000000e+00 0.000000e+00 -1.000000e+00
      outer loop
         vertex 1.418105e+02 2.745908e+01 4.144840e+01
         vertex 1.428495e+02 2.653608e+01 4.144840e+01
         vertex 1.418775e+02 2.625951e+01 4.144840e+01
      endloop
   endfacet
   facet normal -0.000000e+00 -0.000000e+00 -1.000000e+00
      outer loop
         vertex 1.418105e+02 2.745908e+01 4.144840e+01
         vertex 1.418775e+02 2.625951e+01 4.144840e+01
         vertex 1.410741e+02 2.754850e+01 4.144840e+01
      endloop
   endfacet
   facet normal 0.000000e+00 -0.000000e+00 -1.000000e+00
      outer loop
         vertex 1.410741e+02 2.754850e+01 4.144840e+01
         vertex 1.418775e+02 2.625951e+01 4.144840e+01
         vertex 1.408711e+02 2.635275e+01 4.144840e+01
      endloop
   endfacet
   facet normal 0.000000e+00 0.000000e+00 -1.000000e+00
      outer loop
         vertex 1.410741e+02 2.754850e+01 4.144840e+01
         vertex 1.408711e+02 2.635275e+01 4.144840e+01
         vertex 1.399665e+02 2.680323e+01 4.144840e+01
      endloop
   endfacet
   facet normal 0.000000e+00 0.000000e+00 -1.000000e+00
      outer loop
         vertex 1.404635e+02 3.002562e+01 4.144840e+01
         vertex 1.399665e+02 3.119232e+01 4.144840e+01
         vertex 1.410741e+02 3.044705e+01 4.144840e+01
      endloop
   endfacet
   facet normal 0.000000e+00 0.000000e+00 -1.000000e+00
      outer loop
         vertex 1.410741e+02 3.044705e+01 4.144840e+01
         vertex 1.399665e+02 3.119232e+01 4.144840e+01
         vertex 1.408711e+02 3.164280e+01 4.144840e+01
      endloop
   endfacet
   facet normal 0.000000e+00 0.000000e+00 -1.000000e+00
      outer loop
         vertex 1.410741e+02 3.044705e+01 4.144840e+01
         vertex 1.408711e+02 3.164280e+01 4.144840e+01
         vertex 1.418105e+02 3.053647e+01 4.144840e+01
      endloop
   endfacet
   facet normal 0.000000e+00 0.000000e+00 -1.000000e+00
      outer loop
         vertex 1.418105e+02 3.053647e+01 4.144840e+01
         vertex 1.408711e+02 3.164280e+01 4.144840e+01
         vertex 1.418775e+02 3.173604e+01 4.144840e+01
      endloop
   endfacet
   facet normal 0.000000e+00 0.000000e+00 -1.000000e+00
      outer loop
         vertex 1.418105e+02 3.053647e+01 4.144840e+01
         vertex 1.418775e+02 3.173604e+01 4.144840e+01
         vertex 1.425042e+02 3.027340e+01 4.144840e+01
      endloop
   endfacet
   facet normal 0.000000e+00 0.000000e+00 -1.000000e+00
      outer loop
         vertex 1.389205e+02 2.849246e+01 4.144840e+01
         vertex 1.389012e+02 2.861012e+01 4.144840e+01
         vertex 1.401188e+02 2.862684e+01 4.144840e+01
      endloop
   endfacet
   facet normal -0.000000e+00 0.000000e+00 -1.000000e+00
      outer loop
         vertex 1.401188e+02 2.862684e+01 4.144840e+01
         vertex 1.389012e+02 2.861012e+01 4.144840e+01
         vertex 1.389012e+02 2.938543e+01 4.144840e+01
      endloop
   endfacet
   facet normal 0.000000e+00 0.000000e+00 -1.000000e+00
      outer loop
         vertex 1.401188e+02 2.862684e+01 4.144840e+01
         vertex 1.389012e+02 2.938543e+01 4.144840e+01
         vertex 1.401188e+02 2.936871e+01 4.144840e+01
      endloop
   endfacet
   facet normal 0.000000e+00 0.000000e+00 -1.000000e+00
      outer loop
         vertex 1.401188e+02 2.936871e+01 4.144840e+01
         vertex 1.389012e+02 2.938543e+01 4.144840e+01
         vertex 1.389205e+02 2.950309e+01 4.144840e+01
      endloop
   endfacet
   facet normal 0.000000e+00 0.000000e+00 -1.000000e+00
      outer loop
         vertex 1.401188e+02 2.936871e+01 4.144840e+01
         vertex 1.389205e+02 2.950309e+01 4.144840e+01
         vertex 1.404635e+02 3.002562e+01 4.144840e+01
      endloop
   endfacet
   facet normal -0.000000e+00 0.000000e+00 -1.000000e+00
      outer loop
         vertex 1.404635e+02 3.002562e+01 4.144840e+01
         vertex 1.389205e+02 2.950309e+01 4.144840e+01
         vertex 1.392856e+02 3.044546e+01 4.144840e+01
      endloop
   endfacet
   facet normal 0.000000e+00 0.000000e+00 -1.000000e+00
      outer loop
         vertex 1.404635e+02 3.002562e+01 4.144840e+01
         vertex 1.392856e+02 3.044546e+01 4.144840e+01
         vertex 1.399665e+02 3.119232e+01 4.144840e+01
      endloop
   endfacet
   facet normal 0.000000e+00 0.000000e+00 -1.000000e+00
      outer loop
         vertex 1.418775e+02 3.173604e+01 4.144840e+01
         vertex 1.428495e+02 3.145947e+01 4.144840e+01
         vertex 1.425042e+02 3.027340e+01 4.144840e+01
      endloop
   endfacet
   facet normal 0.000000e+00 0.000000e+00 -1.000000e+00
      outer loop
         vertex 1.425042e+02 3.027340e+01 4.144840e+01
         vertex 1.428495e+02 3.145947e+01 4.144840e+01
         vertex 1.436560e+02 3.085044e+01 4.144840e+01
      endloop
   endfacet
   facet normal 0.000000e+00 0.000000e+00 -1.000000e+00
      outer loop
         vertex 1.425042e+02 3.027340e+01 4.144840e+01
         vertex 1.436560e+02 3.085044e+01 4.144840e+01
         vertex 1.429962e+02 2.971810e+01 4.144840e+01
      endloop
   endfacet
   facet normal 0.000000e+00 0.000000e+00 -1.000000e+00
      outer loop
         vertex 1.429962e+02 2.971810e+01 4.144840e+01
         vertex 1.436560e+02 3.085044e+01 4.144840e+01
         vertex 1.441880e+02 2.999119e+01 4.144840e+01
      endloop
   endfacet
   facet normal 0.000000e+00 0.000000e+00 -1.000000e+00
      outer loop
         vertex 1.429962e+02 2.971810e+01 4.144840e+01
         vertex 1.441880e+02 2.999119e+01 4.144840e+01
         vertex 1.431737e+02 2.899778e+01 4.144840e+01
      endloop
   endfacet
   facet normal 0.000000e+00 0.000000e+00 -1.000000e+00
      outer loop
         vertex 1.431737e+02 2.899778e+01 4.144840e+01
         vertex 1.441880e+02 2.999119e+01 4.144840e+01
         vertex 1.443737e+02 2.899778e+01 4.144840e+01
      endloop
   endfacet
   facet normal 0.000000e+00 -0.000000e+00 -1.000000e+00
      outer loop
         vertex 1.431737e+02 2.899778e+01 4.144840e+01
         vertex 1.443737e+02 2.899778e+01 4.144840e+01
         vertex 1.429962e+02 2.827745e+01 4.144840e+01
      endloop
   endfacet
   facet normal 0.000000e+00 0.000000e+00 -1.000000e+00
      outer loop
         vertex 1.429962e+02 2.827745e+01 4.144840e+01
         vertex 1.443737e+02 2.899778e+01 4.144840e+01
         vertex 1.441880e+02 2.800436e+01 4.144840e+01
      endloop
   endfacet
   facet normal 0.000000e+00 0.000000e+00 -1.000000e+00
      outer loop
         vertex 1.429962e+02 2.827745e+01 4.144840e+01
         vertex 1.441880e+02 2.800436e+01 4.144840e+01
         vertex 1.436560e+02 2.714511e+01 4.144840e+01
      endloop
   endfacet
   facet normal -9.709429e-01 -2.393114e-01 0.000000e+00
      outer loop
         vertex 1.431737e+02 2.899778e+01 4.144840e+01
         vertex 1.431737e+02 2.899778e+01 4.254840e+01
         vertex 1.429962e+02 2.971810e+01 4.144840e+01
      endloop
   endfacet
   facet normal -9.709429e-01 -2.393114e-01 0.000000e+00
      outer loop
         vertex 1.429962e+02 2.971810e+01 4.144840e+01
         vertex 1.431737e+02 2.899778e+01 4.254840e+01
         vertex 1.429962e+02 2.971810e+01 4.254840e+01
      endloop
   endfacet
   facet normal -7.485095e-01 -6.631240e-01 0.000000e+00
      outer loop
         vertex 1.429962e+02 2.971810e+01 4.144840e+01
         vertex 1.429962e+02 2.971810e+01 4.254840e+01
         vertex 1.425042e+02 3.027340e+01 4.144840e+01
      endloop
   endfacet
   facet normal -7.485095e-01 -6.631240e-01 0.000000e+00
      outer loop
         vertex 1.425042e+02 3.027340e+01 4.144840e+01
         vertex 1.429962e+02 2.971810e+01 4.254840e+01
         vertex 1.425042e+02 3.027340e+01 4.254840e+01
      endloop
   endfacet
   facet normal -3.546049e-01 -9.350162e-01 0.000000e+00
      outer loop
         vertex 1.425042e+02 3.027340e+01 4.144840e+01
         vertex 1.425042e+02 3.027340e+01 4.254840e+01
         vertex 1.418105e+02 3.053647e+01 4.144840e+01
      endloop
   endfacet
   facet normal -3.546049e-01 -9.350162e-01 0.000000e+00
      outer loop
         vertex 1.418105e+02 3.053647e+01 4.144840e+01
         vertex 1.425042e+02 3.027340e+01 4.254840e+01
         vertex 1.418105e+02 3.053647e+01 4.254840e+01
      endloop
   endfacet
   facet normal 1.205366e-01 -9.927089e-01 0.000000e+00
      outer loop
         vertex 1.418105e+02 3.053647e+01 4.144840e+01
         vertex 1.418105e+02 3.053647e+01 4.254840e+01
         vertex 1.410741e+02 3.044705e+01 4.144840e+01
      endloop
   endfacet
   facet normal 1.205366e-01 -9.927089e-01 0.000000e+00
      outer loop
         vertex 1.410741e+02 3.044705e+01 4.144840e+01
         vertex 1.418105e+02 3.053647e+01 4.254840e+01
         vertex 1.410741e+02 3.044705e+01 4.254840e+01
      endloop
   endfacet
   facet normal 5.680652e-01 -8.229835e-01 0.000000e+00
      outer loop
         vertex 1.410741e+02 3.044705e+01 4.144840e+01
         vertex 1.410741e+02 3.044705e+01 4.254840e+01
         vertex 1.404635e+02 3.002562e+01 4.144840e+01
      endloop
   endfacet
   facet normal 5.680652e-01 -8.229835e-01 0.000000e+00
      outer loop
         vertex 1.404635e+02 3.002562e+01 4.144840e+01
         vertex 1.410741e+02 3.044705e+01 4.254840e+01
         vertex 1.404635e+02 3.002562e+01 4.254840e+01
      endloop
   endfacet
   facet normal 8.854560e-01 -4.647231e-01 0.000000e+00
      outer loop
         vertex 1.404635e+02 3.002562e+01 4.144840e+01
         vertex 1.404635e+02 3.002562e+01 4.254840e+01
         vertex 1.401188e+02 2.936871e+01 4.144840e+01
      endloop
   endfacet
   facet normal 8.854560e-01 -4.647231e-01 0.000000e+00
      outer loop
         vertex 1.401188e+02 2.936871e+01 4.144840e+01
         vertex 1.404635e+02 3.002562e+01 4.254840e+01
         vertex 1.401188e+02 2.936871e+01 4.254840e+01
      endloop
   endfacet
   facet normal 1.000000e+00 0.000000e+00 -0.000000e+00
      outer loop
         vertex 1.401188e+02 2.936871e+01 4.144840e+01
         vertex 1.401188e+02 2.936871e+01 4.254840e+01
         vertex 1.401188e+02 2.862684e+01 4.144840e+01
      endloop
   endfacet
   facet normal 1.000000e+00 0.000000e+00 0.000000e+00
      outer loop
         vertex 1.401188e+02 2.862684e+01 4.144840e+01
         vertex 1.401188e+02 2.936871e+01 4.254840e+01
         vertex 1.401188e+02 2.862684e+01 4.254840e+01
      endloop
   endfacet
   facet normal 8.854558e-01 4.647237e-01 -0.000000e+00
      outer loop
         vertex 1.401188e+02 2.862684e+01 4.144840e+01
         vertex 1.401188e+02 2.862684e+01 4.254840e+01
         vertex 1.404635e+02 2.796994e+01 4.144840e+01
      endloop
   endfacet
   facet normal 8.854558e-01 4.647237e-01 -0.000000e+00
      outer loop
         vertex 1.404635e+02 2.796994e+01 4.144840e+01
         vertex 1.401188e+02 2.862684e+01 4.254840e+01
         vertex 1.404635e+02 2.796994e+01 4.254840e+01
      endloop
   endfacet
   facet normal 5.680669e-01 8.229824e-01 -0.000000e+00
      outer loop
         vertex 1.404635e+02 2.796994e+01 4.144840e+01
         vertex 1.404635e+02 2.796994e+01 4.254840e+01
         vertex 1.410741e+02 2.754850e+01 4.144840e+01
      endloop
   endfacet
   facet normal 5.680669e-01 8.229824e-01 -0.000000e+00
      outer loop
         vertex 1.410741e+02 2.754850e+01 4.144840e+01
         vertex 1.404635e+02 2.796994e+01 4.254840e+01
         vertex 1.410741e+02 2.754850e+01 4.254840e+01
      endloop
   endfacet
   facet normal 1.205366e-01 9.927089e-01 -0.000000e+00
      outer loop
         vertex 1.410741e+02 2.754850e+01 4.144840e+01
         vertex 1.410741e+02 2.754850e+01 4.254840e+01
         vertex 1.418105e+02 2.745908e+01 4.144840e+01
      endloop
   endfacet
   facet normal 1.205366e-01 9.927089e-01 -0.000000e+00
      outer loop
         vertex 1.418105e+02 2.745908e+01 4.144840e+01
         vertex 1.410741e+02 2.754850e+01 4.254840e+01
         vertex 1.418105e+02 2.745908e+01 4.254840e+01
      endloop
   endfacet
   facet normal -3.546060e-01 9.350158e-01 0.000000e+00
      outer loop
         vertex 1.418105e+02 2.745908e+01 4.144840e+01
         vertex 1.418105e+02 2.745908e+01 4.254840e+01
         vertex 1.425042e+02 2.772215e+01 4.144840e+01
      endloop
   endfacet
   facet normal -3.546060e-01 9.350158e-01 0.000000e+00
      outer loop
         vertex 1.425042e+02 2.772215e+01 4.144840e+01
         vertex 1.418105e+02 2.745908e+01 4.254840e+01
         vertex 1.425042e+02 2.772215e+01 4.254840e+01
      endloop
   endfacet
   facet normal -7.485095e-01 6.631240e-01 0.000000e+00
      outer loop
         vertex 1.425042e+02 2.772215e+01 4.144840e+01
         vertex 1.425042e+02 2.772215e+01 4.254840e+01
         vertex 1.429962e+02 2.827745e+01 4.144840e+01
      endloop
   endfacet
   facet normal -7.485095e-01 6.631240e-01 0.000000e+00
      outer loop
         vertex 1.429962e+02 2.827745e+01 4.144840e+01
         vertex 1.425042e+02 2.772215e+01 4.254840e+01
         vertex 1.429962e+02 2.827745e+01 4.254840e+01
      endloop
   endfacet
   facet normal -9.709429e-01 2.393114e-01 0.000000e+00
      outer loop
         vertex 1.429962e+02 2.827745e+01 4.144840e+01
         vertex 1.429962e+02 2.827745e+01 4.254840e+01
         vertex 1.431737e+02 2.899778e+01 4.144840e+01
      endloop
   endfacet
   facet normal -9.709429e-01 2.393114e-01 0.000000e+00
      outer loop
         vertex 1.431737e+02 2.899778e+01 4.144840e+01
         vertex 1.429962e+02 2.827745e+01 4.254840e+01
         vertex 1.431737e+02 2.899778e+01 4.254840e+01
      endloop
   endfacet
   facet normal 9.629236e-01 -2.515448e-01 9.748477e-02
      outer loop
         vertex 1.389012e+02 2.938543e+01 6.044840e+01
         vertex 1.390594e+02 2.999119e+01 6.044840e+01
         vertex 1.389719e+02 2.973018e+01 6.063920e+01
      endloop
   endfacet
   facet normal 9.459043e-01 -3.242965e-01 -9.844299e-03
      outer loop
         vertex 1.389719e+02 2.973018e+01 6.063920e+01
         vertex 1.390594e+02 2.999119e+01 6.044840e+01
         vertex 1.391014e+02 3.009876e+01 6.093873e+01
      endloop
   endfacet
   facet normal 8.587767e-01 -5.108974e-01 3.855511e-02
      outer loop
         vertex 1.391014e+02 3.009876e+01 6.093873e+01
         vertex 1.390594e+02 2.999119e+01 6.044840e+01
         vertex 1.393300e+02 3.051550e+01 6.136807e+01
      endloop
   endfacet
   facet normal 8.491595e-01 -5.257768e-01 4.986792e-02
      outer loop
         vertex 1.393300e+02 3.051550e+01 6.136807e+01
         vertex 1.390594e+02 2.999119e+01 6.044840e+01
         vertex 1.395914e+02 3.085044e+01 6.044840e+01
      endloop
   endfacet
   facet normal 8.027005e-01 -5.962811e-01 1.098530e-02
      outer loop
         vertex 1.393300e+02 3.051550e+01 6.136807e+01
         vertex 1.395914e+02 3.085044e+01 6.044840e+01
         vertex 1.394659e+02 3.070237e+01 6.158314e+01
      endloop
   endfacet
   facet normal 5.237848e-01 -8.518444e-01 3.262576e-03
      outer loop
         vertex 1.403507e+02 3.143863e+01 6.258585e+01
         vertex 1.399997e+02 3.122151e+01 6.225075e+01
         vertex 1.403979e+02 3.145947e+01 6.044840e+01
      endloop
   endfacet
   facet normal 6.338436e-01 -7.725246e-01 3.805308e-02
      outer loop
         vertex 1.403979e+02 3.145947e+01 6.044840e+01
         vertex 1.399997e+02 3.122151e+01 6.225075e+01
         vertex 1.396491e+02 3.091360e+01 6.183952e+01
      endloop
   endfacet
   facet normal 6.025955e-01 -7.979675e-01 1.124872e-02
      outer loop
         vertex 1.403979e+02 3.145947e+01 6.044840e+01
         vertex 1.396491e+02 3.091360e+01 6.183952e+01
         vertex 1.395914e+02 3.085044e+01 6.044840e+01
      endloop
   endfacet
   facet normal 7.324181e-01 -6.808550e-01 5.499976e-04
      outer loop
         vertex 1.395914e+02 3.085044e+01 6.044840e+01
         vertex 1.396491e+02 3.091360e+01 6.183952e+01
         vertex 1.395905e+02 3.085054e+01 6.176122e+01
      endloop
   endfacet
   facet normal 7.649445e-01 -6.440960e-01 5.693849e-04
      outer loop
         vertex 1.395914e+02 3.085044e+01 6.044840e+01
         vertex 1.395905e+02 3.085054e+01 6.176122e+01
         vertex 1.394659e+02 3.070237e+01 6.158314e+01
      endloop
   endfacet
   facet normal 3.821049e-01 -9.241188e-01 -5.718518e-04
      outer loop
         vertex 1.403507e+02 3.143863e+01 6.258585e+01
         vertex 1.403979e+02 3.145947e+01 6.044840e+01
         vertex 1.407627e+02 3.160879e+01 6.290654e+01
      endloop
   endfacet
   facet normal 2.736205e-01 -9.616729e-01 1.780837e-02
      outer loop
         vertex 1.407627e+02 3.160879e+01 6.290654e+01
         vertex 1.403979e+02 3.145947e+01 6.044840e+01
         vertex 1.413700e+02 3.173604e+01 6.044840e+01
      endloop
   endfacet
   facet normal 2.271701e-01 -9.738384e-01 5.703556e-03
      outer loop
         vertex 1.407627e+02 3.160879e+01 6.290654e+01
         vertex 1.413700e+02 3.173604e+01 6.044840e+01
         vertex 1.412062e+02 3.171386e+01 6.318269e+01
      endloop
   endfacet
   facet normal -2.312505e-01 -9.728942e-01 3.075810e-05
      outer loop
         vertex 1.423763e+02 3.164280e+01 6.044840e+01
         vertex 1.423746e+02 3.164330e+01 6.364741e+01
         vertex 1.421420e+02 3.169857e+01 6.358138e+01
      endloop
   endfacet
   facet normal -1.058565e-01 -9.943332e-01 9.787895e-03
      outer loop
         vertex 1.421420e+02 3.169857e+01 6.358138e+01
         vertex 1.416775e+02 3.174636e+01 6.341164e+01
         vertex 1.423763e+02 3.164280e+01 6.044840e+01
      endloop
   endfacet
   facet normal -1.038883e-02 -9.994184e-01 3.247881e-02
      outer loop
         vertex 1.423763e+02 3.164280e+01 6.044840e+01
         vertex 1.416775e+02 3.174636e+01 6.341164e+01
         vertex 1.415659e+02 3.174593e+01 6.336288e+01
      endloop
   endfacet
   facet normal -9.226419e-02 -9.956885e-01 9.581822e-03
      outer loop
         vertex 1.423763e+02 3.164280e+01 6.044840e+01
         vertex 1.415659e+02 3.174593e+01 6.336288e+01
         vertex 1.413700e+02 3.173604e+01 6.044840e+01
      endloop
   endfacet
   facet normal 6.044470e-02 -9.981713e-01 -6.772752e-04
      outer loop
         vertex 1.413700e+02 3.173604e+01 6.044840e+01
         vertex 1.415659e+02 3.174593e+01 6.336288e+01
         vertex 1.413661e+02 3.173390e+01 6.326724e+01
      endloop
   endfacet
   facet normal 1.246717e-01 -9.921979e-01 -5.835958e-04
      outer loop
         vertex 1.413700e+02 3.173604e+01 6.044840e+01
         vertex 1.413661e+02 3.173390e+01 6.326724e+01
         vertex 1.412062e+02 3.171386e+01 6.318269e+01
      endloop
   endfacet
   facet normal -3.182226e-01 -9.480160e-01 -1.967678e-05
      outer loop
         vertex 1.423746e+02 3.164330e+01 6.364741e+01
         vertex 1.423763e+02 3.164280e+01 6.044840e+01
         vertex 1.426066e+02 3.156540e+01 6.370143e+01
      endloop
   endfacet
   facet normal -4.457150e-01 -8.951160e-01 1.026701e-02
      outer loop
         vertex 1.426066e+02 3.156540e+01 6.370143e+01
         vertex 1.423763e+02 3.164280e+01 6.044840e+01
         vertex 1.432810e+02 3.119232e+01 6.044840e+01
      endloop
   endfacet
   facet normal -4.466599e-01 -8.946477e-01 1.001744e-02
      outer loop
         vertex 1.426066e+02 3.156540e+01 6.370143e+01
         vertex 1.432810e+02 3.119232e+01 6.044840e+01
         vertex 1.430509e+02 3.134442e+01 6.377304e+01
      endloop
   endfacet
   facet normal -8.405356e-01 -5.417563e-01 4.585358e-06
      outer loop
         vertex 1.439618e+02 3.044546e+01 6.044840e+01
         vertex 1.439618e+02 3.044548e+01 6.379479e+01
         vertex 1.439084e+02 3.052842e+01 6.379785e+01
      endloop
   endfacet
   facet normal -8.099151e-01 -5.865450e-01 1.602412e-03
      outer loop
         vertex 1.439084e+02 3.052842e+01 6.379785e+01
         vertex 1.437948e+02 3.068528e+01 6.380304e+01
         vertex 1.439618e+02 3.044546e+01 6.044840e+01
      endloop
   endfacet
   facet normal -7.269891e-01 -6.865282e-01 1.287939e-02
      outer loop
         vertex 1.439618e+02 3.044546e+01 6.044840e+01
         vertex 1.437948e+02 3.068528e+01 6.380304e+01
         vertex 1.434523e+02 3.104789e+01 6.380302e+01
      endloop
   endfacet
   facet normal -7.389800e-01 -6.736706e-01 8.749368e-03
      outer loop
         vertex 1.439618e+02 3.044546e+01 6.044840e+01
         vertex 1.434523e+02 3.104789e+01 6.380302e+01
         vertex 1.432810e+02 3.119232e+01 6.044840e+01
      endloop
   endfacet
   facet normal -6.310372e-01 -7.757517e-01 -1.160444e-03
      outer loop
         vertex 1.432810e+02 3.119232e+01 6.044840e+01
         vertex 1.434523e+02 3.104789e+01 6.380302e+01
         vertex 1.432783e+02 3.118950e+01 6.379402e+01
      endloop
   endfacet
   facet normal -5.629534e-01 -8.264879e-01 -1.148669e-03
      outer loop
         vertex 1.432810e+02 3.119232e+01 6.044840e+01
         vertex 1.432783e+02 3.118950e+01 6.379402e+01
         vertex 1.430509e+02 3.134442e+01 6.377304e+01
      endloop
   endfacet
   facet normal -9.940780e-01 -1.086692e-01 9.550274e-06
      outer loop
         vertex 1.443723e+02 2.908800e+01 6.377023e+01
         vertex 1.443269e+02 2.950311e+01 6.377304e+01
         vertex 1.443269e+02 2.950309e+01 6.044840e+01
      endloop
   endfacet
   facet normal -9.795321e-01 -2.012882e-01 9.964731e-06
      outer loop
         vertex 1.443269e+02 2.950309e+01 6.044840e+01
         vertex 1.443269e+02 2.950311e+01 6.377304e+01
         vertex 1.443085e+02 2.959292e+01 6.377417e+01
      endloop
   endfacet
   facet normal -9.324626e-01 -3.612374e-01 4.590917e-03
      outer loop
         vertex 1.443269e+02 2.950309e+01 6.044840e+01
         vertex 1.443085e+02 2.959292e+01 6.377417e+01
         vertex 1.439618e+02 3.044546e+01 6.044840e+01
      endloop
   endfacet
   facet normal -9.515918e-01 -3.066754e-01 2.057162e-02
      outer loop
         vertex 1.439618e+02 3.044546e+01 6.044840e+01
         vertex 1.443085e+02 2.959292e+01 6.377417e+01
         vertex 1.441516e+02 3.008023e+01 6.378366e+01
      endloop
   endfacet
   facet normal -8.873451e-01 -4.611059e-01 4.285557e-06
      outer loop
         vertex 1.439618e+02 3.044546e+01 6.044840e+01
         vertex 1.441516e+02 3.008023e+01 6.378366e+01
         vertex 1.439618e+02 3.044548e+01 6.379479e+01
      endloop
   endfacet
   facet normal -9.981218e-01 5.760686e-02 2.084214e-02
      outer loop
         vertex 1.443723e+02 2.908800e+01 6.377023e+01
         vertex 1.443269e+02 2.950309e+01 6.044840e+01
         vertex 1.443441e+02 2.859805e+01 6.377198e+01
      endloop
   endfacet
   facet normal -9.999867e-01 0.000000e+00 5.164891e-03
      outer loop
         vertex 1.443441e+02 2.859805e+01 6.377198e+01
         vertex 1.443269e+02 2.950309e+01 6.044840e+01
         vertex 1.443269e+02 2.849246e+01 6.044840e+01
      endloop
   endfacet
   facet normal -9.860475e-01 1.664640e-01 -1.952735e-04
      outer loop
         vertex 1.443441e+02 2.859805e+01 6.377198e+01
         vertex 1.443269e+02 2.849246e+01 6.044840e+01
         vertex 1.443263e+02 2.849259e+01 6.377308e+01
      endloop
   endfacet
   facet normal -8.406543e-01 5.415721e-01 -1.871680e-06
      outer loop
         vertex 1.439084e+02 2.746714e+01 6.379785e+01
         vertex 1.439618e+02 2.755009e+01 6.379479e+01
         vertex 1.439618e+02 2.755009e+01 6.044840e+01
      endloop
   endfacet
   facet normal -8.591299e-01 5.117576e-01 -1.912815e-06
      outer loop
         vertex 1.439618e+02 2.755009e+01 6.044840e+01
         vertex 1.439618e+02 2.755009e+01 6.379479e+01
         vertex 1.440091e+02 2.762941e+01 6.379206e+01
      endloop
   endfacet
   facet normal -9.324625e-01 3.612374e-01 4.604832e-03
      outer loop
         vertex 1.439618e+02 2.755009e+01 6.044840e+01
         vertex 1.440091e+02 2.762941e+01 6.379206e+01
         vertex 1.443269e+02 2.849246e+01 6.044840e+01
      endloop
   endfacet
   facet normal -9.104734e-01 4.130801e-01 2.007660e-02
      outer loop
         vertex 1.443269e+02 2.849246e+01 6.044840e+01
         vertex 1.440091e+02 2.762941e+01 6.379206e+01
         vertex 1.442215e+02 2.809830e+01 6.377947e+01
      endloop
   endfacet
   facet normal -9.664811e-01 2.567377e-01 -1.949636e-04
      outer loop
         vertex 1.443269e+02 2.849246e+01 6.044840e+01
         vertex 1.442215e+02 2.809830e+01 6.377947e+01
         vertex 1.443263e+02 2.849259e+01 6.377308e+01
      endloop
   endfacet
   facet normal -7.747416e-01 6.322694e-01 3.296064e-03
      outer loop
         vertex 1.439084e+02 2.746714e+01 6.379785e+01
         vertex 1.439618e+02 2.755009e+01 6.044840e+01
         vertex 1.435928e+02 2.708045e+01 6.380587e+01
      endloop
   endfacet
   facet normal -7.389460e-01 6.736389e-01 1.301666e-02
      outer loop
         vertex 1.435928e+02 2.708045e+01 6.380587e+01
         vertex 1.439618e+02 2.755009e+01 6.044840e+01
         vertex 1.432810e+02 2.680323e+01 6.044840e+01
      endloop
   endfacet
   facet normal -6.574434e-01 7.535031e-01 -1.148286e-03
      outer loop
         vertex 1.435928e+02 2.708045e+01 6.380587e+01
         vertex 1.432810e+02 2.680323e+01 6.044840e+01
         vertex 1.432783e+02 2.680602e+01 6.379402e+01
      endloop
   endfacet
   facet normal -4.456986e-01 8.950829e-01 1.339294e-02
      outer loop
         vertex 1.423763e+02 2.635275e+01 6.044840e+01
         vertex 1.427789e+02 2.650404e+01 6.373407e+01
         vertex 1.432810e+02 2.680323e+01 6.044840e+01
      endloop
   endfacet
   facet normal -5.041100e-01 8.636379e-01 1.603298e-03
      outer loop
         vertex 1.432810e+02 2.680323e+01 6.044840e+01
         vertex 1.427789e+02 2.650404e+01 6.373407e+01
         vertex 1.432054e+02 2.675294e+01 6.378844e+01
      endloop
   endfacet
   facet normal -5.886386e-01 8.083955e-01 -1.139809e-03
      outer loop
         vertex 1.432810e+02 2.680323e+01 6.044840e+01
         vertex 1.432054e+02 2.675294e+01 6.378844e+01
         vertex 1.432783e+02 2.680602e+01 6.379402e+01
      endloop
   endfacet
   facet normal -4.762643e-02 9.986086e-01 2.264113e-02
      outer loop
         vertex 1.415664e+02 2.624805e+01 6.336311e+01
         vertex 1.418973e+02 2.626076e+01 6.349847e+01
         vertex 1.423763e+02 2.635275e+01 6.044840e+01
      endloop
   endfacet
   facet normal -1.807922e-01 9.835205e-01 1.274618e-03
      outer loop
         vertex 1.423763e+02 2.635275e+01 6.044840e+01
         vertex 1.418973e+02 2.626076e+01 6.349847e+01
         vertex 1.423329e+02 2.634065e+01 6.363647e+01
      endloop
   endfacet
   facet normal -3.438240e-01 9.390334e-01 -1.112536e-03
      outer loop
         vertex 1.423763e+02 2.635275e+01 6.044840e+01
         vertex 1.423329e+02 2.634065e+01 6.363647e+01
         vertex 1.427789e+02 2.650404e+01 6.373407e+01
      endloop
   endfacet
   facet normal 3.805441e-01 9.232352e-01 5.313218e-02
      outer loop
         vertex 1.405414e+02 2.646899e+01 6.274287e+01
         vertex 1.413700e+02 2.625951e+01 6.044840e+01
         vertex 1.403910e+02 2.653802e+01 6.262036e+01
      endloop
   endfacet
   facet normal 2.736630e-01 9.618256e-01 9.315333e-06
      outer loop
         vertex 1.403910e+02 2.653802e+01 6.262036e+01
         vertex 1.413700e+02 2.625951e+01 6.044840e+01
         vertex 1.403979e+02 2.653608e+01 6.044840e+01
      endloop
   endfacet
   facet normal 4.870298e-01 8.733850e-01 7.686069e-04
      outer loop
         vertex 1.403910e+02 2.653802e+01 6.262036e+01
         vertex 1.403979e+02 2.653608e+01 6.044840e+01
         vertex 1.401641e+02 2.666472e+01 6.241585e+01
      endloop
   endfacet
   facet normal 3.011243e-01 9.533379e-01 2.170309e-02
      outer loop
         vertex 1.405414e+02 2.646899e+01 6.274287e+01
         vertex 1.409652e+02 2.632834e+01 6.304063e+01
         vertex 1.413700e+02 2.625951e+01 6.044840e+01
      endloop
   endfacet
   facet normal 1.680299e-01 9.857819e-01 5.964955e-05
      outer loop
         vertex 1.413700e+02 2.625951e+01 6.044840e+01
         vertex 1.409652e+02 2.632834e+01 6.304063e+01
         vertex 1.413671e+02 2.625983e+01 6.326775e+01
      endloop
   endfacet
   facet normal -9.226751e-02 9.957342e-01 -2.104618e-04
      outer loop
         vertex 1.413700e+02 2.625951e+01 6.044840e+01
         vertex 1.413671e+02 2.625983e+01 6.326775e+01
         vertex 1.423763e+02 2.635275e+01 6.044840e+01
      endloop
   endfacet
   facet normal 5.722835e-02 9.969350e-01 5.334340e-02
      outer loop
         vertex 1.423763e+02 2.635275e+01 6.044840e+01
         vertex 1.413671e+02 2.625983e+01 6.326775e+01
         vertex 1.414308e+02 2.625448e+01 6.329939e+01
      endloop
   endfacet
   facet normal 2.701177e-02 9.986933e-01 4.338264e-02
      outer loop
         vertex 1.423763e+02 2.635275e+01 6.044840e+01
         vertex 1.414308e+02 2.625448e+01 6.329939e+01
         vertex 1.415664e+02 2.624805e+01 6.336311e+01
      endloop
   endfacet
   facet normal 8.485533e-01 5.254009e-01 6.253995e-02
      outer loop
         vertex 1.390594e+02 2.800436e+01 6.044840e+01
         vertex 1.391637e+02 2.776245e+01 6.106606e+01
         vertex 1.395914e+02 2.714511e+01 6.044840e+01
      endloop
   endfacet
   facet normal 8.343736e-01 5.505066e-01 2.762690e-02
      outer loop
         vertex 1.395914e+02 2.714511e+01 6.044840e+01
         vertex 1.391637e+02 2.776245e+01 6.106606e+01
         vertex 1.394168e+02 2.735661e+01 6.150817e+01
      endloop
   endfacet
   facet normal 7.877904e-01 6.159048e-01 6.899587e-03
      outer loop
         vertex 1.394168e+02 2.735661e+01 6.150817e+01
         vertex 1.394669e+02 2.729164e+01 6.158466e+01
         vertex 1.395914e+02 2.714511e+01 6.044840e+01
      endloop
   endfacet
   facet normal 7.629737e-01 6.464294e-01 2.440019e-04
      outer loop
         vertex 1.395914e+02 2.714511e+01 6.044840e+01
         vertex 1.394669e+02 2.729164e+01 6.158466e+01
         vertex 1.395901e+02 2.714616e+01 6.176065e+01
      endloop
   endfacet
   facet normal 6.026342e-01 7.980175e-01 -3.779298e-05
      outer loop
         vertex 1.395914e+02 2.714511e+01 6.044840e+01
         vertex 1.395901e+02 2.714616e+01 6.176065e+01
         vertex 1.403979e+02 2.653608e+01 6.044840e+01
      endloop
   endfacet
   facet normal 6.654004e-01 7.437527e-01 6.382931e-02
      outer loop
         vertex 1.403979e+02 2.653608e+01 6.044840e+01
         vertex 1.395901e+02 2.714616e+01 6.176065e+01
         vertex 1.397765e+02 2.695889e+01 6.199959e+01
      endloop
   endfacet
   facet normal 5.923168e-01 8.055103e-01 1.771887e-02
      outer loop
         vertex 1.403979e+02 2.653608e+01 6.044840e+01
         vertex 1.397765e+02 2.695889e+01 6.199959e+01
         vertex 1.401641e+02 2.666472e+01 6.241585e+01
      endloop
   endfacet
   facet normal 9.449302e-01 2.468448e-01 2.148826e-01
      outer loop
         vertex 1.389012e+02 2.861012e+01 6.044840e+01
         vertex 1.389163e+02 2.851492e+01 6.049126e+01
         vertex 1.390594e+02 2.800436e+01 6.044840e+01
      endloop
   endfacet
   facet normal 9.626149e-01 2.652168e-01 5.506851e-02
      outer loop
         vertex 1.390594e+02 2.800436e+01 6.044840e+01
         vertex 1.389163e+02 2.851492e+01 6.049126e+01
         vertex 1.389984e+02 2.817262e+01 6.070499e+01
      endloop
   endfacet
   facet normal 9.320857e-01 3.619020e-01 -1.559473e-02
      outer loop
         vertex 1.390594e+02 2.800436e+01 6.044840e+01
         vertex 1.389984e+02 2.817262e+01 6.070499e+01
         vertex 1.391637e+02 2.776245e+01 6.106606e+01
      endloop
   endfacet
   facet normal 0.000000e+00 0.000000e+00 1.000000e+00
      outer loop
         vertex 1.402513e+02 2.971810e+01 6.044840e+01
         vertex 1.389012e+02 2.938543e+01 6.044840e+01
         vertex 1.400737e+02 2.899778e+01 6.044840e+01
      endloop
   endfacet
   facet normal 0.000000e+00 0.000000e+00 1.000000e+00
      outer loop
         vertex 1.400737e+02 2.899778e+01 6.044840e+01
         vertex 1.389012e+02 2.938543e+01 6.044840e+01
         vertex 1.389012e+02 2.861012e+01 6.044840e+01
      endloop
   endfacet
   facet normal 0.000000e+00 0.000000e+00 1.000000e+00
      outer loop
         vertex 1.400737e+02 2.899778e+01 6.044840e+01
         vertex 1.389012e+02 2.861012e+01 6.044840e+01
         vertex 1.402513e+02 2.827745e+01 6.044840e+01
      endloop
   endfacet
   facet normal -0.000000e+00 0.000000e+00 1.000000e+00
      outer loop
         vertex 1.421734e+02 2.754850e+01 6.044840e+01
         vertex 1.432810e+02 2.680323e+01 6.044840e+01
         vertex 1.427839e+02 2.796994e+01 6.044840e+01
      endloop
   endfacet
   facet normal 0.000000e+00 0.000000e+00 1.000000e+00
      outer loop
         vertex 1.427839e+02 2.796994e+01 6.044840e+01
         vertex 1.432810e+02 2.680323e+01 6.044840e+01
         vertex 1.439618e+02 2.755009e+01 6.044840e+01
      endloop
   endfacet
   facet normal -0.000000e+00 0.000000e+00 1.000000e+00
      outer loop
         vertex 1.427839e+02 2.796994e+01 6.044840e+01
         vertex 1.439618e+02 2.755009e+01 6.044840e+01
         vertex 1.431287e+02 2.862684e+01 6.044840e+01
      endloop
   endfacet
   facet normal 0.000000e+00 0.000000e+00 1.000000e+00
      outer loop
         vertex 1.431287e+02 2.862684e+01 6.044840e+01
         vertex 1.439618e+02 2.755009e+01 6.044840e+01
         vertex 1.443269e+02 2.849246e+01 6.044840e+01
      endloop
   endfacet
   facet normal -0.000000e+00 0.000000e+00 1.000000e+00
      outer loop
         vertex 1.431287e+02 2.862684e+01 6.044840e+01
         vertex 1.443269e+02 2.849246e+01 6.044840e+01
         vertex 1.431287e+02 2.936871e+01 6.044840e+01
      endloop
   endfacet
   facet normal -0.000000e+00 0.000000e+00 1.000000e+00
      outer loop
         vertex 1.431287e+02 2.936871e+01 6.044840e+01
         vertex 1.443269e+02 2.849246e+01 6.044840e+01
         vertex 1.443269e+02 2.950309e+01 6.044840e+01
      endloop
   endfacet
   facet normal 0.000000e+00 -0.000000e+00 1.000000e+00
      outer loop
         vertex 1.431287e+02 2.936871e+01 6.044840e+01
         vertex 1.443269e+02 2.950309e+01 6.044840e+01
         vertex 1.427839e+02 3.002562e+01 6.044840e+01
      endloop
   endfacet
   facet normal 0.000000e+00 0.000000e+00 1.000000e+00
      outer loop
         vertex 1.389012e+02 2.861012e+01 6.044840e+01
         vertex 1.390594e+02 2.800436e+01 6.044840e+01
         vertex 1.402513e+02 2.827745e+01 6.044840e+01
      endloop
   endfacet
   facet normal 0.000000e+00 0.000000e+00 1.000000e+00
      outer loop
         vertex 1.402513e+02 2.827745e+01 6.044840e+01
         vertex 1.390594e+02 2.800436e+01 6.044840e+01
         vertex 1.395914e+02 2.714511e+01 6.044840e+01
      endloop
   endfacet
   facet normal 0.000000e+00 0.000000e+00 1.000000e+00
      outer loop
         vertex 1.402513e+02 2.827745e+01 6.044840e+01
         vertex 1.395914e+02 2.714511e+01 6.044840e+01
         vertex 1.407432e+02 2.772215e+01 6.044840e+01
      endloop
   endfacet
   facet normal 0.000000e+00 0.000000e+00 1.000000e+00
      outer loop
         vertex 1.407432e+02 2.772215e+01 6.044840e+01
         vertex 1.395914e+02 2.714511e+01 6.044840e+01
         vertex 1.403979e+02 2.653608e+01 6.044840e+01
      endloop
   endfacet
   facet normal 0.000000e+00 0.000000e+00 1.000000e+00
      outer loop
         vertex 1.407432e+02 2.772215e+01 6.044840e+01
         vertex 1.403979e+02 2.653608e+01 6.044840e+01
         vertex 1.414369e+02 2.745908e+01 6.044840e+01
      endloop
   endfacet
   facet normal 0.000000e+00 0.000000e+00 1.000000e+00
      outer loop
         vertex 1.414369e+02 2.745908e+01 6.044840e+01
         vertex 1.403979e+02 2.653608e+01 6.044840e+01
         vertex 1.413700e+02 2.625951e+01 6.044840e+01
      endloop
   endfacet
   facet normal -0.000000e+00 0.000000e+00 1.000000e+00
      outer loop
         vertex 1.414369e+02 2.745908e+01 6.044840e+01
         vertex 1.413700e+02 2.625951e+01 6.044840e+01
         vertex 1.421734e+02 2.754850e+01 6.044840e+01
      endloop
   endfacet
   facet normal 0.000000e+00 0.000000e+00 1.000000e+00
      outer loop
         vertex 1.421734e+02 2.754850e+01 6.044840e+01
         vertex 1.413700e+02 2.625951e+01 6.044840e+01
         vertex 1.423763e+02 2.635275e+01 6.044840e+01
      endloop
   endfacet
   facet normal 0.000000e+00 0.000000e+00 1.000000e+00
      outer loop
         vertex 1.421734e+02 2.754850e+01 6.044840e+01
         vertex 1.423763e+02 2.635275e+01 6.044840e+01
         vertex 1.432810e+02 2.680323e+01 6.044840e+01
      endloop
   endfacet
   facet normal 0.000000e+00 0.000000e+00 1.000000e+00
      outer loop
         vertex 1.443269e+02 2.950309e+01 6.044840e+01
         vertex 1.439618e+02 3.044546e+01 6.044840e+01
         vertex 1.427839e+02 3.002562e+01 6.044840e+01
      endloop
   endfacet
   facet normal 0.000000e+00 0.000000e+00 1.000000e+00
      outer loop
         vertex 1.427839e+02 3.002562e+01 6.044840e+01
         vertex 1.439618e+02 3.044546e+01 6.044840e+01
         vertex 1.432810e+02 3.119232e+01 6.044840e+01
      endloop
   endfacet
   facet normal 0.000000e+00 -0.000000e+00 1.000000e+00
      outer loop
         vertex 1.427839e+02 3.002562e+01 6.044840e+01
         vertex 1.432810e+02 3.119232e+01 6.044840e+01
         vertex 1.421734e+02 3.044705e+01 6.044840e+01
      endloop
   endfacet
   facet normal 0.000000e+00 0.000000e+00 1.000000e+00
      outer loop
         vertex 1.421734e+02 3.044705e+01 6.044840e+01
         vertex 1.432810e+02 3.119232e+01 6.044840e+01
         vertex 1.423763e+02 3.164280e+01 6.044840e+01
      endloop
   endfacet
   facet normal 0.000000e+00 -0.000000e+00 1.000000e+00
      outer loop
         vertex 1.421734e+02 3.044705e+01 6.044840e+01
         vertex 1.423763e+02 3.164280e+01 6.044840e+01
         vertex 1.414369e+02 3.053647e+01 6.044840e+01
      endloop
   endfacet
   facet normal 0.000000e+00 -0.000000e+00 1.000000e+00
      outer loop
         vertex 1.414369e+02 3.053647e+01 6.044840e+01
         vertex 1.423763e+02 3.164280e+01 6.044840e+01
         vertex 1.413700e+02 3.173604e+01 6.044840e+01
      endloop
   endfacet
   facet normal 0.000000e+00 0.000000e+00 1.000000e+00
      outer loop
         vertex 1.414369e+02 3.053647e+01 6.044840e+01
         vertex 1.413700e+02 3.173604e+01 6.044840e+01
         vertex 1.407432e+02 3.027340e+01 6.044840e+01
      endloop
   endfacet
   facet normal 0.000000e+00 0.000000e+00 1.000000e+00
      outer loop
         vertex 1.413700e+02 3.173604e+01 6.044840e+01
         vertex 1.403979e+02 3.145947e+01 6.044840e+01
         vertex 1.407432e+02 3.027340e+01 6.044840e+01
      endloop
   endfacet
   facet normal 0.000000e+00 0.000000e+00 1.000000e+00
      outer loop
         vertex 1.407432e+02 3.027340e+01 6.044840e+01
         vertex 1.403979e+02 3.145947e+01 6.044840e+01
         vertex 1.395914e+02 3.085044e+01 6.044840e+01
      endloop
   endfacet
   facet normal 0.000000e+00 0.000000e+00 1.000000e+00
      outer loop
         vertex 1.407432e+02 3.027340e+01 6.044840e+01
         vertex 1.395914e+02 3.085044e+01 6.044840e+01
         vertex 1.402513e+02 2.971810e+01 6.044840e+01
      endloop
   endfacet
   facet normal 0.000000e+00 0.000000e+00 1.000000e+00
      outer loop
         vertex 1.402513e+02 2.971810e+01 6.044840e+01
         vertex 1.395914e+02 3.085044e+01 6.044840e+01
         vertex 1.390594e+02 2.999119e+01 6.044840e+01
      endloop
   endfacet
   facet normal 0.000000e+00 0.000000e+00 1.000000e+00
      outer loop
         vertex 1.402513e+02 2.971810e+01 6.044840e+01
         vertex 1.390594e+02 2.999119e+01 6.044840e+01
         vertex 1.389012e+02 2.938543e+01 6.044840e+01
      endloop
   endfacet
   facet normal -8.854560e-01 -4.647231e-01 0.000000e+00
      outer loop
         vertex 1.427839e+02 3.002562e+01 5.934840e+01
         vertex 1.431287e+02 2.936871e+01 5.934840e+01
         vertex 1.431287e+02 2.936871e+01 6.044840e+01
      endloop
   endfacet
   facet normal -9.927093e-01 -1.205329e-01 -0.000000e+00
      outer loop
         vertex 1.431287e+02 2.936871e+01 6.044840e+01
         vertex 1.431287e+02 2.936871e+01 5.934840e+01
         vertex 1.431737e+02 2.899778e+01 5.934840e+01
      endloop
   endfacet
   facet normal -9.991628e-01 -0.000000e+00 -4.091005e-02
      outer loop
         vertex 1.431287e+02 2.936871e+01 6.044840e+01
         vertex 1.431737e+02 2.899778e+01 5.934840e+01
         vertex 1.431287e+02 2.862684e+01 6.044840e+01
      endloop
   endfacet
   facet normal -9.927093e-01 1.205329e-01 0.000000e+00
      outer loop
         vertex 1.431287e+02 2.862684e+01 6.044840e+01
         vertex 1.431737e+02 2.899778e+01 5.934840e+01
         vertex 1.431287e+02 2.862684e+01 5.934840e+01
      endloop
   endfacet
   facet normal -8.854558e-01 4.647237e-01 0.000000e+00
      outer loop
         vertex 1.431287e+02 2.862684e+01 6.044840e+01
         vertex 1.431287e+02 2.862684e+01 5.934840e+01
         vertex 1.427839e+02 2.796994e+01 6.044840e+01
      endloop
   endfacet
   facet normal -8.854558e-01 4.647237e-01 0.000000e+00
      outer loop
         vertex 1.427839e+02 2.796994e+01 6.044840e+01
         vertex 1.431287e+02 2.862684e+01 5.934840e+01
         vertex 1.427839e+02 2.796994e+01 5.934840e+01
      endloop
   endfacet
   facet normal -5.680669e-01 8.229824e-01 0.000000e+00
      outer loop
         vertex 1.427839e+02 2.796994e+01 6.044840e+01
         vertex 1.427839e+02 2.796994e+01 5.934840e+01
         vertex 1.421734e+02 2.754850e+01 6.044840e+01
      endloop
   endfacet
   facet normal -5.680669e-01 8.229824e-01 0.000000e+00
      outer loop
         vertex 1.421734e+02 2.754850e+01 6.044840e+01
         vertex 1.427839e+02 2.796994e+01 5.934840e+01
         vertex 1.421734e+02 2.754850e+01 5.934840e+01
      endloop
   endfacet
   facet normal -1.205366e-01 9.927089e-01 0.000000e+00
      outer loop
         vertex 1.421734e+02 2.754850e+01 6.044840e+01
         vertex 1.421734e+02 2.754850e+01 5.934840e+01
         vertex 1.414369e+02 2.745908e+01 6.044840e+01
      endloop
   endfacet
   facet normal -1.205366e-01 9.927089e-01 0.000000e+00
      outer loop
         vertex 1.414369e+02 2.745908e+01 6.044840e+01
         vertex 1.421734e+02 2.754850e+01 5.934840e+01
         vertex 1.414369e+02 2.745908e+01 5.934840e+01
      endloop
   endfacet
   facet normal 3.546060e-01 9.350158e-01 0.000000e+00
      outer loop
         vertex 1.414369e+02 2.745908e+01 6.044840e+01
         vertex 1.414369e+02 2.745908e+01 5.934840e+01
         vertex 1.407432e+02 2.772215e+01 6.044840e+01
      endloop
   endfacet
   facet normal 3.546060e-01 9.350158e-01 0.000000e+00
      outer loop
         vertex 1.407432e+02 2.772215e+01 6.044840e+01
         vertex 1.414369e+02 2.745908e+01 5.934840e+01
         vertex 1.407432e+02 2.772215e+01 5.934840e+01
      endloop
   endfacet
   facet normal 7.485095e-01 6.631240e-01 0.000000e+00
      outer loop
         vertex 1.407432e+02 2.772215e+01 6.044840e+01
         vertex 1.407432e+02 2.772215e+01 5.934840e+01
         vertex 1.402513e+02 2.827745e+01 6.044840e+01
      endloop
   endfacet
   facet normal 7.485095e-01 6.631240e-01 0.000000e+00
      outer loop
         vertex 1.402513e+02 2.827745e+01 6.044840e+01
         vertex 1.407432e+02 2.772215e+01 5.934840e+01
         vertex 1.402513e+02 2.827745e+01 5.934840e+01
      endloop
   endfacet
   facet normal 9.709429e-01 2.393114e-01 0.000000e+00
      outer loop
         vertex 1.402513e+02 2.827745e+01 6.044840e+01
         vertex 1.402513e+02 2.827745e+01 5.934840e+01
         vertex 1.400737e+02 2.899778e+01 6.044840e+01
      endloop
   endfacet
   facet normal 9.709429e-01 2.393114e-01 0.000000e+00
      outer loop
         vertex 1.400737e+02 2.899778e+01 6.044840e+01
         vertex 1.402513e+02 2.827745e+01 5.934840e+01
         vertex 1.400737e+02 2.899778e+01 5.934840e+01
      endloop
   endfacet
   facet normal 9.709429e-01 -2.393114e-01 0.000000e+00
      outer loop
         vertex 1.400737e+02 2.899778e+01 6.044840e+01
         vertex 1.400737e+02 2.899778e+01 5.934840e+01
         vertex 1.402513e+02 2.971810e+01 6.044840e+01
      endloop
   endfacet
   facet normal 9.709429e-01 -2.393114e-01 0.000000e+00
      outer loop
         vertex 1.402513e+02 2.971810e+01 6.044840e+01
         vertex 1.400737e+02 2.899778e+01 5.934840e+01
         vertex 1.402513e+02 2.971810e+01 5.934840e+01
      endloop
   endfacet
   facet normal 7.485095e-01 -6.631240e-01 0.000000e+00
      outer loop
         vertex 1.402513e+02 2.971810e+01 6.044840e+01
         vertex 1.402513e+02 2.971810e+01 5.934840e+01
         vertex 1.407432e+02 3.027340e+01 6.044840e+01
      endloop
   endfacet
   facet normal 7.485095e-01 -6.631240e-01 0.000000e+00
      outer loop
         vertex 1.407432e+02 3.027340e+01 6.044840e+01
         vertex 1.402513e+02 2.971810e+01 5.934840e+01
         vertex 1.407432e+02 3.027340e+01 5.934840e+01
      endloop
   endfacet
   facet normal 3.546049e-01 -9.350162e-01 0.000000e+00
      outer loop
         vertex 1.407432e+02 3.027340e+01 6.044840e+01
         vertex 1.407432e+02 3.027340e+01 5.934840e+01
         vertex 1.414369e+02 3.053647e+01 6.044840e+01
      endloop
   endfacet
   facet normal 3.546049e-01 -9.350162e-01 0.000000e+00
      outer loop
         vertex 1.414369e+02 3.053647e+01 6.044840e+01
         vertex 1.407432e+02 3.027340e+01 5.934840e+01
         vertex 1.414369e+02 3.053647e+01 5.934840e+01
      endloop
   endfacet
   facet normal -1.205366e-01 -9.927089e-01 -0.000000e+00
      outer loop
         vertex 1.414369e+02 3.053647e+01 6.044840e+01
         vertex 1.414369e+02 3.053647e+01 5.934840e+01
         vertex 1.421734e+02 3.044705e+01 6.044840e+01
      endloop
   endfacet
   facet normal -1.205366e-01 -9.927089e-01 -0.000000e+00
      outer loop
         vertex 1.421734e+02 3.044705e+01 6.044840e+01
         vertex 1.414369e+02 3.053647e+01 5.934840e+01
         vertex 1.421734e+02 3.044705e+01 5.934840e+01
      endloop
   endfacet
   facet normal -5.680652e-01 -8.229835e-01 -0.000000e+00
      outer loop
         vertex 1.421734e+02 3.044705e+01 6.044840e+01
         vertex 1.421734e+02 3.044705e+01 5.934840e+01
         vertex 1.427839e+02 3.002562e+01 6.044840e+01
      endloop
   endfacet
   facet normal -5.680652e-01 -8.229835e-01 -0.000000e+00
      outer loop
         vertex 1.427839e+02 3.002562e+01 6.044840e+01
         vertex 1.421734e+02 3.044705e+01 5.934840e+01
         vertex 1.427839e+02 3.002562e+01 5.934840e+01
      endloop
   endfacet
   facet normal -8.854560e-01 -4.647231e-01 -0.000000e+00
      outer loop
         vertex 1.427839e+02 3.002562e+01 6.044840e+01
         vertex 1.427839e+02 3.002562e+01 5.934840e+01
         vertex 1.431287e+02 2.936871e+01 6.044840e+01
      endloop
   endfacet
   facet normal 0.000000e+00 0.000000e+00 1.000000e+00
      outer loop
         vertex 1.463022e+02 3.599778e+01 4.254840e+01
         vertex 1.418105e+02 3.053647e+01 4.254840e+01
         vertex 1.425042e+02 3.027340e+01 4.254840e+01
      endloop
   endfacet
   facet normal -0.000000e+00 0.000000e+00 1.000000e+00
      outer loop
         vertex 1.425042e+02 3.027340e+01 4.254840e+01
         vertex 1.429962e+02 2.971810e+01 4.254840e+01
         vertex 1.463022e+02 3.599778e+01 4.254840e+01
      endloop
   endfacet
   facet normal 0.000000e+00 0.000000e+00 1.000000e+00
      outer loop
         vertex 1.463022e+02 3.599778e+01 4.254840e+01
         vertex 1.429962e+02 2.971810e+01 4.254840e+01
         vertex 1.431737e+02 2.899778e+01 4.254840e+01
      endloop
   endfacet
   facet normal 0.000000e+00 0.000000e+00 1.000000e+00
      outer loop
         vertex 1.463022e+02 3.599778e+01 4.254840e+01
         vertex 1.431737e+02 2.899778e+01 4.254840e+01
         vertex 1.463022e+02 2.042798e+01 4.254840e+01
      endloop
   endfacet
   facet normal 0.000000e+00 0.000000e+00 1.000000e+00
      outer loop
         vertex 1.407196e+02 1.877815e+01 4.254840e+01
         vertex 1.413315e+02 1.840159e+01 4.254840e+01
         vertex 1.412626e+02 1.846221e+01 4.254840e+01
      endloop
   endfacet
   facet normal 0.000000e+00 0.000000e+00 1.000000e+00
      outer loop
         vertex 1.404635e+02 2.796994e+01 4.254840e+01
         vertex 1.386532e+02 2.281200e+01 4.254840e+01
         vertex 1.410741e+02 2.754850e+01 4.254840e+01
      endloop
   endfacet
   facet normal 0.000000e+00 0.000000e+00 1.000000e+00
      outer loop
         vertex 1.410741e+02 2.754850e+01 4.254840e+01
         vertex 1.386532e+02 2.281200e+01 4.254840e+01
         vertex 1.388371e+02 2.147245e+01 4.254840e+01
      endloop
   endfacet
   facet normal 0.000000e+00 -0.000000e+00 1.000000e+00
      outer loop
         vertex 1.418105e+02 3.053647e+01 4.254840e+01
         vertex 1.463022e+02 3.599778e+01 4.254840e+01
         vertex 1.410741e+02 3.044705e+01 4.254840e+01
      endloop
   endfacet
   facet normal 0.000000e+00 -0.000000e+00 1.000000e+00
      outer loop
         vertex 1.410741e+02 3.044705e+01 4.254840e+01
         vertex 1.463022e+02 3.599778e+01 4.254840e+01
         vertex 1.391565e+02 3.599778e+01 4.254840e+01
      endloop
   endfacet
   facet normal 0.000000e+00 0.000000e+00 1.000000e+00
      outer loop
         vertex 1.410741e+02 3.044705e+01 4.254840e+01
         vertex 1.391565e+02 3.599778e+01 4.254840e+01
         vertex 1.389716e+02 3.595978e+01 4.254840e+01
      endloop
   endfacet
   facet normal 0.000000e+00 0.000000e+00 1.000000e+00
      outer loop
         vertex 1.412626e+02 1.846221e+01 4.254840e+01
         vertex 1.412245e+02 1.855829e+01 4.254840e+01
         vertex 1.407196e+02 1.877815e+01 4.254840e+01
      endloop
   endfacet
   facet normal 0.000000e+00 0.000000e+00 1.000000e+00
      outer loop
         vertex 1.407196e+02 1.877815e+01 4.254840e+01
         vertex 1.412245e+02 1.855829e+01 4.254840e+01
         vertex 1.412314e+02 1.863889e+01 4.254840e+01
      endloop
   endfacet
   facet normal -0.000000e+00 -0.000000e+00 1.000000e+00
      outer loop
         vertex 1.407196e+02 1.877815e+01 4.254840e+01
         vertex 1.412314e+02 1.863889e+01 4.254840e+01
         vertex 1.402277e+02 1.918252e+01 4.254840e+01
      endloop
   endfacet
   facet normal 0.000000e+00 0.000000e+00 1.000000e+00
      outer loop
         vertex 1.402277e+02 1.918252e+01 4.254840e+01
         vertex 1.412314e+02 1.863889e+01 4.254840e+01
         vertex 1.412809e+02 1.872192e+01 4.254840e+01
      endloop
   endfacet
   facet normal -0.000000e+00 -0.000000e+00 1.000000e+00
      outer loop
         vertex 1.402277e+02 1.918252e+01 4.254840e+01
         vertex 1.412809e+02 1.872192e+01 4.254840e+01
         vertex 1.393752e+02 2.023203e+01 4.254840e+01
      endloop
   endfacet
   facet normal 0.000000e+00 0.000000e+00 1.000000e+00
      outer loop
         vertex 1.404635e+02 2.796994e+01 4.254840e+01
         vertex 1.401188e+02 2.862684e+01 4.254840e+01
         vertex 1.386532e+02 2.281200e+01 4.254840e+01
      endloop
   endfacet
   facet normal 0.000000e+00 0.000000e+00 1.000000e+00
      outer loop
         vertex 1.386532e+02 2.281200e+01 4.254840e+01
         vertex 1.401188e+02 2.862684e+01 4.254840e+01
         vertex 1.401188e+02 2.936871e+01 4.254840e+01
      endloop
   endfacet
   facet normal 0.000000e+00 0.000000e+00 1.000000e+00
      outer loop
         vertex 1.386532e+02 2.281200e+01 4.254840e+01
         vertex 1.401188e+02 2.936871e+01 4.254840e+01
         vertex 1.386532e+02 3.549778e+01 4.254840e+01
      endloop
   endfacet
   facet normal 0.000000e+00 0.000000e+00 1.000000e+00
      outer loop
         vertex 1.386532e+02 3.549778e+01 4.254840e+01
         vertex 1.401188e+02 2.936871e+01 4.254840e+01
         vertex 1.404635e+02 3.002562e+01 4.254840e+01
      endloop
   endfacet
   facet normal -0.000000e+00 0.000000e+00 1.000000e+00
      outer loop
         vertex 1.386532e+02 3.549778e+01 4.254840e+01
         vertex 1.404635e+02 3.002562e+01 4.254840e+01
         vertex 1.386916e+02 3.568323e+01 4.254840e+01
      endloop
   endfacet
   facet normal 0.000000e+00 0.000000e+00 1.000000e+00
      outer loop
         vertex 1.386916e+02 3.568323e+01 4.254840e+01
         vertex 1.404635e+02 3.002562e+01 4.254840e+01
         vertex 1.410741e+02 3.044705e+01 4.254840e+01
      endloop
   endfacet
   facet normal -0.000000e+00 0.000000e+00 1.000000e+00
      outer loop
         vertex 1.386916e+02 3.568323e+01 4.254840e+01
         vertex 1.410741e+02 3.044705e+01 4.254840e+01
         vertex 1.388069e+02 3.584577e+01 4.254840e+01
      endloop
   endfacet
   facet normal -0.000000e+00 0.000000e+00 1.000000e+00
      outer loop
         vertex 1.388069e+02 3.584577e+01 4.254840e+01
         vertex 1.410741e+02 3.044705e+01 4.254840e+01
         vertex 1.389716e+02 3.595978e+01 4.254840e+01
      endloop
   endfacet
   facet normal 0.000000e+00 0.000000e+00 1.000000e+00
      outer loop
         vertex 1.431737e+02 2.899778e+01 4.254840e+01
         vertex 1.429962e+02 2.827745e+01 4.254840e+01
         vertex 1.463022e+02 2.042798e+01 4.254840e+01
      endloop
   endfacet
   facet normal 0.000000e+00 0.000000e+00 1.000000e+00
      outer loop
         vertex 1.463022e+02 2.042798e+01 4.254840e+01
         vertex 1.429962e+02 2.827745e+01 4.254840e+01
         vertex 1.425042e+02 2.772215e+01 4.254840e+01
      endloop
   endfacet
   facet normal 0.000000e+00 0.000000e+00 1.000000e+00
      outer loop
         vertex 1.463022e+02 2.042798e+01 4.254840e+01
         vertex 1.425042e+02 2.772215e+01 4.254840e+01
         vertex 1.440487e+02 1.962828e+01 4.254840e+01
      endloop
   endfacet
   facet normal 0.000000e+00 0.000000e+00 1.000000e+00
      outer loop
         vertex 1.440487e+02 1.962828e+01 4.254840e+01
         vertex 1.425042e+02 2.772215e+01 4.254840e+01
         vertex 1.418105e+02 2.745908e+01 4.254840e+01
      endloop
   endfacet
   facet normal 0.000000e+00 0.000000e+00 1.000000e+00
      outer loop
         vertex 1.440487e+02 1.962828e+01 4.254840e+01
         vertex 1.418105e+02 2.745908e+01 4.254840e+01
         vertex 1.413657e+02 1.877443e+01 4.254840e+01
      endloop
   endfacet
   facet normal 0.000000e+00 -0.000000e+00 1.000000e+00
      outer loop
         vertex 1.413657e+02 1.877443e+01 4.254840e+01
         vertex 1.418105e+02 2.745908e+01 4.254840e+01
         vertex 1.410741e+02 2.754850e+01 4.254840e+01
      endloop
   endfacet
   facet normal 0.000000e+00 0.000000e+00 1.000000e+00
      outer loop
         vertex 1.413657e+02 1.877443e+01 4.254840e+01
         vertex 1.410741e+02 2.754850e+01 4.254840e+01
         vertex 1.413485e+02 1.876840e+01 4.254840e+01
      endloop
   endfacet
   facet normal 0.000000e+00 0.000000e+00 1.000000e+00
      outer loop
         vertex 1.413485e+02 1.876840e+01 4.254840e+01
         vertex 1.410741e+02 2.754850e+01 4.254840e+01
         vertex 1.388371e+02 2.147245e+01 4.254840e+01
      endloop
   endfacet
   facet normal 0.000000e+00 0.000000e+00 1.000000e+00
      outer loop
         vertex 1.413485e+02 1.876840e+01 4.254840e+01
         vertex 1.388371e+02 2.147245e+01 4.254840e+01
         vertex 1.412809e+02 1.872192e+01 4.254840e+01
      endloop
   endfacet
   facet normal 0.000000e+00 0.000000e+00 1.000000e+00
      outer loop
         vertex 1.412809e+02 1.872192e+01 4.254840e+01
         vertex 1.388371e+02 2.147245e+01 4.254840e+01
         vertex 1.389925e+02 2.100702e+01 4.254840e+01
      endloop
   endfacet
   facet normal 0.000000e+00 0.000000e+00 1.000000e+00
      outer loop
         vertex 1.412809e+02 1.872192e+01 4.254840e+01
         vertex 1.389925e+02 2.100702e+01 4.254840e+01
         vertex 1.393752e+02 2.023203e+01 4.254840e+01
      endloop
   endfacet
   facet normal -0.000000e+00 0.000000e+00 -1.000000e+00
      outer loop
         vertex 1.407432e+02 3.027340e+01 5.934840e+01
         vertex 1.402513e+02 2.971810e+01 5.934840e+01
         vertex 1.386532e+02 3.549778e+01 5.934840e+01
      endloop
   endfacet
   facet normal 0.000000e+00 0.000000e+00 -1.000000e+00
      outer loop
         vertex 1.386532e+02 3.549778e+01 5.934840e+01
         vertex 1.402513e+02 2.971810e+01 5.934840e+01
         vertex 1.400737e+02 2.899778e+01 5.934840e+01
      endloop
   endfacet
   facet normal 0.000000e+00 0.000000e+00 -1.000000e+00
      outer loop
         vertex 1.386532e+02 3.549778e+01 5.934840e+01
         vertex 1.400737e+02 2.899778e+01 5.934840e+01
         vertex 1.386532e+02 2.281200e+01 5.934840e+01
      endloop
   endfacet
   facet normal 0.000000e+00 0.000000e+00 -1.000000e+00
      outer loop
         vertex 1.414369e+02 2.745908e+01 5.934840e+01
         vertex 1.402277e+02 1.918252e+01 5.934840e+01
         vertex 1.393752e+02 2.023203e+01 5.934840e+01
      endloop
   endfacet
   facet normal 0.000000e+00 -0.000000e+00 -1.000000e+00
      outer loop
         vertex 1.389686e+02 3.596012e+01 5.934840e+01
         vertex 1.391565e+02 3.599778e+01 5.934840e+01
         vertex 1.388055e+02 3.584715e+01 5.934840e+01
      endloop
   endfacet
   facet normal 0.000000e+00 0.000000e+00 -1.000000e+00
      outer loop
         vertex 1.388055e+02 3.584715e+01 5.934840e+01
         vertex 1.391565e+02 3.599778e+01 5.934840e+01
         vertex 1.414369e+02 3.053647e+01 5.934840e+01
      endloop
   endfacet
   facet normal 0.000000e+00 -0.000000e+00 -1.000000e+00
      outer loop
         vertex 1.400737e+02 2.899778e+01 5.934840e+01
         vertex 1.402513e+02 2.827745e+01 5.934840e+01
         vertex 1.386532e+02 2.281200e+01 5.934840e+01
      endloop
   endfacet
   facet normal 0.000000e+00 0.000000e+00 -1.000000e+00
      outer loop
         vertex 1.386532e+02 2.281200e+01 5.934840e+01
         vertex 1.402513e+02 2.827745e+01 5.934840e+01
         vertex 1.407432e+02 2.772215e+01 5.934840e+01
      endloop
   endfacet
   facet normal 0.000000e+00 0.000000e+00 -1.000000e+00
      outer loop
         vertex 1.386532e+02 2.281200e+01 5.934840e+01
         vertex 1.407432e+02 2.772215e+01 5.934840e+01
         vertex 1.388371e+02 2.147245e+01 5.934840e+01
      endloop
   endfacet
   facet normal 0.000000e+00 0.000000e+00 -1.000000e+00
      outer loop
         vertex 1.388371e+02 2.147245e+01 5.934840e+01
         vertex 1.407432e+02 2.772215e+01 5.934840e+01
         vertex 1.414369e+02 2.745908e+01 5.934840e+01
      endloop
   endfacet
   facet normal 0.000000e+00 0.000000e+00 -1.000000e+00
      outer loop
         vertex 1.388371e+02 2.147245e+01 5.934840e+01
         vertex 1.414369e+02 2.745908e+01 5.934840e+01
         vertex 1.389925e+02 2.100702e+01 5.934840e+01
      endloop
   endfacet
   facet normal 0.000000e+00 0.000000e+00 -1.000000e+00
      outer loop
         vertex 1.389925e+02 2.100702e+01 5.934840e+01
         vertex 1.414369e+02 2.745908e+01 5.934840e+01
         vertex 1.393752e+02 2.023203e+01 5.934840e+01
      endloop
   endfacet
   facet normal 0.000000e+00 0.000000e+00 -1.000000e+00
      outer loop
         vertex 1.414369e+02 3.053647e+01 5.934840e+01
         vertex 1.391565e+02 3.599778e+01 5.934840e+01
         vertex 1.421734e+02 3.044705e+01 5.934840e+01
      endloop
   endfacet
   facet normal 0.000000e+00 0.000000e+00 -1.000000e+00
      outer loop
         vertex 1.421734e+02 3.044705e+01 5.934840e+01
         vertex 1.391565e+02 3.599778e+01 5.934840e+01
         vertex 1.461237e+02 3.599778e+01 5.934840e+01
      endloop
   endfacet
   facet normal 0.000000e+00 0.000000e+00 -1.000000e+00
      outer loop
         vertex 1.421734e+02 3.044705e+01 5.934840e+01
         vertex 1.461237e+02 3.599778e+01 5.934840e+01
         vertex 1.427839e+02 3.002562e+01 5.934840e+01
      endloop
   endfacet
   facet normal 0.000000e+00 0.000000e+00 -1.000000e+00
      outer loop
         vertex 1.407432e+02 3.027340e+01 5.934840e+01
         vertex 1.386532e+02 3.549778e+01 5.934840e+01
         vertex 1.414369e+02 3.053647e+01 5.934840e+01
      endloop
   endfacet
   facet normal 0.000000e+00 0.000000e+00 -1.000000e+00
      outer loop
         vertex 1.414369e+02 3.053647e+01 5.934840e+01
         vertex 1.386532e+02 3.549778e+01 5.934840e+01
         vertex 1.386913e+02 3.568372e+01 5.934840e+01
      endloop
   endfacet
   facet normal 0.000000e+00 0.000000e+00 -1.000000e+00
      outer loop
         vertex 1.414369e+02 3.053647e+01 5.934840e+01
         vertex 1.386913e+02 3.568372e+01 5.934840e+01
         vertex 1.388055e+02 3.584715e+01 5.934840e+01
      endloop
   endfacet
   facet normal 0.000000e+00 0.000000e+00 -1.000000e+00
      outer loop
         vertex 1.461237e+02 2.036167e+01 5.934840e+01
         vertex 1.431737e+02 2.899778e+01 5.934840e+01
         vertex 1.461237e+02 3.599778e+01 5.934840e+01
      endloop
   endfacet
   facet normal 0.000000e+00 0.000000e+00 -1.000000e+00
      outer loop
         vertex 1.461237e+02 3.599778e+01 5.934840e+01
         vertex 1.431737e+02 2.899778e+01 5.934840e+01
         vertex 1.431287e+02 2.936871e+01 5.934840e+01
      endloop
   endfacet
   facet normal 0.000000e+00 0.000000e+00 -1.000000e+00
      outer loop
         vertex 1.461237e+02 3.599778e+01 5.934840e+01
         vertex 1.431287e+02 2.936871e+01 5.934840e+01
         vertex 1.427839e+02 3.002562e+01 5.934840e+01
      endloop
   endfacet
   facet normal -0.000000e+00 0.000000e+00 -1.000000e+00
      outer loop
         vertex 1.436179e+02 1.948430e+01 5.934840e+01
         vertex 1.435850e+02 1.947341e+01 5.934840e+01
         vertex 1.414369e+02 2.745908e+01 5.934840e+01
      endloop
   endfacet
   facet normal 0.000000e+00 -0.000000e+00 -1.000000e+00
      outer loop
         vertex 1.414369e+02 2.745908e+01 5.934840e+01
         vertex 1.435850e+02 1.947341e+01 5.934840e+01
         vertex 1.413657e+02 1.877443e+01 5.934840e+01
      endloop
   endfacet
   facet normal 0.000000e+00 0.000000e+00 -1.000000e+00
      outer loop
         vertex 1.414369e+02 2.745908e+01 5.934840e+01
         vertex 1.413657e+02 1.877443e+01 5.934840e+01
         vertex 1.402277e+02 1.918252e+01 5.934840e+01
      endloop
   endfacet
   facet normal 0.000000e+00 0.000000e+00 -1.000000e+00
      outer loop
         vertex 1.402277e+02 1.918252e+01 5.934840e+01
         vertex 1.413657e+02 1.877443e+01 5.934840e+01
         vertex 1.412875e+02 1.872826e+01 5.934840e+01
      endloop
   endfacet
   facet normal 0.000000e+00 0.000000e+00 -1.000000e+00
      outer loop
         vertex 1.402277e+02 1.918252e+01 5.934840e+01
         vertex 1.412875e+02 1.872826e+01 5.934840e+01
         vertex 1.407530e+02 1.875435e+01 5.934840e+01
      endloop
   endfacet
   facet normal 0.000000e+00 0.000000e+00 -1.000000e+00
      outer loop
         vertex 1.407530e+02 1.875435e+01 5.934840e+01
         vertex 1.412875e+02 1.872826e+01 5.934840e+01
         vertex 1.412323e+02 1.864132e+01 5.934840e+01
      endloop
   endfacet
   facet normal 0.000000e+00 0.000000e+00 -1.000000e+00
      outer loop
         vertex 1.407530e+02 1.875435e+01 5.934840e+01
         vertex 1.412323e+02 1.864132e+01 5.934840e+01
         vertex 1.410362e+02 1.856810e+01 5.934840e+01
      endloop
   endfacet
   facet normal 0.000000e+00 0.000000e+00 -1.000000e+00
      outer loop
         vertex 1.436179e+02 1.948430e+01 5.934840e+01
         vertex 1.414369e+02 2.745908e+01 5.934840e+01
         vertex 1.444060e+02 1.974981e+01 5.934840e+01
      endloop
   endfacet
   facet normal 0.000000e+00 0.000000e+00 -1.000000e+00
      outer loop
         vertex 1.444060e+02 1.974981e+01 5.934840e+01
         vertex 1.414369e+02 2.745908e+01 5.934840e+01
         vertex 1.421734e+02 2.754850e+01 5.934840e+01
      endloop
   endfacet
   facet normal 0.000000e+00 0.000000e+00 -1.000000e+00
      outer loop
         vertex 1.444060e+02 1.974981e+01 5.934840e+01
         vertex 1.421734e+02 2.754850e+01 5.934840e+01
         vertex 1.459692e+02 2.030469e+01 5.934840e+01
      endloop
   endfacet
   facet normal 0.000000e+00 0.000000e+00 -1.000000e+00
      outer loop
         vertex 1.459692e+02 2.030469e+01 5.934840e+01
         vertex 1.421734e+02 2.754850e+01 5.934840e+01
         vertex 1.427839e+02 2.796994e+01 5.934840e+01
      endloop
   endfacet
   facet normal 0.000000e+00 0.000000e+00 -1.000000e+00
      outer loop
         vertex 1.459692e+02 2.030469e+01 5.934840e+01
         vertex 1.427839e+02 2.796994e+01 5.934840e+01
         vertex 1.461237e+02 2.036167e+01 5.934840e+01
      endloop
   endfacet
   facet normal 0.000000e+00 0.000000e+00 -1.000000e+00
      outer loop
         vertex 1.461237e+02 2.036167e+01 5.934840e+01
         vertex 1.427839e+02 2.796994e+01 5.934840e+01
         vertex 1.431287e+02 2.862684e+01 5.934840e+01
      endloop
   endfacet
   facet normal 0.000000e+00 0.000000e+00 -1.000000e+00
      outer loop
         vertex 1.461237e+02 2.036167e+01 5.934840e+01
         vertex 1.431287e+02 2.862684e+01 5.934840e+01
         vertex 1.431737e+02 2.899778e+01 5.934840e+01
      endloop
   endfacet
   facet normal 0.000000e+00 0.000000e+00 -1.000000e+00
      outer loop
         vertex 1.412323e+02 1.864132e+01 5.934840e+01
         vertex 1.412243e+02 1.855823e+01 5.934840e+01
         vertex 1.410362e+02 1.856810e+01 5.934840e+01
      endloop
   endfacet
   facet normal 0.000000e+00 0.000000e+00 -1.000000e+00
      outer loop
         vertex 1.410362e+02 1.856810e+01 5.934840e+01
         vertex 1.412243e+02 1.855823e+01 5.934840e+01
         vertex 1.412570e+02 1.847007e+01 5.934840e+01
      endloop
   endfacet
   facet normal 0.000000e+00 0.000000e+00 -1.000000e+00
      outer loop
         vertex 1.410362e+02 1.856810e+01 5.934840e+01
         vertex 1.412570e+02 1.847007e+01 5.934840e+01
         vertex 1.412838e+02 1.843647e+01 5.934840e+01
      endloop
   endfacet
   facet normal -0.000000e+00 -0.000000e+00 -1.000000e+00
      outer loop
         vertex 1.412838e+02 1.843647e+01 5.934840e+01
         vertex 1.412996e+02 1.842234e+01 5.934840e+01
         vertex 1.410362e+02 1.856810e+01 5.934840e+01
      endloop
   endfacet
   facet normal 0.000000e+00 0.000000e+00 -1.000000e+00
      outer loop
         vertex 1.410362e+02 1.856810e+01 5.934840e+01
         vertex 1.412996e+02 1.842234e+01 5.934840e+01
         vertex 1.413169e+02 1.841001e+01 5.934840e+01
      endloop
   endfacet
   facet normal 0.000000e+00 0.000000e+00 -1.000000e+00
      outer loop
         vertex 1.410362e+02 1.856810e+01 5.934840e+01
         vertex 1.413169e+02 1.841001e+01 5.934840e+01
         vertex 1.413315e+02 1.840159e+01 5.934840e+01
      endloop
   endfacet
   facet normal -7.854187e-01 0.000000e+00 -6.189648e-01
      outer loop
         vertex 1.665794e+02 3.599778e+01 5.638813e+01
         vertex 1.673737e+02 3.599778e+01 5.538022e+01
         vertex 1.673737e+02 3.082832e+01 5.538022e+01
      endloop
   endfacet
   facet normal -2.996996e-01 0.000000e+00 -9.540336e-01
      outer loop
         vertex 1.628471e+02 3.079778e+01 5.865864e+01
         vertex 1.628471e+02 3.599778e+01 5.865864e+01
         vertex 1.633722e+02 3.079778e+01 5.849366e+01
      endloop
   endfacet
   facet normal -3.431365e-01 -4.855232e-03 -9.392730e-01
      outer loop
         vertex 1.633722e+02 3.079778e+01 5.849366e+01
         vertex 1.628471e+02 3.599778e+01 5.865864e+01
         vertex 1.640524e+02 3.599778e+01 5.821830e+01
      endloop
   endfacet
   facet normal -5.043947e-01 -5.553059e-05 -8.634732e-01
      outer loop
         vertex 1.640524e+02 3.599778e+01 5.821830e+01
         vertex 1.654060e+02 3.599778e+01 5.742760e+01
         vertex 1.654051e+02 2.956756e+01 5.742856e+01
      endloop
   endfacet
   facet normal -3.826866e-01 0.000000e+00 -9.238782e-01
      outer loop
         vertex 1.633722e+02 2.833347e+01 5.849366e+01
         vertex 1.633722e+02 3.079778e+01 5.849366e+01
         vertex 1.641810e+02 2.881640e+01 5.815865e+01
      endloop
   endfacet
   facet normal -3.808896e-01 8.589505e-04 -9.246201e-01
      outer loop
         vertex 1.641810e+02 2.881640e+01 5.815865e+01
         vertex 1.633722e+02 3.079778e+01 5.849366e+01
         vertex 1.640524e+02 3.599778e+01 5.821830e+01
      endloop
   endfacet
   facet normal -4.808312e-01 -1.327903e-03 -8.768122e-01
      outer loop
         vertex 1.641810e+02 2.881640e+01 5.815865e+01
         vertex 1.640524e+02 3.599778e+01 5.821830e+01
         vertex 1.649401e+02 2.927932e+01 5.774167e+01
      endloop
   endfacet
   facet normal -5.525757e-01 -1.389095e-02 -8.333470e-01
      outer loop
         vertex 1.649401e+02 2.927932e+01 5.774167e+01
         vertex 1.640524e+02 3.599778e+01 5.821830e+01
         vertex 1.654051e+02 2.956756e+01 5.742856e+01
      endloop
   endfacet
   facet normal -8.024912e-01 -6.979268e-03 -5.966231e-01
      outer loop
         vertex 1.673737e+02 3.082832e+01 5.538022e+01
         vertex 1.668986e+02 3.051794e+01 5.602297e+01
         vertex 1.665794e+02 3.599778e+01 5.638813e+01
      endloop
   endfacet
   facet normal -7.388380e-01 1.875957e-03 -6.738805e-01
      outer loop
         vertex 1.665794e+02 3.599778e+01 5.638813e+01
         vertex 1.668986e+02 3.051794e+01 5.602297e+01
         vertex 1.663257e+02 3.014894e+01 5.664998e+01
      endloop
   endfacet
   facet normal -6.630896e-01 -4.751403e-03 -7.485250e-01
      outer loop
         vertex 1.665794e+02 3.599778e+01 5.638813e+01
         vertex 1.663257e+02 3.014894e+01 5.664998e+01
         vertex 1.654060e+02 3.599778e+01 5.742760e+01
      endloop
   endfacet
   facet normal -6.587353e-01 -3.555976e-03 -7.523664e-01
      outer loop
         vertex 1.654060e+02 3.599778e+01 5.742760e+01
         vertex 1.663257e+02 3.014894e+01 5.664998e+01
         vertex 1.656503e+02 2.972101e+01 5.724339e+01
      endloop
   endfacet
   facet normal -6.026165e-01 -3.171735e-05 -7.980310e-01
      outer loop
         vertex 1.654060e+02 3.599778e+01 5.742760e+01
         vertex 1.656503e+02 2.972101e+01 5.724339e+01
         vertex 1.654051e+02 2.956756e+01 5.742856e+01
      endloop
   endfacet
   facet normal -8.028005e-01 0.000000e+00 5.962477e-01
      outer loop
         vertex 1.673737e+02 3.082832e+01 4.651659e+01
         vertex 1.673737e+02 3.599778e+01 4.651659e+01
         vertex 1.668755e+02 3.050296e+01 4.584573e+01
      endloop
   endfacet
   facet normal -7.854113e-01 -4.349569e-03 6.189589e-01
      outer loop
         vertex 1.668755e+02 3.050296e+01 4.584573e+01
         vertex 1.673737e+02 3.599778e+01 4.651659e+01
         vertex 1.665794e+02 3.599778e+01 4.550868e+01
      endloop
   endfacet
   facet normal -6.630914e-01 -4.142786e-03 7.485270e-01
      outer loop
         vertex 1.654060e+02 3.599778e+01 4.446921e+01
         vertex 1.656752e+02 2.973666e+01 4.467302e+01
         vertex 1.665794e+02 3.599778e+01 4.550868e+01
      endloop
   endfacet
   facet normal -6.585137e-01 -5.340786e-03 7.525498e-01
      outer loop
         vertex 1.665794e+02 3.599778e+01 4.550868e+01
         vertex 1.656752e+02 2.973666e+01 4.467302e+01
         vertex 1.663108e+02 3.013938e+01 4.523203e+01
      endloop
   endfacet
   facet normal -7.364157e-01 1.821403e-03 6.765269e-01
      outer loop
         vertex 1.665794e+02 3.599778e+01 4.550868e+01
         vertex 1.663108e+02 3.013938e+01 4.523203e+01
         vertex 1.668755e+02 3.050296e+01 4.584573e+01
      endloop
   endfacet
   facet normal -3.431405e-01 0.000000e+00 9.392841e-01
      outer loop
         vertex 1.628471e+02 3.599778e+01 4.323817e+01
         vertex 1.628471e+02 3.079778e+01 4.323817e+01
         vertex 1.640524e+02 3.599778e+01 4.367851e+01
      endloop
   endfacet
   facet normal -2.996804e-01 -1.131784e-02 9.539725e-01
      outer loop
         vertex 1.640524e+02 3.599778e+01 4.367851e+01
         vertex 1.628471e+02 3.079778e+01 4.323817e+01
         vertex 1.633722e+02 3.079778e+01 4.340315e+01
      endloop
   endfacet
   facet normal -3.403223e-01 0.000000e+00 9.403089e-01
      outer loop
         vertex 1.633722e+02 2.833347e+01 4.340315e+01
         vertex 1.635030e+02 2.841086e+01 4.345048e+01
         vertex 1.633722e+02 3.079778e+01 4.340315e+01
      endloop
   endfacet
   facet normal -3.940939e-01 -3.367644e-03 9.190640e-01
      outer loop
         vertex 1.633722e+02 3.079778e+01 4.340315e+01
         vertex 1.635030e+02 2.841086e+01 4.345048e+01
         vertex 1.642612e+02 2.886486e+01 4.377726e+01
      endloop
   endfacet
   facet normal -3.851057e-01 1.503040e-03 9.228712e-01
      outer loop
         vertex 1.633722e+02 3.079778e+01 4.340315e+01
         vertex 1.642612e+02 2.886486e+01 4.377726e+01
         vertex 1.640524e+02 3.599778e+01 4.367851e+01
      endloop
   endfacet
   facet normal -4.895718e-01 -2.259693e-03 8.719600e-01
      outer loop
         vertex 1.640524e+02 3.599778e+01 4.367851e+01
         vertex 1.642612e+02 2.886486e+01 4.377726e+01
         vertex 1.650040e+02 2.931873e+01 4.419549e+01
      endloop
   endfacet
   facet normal -5.043884e-01 -5.028462e-03 8.634623e-01
      outer loop
         vertex 1.640524e+02 3.599778e+01 4.367851e+01
         vertex 1.650040e+02 2.931873e+01 4.419549e+01
         vertex 1.654060e+02 3.599778e+01 4.446921e+01
      endloop
   endfacet
   facet normal -5.624303e-01 -3.457015e-05 8.268447e-01
      outer loop
         vertex 1.654060e+02 3.599778e+01 4.446921e+01
         vertex 1.650040e+02 2.931873e+01 4.419549e+01
         vertex 1.654051e+02 2.956756e+01 4.446831e+01
      endloop
   endfacet
   facet normal -6.039968e-01 -2.450331e-05 7.969867e-01
      outer loop
         vertex 1.654060e+02 3.599778e+01 4.446921e+01
         vertex 1.654051e+02 2.956756e+01 4.446831e+01
         vertex 1.656752e+02 2.973666e+01 4.467302e+01
      endloop
   endfacet
   facet normal -1.000000e+00 0.000000e+00 0.000000e+00
      outer loop
         vertex 1.673737e+02 3.082832e+01 5.538022e+01
         vertex 1.673737e+02 3.599778e+01 5.538022e+01
         vertex 1.673737e+02 3.082832e+01 4.651659e+01
      endloop
   endfacet
   facet normal -1.000000e+00 0.000000e+00 0.000000e+00
      outer loop
         vertex 1.673737e+02 3.082832e+01 4.651659e+01
         vertex 1.673737e+02 3.599778e+01 5.538022e+01
         vertex 1.673737e+02 3.599778e+01 4.651659e+01
      endloop
   endfacet
   facet normal 8.190506e-01 -0.000000e+00 5.737212e-01
      outer loop
         vertex 1.690388e+02 3.302091e+01 5.648818e+01
         vertex 1.690388e+02 3.549778e+01 5.648818e+01
         vertex 1.687636e+02 3.293247e+01 5.688096e+01
      endloop
   endfacet
   facet normal 8.219043e-01 -9.332695e-04 5.696249e-01
      outer loop
         vertex 1.687636e+02 3.293247e+01 5.688096e+01
         vertex 1.690388e+02 3.549778e+01 5.648818e+01
         vertex 1.688232e+02 3.549778e+01 5.679925e+01
      endloop
   endfacet
   facet normal 7.924776e-01 1.032677e-03 6.099001e-01
      outer loop
         vertex 1.687636e+02 3.293247e+01 5.688096e+01
         vertex 1.688232e+02 3.549778e+01 5.679925e+01
         vertex 1.685113e+02 3.285165e+01 5.720904e+01
      endloop
   endfacet
   facet normal 7.670828e-01 8.917858e-03 6.414861e-01
      outer loop
         vertex 1.685113e+02 3.285165e+01 5.720904e+01
         vertex 1.688232e+02 3.549778e+01 5.679925e+01
         vertex 1.679068e+02 3.549778e+01 5.789503e+01
      endloop
   endfacet
   facet normal 7.564883e-01 3.253940e-03 6.539991e-01
      outer loop
         vertex 1.685113e+02 3.285165e+01 5.720904e+01
         vertex 1.679068e+02 3.549778e+01 5.789503e+01
         vertex 1.680452e+02 3.270311e+01 5.774892e+01
      endloop
   endfacet
   facet normal 7.183712e-01 -8.111400e-04 6.956595e-01
      outer loop
         vertex 1.680452e+02 3.270311e+01 5.774892e+01
         vertex 1.679068e+02 3.549778e+01 5.789503e+01
         vertex 1.677451e+02 3.260798e+01 5.805868e+01
      endloop
   endfacet
   facet normal 6.678746e-01 4.766965e-03 7.442585e-01
      outer loop
         vertex 1.677451e+02 3.260798e+01 5.805868e+01
         vertex 1.679068e+02 3.549778e+01 5.789503e+01
         vertex 1.668437e+02 3.549778e+01 5.884908e+01
      endloop
   endfacet
   facet normal 6.766217e-01 9.681215e-03 7.362672e-01
      outer loop
         vertex 1.677451e+02 3.260798e+01 5.805868e+01
         vertex 1.668437e+02 3.549778e+01 5.884908e+01
         vertex 1.672417e+02 3.244927e+01 5.852335e+01
      endloop
   endfacet
   facet normal 5.998566e-01 -7.160002e-03 8.000755e-01
      outer loop
         vertex 1.672417e+02 3.244927e+01 5.852335e+01
         vertex 1.668437e+02 3.549778e+01 5.884908e+01
         vertex 1.665791e+02 3.549778e+01 5.904740e+01
      endloop
   endfacet
   facet normal 6.203111e-01 -1.202790e-05 7.843559e-01
      outer loop
         vertex 1.672417e+02 3.244927e+01 5.852335e+01
         vertex 1.665791e+02 3.549778e+01 5.904740e+01
         vertex 1.665787e+02 3.224189e+01 5.904771e+01
      endloop
   endfacet
   facet normal 5.795401e-01 -3.577695e-06 8.149438e-01
      outer loop
         vertex 1.665787e+02 3.224189e+01 5.904771e+01
         vertex 1.665791e+02 3.549778e+01 5.904740e+01
         vertex 1.664322e+02 3.219634e+01 5.915186e+01
      endloop
   endfacet
   facet normal 5.411996e-01 2.523369e-03 8.408904e-01
      outer loop
         vertex 1.664322e+02 3.219634e+01 5.915186e+01
         vertex 1.665791e+02 3.549778e+01 5.904740e+01
         vertex 1.656554e+02 3.549778e+01 5.964190e+01
      endloop
   endfacet
   facet normal 5.403458e-01 2.240858e-03 8.414401e-01
      outer loop
         vertex 1.664322e+02 3.219634e+01 5.915186e+01
         vertex 1.656554e+02 3.549778e+01 5.964190e+01
         vertex 1.657958e+02 3.199949e+01 5.956105e+01
      endloop
   endfacet
   facet normal 4.562062e-01 -2.255675e-03 8.898713e-01
      outer loop
         vertex 1.657958e+02 3.199949e+01 5.956105e+01
         vertex 1.656554e+02 3.549778e+01 5.964190e+01
         vertex 1.648872e+02 3.549778e+01 6.003577e+01
      endloop
   endfacet
   facet normal 4.669892e-01 1.306415e-03 8.842621e-01
      outer loop
         vertex 1.657958e+02 3.199949e+01 5.956105e+01
         vertex 1.648872e+02 3.549778e+01 6.003577e+01
         vertex 1.649645e+02 3.174496e+01 6.000046e+01
      endloop
   endfacet
   facet normal 3.914856e-01 -5.881642e-04 9.201840e-01
      outer loop
         vertex 1.649645e+02 3.174496e+01 6.000046e+01
         vertex 1.648872e+02 3.549778e+01 6.003577e+01
         vertex 1.643664e+02 3.549778e+01 6.025734e+01
      endloop
   endfacet
   facet normal 3.878847e-01 -1.266370e-03 9.217070e-01
      outer loop
         vertex 1.649645e+02 3.174496e+01 6.000046e+01
         vertex 1.643664e+02 3.549778e+01 6.025734e+01
         vertex 1.642137e+02 3.151756e+01 6.031611e+01
      endloop
   endfacet
   facet normal 3.164224e-01 1.871502e-03 9.486166e-01
      outer loop
         vertex 1.642137e+02 3.151756e+01 6.031611e+01
         vertex 1.643664e+02 3.549778e+01 6.025734e+01
         vertex 1.633805e+02 3.549778e+01 6.058620e+01
      endloop
   endfacet
   facet normal 3.083443e-01 0.000000e+00 9.512748e-01
      outer loop
         vertex 1.642137e+02 3.151756e+01 6.031611e+01
         vertex 1.633805e+02 3.549778e+01 6.058620e+01
         vertex 1.633805e+02 3.126795e+01 6.058620e+01
      endloop
   endfacet
   facet normal 5.412014e-01 8.297874e-06 -8.408930e-01
      outer loop
         vertex 1.665791e+02 3.549778e+01 4.284941e+01
         vertex 1.665785e+02 3.224183e+01 4.284897e+01
         vertex 1.656554e+02 3.549778e+01 4.225490e+01
      endloop
   endfacet
   facet normal 5.329541e-01 -3.286789e-03 -8.461378e-01
      outer loop
         vertex 1.656554e+02 3.549778e+01 4.225490e+01
         vertex 1.665785e+02 3.224183e+01 4.284897e+01
         vertex 1.654630e+02 3.189724e+01 4.214769e+01
      endloop
   endfacet
   facet normal 4.562063e-01 2.116982e-03 -8.898715e-01
      outer loop
         vertex 1.656554e+02 3.549778e+01 4.225490e+01
         vertex 1.654630e+02 3.189724e+01 4.214769e+01
         vertex 1.648872e+02 3.549778e+01 4.186104e+01
      endloop
   endfacet
   facet normal 4.463170e-01 1.369958e-04 -8.948749e-01
      outer loop
         vertex 1.648872e+02 3.549778e+01 4.186104e+01
         vertex 1.654630e+02 3.189724e+01 4.214769e+01
         vertex 1.648866e+02 3.172124e+01 4.186017e+01
      endloop
   endfacet
   facet normal 3.914857e-01 1.512504e-04 -9.201842e-01
      outer loop
         vertex 1.648872e+02 3.549778e+01 4.186104e+01
         vertex 1.648866e+02 3.172124e+01 4.186017e+01
         vertex 1.643664e+02 3.549778e+01 4.163946e+01
      endloop
   endfacet
   facet normal 3.838572e-01 -1.087040e-03 -9.233918e-01
      outer loop
         vertex 1.643664e+02 3.549778e+01 4.163946e+01
         vertex 1.648866e+02 3.172124e+01 4.186017e+01
         vertex 1.642137e+02 3.151756e+01 4.158070e+01
      endloop
   endfacet
   facet normal 3.164224e-01 1.871502e-03 -9.486166e-01
      outer loop
         vertex 1.643664e+02 3.549778e+01 4.163946e+01
         vertex 1.642137e+02 3.151756e+01 4.158070e+01
         vertex 1.633805e+02 3.549778e+01 4.131061e+01
      endloop
   endfacet
   facet normal 3.345203e-01 6.084205e-03 -9.423689e-01
      outer loop
         vertex 1.633805e+02 3.549778e+01 4.131061e+01
         vertex 1.642137e+02 3.151756e+01 4.158070e+01
         vertex 1.639442e+02 3.143650e+01 4.148451e+01
      endloop
   endfacet
   facet normal 2.947617e-01 0.000000e+00 -9.555708e-01
      outer loop
         vertex 1.633805e+02 3.549778e+01 4.131061e+01
         vertex 1.639442e+02 3.143650e+01 4.148451e+01
         vertex 1.633805e+02 3.126795e+01 4.131061e+01
      endloop
   endfacet
   facet normal 8.219046e-01 0.000000e+00 -5.696251e-01
      outer loop
         vertex 1.690388e+02 3.549778e+01 4.540863e+01
         vertex 1.690388e+02 3.302091e+01 4.540863e+01
         vertex 1.688232e+02 3.549778e+01 4.509756e+01
      endloop
   endfacet
   facet normal 8.074186e-01 -3.815600e-03 -5.899667e-01
      outer loop
         vertex 1.688232e+02 3.549778e+01 4.509756e+01
         vertex 1.690388e+02 3.302091e+01 4.540863e+01
         vertex 1.685113e+02 3.285165e+01 4.468777e+01
      endloop
   endfacet
   facet normal 7.670828e-01 8.917858e-03 -6.414861e-01
      outer loop
         vertex 1.688232e+02 3.549778e+01 4.509756e+01
         vertex 1.685113e+02 3.285165e+01 4.468777e+01
         vertex 1.679068e+02 3.549778e+01 4.400177e+01
      endloop
   endfacet
   facet normal 7.552266e-01 2.587334e-03 -6.554587e-01
      outer loop
         vertex 1.679068e+02 3.549778e+01 4.400177e+01
         vertex 1.685113e+02 3.285165e+01 4.468777e+01
         vertex 1.680170e+02 3.269416e+01 4.411763e+01
      endloop
   endfacet
   facet normal 6.678754e-01 -4.514390e-03 -7.442594e-01
      outer loop
         vertex 1.679068e+02 3.549778e+01 4.400177e+01
         vertex 1.680170e+02 3.269416e+01 4.411763e+01
         vertex 1.668437e+02 3.549778e+01 4.304773e+01
      endloop
   endfacet
   facet normal 6.903256e-01 1.284703e-02 -7.233848e-01
      outer loop
         vertex 1.668437e+02 3.549778e+01 4.304773e+01
         vertex 1.680170e+02 3.269416e+01 4.411763e+01
         vertex 1.672417e+02 3.244927e+01 4.337346e+01
      endloop
   endfacet
   facet normal 5.998566e-01 -7.160002e-03 -8.000755e-01
      outer loop
         vertex 1.668437e+02 3.549778e+01 4.304773e+01
         vertex 1.672417e+02 3.244927e+01 4.337346e+01
         vertex 1.665791e+02 3.549778e+01 4.284941e+01
      endloop
   endfacet
   facet normal 6.316466e-01 4.017696e-03 -7.752461e-01
      outer loop
         vertex 1.665791e+02 3.549778e+01 4.284941e+01
         vertex 1.672417e+02 3.244927e+01 4.337346e+01
         vertex 1.668283e+02 3.231974e+01 4.303596e+01
      endloop
   endfacet
   facet normal 5.992526e-01 -8.248248e-06 -8.005600e-01
      outer loop
         vertex 1.665791e+02 3.549778e+01 4.284941e+01
         vertex 1.668283e+02 3.231974e+01 4.303596e+01
         vertex 1.665785e+02 3.224183e+01 4.284897e+01
      endloop
   endfacet
   facet normal 5.151419e-01 -8.571049e-01 1.141814e-04
      outer loop
         vertex 1.654689e+02 2.749230e+01 5.546233e+01
         vertex 1.646056e+02 2.697220e+01 4.612951e+01
         vertex 1.652936e+02 2.738572e+01 4.635905e+01
      endloop
   endfacet
   facet normal 5.194870e-01 -8.544784e-01 -2.524293e-07
      outer loop
         vertex 1.652936e+02 2.738572e+01 4.635905e+01
         vertex 1.654689e+02 2.749230e+01 4.643449e+01
         vertex 1.654689e+02 2.749230e+01 5.546233e+01
      endloop
   endfacet
   facet normal 5.226883e-01 -8.525238e-01 -2.554746e-07
      outer loop
         vertex 1.654689e+02 2.749230e+01 5.546233e+01
         vertex 1.654689e+02 2.749230e+01 4.643449e+01
         vertex 1.659348e+02 2.777796e+01 4.667331e+01
      endloop
   endfacet
   facet normal 5.265561e-01 -8.501404e-01 2.822486e-04
      outer loop
         vertex 1.654689e+02 2.749230e+01 5.546233e+01
         vertex 1.659348e+02 2.777796e+01 4.667331e+01
         vertex 1.662680e+02 2.798444e+01 4.688257e+01
      endloop
   endfacet
   facet normal 5.293616e-01 -8.483961e-01 6.436220e-04
      outer loop
         vertex 1.662680e+02 2.798444e+01 4.688257e+01
         vertex 1.665378e+02 2.815293e+01 4.707963e+01
         vertex 1.654689e+02 2.749230e+01 5.546233e+01
      endloop
   endfacet
   facet normal 5.325335e-01 -8.464081e-01 1.204785e-03
      outer loop
         vertex 1.654689e+02 2.749230e+01 5.546233e+01
         vertex 1.665378e+02 2.815293e+01 4.707963e+01
         vertex 1.669852e+02 2.843498e+01 4.747244e+01
      endloop
   endfacet
   facet normal 5.223422e-01 -8.527347e-01 -1.475823e-03
      outer loop
         vertex 1.654689e+02 2.749230e+01 5.546233e+01
         vertex 1.669852e+02 2.843498e+01 4.747244e+01
         vertex 1.659767e+02 2.780384e+01 5.519906e+01
      endloop
   endfacet
   facet normal 5.358387e-01 -8.443204e-01 0.000000e+00
      outer loop
         vertex 1.670548e+02 2.847913e+01 4.754215e+01
         vertex 1.670548e+02 2.847913e+01 5.435465e+01
         vertex 1.669852e+02 2.843498e+01 4.747244e+01
      endloop
   endfacet
   facet normal 5.336832e-01 -8.456845e-01 3.053810e-05
      outer loop
         vertex 1.669852e+02 2.843498e+01 4.747244e+01
         vertex 1.670548e+02 2.847913e+01 5.435465e+01
         vertex 1.665436e+02 2.815656e+01 5.481263e+01
      endloop
   endfacet
   facet normal 5.280597e-01 -8.492072e-01 -4.414077e-04
      outer loop
         vertex 1.669852e+02 2.843498e+01 4.747244e+01
         vertex 1.665436e+02 2.815656e+01 5.481263e+01
         vertex 1.659767e+02 2.780384e+01 5.519906e+01
      endloop
   endfacet
   facet normal 5.000524e-01 -8.659928e-01 2.005263e-03
      outer loop
         vertex 1.646056e+02 2.697220e+01 4.612951e+01
         vertex 1.654689e+02 2.749230e+01 5.546233e+01
         vertex 1.623127e+02 2.564687e+01 4.555633e+01
      endloop
   endfacet
   facet normal 5.180314e-01 -8.553426e-01 -5.707195e-03
      outer loop
         vertex 1.623127e+02 2.564687e+01 4.555633e+01
         vertex 1.654689e+02 2.749230e+01 5.546233e+01
         vertex 1.653770e+02 2.743642e+01 5.550276e+01
      endloop
   endfacet
   facet normal 5.150587e-01 -8.571433e-01 -4.467368e-03
      outer loop
         vertex 1.623127e+02 2.564687e+01 4.555633e+01
         vertex 1.653770e+02 2.743642e+01 5.550276e+01
         vertex 1.647344e+02 2.704905e+01 5.573182e+01
      endloop
   endfacet
   facet normal 3.304859e-01 -9.438109e-01 0.000000e+00
      outer loop
         vertex 1.452127e+02 1.807120e+01 5.880596e+01
         vertex 1.452127e+02 1.807120e+01 4.309085e+01
         vertex 1.477722e+02 1.896744e+01 5.863382e+01
      endloop
   endfacet
   facet normal 3.304859e-01 -9.438109e-01 0.000000e+00
      outer loop
         vertex 1.477722e+02 1.896744e+01 5.863382e+01
         vertex 1.452127e+02 1.807120e+01 4.309085e+01
         vertex 1.477722e+02 1.896744e+01 4.326299e+01
      endloop
   endfacet
   facet normal 3.497559e-01 -9.368409e-01 0.000000e+00
      outer loop
         vertex 1.477722e+02 1.896744e+01 5.863382e+01
         vertex 1.477722e+02 1.896744e+01 4.326299e+01
         vertex 1.490951e+02 1.946134e+01 5.851837e+01
      endloop
   endfacet
   facet normal 3.497559e-01 -9.368409e-01 0.000000e+00
      outer loop
         vertex 1.490951e+02 1.946134e+01 5.851837e+01
         vertex 1.477722e+02 1.896744e+01 4.326299e+01
         vertex 1.490951e+02 1.946134e+01 4.337844e+01
      endloop
   endfacet
   facet normal 3.623375e-01 -9.320470e-01 0.000000e+00
      outer loop
         vertex 1.490951e+02 1.946134e+01 5.851837e+01
         vertex 1.490951e+02 1.946134e+01 4.337844e+01
         vertex 1.502918e+02 1.992655e+01 5.839823e+01
      endloop
   endfacet
   facet normal 3.623375e-01 -9.320470e-01 0.000000e+00
      outer loop
         vertex 1.502918e+02 1.992655e+01 5.839823e+01
         vertex 1.490951e+02 1.946134e+01 4.337844e+01
         vertex 1.502918e+02 1.992655e+01 4.349858e+01
      endloop
   endfacet
   facet normal 3.807978e-01 -9.246583e-01 0.000000e+00
      outer loop
         vertex 1.502918e+02 1.992655e+01 5.839823e+01
         vertex 1.502918e+02 1.992655e+01 4.349858e+01
         vertex 1.527721e+02 2.094802e+01 5.810126e+01
      endloop
   endfacet
   facet normal 3.807978e-01 -9.246583e-01 0.000000e+00
      outer loop
         vertex 1.527721e+02 2.094802e+01 5.810126e+01
         vertex 1.502918e+02 1.992655e+01 4.349858e+01
         vertex 1.527721e+02 2.094802e+01 4.379555e+01
      endloop
   endfacet
   facet normal 3.995507e-01 -9.167111e-01 0.000000e+00
      outer loop
         vertex 1.527721e+02 2.094802e+01 5.810126e+01
         vertex 1.527721e+02 2.094802e+01 4.379555e+01
         vertex 1.540282e+02 2.149548e+01 5.792594e+01
      endloop
   endfacet
   facet normal 3.995507e-01 -9.167111e-01 0.000000e+00
      outer loop
         vertex 1.540282e+02 2.149548e+01 5.792594e+01
         vertex 1.527721e+02 2.094802e+01 4.379555e+01
         vertex 1.540282e+02 2.149548e+01 4.397086e+01
      endloop
   endfacet
   facet normal 4.118432e-01 -9.112547e-01 0.000000e+00
      outer loop
         vertex 1.540282e+02 2.149548e+01 5.792594e+01
         vertex 1.540282e+02 2.149548e+01 4.397086e+01
         vertex 1.552138e+02 2.203131e+01 5.774495e+01
      endloop
   endfacet
   facet normal 4.118432e-01 -9.112547e-01 0.000000e+00
      outer loop
         vertex 1.552138e+02 2.203131e+01 5.774495e+01
         vertex 1.540282e+02 2.149548e+01 4.397086e+01
         vertex 1.552138e+02 2.203131e+01 4.415186e+01
      endloop
   endfacet
   facet normal 4.299422e-01 -9.028564e-01 0.000000e+00
      outer loop
         vertex 1.552138e+02 2.203131e+01 5.774495e+01
         vertex 1.552138e+02 2.203131e+01 4.415186e+01
         vertex 1.576174e+02 2.317590e+01 5.733135e+01
      endloop
   endfacet
   facet normal 4.299422e-01 -9.028564e-01 0.000000e+00
      outer loop
         vertex 1.576174e+02 2.317590e+01 5.733135e+01
         vertex 1.552138e+02 2.203131e+01 4.415186e+01
         vertex 1.576174e+02 2.317590e+01 4.456546e+01
      endloop
   endfacet
   facet normal 4.481793e-01 -8.939437e-01 0.000000e+00
      outer loop
         vertex 1.576174e+02 2.317590e+01 5.733135e+01
         vertex 1.576174e+02 2.317590e+01 4.456546e+01
         vertex 1.588447e+02 2.379122e+01 5.709584e+01
      endloop
   endfacet
   facet normal 4.481793e-01 -8.939437e-01 0.000000e+00
      outer loop
         vertex 1.588447e+02 2.379122e+01 5.709584e+01
         vertex 1.576174e+02 2.317590e+01 4.456546e+01
         vertex 1.588447e+02 2.379122e+01 4.480097e+01
      endloop
   endfacet
   facet normal 4.600543e-01 -8.878908e-01 0.000000e+00
      outer loop
         vertex 1.588447e+02 2.379122e+01 5.709584e+01
         vertex 1.588447e+02 2.379122e+01 4.480097e+01
         vertex 1.599835e+02 2.438126e+01 5.686251e+01
      endloop
   endfacet
   facet normal 4.600543e-01 -8.878908e-01 0.000000e+00
      outer loop
         vertex 1.599835e+02 2.438126e+01 5.686251e+01
         vertex 1.588447e+02 2.379122e+01 4.480097e+01
         vertex 1.599835e+02 2.438126e+01 4.503430e+01
      endloop
   endfacet
   facet normal 4.774375e-01 -8.786657e-01 0.000000e+00
      outer loop
         vertex 1.599835e+02 2.438126e+01 5.686251e+01
         vertex 1.599835e+02 2.438126e+01 4.503430e+01
         vertex 1.623127e+02 2.564687e+01 5.634047e+01
      endloop
   endfacet
   facet normal 4.774375e-01 -8.786657e-01 0.000000e+00
      outer loop
         vertex 1.623127e+02 2.564687e+01 5.634047e+01
         vertex 1.599835e+02 2.438126e+01 4.503430e+01
         vertex 1.623127e+02 2.564687e+01 4.555633e+01
      endloop
   endfacet
   facet normal 5.004292e-01 -8.657775e-01 0.000000e+00
      outer loop
         vertex 1.623127e+02 2.564687e+01 5.634047e+01
         vertex 1.623127e+02 2.564687e+01 4.555633e+01
         vertex 1.646056e+02 2.697220e+01 5.576730e+01
      endloop
   endfacet
   facet normal 5.116832e-01 -8.591675e-01 -3.385058e-03
      outer loop
         vertex 1.646056e+02 2.697220e+01 5.576730e+01
         vertex 1.623127e+02 2.564687e+01 4.555633e+01
         vertex 1.647344e+02 2.704905e+01 5.573182e+01
      endloop
   endfacet
   facet normal 1.000000e+00 -0.000000e+00 0.000000e+00
      outer loop
         vertex 1.693737e+02 3.269953e+01 5.535031e+01
         vertex 1.693737e+02 3.269953e+01 4.654650e+01
         vertex 1.693737e+02 3.302091e+01 5.538022e+01
      endloop
   endfacet
   facet normal 1.000000e+00 0.000000e+00 0.000000e+00
      outer loop
         vertex 1.693737e+02 3.302091e+01 5.538022e+01
         vertex 1.693737e+02 3.269953e+01 4.654650e+01
         vertex 1.693737e+02 3.302091e+01 4.651659e+01
      endloop
   endfacet
   facet normal 1.000000e+00 -0.000000e+00 0.000000e+00
      outer loop
         vertex 1.693737e+02 3.302091e+01 5.538022e+01
         vertex 1.693737e+02 3.302091e+01 4.651659e+01
         vertex 1.693737e+02 3.549778e+01 5.538022e+01
      endloop
   endfacet
   facet normal 1.000000e+00 0.000000e+00 0.000000e+00
      outer loop
         vertex 1.693737e+02 3.549778e+01 5.538022e+01
         vertex 1.693737e+02 3.302091e+01 4.651659e+01
         vertex 1.693737e+02 3.549778e+01 4.651659e+01
      endloop
   endfacet
   facet normal -1.992673e-01 -6.174407e-03 -9.799257e-01
      outer loop
         vertex 1.581970e+02 2.852660e+01 5.981429e+01
         vertex 1.557711e+02 2.734081e+01 6.031506e+01
         vertex 1.535135e+02 3.599778e+01 6.071960e+01
      endloop
   endfacet
   facet normal -2.431109e-01 -0.000000e+00 -9.699985e-01
      outer loop
         vertex 1.628471e+02 3.599778e+01 5.865864e+01
         vertex 1.628471e+02 3.079778e+01 5.865864e+01
         vertex 1.585489e+02 3.599778e+01 5.973589e+01
      endloop
   endfacet
   facet normal -2.431109e-01 -0.000000e+00 -9.699985e-01
      outer loop
         vertex 1.585489e+02 3.599778e+01 5.973589e+01
         vertex 1.628471e+02 3.079778e+01 5.865864e+01
         vertex 1.585489e+02 3.079778e+01 5.973589e+01
      endloop
   endfacet
   facet normal -1.917334e-01 -0.000000e+00 -9.814470e-01
      outer loop
         vertex 1.585489e+02 3.599778e+01 5.973589e+01
         vertex 1.585489e+02 3.079778e+01 5.973589e+01
         vertex 1.535135e+02 3.599778e+01 6.071960e+01
      endloop
   endfacet
   facet normal -2.173676e-01 -2.590123e-02 -9.757461e-01
      outer loop
         vertex 1.535135e+02 3.599778e+01 6.071960e+01
         vertex 1.585489e+02 3.079778e+01 5.973589e+01
         vertex 1.581970e+02 3.079778e+01 5.981429e+01
      endloop
   endfacet
   facet normal -1.897851e-01 0.000000e+00 -9.818257e-01
      outer loop
         vertex 1.535135e+02 3.599778e+01 6.071960e+01
         vertex 1.581970e+02 3.079778e+01 5.981429e+01
         vertex 1.581970e+02 2.852660e+01 5.981429e+01
      endloop
   endfacet
   facet normal -1.251901e-01 0.000000e+00 -9.921328e-01
      outer loop
         vertex 1.491259e+02 2.449194e+01 6.133918e+01
         vertex 1.491259e+02 3.599778e+01 6.133918e+01
         vertex 1.508616e+02 2.518170e+01 6.112016e+01
      endloop
   endfacet
   facet normal -1.398243e-01 -2.388145e-03 -9.901735e-01
      outer loop
         vertex 1.508616e+02 2.518170e+01 6.112016e+01
         vertex 1.491259e+02 3.599778e+01 6.133918e+01
         vertex 1.535135e+02 3.599778e+01 6.071960e+01
      endloop
   endfacet
   facet normal -1.481809e-01 -2.943783e-04 -9.889602e-01
      outer loop
         vertex 1.508616e+02 2.518170e+01 6.112016e+01
         vertex 1.535135e+02 3.599778e+01 6.071960e+01
         vertex 1.533228e+02 2.622485e+01 6.075107e+01
      endloop
   endfacet
   facet normal -1.754437e-01 2.518074e-04 -9.844894e-01
      outer loop
         vertex 1.533228e+02 2.622485e+01 6.075107e+01
         vertex 1.535135e+02 3.599778e+01 6.071960e+01
         vertex 1.557711e+02 2.734081e+01 6.031506e+01
      endloop
   endfacet
   facet normal 0.000000e+00 1.000000e+00 -0.000000e+00
      outer loop
         vertex 1.392225e+02 3.599778e+01 4.215297e+01
         vertex 1.391565e+02 3.599778e+01 4.254840e+01
         vertex 1.463022e+02 3.599778e+01 4.254840e+01
      endloop
   endfacet
   facet normal 0.000000e+00 1.000000e+00 -0.000000e+00
      outer loop
         vertex 1.478008e+02 3.599778e+01 3.890563e+01
         vertex 1.438799e+02 3.599778e+01 3.859815e+01
         vertex 1.480485e+02 3.599778e+01 4.102174e+01
      endloop
   endfacet
   facet normal 0.000000e+00 1.000000e+00 0.000000e+00
      outer loop
         vertex 1.461237e+02 3.599778e+01 5.934840e+01
         vertex 1.391565e+02 3.599778e+01 5.934840e+01
         vertex 1.392225e+02 3.599778e+01 5.974384e+01
      endloop
   endfacet
   facet normal 0.000000e+00 1.000000e+00 0.000000e+00
      outer loop
         vertex 1.480485e+02 3.599778e+01 4.102174e+01
         vertex 1.438799e+02 3.599778e+01 3.859815e+01
         vertex 1.477129e+02 3.599778e+01 4.155804e+01
      endloop
   endfacet
   facet normal 0.000000e+00 1.000000e+00 -0.000000e+00
      outer loop
         vertex 1.438799e+02 3.599778e+01 3.859815e+01
         vertex 1.433835e+02 3.599778e+01 3.859726e+01
         vertex 1.477129e+02 3.599778e+01 4.155804e+01
      endloop
   endfacet
   facet normal 0.000000e+00 1.000000e+00 0.000000e+00
      outer loop
         vertex 1.477129e+02 3.599778e+01 4.155804e+01
         vertex 1.433835e+02 3.599778e+01 3.859726e+01
         vertex 1.425533e+02 3.599778e+01 3.872002e+01
      endloop
   endfacet
   facet normal 0.000000e+00 1.000000e+00 0.000000e+00
      outer loop
         vertex 1.477129e+02 3.599778e+01 4.155804e+01
         vertex 1.425533e+02 3.599778e+01 3.872002e+01
         vertex 1.474156e+02 3.599778e+01 4.205351e+01
      endloop
   endfacet
   facet normal 0.000000e+00 1.000000e+00 0.000000e+00
      outer loop
         vertex 1.474156e+02 3.599778e+01 4.205351e+01
         vertex 1.425533e+02 3.599778e+01 3.872002e+01
         vertex 1.468692e+02 3.599778e+01 4.243711e+01
      endloop
   endfacet
   facet normal -0.000000e+00 1.000000e+00 0.000000e+00
      outer loop
         vertex 1.665794e+02 3.599778e+01 5.638813e+01
         vertex 1.684177e+02 3.599778e+01 5.650671e+01
         vertex 1.673737e+02 3.599778e+01 5.538022e+01
      endloop
   endfacet
   facet normal 0.000000e+00 1.000000e+00 0.000000e+00
      outer loop
         vertex 1.673737e+02 3.599778e+01 5.538022e+01
         vertex 1.684177e+02 3.599778e+01 5.650671e+01
         vertex 1.688737e+02 3.599778e+01 5.581259e+01
      endloop
   endfacet
   facet normal -0.000000e+00 1.000000e+00 0.000000e+00
      outer loop
         vertex 1.673737e+02 3.599778e+01 5.538022e+01
         vertex 1.688737e+02 3.599778e+01 5.581259e+01
         vertex 1.673737e+02 3.599778e+01 4.651659e+01
      endloop
   endfacet
   facet normal -0.000000e+00 1.000000e+00 0.000000e+00
      outer loop
         vertex 1.392225e+02 3.599778e+01 5.974384e+01
         vertex 1.394732e+02 3.599778e+01 6.054479e+01
         vertex 1.461237e+02 3.599778e+01 5.934840e+01
      endloop
   endfacet
   facet normal 0.000000e+00 1.000000e+00 0.000000e+00
      outer loop
         vertex 1.461237e+02 3.599778e+01 5.934840e+01
         vertex 1.394732e+02 3.599778e+01 6.054479e+01
         vertex 1.398683e+02 3.599778e+01 6.128526e+01
      endloop
   endfacet
   facet normal 0.000000e+00 1.000000e+00 0.000000e+00
      outer loop
         vertex 1.461237e+02 3.599778e+01 5.934840e+01
         vertex 1.398683e+02 3.599778e+01 6.128526e+01
         vertex 1.403940e+02 3.599778e+01 6.193949e+01
      endloop
   endfacet
   facet normal 0.000000e+00 1.000000e+00 -0.000000e+00
      outer loop
         vertex 1.410321e+02 3.599778e+01 3.941209e+01
         vertex 1.403940e+02 3.599778e+01 3.995732e+01
         vertex 1.463022e+02 3.599778e+01 4.254840e+01
      endloop
   endfacet
   facet normal -0.000000e+00 1.000000e+00 0.000000e+00
      outer loop
         vertex 1.640524e+02 3.599778e+01 5.821830e+01
         vertex 1.654083e+02 3.599778e+01 5.920723e+01
         vertex 1.654060e+02 3.599778e+01 5.742760e+01
      endloop
   endfacet
   facet normal 0.000000e+00 1.000000e+00 0.000000e+00
      outer loop
         vertex 1.654060e+02 3.599778e+01 5.742760e+01
         vertex 1.654083e+02 3.599778e+01 5.920723e+01
         vertex 1.665372e+02 3.599778e+01 5.845404e+01
      endloop
   endfacet
   facet normal -0.000000e+00 1.000000e+00 0.000000e+00
      outer loop
         vertex 1.654060e+02 3.599778e+01 5.742760e+01
         vertex 1.665372e+02 3.599778e+01 5.845404e+01
         vertex 1.665794e+02 3.599778e+01 5.638813e+01
      endloop
   endfacet
   facet normal 0.000000e+00 1.000000e+00 -0.000000e+00
      outer loop
         vertex 1.665794e+02 3.599778e+01 5.638813e+01
         vertex 1.665372e+02 3.599778e+01 5.845404e+01
         vertex 1.675471e+02 3.599778e+01 5.754770e+01
      endloop
   endfacet
   facet normal 0.000000e+00 1.000000e+00 0.000000e+00
      outer loop
         vertex 1.665794e+02 3.599778e+01 5.638813e+01
         vertex 1.675471e+02 3.599778e+01 5.754770e+01
         vertex 1.684177e+02 3.599778e+01 5.650671e+01
      endloop
   endfacet
   facet normal -0.000000e+00 1.000000e+00 0.000000e+00
      outer loop
         vertex 1.628471e+02 3.599778e+01 5.865864e+01
         vertex 1.632471e+02 3.599778e+01 6.010431e+01
         vertex 1.640524e+02 3.599778e+01 5.821830e+01
      endloop
   endfacet
   facet normal 0.000000e+00 1.000000e+00 -0.000000e+00
      outer loop
         vertex 1.640524e+02 3.599778e+01 5.821830e+01
         vertex 1.632471e+02 3.599778e+01 6.010431e+01
         vertex 1.641837e+02 3.599778e+01 5.979190e+01
      endloop
   endfacet
   facet normal 0.000000e+00 1.000000e+00 0.000000e+00
      outer loop
         vertex 1.640524e+02 3.599778e+01 5.821830e+01
         vertex 1.641837e+02 3.599778e+01 5.979190e+01
         vertex 1.654083e+02 3.599778e+01 5.920723e+01
      endloop
   endfacet
   facet normal 0.000000e+00 1.000000e+00 0.000000e+00
      outer loop
         vertex 1.468692e+02 3.599778e+01 4.243711e+01
         vertex 1.425533e+02 3.599778e+01 3.872002e+01
         vertex 1.463022e+02 3.599778e+01 4.254840e+01
      endloop
   endfacet
   facet normal 0.000000e+00 1.000000e+00 0.000000e+00
      outer loop
         vertex 1.463022e+02 3.599778e+01 4.254840e+01
         vertex 1.425533e+02 3.599778e+01 3.872002e+01
         vertex 1.417602e+02 3.599778e+01 3.899481e+01
      endloop
   endfacet
   facet normal 0.000000e+00 1.000000e+00 0.000000e+00
      outer loop
         vertex 1.463022e+02 3.599778e+01 4.254840e+01
         vertex 1.417602e+02 3.599778e+01 3.899481e+01
         vertex 1.410321e+02 3.599778e+01 3.941209e+01
      endloop
   endfacet
   facet normal 0.000000e+00 1.000000e+00 -0.000000e+00
      outer loop
         vertex 1.403940e+02 3.599778e+01 3.995732e+01
         vertex 1.398683e+02 3.599778e+01 4.061155e+01
         vertex 1.463022e+02 3.599778e+01 4.254840e+01
      endloop
   endfacet
   facet normal 0.000000e+00 1.000000e+00 0.000000e+00
      outer loop
         vertex 1.463022e+02 3.599778e+01 4.254840e+01
         vertex 1.398683e+02 3.599778e+01 4.061155e+01
         vertex 1.394732e+02 3.599778e+01 4.135202e+01
      endloop
   endfacet
   facet normal 0.000000e+00 1.000000e+00 0.000000e+00
      outer loop
         vertex 1.463022e+02 3.599778e+01 4.254840e+01
         vertex 1.394732e+02 3.599778e+01 4.135202e+01
         vertex 1.392225e+02 3.599778e+01 4.215297e+01
      endloop
   endfacet
   facet normal 0.000000e+00 1.000000e+00 0.000000e+00
      outer loop
         vertex 1.688737e+02 3.599778e+01 5.581259e+01
         vertex 1.688737e+02 3.599778e+01 4.608422e+01
         vertex 1.673737e+02 3.599778e+01 4.651659e+01
      endloop
   endfacet
   facet normal 0.000000e+00 1.000000e+00 0.000000e+00
      outer loop
         vertex 1.673737e+02 3.599778e+01 4.651659e+01
         vertex 1.688737e+02 3.599778e+01 4.608422e+01
         vertex 1.684177e+02 3.599778e+01 4.539010e+01
      endloop
   endfacet
   facet normal 0.000000e+00 1.000000e+00 0.000000e+00
      outer loop
         vertex 1.673737e+02 3.599778e+01 4.651659e+01
         vertex 1.684177e+02 3.599778e+01 4.539010e+01
         vertex 1.665794e+02 3.599778e+01 4.550868e+01
      endloop
   endfacet
   facet normal 0.000000e+00 1.000000e+00 0.000000e+00
      outer loop
         vertex 1.665794e+02 3.599778e+01 4.550868e+01
         vertex 1.684177e+02 3.599778e+01 4.539010e+01
         vertex 1.675471e+02 3.599778e+01 4.434911e+01
      endloop
   endfacet
   facet normal 0.000000e+00 1.000000e+00 0.000000e+00
      outer loop
         vertex 1.665794e+02 3.599778e+01 4.550868e+01
         vertex 1.675471e+02 3.599778e+01 4.434911e+01
         vertex 1.654060e+02 3.599778e+01 4.446921e+01
      endloop
   endfacet
   facet normal -0.000000e+00 1.000000e+00 0.000000e+00
      outer loop
         vertex 1.425533e+02 3.599778e+01 6.317679e+01
         vertex 1.433835e+02 3.599778e+01 6.329955e+01
         vertex 1.475381e+02 3.599778e+01 6.034882e+01
      endloop
   endfacet
   facet normal 0.000000e+00 1.000000e+00 0.000000e+00
      outer loop
         vertex 1.475381e+02 3.599778e+01 6.034882e+01
         vertex 1.433835e+02 3.599778e+01 6.329955e+01
         vertex 1.438799e+02 3.599778e+01 6.329866e+01
      endloop
   endfacet
   facet normal 0.000000e+00 1.000000e+00 -0.000000e+00
      outer loop
         vertex 1.475381e+02 3.599778e+01 6.034882e+01
         vertex 1.438799e+02 3.599778e+01 6.329866e+01
         vertex 1.478715e+02 3.599778e+01 6.088928e+01
      endloop
   endfacet
   facet normal 0.000000e+00 1.000000e+00 0.000000e+00
      outer loop
         vertex 1.478715e+02 3.599778e+01 6.088928e+01
         vertex 1.438799e+02 3.599778e+01 6.329866e+01
         vertex 1.460870e+02 3.599778e+01 6.314626e+01
      endloop
   endfacet
   facet normal 0.000000e+00 1.000000e+00 -0.000000e+00
      outer loop
         vertex 1.478715e+02 3.599778e+01 6.088928e+01
         vertex 1.460870e+02 3.599778e+01 6.314626e+01
         vertex 1.484938e+02 3.599778e+01 6.127742e+01
      endloop
   endfacet
   facet normal 0.000000e+00 1.000000e+00 0.000000e+00
      outer loop
         vertex 1.484938e+02 3.599778e+01 6.127742e+01
         vertex 1.460870e+02 3.599778e+01 6.314626e+01
         vertex 1.482899e+02 3.599778e+01 6.294101e+01
      endloop
   endfacet
   facet normal 0.000000e+00 1.000000e+00 -0.000000e+00
      outer loop
         vertex 1.484938e+02 3.599778e+01 6.127742e+01
         vertex 1.482899e+02 3.599778e+01 6.294101e+01
         vertex 1.491259e+02 3.599778e+01 6.133918e+01
      endloop
   endfacet
   facet normal 0.000000e+00 1.000000e+00 -0.000000e+00
      outer loop
         vertex 1.491259e+02 3.599778e+01 6.133918e+01
         vertex 1.482899e+02 3.599778e+01 6.294101e+01
         vertex 1.509745e+02 3.599778e+01 6.261857e+01
      endloop
   endfacet
   facet normal -0.000000e+00 1.000000e+00 0.000000e+00
      outer loop
         vertex 1.491259e+02 3.599778e+01 6.133918e+01
         vertex 1.509745e+02 3.599778e+01 6.261857e+01
         vertex 1.535135e+02 3.599778e+01 6.071960e+01
      endloop
   endfacet
   facet normal -0.000000e+00 1.000000e+00 0.000000e+00
      outer loop
         vertex 1.403940e+02 3.599778e+01 6.193949e+01
         vertex 1.410321e+02 3.599778e+01 6.248472e+01
         vertex 1.461237e+02 3.599778e+01 5.934840e+01
      endloop
   endfacet
   facet normal 0.000000e+00 1.000000e+00 0.000000e+00
      outer loop
         vertex 1.461237e+02 3.599778e+01 5.934840e+01
         vertex 1.410321e+02 3.599778e+01 6.248472e+01
         vertex 1.417602e+02 3.599778e+01 6.290199e+01
      endloop
   endfacet
   facet normal 0.000000e+00 1.000000e+00 -0.000000e+00
      outer loop
         vertex 1.461237e+02 3.599778e+01 5.934840e+01
         vertex 1.417602e+02 3.599778e+01 6.290199e+01
         vertex 1.466939e+02 3.599778e+01 5.946098e+01
      endloop
   endfacet
   facet normal 0.000000e+00 1.000000e+00 0.000000e+00
      outer loop
         vertex 1.466939e+02 3.599778e+01 5.946098e+01
         vertex 1.417602e+02 3.599778e+01 6.290199e+01
         vertex 1.425533e+02 3.599778e+01 6.317679e+01
      endloop
   endfacet
   facet normal 0.000000e+00 1.000000e+00 -0.000000e+00
      outer loop
         vertex 1.466939e+02 3.599778e+01 5.946098e+01
         vertex 1.425533e+02 3.599778e+01 6.317679e+01
         vertex 1.472420e+02 3.599778e+01 5.984873e+01
      endloop
   endfacet
   facet normal 0.000000e+00 1.000000e+00 -0.000000e+00
      outer loop
         vertex 1.472420e+02 3.599778e+01 5.984873e+01
         vertex 1.425533e+02 3.599778e+01 6.317679e+01
         vertex 1.475381e+02 3.599778e+01 6.034882e+01
      endloop
   endfacet
   facet normal 0.000000e+00 1.000000e+00 0.000000e+00
      outer loop
         vertex 1.480485e+02 3.599778e+01 4.102174e+01
         vertex 1.486702e+02 3.599778e+01 4.063787e+01
         vertex 1.478008e+02 3.599778e+01 3.890563e+01
      endloop
   endfacet
   facet normal 0.000000e+00 1.000000e+00 0.000000e+00
      outer loop
         vertex 1.478008e+02 3.599778e+01 3.890563e+01
         vertex 1.486702e+02 3.599778e+01 4.063787e+01
         vertex 1.493000e+02 3.599778e+01 4.057807e+01
      endloop
   endfacet
   facet normal 0.000000e+00 1.000000e+00 0.000000e+00
      outer loop
         vertex 1.478008e+02 3.599778e+01 3.890563e+01
         vertex 1.493000e+02 3.599778e+01 4.057807e+01
         vertex 1.517050e+02 3.599778e+01 3.937982e+01
      endloop
   endfacet
   facet normal 0.000000e+00 1.000000e+00 -0.000000e+00
      outer loop
         vertex 1.517050e+02 3.599778e+01 3.937982e+01
         vertex 1.493000e+02 3.599778e+01 4.057807e+01
         vertex 1.536317e+02 3.599778e+01 4.119693e+01
      endloop
   endfacet
   facet normal 0.000000e+00 1.000000e+00 0.000000e+00
      outer loop
         vertex 1.675471e+02 3.599778e+01 4.434911e+01
         vertex 1.665372e+02 3.599778e+01 4.344277e+01
         vertex 1.654060e+02 3.599778e+01 4.446921e+01
      endloop
   endfacet
   facet normal 0.000000e+00 1.000000e+00 0.000000e+00
      outer loop
         vertex 1.654060e+02 3.599778e+01 4.446921e+01
         vertex 1.665372e+02 3.599778e+01 4.344277e+01
         vertex 1.654083e+02 3.599778e+01 4.268958e+01
      endloop
   endfacet
   facet normal 0.000000e+00 1.000000e+00 0.000000e+00
      outer loop
         vertex 1.654060e+02 3.599778e+01 4.446921e+01
         vertex 1.654083e+02 3.599778e+01 4.268958e+01
         vertex 1.640524e+02 3.599778e+01 4.367851e+01
      endloop
   endfacet
   facet normal 0.000000e+00 1.000000e+00 0.000000e+00
      outer loop
         vertex 1.640524e+02 3.599778e+01 4.367851e+01
         vertex 1.654083e+02 3.599778e+01 4.268958e+01
         vertex 1.641837e+02 3.599778e+01 4.210491e+01
      endloop
   endfacet
   facet normal 0.000000e+00 1.000000e+00 0.000000e+00
      outer loop
         vertex 1.640524e+02 3.599778e+01 4.367851e+01
         vertex 1.641837e+02 3.599778e+01 4.210491e+01
         vertex 1.628471e+02 3.599778e+01 4.323817e+01
      endloop
   endfacet
   facet normal 0.000000e+00 1.000000e+00 0.000000e+00
      outer loop
         vertex 1.628471e+02 3.599778e+01 4.323817e+01
         vertex 1.641837e+02 3.599778e+01 4.210491e+01
         vertex 1.632471e+02 3.599778e+01 4.179250e+01
      endloop
   endfacet
   facet normal 0.000000e+00 1.000000e+00 0.000000e+00
      outer loop
         vertex 1.628471e+02 3.599778e+01 4.323817e+01
         vertex 1.632471e+02 3.599778e+01 4.179250e+01
         vertex 1.586031e+02 3.599778e+01 4.217311e+01
      endloop
   endfacet
   facet normal 0.000000e+00 1.000000e+00 0.000000e+00
      outer loop
         vertex 1.586031e+02 3.599778e+01 4.217311e+01
         vertex 1.632471e+02 3.599778e+01 4.179250e+01
         vertex 1.594352e+02 3.599778e+01 4.082456e+01
      endloop
   endfacet
   facet normal 0.000000e+00 1.000000e+00 0.000000e+00
      outer loop
         vertex 1.586031e+02 3.599778e+01 4.217311e+01
         vertex 1.594352e+02 3.599778e+01 4.082456e+01
         vertex 1.536317e+02 3.599778e+01 4.119693e+01
      endloop
   endfacet
   facet normal 0.000000e+00 1.000000e+00 0.000000e+00
      outer loop
         vertex 1.536317e+02 3.599778e+01 4.119693e+01
         vertex 1.594352e+02 3.599778e+01 4.082456e+01
         vertex 1.555855e+02 3.599778e+01 4.001985e+01
      endloop
   endfacet
   facet normal 0.000000e+00 1.000000e+00 0.000000e+00
      outer loop
         vertex 1.536317e+02 3.599778e+01 4.119693e+01
         vertex 1.555855e+02 3.599778e+01 4.001985e+01
         vertex 1.517050e+02 3.599778e+01 3.937982e+01
      endloop
   endfacet
   facet normal 0.000000e+00 1.000000e+00 0.000000e+00
      outer loop
         vertex 1.509745e+02 3.599778e+01 6.261857e+01
         vertex 1.536486e+02 3.599778e+01 6.221764e+01
         vertex 1.535135e+02 3.599778e+01 6.071960e+01
      endloop
   endfacet
   facet normal 0.000000e+00 1.000000e+00 0.000000e+00
      outer loop
         vertex 1.535135e+02 3.599778e+01 6.071960e+01
         vertex 1.536486e+02 3.599778e+01 6.221764e+01
         vertex 1.563098e+02 3.599778e+01 6.173858e+01
      endloop
   endfacet
   facet normal -0.000000e+00 1.000000e+00 0.000000e+00
      outer loop
         vertex 1.535135e+02 3.599778e+01 6.071960e+01
         vertex 1.563098e+02 3.599778e+01 6.173858e+01
         vertex 1.585489e+02 3.599778e+01 5.973589e+01
      endloop
   endfacet
   facet normal 0.000000e+00 1.000000e+00 -0.000000e+00
      outer loop
         vertex 1.585489e+02 3.599778e+01 5.973589e+01
         vertex 1.563098e+02 3.599778e+01 6.173858e+01
         vertex 1.589559e+02 3.599778e+01 6.118179e+01
      endloop
   endfacet
   facet normal -0.000000e+00 1.000000e+00 0.000000e+00
      outer loop
         vertex 1.585489e+02 3.599778e+01 5.973589e+01
         vertex 1.589559e+02 3.599778e+01 6.118179e+01
         vertex 1.628471e+02 3.599778e+01 5.865864e+01
      endloop
   endfacet
   facet normal 0.000000e+00 1.000000e+00 0.000000e+00
      outer loop
         vertex 1.628471e+02 3.599778e+01 5.865864e+01
         vertex 1.589559e+02 3.599778e+01 6.118179e+01
         vertex 1.611080e+02 3.599778e+01 6.066876e+01
      endloop
   endfacet
   facet normal 0.000000e+00 1.000000e+00 -0.000000e+00
      outer loop
         vertex 1.628471e+02 3.599778e+01 5.865864e+01
         vertex 1.611080e+02 3.599778e+01 6.066876e+01
         vertex 1.632471e+02 3.599778e+01 6.010431e+01
      endloop
   endfacet
   facet normal 8.963584e-02 3.068228e-03 9.959699e-01
      outer loop
         vertex 1.443269e+02 2.950311e+01 6.377304e+01
         vertex 1.443723e+02 2.908800e+01 6.377023e+01
         vertex 1.490082e+02 2.457458e+01 6.336691e+01
      endloop
   endfacet
   facet normal 6.888836e-02 0.000000e+00 9.976244e-01
      outer loop
         vertex 1.439084e+02 3.549778e+01 6.379785e+01
         vertex 1.439084e+02 3.052842e+01 6.379785e+01
         vertex 1.461274e+02 3.549778e+01 6.364462e+01
      endloop
   endfacet
   facet normal 6.199232e-02 3.093236e-03 9.980718e-01
      outer loop
         vertex 1.461274e+02 3.549778e+01 6.364462e+01
         vertex 1.439084e+02 3.052842e+01 6.379785e+01
         vertex 1.439618e+02 3.044548e+01 6.379479e+01
      endloop
   endfacet
   facet normal 9.276796e-02 -1.017086e-02 9.956358e-01
      outer loop
         vertex 1.461274e+02 3.549778e+01 6.364462e+01
         vertex 1.439618e+02 3.044548e+01 6.379479e+01
         vertex 1.483422e+02 3.549778e+01 6.343826e+01
      endloop
   endfacet
   facet normal 7.266828e-02 7.375204e-03 9.973289e-01
      outer loop
         vertex 1.483422e+02 3.549778e+01 6.343826e+01
         vertex 1.439618e+02 3.044548e+01 6.379479e+01
         vertex 1.441516e+02 3.008023e+01 6.378366e+01
      endloop
   endfacet
   facet normal 7.576391e-02 4.966931e-03 9.971134e-01
      outer loop
         vertex 1.483422e+02 3.549778e+01 6.343826e+01
         vertex 1.441516e+02 3.008023e+01 6.378366e+01
         vertex 1.443085e+02 2.959292e+01 6.377417e+01
      endloop
   endfacet
   facet normal 7.798135e-02 3.442790e-03 9.969489e-01
      outer loop
         vertex 1.443085e+02 2.959292e+01 6.377417e+01
         vertex 1.443269e+02 2.950311e+01 6.377304e+01
         vertex 1.483422e+02 3.549778e+01 6.343826e+01
      endloop
   endfacet
   facet normal 8.504826e-02 -1.322680e-03 9.963760e-01
      outer loop
         vertex 1.483422e+02 3.549778e+01 6.343826e+01
         vertex 1.443269e+02 2.950311e+01 6.377304e+01
         vertex 1.490082e+02 2.457458e+01 6.336691e+01
      endloop
   endfacet
   facet normal 1.192471e-01 7.854376e-04 9.928643e-01
      outer loop
         vertex 1.483422e+02 3.549778e+01 6.343826e+01
         vertex 1.490082e+02 2.457458e+01 6.336691e+01
         vertex 1.510414e+02 3.549778e+01 6.311407e+01
      endloop
   endfacet
   facet normal 1.251711e-01 -3.341090e-04 9.921351e-01
      outer loop
         vertex 1.510414e+02 3.549778e+01 6.311407e+01
         vertex 1.490082e+02 2.457458e+01 6.336691e+01
         vertex 1.514987e+02 2.554497e+01 6.305303e+01
      endloop
   endfacet
   facet normal 1.482716e-01 7.467262e-04 9.889464e-01
      outer loop
         vertex 1.510414e+02 3.549778e+01 6.311407e+01
         vertex 1.514987e+02 2.554497e+01 6.305303e+01
         vertex 1.537300e+02 3.549778e+01 6.271098e+01
      endloop
   endfacet
   facet normal 1.518614e-01 -7.678401e-05 9.884018e-01
      outer loop
         vertex 1.537300e+02 3.549778e+01 6.271098e+01
         vertex 1.514987e+02 2.554497e+01 6.305303e+01
         vertex 1.539503e+02 2.657409e+01 6.267644e+01
      endloop
   endfacet
   facet normal 1.771685e-01 5.643331e-04 9.841804e-01
      outer loop
         vertex 1.537300e+02 3.549778e+01 6.271098e+01
         vertex 1.539503e+02 2.657409e+01 6.267644e+01
         vertex 1.564056e+02 3.549778e+01 6.222932e+01
      endloop
   endfacet
   facet normal 1.781033e-01 2.986773e-04 9.840118e-01
      outer loop
         vertex 1.564056e+02 3.549778e+01 6.222932e+01
         vertex 1.539503e+02 2.657409e+01 6.267644e+01
         vertex 1.563637e+02 2.766146e+01 6.223929e+01
      endloop
   endfacet
   facet normal 2.059135e-01 1.429847e-04 9.785702e-01
      outer loop
         vertex 1.564056e+02 3.549778e+01 6.222932e+01
         vertex 1.563637e+02 2.766146e+01 6.223929e+01
         vertex 1.590660e+02 3.549778e+01 6.166952e+01
      endloop
   endfacet
   facet normal 2.037605e-01 9.181871e-04 9.790203e-01
      outer loop
         vertex 1.590660e+02 3.549778e+01 6.166952e+01
         vertex 1.563637e+02 2.766146e+01 6.223929e+01
         vertex 1.587395e+02 2.880655e+01 6.174376e+01
      endloop
   endfacet
   facet normal 2.318923e-01 -5.243161e-04 9.727413e-01
      outer loop
         vertex 1.590660e+02 3.549778e+01 6.166952e+01
         vertex 1.587395e+02 2.880655e+01 6.174376e+01
         vertex 1.612297e+02 3.549778e+01 6.115371e+01
      endloop
   endfacet
   facet normal 2.293941e-01 4.576663e-04 9.733335e-01
      outer loop
         vertex 1.612297e+02 3.549778e+01 6.115371e+01
         vertex 1.587395e+02 2.880655e+01 6.174376e+01
         vertex 1.610782e+02 3.000888e+01 6.119200e+01
      endloop
   endfacet
   facet normal 2.551338e-01 -2.978010e-04 9.669057e-01
      outer loop
         vertex 1.612297e+02 3.549778e+01 6.115371e+01
         vertex 1.610782e+02 3.000888e+01 6.119200e+01
         vertex 1.633805e+02 3.549778e+01 6.058620e+01
      endloop
   endfacet
   facet normal 2.544699e-01 0.000000e+00 9.670807e-01
      outer loop
         vertex 1.633805e+02 3.549778e+01 6.058620e+01
         vertex 1.610782e+02 3.000888e+01 6.119200e+01
         vertex 1.633805e+02 3.126795e+01 6.058620e+01
      endloop
   endfacet
   facet normal 8.535283e-02 -1.364968e-03 9.963499e-01
      outer loop
         vertex 1.443723e+02 2.908800e+01 6.377023e+01
         vertex 1.443441e+02 2.859805e+01 6.377198e+01
         vertex 1.490082e+02 2.457458e+01 6.336691e+01
      endloop
   endfacet
   facet normal 8.335589e-02 -3.696325e-03 9.965130e-01
      outer loop
         vertex 1.490082e+02 2.457458e+01 6.336691e+01
         vertex 1.443441e+02 2.859805e+01 6.377198e+01
         vertex 1.443263e+02 2.849259e+01 6.377308e+01
      endloop
   endfacet
   facet normal 8.178819e-02 -5.582246e-03 9.966341e-01
      outer loop
         vertex 1.490082e+02 2.457458e+01 6.336691e+01
         vertex 1.443263e+02 2.849259e+01 6.377308e+01
         vertex 1.442215e+02 2.809830e+01 6.377947e+01
      endloop
   endfacet
   facet normal 5.720835e-02 0.000000e+00 9.983623e-01
      outer loop
         vertex 1.439618e+02 2.755009e+01 6.379479e+01
         vertex 1.439084e+02 2.746714e+01 6.379785e+01
         vertex 1.439084e+02 2.281200e+01 6.379785e+01
      endloop
   endfacet
   facet normal 7.920075e-02 -9.118494e-03 9.968170e-01
      outer loop
         vertex 1.442215e+02 2.809830e+01 6.377947e+01
         vertex 1.440091e+02 2.762941e+01 6.379206e+01
         vertex 1.490082e+02 2.457458e+01 6.336691e+01
      endloop
   endfacet
   facet normal 7.754773e-02 -1.183773e-02 9.969184e-01
      outer loop
         vertex 1.490082e+02 2.457458e+01 6.336691e+01
         vertex 1.440091e+02 2.762941e+01 6.379206e+01
         vertex 1.439618e+02 2.755009e+01 6.379479e+01
      endloop
   endfacet
   facet normal 9.283943e-02 1.428936e-02 9.955786e-01
      outer loop
         vertex 1.490082e+02 2.457458e+01 6.336691e+01
         vertex 1.439618e+02 2.755009e+01 6.379479e+01
         vertex 1.464783e+02 2.366342e+01 6.361591e+01
      endloop
   endfacet
   facet normal 7.067112e-02 -1.523995e-04 9.974997e-01
      outer loop
         vertex 1.464783e+02 2.366342e+01 6.361591e+01
         vertex 1.439618e+02 2.755009e+01 6.379479e+01
         vertex 1.439084e+02 2.281200e+01 6.379785e+01
      endloop
   endfacet
   facet normal 4.557781e-02 -0.000000e+00 9.989608e-01
      outer loop
         vertex 1.439084e+02 3.052842e+01 6.379785e+01
         vertex 1.439084e+02 3.549778e+01 6.379785e+01
         vertex 1.437948e+02 3.068528e+01 6.380304e+01
      endloop
   endfacet
   facet normal 1.080767e-03 1.051438e-03 9.999989e-01
      outer loop
         vertex 1.437948e+02 3.068528e+01 6.380304e+01
         vertex 1.439084e+02 3.549778e+01 6.379785e+01
         vertex 1.434523e+02 3.104789e+01 6.380302e+01
      endloop
   endfacet
   facet normal -3.274167e-01 2.884815e-03 9.448756e-01
      outer loop
         vertex 1.415532e+02 3.549778e+01 6.335711e+01
         vertex 1.416775e+02 3.174636e+01 6.341164e+01
         vertex 1.424343e+02 3.549778e+01 6.366243e+01
      endloop
   endfacet
   facet normal -3.426281e-01 6.316298e-03 9.394499e-01
      outer loop
         vertex 1.424343e+02 3.549778e+01 6.366243e+01
         vertex 1.416775e+02 3.174636e+01 6.341164e+01
         vertex 1.421420e+02 3.169857e+01 6.358138e+01
      endloop
   endfacet
   facet normal -1.916841e-01 -6.191517e-03 9.814371e-01
      outer loop
         vertex 1.424343e+02 3.549778e+01 6.366243e+01
         vertex 1.421420e+02 3.169857e+01 6.358138e+01
         vertex 1.428984e+02 3.549778e+01 6.375307e+01
      endloop
   endfacet
   facet normal -2.708517e-01 1.042204e-02 9.625647e-01
      outer loop
         vertex 1.421420e+02 3.169857e+01 6.358138e+01
         vertex 1.423746e+02 3.164330e+01 6.364741e+01
         vertex 1.428984e+02 3.549778e+01 6.375307e+01
      endloop
   endfacet
   facet normal -2.254315e-01 3.929253e-03 9.742511e-01
      outer loop
         vertex 1.428984e+02 3.549778e+01 6.375307e+01
         vertex 1.423746e+02 3.164330e+01 6.364741e+01
         vertex 1.426066e+02 3.156540e+01 6.370143e+01
      endloop
   endfacet
   facet normal -9.932637e-02 -5.699497e-03 9.950386e-01
      outer loop
         vertex 1.428984e+02 3.549778e+01 6.375307e+01
         vertex 1.426066e+02 3.156540e+01 6.370143e+01
         vertex 1.433568e+02 3.549778e+01 6.379883e+01
      endloop
   endfacet
   facet normal -1.565327e-01 5.396392e-03 9.876580e-01
      outer loop
         vertex 1.433568e+02 3.549778e+01 6.379883e+01
         vertex 1.426066e+02 3.156540e+01 6.370143e+01
         vertex 1.430509e+02 3.134442e+01 6.377304e+01
      endloop
   endfacet
   facet normal 1.777993e-03 -6.340978e-03 9.999783e-01
      outer loop
         vertex 1.433568e+02 3.549778e+01 6.379883e+01
         vertex 1.430509e+02 3.134442e+01 6.377304e+01
         vertex 1.439084e+02 3.549778e+01 6.379785e+01
      endloop
   endfacet
   facet normal -8.413039e-02 1.141672e-02 9.963893e-01
      outer loop
         vertex 1.439084e+02 3.549778e+01 6.379785e+01
         vertex 1.430509e+02 3.134442e+01 6.377304e+01
         vertex 1.432783e+02 3.118950e+01 6.379402e+01
      endloop
   endfacet
   facet normal -4.684612e-02 5.961647e-03 9.988843e-01
      outer loop
         vertex 1.439084e+02 3.549778e+01 6.379785e+01
         vertex 1.432783e+02 3.118950e+01 6.379402e+01
         vertex 1.434523e+02 3.104789e+01 6.380302e+01
      endloop
   endfacet
   facet normal -4.971784e-01 4.001822e-03 8.676391e-01
      outer loop
         vertex 1.407441e+02 3.549778e+01 6.289348e+01
         vertex 1.413661e+02 3.173390e+01 6.326724e+01
         vertex 1.415532e+02 3.549778e+01 6.335711e+01
      endloop
   endfacet
   facet normal -4.316446e-01 -7.770889e-05 9.020438e-01
      outer loop
         vertex 1.415532e+02 3.549778e+01 6.335711e+01
         vertex 1.413661e+02 3.173390e+01 6.326724e+01
         vertex 1.415659e+02 3.174593e+01 6.336288e+01
      endloop
   endfacet
   facet normal -4.004337e-01 5.029168e-05 9.163257e-01
      outer loop
         vertex 1.415532e+02 3.549778e+01 6.335711e+01
         vertex 1.415659e+02 3.174593e+01 6.336288e+01
         vertex 1.416775e+02 3.174636e+01 6.341164e+01
      endloop
   endfacet
   facet normal -8.193453e-01 1.366437e-04 5.733003e-01
      outer loop
         vertex 1.394510e+02 3.549778e+01 6.156074e+01
         vertex 1.394659e+02 3.070237e+01 6.158314e+01
         vertex 1.395905e+02 3.085054e+01 6.176122e+01
      endloop
   endfacet
   facet normal -8.014754e-01 1.739723e-03 5.980253e-01
      outer loop
         vertex 1.395905e+02 3.085054e+01 6.176122e+01
         vertex 1.396491e+02 3.091360e+01 6.183952e+01
         vertex 1.394510e+02 3.549778e+01 6.156074e+01
      endloop
   endfacet
   facet normal -7.632864e-01 6.309091e-03 6.460295e-01
      outer loop
         vertex 1.394510e+02 3.549778e+01 6.156074e+01
         vertex 1.396491e+02 3.091360e+01 6.183952e+01
         vertex 1.399997e+02 3.122151e+01 6.225075e+01
      endloop
   endfacet
   facet normal -7.795204e-01 1.054969e-03 6.263760e-01
      outer loop
         vertex 1.394510e+02 3.549778e+01 6.156074e+01
         vertex 1.399997e+02 3.122151e+01 6.225075e+01
         vertex 1.400352e+02 3.549778e+01 6.228766e+01
      endloop
   endfacet
   facet normal -6.903467e-01 -5.225102e-04 7.234785e-01
      outer loop
         vertex 1.400352e+02 3.549778e+01 6.228766e+01
         vertex 1.399997e+02 3.122151e+01 6.225075e+01
         vertex 1.403507e+02 3.143863e+01 6.258585e+01
      endloop
   endfacet
   facet normal -6.827625e-01 5.931987e-04 7.306401e-01
      outer loop
         vertex 1.400352e+02 3.549778e+01 6.228766e+01
         vertex 1.403507e+02 3.143863e+01 6.258585e+01
         vertex 1.403928e+02 3.549778e+01 6.262189e+01
      endloop
   endfacet
   facet normal -6.140699e-01 -6.398293e-04 7.892514e-01
      outer loop
         vertex 1.403928e+02 3.549778e+01 6.262189e+01
         vertex 1.403507e+02 3.143863e+01 6.258585e+01
         vertex 1.407627e+02 3.160879e+01 6.290654e+01
      endloop
   endfacet
   facet normal -6.116563e-01 -2.732258e-04 7.911236e-01
      outer loop
         vertex 1.403928e+02 3.549778e+01 6.262189e+01
         vertex 1.407627e+02 3.160879e+01 6.290654e+01
         vertex 1.407441e+02 3.549778e+01 6.289348e+01
      endloop
   endfacet
   facet normal -5.286252e-01 3.185424e-04 8.488553e-01
      outer loop
         vertex 1.407441e+02 3.549778e+01 6.289348e+01
         vertex 1.407627e+02 3.160879e+01 6.290654e+01
         vertex 1.412062e+02 3.171386e+01 6.318269e+01
      endloop
   endfacet
   facet normal -4.685702e-01 1.029105e-02 8.833663e-01
      outer loop
         vertex 1.407441e+02 3.549778e+01 6.289348e+01
         vertex 1.412062e+02 3.171386e+01 6.318269e+01
         vertex 1.413661e+02 3.173390e+01 6.326724e+01
      endloop
   endfacet
   facet normal -8.748298e-01 -1.830783e-02 4.840843e-01
      outer loop
         vertex 1.391637e+02 2.776245e+01 6.106606e+01
         vertex 1.388639e+02 2.281200e+01 6.033717e+01
         vertex 1.394168e+02 2.735661e+01 6.150817e+01
      endloop
   endfacet
   facet normal -9.392624e-01 2.608781e-02 3.422069e-01
      outer loop
         vertex 1.394168e+02 2.735661e+01 6.150817e+01
         vertex 1.388639e+02 2.281200e+01 6.033717e+01
         vertex 1.389945e+02 2.281200e+01 6.069548e+01
      endloop
   endfacet
   facet normal -8.431188e-01 -1.775804e-02 5.374341e-01
      outer loop
         vertex 1.394168e+02 2.735661e+01 6.150817e+01
         vertex 1.389945e+02 2.281200e+01 6.069548e+01
         vertex 1.394669e+02 2.729164e+01 6.158466e+01
      endloop
   endfacet
   facet normal -8.829753e-01 -5.417924e-05 4.694194e-01
      outer loop
         vertex 1.394669e+02 2.729164e+01 6.158466e+01
         vertex 1.389945e+02 2.281200e+01 6.069548e+01
         vertex 1.394683e+02 2.281200e+01 6.158667e+01
      endloop
   endfacet
   facet normal -8.192211e-01 1.171117e-05 5.734779e-01
      outer loop
         vertex 1.394669e+02 2.729164e+01 6.158466e+01
         vertex 1.394683e+02 2.281200e+01 6.158667e+01
         vertex 1.395901e+02 2.714616e+01 6.176065e+01
      endloop
   endfacet
   facet normal -9.115292e-01 -5.354632e-03 4.112004e-01
      outer loop
         vertex 1.391637e+02 2.776245e+01 6.106606e+01
         vertex 1.389984e+02 2.817262e+01 6.070499e+01
         vertex 1.388639e+02 2.281200e+01 6.033717e+01
      endloop
   endfacet
   facet normal -9.340935e-01 -1.071692e-03 3.570268e-01
      outer loop
         vertex 1.388639e+02 2.281200e+01 6.033717e+01
         vertex 1.389984e+02 2.817262e+01 6.070499e+01
         vertex 1.389163e+02 2.851492e+01 6.049126e+01
      endloop
   endfacet
   facet normal -9.432168e-01 -3.165432e-04 3.321776e-01
      outer loop
         vertex 1.388639e+02 2.281200e+01 6.033717e+01
         vertex 1.389163e+02 2.851492e+01 6.049126e+01
         vertex 1.389012e+02 2.861012e+01 6.044840e+01
      endloop
   endfacet
   facet normal -9.379752e-01 5.965046e-04 3.467019e-01
      outer loop
         vertex 1.389012e+02 2.938543e+01 6.044840e+01
         vertex 1.389719e+02 2.973018e+01 6.063920e+01
         vertex 1.388639e+02 3.549778e+01 6.033717e+01
      endloop
   endfacet
   facet normal -9.194082e-01 3.383734e-03 3.932901e-01
      outer loop
         vertex 1.388639e+02 3.549778e+01 6.033717e+01
         vertex 1.389719e+02 2.973018e+01 6.063920e+01
         vertex 1.391014e+02 3.009876e+01 6.093873e+01
      endloop
   endfacet
   facet normal -8.874790e-01 1.229701e-02 4.606841e-01
      outer loop
         vertex 1.388639e+02 3.549778e+01 6.033717e+01
         vertex 1.391014e+02 3.009876e+01 6.093873e+01
         vertex 1.393300e+02 3.051550e+01 6.136807e+01
      endloop
   endfacet
   facet normal -8.453685e-01 -1.268149e-04 5.341836e-01
      outer loop
         vertex 1.394659e+02 3.070237e+01 6.158314e+01
         vertex 1.394510e+02 3.549778e+01 6.156074e+01
         vertex 1.393300e+02 3.051550e+01 6.136807e+01
      endloop
   endfacet
   facet normal -8.822715e-01 3.223170e-03 4.707299e-01
      outer loop
         vertex 1.393300e+02 3.051550e+01 6.136807e+01
         vertex 1.394510e+02 3.549778e+01 6.156074e+01
         vertex 1.390121e+02 3.549778e+01 6.073799e+01
      endloop
   endfacet
   facet normal -9.378774e-01 -1.602401e-02 3.465965e-01
      outer loop
         vertex 1.393300e+02 3.051550e+01 6.136807e+01
         vertex 1.390121e+02 3.549778e+01 6.073799e+01
         vertex 1.388639e+02 3.549778e+01 6.033717e+01
      endloop
   endfacet
   facet normal -4.948632e-01 -2.288890e-02 8.686694e-01
      outer loop
         vertex 1.409652e+02 2.632834e+01 6.304063e+01
         vertex 1.403928e+02 2.281200e+01 6.262189e+01
         vertex 1.413671e+02 2.625983e+01 6.326775e+01
      endloop
   endfacet
   facet normal -5.339810e-01 -7.488580e-03 8.454633e-01
      outer loop
         vertex 1.413671e+02 2.625983e+01 6.326775e+01
         vertex 1.403928e+02 2.281200e+01 6.262189e+01
         vertex 1.415663e+02 2.281200e+01 6.336307e+01
      endloop
   endfacet
   facet normal -4.450456e-01 -9.648960e-04 8.955074e-01
      outer loop
         vertex 1.413671e+02 2.625983e+01 6.326775e+01
         vertex 1.415663e+02 2.281200e+01 6.336307e+01
         vertex 1.414308e+02 2.625448e+01 6.329939e+01
      endloop
   endfacet
   facet normal -5.756656e-01 -3.663600e-03 8.176770e-01
      outer loop
         vertex 1.409652e+02 2.632834e+01 6.304063e+01
         vertex 1.405414e+02 2.646899e+01 6.274287e+01
         vertex 1.403928e+02 2.281200e+01 6.262189e+01
      endloop
   endfacet
   facet normal -6.316241e-01 1.224762e-05 7.752748e-01
      outer loop
         vertex 1.403928e+02 2.281200e+01 6.262189e+01
         vertex 1.405414e+02 2.646899e+01 6.274287e+01
         vertex 1.403910e+02 2.653802e+01 6.262036e+01
      endloop
   endfacet
   facet normal -6.769006e-01 -2.588987e-05 7.360745e-01
      outer loop
         vertex 1.403928e+02 2.281200e+01 6.262189e+01
         vertex 1.403910e+02 2.653802e+01 6.262036e+01
         vertex 1.400913e+02 2.281200e+01 6.234457e+01
      endloop
   endfacet
   facet normal -6.698646e-01 -1.066221e-03 7.424825e-01
      outer loop
         vertex 1.400913e+02 2.281200e+01 6.234457e+01
         vertex 1.403910e+02 2.653802e+01 6.262036e+01
         vertex 1.401641e+02 2.666472e+01 6.241585e+01
      endloop
   endfacet
   facet normal -7.725129e-01 2.863844e-03 6.349926e-01
      outer loop
         vertex 1.400913e+02 2.281200e+01 6.234457e+01
         vertex 1.401641e+02 2.666472e+01 6.241585e+01
         vertex 1.394683e+02 2.281200e+01 6.158667e+01
      endloop
   endfacet
   facet normal -7.362429e-01 -1.264148e-02 6.765993e-01
      outer loop
         vertex 1.394683e+02 2.281200e+01 6.158667e+01
         vertex 1.401641e+02 2.666472e+01 6.241585e+01
         vertex 1.397765e+02 2.695889e+01 6.199959e+01
      endloop
   endfacet
   facet normal -7.893687e-01 -2.450713e-03 6.139145e-01
      outer loop
         vertex 1.394683e+02 2.281200e+01 6.158667e+01
         vertex 1.397765e+02 2.695889e+01 6.199959e+01
         vertex 1.395901e+02 2.714616e+01 6.176065e+01
      endloop
   endfacet
   facet normal -2.547306e-01 -8.868746e-03 9.669714e-01
      outer loop
         vertex 1.428984e+02 2.281200e+01 6.375307e+01
         vertex 1.423329e+02 2.634065e+01 6.363647e+01
         vertex 1.418176e+02 2.281200e+01 6.346836e+01
      endloop
   endfacet
   facet normal -3.018093e-01 -1.345356e-03 9.533674e-01
      outer loop
         vertex 1.418176e+02 2.281200e+01 6.346836e+01
         vertex 1.423329e+02 2.634065e+01 6.363647e+01
         vertex 1.418973e+02 2.626076e+01 6.349847e+01
      endloop
   endfacet
   facet normal -3.864942e-01 8.837793e-04 9.222914e-01
      outer loop
         vertex 1.418176e+02 2.281200e+01 6.346836e+01
         vertex 1.418973e+02 2.626076e+01 6.349847e+01
         vertex 1.415663e+02 2.281200e+01 6.336307e+01
      endloop
   endfacet
   facet normal -3.786105e-01 -1.026981e-06 9.255561e-01
      outer loop
         vertex 1.415663e+02 2.281200e+01 6.336307e+01
         vertex 1.418973e+02 2.626076e+01 6.349847e+01
         vertex 1.415664e+02 2.624805e+01 6.336311e+01
      endloop
   endfacet
   facet normal -4.250680e-01 4.809772e-07 9.051614e-01
      outer loop
         vertex 1.415663e+02 2.281200e+01 6.336307e+01
         vertex 1.415664e+02 2.624805e+01 6.336311e+01
         vertex 1.414308e+02 2.625448e+01 6.329939e+01
      endloop
   endfacet
   facet normal 2.538968e-02 -0.000000e+00 9.996776e-01
      outer loop
         vertex 1.439084e+02 2.281200e+01 6.379785e+01
         vertex 1.439084e+02 2.746714e+01 6.379785e+01
         vertex 1.435928e+02 2.708045e+01 6.380587e+01
      endloop
   endfacet
   facet normal -3.383103e-02 -4.377319e-03 9.994180e-01
      outer loop
         vertex 1.435928e+02 2.708045e+01 6.380587e+01
         vertex 1.432783e+02 2.680602e+01 6.379402e+01
         vertex 1.439084e+02 2.281200e+01 6.379785e+01
      endloop
   endfacet
   facet normal -6.915630e-02 -9.951575e-03 9.975562e-01
      outer loop
         vertex 1.439084e+02 2.281200e+01 6.379785e+01
         vertex 1.432783e+02 2.680602e+01 6.379402e+01
         vertex 1.432054e+02 2.675294e+01 6.378844e+01
      endloop
   endfacet
   facet normal -4.429325e-02 -5.513384e-03 9.990034e-01
      outer loop
         vertex 1.439084e+02 2.281200e+01 6.379785e+01
         vertex 1.432054e+02 2.675294e+01 6.378844e+01
         vertex 1.428984e+02 2.281200e+01 6.375307e+01
      endloop
   endfacet
   facet normal -1.270020e-01 9.943177e-04 9.919020e-01
      outer loop
         vertex 1.428984e+02 2.281200e+01 6.375307e+01
         vertex 1.432054e+02 2.675294e+01 6.378844e+01
         vertex 1.427789e+02 2.650404e+01 6.373407e+01
      endloop
   endfacet
   facet normal -2.131362e-01 -1.871050e-03 9.770207e-01
      outer loop
         vertex 1.428984e+02 2.281200e+01 6.375307e+01
         vertex 1.427789e+02 2.650404e+01 6.373407e+01
         vertex 1.423329e+02 2.634065e+01 6.363647e+01
      endloop
   endfacet
   facet normal -9.873341e-01 0.000000e+00 1.586548e-01
      outer loop
         vertex 1.386532e+02 3.549778e+01 5.934840e+01
         vertex 1.386532e+02 2.281200e+01 5.934840e+01
         vertex 1.387335e+02 3.549778e+01 5.984805e+01
      endloop
   endfacet
   facet normal -9.886482e-01 3.394022e-04 1.502487e-01
      outer loop
         vertex 1.387335e+02 3.549778e+01 5.984805e+01
         vertex 1.386532e+02 2.281200e+01 5.934840e+01
         vertex 1.387165e+02 2.281200e+01 5.976470e+01
      endloop
   endfacet
   facet normal -9.662351e-01 -3.963453e-04 2.576617e-01
      outer loop
         vertex 1.387335e+02 3.549778e+01 5.984805e+01
         vertex 1.387165e+02 2.281200e+01 5.976470e+01
         vertex 1.388639e+02 3.549778e+01 6.033717e+01
      endloop
   endfacet
   facet normal -9.683917e-01 0.000000e+00 2.494343e-01
      outer loop
         vertex 1.388639e+02 3.549778e+01 6.033717e+01
         vertex 1.387165e+02 2.281200e+01 5.976470e+01
         vertex 1.388639e+02 2.281200e+01 6.033717e+01
      endloop
   endfacet
   facet normal -9.482991e-01 0.000000e+00 3.173780e-01
      outer loop
         vertex 1.388639e+02 3.549778e+01 6.033717e+01
         vertex 1.388639e+02 2.281200e+01 6.033717e+01
         vertex 1.389012e+02 2.938543e+01 6.044840e+01
      endloop
   endfacet
   facet normal -9.482991e-01 0.000000e+00 3.173780e-01
      outer loop
         vertex 1.389012e+02 2.938543e+01 6.044840e+01
         vertex 1.388639e+02 2.281200e+01 6.033717e+01
         vertex 1.389012e+02 2.861012e+01 6.044840e+01
      endloop
   endfacet
   facet normal 7.713551e-02 1.945779e-03 -9.970187e-01
      outer loop
         vertex 1.443702e+02 2.913708e+01 3.812643e+01
         vertex 1.443025e+02 2.961964e+01 3.812214e+01
         vertex 1.478505e+02 3.549778e+01 3.840811e+01
      endloop
   endfacet
   facet normal 7.062088e-02 0.000000e+00 -9.975032e-01
      outer loop
         vertex 1.439084e+02 2.281200e+01 3.809896e+01
         vertex 1.439084e+02 2.746714e+01 3.809896e+01
         vertex 1.464783e+02 2.366342e+01 3.828090e+01
      endloop
   endfacet
   facet normal 6.424595e-02 -4.327323e-03 -9.979247e-01
      outer loop
         vertex 1.464783e+02 2.366342e+01 3.828090e+01
         vertex 1.439084e+02 2.746714e+01 3.809896e+01
         vertex 1.440187e+02 2.764623e+01 3.810528e+01
      endloop
   endfacet
   facet normal 9.309003e-02 1.358983e-02 -9.955649e-01
      outer loop
         vertex 1.464783e+02 2.366342e+01 3.828090e+01
         vertex 1.440187e+02 2.764623e+01 3.810528e+01
         vertex 1.490082e+02 2.457458e+01 3.852990e+01
      endloop
   endfacet
   facet normal 7.885001e-02 -9.717611e-03 -9.968391e-01
      outer loop
         vertex 1.490082e+02 2.457458e+01 3.852990e+01
         vertex 1.440187e+02 2.764623e+01 3.810528e+01
         vertex 1.441880e+02 2.800435e+01 3.811518e+01
      endloop
   endfacet
   facet normal 8.045378e-02 -7.450538e-03 -9.967305e-01
      outer loop
         vertex 1.441880e+02 2.800435e+01 3.811518e+01
         vertex 1.442353e+02 2.813624e+01 3.811801e+01
         vertex 1.490082e+02 2.457458e+01 3.852990e+01
      endloop
   endfacet
   facet normal 8.243822e-02 -4.774350e-03 -9.965847e-01
      outer loop
         vertex 1.490082e+02 2.457458e+01 3.852990e+01
         vertex 1.442353e+02 2.813624e+01 3.811801e+01
         vertex 1.443499e+02 2.863649e+01 3.812510e+01
      endloop
   endfacet
   facet normal 8.543271e-02 -1.316098e-03 -9.963431e-01
      outer loop
         vertex 1.490082e+02 2.457458e+01 3.852990e+01
         vertex 1.443499e+02 2.863649e+01 3.812510e+01
         vertex 1.443737e+02 2.899777e+01 3.812666e+01
      endloop
   endfacet
   facet normal 5.778980e-02 0.000000e+00 -9.983288e-01
      outer loop
         vertex 1.439084e+02 3.052842e+01 3.809896e+01
         vertex 1.439084e+02 3.549778e+01 3.809896e+01
         vertex 1.441500e+02 3.008433e+01 3.811294e+01
      endloop
   endfacet
   facet normal 7.818217e-02 9.136530e-04 -9.969387e-01
      outer loop
         vertex 1.441500e+02 3.008433e+01 3.811294e+01
         vertex 1.439084e+02 3.549778e+01 3.809896e+01
         vertex 1.478505e+02 3.549778e+01 3.840811e+01
      endloop
   endfacet
   facet normal 7.191990e-02 5.219390e-03 -9.973968e-01
      outer loop
         vertex 1.441500e+02 3.008433e+01 3.811294e+01
         vertex 1.478505e+02 3.549778e+01 3.840811e+01
         vertex 1.441880e+02 2.999120e+01 3.811520e+01
      endloop
   endfacet
   facet normal 7.365229e-02 4.060724e-03 -9.972757e-01
      outer loop
         vertex 1.441880e+02 2.999120e+01 3.811520e+01
         vertex 1.478505e+02 3.549778e+01 3.840811e+01
         vertex 1.443025e+02 2.961964e+01 3.812214e+01
      endloop
   endfacet
   facet normal 8.722209e-02 5.728365e-04 -9.961887e-01
      outer loop
         vertex 1.443737e+02 2.899777e+01 3.812666e+01
         vertex 1.443702e+02 2.913708e+01 3.812643e+01
         vertex 1.490082e+02 2.457458e+01 3.852990e+01
      endloop
   endfacet
   facet normal 8.456646e-02 -2.146814e-03 -9.964155e-01
      outer loop
         vertex 1.490082e+02 2.457458e+01 3.852990e+01
         vertex 1.443702e+02 2.913708e+01 3.812643e+01
         vertex 1.478505e+02 3.549778e+01 3.840811e+01
      endloop
   endfacet
   facet normal 1.242356e-01 2.104127e-03 -9.922505e-01
      outer loop
         vertex 1.490082e+02 2.457458e+01 3.852990e+01
         vertex 1.478505e+02 3.549778e+01 3.840811e+01
         vertex 1.514987e+02 2.554497e+01 3.884378e+01
      endloop
   endfacet
   facet normal 1.205691e-01 7.402881e-04 -9.927047e-01
      outer loop
         vertex 1.514987e+02 2.554497e+01 3.884378e+01
         vertex 1.478505e+02 3.549778e+01 3.840811e+01
         vertex 1.517758e+02 3.549778e+01 3.888486e+01
      endloop
   endfacet
   facet normal 1.518913e-01 -1.497045e-04 -9.883972e-01
      outer loop
         vertex 1.514987e+02 2.554497e+01 3.884378e+01
         vertex 1.517758e+02 3.549778e+01 3.888486e+01
         vertex 1.539503e+02 2.657409e+01 3.922037e+01
      endloop
   endfacet
   facet normal 1.522199e-01 -6.771848e-05 -9.883466e-01
      outer loop
         vertex 1.539503e+02 2.657409e+01 3.922037e+01
         vertex 1.517758e+02 3.549778e+01 3.888486e+01
         vertex 1.537300e+02 3.549778e+01 3.918583e+01
      endloop
   endfacet
   facet normal 1.779784e-01 5.848939e-04 -9.840342e-01
      outer loop
         vertex 1.539503e+02 2.657409e+01 3.922037e+01
         vertex 1.537300e+02 3.549778e+01 3.918583e+01
         vertex 1.563637e+02 2.766146e+01 3.965752e+01
      endloop
   endfacet
   facet normal 1.732366e-01 -1.059637e-03 -9.848797e-01
      outer loop
         vertex 1.563637e+02 2.766146e+01 3.965752e+01
         vertex 1.537300e+02 3.549778e+01 3.918583e+01
         vertex 1.556773e+02 3.549778e+01 3.952836e+01
      endloop
   endfacet
   facet normal 2.034090e-01 1.678526e-03 -9.790924e-01
      outer loop
         vertex 1.563637e+02 2.766146e+01 3.965752e+01
         vertex 1.556773e+02 3.549778e+01 3.952836e+01
         vertex 1.587395e+02 2.880655e+01 4.015305e+01
      endloop
   endfacet
   facet normal 2.046098e-01 2.251504e-03 -9.788410e-01
      outer loop
         vertex 1.587395e+02 2.880655e+01 4.015305e+01
         vertex 1.556773e+02 3.549778e+01 3.952836e+01
         vertex 1.595479e+02 3.549778e+01 4.033743e+01
      endloop
   endfacet
   facet normal 2.300961e-01 -9.840285e-04 -9.731674e-01
      outer loop
         vertex 1.587395e+02 2.880655e+01 4.015305e+01
         vertex 1.595479e+02 3.549778e+01 4.033743e+01
         vertex 1.610782e+02 3.000888e+01 4.070481e+01
      endloop
   endfacet
   facet normal 2.461105e-01 3.744006e-03 -9.692345e-01
      outer loop
         vertex 1.610782e+02 3.000888e+01 4.070481e+01
         vertex 1.595479e+02 3.549778e+01 4.033743e+01
         vertex 1.633805e+02 3.549778e+01 4.131061e+01
      endloop
   endfacet
   facet normal 2.544699e-01 0.000000e+00 -9.670807e-01
      outer loop
         vertex 1.610782e+02 3.000888e+01 4.070481e+01
         vertex 1.633805e+02 3.549778e+01 4.131061e+01
         vertex 1.633805e+02 3.126795e+01 4.131061e+01
      endloop
   endfacet
   facet normal -6.326707e-01 -1.227844e-05 -7.744209e-01
      outer loop
         vertex 1.405310e+02 3.152184e+01 3.916209e+01
         vertex 1.403907e+02 3.145669e+01 3.927672e+01
         vertex 1.403928e+02 3.549778e+01 3.927491e+01
      endloop
   endfacet
   facet normal -2.510777e-01 -6.856923e-03 -9.679426e-01
      outer loop
         vertex 1.421459e+02 2.629832e+01 3.831423e+01
         vertex 1.425755e+02 2.641653e+01 3.820195e+01
         vertex 1.428984e+02 2.281200e+01 3.814374e+01
      endloop
   endfacet
   facet normal -7.722474e-02 -1.037494e-02 -9.969597e-01
      outer loop
         vertex 1.430041e+02 2.661873e+01 3.812938e+01
         vertex 1.433983e+02 2.689957e+01 3.809593e+01
         vertex 1.439084e+02 2.281200e+01 3.809896e+01
      endloop
   endfacet
   facet normal -4.429064e-02 1.216711e-02 -9.989446e-01
      outer loop
         vertex 1.428984e+02 2.281200e+01 3.814374e+01
         vertex 1.425755e+02 2.641653e+01 3.820195e+01
         vertex 1.439084e+02 2.281200e+01 3.809896e+01
      endloop
   endfacet
   facet normal -1.680574e-01 -3.399156e-02 -9.851910e-01
      outer loop
         vertex 1.439084e+02 2.281200e+01 3.809896e+01
         vertex 1.425755e+02 2.641653e+01 3.820195e+01
         vertex 1.428490e+02 2.653455e+01 3.815124e+01
      endloop
   endfacet
   facet normal -1.275153e-01 -2.236372e-02 -9.915844e-01
      outer loop
         vertex 1.439084e+02 2.281200e+01 3.809896e+01
         vertex 1.428490e+02 2.653455e+01 3.815124e+01
         vertex 1.430041e+02 2.661873e+01 3.812938e+01
      endloop
   endfacet
   facet normal -1.672422e-02 -2.826825e-03 -9.998561e-01
      outer loop
         vertex 1.433983e+02 2.689957e+01 3.809593e+01
         vertex 1.436548e+02 2.714621e+01 3.809094e+01
         vertex 1.439084e+02 2.281200e+01 3.809896e+01
      endloop
   endfacet
   facet normal 1.721451e-02 -8.415541e-04 -9.998515e-01
      outer loop
         vertex 1.439084e+02 2.281200e+01 3.809896e+01
         vertex 1.436548e+02 2.714621e+01 3.809094e+01
         vertex 1.437550e+02 2.726107e+01 3.809257e+01
      endloop
   endfacet
   facet normal 4.159824e-02 0.000000e+00 -9.991344e-01
      outer loop
         vertex 1.439084e+02 2.281200e+01 3.809896e+01
         vertex 1.437550e+02 2.726107e+01 3.809257e+01
         vertex 1.439084e+02 2.746714e+01 3.809896e+01
      endloop
   endfacet
   facet normal -3.199519e-01 -2.273883e-02 -9.471609e-01
      outer loop
         vertex 1.421459e+02 2.629832e+01 3.831423e+01
         vertex 1.428984e+02 2.281200e+01 3.814374e+01
         vertex 1.418743e+02 2.626070e+01 3.840688e+01
      endloop
   endfacet
   facet normal -2.547402e-01 -1.859685e-03 -9.670077e-01
      outer loop
         vertex 1.418743e+02 2.626070e+01 3.840688e+01
         vertex 1.428984e+02 2.281200e+01 3.814374e+01
         vertex 1.418176e+02 2.281200e+01 3.842845e+01
      endloop
   endfacet
   facet normal -3.696288e-01 2.654693e-04 -9.291794e-01
      outer loop
         vertex 1.418743e+02 2.626070e+01 3.840688e+01
         vertex 1.418176e+02 2.281200e+01 3.842845e+01
         vertex 1.416778e+02 2.625036e+01 3.848504e+01
      endloop
   endfacet
   facet normal -4.003973e-01 -1.196657e-03 -9.163409e-01
      outer loop
         vertex 1.416778e+02 2.625036e+01 3.848504e+01
         vertex 1.418176e+02 2.281200e+01 3.842845e+01
         vertex 1.415659e+02 2.625069e+01 3.853392e+01
      endloop
   endfacet
   facet normal -3.864944e-01 3.326988e-06 -9.222918e-01
      outer loop
         vertex 1.415659e+02 2.625069e+01 3.853392e+01
         vertex 1.418176e+02 2.281200e+01 3.842845e+01
         vertex 1.415663e+02 2.281200e+01 3.853374e+01
      endloop
   endfacet
   facet normal -4.479659e-01 -5.192985e-06 -8.940506e-01
      outer loop
         vertex 1.415659e+02 2.625069e+01 3.853392e+01
         vertex 1.415663e+02 2.281200e+01 3.853374e+01
         vertex 1.412055e+02 2.628235e+01 3.871454e+01
      endloop
   endfacet
   facet normal -5.339608e-01 -1.148025e-02 -8.454313e-01
      outer loop
         vertex 1.412055e+02 2.628235e+01 3.871454e+01
         vertex 1.415663e+02 2.281200e+01 3.853374e+01
         vertex 1.403928e+02 2.281200e+01 3.927491e+01
      endloop
   endfacet
   facet normal -5.201970e-01 -1.606999e-02 -8.538951e-01
      outer loop
         vertex 1.412055e+02 2.628235e+01 3.871454e+01
         vertex 1.403928e+02 2.281200e+01 3.927491e+01
         vertex 1.408687e+02 2.635497e+01 3.891833e+01
      endloop
   endfacet
   facet normal -8.136311e-01 2.947258e-05 -5.813815e-01
      outer loop
         vertex 1.394659e+02 2.729319e+01 4.031367e+01
         vertex 1.396491e+02 2.708195e+01 4.005729e+01
         vertex 1.394683e+02 2.281200e+01 4.031014e+01
      endloop
   endfacet
   facet normal -7.631544e-01 -5.945823e-03 -6.461889e-01
      outer loop
         vertex 1.394683e+02 2.281200e+01 4.031014e+01
         vertex 1.396491e+02 2.708195e+01 4.005729e+01
         vertex 1.399997e+02 2.677404e+01 3.964606e+01
      endloop
   endfacet
   facet normal -7.725130e-01 -2.813973e-03 -6.349927e-01
      outer loop
         vertex 1.394683e+02 2.281200e+01 4.031014e+01
         vertex 1.399997e+02 2.677404e+01 3.964606e+01
         vertex 1.400913e+02 2.281200e+01 3.955224e+01
      endloop
   endfacet
   facet normal -6.901302e-01 1.190109e-03 -7.236843e-01
      outer loop
         vertex 1.400913e+02 2.281200e+01 3.955224e+01
         vertex 1.399997e+02 2.677404e+01 3.964606e+01
         vertex 1.403507e+02 2.655692e+01 3.931096e+01
      endloop
   endfacet
   facet normal -6.769005e-01 -5.247555e-04 -7.360744e-01
      outer loop
         vertex 1.400913e+02 2.281200e+01 3.955224e+01
         vertex 1.403507e+02 2.655692e+01 3.931096e+01
         vertex 1.403928e+02 2.281200e+01 3.927491e+01
      endloop
   endfacet
   facet normal -6.140201e-01 6.944473e-04 -7.892901e-01
      outer loop
         vertex 1.403928e+02 2.281200e+01 3.927491e+01
         vertex 1.403507e+02 2.655692e+01 3.931096e+01
         vertex 1.407631e+02 2.638667e+01 3.899001e+01
      endloop
   endfacet
   facet normal -5.631386e-01 -7.527849e-03 -8.263282e-01
      outer loop
         vertex 1.403928e+02 2.281200e+01 3.927491e+01
         vertex 1.407631e+02 2.638667e+01 3.899001e+01
         vertex 1.408687e+02 2.635497e+01 3.891833e+01
      endloop
   endfacet
   facet normal -8.638973e-01 2.300987e-02 -5.031421e-01
      outer loop
         vertex 1.392862e+02 3.044792e+01 4.060363e+01
         vertex 1.388639e+02 3.549778e+01 4.155964e+01
         vertex 1.394116e+02 3.063142e+01 4.039677e+01
      endloop
   endfacet
   facet normal -9.377557e-01 -2.272077e-02 -3.465516e-01
      outer loop
         vertex 1.394116e+02 3.063142e+01 4.039677e+01
         vertex 1.388639e+02 3.549778e+01 4.155964e+01
         vertex 1.390121e+02 3.549778e+01 4.115881e+01
      endloop
   endfacet
   facet normal -8.427222e-01 1.508256e-02 -5.381374e-01
      outer loop
         vertex 1.394116e+02 3.063142e+01 4.039677e+01
         vertex 1.390121e+02 3.549778e+01 4.115881e+01
         vertex 1.394668e+02 3.070366e+01 4.031235e+01
      endloop
   endfacet
   facet normal -8.822759e-01 -5.704893e-04 -4.707323e-01
      outer loop
         vertex 1.394668e+02 3.070366e+01 4.031235e+01
         vertex 1.390121e+02 3.549778e+01 4.115881e+01
         vertex 1.394510e+02 3.549778e+01 4.033607e+01
      endloop
   endfacet
   facet normal -8.036222e-01 3.036926e-04 -5.951397e-01
      outer loop
         vertex 1.394668e+02 3.070366e+01 4.031235e+01
         vertex 1.394510e+02 3.549778e+01 4.033607e+01
         vertex 1.397550e+02 3.101697e+01 3.992335e+01
      endloop
   endfacet
   facet normal -8.859057e-01 1.369558e-02 -4.636632e-01
      outer loop
         vertex 1.392862e+02 3.044792e+01 4.060363e+01
         vertex 1.391587e+02 3.022107e+01 4.084066e+01
         vertex 1.388639e+02 3.549778e+01 4.155964e+01
      endloop
   endfacet
   facet normal -9.121963e-01 4.877809e-03 -4.097244e-01
      outer loop
         vertex 1.388639e+02 3.549778e+01 4.155964e+01
         vertex 1.391587e+02 3.022107e+01 4.084066e+01
         vertex 1.389947e+02 2.980940e+01 4.120078e+01
      endloop
   endfacet
   facet normal -9.345827e-01 9.578619e-04 -3.557446e-01
      outer loop
         vertex 1.388639e+02 3.549778e+01 4.155964e+01
         vertex 1.389947e+02 2.980940e+01 4.120078e+01
         vertex 1.389144e+02 2.946953e+01 4.141087e+01
      endloop
   endfacet
   facet normal -9.482991e-01 -0.000000e+00 -3.173780e-01
      outer loop
         vertex 1.389012e+02 2.938543e+01 4.144840e+01
         vertex 1.389012e+02 2.861012e+01 4.144840e+01
         vertex 1.388639e+02 2.281200e+01 4.155964e+01
      endloop
   endfacet
   facet normal -9.379935e-01 -6.277605e-04 -3.466523e-01
      outer loop
         vertex 1.388639e+02 2.281200e+01 4.155964e+01
         vertex 1.389012e+02 2.861012e+01 4.144840e+01
         vertex 1.389719e+02 2.826537e+01 4.125761e+01
      endloop
   endfacet
   facet normal -9.194888e-01 -3.566576e-03 -3.931000e-01
      outer loop
         vertex 1.389719e+02 2.826537e+01 4.125761e+01
         vertex 1.391014e+02 2.789679e+01 4.095808e+01
         vertex 1.388639e+02 2.281200e+01 4.155964e+01
      endloop
   endfacet
   facet normal -8.914068e-01 -1.196987e-02 -4.530459e-01
      outer loop
         vertex 1.388639e+02 2.281200e+01 4.155964e+01
         vertex 1.391014e+02 2.789679e+01 4.095808e+01
         vertex 1.392863e+02 2.754766e+01 4.060360e+01
      endloop
   endfacet
   facet normal -8.712240e-01 -2.131531e-02 -4.904227e-01
      outer loop
         vertex 1.388639e+02 2.281200e+01 4.155964e+01
         vertex 1.392863e+02 2.754766e+01 4.060360e+01
         vertex 1.393300e+02 2.748006e+01 4.052874e+01
      endloop
   endfacet
   facet normal -8.454279e-01 -2.456613e-05 -5.340896e-01
      outer loop
         vertex 1.394659e+02 2.729319e+01 4.031367e+01
         vertex 1.394683e+02 2.281200e+01 4.031014e+01
         vertex 1.393300e+02 2.748006e+01 4.052874e+01
      endloop
   endfacet
   facet normal -8.829677e-01 -4.164859e-03 -4.694154e-01
      outer loop
         vertex 1.393300e+02 2.748006e+01 4.052874e+01
         vertex 1.394683e+02 2.281200e+01 4.031014e+01
         vertex 1.389945e+02 2.281200e+01 4.120132e+01
      endloop
   endfacet
   facet normal -9.394263e-01 1.821351e-02 -3.422666e-01
      outer loop
         vertex 1.393300e+02 2.748006e+01 4.052874e+01
         vertex 1.389945e+02 2.281200e+01 4.120132e+01
         vertex 1.388639e+02 2.281200e+01 4.155964e+01
      endloop
   endfacet
   facet normal -6.827627e-01 3.368922e-05 -7.306402e-01
      outer loop
         vertex 1.403928e+02 3.549778e+01 3.927491e+01
         vertex 1.403907e+02 3.145669e+01 3.927672e+01
         vertex 1.400352e+02 3.549778e+01 3.960915e+01
      endloop
   endfacet
   facet normal -6.761921e-01 1.112284e-03 -7.367245e-01
      outer loop
         vertex 1.400352e+02 3.549778e+01 3.960915e+01
         vertex 1.403907e+02 3.145669e+01 3.927672e+01
         vertex 1.401034e+02 3.129119e+01 3.954014e+01
      endloop
   endfacet
   facet normal -7.795186e-01 -2.374615e-03 -6.263745e-01
      outer loop
         vertex 1.400352e+02 3.549778e+01 3.960915e+01
         vertex 1.401034e+02 3.129119e+01 3.954014e+01
         vertex 1.394510e+02 3.549778e+01 4.033607e+01
      endloop
   endfacet
   facet normal -7.242869e-01 1.808973e-02 -6.892614e-01
      outer loop
         vertex 1.394510e+02 3.549778e+01 4.033607e+01
         vertex 1.401034e+02 3.129119e+01 3.954014e+01
         vertex 1.399631e+02 3.119188e+01 3.968497e+01
      endloop
   endfacet
   facet normal -7.565098e-01 8.913946e-03 -6.539216e-01
      outer loop
         vertex 1.394510e+02 3.549778e+01 4.033607e+01
         vertex 1.399631e+02 3.119188e+01 3.968497e+01
         vertex 1.397550e+02 3.101697e+01 3.992335e+01
      endloop
   endfacet
   facet normal -4.971807e-01 2.584024e-03 -8.676432e-01
      outer loop
         vertex 1.415532e+02 3.549778e+01 3.853970e+01
         vertex 1.414452e+02 3.174119e+01 3.859040e+01
         vertex 1.407441e+02 3.549778e+01 3.900333e+01
      endloop
   endfacet
   facet normal -4.834500e-01 5.993959e-03 -8.753515e-01
      outer loop
         vertex 1.407441e+02 3.549778e+01 3.900333e+01
         vertex 1.414452e+02 3.174119e+01 3.859040e+01
         vertex 1.409813e+02 3.167158e+01 3.884611e+01
      endloop
   endfacet
   facet normal -6.116473e-01 -5.415918e-03 -7.911120e-01
      outer loop
         vertex 1.407441e+02 3.549778e+01 3.900333e+01
         vertex 1.409813e+02 3.167158e+01 3.884611e+01
         vertex 1.403928e+02 3.549778e+01 3.927491e+01
      endloop
   endfacet
   facet normal -5.418270e-01 1.084887e-02 -8.404200e-01
      outer loop
         vertex 1.403928e+02 3.549778e+01 3.927491e+01
         vertex 1.409813e+02 3.167158e+01 3.884611e+01
         vertex 1.408681e+02 3.164196e+01 3.891872e+01
      endloop
   endfacet
   facet normal -5.859565e-01 2.630425e-03 -8.103382e-01
      outer loop
         vertex 1.403928e+02 3.549778e+01 3.927491e+01
         vertex 1.408681e+02 3.164196e+01 3.891872e+01
         vertex 1.405310e+02 3.152184e+01 3.916209e+01
      endloop
   endfacet
   facet normal 1.697978e-03 1.631230e-03 -9.999972e-01
      outer loop
         vertex 1.435925e+02 3.091482e+01 3.809094e+01
         vertex 1.439084e+02 3.549778e+01 3.809896e+01
         vertex 1.436548e+02 3.084941e+01 3.809094e+01
      endloop
   endfacet
   facet normal 3.158777e-02 0.000000e+00 -9.995010e-01
      outer loop
         vertex 1.436548e+02 3.084941e+01 3.809094e+01
         vertex 1.439084e+02 3.549778e+01 3.809896e+01
         vertex 1.439084e+02 3.052842e+01 3.809896e+01
      endloop
   endfacet
   facet normal -4.040211e-02 4.531218e-03 -9.991732e-01
      outer loop
         vertex 1.435925e+02 3.091482e+01 3.809094e+01
         vertex 1.432123e+02 3.124179e+01 3.810780e+01
         vertex 1.439084e+02 3.549778e+01 3.809896e+01
      endloop
   endfacet
   facet normal -1.091872e-01 1.579187e-02 -9.938958e-01
      outer loop
         vertex 1.439084e+02 3.549778e+01 3.809896e+01
         vertex 1.432123e+02 3.124179e+01 3.810780e+01
         vertex 1.428497e+02 3.146095e+01 3.815111e+01
      endloop
   endfacet
   facet normal 1.777869e-03 -1.338579e-02 -9.999088e-01
      outer loop
         vertex 1.439084e+02 3.549778e+01 3.809896e+01
         vertex 1.428497e+02 3.146095e+01 3.815111e+01
         vertex 1.433568e+02 3.549778e+01 3.809798e+01
      endloop
   endfacet
   facet normal -1.577918e-01 6.822315e-03 -9.874488e-01
      outer loop
         vertex 1.433568e+02 3.549778e+01 3.809798e+01
         vertex 1.428497e+02 3.146095e+01 3.815111e+01
         vertex 1.427875e+02 3.149109e+01 3.816127e+01
      endloop
   endfacet
   facet normal -9.932786e-02 -1.604855e-03 -9.950535e-01
      outer loop
         vertex 1.433568e+02 3.549778e+01 3.809798e+01
         vertex 1.427875e+02 3.149109e+01 3.816127e+01
         vertex 1.428984e+02 3.549778e+01 3.814374e+01
      endloop
   endfacet
   facet normal -2.116676e-01 1.581494e-03 -9.773404e-01
      outer loop
         vertex 1.428984e+02 3.549778e+01 3.814374e+01
         vertex 1.427875e+02 3.149109e+01 3.816127e+01
         vertex 1.423400e+02 3.165352e+01 3.825845e+01
      endloop
   endfacet
   facet normal -1.916876e-01 -1.443465e-03 -9.814549e-01
      outer loop
         vertex 1.428984e+02 3.549778e+01 3.814374e+01
         vertex 1.423400e+02 3.165352e+01 3.825845e+01
         vertex 1.424343e+02 3.549778e+01 3.823437e+01
      endloop
   endfacet
   facet normal -3.016943e-01 1.431282e-03 -9.534036e-01
      outer loop
         vertex 1.424343e+02 3.549778e+01 3.823437e+01
         vertex 1.423400e+02 3.165352e+01 3.825845e+01
         vertex 1.418915e+02 3.173372e+01 3.840049e+01
      endloop
   endfacet
   facet normal -3.274131e-01 5.516998e-03 -9.448652e-01
      outer loop
         vertex 1.424343e+02 3.549778e+01 3.823437e+01
         vertex 1.418915e+02 3.173372e+01 3.840049e+01
         vertex 1.415532e+02 3.549778e+01 3.853970e+01
      endloop
   endfacet
   facet normal -3.791812e-01 1.413306e-04 -9.253224e-01
      outer loop
         vertex 1.415532e+02 3.549778e+01 3.853970e+01
         vertex 1.418915e+02 3.173372e+01 3.840049e+01
         vertex 1.415664e+02 3.174625e+01 3.853370e+01
      endloop
   endfacet
   facet normal -4.236063e-01 -4.669672e-05 -9.058464e-01
      outer loop
         vertex 1.415532e+02 3.549778e+01 3.853970e+01
         vertex 1.415664e+02 3.174625e+01 3.853370e+01
         vertex 1.414452e+02 3.174119e+01 3.859040e+01
      endloop
   endfacet
   facet normal -9.433982e-01 2.897846e-04 -3.316620e-01
      outer loop
         vertex 1.389144e+02 2.946953e+01 4.141087e+01
         vertex 1.389012e+02 2.938543e+01 4.144840e+01
         vertex 1.388639e+02 3.549778e+01 4.155964e+01
      endloop
   endfacet
   facet normal -9.482991e-01 -0.000000e+00 -3.173780e-01
      outer loop
         vertex 1.388639e+02 3.549778e+01 4.155964e+01
         vertex 1.389012e+02 2.938543e+01 4.144840e+01
         vertex 1.388639e+02 2.281200e+01 4.155964e+01
      endloop
   endfacet
   facet normal -9.662352e-01 -0.000000e+00 -2.576617e-01
      outer loop
         vertex 1.388639e+02 3.549778e+01 4.155964e+01
         vertex 1.388639e+02 2.281200e+01 4.155964e+01
         vertex 1.387335e+02 3.549778e+01 4.204876e+01
      endloop
   endfacet
   facet normal -9.683917e-01 -3.393998e-04 -2.494343e-01
      outer loop
         vertex 1.387335e+02 3.549778e+01 4.204876e+01
         vertex 1.388639e+02 2.281200e+01 4.155964e+01
         vertex 1.387165e+02 2.281200e+01 4.213211e+01
      endloop
   endfacet
   facet normal -9.873341e-01 2.824127e-04 -1.586548e-01
      outer loop
         vertex 1.387335e+02 3.549778e+01 4.204876e+01
         vertex 1.387165e+02 2.281200e+01 4.213211e+01
         vertex 1.386532e+02 3.549778e+01 4.254840e+01
      endloop
   endfacet
   facet normal -9.886482e-01 -0.000000e+00 -1.502487e-01
      outer loop
         vertex 1.386532e+02 3.549778e+01 4.254840e+01
         vertex 1.387165e+02 2.281200e+01 4.213211e+01
         vertex 1.386532e+02 2.281200e+01 4.254840e+01
      endloop
   endfacet
   facet normal -5.092754e-01 8.605333e-01 1.100129e-02
      outer loop
         vertex 1.623763e+02 2.775313e+01 5.778629e+01
         vertex 1.633722e+02 2.833347e+01 5.849366e+01
         vertex 1.641810e+02 2.881640e+01 5.815865e+01
      endloop
   endfacet
   facet normal -5.205308e-01 8.538428e-01 3.072853e-04
      outer loop
         vertex 1.641810e+02 2.881640e+01 5.815865e+01
         vertex 1.649401e+02 2.927932e+01 5.774167e+01
         vertex 1.654051e+02 2.956756e+01 4.446831e+01
      endloop
   endfacet
   facet normal -5.268784e-01 8.499407e-01 1.857219e-07
      outer loop
         vertex 1.654051e+02 2.956756e+01 4.446831e+01
         vertex 1.649401e+02 2.927932e+01 5.774167e+01
         vertex 1.654051e+02 2.956756e+01 5.742856e+01
      endloop
   endfacet
   facet normal -5.306189e-01 8.476105e-01 1.822321e-07
      outer loop
         vertex 1.654051e+02 2.956756e+01 4.446831e+01
         vertex 1.654051e+02 2.956756e+01 5.742856e+01
         vertex 1.656752e+02 2.973666e+01 4.467302e+01
      endloop
   endfacet
   facet normal -5.304969e-01 8.476869e-01 3.777214e-06
      outer loop
         vertex 1.656752e+02 2.973666e+01 4.467302e+01
         vertex 1.654051e+02 2.956756e+01 5.742856e+01
         vertex 1.656503e+02 2.972101e+01 5.724339e+01
      endloop
   endfacet
   facet normal -5.352326e-01 8.447047e-01 -9.321442e-06
      outer loop
         vertex 1.656752e+02 2.973666e+01 4.467302e+01
         vertex 1.656503e+02 2.972101e+01 5.724339e+01
         vertex 1.663108e+02 3.013938e+01 4.523203e+01
      endloop
   endfacet
   facet normal -5.468800e-01 8.372110e-01 0.000000e+00
      outer loop
         vertex 1.668986e+02 3.051794e+01 5.602297e+01
         vertex 1.673737e+02 3.082832e+01 5.538022e+01
         vertex 1.673737e+02 3.082832e+01 4.651659e+01
      endloop
   endfacet
   facet normal -5.351908e-01 8.447312e-01 -6.098210e-06
      outer loop
         vertex 1.656503e+02 2.972101e+01 5.724339e+01
         vertex 1.663257e+02 3.014894e+01 5.664998e+01
         vertex 1.663108e+02 3.013938e+01 4.523203e+01
      endloop
   endfacet
   facet normal -5.415390e-01 8.406756e-01 5.609971e-06
      outer loop
         vertex 1.663108e+02 3.013938e+01 4.523203e+01
         vertex 1.663257e+02 3.014894e+01 5.664998e+01
         vertex 1.668986e+02 3.051794e+01 5.602297e+01
      endloop
   endfacet
   facet normal -5.413425e-01 8.408022e-01 -9.533593e-06
      outer loop
         vertex 1.663108e+02 3.013938e+01 4.523203e+01
         vertex 1.668986e+02 3.051794e+01 5.602297e+01
         vertex 1.668755e+02 3.050296e+01 4.584573e+01
      endloop
   endfacet
   facet normal -5.467684e-01 8.372839e-01 7.955308e-06
      outer loop
         vertex 1.668755e+02 3.050296e+01 4.584573e+01
         vertex 1.668986e+02 3.051794e+01 5.602297e+01
         vertex 1.673737e+02 3.082832e+01 4.651659e+01
      endloop
   endfacet
   facet normal -4.997302e-01 8.661693e-01 4.521194e-03
      outer loop
         vertex 1.625261e+02 2.783907e+01 4.851329e+01
         vertex 1.642612e+02 2.886486e+01 4.377726e+01
         vertex 1.620842e+02 2.758587e+01 4.818496e+01
      endloop
   endfacet
   facet normal -5.124845e-01 8.586874e-01 -3.949200e-03
      outer loop
         vertex 1.620842e+02 2.758587e+01 4.818496e+01
         vertex 1.642612e+02 2.886486e+01 4.377726e+01
         vertex 1.635030e+02 2.841086e+01 4.345048e+01
      endloop
   endfacet
   facet normal -4.963322e-01 8.681289e-01 2.536348e-03
      outer loop
         vertex 1.620842e+02 2.758587e+01 4.818496e+01
         vertex 1.635030e+02 2.841086e+01 4.345048e+01
         vertex 1.620111e+02 2.754419e+01 4.813661e+01
      endloop
   endfacet
   facet normal -4.942465e-01 8.693168e-01 -2.959473e-03
      outer loop
         vertex 1.623763e+02 2.775313e+01 4.411051e+01
         vertex 1.616957e+02 2.736541e+01 4.389900e+01
         vertex 1.614987e+02 2.725454e+01 4.423079e+01
      endloop
   endfacet
   facet normal -5.072825e-01 8.617498e-01 -7.197420e-03
      outer loop
         vertex 1.635030e+02 2.841086e+01 4.345048e+01
         vertex 1.633722e+02 2.833347e+01 4.340315e+01
         vertex 1.623763e+02 2.775313e+01 4.411051e+01
      endloop
   endfacet
   facet normal -5.058985e-01 8.625809e-01 -4.566976e-03
      outer loop
         vertex 1.623763e+02 2.775313e+01 4.411051e+01
         vertex 1.633722e+02 2.833347e+01 4.340315e+01
         vertex 1.629997e+02 2.811454e+01 4.332129e+01
      endloop
   endfacet
   facet normal -5.028547e-01 8.643699e-01 -1.343782e-03
      outer loop
         vertex 1.623763e+02 2.775313e+01 4.411051e+01
         vertex 1.629997e+02 2.811454e+01 4.332129e+01
         vertex 1.626198e+02 2.789358e+01 4.333593e+01
      endloop
   endfacet
   facet normal -4.990490e-01 8.665737e-01 2.521064e-04
      outer loop
         vertex 1.626198e+02 2.789358e+01 4.333593e+01
         vertex 1.622699e+02 2.769203e+01 4.344134e+01
         vertex 1.623763e+02 2.775313e+01 4.411051e+01
      endloop
   endfacet
   facet normal -4.958979e-01 8.683807e-01 -4.140991e-04
      outer loop
         vertex 1.623763e+02 2.775313e+01 4.411051e+01
         vertex 1.622699e+02 2.769203e+01 4.344134e+01
         vertex 1.619531e+02 2.751123e+01 4.363599e+01
      endloop
   endfacet
   facet normal -4.944409e-01 8.692086e-01 -2.135632e-03
      outer loop
         vertex 1.623763e+02 2.775313e+01 4.411051e+01
         vertex 1.619531e+02 2.751123e+01 4.363599e+01
         vertex 1.616957e+02 2.736541e+01 4.389900e+01
      endloop
   endfacet
   facet normal -4.952186e-01 8.687634e-01 2.966126e-03
      outer loop
         vertex 1.614149e+02 2.720760e+01 4.725522e+01
         vertex 1.615397e+02 2.727761e+01 4.758681e+01
         vertex 1.635030e+02 2.841086e+01 4.345048e+01
      endloop
   endfacet
   facet normal -4.946830e-01 8.690672e-01 3.303545e-03
      outer loop
         vertex 1.635030e+02 2.841086e+01 4.345048e+01
         vertex 1.615397e+02 2.727761e+01 4.758681e+01
         vertex 1.617459e+02 2.739379e+01 4.789511e+01
      endloop
   endfacet
   facet normal -4.953566e-01 8.686847e-01 2.949773e-03
      outer loop
         vertex 1.635030e+02 2.841086e+01 4.345048e+01
         vertex 1.617459e+02 2.739379e+01 4.789511e+01
         vertex 1.620111e+02 2.754419e+01 4.813661e+01
      endloop
   endfacet
   facet normal -4.941596e-01 8.693686e-01 -2.110560e-03
      outer loop
         vertex 1.614987e+02 2.725454e+01 4.423079e+01
         vertex 1.613956e+02 2.719679e+01 4.456650e+01
         vertex 1.623763e+02 2.775313e+01 4.411051e+01
      endloop
   endfacet
   facet normal -4.936322e-01 8.696705e-01 -6.079462e-04
      outer loop
         vertex 1.623763e+02 2.775313e+01 4.411051e+01
         vertex 1.613956e+02 2.719679e+01 4.456650e+01
         vertex 1.613737e+02 2.718452e+01 4.481788e+01
      endloop
   endfacet
   facet normal -5.502334e-01 8.270395e-01 -1.151035e-01
      outer loop
         vertex 1.623763e+02 2.775313e+01 4.411051e+01
         vertex 1.613737e+02 2.718452e+01 4.481788e+01
         vertex 1.635030e+02 2.841086e+01 4.345048e+01
      endloop
   endfacet
   facet normal -4.990761e-01 8.665581e-01 0.000000e+00
      outer loop
         vertex 1.635030e+02 2.841086e+01 4.345048e+01
         vertex 1.613737e+02 2.718452e+01 4.481788e+01
         vertex 1.613737e+02 2.718452e+01 4.690953e+01
      endloop
   endfacet
   facet normal -4.973671e-01 8.675391e-01 1.399803e-03
      outer loop
         vertex 1.635030e+02 2.841086e+01 4.345048e+01
         vertex 1.613737e+02 2.718452e+01 4.690953e+01
         vertex 1.614149e+02 2.720760e+01 4.725522e+01
      endloop
   endfacet
   facet normal -5.040187e-01 8.636893e-01 2.412877e-03
      outer loop
         vertex 1.625261e+02 2.783907e+01 4.851329e+01
         vertex 1.628804e+02 2.804480e+01 4.887979e+01
         vertex 1.642612e+02 2.886486e+01 4.377726e+01
      endloop
   endfacet
   facet normal -5.068941e-01 8.620073e-01 1.364426e-03
      outer loop
         vertex 1.642612e+02 2.886486e+01 4.377726e+01
         vertex 1.628804e+02 2.804480e+01 4.887979e+01
         vertex 1.631502e+02 2.820287e+01 4.925914e+01
      endloop
   endfacet
   facet normal -5.065746e-01 8.621949e-01 1.451838e-03
      outer loop
         vertex 1.642612e+02 2.886486e+01 4.377726e+01
         vertex 1.631502e+02 2.820287e+01 4.925914e+01
         vertex 1.633822e+02 2.833842e+01 4.971905e+01
      endloop
   endfacet
   facet normal -5.086206e-01 8.609901e-01 1.042413e-03
      outer loop
         vertex 1.633822e+02 2.833842e+01 4.971905e+01
         vertex 1.634275e+02 2.836502e+01 4.983626e+01
         vertex 1.642612e+02 2.886486e+01 4.377726e+01
      endloop
   endfacet
   facet normal -5.108156e-01 8.596901e-01 6.331485e-04
      outer loop
         vertex 1.642612e+02 2.886486e+01 4.377726e+01
         vertex 1.634275e+02 2.836502e+01 4.983626e+01
         vertex 1.635248e+02 2.842261e+01 5.015275e+01
      endloop
   endfacet
   facet normal -5.156961e-01 8.567716e-01 -1.330098e-04
      outer loop
         vertex 1.642612e+02 2.886486e+01 4.377726e+01
         vertex 1.635248e+02 2.842261e+01 5.015275e+01
         vertex 1.636118e+02 2.847503e+01 5.067005e+01
      endloop
   endfacet
   facet normal -5.196048e-01 8.544065e-01 -6.350502e-04
      outer loop
         vertex 1.636118e+02 2.847503e+01 5.067005e+01
         vertex 1.636237e+02 2.848250e+01 5.094837e+01
         vertex 1.642612e+02 2.886486e+01 4.377726e+01
      endloop
   endfacet
   facet normal -5.141702e-01 8.576882e-01 2.305304e-05
      outer loop
         vertex 1.642612e+02 2.886486e+01 4.377726e+01
         vertex 1.636237e+02 2.848250e+01 5.094837e+01
         vertex 1.641810e+02 2.881640e+01 5.815865e+01
      endloop
   endfacet
   facet normal -5.213721e-01 8.533295e-01 -3.179192e-05
      outer loop
         vertex 1.642612e+02 2.886486e+01 4.377726e+01
         vertex 1.641810e+02 2.881640e+01 5.815865e+01
         vertex 1.650040e+02 2.931873e+01 4.419549e+01
      endloop
   endfacet
   facet normal -5.269706e-01 8.498833e-01 -4.857534e-04
      outer loop
         vertex 1.650040e+02 2.931873e+01 4.419549e+01
         vertex 1.641810e+02 2.881640e+01 5.815865e+01
         vertex 1.654051e+02 2.956756e+01 4.446831e+01
      endloop
   endfacet
   facet normal -5.146879e-01 8.573776e-01 7.745750e-05
      outer loop
         vertex 1.636237e+02 2.848250e+01 5.094837e+01
         vertex 1.636154e+02 2.847751e+01 5.118022e+01
         vertex 1.641810e+02 2.881640e+01 5.815865e+01
      endloop
   endfacet
   facet normal -5.151159e-01 8.571205e-01 1.246295e-04
      outer loop
         vertex 1.641810e+02 2.881640e+01 5.815865e+01
         vertex 1.636154e+02 2.847751e+01 5.118022e+01
         vertex 1.635392e+02 2.843160e+01 5.168490e+01
      endloop
   endfacet
   facet normal -5.110839e-01 8.595308e-01 -4.184035e-04
      outer loop
         vertex 1.641810e+02 2.881640e+01 5.815865e+01
         vertex 1.635392e+02 2.843160e+01 5.168490e+01
         vertex 1.634275e+02 2.836536e+01 5.206069e+01
      endloop
   endfacet
   facet normal -5.089119e-01 8.608182e-01 -7.820360e-04
      outer loop
         vertex 1.634275e+02 2.836536e+01 5.206069e+01
         vertex 1.633789e+02 2.833674e+01 5.218599e+01
         vertex 1.641810e+02 2.881640e+01 5.815865e+01
      endloop
   endfacet
   facet normal -5.071006e-01 8.618862e-01 -1.111076e-03
      outer loop
         vertex 1.641810e+02 2.881640e+01 5.815865e+01
         vertex 1.633789e+02 2.833674e+01 5.218599e+01
         vertex 1.631633e+02 2.821046e+01 5.261598e+01
      endloop
   endfacet
   facet normal -5.068798e-01 8.620160e-01 -1.165806e-03
      outer loop
         vertex 1.641810e+02 2.881640e+01 5.815865e+01
         vertex 1.631633e+02 2.821046e+01 5.261598e+01
         vertex 1.628730e+02 2.804035e+01 5.302587e+01
      endloop
   endfacet
   facet normal -5.036115e-01 8.639272e-01 -2.287638e-03
      outer loop
         vertex 1.628730e+02 2.804035e+01 5.302587e+01
         vertex 1.625166e+02 2.783352e+01 5.339189e+01
         vertex 1.641810e+02 2.881640e+01 5.815865e+01
      endloop
   endfacet
   facet normal -4.994171e-01 8.663512e-01 -4.252027e-03
      outer loop
         vertex 1.641810e+02 2.881640e+01 5.815865e+01
         vertex 1.625166e+02 2.783352e+01 5.339189e+01
         vertex 1.620842e+02 2.758587e+01 5.371184e+01
      endloop
   endfacet
   facet normal -4.973631e-01 8.675247e-01 -5.545285e-03
      outer loop
         vertex 1.641810e+02 2.881640e+01 5.815865e+01
         vertex 1.620842e+02 2.758587e+01 5.371184e+01
         vertex 1.618017e+02 2.742536e+01 5.393978e+01
      endloop
   endfacet
   facet normal -4.971610e-01 8.676396e-01 -5.697118e-03
      outer loop
         vertex 1.618017e+02 2.742536e+01 5.393978e+01
         vertex 1.615816e+02 2.730117e+01 5.423258e+01
         vertex 1.641810e+02 2.881640e+01 5.815865e+01
      endloop
   endfacet
   facet normal -4.980476e-01 8.671358e-01 -4.915693e-03
      outer loop
         vertex 1.641810e+02 2.881640e+01 5.815865e+01
         vertex 1.615816e+02 2.730117e+01 5.423258e+01
         vertex 1.614350e+02 2.721882e+01 5.456685e+01
      endloop
   endfacet
   facet normal -5.002519e-01 8.658758e-01 -2.670003e-03
      outer loop
         vertex 1.641810e+02 2.881640e+01 5.815865e+01
         vertex 1.614350e+02 2.721882e+01 5.456685e+01
         vertex 1.613757e+02 2.718565e+01 5.490922e+01
      endloop
   endfacet
   facet normal -4.998027e-01 8.661393e-01 -1.203783e-04
      outer loop
         vertex 1.623382e+02 2.773124e+01 5.848408e+01
         vertex 1.626937e+02 2.793639e+01 5.857118e+01
         vertex 1.623763e+02 2.775313e+01 5.778629e+01
      endloop
   endfacet
   facet normal -5.034005e-01 8.640513e-01 1.821982e-03
      outer loop
         vertex 1.623763e+02 2.775313e+01 5.778629e+01
         vertex 1.626937e+02 2.793639e+01 5.857118e+01
         vertex 1.630404e+02 2.813837e+01 5.857125e+01
      endloop
   endfacet
   facet normal -5.060170e-01 8.625102e-01 4.791875e-03
      outer loop
         vertex 1.623763e+02 2.775313e+01 5.778629e+01
         vertex 1.630404e+02 2.813837e+01 5.857125e+01
         vertex 1.633722e+02 2.833347e+01 5.849366e+01
      endloop
   endfacet
   facet normal -4.942400e-01 8.693206e-01 2.916436e-03
      outer loop
         vertex 1.615405e+02 2.727803e+01 5.775224e+01
         vertex 1.617484e+02 2.739519e+01 5.806244e+01
         vertex 1.623763e+02 2.775313e+01 5.778629e+01
      endloop
   endfacet
   facet normal -4.946218e-01 8.691065e-01 1.770486e-03
      outer loop
         vertex 1.623763e+02 2.775313e+01 5.778629e+01
         vertex 1.617484e+02 2.739519e+01 5.806244e+01
         vertex 1.620188e+02 2.754860e+01 5.831047e+01
      endloop
   endfacet
   facet normal -4.964431e-01 8.680693e-01 1.236215e-04
      outer loop
         vertex 1.623763e+02 2.775313e+01 5.778629e+01
         vertex 1.620188e+02 2.754860e+01 5.831047e+01
         vertex 1.623382e+02 2.773124e+01 5.848408e+01
      endloop
   endfacet
   facet normal -5.021538e-01 8.647782e-01 -4.772457e-04
      outer loop
         vertex 1.613757e+02 2.718565e+01 5.490922e+01
         vertex 1.613737e+02 2.718452e+01 5.498728e+01
         vertex 1.641810e+02 2.881640e+01 5.815865e+01
      endloop
   endfacet
   facet normal -5.025569e-01 8.645442e-01 0.000000e+00
      outer loop
         vertex 1.641810e+02 2.881640e+01 5.815865e+01
         vertex 1.613737e+02 2.718452e+01 5.498728e+01
         vertex 1.613737e+02 2.718452e+01 5.707893e+01
      endloop
   endfacet
   facet normal -5.130504e-01 8.575215e-01 3.789735e-02
      outer loop
         vertex 1.641810e+02 2.881640e+01 5.815865e+01
         vertex 1.613737e+02 2.718452e+01 5.707893e+01
         vertex 1.623763e+02 2.775313e+01 5.778629e+01
      endloop
   endfacet
   facet normal -4.937600e-01 8.695978e-01 8.475106e-04
      outer loop
         vertex 1.623763e+02 2.775313e+01 5.778629e+01
         vertex 1.613737e+02 2.718452e+01 5.707893e+01
         vertex 1.614150e+02 2.720764e+01 5.742113e+01
      endloop
   endfacet
   facet normal -4.942270e-01 8.693293e-01 2.478089e-03
      outer loop
         vertex 1.623763e+02 2.775313e+01 5.778629e+01
         vertex 1.614150e+02 2.720764e+01 5.742113e+01
         vertex 1.615405e+02 2.727803e+01 5.775224e+01
      endloop
   endfacet
   facet normal -2.068203e-01 0.000000e+00 9.783789e-01
      outer loop
         vertex 1.566184e+02 2.774575e+01 4.174882e+01
         vertex 1.581970e+02 2.852660e+01 4.208252e+01
         vertex 1.581970e+02 3.079778e+01 4.208252e+01
      endloop
   endfacet
   facet normal -2.434074e-01 0.000000e+00 9.699241e-01
      outer loop
         vertex 1.628471e+02 3.079778e+01 4.323817e+01
         vertex 1.628471e+02 3.599778e+01 4.323817e+01
         vertex 1.586031e+02 3.079778e+01 4.217311e+01
      endloop
   endfacet
   facet normal -2.434074e-01 0.000000e+00 9.699241e-01
      outer loop
         vertex 1.586031e+02 3.079778e+01 4.217311e+01
         vertex 1.628471e+02 3.599778e+01 4.323817e+01
         vertex 1.586031e+02 3.599778e+01 4.217311e+01
      endloop
   endfacet
   facet normal -2.177388e-01 0.000000e+00 9.760071e-01
      outer loop
         vertex 1.586031e+02 3.079778e+01 4.217311e+01
         vertex 1.586031e+02 3.599778e+01 4.217311e+01
         vertex 1.581970e+02 3.079778e+01 4.208252e+01
      endloop
   endfacet
   facet normal -1.926804e-01 -2.048402e-03 9.812594e-01
      outer loop
         vertex 1.581970e+02 3.079778e+01 4.208252e+01
         vertex 1.586031e+02 3.599778e+01 4.217311e+01
         vertex 1.536317e+02 3.599778e+01 4.119693e+01
      endloop
   endfacet
   facet normal -1.965244e-01 -5.555355e-03 9.804832e-01
      outer loop
         vertex 1.581970e+02 3.079778e+01 4.208252e+01
         vertex 1.536317e+02 3.599778e+01 4.119693e+01
         vertex 1.566184e+02 2.774575e+01 4.174882e+01
      endloop
   endfacet
   facet normal -1.843500e-01 -9.899820e-04 9.828602e-01
      outer loop
         vertex 1.566184e+02 2.774575e+01 4.174882e+01
         vertex 1.536317e+02 3.599778e+01 4.119693e+01
         vertex 1.541947e+02 2.661317e+01 4.129309e+01
      endloop
   endfacet
   facet normal -1.582953e-01 6.196894e-04 9.873916e-01
      outer loop
         vertex 1.541947e+02 2.661317e+01 4.129309e+01
         vertex 1.536317e+02 3.599778e+01 4.119693e+01
         vertex 1.517570e+02 2.555225e+01 4.090295e+01
      endloop
   endfacet
   facet normal -1.414329e-01 -2.478444e-03 9.899447e-01
      outer loop
         vertex 1.517570e+02 2.555225e+01 4.090295e+01
         vertex 1.536317e+02 3.599778e+01 4.119693e+01
         vertex 1.493000e+02 3.599778e+01 4.057807e+01
      endloop
   endfacet
   facet normal -1.310847e-01 0.000000e+00 9.913712e-01
      outer loop
         vertex 1.517570e+02 2.555225e+01 4.090295e+01
         vertex 1.493000e+02 3.599778e+01 4.057807e+01
         vertex 1.493000e+02 2.455946e+01 4.057807e+01
      endloop
   endfacet
   facet normal -4.437979e-01 8.961196e-01 3.609896e-03
      outer loop
         vertex 1.571269e+02 2.494366e+01 5.080443e+01
         vertex 1.571908e+02 2.497735e+01 5.029162e+01
         vertex 1.550975e+02 2.396490e+01 4.427460e+01
      endloop
   endfacet
   facet normal -4.571944e-01 8.893668e-01 0.000000e+00
      outer loop
         vertex 1.573088e+02 2.503450e+01 5.721833e+01
         vertex 1.593737e+02 2.609600e+01 5.679106e+01
         vertex 1.593737e+02 2.609600e+01 5.498728e+01
      endloop
   endfacet
   facet normal -4.583970e-01 8.887464e-01 -1.408127e-03
      outer loop
         vertex 1.593737e+02 2.609600e+01 5.498728e+01
         vertex 1.593320e+02 2.607391e+01 5.463903e+01
         vertex 1.573088e+02 2.503450e+01 5.721833e+01
      endloop
   endfacet
   facet normal -4.601805e-01 8.878197e-01 -3.180605e-03
      outer loop
         vertex 1.573088e+02 2.503450e+01 5.721833e+01
         vertex 1.593320e+02 2.607391e+01 5.463903e+01
         vertex 1.592055e+02 2.600719e+01 5.430516e+01
      endloop
   endfacet
   facet normal -4.607756e-01 8.875091e-01 -3.671758e-03
      outer loop
         vertex 1.573088e+02 2.503450e+01 5.721833e+01
         vertex 1.592055e+02 2.600719e+01 5.430516e+01
         vertex 1.589971e+02 2.589767e+01 5.399609e+01
      endloop
   endfacet
   facet normal -4.602656e-01 8.877750e-01 -3.333285e-03
      outer loop
         vertex 1.589971e+02 2.589767e+01 5.399609e+01
         vertex 1.587283e+02 2.575742e+01 5.375454e+01
         vertex 1.573088e+02 2.503450e+01 5.721833e+01
      endloop
   endfacet
   facet normal -4.594168e-01 8.882161e-01 -2.893369e-03
      outer loop
         vertex 1.573088e+02 2.503450e+01 5.721833e+01
         vertex 1.587283e+02 2.575742e+01 5.375454e+01
         vertex 1.586632e+02 2.572361e+01 5.371184e+01
      endloop
   endfacet
   facet normal -4.340178e-01 9.008552e-01 9.400947e-03
      outer loop
         vertex 1.573088e+02 2.503450e+01 5.721833e+01
         vertex 1.586632e+02 2.572361e+01 5.371184e+01
         vertex 1.550975e+02 2.396490e+01 5.762221e+01
      endloop
   endfacet
   facet normal -4.524634e-01 8.917084e-01 -1.153269e-02
      outer loop
         vertex 1.550975e+02 2.396490e+01 5.762221e+01
         vertex 1.586632e+02 2.572361e+01 5.371184e+01
         vertex 1.584763e+02 2.562719e+01 5.358705e+01
      endloop
   endfacet
   facet normal -4.483128e-01 8.938479e-01 -7.175845e-03
      outer loop
         vertex 1.550975e+02 2.396490e+01 5.762221e+01
         vertex 1.584763e+02 2.562719e+01 5.358705e+01
         vertex 1.580584e+02 2.541472e+01 5.322919e+01
      endloop
   endfacet
   facet normal -4.454066e-01 8.953159e-01 -4.732490e-03
      outer loop
         vertex 1.580584e+02 2.541472e+01 5.322919e+01
         vertex 1.578849e+02 2.532738e+01 5.303845e+01
         vertex 1.550975e+02 2.396490e+01 5.762221e+01
      endloop
   endfacet
   facet normal -4.444212e-01 8.958091e-01 -3.986741e-03
      outer loop
         vertex 1.550975e+02 2.396490e+01 5.762221e+01
         vertex 1.578849e+02 2.532738e+01 5.303845e+01
         vertex 1.577136e+02 2.524138e+01 5.281550e+01
      endloop
   endfacet
   facet normal -4.440054e-01 8.960164e-01 -3.705360e-03
      outer loop
         vertex 1.550975e+02 2.396490e+01 5.762221e+01
         vertex 1.577136e+02 2.524138e+01 5.281550e+01
         vertex 1.574392e+02 2.510350e+01 5.234530e+01
      endloop
   endfacet
   facet normal -4.443723e-01 8.958337e-01 -3.907579e-03
      outer loop
         vertex 1.574392e+02 2.510350e+01 5.234530e+01
         vertex 1.573200e+02 2.504312e+01 5.206080e+01
         vertex 1.550975e+02 2.396490e+01 5.762221e+01
      endloop
   endfacet
   facet normal -4.447509e-01 8.956450e-01 -4.095478e-03
      outer loop
         vertex 1.550975e+02 2.396490e+01 5.762221e+01
         vertex 1.573200e+02 2.504312e+01 5.206080e+01
         vertex 1.572483e+02 2.500649e+01 5.183958e+01
      endloop
   endfacet
   facet normal -4.443256e-01 8.958569e-01 -3.899132e-03
      outer loop
         vertex 1.550975e+02 2.396490e+01 5.762221e+01
         vertex 1.572483e+02 2.500649e+01 5.183958e+01
         vertex 1.571453e+02 2.495314e+01 5.132199e+01
      endloop
   endfacet
   facet normal -4.383425e-01 8.988067e-01 1.511621e-03
      outer loop
         vertex 1.571269e+02 2.494366e+01 5.080443e+01
         vertex 1.550975e+02 2.396490e+01 4.427460e+01
         vertex 1.571237e+02 2.494186e+01 5.094849e+01
      endloop
   endfacet
   facet normal -4.449781e-01 8.955320e-01 4.119382e-03
      outer loop
         vertex 1.571908e+02 2.497735e+01 5.029162e+01
         vertex 1.573198e+02 2.504356e+01 4.983662e+01
         vertex 1.550975e+02 2.396490e+01 4.427460e+01
      endloop
   endfacet
   facet normal -4.445479e-01 8.957466e-01 3.905856e-03
      outer loop
         vertex 1.550975e+02 2.396490e+01 4.427460e+01
         vertex 1.573198e+02 2.504356e+01 4.983662e+01
         vertex 1.573366e+02 2.505208e+01 4.979158e+01
      endloop
   endfacet
   facet normal -4.440363e-01 8.960013e-01 3.648042e-03
      outer loop
         vertex 1.550975e+02 2.396490e+01 4.427460e+01
         vertex 1.573366e+02 2.505208e+01 4.979158e+01
         vertex 1.575608e+02 2.516511e+01 4.932057e+01
      endloop
   endfacet
   facet normal -4.571944e-01 8.893668e-01 0.000000e+00
      outer loop
         vertex 1.593737e+02 2.609600e+01 4.690953e+01
         vertex 1.593737e+02 2.609600e+01 4.510574e+01
         vertex 1.573088e+02 2.503450e+01 4.467848e+01
      endloop
   endfacet
   facet normal -4.607711e-01 8.875115e-01 3.664961e-03
      outer loop
         vertex 1.589478e+02 2.587190e+01 4.795510e+01
         vertex 1.591685e+02 2.598768e+01 4.766018e+01
         vertex 1.573088e+02 2.503450e+01 4.467848e+01
      endloop
   endfacet
   facet normal -4.439650e-01 8.960369e-01 3.604755e-03
      outer loop
         vertex 1.575608e+02 2.516511e+01 4.932057e+01
         vertex 1.578612e+02 2.531572e+01 4.888687e+01
         vertex 1.550975e+02 2.396490e+01 4.427460e+01
      endloop
   endfacet
   facet normal -4.458829e-01 8.950772e-01 5.035072e-03
      outer loop
         vertex 1.550975e+02 2.396490e+01 4.427460e+01
         vertex 1.578612e+02 2.531572e+01 4.888687e+01
         vertex 1.582300e+02 2.550156e+01 4.850569e+01
      endloop
   endfacet
   facet normal -4.346397e-01 9.005889e-01 -5.290627e-03
      outer loop
         vertex 1.550975e+02 2.396490e+01 4.427460e+01
         vertex 1.582300e+02 2.550156e+01 4.850569e+01
         vertex 1.573088e+02 2.503450e+01 4.467848e+01
      endloop
   endfacet
   facet normal -4.555549e-01 8.902071e-01 1.010425e-03
      outer loop
         vertex 1.573088e+02 2.503450e+01 4.467848e+01
         vertex 1.582300e+02 2.550156e+01 4.850569e+01
         vertex 1.586632e+02 2.572361e+01 4.818496e+01
      endloop
   endfacet
   facet normal -4.600111e-01 8.879075e-01 3.183596e-03
      outer loop
         vertex 1.573088e+02 2.503450e+01 4.467848e+01
         vertex 1.586632e+02 2.572361e+01 4.818496e+01
         vertex 1.589478e+02 2.587190e+01 4.795510e+01
      endloop
   endfacet
   facet normal -4.603941e-01 8.877082e-01 3.366937e-03
      outer loop
         vertex 1.591685e+02 2.598768e+01 4.766018e+01
         vertex 1.593145e+02 2.606467e+01 4.732352e+01
         vertex 1.573088e+02 2.503450e+01 4.467848e+01
      endloop
   endfacet
   facet normal -4.588196e-01 8.885275e-01 1.853903e-03
      outer loop
         vertex 1.573088e+02 2.503450e+01 4.467848e+01
         vertex 1.593145e+02 2.606467e+01 4.732352e+01
         vertex 1.593722e+02 2.609518e+01 4.697832e+01
      endloop
   endfacet
   facet normal -4.574403e-01 8.892403e-01 2.876857e-04
      outer loop
         vertex 1.573088e+02 2.503450e+01 4.467848e+01
         vertex 1.593722e+02 2.609518e+01 4.697832e+01
         vertex 1.593737e+02 2.609600e+01 4.690953e+01
      endloop
   endfacet
   facet normal -4.390944e-01 8.984392e-01 -1.793743e-03
      outer loop
         vertex 1.571453e+02 2.495314e+01 5.132199e+01
         vertex 1.571237e+02 2.494186e+01 5.094849e+01
         vertex 1.550975e+02 2.396490e+01 5.762221e+01
      endloop
   endfacet
   facet normal -4.343076e-01 9.007646e-01 0.000000e+00
      outer loop
         vertex 1.550975e+02 2.396490e+01 5.762221e+01
         vertex 1.571237e+02 2.494186e+01 5.094849e+01
         vertex 1.550975e+02 2.396490e+01 4.427460e+01
      endloop
   endfacet
   facet normal -4.129403e-01 9.107581e-01 0.000000e+00
      outer loop
         vertex 1.550975e+02 2.396490e+01 5.762221e+01
         vertex 1.550975e+02 2.396490e+01 4.427460e+01
         vertex 1.528492e+02 2.294551e+01 5.797722e+01
      endloop
   endfacet
   facet normal -4.129403e-01 9.107581e-01 0.000000e+00
      outer loop
         vertex 1.528492e+02 2.294551e+01 5.797722e+01
         vertex 1.550975e+02 2.396490e+01 4.427460e+01
         vertex 1.528492e+02 2.294551e+01 4.391959e+01
      endloop
   endfacet
   facet normal -3.900505e-01 9.207935e-01 0.000000e+00
      outer loop
         vertex 1.528492e+02 2.294551e+01 5.797722e+01
         vertex 1.528492e+02 2.294551e+01 4.391959e+01
         vertex 1.505717e+02 2.198078e+01 5.828017e+01
      endloop
   endfacet
   facet normal -3.900505e-01 9.207935e-01 0.000000e+00
      outer loop
         vertex 1.505717e+02 2.198078e+01 5.828017e+01
         vertex 1.528492e+02 2.294551e+01 4.391959e+01
         vertex 1.505717e+02 2.198078e+01 4.361664e+01
      endloop
   endfacet
   facet normal -3.666422e-01 9.303620e-01 0.000000e+00
      outer loop
         vertex 1.505717e+02 2.198078e+01 5.828017e+01
         vertex 1.505717e+02 2.198078e+01 4.361664e+01
         vertex 1.482717e+02 2.107438e+01 5.852824e+01
      endloop
   endfacet
   facet normal -3.666422e-01 9.303620e-01 0.000000e+00
      outer loop
         vertex 1.482717e+02 2.107438e+01 5.852824e+01
         vertex 1.505717e+02 2.198078e+01 4.361664e+01
         vertex 1.482717e+02 2.107438e+01 4.336857e+01
      endloop
   endfacet
   facet normal -3.429772e-01 9.393437e-01 0.000000e+00
      outer loop
         vertex 1.482717e+02 2.107438e+01 5.852824e+01
         vertex 1.482717e+02 2.107438e+01 4.336857e+01
         vertex 1.459509e+02 2.022699e+01 5.872002e+01
      endloop
   endfacet
   facet normal -3.429772e-01 9.393437e-01 0.000000e+00
      outer loop
         vertex 1.459509e+02 2.022699e+01 5.872002e+01
         vertex 1.482717e+02 2.107438e+01 4.336857e+01
         vertex 1.459509e+02 2.022699e+01 4.317679e+01
      endloop
   endfacet
   facet normal -2.958110e-01 9.552465e-01 -2.145710e-04
      outer loop
         vertex 1.436097e+02 1.943854e+01 4.304237e+01
         vertex 1.413612e+02 1.874223e+01 4.296862e+01
         vertex 1.413591e+02 1.874159e+01 4.309085e+01
      endloop
   endfacet
   facet normal -2.958110e-01 9.552465e-01 2.145710e-04
      outer loop
         vertex 1.413612e+02 1.874223e+01 5.892819e+01
         vertex 1.436097e+02 1.943854e+01 5.885444e+01
         vertex 1.413591e+02 1.874159e+01 5.880596e+01
      endloop
   endfacet
   facet normal -2.872350e-01 9.059271e-01 3.111143e-01
      outer loop
         vertex 1.413591e+02 1.874159e+01 5.880596e+01
         vertex 1.436097e+02 1.943854e+01 5.885444e+01
         vertex 1.459509e+02 2.022699e+01 5.872002e+01
      endloop
   endfacet
   facet normal -3.077864e-01 9.514555e-01 0.000000e+00
      outer loop
         vertex 1.413591e+02 1.874159e+01 5.880596e+01
         vertex 1.459509e+02 2.022699e+01 5.872002e+01
         vertex 1.413591e+02 1.874159e+01 4.309085e+01
      endloop
   endfacet
   facet normal -3.077864e-01 9.514555e-01 0.000000e+00
      outer loop
         vertex 1.413591e+02 1.874159e+01 4.309085e+01
         vertex 1.459509e+02 2.022699e+01 5.872002e+01
         vertex 1.459509e+02 2.022699e+01 4.317679e+01
      endloop
   endfacet
   facet normal -2.872348e-01 9.059267e-01 -3.111158e-01
      outer loop
         vertex 1.413591e+02 1.874159e+01 4.309085e+01
         vertex 1.459509e+02 2.022699e+01 4.317679e+01
         vertex 1.436097e+02 1.943854e+01 4.304237e+01
      endloop
   endfacet
endsolid TRY2_ASS - Distal_Shell-1