solid TRY2_ASS - CAMERA MOUNT_V2-2
   facet normal -0.000000e+00 1.000000e+00 0.000000e+00
      outer loop
         vertex 4.183692e+01 7.739507e+01 1.336961e+02
         vertex 4.045621e+01 7.739507e+01 1.331382e+02
         vertex 3.979690e+01 7.739507e+01 1.347701e+02
      endloop
   endfacet
   facet normal -0.000000e+00 1.000000e+00 0.000000e+00
      outer loop
         vertex 6.000493e+01 7.739507e+01 1.422962e+02
         vertex 6.529446e+01 7.739507e+01 1.381636e+02
         vertex 5.173143e+01 7.739507e+01 1.381984e+02
      endloop
   endfacet
   facet normal 0.000000e+00 1.000000e+00 0.000000e+00
      outer loop
         vertex 3.928934e+01 7.739507e+01 1.389038e+02
         vertex 3.953429e+01 7.739507e+01 1.406467e+02
         vertex 4.076399e+01 7.739507e+01 1.386965e+02
      endloop
   endfacet
   facet normal -0.000000e+00 1.000000e+00 0.000000e+00
      outer loop
         vertex 4.076399e+01 7.739507e+01 1.386965e+02
         vertex 3.953429e+01 7.739507e+01 1.406467e+02
         vertex 4.100894e+01 7.739507e+01 1.404394e+02
      endloop
   endfacet
   facet normal 0.000000e+00 1.000000e+00 0.000000e+00
      outer loop
         vertex 4.076399e+01 7.739507e+01 1.386965e+02
         vertex 4.100894e+01 7.739507e+01 1.404394e+02
         vertex 5.034407e+01 7.739507e+01 1.480742e+02
      endloop
   endfacet
   facet normal -0.000000e+00 1.000000e+00 0.000000e+00
      outer loop
         vertex 4.192046e+01 7.739507e+01 1.428603e+02
         vertex 4.342914e+01 7.739507e+01 1.449616e+02
         vertex 4.543156e+01 7.739507e+01 1.465993e+02
      endloop
   endfacet
   facet normal -0.000000e+00 1.000000e+00 0.000000e+00
      outer loop
         vertex 4.117761e+01 7.739507e+01 1.353279e+02
         vertex 4.892303e+01 7.739507e+01 1.281120e+02
         vertex 4.766241e+01 7.739507e+01 1.287751e+02
      endloop
   endfacet
   facet normal 0.000000e+00 1.000000e+00 -0.000000e+00
      outer loop
         vertex 4.192046e+01 7.739507e+01 1.428603e+02
         vertex 4.543156e+01 7.739507e+01 1.465993e+02
         vertex 4.100894e+01 7.739507e+01 1.404394e+02
      endloop
   endfacet
   facet normal -0.000000e+00 1.000000e+00 0.000000e+00
      outer loop
         vertex 4.100894e+01 7.739507e+01 1.404394e+02
         vertex 4.543156e+01 7.739507e+01 1.465993e+02
         vertex 4.779043e+01 7.739507e+01 1.476611e+02
      endloop
   endfacet
   facet normal -0.000000e+00 1.000000e+00 0.000000e+00
      outer loop
         vertex 4.100894e+01 7.739507e+01 1.404394e+02
         vertex 4.779043e+01 7.739507e+01 1.476611e+02
         vertex 5.034407e+01 7.739507e+01 1.480742e+02
      endloop
   endfacet
   facet normal -0.000000e+00 1.000000e+00 0.000000e+00
      outer loop
         vertex 3.979690e+01 7.739507e+01 1.347701e+02
         vertex 4.117761e+01 7.739507e+01 1.353279e+02
         vertex 4.183692e+01 7.739507e+01 1.336961e+02
      endloop
   endfacet
   facet normal 0.000000e+00 1.000000e+00 0.000000e+00
      outer loop
         vertex 4.183692e+01 7.739507e+01 1.336961e+02
         vertex 4.117761e+01 7.739507e+01 1.353279e+02
         vertex 4.766241e+01 7.739507e+01 1.287751e+02
      endloop
   endfacet
   facet normal -0.000000e+00 1.000000e+00 0.000000e+00
      outer loop
         vertex 4.183692e+01 7.739507e+01 1.336961e+02
         vertex 4.766241e+01 7.739507e+01 1.287751e+02
         vertex 4.331738e+01 7.739507e+01 1.315562e+02
      endloop
   endfacet
   facet normal -0.000000e+00 1.000000e+00 0.000000e+00
      outer loop
         vertex 4.331738e+01 7.739507e+01 1.315562e+02
         vertex 4.766241e+01 7.739507e+01 1.287751e+02
         vertex 4.530517e+01 7.739507e+01 1.298770e+02
      endloop
   endfacet
   facet normal -0.000000e+00 1.000000e+00 0.000000e+00
      outer loop
         vertex 6.000493e+01 7.739507e+01 1.422962e+02
         vertex 5.173143e+01 7.739507e+01 1.381984e+02
         vertex 5.905659e+01 7.739507e+01 1.433589e+02
      endloop
   endfacet
   facet normal -0.000000e+00 1.000000e+00 0.000000e+00
      outer loop
         vertex 5.905659e+01 7.739507e+01 1.433589e+02
         vertex 5.173143e+01 7.739507e+01 1.381984e+02
         vertex 5.158406e+01 7.739507e+01 1.387484e+02
      endloop
   endfacet
   facet normal -0.000000e+00 1.000000e+00 0.000000e+00
      outer loop
         vertex 5.905659e+01 7.739507e+01 1.433589e+02
         vertex 5.158406e+01 7.739507e+01 1.387484e+02
         vertex 5.742827e+01 7.739507e+01 1.453690e+02
      endloop
   endfacet
   facet normal -0.000000e+00 1.000000e+00 0.000000e+00
      outer loop
         vertex 5.742827e+01 7.739507e+01 1.453690e+02
         vertex 5.158406e+01 7.739507e+01 1.387484e+02
         vertex 5.118143e+01 7.739507e+01 1.391510e+02
      endloop
   endfacet
   facet normal -0.000000e+00 1.000000e+00 0.000000e+00
      outer loop
         vertex 5.742827e+01 7.739507e+01 1.453690e+02
         vertex 5.118143e+01 7.739507e+01 1.391510e+02
         vertex 5.533402e+01 7.739507e+01 1.468875e+02
      endloop
   endfacet
   facet normal 0.000000e+00 1.000000e+00 -0.000000e+00
      outer loop
         vertex 4.076399e+01 7.739507e+01 1.386965e+02
         vertex 4.953143e+01 7.739507e+01 1.381984e+02
         vertex 4.082507e+01 7.739507e+01 1.369943e+02
      endloop
   endfacet
   facet normal -0.000000e+00 1.000000e+00 0.000000e+00
      outer loop
         vertex 4.082507e+01 7.739507e+01 1.369943e+02
         vertex 4.953143e+01 7.739507e+01 1.381984e+02
         vertex 4.967880e+01 7.739507e+01 1.376484e+02
      endloop
   endfacet
   facet normal 0.000000e+00 1.000000e+00 -0.000000e+00
      outer loop
         vertex 4.082507e+01 7.739507e+01 1.369943e+02
         vertex 4.967880e+01 7.739507e+01 1.376484e+02
         vertex 4.117761e+01 7.739507e+01 1.353279e+02
      endloop
   endfacet
   facet normal 0.000000e+00 1.000000e+00 0.000000e+00
      outer loop
         vertex 4.892303e+01 7.739507e+01 1.281120e+02
         vertex 4.117761e+01 7.739507e+01 1.353279e+02
         vertex 5.421255e+01 7.739507e+01 1.239794e+02
      endloop
   endfacet
   facet normal -0.000000e+00 1.000000e+00 0.000000e+00
      outer loop
         vertex 5.421255e+01 7.739507e+01 1.239794e+02
         vertex 4.117761e+01 7.739507e+01 1.353279e+02
         vertex 4.967880e+01 7.739507e+01 1.376484e+02
      endloop
   endfacet
   facet normal -0.000000e+00 1.000000e+00 0.000000e+00
      outer loop
         vertex 5.421255e+01 7.739507e+01 1.239794e+02
         vertex 4.967880e+01 7.739507e+01 1.376484e+02
         vertex 5.008143e+01 7.739507e+01 1.372458e+02
      endloop
   endfacet
   facet normal 0.000000e+00 1.000000e+00 -0.000000e+00
      outer loop
         vertex 5.008143e+01 7.739507e+01 1.372458e+02
         vertex 5.063143e+01 7.739507e+01 1.370984e+02
         vertex 5.421255e+01 7.739507e+01 1.239794e+02
      endloop
   endfacet
   facet normal -0.000000e+00 1.000000e+00 0.000000e+00
      outer loop
         vertex 5.421255e+01 7.739507e+01 1.239794e+02
         vertex 5.063143e+01 7.739507e+01 1.370984e+02
         vertex 5.118143e+01 7.739507e+01 1.372458e+02
      endloop
   endfacet
   facet normal 0.000000e+00 1.000000e+00 0.000000e+00
      outer loop
         vertex 5.421255e+01 7.739507e+01 1.239794e+02
         vertex 5.118143e+01 7.739507e+01 1.372458e+02
         vertex 6.529446e+01 7.739507e+01 1.381636e+02
      endloop
   endfacet
   facet normal -0.000000e+00 1.000000e+00 0.000000e+00
      outer loop
         vertex 6.529446e+01 7.739507e+01 1.381636e+02
         vertex 5.118143e+01 7.739507e+01 1.372458e+02
         vertex 5.158406e+01 7.739507e+01 1.376484e+02
      endloop
   endfacet
   facet normal -0.000000e+00 1.000000e+00 0.000000e+00
      outer loop
         vertex 6.529446e+01 7.739507e+01 1.381636e+02
         vertex 5.158406e+01 7.739507e+01 1.376484e+02
         vertex 5.173143e+01 7.739507e+01 1.381984e+02
      endloop
   endfacet
   facet normal -0.000000e+00 1.000000e+00 0.000000e+00
      outer loop
         vertex 5.533402e+01 7.739507e+01 1.468875e+02
         vertex 5.118143e+01 7.739507e+01 1.391510e+02
         vertex 5.291740e+01 7.739507e+01 1.478103e+02
      endloop
   endfacet
   facet normal -0.000000e+00 1.000000e+00 0.000000e+00
      outer loop
         vertex 5.291740e+01 7.739507e+01 1.478103e+02
         vertex 5.118143e+01 7.739507e+01 1.391510e+02
         vertex 5.063143e+01 7.739507e+01 1.392984e+02
      endloop
   endfacet
   facet normal -0.000000e+00 1.000000e+00 0.000000e+00
      outer loop
         vertex 5.291740e+01 7.739507e+01 1.478103e+02
         vertex 5.063143e+01 7.739507e+01 1.392984e+02
         vertex 5.034407e+01 7.739507e+01 1.480742e+02
      endloop
   endfacet
   facet normal -0.000000e+00 1.000000e+00 0.000000e+00
      outer loop
         vertex 5.034407e+01 7.739507e+01 1.480742e+02
         vertex 5.063143e+01 7.739507e+01 1.392984e+02
         vertex 5.008143e+01 7.739507e+01 1.391510e+02
      endloop
   endfacet
   facet normal -0.000000e+00 1.000000e+00 0.000000e+00
      outer loop
         vertex 5.034407e+01 7.739507e+01 1.480742e+02
         vertex 5.008143e+01 7.739507e+01 1.391510e+02
         vertex 4.076399e+01 7.739507e+01 1.386965e+02
      endloop
   endfacet
   facet normal -0.000000e+00 1.000000e+00 0.000000e+00
      outer loop
         vertex 4.076399e+01 7.739507e+01 1.386965e+02
         vertex 5.008143e+01 7.739507e+01 1.391510e+02
         vertex 4.967880e+01 7.739507e+01 1.387484e+02
      endloop
   endfacet
   facet normal -0.000000e+00 1.000000e+00 0.000000e+00
      outer loop
         vertex 4.076399e+01 7.739507e+01 1.386965e+02
         vertex 4.967880e+01 7.739507e+01 1.387484e+02
         vertex 4.953143e+01 7.739507e+01 1.381984e+02
      endloop
   endfacet
   facet normal -8.223724e-01 0.000000e+00 -5.689496e-01
      outer loop
         vertex 4.183692e+01 6.989507e+01 1.336961e+02
         vertex 4.183692e+01 7.739507e+01 1.336961e+02
         vertex 4.331738e+01 7.739507e+01 1.315562e+02
      endloop
   endfacet
   facet normal -8.223724e-01 0.000000e+00 -5.689496e-01
      outer loop
         vertex 4.183692e+01 6.989507e+01 1.336961e+02
         vertex 4.331738e+01 7.739507e+01 1.315562e+02
         vertex 4.331738e+01 6.989507e+01 1.315562e+02
      endloop
   endfacet
   facet normal -6.453113e-01 0.000000e+00 -7.639197e-01
      outer loop
         vertex 4.331738e+01 6.989507e+01 1.315562e+02
         vertex 4.331738e+01 7.739507e+01 1.315562e+02
         vertex 4.530517e+01 7.739507e+01 1.298770e+02
      endloop
   endfacet
   facet normal -6.453113e-01 0.000000e+00 -7.639197e-01
      outer loop
         vertex 4.331738e+01 6.989507e+01 1.315562e+02
         vertex 4.530517e+01 7.739507e+01 1.298770e+02
         vertex 4.530517e+01 6.989507e+01 1.298770e+02
      endloop
   endfacet
   facet normal -4.234892e-01 0.000000e+00 -9.059012e-01
      outer loop
         vertex 4.530517e+01 6.989507e+01 1.298770e+02
         vertex 4.530517e+01 7.739507e+01 1.298770e+02
         vertex 4.766241e+01 7.739507e+01 1.287751e+02
      endloop
   endfacet
   facet normal -4.234892e-01 0.000000e+00 -9.059012e-01
      outer loop
         vertex 4.530517e+01 6.989507e+01 1.298770e+02
         vertex 4.766241e+01 7.739507e+01 1.287751e+02
         vertex 4.766241e+01 6.989507e+01 1.287751e+02
      endloop
   endfacet
   facet normal 7.770316e-01 0.000000e+00 6.294616e-01
      outer loop
         vertex 5.905659e+01 6.989507e+01 1.433589e+02
         vertex 5.905659e+01 7.739507e+01 1.433589e+02
         vertex 5.742827e+01 7.739507e+01 1.453690e+02
      endloop
   endfacet
   facet normal 7.770316e-01 -0.000000e+00 6.294616e-01
      outer loop
         vertex 5.905659e+01 6.989507e+01 1.433589e+02
         vertex 5.742827e+01 7.739507e+01 1.453690e+02
         vertex 5.742827e+01 6.989507e+01 1.453690e+02
      endloop
   endfacet
   facet normal 5.870068e-01 0.000000e+00 8.095820e-01
      outer loop
         vertex 5.742827e+01 6.989507e+01 1.453690e+02
         vertex 5.742827e+01 7.739507e+01 1.453690e+02
         vertex 5.533402e+01 7.739507e+01 1.468875e+02
      endloop
   endfacet
   facet normal 5.870068e-01 -0.000000e+00 8.095820e-01
      outer loop
         vertex 5.742827e+01 6.989507e+01 1.453690e+02
         vertex 5.533402e+01 7.739507e+01 1.468875e+02
         vertex 5.533402e+01 6.989507e+01 1.468875e+02
      endloop
   endfacet
   facet normal 3.567441e-01 0.000000e+00 9.342021e-01
      outer loop
         vertex 5.533402e+01 6.989507e+01 1.468875e+02
         vertex 5.533402e+01 7.739507e+01 1.468875e+02
         vertex 5.291740e+01 7.739507e+01 1.478103e+02
      endloop
   endfacet
   facet normal 3.567441e-01 0.000000e+00 9.342021e-01
      outer loop
         vertex 5.533402e+01 6.989507e+01 1.468875e+02
         vertex 5.291740e+01 7.739507e+01 1.478103e+02
         vertex 5.291740e+01 6.989507e+01 1.478103e+02
      endloop
   endfacet
   facet normal 1.020196e-01 0.000000e+00 9.947824e-01
      outer loop
         vertex 5.291740e+01 6.989507e+01 1.478103e+02
         vertex 5.291740e+01 7.739507e+01 1.478103e+02
         vertex 5.034407e+01 7.739507e+01 1.480742e+02
      endloop
   endfacet
   facet normal 1.020196e-01 0.000000e+00 9.947824e-01
      outer loop
         vertex 5.291740e+01 6.989507e+01 1.478103e+02
         vertex 5.034407e+01 7.739507e+01 1.480742e+02
         vertex 5.034407e+01 6.989507e+01 1.480742e+02
      endloop
   endfacet
   facet normal -1.596912e-01 0.000000e+00 9.871670e-01
      outer loop
         vertex 5.034407e+01 6.989507e+01 1.480742e+02
         vertex 5.034407e+01 7.739507e+01 1.480742e+02
         vertex 4.779043e+01 7.739507e+01 1.476611e+02
      endloop
   endfacet
   facet normal -1.596912e-01 0.000000e+00 9.871670e-01
      outer loop
         vertex 5.034407e+01 6.989507e+01 1.480742e+02
         vertex 4.779043e+01 7.739507e+01 1.476611e+02
         vertex 4.779043e+01 6.989507e+01 1.476611e+02
      endloop
   endfacet
   facet normal -4.104592e-01 0.000000e+00 9.118790e-01
      outer loop
         vertex 4.779043e+01 6.989507e+01 1.476611e+02
         vertex 4.779043e+01 7.739507e+01 1.476611e+02
         vertex 4.543156e+01 7.739507e+01 1.465993e+02
      endloop
   endfacet
   facet normal -4.104592e-01 0.000000e+00 9.118790e-01
      outer loop
         vertex 4.779043e+01 6.989507e+01 1.476611e+02
         vertex 4.543156e+01 7.739507e+01 1.465993e+02
         vertex 4.543156e+01 6.989507e+01 1.465993e+02
      endloop
   endfacet
   facet normal -6.330882e-01 0.000000e+00 7.740797e-01
      outer loop
         vertex 4.543156e+01 6.989507e+01 1.465993e+02
         vertex 4.543156e+01 7.739507e+01 1.465993e+02
         vertex 4.342914e+01 7.739507e+01 1.449616e+02
      endloop
   endfacet
   facet normal -6.330882e-01 0.000000e+00 7.740797e-01
      outer loop
         vertex 4.543156e+01 6.989507e+01 1.465993e+02
         vertex 4.342914e+01 7.739507e+01 1.449616e+02
         vertex 4.342914e+01 6.989507e+01 1.449616e+02
      endloop
   endfacet
   facet normal -8.123176e-01 0.000000e+00 5.832154e-01
      outer loop
         vertex 4.342914e+01 6.989507e+01 1.449616e+02
         vertex 4.342914e+01 7.739507e+01 1.449616e+02
         vertex 4.192046e+01 7.739507e+01 1.428603e+02
      endloop
   endfacet
   facet normal -8.123176e-01 0.000000e+00 5.832154e-01
      outer loop
         vertex 4.342914e+01 6.989507e+01 1.449616e+02
         vertex 4.192046e+01 7.739507e+01 1.428603e+02
         vertex 4.192046e+01 6.989507e+01 1.428603e+02
      endloop
   endfacet
   facet normal -9.358605e-01 0.000000e+00 3.523707e-01
      outer loop
         vertex 4.192046e+01 6.989507e+01 1.428603e+02
         vertex 4.192046e+01 7.739507e+01 1.428603e+02
         vertex 4.100894e+01 7.739507e+01 1.404394e+02
      endloop
   endfacet
   facet normal -9.358605e-01 0.000000e+00 3.523707e-01
      outer loop
         vertex 4.192046e+01 6.989507e+01 1.428603e+02
         vertex 4.100894e+01 7.739507e+01 1.404394e+02
         vertex 4.100894e+01 6.989507e+01 1.404394e+02
      endloop
   endfacet
   facet normal 1.391746e-01 0.000000e+00 9.902679e-01
      outer loop
         vertex 4.100894e+01 6.989507e+01 1.404394e+02
         vertex 4.100894e+01 7.739507e+01 1.404394e+02
         vertex 3.953429e+01 6.989507e+01 1.406467e+02
      endloop
   endfacet
   facet normal 1.391746e-01 0.000000e+00 9.902679e-01
      outer loop
         vertex 3.953429e+01 6.989507e+01 1.406467e+02
         vertex 4.100894e+01 7.739507e+01 1.404394e+02
         vertex 3.953429e+01 7.739507e+01 1.406467e+02
      endloop
   endfacet
   facet normal -9.902679e-01 0.000000e+00 1.391744e-01
      outer loop
         vertex 3.953429e+01 6.989507e+01 1.406467e+02
         vertex 3.953429e+01 7.739507e+01 1.406467e+02
         vertex 3.928934e+01 6.989507e+01 1.389038e+02
      endloop
   endfacet
   facet normal -9.902679e-01 0.000000e+00 1.391744e-01
      outer loop
         vertex 3.928934e+01 6.989507e+01 1.389038e+02
         vertex 3.953429e+01 7.739507e+01 1.406467e+02
         vertex 3.928934e+01 7.739507e+01 1.389038e+02
      endloop
   endfacet
   facet normal -1.391723e-01 0.000000e+00 -9.902682e-01
      outer loop
         vertex 3.928934e+01 6.989507e+01 1.389038e+02
         vertex 3.928934e+01 7.739507e+01 1.389038e+02
         vertex 4.076399e+01 6.989507e+01 1.386965e+02
      endloop
   endfacet
   facet normal -1.391723e-01 0.000000e+00 -9.902682e-01
      outer loop
         vertex 4.076399e+01 6.989507e+01 1.386965e+02
         vertex 3.928934e+01 7.739507e+01 1.389038e+02
         vertex 4.076399e+01 7.739507e+01 1.386965e+02
      endloop
   endfacet
   facet normal -9.993568e-01 0.000000e+00 -3.585990e-02
      outer loop
         vertex 4.076399e+01 6.989507e+01 1.386965e+02
         vertex 4.076399e+01 7.739507e+01 1.386965e+02
         vertex 4.082507e+01 7.739507e+01 1.369943e+02
      endloop
   endfacet
   facet normal -9.993568e-01 0.000000e+00 -3.585990e-02
      outer loop
         vertex 4.076399e+01 6.989507e+01 1.386965e+02
         vertex 4.082507e+01 7.739507e+01 1.369943e+02
         vertex 4.082507e+01 6.989507e+01 1.369943e+02
      endloop
   endfacet
   facet normal -9.783468e-01 0.000000e+00 -2.069725e-01
      outer loop
         vertex 4.082507e+01 6.989507e+01 1.369943e+02
         vertex 4.082507e+01 7.739507e+01 1.369943e+02
         vertex 4.117761e+01 7.739507e+01 1.353279e+02
      endloop
   endfacet
   facet normal -9.783468e-01 0.000000e+00 -2.069725e-01
      outer loop
         vertex 4.082507e+01 6.989507e+01 1.369943e+02
         vertex 4.117761e+01 7.739507e+01 1.353279e+02
         vertex 4.117761e+01 6.989507e+01 1.353279e+02
      endloop
   endfacet
   facet normal -3.746088e-01 0.000000e+00 9.271830e-01
      outer loop
         vertex 4.117761e+01 6.989507e+01 1.353279e+02
         vertex 4.117761e+01 7.739507e+01 1.353279e+02
         vertex 3.979690e+01 6.989507e+01 1.347701e+02
      endloop
   endfacet
   facet normal -3.746088e-01 0.000000e+00 9.271830e-01
      outer loop
         vertex 3.979690e+01 6.989507e+01 1.347701e+02
         vertex 4.117761e+01 7.739507e+01 1.353279e+02
         vertex 3.979690e+01 7.739507e+01 1.347701e+02
      endloop
   endfacet
   facet normal -9.271842e-01 0.000000e+00 -3.746056e-01
      outer loop
         vertex 3.979690e+01 6.989507e+01 1.347701e+02
         vertex 3.979690e+01 7.739507e+01 1.347701e+02
         vertex 4.045621e+01 6.989507e+01 1.331382e+02
      endloop
   endfacet
   facet normal -9.271842e-01 0.000000e+00 -3.746056e-01
      outer loop
         vertex 4.045621e+01 6.989507e+01 1.331382e+02
         vertex 3.979690e+01 7.739507e+01 1.347701e+02
         vertex 4.045621e+01 7.739507e+01 1.331382e+02
      endloop
   endfacet
   facet normal 3.746069e-01 0.000000e+00 -9.271837e-01
      outer loop
         vertex 4.045621e+01 6.989507e+01 1.331382e+02
         vertex 4.045621e+01 7.739507e+01 1.331382e+02
         vertex 4.183692e+01 6.989507e+01 1.336961e+02
      endloop
   endfacet
   facet normal 3.746069e-01 0.000000e+00 -9.271837e-01
      outer loop
         vertex 4.183692e+01 6.989507e+01 1.336961e+02
         vertex 4.045621e+01 7.739507e+01 1.331382e+02
         vertex 4.183692e+01 7.739507e+01 1.336961e+02
      endloop
   endfacet
   facet normal -7.071069e-01 0.000000e+00 7.071067e-01
      outer loop
         vertex 5.158406e+01 6.989507e+01 1.376484e+02
         vertex 5.158406e+01 7.739507e+01 1.376484e+02
         vertex 5.118143e+01 6.989507e+01 1.372458e+02
      endloop
   endfacet
   facet normal -7.071069e-01 0.000000e+00 7.071067e-01
      outer loop
         vertex 5.118143e+01 6.989507e+01 1.372458e+02
         vertex 5.158406e+01 7.739507e+01 1.376484e+02
         vertex 5.118143e+01 7.739507e+01 1.372458e+02
      endloop
   endfacet
   facet normal -2.588190e-01 0.000000e+00 9.659258e-01
      outer loop
         vertex 5.118143e+01 6.989507e+01 1.372458e+02
         vertex 5.118143e+01 7.739507e+01 1.372458e+02
         vertex 5.063143e+01 6.989507e+01 1.370984e+02
      endloop
   endfacet
   facet normal -2.588190e-01 0.000000e+00 9.659258e-01
      outer loop
         vertex 5.063143e+01 6.989507e+01 1.370984e+02
         vertex 5.118143e+01 7.739507e+01 1.372458e+02
         vertex 5.063143e+01 7.739507e+01 1.370984e+02
      endloop
   endfacet
   facet normal 2.588175e-01 0.000000e+00 9.659262e-01
      outer loop
         vertex 5.063143e+01 6.989507e+01 1.370984e+02
         vertex 5.063143e+01 7.739507e+01 1.370984e+02
         vertex 5.008143e+01 6.989507e+01 1.372458e+02
      endloop
   endfacet
   facet normal 2.588175e-01 0.000000e+00 9.659262e-01
      outer loop
         vertex 5.008143e+01 6.989507e+01 1.372458e+02
         vertex 5.063143e+01 7.739507e+01 1.370984e+02
         vertex 5.008143e+01 7.739507e+01 1.372458e+02
      endloop
   endfacet
   facet normal 7.071067e-01 0.000000e+00 7.071069e-01
      outer loop
         vertex 5.008143e+01 6.989507e+01 1.372458e+02
         vertex 5.008143e+01 7.739507e+01 1.372458e+02
         vertex 4.967880e+01 6.989507e+01 1.376484e+02
      endloop
   endfacet
   facet normal 7.071067e-01 0.000000e+00 7.071069e-01
      outer loop
         vertex 4.967880e+01 6.989507e+01 1.376484e+02
         vertex 5.008143e+01 7.739507e+01 1.372458e+02
         vertex 4.967880e+01 7.739507e+01 1.376484e+02
      endloop
   endfacet
   facet normal 9.659270e-01 0.000000e+00 2.588146e-01
      outer loop
         vertex 4.967880e+01 6.989507e+01 1.376484e+02
         vertex 4.967880e+01 7.739507e+01 1.376484e+02
         vertex 4.953143e+01 6.989507e+01 1.381984e+02
      endloop
   endfacet
   facet normal 9.659270e-01 0.000000e+00 2.588146e-01
      outer loop
         vertex 4.953143e+01 6.989507e+01 1.381984e+02
         vertex 4.967880e+01 7.739507e+01 1.376484e+02
         vertex 4.953143e+01 7.739507e+01 1.381984e+02
      endloop
   endfacet
   facet normal 9.659258e-01 0.000000e+00 -2.588192e-01
      outer loop
         vertex 4.953143e+01 6.989507e+01 1.381984e+02
         vertex 4.953143e+01 7.739507e+01 1.381984e+02
         vertex 4.967880e+01 6.989507e+01 1.387484e+02
      endloop
   endfacet
   facet normal 9.659258e-01 0.000000e+00 -2.588192e-01
      outer loop
         vertex 4.967880e+01 6.989507e+01 1.387484e+02
         vertex 4.953143e+01 7.739507e+01 1.381984e+02
         vertex 4.967880e+01 7.739507e+01 1.387484e+02
      endloop
   endfacet
   facet normal 7.071045e-01 0.000000e+00 -7.071091e-01
      outer loop
         vertex 4.967880e+01 6.989507e+01 1.387484e+02
         vertex 4.967880e+01 7.739507e+01 1.387484e+02
         vertex 5.008143e+01 6.989507e+01 1.391510e+02
      endloop
   endfacet
   facet normal 7.071045e-01 0.000000e+00 -7.071091e-01
      outer loop
         vertex 5.008143e+01 6.989507e+01 1.391510e+02
         vertex 4.967880e+01 7.739507e+01 1.387484e+02
         vertex 5.008143e+01 7.739507e+01 1.391510e+02
      endloop
   endfacet
   facet normal 2.588235e-01 0.000000e+00 -9.659246e-01
      outer loop
         vertex 5.008143e+01 6.989507e+01 1.391510e+02
         vertex 5.008143e+01 7.739507e+01 1.391510e+02
         vertex 5.063143e+01 6.989507e+01 1.392984e+02
      endloop
   endfacet
   facet normal 2.588235e-01 0.000000e+00 -9.659246e-01
      outer loop
         vertex 5.063143e+01 6.989507e+01 1.392984e+02
         vertex 5.008143e+01 7.739507e+01 1.391510e+02
         vertex 5.063143e+01 7.739507e+01 1.392984e+02
      endloop
   endfacet
   facet normal -2.588192e-01 0.000000e+00 -9.659258e-01
      outer loop
         vertex 5.063143e+01 6.989507e+01 1.392984e+02
         vertex 5.063143e+01 7.739507e+01 1.392984e+02
         vertex 5.118143e+01 6.989507e+01 1.391510e+02
      endloop
   endfacet
   facet normal -2.588192e-01 0.000000e+00 -9.659258e-01
      outer loop
         vertex 5.118143e+01 6.989507e+01 1.391510e+02
         vertex 5.063143e+01 7.739507e+01 1.392984e+02
         vertex 5.118143e+01 7.739507e+01 1.391510e+02
      endloop
   endfacet
   facet normal -7.071079e-01 0.000000e+00 -7.071057e-01
      outer loop
         vertex 5.118143e+01 6.989507e+01 1.391510e+02
         vertex 5.118143e+01 7.739507e+01 1.391510e+02
         vertex 5.158406e+01 6.989507e+01 1.387484e+02
      endloop
   endfacet
   facet normal -7.071079e-01 0.000000e+00 -7.071057e-01
      outer loop
         vertex 5.158406e+01 6.989507e+01 1.387484e+02
         vertex 5.118143e+01 7.739507e+01 1.391510e+02
         vertex 5.158406e+01 7.739507e+01 1.387484e+02
      endloop
   endfacet
   facet normal -9.659258e-01 0.000000e+00 -2.588190e-01
      outer loop
         vertex 5.158406e+01 6.989507e+01 1.387484e+02
         vertex 5.158406e+01 7.739507e+01 1.387484e+02
         vertex 5.173143e+01 6.989507e+01 1.381984e+02
      endloop
   endfacet
   facet normal -9.659258e-01 0.000000e+00 -2.588190e-01
      outer loop
         vertex 5.173143e+01 6.989507e+01 1.381984e+02
         vertex 5.158406e+01 7.739507e+01 1.387484e+02
         vertex 5.173143e+01 7.739507e+01 1.381984e+02
      endloop
   endfacet
   facet normal -9.659267e-01 0.000000e+00 2.588159e-01
      outer loop
         vertex 5.173143e+01 6.989507e+01 1.381984e+02
         vertex 5.173143e+01 7.739507e+01 1.381984e+02
         vertex 5.158406e+01 6.989507e+01 1.376484e+02
      endloop
   endfacet
   facet normal -9.659267e-01 0.000000e+00 2.588159e-01
      outer loop
         vertex 5.158406e+01 6.989507e+01 1.376484e+02
         vertex 5.173143e+01 7.739507e+01 1.381984e+02
         vertex 5.158406e+01 7.739507e+01 1.376484e+02
      endloop
   endfacet
   facet normal 0.000000e+00 -1.000000e+00 0.000000e+00
      outer loop
         vertex 4.892303e+01 6.989507e+01 1.281120e+02
         vertex 4.997858e+01 6.989507e+01 1.272873e+02
         vertex 5.049415e+01 6.989507e+01 1.281535e+02
      endloop
   endfacet
   facet normal 0.000000e+00 -1.000000e+00 0.000000e+00
      outer loop
         vertex 3.953429e+01 6.989507e+01 1.406467e+02
         vertex 3.928934e+01 6.989507e+01 1.389038e+02
         vertex 4.100894e+01 6.989507e+01 1.404394e+02
      endloop
   endfacet
   facet normal 0.000000e+00 -1.000000e+00 0.000000e+00
      outer loop
         vertex 4.100894e+01 6.989507e+01 1.404394e+02
         vertex 3.928934e+01 6.989507e+01 1.389038e+02
         vertex 4.076399e+01 6.989507e+01 1.386965e+02
      endloop
   endfacet
   facet normal 0.000000e+00 -1.000000e+00 0.000000e+00
      outer loop
         vertex 3.979690e+01 6.989507e+01 1.347701e+02
         vertex 4.045621e+01 6.989507e+01 1.331382e+02
         vertex 4.117761e+01 6.989507e+01 1.353279e+02
      endloop
   endfacet
   facet normal 0.000000e+00 -1.000000e+00 0.000000e+00
      outer loop
         vertex 4.117761e+01 6.989507e+01 1.353279e+02
         vertex 4.045621e+01 6.989507e+01 1.331382e+02
         vertex 4.183692e+01 6.989507e+01 1.336961e+02
      endloop
   endfacet
   facet normal 0.000000e+00 -1.000000e+00 0.000000e+00
      outer loop
         vertex 4.892303e+01 6.989507e+01 1.281120e+02
         vertex 5.049415e+01 6.989507e+01 1.281535e+02
         vertex 4.766241e+01 6.989507e+01 1.287751e+02
      endloop
   endfacet
   facet normal 0.000000e+00 -1.000000e+00 0.000000e+00
      outer loop
         vertex 4.967880e+01 6.989507e+01 1.387484e+02
         vertex 4.100894e+01 6.989507e+01 1.404394e+02
         vertex 4.953143e+01 6.989507e+01 1.381984e+02
      endloop
   endfacet
   facet normal 0.000000e+00 -1.000000e+00 0.000000e+00
      outer loop
         vertex 4.953143e+01 6.989507e+01 1.381984e+02
         vertex 4.100894e+01 6.989507e+01 1.404394e+02
         vertex 4.076399e+01 6.989507e+01 1.386965e+02
      endloop
   endfacet
   facet normal 0.000000e+00 -1.000000e+00 0.000000e+00
      outer loop
         vertex 4.953143e+01 6.989507e+01 1.381984e+02
         vertex 4.076399e+01 6.989507e+01 1.386965e+02
         vertex 4.967880e+01 6.989507e+01 1.376484e+02
      endloop
   endfacet
   facet normal 0.000000e+00 -1.000000e+00 0.000000e+00
      outer loop
         vertex 5.008143e+01 6.989507e+01 1.391510e+02
         vertex 4.342914e+01 6.989507e+01 1.449616e+02
         vertex 4.967880e+01 6.989507e+01 1.387484e+02
      endloop
   endfacet
   facet normal 0.000000e+00 -1.000000e+00 0.000000e+00
      outer loop
         vertex 4.967880e+01 6.989507e+01 1.387484e+02
         vertex 4.342914e+01 6.989507e+01 1.449616e+02
         vertex 4.192046e+01 6.989507e+01 1.428603e+02
      endloop
   endfacet
   facet normal 0.000000e+00 -1.000000e+00 0.000000e+00
      outer loop
         vertex 4.967880e+01 6.989507e+01 1.387484e+02
         vertex 4.192046e+01 6.989507e+01 1.428603e+02
         vertex 4.100894e+01 6.989507e+01 1.404394e+02
      endloop
   endfacet
   facet normal 0.000000e+00 -1.000000e+00 0.000000e+00
      outer loop
         vertex 5.063143e+01 6.989507e+01 1.392984e+02
         vertex 4.779043e+01 6.989507e+01 1.476611e+02
         vertex 5.008143e+01 6.989507e+01 1.391510e+02
      endloop
   endfacet
   facet normal 0.000000e+00 -1.000000e+00 0.000000e+00
      outer loop
         vertex 5.008143e+01 6.989507e+01 1.391510e+02
         vertex 4.779043e+01 6.989507e+01 1.476611e+02
         vertex 4.543156e+01 6.989507e+01 1.465993e+02
      endloop
   endfacet
   facet normal 0.000000e+00 -1.000000e+00 0.000000e+00
      outer loop
         vertex 5.008143e+01 6.989507e+01 1.391510e+02
         vertex 4.543156e+01 6.989507e+01 1.465993e+02
         vertex 4.342914e+01 6.989507e+01 1.449616e+02
      endloop
   endfacet
   facet normal 0.000000e+00 -1.000000e+00 0.000000e+00
      outer loop
         vertex 5.118143e+01 6.989507e+01 1.391510e+02
         vertex 5.291740e+01 6.989507e+01 1.478103e+02
         vertex 5.063143e+01 6.989507e+01 1.392984e+02
      endloop
   endfacet
   facet normal 0.000000e+00 -1.000000e+00 0.000000e+00
      outer loop
         vertex 5.063143e+01 6.989507e+01 1.392984e+02
         vertex 5.291740e+01 6.989507e+01 1.478103e+02
         vertex 5.034407e+01 6.989507e+01 1.480742e+02
      endloop
   endfacet
   facet normal 0.000000e+00 -1.000000e+00 0.000000e+00
      outer loop
         vertex 5.063143e+01 6.989507e+01 1.392984e+02
         vertex 5.034407e+01 6.989507e+01 1.480742e+02
         vertex 4.779043e+01 6.989507e+01 1.476611e+02
      endloop
   endfacet
   facet normal 0.000000e+00 -1.000000e+00 0.000000e+00
      outer loop
         vertex 5.158406e+01 6.989507e+01 1.387484e+02
         vertex 5.742827e+01 6.989507e+01 1.453690e+02
         vertex 5.118143e+01 6.989507e+01 1.391510e+02
      endloop
   endfacet
   facet normal 0.000000e+00 -1.000000e+00 0.000000e+00
      outer loop
         vertex 5.118143e+01 6.989507e+01 1.391510e+02
         vertex 5.742827e+01 6.989507e+01 1.453690e+02
         vertex 5.533402e+01 6.989507e+01 1.468875e+02
      endloop
   endfacet
   facet normal 0.000000e+00 -1.000000e+00 0.000000e+00
      outer loop
         vertex 5.118143e+01 6.989507e+01 1.391510e+02
         vertex 5.533402e+01 6.989507e+01 1.468875e+02
         vertex 5.291740e+01 6.989507e+01 1.478103e+02
      endloop
   endfacet
   facet normal 0.000000e+00 -1.000000e+00 0.000000e+00
      outer loop
         vertex 5.173143e+01 6.989507e+01 1.381984e+02
         vertex 6.000493e+01 6.989507e+01 1.422962e+02
         vertex 5.158406e+01 6.989507e+01 1.387484e+02
      endloop
   endfacet
   facet normal 0.000000e+00 -1.000000e+00 0.000000e+00
      outer loop
         vertex 5.158406e+01 6.989507e+01 1.387484e+02
         vertex 6.000493e+01 6.989507e+01 1.422962e+02
         vertex 5.905659e+01 6.989507e+01 1.433589e+02
      endloop
   endfacet
   facet normal 0.000000e+00 -1.000000e+00 0.000000e+00
      outer loop
         vertex 5.158406e+01 6.989507e+01 1.387484e+02
         vertex 5.905659e+01 6.989507e+01 1.433589e+02
         vertex 5.742827e+01 6.989507e+01 1.453690e+02
      endloop
   endfacet
   facet normal 0.000000e+00 -1.000000e+00 0.000000e+00
      outer loop
         vertex 5.049415e+01 6.989507e+01 1.281535e+02
         vertex 5.118143e+01 6.989507e+01 1.372458e+02
         vertex 5.063143e+01 6.989507e+01 1.370984e+02
      endloop
   endfacet
   facet normal 0.000000e+00 -1.000000e+00 0.000000e+00
      outer loop
         vertex 4.530517e+01 6.989507e+01 1.298770e+02
         vertex 4.766241e+01 6.989507e+01 1.287751e+02
         vertex 4.331738e+01 6.989507e+01 1.315562e+02
      endloop
   endfacet
   facet normal 0.000000e+00 -1.000000e+00 0.000000e+00
      outer loop
         vertex 4.331738e+01 6.989507e+01 1.315562e+02
         vertex 4.766241e+01 6.989507e+01 1.287751e+02
         vertex 4.183692e+01 6.989507e+01 1.336961e+02
      endloop
   endfacet
   facet normal 0.000000e+00 -1.000000e+00 0.000000e+00
      outer loop
         vertex 5.118143e+01 6.989507e+01 1.372458e+02
         vertex 5.049415e+01 6.989507e+01 1.281535e+02
         vertex 5.158406e+01 6.989507e+01 1.376484e+02
      endloop
   endfacet
   facet normal 0.000000e+00 -1.000000e+00 0.000000e+00
      outer loop
         vertex 5.158406e+01 6.989507e+01 1.376484e+02
         vertex 5.049415e+01 6.989507e+01 1.281535e+02
         vertex 6.034474e+01 6.989507e+01 1.407617e+02
      endloop
   endfacet
   facet normal 0.000000e+00 -1.000000e+00 0.000000e+00
      outer loop
         vertex 5.158406e+01 6.989507e+01 1.376484e+02
         vertex 6.034474e+01 6.989507e+01 1.407617e+02
         vertex 5.173143e+01 6.989507e+01 1.381984e+02
      endloop
   endfacet
   facet normal 0.000000e+00 -1.000000e+00 0.000000e+00
      outer loop
         vertex 5.173143e+01 6.989507e+01 1.381984e+02
         vertex 6.034474e+01 6.989507e+01 1.407617e+02
         vertex 6.106049e+01 6.989507e+01 1.414715e+02
      endloop
   endfacet
   facet normal 0.000000e+00 -1.000000e+00 0.000000e+00
      outer loop
         vertex 5.173143e+01 6.989507e+01 1.381984e+02
         vertex 6.106049e+01 6.989507e+01 1.414715e+02
         vertex 6.000493e+01 6.989507e+01 1.422962e+02
      endloop
   endfacet
   facet normal 0.000000e+00 -1.000000e+00 0.000000e+00
      outer loop
         vertex 4.183692e+01 6.989507e+01 1.336961e+02
         vertex 4.766241e+01 6.989507e+01 1.287751e+02
         vertex 4.117761e+01 6.989507e+01 1.353279e+02
      endloop
   endfacet
   facet normal 0.000000e+00 -1.000000e+00 0.000000e+00
      outer loop
         vertex 4.117761e+01 6.989507e+01 1.353279e+02
         vertex 4.766241e+01 6.989507e+01 1.287751e+02
         vertex 5.049415e+01 6.989507e+01 1.281535e+02
      endloop
   endfacet
   facet normal 0.000000e+00 -1.000000e+00 0.000000e+00
      outer loop
         vertex 4.117761e+01 6.989507e+01 1.353279e+02
         vertex 5.049415e+01 6.989507e+01 1.281535e+02
         vertex 4.082507e+01 6.989507e+01 1.369943e+02
      endloop
   endfacet
   facet normal 0.000000e+00 -1.000000e+00 0.000000e+00
      outer loop
         vertex 4.082507e+01 6.989507e+01 1.369943e+02
         vertex 5.049415e+01 6.989507e+01 1.281535e+02
         vertex 5.063143e+01 6.989507e+01 1.370984e+02
      endloop
   endfacet
   facet normal 0.000000e+00 -1.000000e+00 0.000000e+00
      outer loop
         vertex 4.082507e+01 6.989507e+01 1.369943e+02
         vertex 5.063143e+01 6.989507e+01 1.370984e+02
         vertex 4.076399e+01 6.989507e+01 1.386965e+02
      endloop
   endfacet
   facet normal 0.000000e+00 -1.000000e+00 0.000000e+00
      outer loop
         vertex 4.076399e+01 6.989507e+01 1.386965e+02
         vertex 5.063143e+01 6.989507e+01 1.370984e+02
         vertex 5.008143e+01 6.989507e+01 1.372458e+02
      endloop
   endfacet
   facet normal 0.000000e+00 -1.000000e+00 0.000000e+00
      outer loop
         vertex 4.076399e+01 6.989507e+01 1.386965e+02
         vertex 5.008143e+01 6.989507e+01 1.372458e+02
         vertex 4.967880e+01 6.989507e+01 1.376484e+02
      endloop
   endfacet
   facet normal -6.156616e-01 0.000000e+00 -7.880106e-01
      outer loop
         vertex 4.997858e+01 6.989507e+01 1.272873e+02
         vertex 4.892303e+01 6.989507e+01 1.281120e+02
         vertex 4.892303e+01 7.739507e+01 1.281120e+02
      endloop
   endfacet
   facet normal -6.156623e-01 0.000000e+00 -7.880101e-01
      outer loop
         vertex 5.421255e+01 4.895072e+00 1.239794e+02
         vertex 5.303053e+01 4.895072e+00 1.249029e+02
         vertex 5.303053e+01 6.689507e+01 1.249029e+02
      endloop
   endfacet
   facet normal -6.156617e-01 1.912142e-08 -7.880106e-01
      outer loop
         vertex 5.197904e+01 6.878170e+01 1.257244e+02
         vertex 5.154531e+01 6.924383e+01 1.260632e+02
         vertex 5.421255e+01 7.739507e+01 1.239794e+02
      endloop
   endfacet
   facet normal -6.156611e-01 -2.256243e-07 -7.880110e-01
      outer loop
         vertex 5.197904e+01 6.878170e+01 1.257244e+02
         vertex 5.421255e+01 7.739507e+01 1.239794e+02
         vertex 5.240472e+01 6.815412e+01 1.253918e+02
      endloop
   endfacet
   facet normal -6.156612e-01 -2.615870e-07 -7.880110e-01
      outer loop
         vertex 5.287957e+01 6.722488e+01 1.250208e+02
         vertex 5.272916e+01 6.754225e+01 1.251383e+02
         vertex 5.421255e+01 7.739507e+01 1.239794e+02
      endloop
   endfacet
   facet normal -6.156598e-01 -9.904731e-07 -7.880121e-01
      outer loop
         vertex 5.154531e+01 6.924383e+01 1.260632e+02
         vertex 5.103947e+01 6.960706e+01 1.264584e+02
         vertex 5.421255e+01 7.739507e+01 1.239794e+02
      endloop
   endfacet
   facet normal -6.156610e-01 -2.107356e-07 -7.880111e-01
      outer loop
         vertex 5.421255e+01 7.739507e+01 1.239794e+02
         vertex 5.103947e+01 6.960706e+01 1.264584e+02
         vertex 5.076659e+01 6.973801e+01 1.266716e+02
      endloop
   endfacet
   facet normal -6.156614e-01 7.235902e-08 -7.880108e-01
      outer loop
         vertex 5.421255e+01 7.739507e+01 1.239794e+02
         vertex 5.076659e+01 6.973801e+01 1.266716e+02
         vertex 4.892303e+01 7.739507e+01 1.281120e+02
      endloop
   endfacet
   facet normal -6.156628e-01 -4.876142e-07 -7.880097e-01
      outer loop
         vertex 4.892303e+01 7.739507e+01 1.281120e+02
         vertex 5.076659e+01 6.973801e+01 1.266716e+02
         vertex 5.022210e+01 6.988019e+01 1.270970e+02
      endloop
   endfacet
   facet normal -6.156587e-01 6.527300e-07 -7.880129e-01
      outer loop
         vertex 4.892303e+01 7.739507e+01 1.281120e+02
         vertex 5.022210e+01 6.988019e+01 1.270970e+02
         vertex 4.997858e+01 6.989507e+01 1.272873e+02
      endloop
   endfacet
   facet normal -6.156623e-01 0.000000e+00 -7.880101e-01
      outer loop
         vertex 5.421255e+01 4.895072e+00 1.239794e+02
         vertex 5.303053e+01 6.689507e+01 1.249029e+02
         vertex 5.421255e+01 7.739507e+01 1.239794e+02
      endloop
   endfacet
   facet normal -6.153946e-01 -4.852587e-05 -7.882192e-01
      outer loop
         vertex 5.421255e+01 7.739507e+01 1.239794e+02
         vertex 5.303053e+01 6.689507e+01 1.249029e+02
         vertex 5.302621e+01 6.690456e+01 1.249062e+02
      endloop
   endfacet
   facet normal -6.156705e-01 1.706167e-06 -7.880037e-01
      outer loop
         vertex 5.421255e+01 7.739507e+01 1.239794e+02
         vertex 5.302621e+01 6.690456e+01 1.249062e+02
         vertex 5.287957e+01 6.722488e+01 1.250208e+02
      endloop
   endfacet
   facet normal -6.156532e-01 -2.203058e-06 -7.880172e-01
      outer loop
         vertex 5.272916e+01 6.754225e+01 1.251383e+02
         vertex 5.259033e+01 6.781787e+01 1.252468e+02
         vertex 5.421255e+01 7.739507e+01 1.239794e+02
      endloop
   endfacet
   facet normal -6.156672e-01 1.635929e-06 -7.880062e-01
      outer loop
         vertex 5.421255e+01 7.739507e+01 1.239794e+02
         vertex 5.259033e+01 6.781787e+01 1.252468e+02
         vertex 5.257472e+01 6.784762e+01 1.252590e+02
      endloop
   endfacet
   facet normal -6.156656e-01 1.182806e-06 -7.880075e-01
      outer loop
         vertex 5.421255e+01 7.739507e+01 1.239794e+02
         vertex 5.257472e+01 6.784762e+01 1.252590e+02
         vertex 5.240472e+01 6.815412e+01 1.253918e+02
      endloop
   endfacet
   facet normal 6.156634e-01 -1.366359e-06 7.880093e-01
      outer loop
         vertex 6.161307e+01 6.981830e+01 1.410398e+02
         vertex 6.529446e+01 7.739507e+01 1.381636e+02
         vertex 6.106049e+01 6.989507e+01 1.414715e+02
      endloop
   endfacet
   facet normal 6.156614e-01 4.402229e-07 7.880108e-01
      outer loop
         vertex 6.106049e+01 6.989507e+01 1.414715e+02
         vertex 6.529446e+01 7.739507e+01 1.381636e+02
         vertex 6.000493e+01 7.739507e+01 1.422962e+02
      endloop
   endfacet
   facet normal 6.156594e-01 -0.000000e+00 7.880123e-01
      outer loop
         vertex 6.106049e+01 6.989507e+01 1.414715e+02
         vertex 6.000493e+01 7.739507e+01 1.422962e+02
         vertex 6.000493e+01 6.989507e+01 1.422962e+02
      endloop
   endfacet
   facet normal 6.156659e-01 -3.348157e-06 7.880073e-01
      outer loop
         vertex 6.161307e+01 6.981830e+01 1.410398e+02
         vertex 6.184850e+01 6.973801e+01 1.408558e+02
         vertex 6.529446e+01 7.739507e+01 1.381636e+02
      endloop
   endfacet
   facet normal 6.156566e-01 3.391726e-06 7.880146e-01
      outer loop
         vertex 6.529446e+01 7.739507e+01 1.381636e+02
         vertex 6.184850e+01 6.973801e+01 1.408558e+02
         vertex 6.238075e+01 6.944180e+01 1.404400e+02
      endloop
   endfacet
   facet normal 6.156690e-01 -3.893326e-06 7.880049e-01
      outer loop
         vertex 6.529446e+01 7.739507e+01 1.381636e+02
         vertex 6.238075e+01 6.944180e+01 1.404400e+02
         vertex 6.262721e+01 6.924383e+01 1.402474e+02
      endloop
   endfacet
   facet normal 6.156628e-01 -6.551009e-07 7.880097e-01
      outer loop
         vertex 6.262721e+01 6.924383e+01 1.402474e+02
         vertex 6.312171e+01 6.870364e+01 1.398611e+02
         vertex 6.529446e+01 7.739507e+01 1.381636e+02
      endloop
   endfacet
   facet normal 6.156588e-01 9.724315e-07 7.880129e-01
      outer loop
         vertex 6.529446e+01 7.739507e+01 1.381636e+02
         vertex 6.312171e+01 6.870364e+01 1.398611e+02
         vertex 6.348663e+01 6.815412e+01 1.395760e+02
      endloop
   endfacet
   facet normal 6.156656e-01 -1.182806e-06 7.880075e-01
      outer loop
         vertex 6.529446e+01 7.739507e+01 1.381636e+02
         vertex 6.348663e+01 6.815412e+01 1.395760e+02
         vertex 6.365663e+01 6.784762e+01 1.394432e+02
      endloop
   endfacet
   facet normal 6.156672e-01 -1.635929e-06 7.880062e-01
      outer loop
         vertex 6.365663e+01 6.784762e+01 1.394432e+02
         vertex 6.367224e+01 6.781787e+01 1.394310e+02
         vertex 6.529446e+01 7.739507e+01 1.381636e+02
      endloop
   endfacet
   facet normal 6.156655e-01 -1.165251e-06 7.880076e-01
      outer loop
         vertex 6.529446e+01 7.739507e+01 1.381636e+02
         vertex 6.367224e+01 6.781787e+01 1.394310e+02
         vertex 6.381106e+01 6.754225e+01 1.393225e+02
      endloop
   endfacet
   facet normal 6.156492e-01 2.779735e-06 7.880203e-01
      outer loop
         vertex 6.529446e+01 7.739507e+01 1.381636e+02
         vertex 6.381106e+01 6.754225e+01 1.393225e+02
         vertex 6.396148e+01 6.722488e+01 1.392050e+02
      endloop
   endfacet
   facet normal 6.156604e-01 0.000000e+00 7.880116e-01
      outer loop
         vertex 6.411244e+01 4.895072e+00 1.390870e+02
         vertex 6.529446e+01 4.895072e+00 1.381636e+02
         vertex 6.411244e+01 6.689507e+01 1.390870e+02
      endloop
   endfacet
   facet normal 6.156604e-01 -0.000000e+00 7.880116e-01
      outer loop
         vertex 6.411244e+01 6.689507e+01 1.390870e+02
         vertex 6.529446e+01 4.895072e+00 1.381636e+02
         vertex 6.529446e+01 7.739507e+01 1.381636e+02
      endloop
   endfacet
   facet normal 6.162450e-01 -1.060106e-04 7.875545e-01
      outer loop
         vertex 6.411244e+01 6.689507e+01 1.390870e+02
         vertex 6.529446e+01 7.739507e+01 1.381636e+02
         vertex 6.410812e+01 6.690456e+01 1.390904e+02
      endloop
   endfacet
   facet normal 6.156584e-01 8.571356e-07 7.880132e-01
      outer loop
         vertex 6.410812e+01 6.690456e+01 1.390904e+02
         vertex 6.529446e+01 7.739507e+01 1.381636e+02
         vertex 6.396148e+01 6.722488e+01 1.392050e+02
      endloop
   endfacet
   facet normal -7.880112e-01 4.637047e-07 6.156609e-01
      outer loop
         vertex 5.695705e+01 1.912007e+01 1.315528e+02
         vertex 5.682920e+01 1.989507e+01 1.313892e+02
         vertex 5.285818e+01 5.895067e+00 1.263065e+02
      endloop
   endfacet
   facet normal -7.880104e-01 7.998542e-07 6.156619e-01
      outer loop
         vertex 5.695705e+01 6.412007e+01 1.315528e+02
         vertex 5.682920e+01 6.489507e+01 1.313892e+02
         vertex 5.285818e+01 6.689507e+01 1.263065e+02
      endloop
   endfacet
   facet normal -7.880107e-01 -6.771361e-07 6.156616e-01
      outer loop
         vertex 5.285818e+01 6.689507e+01 1.263065e+02
         vertex 5.682920e+01 6.489507e+01 1.313892e+02
         vertex 5.695705e+01 6.567007e+01 1.315528e+02
      endloop
   endfacet
   facet normal -7.880118e-01 1.271863e-07 6.156601e-01
      outer loop
         vertex 5.730634e+01 2.123741e+01 1.319999e+02
         vertex 5.873775e+01 6.489507e+01 1.338320e+02
         vertex 5.695705e+01 2.067007e+01 1.315528e+02
      endloop
   endfacet
   facet normal -7.880128e-01 2.275052e-07 6.156589e-01
      outer loop
         vertex 5.695705e+01 2.067007e+01 1.315528e+02
         vertex 5.873775e+01 6.489507e+01 1.338320e+02
         vertex 5.860990e+01 6.412007e+01 1.336684e+02
      endloop
   endfacet
   facet normal -7.880128e-01 2.275054e-07 6.156589e-01
      outer loop
         vertex 5.695705e+01 2.067007e+01 1.315528e+02
         vertex 5.860990e+01 6.412007e+01 1.336684e+02
         vertex 5.682920e+01 1.989507e+01 1.313892e+02
      endloop
   endfacet
   facet normal -7.880114e-01 -3.668065e-07 6.156607e-01
      outer loop
         vertex 5.860990e+01 1.912007e+01 1.336684e+02
         vertex 6.270877e+01 5.895067e+00 1.389147e+02
         vertex 5.873775e+01 1.989507e+01 1.338320e+02
      endloop
   endfacet
   facet normal -7.880109e-01 0.000000e+00 6.156613e-01
      outer loop
         vertex 5.873775e+01 1.989507e+01 1.338320e+02
         vertex 6.270877e+01 5.895067e+00 1.389147e+02
         vertex 6.270877e+01 6.689507e+01 1.389147e+02
      endloop
   endfacet
   facet normal -7.880098e-01 3.154388e-06 6.156627e-01
      outer loop
         vertex 5.695705e+01 6.412007e+01 1.315528e+02
         vertex 5.285818e+01 6.689507e+01 1.263065e+02
         vertex 5.730634e+01 6.355273e+01 1.319999e+02
      endloop
   endfacet
   facet normal -7.880107e-01 0.000000e+00 6.156616e-01
      outer loop
         vertex 5.730634e+01 6.355273e+01 1.319999e+02
         vertex 5.285818e+01 6.689507e+01 1.263065e+02
         vertex 5.285818e+01 5.895067e+00 1.263065e+02
      endloop
   endfacet
   facet normal -7.880110e-01 6.968575e-08 6.156611e-01
      outer loop
         vertex 5.730634e+01 6.355273e+01 1.319999e+02
         vertex 5.285818e+01 5.895067e+00 1.263065e+02
         vertex 5.778347e+01 6.334507e+01 1.326106e+02
      endloop
   endfacet
   facet normal -7.880105e-01 -8.188039e-09 6.156618e-01
      outer loop
         vertex 5.682920e+01 1.989507e+01 1.313892e+02
         vertex 5.860990e+01 6.412007e+01 1.336684e+02
         vertex 5.285818e+01 5.895067e+00 1.263065e+02
      endloop
   endfacet
   facet normal -7.880058e-01 -1.230494e-06 6.156678e-01
      outer loop
         vertex 5.285818e+01 5.895067e+00 1.263065e+02
         vertex 5.860990e+01 6.412007e+01 1.336684e+02
         vertex 5.826061e+01 6.355273e+01 1.332213e+02
      endloop
   endfacet
   facet normal -7.880119e-01 2.686203e-07 6.156600e-01
      outer loop
         vertex 5.285818e+01 5.895067e+00 1.263065e+02
         vertex 5.826061e+01 6.355273e+01 1.332213e+02
         vertex 5.778347e+01 6.334507e+01 1.326106e+02
      endloop
   endfacet
   facet normal -7.880081e-01 2.358864e-06 6.156649e-01
      outer loop
         vertex 5.860990e+01 1.912007e+01 1.336684e+02
         vertex 5.826061e+01 1.855273e+01 1.332213e+02
         vertex 6.270877e+01 5.895067e+00 1.389147e+02
      endloop
   endfacet
   facet normal -7.880117e-01 -1.018009e-06 6.156603e-01
      outer loop
         vertex 6.270877e+01 5.895067e+00 1.389147e+02
         vertex 5.826061e+01 1.855273e+01 1.332213e+02
         vertex 5.778347e+01 1.834507e+01 1.326106e+02
      endloop
   endfacet
   facet normal -7.880107e-01 0.000000e+00 6.156615e-01
      outer loop
         vertex 6.270877e+01 5.895067e+00 1.389147e+02
         vertex 5.778347e+01 1.834507e+01 1.326106e+02
         vertex 5.285818e+01 5.895067e+00 1.263065e+02
      endloop
   endfacet
   facet normal -7.880110e-01 2.845643e-07 6.156612e-01
      outer loop
         vertex 5.285818e+01 5.895067e+00 1.263065e+02
         vertex 5.778347e+01 1.834507e+01 1.326106e+02
         vertex 5.730634e+01 1.855273e+01 1.319999e+02
      endloop
   endfacet
   facet normal -7.880114e-01 6.159844e-07 6.156607e-01
      outer loop
         vertex 5.285818e+01 5.895067e+00 1.263065e+02
         vertex 5.730634e+01 1.855273e+01 1.319999e+02
         vertex 5.695705e+01 1.912007e+01 1.315528e+02
      endloop
   endfacet
   facet normal -7.880108e-01 -1.553716e-06 6.156614e-01
      outer loop
         vertex 5.695705e+01 6.567007e+01 1.315528e+02
         vertex 5.730634e+01 6.623741e+01 1.319999e+02
         vertex 5.285818e+01 6.689507e+01 1.263065e+02
      endloop
   endfacet
   facet normal -7.880108e-01 -1.601180e-06 6.156614e-01
      outer loop
         vertex 5.285818e+01 6.689507e+01 1.263065e+02
         vertex 5.730634e+01 6.623741e+01 1.319999e+02
         vertex 5.778347e+01 6.644507e+01 1.326106e+02
      endloop
   endfacet
   facet normal -7.880107e-01 0.000000e+00 6.156615e-01
      outer loop
         vertex 5.285818e+01 6.689507e+01 1.263065e+02
         vertex 5.778347e+01 6.644507e+01 1.326106e+02
         vertex 6.270877e+01 6.689507e+01 1.389147e+02
      endloop
   endfacet
   facet normal -7.880109e-01 5.728147e-06 6.156613e-01
      outer loop
         vertex 5.778347e+01 6.644507e+01 1.326106e+02
         vertex 5.826061e+01 6.623741e+01 1.332213e+02
         vertex 6.270877e+01 6.689507e+01 1.389147e+02
      endloop
   endfacet
   facet normal -7.880103e-01 -5.949796e-06 6.156621e-01
      outer loop
         vertex 6.270877e+01 6.689507e+01 1.389147e+02
         vertex 5.826061e+01 6.623741e+01 1.332213e+02
         vertex 5.860990e+01 6.567007e+01 1.336684e+02
      endloop
   endfacet
   facet normal -7.880110e-01 5.356381e-07 6.156612e-01
      outer loop
         vertex 6.270877e+01 6.689507e+01 1.389147e+02
         vertex 5.860990e+01 6.567007e+01 1.336684e+02
         vertex 5.873775e+01 6.489507e+01 1.338320e+02
      endloop
   endfacet
   facet normal -7.880111e-01 6.162749e-08 6.156611e-01
      outer loop
         vertex 5.730634e+01 2.123741e+01 1.319999e+02
         vertex 5.778347e+01 2.144507e+01 1.326106e+02
         vertex 5.873775e+01 6.489507e+01 1.338320e+02
      endloop
   endfacet
   facet normal -7.880118e-01 1.077376e-07 6.156601e-01
      outer loop
         vertex 5.873775e+01 6.489507e+01 1.338320e+02
         vertex 5.778347e+01 2.144507e+01 1.326106e+02
         vertex 5.826061e+01 2.123741e+01 1.332213e+02
      endloop
   endfacet
   facet normal -7.880109e-01 8.081376e-08 6.156613e-01
      outer loop
         vertex 5.873775e+01 6.489507e+01 1.338320e+02
         vertex 5.826061e+01 2.123741e+01 1.332213e+02
         vertex 6.270877e+01 6.689507e+01 1.389147e+02
      endloop
   endfacet
   facet normal -7.880071e-01 -8.868809e-07 6.156661e-01
      outer loop
         vertex 6.270877e+01 6.689507e+01 1.389147e+02
         vertex 5.826061e+01 2.123741e+01 1.332213e+02
         vertex 5.860990e+01 2.067007e+01 1.336684e+02
      endloop
   endfacet
   facet normal -7.880118e-01 1.964895e-07 6.156602e-01
      outer loop
         vertex 6.270877e+01 6.689507e+01 1.389147e+02
         vertex 5.860990e+01 2.067007e+01 1.336684e+02
         vertex 5.873775e+01 1.989507e+01 1.338320e+02
      endloop
   endfacet
   facet normal 0.000000e+00 -1.000000e+00 0.000000e+00
      outer loop
         vertex 5.303053e+01 4.895072e+00 1.249029e+02
         vertex 5.421255e+01 4.895072e+00 1.239794e+02
         vertex 6.411244e+01 4.895072e+00 1.390870e+02
      endloop
   endfacet
   facet normal 0.000000e+00 -1.000000e+00 0.000000e+00
      outer loop
         vertex 6.411244e+01 4.895072e+00 1.390870e+02
         vertex 5.421255e+01 4.895072e+00 1.239794e+02
         vertex 6.529446e+01 4.895072e+00 1.381636e+02
      endloop
   endfacet
   facet normal 5.946833e-01 2.588234e-01 7.611585e-01
      outer loop
         vertex 5.879922e+01 6.489507e+01 1.298500e+02
         vertex 5.682920e+01 6.489507e+01 1.313892e+02
         vertex 5.892707e+01 6.412007e+01 1.300137e+02
      endloop
   endfacet
   facet normal 5.946833e-01 2.588234e-01 7.611585e-01
      outer loop
         vertex 5.892707e+01 6.412007e+01 1.300137e+02
         vertex 5.682920e+01 6.489507e+01 1.313892e+02
         vertex 5.695705e+01 6.412007e+01 1.315528e+02
      endloop
   endfacet
   facet normal 4.353386e-01 7.071073e-01 5.572070e-01
      outer loop
         vertex 5.892707e+01 6.412007e+01 1.300137e+02
         vertex 5.695705e+01 6.412007e+01 1.315528e+02
         vertex 5.927637e+01 6.355273e+01 1.304608e+02
      endloop
   endfacet
   facet normal 4.353387e-01 7.071070e-01 5.572073e-01
      outer loop
         vertex 5.927637e+01 6.355273e+01 1.304608e+02
         vertex 5.695705e+01 6.412007e+01 1.315528e+02
         vertex 5.730634e+01 6.355273e+01 1.319999e+02
      endloop
   endfacet
   facet normal 1.593458e-01 9.659255e-01 2.039530e-01
      outer loop
         vertex 5.927637e+01 6.355273e+01 1.304608e+02
         vertex 5.730634e+01 6.355273e+01 1.319999e+02
         vertex 5.975350e+01 6.334507e+01 1.310715e+02
      endloop
   endfacet
   facet normal 1.593458e-01 9.659255e-01 2.039530e-01
      outer loop
         vertex 5.975350e+01 6.334507e+01 1.310715e+02
         vertex 5.730634e+01 6.355273e+01 1.319999e+02
         vertex 5.778347e+01 6.334507e+01 1.326106e+02
      endloop
   endfacet
   facet normal -1.593443e-01 9.659261e-01 -2.039512e-01
      outer loop
         vertex 5.975350e+01 6.334507e+01 1.310715e+02
         vertex 5.778347e+01 6.334507e+01 1.326106e+02
         vertex 6.023064e+01 6.355273e+01 1.316822e+02
      endloop
   endfacet
   facet normal -1.593443e-01 9.659261e-01 -2.039512e-01
      outer loop
         vertex 6.023064e+01 6.355273e+01 1.316822e+02
         vertex 5.778347e+01 6.334507e+01 1.326106e+02
         vertex 5.826061e+01 6.355273e+01 1.332213e+02
      endloop
   endfacet
   facet normal -4.353387e-01 7.071070e-01 -5.572073e-01
      outer loop
         vertex 6.023064e+01 6.355273e+01 1.316822e+02
         vertex 5.826061e+01 6.355273e+01 1.332213e+02
         vertex 6.057993e+01 6.412007e+01 1.321292e+02
      endloop
   endfacet
   facet normal -4.353398e-01 7.071027e-01 -5.572119e-01
      outer loop
         vertex 6.057993e+01 6.412007e+01 1.321292e+02
         vertex 5.826061e+01 6.355273e+01 1.332213e+02
         vertex 5.860990e+01 6.412007e+01 1.336684e+02
      endloop
   endfacet
   facet normal -5.946825e-01 2.588148e-01 -7.611621e-01
      outer loop
         vertex 6.057993e+01 6.412007e+01 1.321292e+02
         vertex 5.860990e+01 6.412007e+01 1.336684e+02
         vertex 6.070778e+01 6.489507e+01 1.322929e+02
      endloop
   endfacet
   facet normal -5.946833e-01 2.588234e-01 -7.611585e-01
      outer loop
         vertex 6.070778e+01 6.489507e+01 1.322929e+02
         vertex 5.860990e+01 6.412007e+01 1.336684e+02
         vertex 5.873775e+01 6.489507e+01 1.338320e+02
      endloop
   endfacet
   facet normal -5.946847e-01 -2.588148e-01 -7.611603e-01
      outer loop
         vertex 6.070778e+01 6.489507e+01 1.322929e+02
         vertex 5.873775e+01 6.489507e+01 1.338320e+02
         vertex 6.057993e+01 6.567007e+01 1.321292e+02
      endloop
   endfacet
   facet normal -5.946810e-01 -2.588234e-01 -7.611602e-01
      outer loop
         vertex 6.057993e+01 6.567007e+01 1.321292e+02
         vertex 5.873775e+01 6.489507e+01 1.338320e+02
         vertex 5.860990e+01 6.567007e+01 1.336684e+02
      endloop
   endfacet
   facet normal -4.353371e-01 -7.071070e-01 -5.572085e-01
      outer loop
         vertex 6.057993e+01 6.567007e+01 1.321292e+02
         vertex 5.860990e+01 6.567007e+01 1.336684e+02
         vertex 6.023064e+01 6.623741e+01 1.316822e+02
      endloop
   endfacet
   facet normal -4.353413e-01 -7.071027e-01 -5.572107e-01
      outer loop
         vertex 6.023064e+01 6.623741e+01 1.316822e+02
         vertex 5.860990e+01 6.567007e+01 1.336684e+02
         vertex 5.826061e+01 6.623741e+01 1.332213e+02
      endloop
   endfacet
   facet normal -1.593443e-01 -9.659261e-01 -2.039512e-01
      outer loop
         vertex 6.023064e+01 6.623741e+01 1.316822e+02
         vertex 5.826061e+01 6.623741e+01 1.332213e+02
         vertex 5.975350e+01 6.644507e+01 1.310715e+02
      endloop
   endfacet
   facet normal -1.593443e-01 -9.659261e-01 -2.039512e-01
      outer loop
         vertex 5.975350e+01 6.644507e+01 1.310715e+02
         vertex 5.826061e+01 6.623741e+01 1.332213e+02
         vertex 5.778347e+01 6.644507e+01 1.326106e+02
      endloop
   endfacet
   facet normal 1.593458e-01 -9.659255e-01 2.039530e-01
      outer loop
         vertex 5.975350e+01 6.644507e+01 1.310715e+02
         vertex 5.778347e+01 6.644507e+01 1.326106e+02
         vertex 5.927637e+01 6.623741e+01 1.304608e+02
      endloop
   endfacet
   facet normal 1.593458e-01 -9.659255e-01 2.039530e-01
      outer loop
         vertex 5.927637e+01 6.623741e+01 1.304608e+02
         vertex 5.778347e+01 6.644507e+01 1.326106e+02
         vertex 5.730634e+01 6.623741e+01 1.319999e+02
      endloop
   endfacet
   facet normal 4.353385e-01 -7.071073e-01 5.572070e-01
      outer loop
         vertex 5.927637e+01 6.623741e+01 1.304608e+02
         vertex 5.730634e+01 6.623741e+01 1.319999e+02
         vertex 5.892707e+01 6.567007e+01 1.300137e+02
      endloop
   endfacet
   facet normal 4.353388e-01 -7.071070e-01 5.572072e-01
      outer loop
         vertex 5.892707e+01 6.567007e+01 1.300137e+02
         vertex 5.730634e+01 6.623741e+01 1.319999e+02
         vertex 5.695705e+01 6.567007e+01 1.315528e+02
      endloop
   endfacet
   facet normal 5.946833e-01 -2.588234e-01 7.611585e-01
      outer loop
         vertex 5.892707e+01 6.567007e+01 1.300137e+02
         vertex 5.695705e+01 6.567007e+01 1.315528e+02
         vertex 5.879922e+01 6.489507e+01 1.298500e+02
      endloop
   endfacet
   facet normal 5.946833e-01 -2.588234e-01 7.611585e-01
      outer loop
         vertex 5.879922e+01 6.489507e+01 1.298500e+02
         vertex 5.695705e+01 6.567007e+01 1.315528e+02
         vertex 5.682920e+01 6.489507e+01 1.313892e+02
      endloop
   endfacet
   facet normal 5.946832e-01 2.588240e-01 7.611584e-01
      outer loop
         vertex 5.879922e+01 1.989507e+01 1.298500e+02
         vertex 5.682920e+01 1.989507e+01 1.313892e+02
         vertex 5.892707e+01 1.912007e+01 1.300137e+02
      endloop
   endfacet
   facet normal 5.946832e-01 2.588240e-01 7.611584e-01
      outer loop
         vertex 5.892707e+01 1.912007e+01 1.300137e+02
         vertex 5.682920e+01 1.989507e+01 1.313892e+02
         vertex 5.695705e+01 1.912007e+01 1.315528e+02
      endloop
   endfacet
   facet normal 4.353386e-01 7.071073e-01 5.572070e-01
      outer loop
         vertex 5.892707e+01 1.912007e+01 1.300137e+02
         vertex 5.695705e+01 1.912007e+01 1.315528e+02
         vertex 5.927637e+01 1.855273e+01 1.304608e+02
      endloop
   endfacet
   facet normal 4.353387e-01 7.071070e-01 5.572073e-01
      outer loop
         vertex 5.927637e+01 1.855273e+01 1.304608e+02
         vertex 5.695705e+01 1.912007e+01 1.315528e+02
         vertex 5.730634e+01 1.855273e+01 1.319999e+02
      endloop
   endfacet
   facet normal 1.593471e-01 9.659249e-01 2.039547e-01
      outer loop
         vertex 5.927637e+01 1.855273e+01 1.304608e+02
         vertex 5.730634e+01 1.855273e+01 1.319999e+02
         vertex 5.975350e+01 1.834507e+01 1.310715e+02
      endloop
   endfacet
   facet normal 1.593471e-01 9.659249e-01 2.039547e-01
      outer loop
         vertex 5.975350e+01 1.834507e+01 1.310715e+02
         vertex 5.730634e+01 1.855273e+01 1.319999e+02
         vertex 5.778347e+01 1.834507e+01 1.326106e+02
      endloop
   endfacet
   facet normal -1.593457e-01 9.659256e-01 -2.039529e-01
      outer loop
         vertex 5.975350e+01 1.834507e+01 1.310715e+02
         vertex 5.778347e+01 1.834507e+01 1.326106e+02
         vertex 6.023064e+01 1.855273e+01 1.316822e+02
      endloop
   endfacet
   facet normal -1.593457e-01 9.659256e-01 -2.039529e-01
      outer loop
         vertex 6.023064e+01 1.855273e+01 1.316822e+02
         vertex 5.778347e+01 1.834507e+01 1.326106e+02
         vertex 5.826061e+01 1.855273e+01 1.332213e+02
      endloop
   endfacet
   facet normal -4.353387e-01 7.071070e-01 -5.572073e-01
      outer loop
         vertex 6.023064e+01 1.855273e+01 1.316822e+02
         vertex 5.826061e+01 1.855273e+01 1.332213e+02
         vertex 6.057993e+01 1.912007e+01 1.321292e+02
      endloop
   endfacet
   facet normal -4.353398e-01 7.071027e-01 -5.572119e-01
      outer loop
         vertex 6.057993e+01 1.912007e+01 1.321292e+02
         vertex 5.826061e+01 1.855273e+01 1.332213e+02
         vertex 5.860990e+01 1.912007e+01 1.336684e+02
      endloop
   endfacet
   facet normal -5.946824e-01 2.588154e-01 -7.611619e-01
      outer loop
         vertex 6.057993e+01 1.912007e+01 1.321292e+02
         vertex 5.860990e+01 1.912007e+01 1.336684e+02
         vertex 6.070778e+01 1.989507e+01 1.322929e+02
      endloop
   endfacet
   facet normal -5.946832e-01 2.588240e-01 -7.611584e-01
      outer loop
         vertex 6.070778e+01 1.989507e+01 1.322929e+02
         vertex 5.860990e+01 1.912007e+01 1.336684e+02
         vertex 5.873775e+01 1.989507e+01 1.338320e+02
      endloop
   endfacet
   facet normal -5.946848e-01 -2.588142e-01 -7.611604e-01
      outer loop
         vertex 6.070778e+01 1.989507e+01 1.322929e+02
         vertex 5.873775e+01 1.989507e+01 1.338320e+02
         vertex 6.057993e+01 2.067007e+01 1.321292e+02
      endloop
   endfacet
   facet normal -5.946811e-01 -2.588228e-01 -7.611604e-01
      outer loop
         vertex 6.057993e+01 2.067007e+01 1.321292e+02
         vertex 5.873775e+01 1.989507e+01 1.338320e+02
         vertex 5.860990e+01 2.067007e+01 1.336684e+02
      endloop
   endfacet
   facet normal -4.353371e-01 -7.071070e-01 -5.572085e-01
      outer loop
         vertex 6.057993e+01 2.067007e+01 1.321292e+02
         vertex 5.860990e+01 2.067007e+01 1.336684e+02
         vertex 6.023064e+01 2.123741e+01 1.316822e+02
      endloop
   endfacet
   facet normal -4.353413e-01 -7.071027e-01 -5.572107e-01
      outer loop
         vertex 6.023064e+01 2.123741e+01 1.316822e+02
         vertex 5.860990e+01 2.067007e+01 1.336684e+02
         vertex 5.826061e+01 2.123741e+01 1.332213e+02
      endloop
   endfacet
   facet normal -1.593430e-01 -9.659267e-01 -2.039495e-01
      outer loop
         vertex 6.023064e+01 2.123741e+01 1.316822e+02
         vertex 5.826061e+01 2.123741e+01 1.332213e+02
         vertex 5.975350e+01 2.144507e+01 1.310715e+02
      endloop
   endfacet
   facet normal -1.593430e-01 -9.659267e-01 -2.039495e-01
      outer loop
         vertex 5.975350e+01 2.144507e+01 1.310715e+02
         vertex 5.826061e+01 2.123741e+01 1.332213e+02
         vertex 5.778347e+01 2.144507e+01 1.326106e+02
      endloop
   endfacet
   facet normal 1.593444e-01 -9.659261e-01 2.039513e-01
      outer loop
         vertex 5.975350e+01 2.144507e+01 1.310715e+02
         vertex 5.778347e+01 2.144507e+01 1.326106e+02
         vertex 5.927637e+01 2.123741e+01 1.304608e+02
      endloop
   endfacet
   facet normal 1.593444e-01 -9.659261e-01 2.039513e-01
      outer loop
         vertex 5.927637e+01 2.123741e+01 1.304608e+02
         vertex 5.778347e+01 2.144507e+01 1.326106e+02
         vertex 5.730634e+01 2.123741e+01 1.319999e+02
      endloop
   endfacet
   facet normal 4.353385e-01 -7.071073e-01 5.572070e-01
      outer loop
         vertex 5.927637e+01 2.123741e+01 1.304608e+02
         vertex 5.730634e+01 2.123741e+01 1.319999e+02
         vertex 5.892707e+01 2.067007e+01 1.300137e+02
      endloop
   endfacet
   facet normal 4.353388e-01 -7.071070e-01 5.572072e-01
      outer loop
         vertex 5.892707e+01 2.067007e+01 1.300137e+02
         vertex 5.730634e+01 2.123741e+01 1.319999e+02
         vertex 5.695705e+01 2.067007e+01 1.315528e+02
      endloop
   endfacet
   facet normal 5.946834e-01 -2.588228e-01 7.611586e-01
      outer loop
         vertex 5.892707e+01 2.067007e+01 1.300137e+02
         vertex 5.695705e+01 2.067007e+01 1.315528e+02
         vertex 5.879922e+01 1.989507e+01 1.298500e+02
      endloop
   endfacet
   facet normal 5.946834e-01 -2.588228e-01 7.611586e-01
      outer loop
         vertex 5.879922e+01 1.989507e+01 1.298500e+02
         vertex 5.695705e+01 2.067007e+01 1.315528e+02
         vertex 5.682920e+01 1.989507e+01 1.313892e+02
      endloop
   endfacet
   facet normal 7.880106e-01 0.000000e+00 -6.156617e-01
      outer loop
         vertex 6.070778e+01 6.489507e+01 1.322929e+02
         vertex 6.529446e+01 7.739507e+01 1.381636e+02
         vertex 6.529446e+01 4.895072e+00 1.381636e+02
      endloop
   endfacet
   facet normal 7.880111e-01 7.411822e-08 -6.156611e-01
      outer loop
         vertex 5.975350e+01 6.334507e+01 1.310715e+02
         vertex 6.529446e+01 4.895072e+00 1.381636e+02
         vertex 5.927637e+01 6.355273e+01 1.304608e+02
      endloop
   endfacet
   facet normal 7.880071e-01 -9.912585e-07 -6.156661e-01
      outer loop
         vertex 5.927637e+01 6.355273e+01 1.304608e+02
         vertex 6.529446e+01 4.895072e+00 1.381636e+02
         vertex 5.892707e+01 6.412007e+01 1.300137e+02
      endloop
   endfacet
   facet normal 7.880118e-01 2.660963e-07 -6.156601e-01
      outer loop
         vertex 5.975350e+01 6.334507e+01 1.310715e+02
         vertex 6.023064e+01 6.355273e+01 1.316822e+02
         vertex 6.529446e+01 4.895072e+00 1.381636e+02
      endloop
   endfacet
   facet normal 7.880116e-01 2.153821e-07 -6.156604e-01
      outer loop
         vertex 6.529446e+01 4.895072e+00 1.381636e+02
         vertex 6.023064e+01 6.355273e+01 1.316822e+02
         vertex 6.057993e+01 6.412007e+01 1.321292e+02
      endloop
   endfacet
   facet normal 7.880096e-01 -2.006000e-07 -6.156629e-01
      outer loop
         vertex 6.529446e+01 4.895072e+00 1.381636e+02
         vertex 6.057993e+01 6.412007e+01 1.321292e+02
         vertex 6.070778e+01 6.489507e+01 1.322929e+02
      endloop
   endfacet
   facet normal 7.880109e-01 0.000000e+00 -6.156613e-01
      outer loop
         vertex 5.879922e+01 1.989507e+01 1.298500e+02
         vertex 5.421255e+01 4.895072e+00 1.239794e+02
         vertex 5.421255e+01 7.739507e+01 1.239794e+02
      endloop
   endfacet
   facet normal 7.880113e-01 6.582989e-07 -6.156607e-01
      outer loop
         vertex 6.023064e+01 1.855273e+01 1.316822e+02
         vertex 6.057993e+01 1.912007e+01 1.321292e+02
         vertex 6.529446e+01 4.895072e+00 1.381636e+02
      endloop
   endfacet
   facet normal 7.880101e-01 -4.114909e-07 -6.156623e-01
      outer loop
         vertex 6.529446e+01 4.895072e+00 1.381636e+02
         vertex 6.057993e+01 1.912007e+01 1.321292e+02
         vertex 6.070778e+01 1.989507e+01 1.322929e+02
      endloop
   endfacet
   facet normal 7.880106e-01 3.686628e-11 -6.156617e-01
      outer loop
         vertex 6.529446e+01 4.895072e+00 1.381636e+02
         vertex 6.070778e+01 1.989507e+01 1.322929e+02
         vertex 5.892707e+01 6.412007e+01 1.300137e+02
      endloop
   endfacet
   facet normal 7.880087e-01 -2.045066e-07 -6.156641e-01
      outer loop
         vertex 5.892707e+01 6.412007e+01 1.300137e+02
         vertex 6.070778e+01 1.989507e+01 1.322929e+02
         vertex 6.057993e+01 2.067007e+01 1.321292e+02
      endloop
   endfacet
   facet normal 7.880127e-01 1.964890e-07 -6.156590e-01
      outer loop
         vertex 5.892707e+01 6.412007e+01 1.300137e+02
         vertex 6.057993e+01 2.067007e+01 1.321292e+02
         vertex 5.879922e+01 6.489507e+01 1.298500e+02
      endloop
   endfacet
   facet normal 7.880118e-01 1.020994e-07 -6.156601e-01
      outer loop
         vertex 5.879922e+01 6.489507e+01 1.298500e+02
         vertex 6.057993e+01 2.067007e+01 1.321292e+02
         vertex 6.023064e+01 2.123741e+01 1.316822e+02
      endloop
   endfacet
   facet normal 7.880102e-01 4.370142e-07 -6.156622e-01
      outer loop
         vertex 6.070778e+01 6.489507e+01 1.322929e+02
         vertex 6.057993e+01 6.567007e+01 1.321292e+02
         vertex 6.529446e+01 7.739507e+01 1.381636e+02
      endloop
   endfacet
   facet normal 7.880113e-01 -7.432071e-07 -6.156608e-01
      outer loop
         vertex 6.529446e+01 7.739507e+01 1.381636e+02
         vertex 6.057993e+01 6.567007e+01 1.321292e+02
         vertex 6.023064e+01 6.623741e+01 1.316822e+02
      endloop
   endfacet
   facet normal 7.880107e-01 -1.037557e-07 -6.156615e-01
      outer loop
         vertex 6.529446e+01 7.739507e+01 1.381636e+02
         vertex 6.023064e+01 6.623741e+01 1.316822e+02
         vertex 5.421255e+01 7.739507e+01 1.239794e+02
      endloop
   endfacet
   facet normal 7.880122e-01 1.957433e-06 -6.156596e-01
      outer loop
         vertex 5.421255e+01 7.739507e+01 1.239794e+02
         vertex 6.023064e+01 6.623741e+01 1.316822e+02
         vertex 5.975350e+01 6.644507e+01 1.310715e+02
      endloop
   endfacet
   facet normal 7.880110e-01 3.496546e-07 -6.156612e-01
      outer loop
         vertex 5.975350e+01 6.644507e+01 1.310715e+02
         vertex 5.927637e+01 6.623741e+01 1.304608e+02
         vertex 5.421255e+01 7.739507e+01 1.239794e+02
      endloop
   endfacet
   facet normal 7.880090e-01 -2.042799e-06 -6.156637e-01
      outer loop
         vertex 5.421255e+01 7.739507e+01 1.239794e+02
         vertex 5.927637e+01 6.623741e+01 1.304608e+02
         vertex 5.892707e+01 6.567007e+01 1.300137e+02
      endloop
   endfacet
   facet normal 7.880113e-01 4.073191e-07 -6.156608e-01
      outer loop
         vertex 5.421255e+01 7.739507e+01 1.239794e+02
         vertex 5.892707e+01 6.567007e+01 1.300137e+02
         vertex 5.879922e+01 6.489507e+01 1.298500e+02
      endloop
   endfacet
   facet normal 7.880114e-01 -3.835295e-07 -6.156607e-01
      outer loop
         vertex 5.879922e+01 1.989507e+01 1.298500e+02
         vertex 5.892707e+01 1.912007e+01 1.300137e+02
         vertex 5.421255e+01 4.895072e+00 1.239794e+02
      endloop
   endfacet
   facet normal 7.880088e-01 1.809418e-06 -6.156639e-01
      outer loop
         vertex 5.421255e+01 4.895072e+00 1.239794e+02
         vertex 5.892707e+01 1.912007e+01 1.300137e+02
         vertex 5.927637e+01 1.855273e+01 1.304608e+02
      endloop
   endfacet
   facet normal 7.880107e-01 -4.680238e-08 -6.156615e-01
      outer loop
         vertex 5.421255e+01 4.895072e+00 1.239794e+02
         vertex 5.927637e+01 1.855273e+01 1.304608e+02
         vertex 6.529446e+01 4.895072e+00 1.381636e+02
      endloop
   endfacet
   facet normal 7.880111e-01 3.762739e-07 -6.156610e-01
      outer loop
         vertex 6.529446e+01 4.895072e+00 1.381636e+02
         vertex 5.927637e+01 1.855273e+01 1.304608e+02
         vertex 5.975350e+01 1.834507e+01 1.310715e+02
      endloop
   endfacet
   facet normal 7.880117e-01 1.021024e-06 -6.156603e-01
      outer loop
         vertex 6.529446e+01 4.895072e+00 1.381636e+02
         vertex 5.975350e+01 1.834507e+01 1.310715e+02
         vertex 6.023064e+01 1.855273e+01 1.316822e+02
      endloop
   endfacet
   facet normal 7.880119e-01 1.098171e-07 -6.156600e-01
      outer loop
         vertex 6.023064e+01 2.123741e+01 1.316822e+02
         vertex 5.975350e+01 2.144507e+01 1.310715e+02
         vertex 5.879922e+01 6.489507e+01 1.298500e+02
      endloop
   endfacet
   facet normal 7.880110e-01 6.046050e-08 -6.156611e-01
      outer loop
         vertex 5.879922e+01 6.489507e+01 1.298500e+02
         vertex 5.975350e+01 2.144507e+01 1.310715e+02
         vertex 5.927637e+01 2.123741e+01 1.304608e+02
      endloop
   endfacet
   facet normal 7.880109e-01 5.765246e-08 -6.156612e-01
      outer loop
         vertex 5.879922e+01 6.489507e+01 1.298500e+02
         vertex 5.927637e+01 2.123741e+01 1.304608e+02
         vertex 5.421255e+01 7.739507e+01 1.239794e+02
      endloop
   endfacet
   facet normal 7.880081e-01 -6.149927e-07 -6.156649e-01
      outer loop
         vertex 5.421255e+01 7.739507e+01 1.239794e+02
         vertex 5.927637e+01 2.123741e+01 1.304608e+02
         vertex 5.892707e+01 2.067007e+01 1.300137e+02
      endloop
   endfacet
   facet normal 7.880118e-01 1.924460e-07 -6.156601e-01
      outer loop
         vertex 5.421255e+01 7.739507e+01 1.239794e+02
         vertex 5.892707e+01 2.067007e+01 1.300137e+02
         vertex 5.879922e+01 1.989507e+01 1.298500e+02
      endloop
   endfacet
   facet normal -4.655242e-01 0.000000e+00 -8.850352e-01
      outer loop
         vertex 4.766241e+01 6.989507e+01 1.287751e+02
         vertex 4.766241e+01 7.739507e+01 1.287751e+02
         vertex 4.892303e+01 6.989507e+01 1.281120e+02
      endloop
   endfacet
   facet normal -4.655242e-01 0.000000e+00 -8.850352e-01
      outer loop
         vertex 4.892303e+01 6.989507e+01 1.281120e+02
         vertex 4.766241e+01 7.739507e+01 1.287751e+02
         vertex 4.892303e+01 7.739507e+01 1.281120e+02
      endloop
   endfacet
   facet normal 7.461267e-01 0.000000e+00 6.658040e-01
      outer loop
         vertex 6.000493e+01 6.989507e+01 1.422962e+02
         vertex 6.000493e+01 7.739507e+01 1.422962e+02
         vertex 5.905659e+01 6.989507e+01 1.433589e+02
      endloop
   endfacet
   facet normal 7.461267e-01 0.000000e+00 6.658040e-01
      outer loop
         vertex 5.905659e+01 6.989507e+01 1.433589e+02
         vertex 6.000493e+01 7.739507e+01 1.422962e+02
         vertex 5.905659e+01 7.739507e+01 1.433589e+02
      endloop
   endfacet
   facet normal 5.354800e-01 0.000000e+00 8.445479e-01
      outer loop
         vertex 6.411244e+01 4.895072e+00 1.390870e+02
         vertex 6.411244e+01 6.689507e+01 1.390870e+02
         vertex 6.394688e+01 4.914287e+00 1.391920e+02
      endloop
   endfacet
   facet normal 5.109405e-01 9.106840e-05 8.596161e-01
      outer loop
         vertex 6.394688e+01 4.914287e+00 1.391920e+02
         vertex 6.411244e+01 6.689507e+01 1.390870e+02
         vertex 6.389473e+01 6.689507e+01 1.392164e+02
      endloop
   endfacet
   facet normal 2.985678e-01 -1.249696e-04 9.543884e-01
      outer loop
         vertex 6.394688e+01 4.914287e+00 1.391920e+02
         vertex 6.389473e+01 6.689507e+01 1.392164e+02
         vertex 6.363595e+01 5.029041e+00 1.392893e+02
      endloop
   endfacet
   facet normal 2.740367e-01 -1.372652e-05 9.617192e-01
      outer loop
         vertex 6.363595e+01 5.029041e+00 1.392893e+02
         vertex 6.389473e+01 6.689507e+01 1.392164e+02
         vertex 6.364217e+01 6.689507e+01 1.392884e+02
      endloop
   endfacet
   facet normal 3.069764e-03 1.406094e-05 9.999953e-01
      outer loop
         vertex 6.363595e+01 5.029041e+00 1.392893e+02
         vertex 6.364217e+01 6.689507e+01 1.392884e+02
         vertex 6.336366e+01 5.196023e+00 1.392901e+02
      endloop
   endfacet
   facet normal 1.420708e-02 -3.621495e-05 9.998991e-01
      outer loop
         vertex 6.336366e+01 5.196023e+00 1.392901e+02
         vertex 6.364217e+01 6.689507e+01 1.392884e+02
         vertex 6.337959e+01 6.689507e+01 1.392921e+02
      endloop
   endfacet
   facet normal -2.558170e-01 3.454986e-05 9.667252e-01
      outer loop
         vertex 6.336366e+01 5.196023e+00 1.392901e+02
         vertex 6.337959e+01 6.689507e+01 1.392921e+02
         vertex 6.312217e+01 5.395073e+00 1.392262e+02
      endloop
   endfacet
   facet normal -2.465709e-01 -6.722562e-06 9.691248e-01
      outer loop
         vertex 6.312217e+01 5.395073e+00 1.392262e+02
         vertex 6.337959e+01 6.689507e+01 1.392921e+02
         vertex 6.312508e+01 6.689507e+01 1.392274e+02
      endloop
   endfacet
   facet normal -6.018086e-01 1.332576e-05 7.986404e-01
      outer loop
         vertex 6.312217e+01 5.395073e+00 1.392262e+02
         vertex 6.312508e+01 6.689507e+01 1.392274e+02
         vertex 6.270877e+01 5.895067e+00 1.389147e+02
      endloop
   endfacet
   facet normal -4.903680e-01 -1.120808e-03 8.715147e-01
      outer loop
         vertex 6.270877e+01 5.895067e+00 1.389147e+02
         vertex 6.312508e+01 6.689507e+01 1.392274e+02
         vertex 6.289622e+01 6.689507e+01 1.390986e+02
      endloop
   endfacet
   facet normal -7.003511e-01 0.000000e+00 7.137985e-01
      outer loop
         vertex 6.270877e+01 5.895067e+00 1.389147e+02
         vertex 6.289622e+01 6.689507e+01 1.390986e+02
         vertex 6.270877e+01 6.689507e+01 1.389147e+02
      endloop
   endfacet
   facet normal -9.667568e-01 -1.017159e-05 -2.556978e-01
      outer loop
         vertex 5.265365e+01 5.187962e+00 1.255690e+02
         vertex 5.265423e+01 6.689507e+01 1.255643e+02
         vertex 5.272138e+01 6.689507e+01 1.253104e+02
      endloop
   endfacet
   facet normal -8.620261e-01 0.000000e+00 5.068639e-01
      outer loop
         vertex 5.285818e+01 6.689507e+01 1.263065e+02
         vertex 5.272507e+01 6.689507e+01 1.260802e+02
         vertex 5.285818e+01 5.895067e+00 1.263065e+02
      endloop
   endfacet
   facet normal -8.928569e-01 -2.770413e-04 4.503403e-01
      outer loop
         vertex 5.285818e+01 5.895067e+00 1.263065e+02
         vertex 5.272507e+01 6.689507e+01 1.260802e+02
         vertex 5.268256e+01 5.512390e+00 1.259581e+02
      endloop
   endfacet
   facet normal -9.972833e-01 5.442268e-04 7.365934e-02
      outer loop
         vertex 5.268256e+01 5.512390e+00 1.259581e+02
         vertex 5.272507e+01 6.689507e+01 1.260802e+02
         vertex 5.265365e+01 5.187962e+00 1.255690e+02
      endloop
   endfacet
   facet normal -9.642575e-01 -1.078692e-03 2.649647e-01
      outer loop
         vertex 5.265365e+01 5.187962e+00 1.255690e+02
         vertex 5.272507e+01 6.689507e+01 1.260802e+02
         vertex 5.265549e+01 6.689507e+01 1.258269e+02
      endloop
   endfacet
   facet normal -9.999885e-01 9.880108e-06 4.793987e-03
      outer loop
         vertex 5.265365e+01 5.187962e+00 1.255690e+02
         vertex 5.265549e+01 6.689507e+01 1.258269e+02
         vertex 5.265423e+01 6.689507e+01 1.255643e+02
      endloop
   endfacet
   facet normal -7.104853e-01 0.000000e+00 -7.037121e-01
      outer loop
         vertex 5.303053e+01 6.689507e+01 1.249029e+02
         vertex 5.303053e+01 4.895072e+00 1.249029e+02
         vertex 5.285231e+01 6.689507e+01 1.250828e+02
      endloop
   endfacet
   facet normal -6.899280e-01 1.176197e-04 -7.238780e-01
      outer loop
         vertex 5.285231e+01 6.689507e+01 1.250828e+02
         vertex 5.303053e+01 4.895072e+00 1.249029e+02
         vertex 5.288863e+01 4.914287e+00 1.250381e+02
      endloop
   endfacet
   facet normal -8.668585e-01 -1.485291e-04 -4.985542e-01
      outer loop
         vertex 5.285231e+01 6.689507e+01 1.250828e+02
         vertex 5.288863e+01 4.914287e+00 1.250381e+02
         vertex 5.272138e+01 6.689507e+01 1.253104e+02
      endloop
   endfacet
   facet normal -8.178418e-01 3.215784e-04 -5.754430e-01
      outer loop
         vertex 5.272138e+01 6.689507e+01 1.253104e+02
         vertex 5.288863e+01 4.914287e+00 1.250381e+02
         vertex 5.277584e+01 4.971187e+00 1.251984e+02
      endloop
   endfacet
   facet normal -9.497448e-01 -2.690478e-04 -3.130253e-01
      outer loop
         vertex 5.272138e+01 6.689507e+01 1.253104e+02
         vertex 5.277584e+01 4.971187e+00 1.251984e+02
         vertex 5.265365e+01 5.187962e+00 1.255690e+02
      endloop
   endfacet
   facet normal -7.724084e-02 -9.951844e-01 6.034717e-02
      outer loop
         vertex 5.303053e+01 4.895072e+00 1.249029e+02
         vertex 6.411244e+01 4.895072e+00 1.390870e+02
         vertex 5.288863e+01 4.914287e+00 1.250381e+02
      endloop
   endfacet
   facet normal -7.724010e-02 -9.951845e-01 6.034657e-02
      outer loop
         vertex 5.288863e+01 4.914287e+00 1.250381e+02
         vertex 6.411244e+01 4.895072e+00 1.390870e+02
         vertex 6.394688e+01 4.914287e+00 1.391920e+02
      endloop
   endfacet
   facet normal -2.287252e-01 -9.569489e-01 1.786997e-01
      outer loop
         vertex 5.288863e+01 4.914287e+00 1.250381e+02
         vertex 6.394688e+01 4.914287e+00 1.391920e+02
         vertex 5.277584e+01 4.971187e+00 1.251984e+02
      endloop
   endfacet
   facet normal -2.773096e-01 -9.358218e-01 2.175704e-01
      outer loop
         vertex 6.394688e+01 4.914287e+00 1.391920e+02
         vertex 6.363595e+01 5.029041e+00 1.392893e+02
         vertex 5.277584e+01 4.971187e+00 1.251984e+02
      endloop
   endfacet
   facet normal -4.835922e-01 -7.904385e-01 3.759597e-01
      outer loop
         vertex 5.277584e+01 4.971187e+00 1.251984e+02
         vertex 6.363595e+01 5.029041e+00 1.392893e+02
         vertex 6.336366e+01 5.196023e+00 1.392901e+02
      endloop
   endfacet
   facet normal -4.376693e-01 -8.315082e-01 3.421107e-01
      outer loop
         vertex 5.277584e+01 4.971187e+00 1.251984e+02
         vertex 6.336366e+01 5.196023e+00 1.392901e+02
         vertex 5.265365e+01 5.187962e+00 1.255690e+02
      endloop
   endfacet
   facet normal -6.279017e-01 -6.043059e-01 4.904628e-01
      outer loop
         vertex 5.265365e+01 5.187962e+00 1.255690e+02
         vertex 6.336366e+01 5.196023e+00 1.392901e+02
         vertex 6.312217e+01 5.395073e+00 1.392262e+02
      endloop
   endfacet
   facet normal -6.561939e-01 -5.548694e-01 5.113996e-01
      outer loop
         vertex 5.265365e+01 5.187962e+00 1.255690e+02
         vertex 6.312217e+01 5.395073e+00 1.392262e+02
         vertex 5.268256e+01 5.512390e+00 1.259581e+02
      endloop
   endfacet
   facet normal -7.605205e-01 -2.573991e-01 5.961160e-01
      outer loop
         vertex 5.268256e+01 5.512390e+00 1.259581e+02
         vertex 6.312217e+01 5.395073e+00 1.392262e+02
         vertex 6.270877e+01 5.895067e+00 1.389147e+02
      endloop
   endfacet
   facet normal -7.728686e-01 -1.950947e-01 6.038312e-01
      outer loop
         vertex 5.268256e+01 5.512390e+00 1.259581e+02
         vertex 6.270877e+01 5.895067e+00 1.389147e+02
         vertex 5.285818e+01 5.895067e+00 1.263065e+02
      endloop
   endfacet
   facet normal -6.937397e-01 -6.945380e-01 1.906361e-01
      outer loop
         vertex 5.154531e+01 6.924383e+01 1.260632e+02
         vertex 5.208787e+01 6.865843e+01 1.259049e+02
         vertex 5.219732e+01 6.865843e+01 1.263032e+02
      endloop
   endfacet
   facet normal -8.966568e-01 -3.720992e-01 -2.398931e-01
      outer loop
         vertex 5.257472e+01 6.784762e+01 1.252590e+02
         vertex 5.259033e+01 6.781787e+01 1.252468e+02
         vertex 5.250858e+01 6.782212e+01 1.255457e+02
      endloop
   endfacet
   facet normal -7.085818e-01 -7.315051e-02 -7.018268e-01
      outer loop
         vertex 5.302621e+01 6.690456e+01 1.249062e+02
         vertex 5.303053e+01 6.689507e+01 1.249029e+02
         vertex 5.285231e+01 6.689507e+01 1.250828e+02
      endloop
   endfacet
   facet normal -8.604596e-01 -1.212806e-01 -4.948740e-01
      outer loop
         vertex 5.272138e+01 6.689507e+01 1.253104e+02
         vertex 5.272916e+01 6.754225e+01 1.251383e+02
         vertex 5.285231e+01 6.689507e+01 1.250828e+02
      endloop
   endfacet
   facet normal -7.062118e-01 -7.397768e-02 -7.041252e-01
      outer loop
         vertex 5.285231e+01 6.689507e+01 1.250828e+02
         vertex 5.272916e+01 6.754225e+01 1.251383e+02
         vertex 5.287957e+01 6.722488e+01 1.250208e+02
      endloop
   endfacet
   facet normal -7.085660e-01 -7.335012e-02 -7.018219e-01
      outer loop
         vertex 5.285231e+01 6.689507e+01 1.250828e+02
         vertex 5.287957e+01 6.722488e+01 1.250208e+02
         vertex 5.302621e+01 6.690456e+01 1.249062e+02
      endloop
   endfacet
   facet normal -8.893309e-01 -3.893781e-01 -2.397399e-01
      outer loop
         vertex 5.257472e+01 6.784762e+01 1.252590e+02
         vertex 5.250858e+01 6.782212e+01 1.255457e+02
         vertex 5.240472e+01 6.815412e+01 1.253918e+02
      endloop
   endfacet
   facet normal -9.549847e-01 -2.966196e-01 4.593644e-03
      outer loop
         vertex 5.240472e+01 6.815412e+01 1.253918e+02
         vertex 5.250858e+01 6.782212e+01 1.255457e+02
         vertex 5.251003e+01 6.782212e+01 1.258469e+02
      endloop
   endfacet
   facet normal -8.544440e-01 -4.935366e-01 -1.623181e-01
      outer loop
         vertex 5.240472e+01 6.815412e+01 1.253918e+02
         vertex 5.251003e+01 6.782212e+01 1.258469e+02
         vertex 5.197904e+01 6.878170e+01 1.257244e+02
      endloop
   endfacet
   facet normal -4.165667e-02 -9.988243e-01 2.479417e-02
      outer loop
         vertex 5.049415e+01 6.989507e+01 1.281535e+02
         vertex 4.997858e+01 6.989507e+01 1.272873e+02
         vertex 5.022210e+01 6.988019e+01 1.270970e+02
      endloop
   endfacet
   facet normal -4.563293e-01 -8.889978e-01 -3.803233e-02
      outer loop
         vertex 5.103947e+01 6.960706e+01 1.264584e+02
         vertex 5.158598e+01 6.932212e+01 1.265616e+02
         vertex 5.076659e+01 6.973801e+01 1.266716e+02
      endloop
   endfacet
   facet normal -4.329786e-01 -8.903351e-01 1.408298e-01
      outer loop
         vertex 5.076659e+01 6.973801e+01 1.266716e+02
         vertex 5.158598e+01 6.932212e+01 1.265616e+02
         vertex 5.081565e+01 6.974824e+01 1.268871e+02
      endloop
   endfacet
   facet normal -1.861210e-01 -9.785044e-01 8.881514e-02
      outer loop
         vertex 5.076659e+01 6.973801e+01 1.266716e+02
         vertex 5.081565e+01 6.974824e+01 1.268871e+02
         vertex 5.022210e+01 6.988019e+01 1.270970e+02
      endloop
   endfacet
   facet normal -1.799828e-01 -9.779604e-01 1.058285e-01
      outer loop
         vertex 5.022210e+01 6.988019e+01 1.270970e+02
         vertex 5.081565e+01 6.974824e+01 1.268871e+02
         vertex 5.122468e+01 6.974824e+01 1.275828e+02
      endloop
   endfacet
   facet normal -1.559973e-01 -9.862770e-01 5.406079e-02
      outer loop
         vertex 5.022210e+01 6.988019e+01 1.270970e+02
         vertex 5.122468e+01 6.974824e+01 1.275828e+02
         vertex 5.049415e+01 6.989507e+01 1.281535e+02
      endloop
   endfacet
   facet normal -7.536695e-01 -4.853928e-01 4.431434e-01
      outer loop
         vertex 5.267823e+01 6.804312e+01 1.264471e+02
         vertex 5.240669e+01 6.865843e+01 1.266593e+02
         vertex 5.219732e+01 6.865843e+01 1.263032e+02
      endloop
   endfacet
   facet normal -6.121914e-01 -7.040261e-01 3.599569e-01
      outer loop
         vertex 5.219732e+01 6.865843e+01 1.263032e+02
         vertex 5.240669e+01 6.865843e+01 1.266593e+02
         vertex 5.158598e+01 6.932212e+01 1.265616e+02
      endloop
   endfacet
   facet normal -6.919989e-01 -7.023570e-01 1.668301e-01
      outer loop
         vertex 5.219732e+01 6.865843e+01 1.263032e+02
         vertex 5.158598e+01 6.932212e+01 1.265616e+02
         vertex 5.154531e+01 6.924383e+01 1.260632e+02
      endloop
   endfacet
   facet normal -4.808935e-01 -8.592883e-01 1.742559e-01
      outer loop
         vertex 5.154531e+01 6.924383e+01 1.260632e+02
         vertex 5.158598e+01 6.932212e+01 1.265616e+02
         vertex 5.103947e+01 6.960706e+01 1.264584e+02
      endloop
   endfacet
   facet normal -5.831591e-01 -6.492315e-01 4.882866e-01
      outer loop
         vertex 5.240669e+01 6.865843e+01 1.266593e+02
         vertex 5.216577e+01 6.901639e+01 1.268475e+02
         vertex 5.158598e+01 6.932212e+01 1.265616e+02
      endloop
   endfacet
   facet normal -5.626549e-01 -7.576071e-01 3.308337e-01
      outer loop
         vertex 5.158598e+01 6.932212e+01 1.265616e+02
         vertex 5.216577e+01 6.901639e+01 1.268475e+02
         vertex 5.188370e+01 6.932212e+01 1.270679e+02
      endloop
   endfacet
   facet normal -3.940576e-01 -8.894006e-01 2.317007e-01
      outer loop
         vertex 5.158598e+01 6.932212e+01 1.265616e+02
         vertex 5.188370e+01 6.932212e+01 1.270679e+02
         vertex 5.081565e+01 6.974824e+01 1.268871e+02
      endloop
   endfacet
   facet normal -3.964552e-01 -8.723450e-01 2.860724e-01
      outer loop
         vertex 5.081565e+01 6.974824e+01 1.268871e+02
         vertex 5.188370e+01 6.932212e+01 1.270679e+02
         vertex 5.139883e+01 6.966671e+01 1.274467e+02
      endloop
   endfacet
   facet normal -3.006558e-01 -9.372053e-01 1.767833e-01
      outer loop
         vertex 5.081565e+01 6.974824e+01 1.268871e+02
         vertex 5.139883e+01 6.966671e+01 1.274467e+02
         vertex 5.122468e+01 6.974824e+01 1.275828e+02
      endloop
   endfacet
   facet normal -7.358187e-01 -6.769212e-01 -1.866569e-02
      outer loop
         vertex 5.154531e+01 6.924383e+01 1.260632e+02
         vertex 5.197904e+01 6.878170e+01 1.257244e+02
         vertex 5.208787e+01 6.865843e+01 1.259049e+02
      endloop
   endfacet
   facet normal -8.660982e-01 -4.519974e-01 2.134766e-01
      outer loop
         vertex 5.208787e+01 6.865843e+01 1.259049e+02
         vertex 5.197904e+01 6.878170e+01 1.257244e+02
         vertex 5.251003e+01 6.782212e+01 1.258469e+02
      endloop
   endfacet
   facet normal -8.606880e-01 -4.508635e-01 2.365126e-01
      outer loop
         vertex 5.208787e+01 6.865843e+01 1.259049e+02
         vertex 5.251003e+01 6.782212e+01 1.258469e+02
         vertex 5.219732e+01 6.865843e+01 1.263032e+02
      endloop
   endfacet
   facet normal -8.606944e-01 -4.508585e-01 2.364990e-01
      outer loop
         vertex 5.219732e+01 6.865843e+01 1.263032e+02
         vertex 5.251003e+01 6.782212e+01 1.258469e+02
         vertex 5.258983e+01 6.782212e+01 1.261373e+02
      endloop
   endfacet
   facet normal -7.260340e-01 -4.447742e-01 5.244526e-01
      outer loop
         vertex 5.219732e+01 6.865843e+01 1.263032e+02
         vertex 5.258983e+01 6.782212e+01 1.261373e+02
         vertex 5.267823e+01 6.804312e+01 1.264471e+02
      endloop
   endfacet
   facet normal -8.095867e-01 -3.434643e-01 4.760269e-01
      outer loop
         vertex 5.267823e+01 6.804312e+01 1.264471e+02
         vertex 5.258983e+01 6.782212e+01 1.261373e+02
         vertex 5.274248e+01 6.782212e+01 1.263969e+02
      endloop
   endfacet
   facet normal -8.515928e-01 -1.551132e-01 5.007291e-01
      outer loop
         vertex 5.285818e+01 6.689507e+01 1.263065e+02
         vertex 5.274248e+01 6.782212e+01 1.263969e+02
         vertex 5.272507e+01 6.689507e+01 1.260802e+02
      endloop
   endfacet
   facet normal -8.515942e-01 -1.551124e-01 5.007269e-01
      outer loop
         vertex 5.272507e+01 6.689507e+01 1.260802e+02
         vertex 5.274248e+01 6.782212e+01 1.263969e+02
         vertex 5.258983e+01 6.782212e+01 1.261373e+02
      endloop
   endfacet
   facet normal -9.525875e-01 -1.551125e-01 2.617580e-01
      outer loop
         vertex 5.272507e+01 6.689507e+01 1.260802e+02
         vertex 5.258983e+01 6.782212e+01 1.261373e+02
         vertex 5.265549e+01 6.689507e+01 1.258269e+02
      endloop
   endfacet
   facet normal -9.525901e-01 -1.551099e-01 2.617498e-01
      outer loop
         vertex 5.265549e+01 6.689507e+01 1.258269e+02
         vertex 5.258983e+01 6.782212e+01 1.261373e+02
         vertex 5.251003e+01 6.782212e+01 1.258469e+02
      endloop
   endfacet
   facet normal -9.878858e-01 -1.551103e-01 4.735966e-03
      outer loop
         vertex 5.265549e+01 6.689507e+01 1.258269e+02
         vertex 5.251003e+01 6.782212e+01 1.258469e+02
         vertex 5.265423e+01 6.689507e+01 1.255643e+02
      endloop
   endfacet
   facet normal -9.878850e-01 -1.551150e-01 4.751901e-03
      outer loop
         vertex 5.265423e+01 6.689507e+01 1.255643e+02
         vertex 5.251003e+01 6.782212e+01 1.258469e+02
         vertex 5.250858e+01 6.782212e+01 1.255457e+02
      endloop
   endfacet
   facet normal -9.550554e-01 -1.551156e-01 -2.526029e-01
      outer loop
         vertex 5.265423e+01 6.689507e+01 1.255643e+02
         vertex 5.250858e+01 6.782212e+01 1.255457e+02
         vertex 5.272138e+01 6.689507e+01 1.253104e+02
      endloop
   endfacet
   facet normal -9.537411e-01 -1.532886e-01 -2.586126e-01
      outer loop
         vertex 5.272138e+01 6.689507e+01 1.253104e+02
         vertex 5.250858e+01 6.782212e+01 1.255457e+02
         vertex 5.259033e+01 6.781787e+01 1.252468e+02
      endloop
   endfacet
   facet normal -7.785193e-01 -1.525639e-01 -6.087955e-01
      outer loop
         vertex 5.272138e+01 6.689507e+01 1.253104e+02
         vertex 5.259033e+01 6.781787e+01 1.252468e+02
         vertex 5.272916e+01 6.754225e+01 1.251383e+02
      endloop
   endfacet
   facet normal -1.232718e-01 -9.876884e-01 9.631049e-02
      outer loop
         vertex 6.034474e+01 6.989507e+01 1.407617e+02
         vertex 5.049415e+01 6.989507e+01 1.281535e+02
         vertex 6.107526e+01 6.974824e+01 1.401909e+02
      endloop
   endfacet
   facet normal -1.232718e-01 -9.876884e-01 9.631049e-02
      outer loop
         vertex 6.107526e+01 6.974824e+01 1.401909e+02
         vertex 5.049415e+01 6.989507e+01 1.281535e+02
         vertex 5.122468e+01 6.974824e+01 1.275828e+02
      endloop
   endfacet
   facet normal -2.727478e-01 -9.381895e-01 2.130940e-01
      outer loop
         vertex 6.107526e+01 6.974824e+01 1.401909e+02
         vertex 5.122468e+01 6.974824e+01 1.275828e+02
         vertex 6.124941e+01 6.966671e+01 1.400549e+02
      endloop
   endfacet
   facet normal -2.727478e-01 -9.381895e-01 2.130940e-01
      outer loop
         vertex 6.124941e+01 6.966671e+01 1.400549e+02
         vertex 5.122468e+01 6.974824e+01 1.275828e+02
         vertex 5.139883e+01 6.966671e+01 1.274467e+02
      endloop
   endfacet
   facet normal -3.850374e-01 -8.724970e-01 3.008242e-01
      outer loop
         vertex 6.124941e+01 6.966671e+01 1.400549e+02
         vertex 5.139883e+01 6.966671e+01 1.274467e+02
         vertex 6.173428e+01 6.932212e+01 1.396761e+02
      endloop
   endfacet
   facet normal -3.850376e-01 -8.724968e-01 3.008244e-01
      outer loop
         vertex 6.173428e+01 6.932212e+01 1.396761e+02
         vertex 5.139883e+01 6.966671e+01 1.274467e+02
         vertex 5.188370e+01 6.932212e+01 1.270679e+02
      endloop
   endfacet
   facet normal -5.117735e-01 -7.604044e-01 3.998413e-01
      outer loop
         vertex 6.173428e+01 6.932212e+01 1.396761e+02
         vertex 5.188370e+01 6.932212e+01 1.270679e+02
         vertex 6.201636e+01 6.901639e+01 1.394557e+02
      endloop
   endfacet
   facet normal -5.117726e-01 -7.604053e-01 3.998406e-01
      outer loop
         vertex 6.201636e+01 6.901639e+01 1.394557e+02
         vertex 5.188370e+01 6.932212e+01 1.270679e+02
         vertex 5.216577e+01 6.901639e+01 1.268475e+02
      endloop
   endfacet
   facet normal -5.992084e-01 -6.494476e-01 4.681529e-01
      outer loop
         vertex 6.201636e+01 6.901639e+01 1.394557e+02
         vertex 5.216577e+01 6.901639e+01 1.268475e+02
         vertex 6.225728e+01 6.865843e+01 1.392674e+02
      endloop
   endfacet
   facet normal -5.992088e-01 -6.494469e-01 4.681533e-01
      outer loop
         vertex 6.225728e+01 6.865843e+01 1.392674e+02
         vertex 5.216577e+01 6.901639e+01 1.268475e+02
         vertex 5.240669e+01 6.865843e+01 1.266593e+02
      endloop
   endfacet
   facet normal -6.875369e-01 -4.886198e-01 5.371627e-01
      outer loop
         vertex 6.225728e+01 6.865843e+01 1.392674e+02
         vertex 5.240669e+01 6.865843e+01 1.266593e+02
         vertex 6.252881e+01 6.804312e+01 1.390553e+02
      endloop
   endfacet
   facet normal -6.875352e-01 -4.886238e-01 5.371612e-01
      outer loop
         vertex 6.252881e+01 6.804312e+01 1.390553e+02
         vertex 5.240669e+01 6.865843e+01 1.266593e+02
         vertex 5.267823e+01 6.804312e+01 1.264471e+02
      endloop
   endfacet
   facet normal -7.393041e-01 -3.461201e-01 5.776074e-01
      outer loop
         vertex 6.252881e+01 6.804312e+01 1.390553e+02
         vertex 5.267823e+01 6.804312e+01 1.264471e+02
         vertex 6.259306e+01 6.782212e+01 1.390051e+02
      endloop
   endfacet
   facet normal -7.393080e-01 -3.461064e-01 5.776107e-01
      outer loop
         vertex 6.259306e+01 6.782212e+01 1.390051e+02
         vertex 5.267823e+01 6.804312e+01 1.264471e+02
         vertex 5.274248e+01 6.782212e+01 1.263969e+02
      endloop
   endfacet
   facet normal -7.783089e-01 -1.564351e-01 6.080816e-01
      outer loop
         vertex 6.259306e+01 6.782212e+01 1.390051e+02
         vertex 5.274248e+01 6.782212e+01 1.263969e+02
         vertex 6.270877e+01 6.689507e+01 1.389147e+02
      endloop
   endfacet
   facet normal -7.783090e-01 -1.564346e-01 6.080817e-01
      outer loop
         vertex 6.270877e+01 6.689507e+01 1.389147e+02
         vertex 5.274248e+01 6.782212e+01 1.263969e+02
         vertex 5.285818e+01 6.689507e+01 1.263065e+02
      endloop
   endfacet
   facet normal -2.546367e-01 -5.731841e-01 7.788582e-01
      outer loop
         vertex 6.348663e+01 6.815412e+01 1.395760e+02
         vertex 6.312171e+01 6.870364e+01 1.398611e+02
         vertex 6.291213e+01 6.865843e+01 1.397593e+02
      endloop
   endfacet
   facet normal -1.949787e-01 -6.823662e-01 7.045280e-01
      outer loop
         vertex 6.291213e+01 6.865843e+01 1.397593e+02
         vertex 6.312171e+01 6.870364e+01 1.398611e+02
         vertex 6.262721e+01 6.924383e+01 1.402474e+02
      endloop
   endfacet
   facet normal -1.110168e-01 -9.874935e-01 1.119459e-01
      outer loop
         vertex 6.106049e+01 6.989507e+01 1.414715e+02
         vertex 6.034474e+01 6.989507e+01 1.407617e+02
         vertex 6.107526e+01 6.974824e+01 1.401909e+02
      endloop
   endfacet
   facet normal 5.840456e-02 -9.673126e-01 2.467695e-01
      outer loop
         vertex 6.106049e+01 6.989507e+01 1.414715e+02
         vertex 6.165129e+01 6.974824e+01 1.407561e+02
         vertex 6.161307e+01 6.981830e+01 1.410398e+02
      endloop
   endfacet
   facet normal -1.593891e-01 -9.632041e-01 2.164094e-01
      outer loop
         vertex 6.161307e+01 6.981830e+01 1.410398e+02
         vertex 6.165129e+01 6.974824e+01 1.407561e+02
         vertex 6.184850e+01 6.973801e+01 1.408558e+02
      endloop
   endfacet
   facet normal -1.028127e-01 -4.411761e-01 8.915117e-01
      outer loop
         vertex 6.291213e+01 6.865843e+01 1.397593e+02
         vertex 6.307051e+01 6.782212e+01 1.393637e+02
         vertex 6.348663e+01 6.815412e+01 1.395760e+02
      endloop
   endfacet
   facet normal -2.354842e-01 -2.966243e-01 9.255059e-01
      outer loop
         vertex 6.348663e+01 6.815412e+01 1.395760e+02
         vertex 6.307051e+01 6.782212e+01 1.393637e+02
         vertex 6.336238e+01 6.782212e+01 1.394380e+02
      endloop
   endfacet
   facet normal 1.747287e-02 -3.893828e-01 9.209103e-01
      outer loop
         vertex 6.348663e+01 6.815412e+01 1.395760e+02
         vertex 6.336238e+01 6.782212e+01 1.394380e+02
         vertex 6.365663e+01 6.784762e+01 1.394432e+02
      endloop
   endfacet
   facet normal 1.584950e-02 -3.721061e-01 9.280549e-01
      outer loop
         vertex 6.365663e+01 6.784762e+01 1.394432e+02
         vertex 6.336238e+01 6.782212e+01 1.394380e+02
         vertex 6.367224e+01 6.781787e+01 1.394310e+02
      endloop
   endfacet
   facet normal 5.095607e-01 -7.344037e-02 8.572948e-01
      outer loop
         vertex 6.411244e+01 6.689507e+01 1.390870e+02
         vertex 6.410812e+01 6.690456e+01 1.390904e+02
         vertex 6.389473e+01 6.689507e+01 1.392164e+02
      endloop
   endfacet
   facet normal 5.095611e-01 -7.335236e-02 8.573021e-01
      outer loop
         vertex 6.389473e+01 6.689507e+01 1.392164e+02
         vertex 6.410812e+01 6.690456e+01 1.390904e+02
         vertex 6.396148e+01 6.722488e+01 1.392050e+02
      endloop
   endfacet
   facet normal 2.739701e-01 -2.205315e-02 9.614853e-01
      outer loop
         vertex 6.389473e+01 6.689507e+01 1.392164e+02
         vertex 6.396148e+01 6.722488e+01 1.392050e+02
         vertex 6.364217e+01 6.689507e+01 1.392884e+02
      endloop
   endfacet
   facet normal -1.098637e-01 -9.876193e-01 1.119737e-01
      outer loop
         vertex 6.106049e+01 6.989507e+01 1.414715e+02
         vertex 6.107526e+01 6.974824e+01 1.401909e+02
         vertex 6.165129e+01 6.974824e+01 1.407561e+02
      endloop
   endfacet
   facet normal -2.442669e-01 -9.372051e-01 2.489582e-01
      outer loop
         vertex 6.165129e+01 6.974824e+01 1.407561e+02
         vertex 6.107526e+01 6.974824e+01 1.401909e+02
         vertex 6.124941e+01 6.966671e+01 1.400549e+02
      endloop
   endfacet
   facet normal -3.488932e-01 -8.868077e-01 3.030605e-01
      outer loop
         vertex 6.165129e+01 6.974824e+01 1.407561e+02
         vertex 6.124941e+01 6.966671e+01 1.400549e+02
         vertex 6.215354e+01 6.932212e+01 1.400874e+02
      endloop
   endfacet
   facet normal -2.268276e-01 -9.067111e-01 3.555618e-01
      outer loop
         vertex 6.184850e+01 6.973801e+01 1.408558e+02
         vertex 6.165129e+01 6.974824e+01 1.407561e+02
         vertex 6.238075e+01 6.944180e+01 1.404400e+02
      endloop
   endfacet
   facet normal -1.891519e-01 -8.863020e-01 4.227178e-01
      outer loop
         vertex 6.238075e+01 6.944180e+01 1.404400e+02
         vertex 6.165129e+01 6.974824e+01 1.407561e+02
         vertex 6.215354e+01 6.932212e+01 1.400874e+02
      endloop
   endfacet
   facet normal -2.968769e-01 -8.296014e-01 4.728907e-01
      outer loop
         vertex 6.238075e+01 6.944180e+01 1.404400e+02
         vertex 6.215354e+01 6.932212e+01 1.400874e+02
         vertex 6.262721e+01 6.924383e+01 1.402474e+02
      endloop
   endfacet
   facet normal -3.292862e-01 -7.023573e-01 6.310823e-01
      outer loop
         vertex 6.262721e+01 6.924383e+01 1.402474e+02
         vertex 6.215354e+01 6.932212e+01 1.400874e+02
         vertex 6.255213e+01 6.865843e+01 1.395567e+02
      endloop
   endfacet
   facet normal -3.527985e-01 -6.945410e-01 6.270136e-01
      outer loop
         vertex 6.262721e+01 6.924383e+01 1.402474e+02
         vertex 6.255213e+01 6.865843e+01 1.395567e+02
         vertex 6.291213e+01 6.865843e+01 1.397593e+02
      endloop
   endfacet
   facet normal -4.377020e-01 -4.508596e-01 7.779091e-01
      outer loop
         vertex 6.291213e+01 6.865843e+01 1.397593e+02
         vertex 6.255213e+01 6.865843e+01 1.395567e+02
         vertex 6.280804e+01 6.782212e+01 1.392160e+02
      endloop
   endfacet
   facet normal -4.376945e-01 -4.508622e-01 7.779118e-01
      outer loop
         vertex 6.291213e+01 6.865843e+01 1.397593e+02
         vertex 6.280804e+01 6.782212e+01 1.392160e+02
         vertex 6.307051e+01 6.782212e+01 1.393637e+02
      endloop
   endfacet
   facet normal -3.444732e-01 -8.706757e-01 3.510868e-01
      outer loop
         vertex 6.124941e+01 6.966671e+01 1.400549e+02
         vertex 6.173428e+01 6.932212e+01 1.396761e+02
         vertex 6.215354e+01 6.932212e+01 1.400874e+02
      endloop
   endfacet
   facet normal -4.571279e-01 -7.576062e-01 4.659044e-01
      outer loop
         vertex 6.215354e+01 6.932212e+01 1.400874e+02
         vertex 6.173428e+01 6.932212e+01 1.396761e+02
         vertex 6.201636e+01 6.901639e+01 1.394557e+02
      endloop
   endfacet
   facet normal -5.520847e-01 -6.972003e-01 4.572901e-01
      outer loop
         vertex 6.215354e+01 6.932212e+01 1.400874e+02
         vertex 6.201636e+01 6.901639e+01 1.394557e+02
         vertex 6.255213e+01 6.865843e+01 1.395567e+02
      endloop
   endfacet
   facet normal -5.344959e-01 -6.461785e-01 5.447636e-01
      outer loop
         vertex 6.255213e+01 6.865843e+01 1.395567e+02
         vertex 6.201636e+01 6.901639e+01 1.394557e+02
         vertex 6.225728e+01 6.865843e+01 1.392674e+02
      endloop
   endfacet
   facet normal -6.251266e-01 -4.508607e-01 6.371353e-01
      outer loop
         vertex 6.255213e+01 6.865843e+01 1.395567e+02
         vertex 6.225728e+01 6.865843e+01 1.392674e+02
         vertex 6.280804e+01 6.782212e+01 1.392160e+02
      endloop
   endfacet
   facet normal -6.923524e-01 -4.886047e-01 5.309554e-01
      outer loop
         vertex 6.280804e+01 6.782212e+01 1.392160e+02
         vertex 6.225728e+01 6.865843e+01 1.392674e+02
         vertex 6.252881e+01 6.804312e+01 1.390553e+02
      endloop
   endfacet
   facet normal -6.577412e-01 -3.434785e-01 6.703723e-01
      outer loop
         vertex 6.280804e+01 6.782212e+01 1.392160e+02
         vertex 6.252881e+01 6.804312e+01 1.390553e+02
         vertex 6.259306e+01 6.782212e+01 1.390051e+02
      endloop
   endfacet
   facet normal -6.918735e-01 -1.551138e-01 7.051601e-01
      outer loop
         vertex 6.259306e+01 6.782212e+01 1.390051e+02
         vertex 6.270877e+01 6.689507e+01 1.389147e+02
         vertex 6.280804e+01 6.782212e+01 1.392160e+02
      endloop
   endfacet
   facet normal -6.918745e-01 -1.551134e-01 7.051592e-01
      outer loop
         vertex 6.280804e+01 6.782212e+01 1.392160e+02
         vertex 6.270877e+01 6.689507e+01 1.389147e+02
         vertex 6.289622e+01 6.689507e+01 1.390986e+02
      endloop
   endfacet
   facet normal -4.844275e-01 -1.551137e-01 8.609702e-01
      outer loop
         vertex 6.280804e+01 6.782212e+01 1.392160e+02
         vertex 6.289622e+01 6.689507e+01 1.390986e+02
         vertex 6.307051e+01 6.782212e+01 1.393637e+02
      endloop
   endfacet
   facet normal -4.844334e-01 -1.551118e-01 8.609673e-01
      outer loop
         vertex 6.307051e+01 6.782212e+01 1.393637e+02
         vertex 6.289622e+01 6.689507e+01 1.390986e+02
         vertex 6.312508e+01 6.689507e+01 1.392274e+02
      endloop
   endfacet
   facet normal -2.435974e-01 -1.551127e-01 9.573925e-01
      outer loop
         vertex 6.307051e+01 6.782212e+01 1.393637e+02
         vertex 6.312508e+01 6.689507e+01 1.392274e+02
         vertex 6.336238e+01 6.782212e+01 1.394380e+02
      endloop
   endfacet
   facet normal -2.435865e-01 -1.551160e-01 9.573947e-01
      outer loop
         vertex 6.336238e+01 6.782212e+01 1.394380e+02
         vertex 6.312508e+01 6.689507e+01 1.392274e+02
         vertex 6.337959e+01 6.689507e+01 1.392921e+02
      endloop
   endfacet
   facet normal 2.017407e-02 -1.549889e-01 9.877102e-01
      outer loop
         vertex 6.336238e+01 6.782212e+01 1.394380e+02
         vertex 6.337959e+01 6.689507e+01 1.392921e+02
         vertex 6.367224e+01 6.781787e+01 1.394310e+02
      endloop
   endfacet
   facet normal 1.403958e-02 -1.531037e-01 9.881104e-01
      outer loop
         vertex 6.367224e+01 6.781787e+01 1.394310e+02
         vertex 6.337959e+01 6.689507e+01 1.392921e+02
         vertex 6.364217e+01 6.689507e+01 1.392884e+02
      endloop
   endfacet
   facet normal 4.023744e-01 -1.525580e-01 9.026743e-01
      outer loop
         vertex 6.367224e+01 6.781787e+01 1.394310e+02
         vertex 6.364217e+01 6.689507e+01 1.392884e+02
         vertex 6.381106e+01 6.754225e+01 1.393225e+02
      endloop
   endfacet
   facet normal 3.921967e-01 -1.501584e-01 9.075429e-01
      outer loop
         vertex 6.381106e+01 6.754225e+01 1.393225e+02
         vertex 6.364217e+01 6.689507e+01 1.392884e+02
         vertex 6.396148e+01 6.722488e+01 1.392050e+02
      endloop
   endfacet
endsolid TRY2_ASS - CAMERA MOUNT_V2-2