solid TRY2_ASS - Distal_Rod-2
   facet normal 0.000000e+00 7.071068e-01 -7.071068e-01
      outer loop
         vertex 1.386237e+02 3.599778e+01 4.304840e+01
         vertex 1.386237e+02 3.569778e+01 4.274840e+01
         vertex 1.333737e+02 3.599778e+01 4.304840e+01
      endloop
   endfacet
   facet normal 0.000000e+00 7.071068e-01 -7.071068e-01
      outer loop
         vertex 1.333737e+02 3.599778e+01 4.304840e+01
         vertex 1.386237e+02 3.569778e+01 4.274840e+01
         vertex 1.333737e+02 3.569778e+01 4.274840e+01
      endloop
   endfacet
   facet normal -7.048743e-01 7.941992e-02 -7.048721e-01
      outer loop
         vertex 1.289237e+02 3.124778e+01 4.274840e+01
         vertex 1.286237e+02 3.124778e+01 4.304840e+01
         vertex 1.287428e+02 3.230475e+01 4.304840e+01
      endloop
   endfacet
   facet normal -7.048740e-01 7.942005e-02 -7.048724e-01
      outer loop
         vertex 1.289237e+02 3.124778e+01 4.274840e+01
         vertex 1.287428e+02 3.230475e+01 4.304840e+01
         vertex 1.290353e+02 3.223799e+01 4.274840e+01
      endloop
   endfacet
   facet normal -6.695285e-01 2.342786e-01 -7.048724e-01
      outer loop
         vertex 1.290353e+02 3.223799e+01 4.274840e+01
         vertex 1.287428e+02 3.230475e+01 4.304840e+01
         vertex 1.290941e+02 3.330872e+01 4.304840e+01
      endloop
   endfacet
   facet normal -6.695285e-01 2.342786e-01 -7.048724e-01
      outer loop
         vertex 1.290353e+02 3.223799e+01 4.274840e+01
         vertex 1.290941e+02 3.330872e+01 4.304840e+01
         vertex 1.293644e+02 3.317856e+01 4.274840e+01
      endloop
   endfacet
   facet normal -6.006101e-01 3.773887e-01 -7.048725e-01
      outer loop
         vertex 1.293644e+02 3.317856e+01 4.274840e+01
         vertex 1.290941e+02 3.330872e+01 4.304840e+01
         vertex 1.296600e+02 3.420935e+01 4.304840e+01
      endloop
   endfacet
   facet normal -6.006117e-01 3.773888e-01 -7.048711e-01
      outer loop
         vertex 1.293644e+02 3.317856e+01 4.274840e+01
         vertex 1.296600e+02 3.420935e+01 4.304840e+01
         vertex 1.298946e+02 3.402231e+01 4.274840e+01
      endloop
   endfacet
   facet normal -5.015757e-01 5.015757e-01 -7.048714e-01
      outer loop
         vertex 1.298946e+02 3.402231e+01 4.274840e+01
         vertex 1.296600e+02 3.420935e+01 4.304840e+01
         vertex 1.304121e+02 3.496148e+01 4.304840e+01
      endloop
   endfacet
   facet normal -5.015739e-01 5.015752e-01 -7.048730e-01
      outer loop
         vertex 1.298946e+02 3.402231e+01 4.274840e+01
         vertex 1.304121e+02 3.496148e+01 4.304840e+01
         vertex 1.305992e+02 3.472693e+01 4.274840e+01
      endloop
   endfacet
   facet normal -3.773877e-01 6.006101e-01 -7.048730e-01
      outer loop
         vertex 1.305992e+02 3.472693e+01 4.274840e+01
         vertex 1.304121e+02 3.496148e+01 4.304840e+01
         vertex 1.313128e+02 3.552738e+01 4.304840e+01
      endloop
   endfacet
   facet normal -3.773907e-01 6.006117e-01 -7.048701e-01
      outer loop
         vertex 1.305992e+02 3.472693e+01 4.274840e+01
         vertex 1.313128e+02 3.552738e+01 4.304840e+01
         vertex 1.314429e+02 3.525709e+01 4.274840e+01
      endloop
   endfacet
   facet normal -2.342785e-01 6.695301e-01 -7.048709e-01
      outer loop
         vertex 1.314429e+02 3.525709e+01 4.274840e+01
         vertex 1.313128e+02 3.552738e+01 4.304840e+01
         vertex 1.323167e+02 3.587868e+01 4.304840e+01
      endloop
   endfacet
   facet normal -2.342781e-01 6.695298e-01 -7.048713e-01
      outer loop
         vertex 1.314429e+02 3.525709e+01 4.274840e+01
         vertex 1.323167e+02 3.587868e+01 4.304840e+01
         vertex 1.323835e+02 3.558620e+01 4.274840e+01
      endloop
   endfacet
   facet normal -7.942068e-02 7.048743e-01 -7.048721e-01
      outer loop
         vertex 1.323835e+02 3.558620e+01 4.274840e+01
         vertex 1.323167e+02 3.587868e+01 4.304840e+01
         vertex 1.333737e+02 3.599778e+01 4.304840e+01
      endloop
   endfacet
   facet normal -7.941989e-02 7.048732e-01 -7.048732e-01
      outer loop
         vertex 1.323835e+02 3.558620e+01 4.274840e+01
         vertex 1.333737e+02 3.599778e+01 4.304840e+01
         vertex 1.333737e+02 3.569778e+01 4.274840e+01
      endloop
   endfacet
   facet normal -7.071079e-01 -0.000000e+00 -7.071057e-01
      outer loop
         vertex 1.286237e+02 3.124778e+01 4.304840e+01
         vertex 1.289237e+02 3.124778e+01 4.274840e+01
         vertex 1.286237e+02 1.974778e+01 4.304840e+01
      endloop
   endfacet
   facet normal -7.071079e-01 0.000000e+00 -7.071057e-01
      outer loop
         vertex 1.286237e+02 1.974778e+01 4.304840e+01
         vertex 1.289237e+02 3.124778e+01 4.274840e+01
         vertex 1.289237e+02 1.974778e+01 4.274840e+01
      endloop
   endfacet
   facet normal 2.810200e-01 -6.514767e-01 -7.047027e-01
      outer loop
         vertex 1.355987e+02 1.589396e+01 4.274840e+01
         vertex 1.357487e+02 1.563416e+01 4.304840e+01
         vertex 1.347360e+02 1.519733e+01 4.304840e+01
      endloop
   endfacet
   facet normal 2.810184e-01 -6.514754e-01 -7.047045e-01
      outer loop
         vertex 1.355987e+02 1.589396e+01 4.274840e+01
         vertex 1.347360e+02 1.519733e+01 4.304840e+01
         vertex 1.346500e+02 1.548472e+01 4.274840e+01
      endloop
   endfacet
   facet normal 1.232036e-01 -6.987226e-01 -7.047039e-01
      outer loop
         vertex 1.346500e+02 1.548472e+01 4.274840e+01
         vertex 1.347360e+02 1.519733e+01 4.304840e+01
         vertex 1.336499e+02 1.500581e+01 4.304840e+01
      endloop
   endfacet
   facet normal 1.232049e-01 -6.987241e-01 -7.047022e-01
      outer loop
         vertex 1.346500e+02 1.548472e+01 4.274840e+01
         vertex 1.336499e+02 1.500581e+01 4.304840e+01
         vertex 1.336325e+02 1.530530e+01 4.274840e+01
      endloop
   endfacet
   facet normal -4.125411e-02 -7.083034e-01 -7.047016e-01
      outer loop
         vertex 1.336325e+02 1.530530e+01 4.274840e+01
         vertex 1.336499e+02 1.500581e+01 4.304840e+01
         vertex 1.325489e+02 1.506994e+01 4.304840e+01
      endloop
   endfacet
   facet normal -4.125464e-02 -7.083023e-01 -7.047027e-01
      outer loop
         vertex 1.336325e+02 1.530530e+01 4.274840e+01
         vertex 1.325489e+02 1.506994e+01 4.304840e+01
         vertex 1.326010e+02 1.536538e+01 4.274840e+01
      endloop
   endfacet
   facet normal -2.034864e-01 -6.796965e-01 -7.047028e-01
      outer loop
         vertex 1.326010e+02 1.536538e+01 4.274840e+01
         vertex 1.325489e+02 1.506994e+01 4.304840e+01
         vertex 1.314923e+02 1.538625e+01 4.304840e+01
      endloop
   endfacet
   facet normal -2.034867e-01 -6.796952e-01 -7.047039e-01
      outer loop
         vertex 1.326010e+02 1.536538e+01 4.274840e+01
         vertex 1.314923e+02 1.538625e+01 4.304840e+01
         vertex 1.316112e+02 1.566171e+01 4.274840e+01
      endloop
   endfacet
   facet normal -3.547510e-01 -6.144457e-01 -7.047044e-01
      outer loop
         vertex 1.316112e+02 1.566171e+01 4.274840e+01
         vertex 1.314923e+02 1.538625e+01 4.304840e+01
         vertex 1.305372e+02 1.593769e+01 4.304840e+01
      endloop
   endfacet
   facet normal -3.547510e-01 -6.144481e-01 -7.047023e-01
      outer loop
         vertex 1.316112e+02 1.566171e+01 4.274840e+01
         vertex 1.305372e+02 1.593769e+01 4.304840e+01
         vertex 1.307164e+02 1.617833e+01 4.274840e+01
      endloop
   endfacet
   facet normal -4.868912e-01 -5.160739e-01 -7.047018e-01
      outer loop
         vertex 1.307164e+02 1.617833e+01 4.274840e+01
         vertex 1.305372e+02 1.593769e+01 4.304840e+01
         vertex 1.297350e+02 1.669454e+01 4.304840e+01
      endloop
   endfacet
   facet normal -4.868909e-01 -5.160725e-01 -7.047031e-01
      outer loop
         vertex 1.307164e+02 1.617833e+01 4.274840e+01
         vertex 1.297350e+02 1.669454e+01 4.304840e+01
         vertex 1.299648e+02 1.688737e+01 4.274840e+01
      endloop
   endfacet
   facet normal -5.927801e-01 -3.898784e-01 -7.047031e-01
      outer loop
         vertex 1.299648e+02 1.688737e+01 4.274840e+01
         vertex 1.297350e+02 1.669454e+01 4.304840e+01
         vertex 1.291290e+02 1.761598e+01 4.304840e+01
      endloop
   endfacet
   facet normal -5.927797e-01 -3.898775e-01 -7.047040e-01
      outer loop
         vertex 1.299648e+02 1.688737e+01 4.274840e+01
         vertex 1.291290e+02 1.761598e+01 4.304840e+01
         vertex 1.293971e+02 1.775062e+01 4.274840e+01
      endloop
   endfacet
   facet normal -6.667130e-01 -2.426638e-01 -7.047042e-01
      outer loop
         vertex 1.293971e+02 1.775062e+01 4.274840e+01
         vertex 1.291290e+02 1.761598e+01 4.304840e+01
         vertex 1.287518e+02 1.865235e+01 4.304840e+01
      endloop
   endfacet
   facet normal -6.667135e-01 -2.426643e-01 -7.047036e-01
      outer loop
         vertex 1.293971e+02 1.775062e+01 4.274840e+01
         vertex 1.287518e+02 1.865235e+01 4.304840e+01
         vertex 1.290437e+02 1.872153e+01 4.274840e+01
      endloop
   endfacet
   facet normal -7.047043e-01 -8.236780e-02 -7.047038e-01
      outer loop
         vertex 1.290437e+02 1.872153e+01 4.274840e+01
         vertex 1.287518e+02 1.865235e+01 4.304840e+01
         vertex 1.286237e+02 1.974778e+01 4.304840e+01
      endloop
   endfacet
   facet normal -7.047051e-01 -8.236838e-02 -7.047029e-01
      outer loop
         vertex 1.290437e+02 1.872153e+01 4.274840e+01
         vertex 1.286237e+02 1.974778e+01 4.304840e+01
         vertex 1.289237e+02 1.974778e+01 4.274840e+01
      endloop
   endfacet
   facet normal 3.535540e-01 -6.123738e-01 -7.071053e-01
      outer loop
         vertex 1.357487e+02 1.563416e+01 4.304840e+01
         vertex 1.355987e+02 1.589396e+01 4.274840e+01
         vertex 1.386237e+02 1.729404e+01 4.304840e+01
      endloop
   endfacet
   facet normal 3.535534e-01 -6.123721e-01 -7.071071e-01
      outer loop
         vertex 1.386237e+02 1.729404e+01 4.304840e+01
         vertex 1.355987e+02 1.589396e+01 4.274840e+01
         vertex 1.386237e+02 1.764045e+01 4.274840e+01
      endloop
   endfacet
   facet normal 0.000000e+00 7.071068e-01 7.071068e-01
      outer loop
         vertex 1.386237e+02 3.569778e+01 5.914840e+01
         vertex 1.386237e+02 3.599778e+01 5.884840e+01
         vertex 1.333737e+02 3.569778e+01 5.914840e+01
      endloop
   endfacet
   facet normal 0.000000e+00 7.071068e-01 7.071068e-01
      outer loop
         vertex 1.333737e+02 3.569778e+01 5.914840e+01
         vertex 1.386237e+02 3.599778e+01 5.884840e+01
         vertex 1.333737e+02 3.599778e+01 5.884840e+01
      endloop
   endfacet
   facet normal -7.942055e-02 7.048732e-01 7.048732e-01
      outer loop
         vertex 1.333737e+02 3.569778e+01 5.914840e+01
         vertex 1.333737e+02 3.599778e+01 5.884840e+01
         vertex 1.323167e+02 3.587868e+01 5.884840e+01
      endloop
   endfacet
   facet normal -7.942002e-02 7.048744e-01 7.048720e-01
      outer loop
         vertex 1.333737e+02 3.569778e+01 5.914840e+01
         vertex 1.323167e+02 3.587868e+01 5.884840e+01
         vertex 1.323835e+02 3.558620e+01 5.914840e+01
      endloop
   endfacet
   facet normal -2.342784e-01 6.695297e-01 7.048713e-01
      outer loop
         vertex 1.323835e+02 3.558620e+01 5.914840e+01
         vertex 1.323167e+02 3.587868e+01 5.884840e+01
         vertex 1.313128e+02 3.552738e+01 5.884840e+01
      endloop
   endfacet
   facet normal -2.342783e-01 6.695302e-01 7.048709e-01
      outer loop
         vertex 1.323835e+02 3.558620e+01 5.914840e+01
         vertex 1.313128e+02 3.552738e+01 5.884840e+01
         vertex 1.314429e+02 3.525709e+01 5.914840e+01
      endloop
   endfacet
   facet normal -3.773892e-01 6.006125e-01 7.048702e-01
      outer loop
         vertex 1.314429e+02 3.525709e+01 5.914840e+01
         vertex 1.313128e+02 3.552738e+01 5.884840e+01
         vertex 1.304121e+02 3.496148e+01 5.884840e+01
      endloop
   endfacet
   facet normal -3.773891e-01 6.006091e-01 7.048731e-01
      outer loop
         vertex 1.314429e+02 3.525709e+01 5.914840e+01
         vertex 1.304121e+02 3.496148e+01 5.884840e+01
         vertex 1.305992e+02 3.472693e+01 5.914840e+01
      endloop
   endfacet
   facet normal -5.015746e-01 5.015746e-01 7.048730e-01
      outer loop
         vertex 1.305992e+02 3.472693e+01 5.914840e+01
         vertex 1.304121e+02 3.496148e+01 5.884840e+01
         vertex 1.296600e+02 3.420935e+01 5.884840e+01
      endloop
   endfacet
   facet normal -5.015751e-01 5.015764e-01 7.048713e-01
      outer loop
         vertex 1.305992e+02 3.472693e+01 5.914840e+01
         vertex 1.296600e+02 3.420935e+01 5.884840e+01
         vertex 1.298946e+02 3.402231e+01 5.914840e+01
      endloop
   endfacet
   facet normal -6.006112e-01 3.773894e-01 7.048712e-01
      outer loop
         vertex 1.298946e+02 3.402231e+01 5.914840e+01
         vertex 1.296600e+02 3.420935e+01 5.884840e+01
         vertex 1.290941e+02 3.330872e+01 5.884840e+01
      endloop
   endfacet
   facet normal -6.006105e-01 3.773881e-01 7.048725e-01
      outer loop
         vertex 1.298946e+02 3.402231e+01 5.914840e+01
         vertex 1.290941e+02 3.330872e+01 5.884840e+01
         vertex 1.293644e+02 3.317856e+01 5.914840e+01
      endloop
   endfacet
   facet normal -6.695285e-01 2.342786e-01 7.048724e-01
      outer loop
         vertex 1.293644e+02 3.317856e+01 5.914840e+01
         vertex 1.290941e+02 3.330872e+01 5.884840e+01
         vertex 1.287428e+02 3.230475e+01 5.884840e+01
      endloop
   endfacet
   facet normal -6.695285e-01 2.342786e-01 7.048724e-01
      outer loop
         vertex 1.293644e+02 3.317856e+01 5.914840e+01
         vertex 1.287428e+02 3.230475e+01 5.884840e+01
         vertex 1.290353e+02 3.223799e+01 5.914840e+01
      endloop
   endfacet
   facet normal -7.048740e-01 7.941989e-02 7.048724e-01
      outer loop
         vertex 1.290353e+02 3.223799e+01 5.914840e+01
         vertex 1.287428e+02 3.230475e+01 5.884840e+01
         vertex 1.286237e+02 3.124778e+01 5.884840e+01
      endloop
   endfacet
   facet normal -7.048743e-01 7.942008e-02 7.048721e-01
      outer loop
         vertex 1.290353e+02 3.223799e+01 5.914840e+01
         vertex 1.286237e+02 3.124778e+01 5.884840e+01
         vertex 1.289237e+02 3.124778e+01 5.914840e+01
      endloop
   endfacet
   facet normal -7.071079e-01 0.000000e+00 7.071057e-01
      outer loop
         vertex 1.289237e+02 3.124778e+01 5.914840e+01
         vertex 1.286237e+02 3.124778e+01 5.884840e+01
         vertex 1.289237e+02 1.974778e+01 5.914840e+01
      endloop
   endfacet
   facet normal -7.071079e-01 0.000000e+00 7.071057e-01
      outer loop
         vertex 1.289237e+02 1.974778e+01 5.914840e+01
         vertex 1.286237e+02 3.124778e+01 5.884840e+01
         vertex 1.286237e+02 1.974778e+01 5.884840e+01
      endloop
   endfacet
   facet normal -7.047051e-01 -8.236790e-02 7.047029e-01
      outer loop
         vertex 1.289237e+02 1.974778e+01 5.914840e+01
         vertex 1.286237e+02 1.974778e+01 5.884840e+01
         vertex 1.287518e+02 1.865235e+01 5.884840e+01
      endloop
   endfacet
   facet normal -7.047042e-01 -8.236827e-02 7.047038e-01
      outer loop
         vertex 1.289237e+02 1.974778e+01 5.914840e+01
         vertex 1.287518e+02 1.865235e+01 5.884840e+01
         vertex 1.290437e+02 1.872153e+01 5.914840e+01
      endloop
   endfacet
   facet normal -6.667136e-01 -2.426640e-01 7.047036e-01
      outer loop
         vertex 1.290437e+02 1.872153e+01 5.914840e+01
         vertex 1.287518e+02 1.865235e+01 5.884840e+01
         vertex 1.291290e+02 1.761598e+01 5.884840e+01
      endloop
   endfacet
   facet normal -6.667129e-01 -2.426641e-01 7.047042e-01
      outer loop
         vertex 1.290437e+02 1.872153e+01 5.914840e+01
         vertex 1.291290e+02 1.761598e+01 5.884840e+01
         vertex 1.293971e+02 1.775062e+01 5.914840e+01
      endloop
   endfacet
   facet normal -5.927794e-01 -3.898780e-01 7.047040e-01
      outer loop
         vertex 1.293971e+02 1.775062e+01 5.914840e+01
         vertex 1.291290e+02 1.761598e+01 5.884840e+01
         vertex 1.297350e+02 1.669454e+01 5.884840e+01
      endloop
   endfacet
   facet normal -5.927804e-01 -3.898780e-01 7.047031e-01
      outer loop
         vertex 1.293971e+02 1.775062e+01 5.914840e+01
         vertex 1.297350e+02 1.669454e+01 5.884840e+01
         vertex 1.299648e+02 1.688737e+01 5.914840e+01
      endloop
   endfacet
   facet normal -4.868904e-01 -5.160730e-01 7.047031e-01
      outer loop
         vertex 1.299648e+02 1.688737e+01 5.914840e+01
         vertex 1.297350e+02 1.669454e+01 5.884840e+01
         vertex 1.305372e+02 1.593769e+01 5.884840e+01
      endloop
   endfacet
   facet normal -4.868918e-01 -5.160734e-01 7.047018e-01
      outer loop
         vertex 1.299648e+02 1.688737e+01 5.914840e+01
         vertex 1.305372e+02 1.593769e+01 5.884840e+01
         vertex 1.307164e+02 1.617833e+01 5.914840e+01
      endloop
   endfacet
   facet normal -3.547520e-01 -6.144474e-01 7.047023e-01
      outer loop
         vertex 1.307164e+02 1.617833e+01 5.914840e+01
         vertex 1.305372e+02 1.593769e+01 5.884840e+01
         vertex 1.314923e+02 1.538625e+01 5.884840e+01
      endloop
   endfacet
   facet normal -3.547499e-01 -6.144462e-01 7.047044e-01
      outer loop
         vertex 1.307164e+02 1.617833e+01 5.914840e+01
         vertex 1.314923e+02 1.538625e+01 5.884840e+01
         vertex 1.316112e+02 1.566171e+01 5.914840e+01
      endloop
   endfacet
   facet normal -2.034861e-01 -6.796954e-01 7.047039e-01
      outer loop
         vertex 1.316112e+02 1.566171e+01 5.914840e+01
         vertex 1.314923e+02 1.538625e+01 5.884840e+01
         vertex 1.325489e+02 1.506994e+01 5.884840e+01
      endloop
   endfacet
   facet normal -2.034871e-01 -6.796963e-01 7.047027e-01
      outer loop
         vertex 1.316112e+02 1.566171e+01 5.914840e+01
         vertex 1.325489e+02 1.506994e+01 5.884840e+01
         vertex 1.326010e+02 1.536538e+01 5.914840e+01
      endloop
   endfacet
   facet normal -4.125405e-02 -7.083024e-01 7.047027e-01
      outer loop
         vertex 1.326010e+02 1.536538e+01 5.914840e+01
         vertex 1.325489e+02 1.506994e+01 5.884840e+01
         vertex 1.336499e+02 1.500581e+01 5.884840e+01
      endloop
   endfacet
   facet normal -4.125470e-02 -7.083034e-01 7.047016e-01
      outer loop
         vertex 1.326010e+02 1.536538e+01 5.914840e+01
         vertex 1.336499e+02 1.500581e+01 5.884840e+01
         vertex 1.336325e+02 1.530530e+01 5.914840e+01
      endloop
   endfacet
   facet normal 1.232039e-01 -6.987242e-01 7.047022e-01
      outer loop
         vertex 1.336325e+02 1.530530e+01 5.914840e+01
         vertex 1.336499e+02 1.500581e+01 5.884840e+01
         vertex 1.347360e+02 1.519733e+01 5.884840e+01
      endloop
   endfacet
   facet normal 1.232046e-01 -6.987224e-01 7.047040e-01
      outer loop
         vertex 1.336325e+02 1.530530e+01 5.914840e+01
         vertex 1.347360e+02 1.519733e+01 5.884840e+01
         vertex 1.346500e+02 1.548472e+01 5.914840e+01
      endloop
   endfacet
   facet normal 2.810193e-01 -6.514751e-01 7.047044e-01
      outer loop
         vertex 1.346500e+02 1.548472e+01 5.914840e+01
         vertex 1.347360e+02 1.519733e+01 5.884840e+01
         vertex 1.357487e+02 1.563416e+01 5.884840e+01
      endloop
   endfacet
   facet normal 2.810191e-01 -6.514772e-01 7.047026e-01
      outer loop
         vertex 1.346500e+02 1.548472e+01 5.914840e+01
         vertex 1.357487e+02 1.563416e+01 5.884840e+01
         vertex 1.355987e+02 1.589396e+01 5.914840e+01
      endloop
   endfacet
   facet normal 3.535543e-01 -6.123736e-01 7.071053e-01
      outer loop
         vertex 1.355987e+02 1.589396e+01 5.914840e+01
         vertex 1.357487e+02 1.563416e+01 5.884840e+01
         vertex 1.386237e+02 1.764045e+01 5.914840e+01
      endloop
   endfacet
   facet normal 3.535530e-01 -6.123721e-01 7.071072e-01
      outer loop
         vertex 1.386237e+02 1.764045e+01 5.914840e+01
         vertex 1.357487e+02 1.563416e+01 5.884840e+01
         vertex 1.386237e+02 1.729404e+01 5.884840e+01
      endloop
   endfacet
   facet normal 3.535537e-01 -6.123733e-01 -7.071058e-01
      outer loop
         vertex 1.357487e+02 1.563416e+01 5.604840e+01
         vertex 1.355987e+02 1.589396e+01 5.574840e+01
         vertex 1.386237e+02 1.729404e+01 5.604840e+01
      endloop
   endfacet
   facet normal 3.535531e-01 -6.123716e-01 -7.071077e-01
      outer loop
         vertex 1.386237e+02 1.729404e+01 5.604840e+01
         vertex 1.355987e+02 1.589396e+01 5.574840e+01
         vertex 1.386237e+02 1.764045e+01 5.574840e+01
      endloop
   endfacet
   facet normal 2.810198e-01 -6.514762e-01 -7.047032e-01
      outer loop
         vertex 1.355987e+02 1.589396e+01 5.574840e+01
         vertex 1.357487e+02 1.563416e+01 5.604840e+01
         vertex 1.347360e+02 1.519733e+01 5.604840e+01
      endloop
   endfacet
   facet normal 2.810181e-01 -6.514749e-01 -7.047051e-01
      outer loop
         vertex 1.355987e+02 1.589396e+01 5.574840e+01
         vertex 1.347360e+02 1.519733e+01 5.604840e+01
         vertex 1.346500e+02 1.548472e+01 5.574840e+01
      endloop
   endfacet
   facet normal 1.232035e-01 -6.987221e-01 -7.047045e-01
      outer loop
         vertex 1.346500e+02 1.548472e+01 5.574840e+01
         vertex 1.347360e+02 1.519733e+01 5.604840e+01
         vertex 1.336499e+02 1.500581e+01 5.604840e+01
      endloop
   endfacet
   facet normal 1.232048e-01 -6.987236e-01 -7.047027e-01
      outer loop
         vertex 1.346500e+02 1.548472e+01 5.574840e+01
         vertex 1.336499e+02 1.500581e+01 5.604840e+01
         vertex 1.336325e+02 1.530530e+01 5.574840e+01
      endloop
   endfacet
   facet normal -4.125408e-02 -7.083029e-01 -7.047022e-01
      outer loop
         vertex 1.336325e+02 1.530530e+01 5.574840e+01
         vertex 1.336499e+02 1.500581e+01 5.604840e+01
         vertex 1.325489e+02 1.506994e+01 5.604840e+01
      endloop
   endfacet
   facet normal -4.125461e-02 -7.083018e-01 -7.047032e-01
      outer loop
         vertex 1.336325e+02 1.530530e+01 5.574840e+01
         vertex 1.325489e+02 1.506994e+01 5.604840e+01
         vertex 1.326010e+02 1.536538e+01 5.574840e+01
      endloop
   endfacet
   facet normal -2.034863e-01 -6.796959e-01 -7.047033e-01
      outer loop
         vertex 1.326010e+02 1.536538e+01 5.574840e+01
         vertex 1.325489e+02 1.506994e+01 5.604840e+01
         vertex 1.314923e+02 1.538625e+01 5.604840e+01
      endloop
   endfacet
   facet normal -2.034866e-01 -6.796947e-01 -7.047045e-01
      outer loop
         vertex 1.326010e+02 1.536538e+01 5.574840e+01
         vertex 1.314923e+02 1.538625e+01 5.604840e+01
         vertex 1.316112e+02 1.566171e+01 5.574840e+01
      endloop
   endfacet
   facet normal -3.547507e-01 -6.144452e-01 -7.047049e-01
      outer loop
         vertex 1.316112e+02 1.566171e+01 5.574840e+01
         vertex 1.314923e+02 1.538625e+01 5.604840e+01
         vertex 1.305372e+02 1.593769e+01 5.604840e+01
      endloop
   endfacet
   facet normal -3.547507e-01 -6.144476e-01 -7.047028e-01
      outer loop
         vertex 1.316112e+02 1.566171e+01 5.574840e+01
         vertex 1.305372e+02 1.593769e+01 5.604840e+01
         vertex 1.307164e+02 1.617833e+01 5.574840e+01
      endloop
   endfacet
   facet normal -4.868908e-01 -5.160735e-01 -7.047024e-01
      outer loop
         vertex 1.307164e+02 1.617833e+01 5.574840e+01
         vertex 1.305372e+02 1.593769e+01 5.604840e+01
         vertex 1.297350e+02 1.669454e+01 5.604840e+01
      endloop
   endfacet
   facet normal -4.868905e-01 -5.160721e-01 -7.047037e-01
      outer loop
         vertex 1.307164e+02 1.617833e+01 5.574840e+01
         vertex 1.297350e+02 1.669454e+01 5.604840e+01
         vertex 1.299648e+02 1.688737e+01 5.574840e+01
      endloop
   endfacet
   facet normal -5.927797e-01 -3.898781e-01 -7.047037e-01
      outer loop
         vertex 1.299648e+02 1.688737e+01 5.574840e+01
         vertex 1.297350e+02 1.669454e+01 5.604840e+01
         vertex 1.291290e+02 1.761598e+01 5.604840e+01
      endloop
   endfacet
   facet normal -5.927792e-01 -3.898772e-01 -7.047046e-01
      outer loop
         vertex 1.299648e+02 1.688737e+01 5.574840e+01
         vertex 1.291290e+02 1.761598e+01 5.604840e+01
         vertex 1.293971e+02 1.775062e+01 5.574840e+01
      endloop
   endfacet
   facet normal -6.667125e-01 -2.426636e-01 -7.047048e-01
      outer loop
         vertex 1.293971e+02 1.775062e+01 5.574840e+01
         vertex 1.291290e+02 1.761598e+01 5.604840e+01
         vertex 1.287518e+02 1.865235e+01 5.604840e+01
      endloop
   endfacet
   facet normal -6.667130e-01 -2.426641e-01 -7.047041e-01
      outer loop
         vertex 1.293971e+02 1.775062e+01 5.574840e+01
         vertex 1.287518e+02 1.865235e+01 5.604840e+01
         vertex 1.290437e+02 1.872153e+01 5.574840e+01
      endloop
   endfacet
   facet normal -7.047038e-01 -8.236774e-02 -7.047043e-01
      outer loop
         vertex 1.290437e+02 1.872153e+01 5.574840e+01
         vertex 1.287518e+02 1.865235e+01 5.604840e+01
         vertex 1.286237e+02 1.974778e+01 5.604840e+01
      endloop
   endfacet
   facet normal -7.047045e-01 -8.236831e-02 -7.047035e-01
      outer loop
         vertex 1.290437e+02 1.872153e+01 5.574840e+01
         vertex 1.286237e+02 1.974778e+01 5.604840e+01
         vertex 1.289237e+02 1.974778e+01 5.574840e+01
      endloop
   endfacet
   facet normal -7.071073e-01 0.000000e+00 -7.071062e-01
      outer loop
         vertex 1.289237e+02 1.974778e+01 5.574840e+01
         vertex 1.286237e+02 1.974778e+01 5.604840e+01
         vertex 1.289237e+02 2.832143e+01 5.574840e+01
      endloop
   endfacet
   facet normal -7.071073e-01 0.000000e+00 -7.071062e-01
      outer loop
         vertex 1.289237e+02 2.832143e+01 5.574840e+01
         vertex 1.286237e+02 1.974778e+01 5.604840e+01
         vertex 1.286237e+02 2.849463e+01 5.604840e+01
      endloop
   endfacet
   facet normal 3.535540e-01 -6.123732e-01 7.071058e-01
      outer loop
         vertex 1.355987e+02 1.589396e+01 4.614840e+01
         vertex 1.357487e+02 1.563416e+01 4.584840e+01
         vertex 1.386237e+02 1.764045e+01 4.614840e+01
      endloop
   endfacet
   facet normal 3.535528e-01 -6.123717e-01 7.071078e-01
      outer loop
         vertex 1.386237e+02 1.764045e+01 4.614840e+01
         vertex 1.357487e+02 1.563416e+01 4.584840e+01
         vertex 1.386237e+02 1.729404e+01 4.584840e+01
      endloop
   endfacet
   facet normal -7.047046e-01 -8.236783e-02 7.047035e-01
      outer loop
         vertex 1.289237e+02 1.974778e+01 4.614840e+01
         vertex 1.286237e+02 1.974778e+01 4.584840e+01
         vertex 1.287518e+02 1.865235e+01 4.584840e+01
      endloop
   endfacet
   facet normal -7.047037e-01 -8.236821e-02 7.047043e-01
      outer loop
         vertex 1.289237e+02 1.974778e+01 4.614840e+01
         vertex 1.287518e+02 1.865235e+01 4.584840e+01
         vertex 1.290437e+02 1.872153e+01 4.614840e+01
      endloop
   endfacet
   facet normal -6.667131e-01 -2.426638e-01 7.047042e-01
      outer loop
         vertex 1.290437e+02 1.872153e+01 4.614840e+01
         vertex 1.287518e+02 1.865235e+01 4.584840e+01
         vertex 1.291290e+02 1.761598e+01 4.584840e+01
      endloop
   endfacet
   facet normal -6.667124e-01 -2.426639e-01 7.047048e-01
      outer loop
         vertex 1.290437e+02 1.872153e+01 4.614840e+01
         vertex 1.291290e+02 1.761598e+01 4.584840e+01
         vertex 1.293971e+02 1.775062e+01 4.614840e+01
      endloop
   endfacet
   facet normal -5.927790e-01 -3.898777e-01 7.047045e-01
      outer loop
         vertex 1.293971e+02 1.775062e+01 4.614840e+01
         vertex 1.291290e+02 1.761598e+01 4.584840e+01
         vertex 1.297350e+02 1.669454e+01 4.584840e+01
      endloop
   endfacet
   facet normal -5.927800e-01 -3.898777e-01 7.047037e-01
      outer loop
         vertex 1.293971e+02 1.775062e+01 4.614840e+01
         vertex 1.297350e+02 1.669454e+01 4.584840e+01
         vertex 1.299648e+02 1.688737e+01 4.614840e+01
      endloop
   endfacet
   facet normal -4.868900e-01 -5.160726e-01 7.047036e-01
      outer loop
         vertex 1.299648e+02 1.688737e+01 4.614840e+01
         vertex 1.297350e+02 1.669454e+01 4.584840e+01
         vertex 1.305372e+02 1.593769e+01 4.584840e+01
      endloop
   endfacet
   facet normal -4.868914e-01 -5.160731e-01 7.047023e-01
      outer loop
         vertex 1.299648e+02 1.688737e+01 4.614840e+01
         vertex 1.305372e+02 1.593769e+01 4.584840e+01
         vertex 1.307164e+02 1.617833e+01 4.614840e+01
      endloop
   endfacet
   facet normal -3.547517e-01 -6.144470e-01 7.047029e-01
      outer loop
         vertex 1.307164e+02 1.617833e+01 4.614840e+01
         vertex 1.305372e+02 1.593769e+01 4.584840e+01
         vertex 1.314923e+02 1.538625e+01 4.584840e+01
      endloop
   endfacet
   facet normal -3.547496e-01 -6.144457e-01 7.047050e-01
      outer loop
         vertex 1.307164e+02 1.617833e+01 4.614840e+01
         vertex 1.314923e+02 1.538625e+01 4.584840e+01
         vertex 1.316112e+02 1.566171e+01 4.614840e+01
      endloop
   endfacet
   facet normal -2.034860e-01 -6.796949e-01 7.047044e-01
      outer loop
         vertex 1.316112e+02 1.566171e+01 4.614840e+01
         vertex 1.314923e+02 1.538625e+01 4.584840e+01
         vertex 1.325489e+02 1.506994e+01 4.584840e+01
      endloop
   endfacet
   facet normal -2.034869e-01 -6.796958e-01 7.047033e-01
      outer loop
         vertex 1.316112e+02 1.566171e+01 4.614840e+01
         vertex 1.325489e+02 1.506994e+01 4.584840e+01
         vertex 1.326010e+02 1.536538e+01 4.614840e+01
      endloop
   endfacet
   facet normal -4.125402e-02 -7.083018e-01 7.047032e-01
      outer loop
         vertex 1.326010e+02 1.536538e+01 4.614840e+01
         vertex 1.325489e+02 1.506994e+01 4.584840e+01
         vertex 1.336499e+02 1.500581e+01 4.584840e+01
      endloop
   endfacet
   facet normal -4.125467e-02 -7.083029e-01 7.047021e-01
      outer loop
         vertex 1.326010e+02 1.536538e+01 4.614840e+01
         vertex 1.336499e+02 1.500581e+01 4.584840e+01
         vertex 1.336325e+02 1.530530e+01 4.614840e+01
      endloop
   endfacet
   facet normal 1.232038e-01 -6.987237e-01 7.047028e-01
      outer loop
         vertex 1.336325e+02 1.530530e+01 4.614840e+01
         vertex 1.336499e+02 1.500581e+01 4.584840e+01
         vertex 1.347360e+02 1.519733e+01 4.584840e+01
      endloop
   endfacet
   facet normal 1.232045e-01 -6.987218e-01 7.047045e-01
      outer loop
         vertex 1.336325e+02 1.530530e+01 4.614840e+01
         vertex 1.347360e+02 1.519733e+01 4.584840e+01
         vertex 1.346500e+02 1.548472e+01 4.614840e+01
      endloop
   endfacet
   facet normal 2.810191e-01 -6.514746e-01 7.047050e-01
      outer loop
         vertex 1.346500e+02 1.548472e+01 4.614840e+01
         vertex 1.347360e+02 1.519733e+01 4.584840e+01
         vertex 1.357487e+02 1.563416e+01 4.584840e+01
      endloop
   endfacet
   facet normal 2.810189e-01 -6.514767e-01 7.047032e-01
      outer loop
         vertex 1.346500e+02 1.548472e+01 4.614840e+01
         vertex 1.357487e+02 1.563416e+01 4.584840e+01
         vertex 1.355987e+02 1.589396e+01 4.614840e+01
      endloop
   endfacet
   facet normal -7.071073e-01 0.000000e+00 7.071062e-01
      outer loop
         vertex 1.286237e+02 1.974778e+01 4.584840e+01
         vertex 1.289237e+02 1.974778e+01 4.614840e+01
         vertex 1.286237e+02 2.849463e+01 4.584840e+01
      endloop
   endfacet
   facet normal -7.071073e-01 0.000000e+00 7.071062e-01
      outer loop
         vertex 1.286237e+02 2.849463e+01 4.584840e+01
         vertex 1.289237e+02 1.974778e+01 4.614840e+01
         vertex 1.289237e+02 2.832143e+01 4.614840e+01
      endloop
   endfacet
   facet normal -9.781467e-01 -2.079161e-01 0.000000e+00
      outer loop
         vertex 1.349987e+02 3.124778e+01 4.274840e+01
         vertex 1.349987e+02 3.124778e+01 5.914840e+01
         vertex 1.348582e+02 3.190872e+01 4.274840e+01
      endloop
   endfacet
   facet normal -9.781467e-01 -2.079161e-01 0.000000e+00
      outer loop
         vertex 1.348582e+02 3.190872e+01 4.274840e+01
         vertex 1.349987e+02 3.124778e+01 5.914840e+01
         vertex 1.348582e+02 3.190872e+01 5.914840e+01
      endloop
   endfacet
   facet normal -8.090185e-01 -5.877832e-01 0.000000e+00
      outer loop
         vertex 1.348582e+02 3.190872e+01 4.274840e+01
         vertex 1.348582e+02 3.190872e+01 5.914840e+01
         vertex 1.344611e+02 3.245539e+01 4.274840e+01
      endloop
   endfacet
   facet normal -8.090185e-01 -5.877832e-01 0.000000e+00
      outer loop
         vertex 1.344611e+02 3.245539e+01 4.274840e+01
         vertex 1.348582e+02 3.190872e+01 5.914840e+01
         vertex 1.344611e+02 3.245539e+01 5.914840e+01
      endloop
   endfacet
   facet normal -5.000011e-01 -8.660248e-01 0.000000e+00
      outer loop
         vertex 1.344611e+02 3.245539e+01 4.274840e+01
         vertex 1.344611e+02 3.245539e+01 5.914840e+01
         vertex 1.338759e+02 3.279324e+01 4.274840e+01
      endloop
   endfacet
   facet normal -5.000011e-01 -8.660248e-01 0.000000e+00
      outer loop
         vertex 1.338759e+02 3.279324e+01 4.274840e+01
         vertex 1.344611e+02 3.245539e+01 5.914840e+01
         vertex 1.338759e+02 3.279324e+01 5.914840e+01
      endloop
   endfacet
   facet normal -1.045273e-01 -9.945220e-01 0.000000e+00
      outer loop
         vertex 1.338759e+02 3.279324e+01 4.274840e+01
         vertex 1.338759e+02 3.279324e+01 5.914840e+01
         vertex 1.332039e+02 3.286387e+01 4.274840e+01
      endloop
   endfacet
   facet normal -1.045273e-01 -9.945220e-01 0.000000e+00
      outer loop
         vertex 1.332039e+02 3.286387e+01 4.274840e+01
         vertex 1.338759e+02 3.279324e+01 5.914840e+01
         vertex 1.332039e+02 3.286387e+01 5.914840e+01
      endloop
   endfacet
   facet normal 3.090158e-01 -9.510569e-01 0.000000e+00
      outer loop
         vertex 1.332039e+02 3.286387e+01 4.274840e+01
         vertex 1.332039e+02 3.286387e+01 5.914840e+01
         vertex 1.325612e+02 3.265507e+01 4.274840e+01
      endloop
   endfacet
   facet normal 3.090158e-01 -9.510569e-01 0.000000e+00
      outer loop
         vertex 1.325612e+02 3.265507e+01 4.274840e+01
         vertex 1.332039e+02 3.286387e+01 5.914840e+01
         vertex 1.325612e+02 3.265507e+01 5.914840e+01
      endloop
   endfacet
   facet normal 6.691322e-01 -7.431434e-01 0.000000e+00
      outer loop
         vertex 1.325612e+02 3.265507e+01 4.274840e+01
         vertex 1.325612e+02 3.265507e+01 5.914840e+01
         vertex 1.320591e+02 3.220293e+01 4.274840e+01
      endloop
   endfacet
   facet normal 6.691322e-01 -7.431434e-01 0.000000e+00
      outer loop
         vertex 1.320591e+02 3.220293e+01 4.274840e+01
         vertex 1.325612e+02 3.265507e+01 5.914840e+01
         vertex 1.320591e+02 3.220293e+01 5.914840e+01
      endloop
   endfacet
   facet normal 9.135456e-01 -4.067364e-01 0.000000e+00
      outer loop
         vertex 1.320591e+02 3.220293e+01 4.274840e+01
         vertex 1.320591e+02 3.220293e+01 5.914840e+01
         vertex 1.317842e+02 3.158563e+01 4.274840e+01
      endloop
   endfacet
   facet normal 9.135456e-01 -4.067364e-01 0.000000e+00
      outer loop
         vertex 1.317842e+02 3.158563e+01 4.274840e+01
         vertex 1.320591e+02 3.220293e+01 5.914840e+01
         vertex 1.317842e+02 3.158563e+01 5.914840e+01
      endloop
   endfacet
   facet normal 1.000000e+00 0.000000e+00 -0.000000e+00
      outer loop
         vertex 1.317842e+02 3.158563e+01 4.274840e+01
         vertex 1.317842e+02 3.158563e+01 5.914840e+01
         vertex 1.317842e+02 3.090992e+01 4.274840e+01
      endloop
   endfacet
   facet normal 1.000000e+00 0.000000e+00 0.000000e+00
      outer loop
         vertex 1.317842e+02 3.090992e+01 4.274840e+01
         vertex 1.317842e+02 3.158563e+01 5.914840e+01
         vertex 1.317842e+02 3.090992e+01 5.914840e+01
      endloop
   endfacet
   facet normal 9.135456e-01 4.067364e-01 -0.000000e+00
      outer loop
         vertex 1.317842e+02 3.090992e+01 4.274840e+01
         vertex 1.317842e+02 3.090992e+01 5.914840e+01
         vertex 1.320591e+02 3.029263e+01 4.274840e+01
      endloop
   endfacet
   facet normal 9.135456e-01 4.067364e-01 -0.000000e+00
      outer loop
         vertex 1.320591e+02 3.029263e+01 4.274840e+01
         vertex 1.317842e+02 3.090992e+01 5.914840e+01
         vertex 1.320591e+02 3.029263e+01 5.914840e+01
      endloop
   endfacet
   facet normal 6.691322e-01 7.431434e-01 -0.000000e+00
      outer loop
         vertex 1.320591e+02 3.029263e+01 4.274840e+01
         vertex 1.320591e+02 3.029263e+01 5.914840e+01
         vertex 1.325612e+02 2.984048e+01 4.274840e+01
      endloop
   endfacet
   facet normal 6.691322e-01 7.431434e-01 -0.000000e+00
      outer loop
         vertex 1.325612e+02 2.984048e+01 4.274840e+01
         vertex 1.320591e+02 3.029263e+01 5.914840e+01
         vertex 1.325612e+02 2.984048e+01 5.914840e+01
      endloop
   endfacet
   facet normal 3.090170e-01 9.510565e-01 -0.000000e+00
      outer loop
         vertex 1.325612e+02 2.984048e+01 4.274840e+01
         vertex 1.325612e+02 2.984048e+01 5.914840e+01
         vertex 1.332039e+02 2.963168e+01 4.274840e+01
      endloop
   endfacet
   facet normal 3.090170e-01 9.510565e-01 -0.000000e+00
      outer loop
         vertex 1.332039e+02 2.963168e+01 4.274840e+01
         vertex 1.325612e+02 2.984048e+01 5.914840e+01
         vertex 1.332039e+02 2.963168e+01 5.914840e+01
      endloop
   endfacet
   facet normal -1.045287e-01 9.945219e-01 0.000000e+00
      outer loop
         vertex 1.332039e+02 2.963168e+01 4.274840e+01
         vertex 1.332039e+02 2.963168e+01 5.914840e+01
         vertex 1.338759e+02 2.970231e+01 4.274840e+01
      endloop
   endfacet
   facet normal -1.045287e-01 9.945219e-01 0.000000e+00
      outer loop
         vertex 1.338759e+02 2.970231e+01 4.274840e+01
         vertex 1.332039e+02 2.963168e+01 5.914840e+01
         vertex 1.338759e+02 2.970231e+01 5.914840e+01
      endloop
   endfacet
   facet normal -5.000000e-01 8.660254e-01 0.000000e+00
      outer loop
         vertex 1.338759e+02 2.970231e+01 4.274840e+01
         vertex 1.338759e+02 2.970231e+01 5.914840e+01
         vertex 1.344611e+02 3.004017e+01 4.274840e+01
      endloop
   endfacet
   facet normal -5.000000e-01 8.660254e-01 0.000000e+00
      outer loop
         vertex 1.344611e+02 3.004017e+01 4.274840e+01
         vertex 1.338759e+02 2.970231e+01 5.914840e+01
         vertex 1.344611e+02 3.004017e+01 5.914840e+01
      endloop
   endfacet
   facet normal -8.090190e-01 5.877825e-01 0.000000e+00
      outer loop
         vertex 1.344611e+02 3.004017e+01 4.274840e+01
         vertex 1.344611e+02 3.004017e+01 5.914840e+01
         vertex 1.348582e+02 3.058683e+01 4.274840e+01
      endloop
   endfacet
   facet normal -8.090190e-01 5.877825e-01 0.000000e+00
      outer loop
         vertex 1.348582e+02 3.058683e+01 4.274840e+01
         vertex 1.344611e+02 3.004017e+01 5.914840e+01
         vertex 1.348582e+02 3.058683e+01 5.914840e+01
      endloop
   endfacet
   facet normal -9.781466e-01 2.079164e-01 0.000000e+00
      outer loop
         vertex 1.348582e+02 3.058683e+01 4.274840e+01
         vertex 1.348582e+02 3.058683e+01 5.914840e+01
         vertex 1.349987e+02 3.124778e+01 4.274840e+01
      endloop
   endfacet
   facet normal -9.781466e-01 2.079164e-01 0.000000e+00
      outer loop
         vertex 1.349987e+02 3.124778e+01 4.274840e+01
         vertex 1.348582e+02 3.058683e+01 5.914840e+01
         vertex 1.349987e+02 3.124778e+01 5.914840e+01
      endloop
   endfacet
   facet normal 1.950906e-01 0.000000e+00 9.807852e-01
      outer loop
         vertex 1.441237e+02 3.389778e+01 5.574840e+01
         vertex 1.441237e+02 2.272113e+01 5.574840e+01
         vertex 1.446977e+02 2.272113e+01 5.563422e+01
      endloop
   endfacet
   facet normal 1.950906e-01 0.000000e+00 9.807852e-01
      outer loop
         vertex 1.441237e+02 3.389778e+01 5.574840e+01
         vertex 1.446977e+02 2.272113e+01 5.563422e+01
         vertex 1.446977e+02 3.389778e+01 5.563422e+01
      endloop
   endfacet
   facet normal 5.555706e-01 0.000000e+00 8.314694e-01
      outer loop
         vertex 1.446977e+02 3.389778e+01 5.563422e+01
         vertex 1.446977e+02 2.272113e+01 5.563422e+01
         vertex 1.451844e+02 2.272113e+01 5.530906e+01
      endloop
   endfacet
   facet normal 5.555706e-01 0.000000e+00 8.314694e-01
      outer loop
         vertex 1.446977e+02 3.389778e+01 5.563422e+01
         vertex 1.451844e+02 2.272113e+01 5.530906e+01
         vertex 1.451844e+02 3.389778e+01 5.530906e+01
      endloop
   endfacet
   facet normal 8.314703e-01 0.000000e+00 5.555693e-01
      outer loop
         vertex 1.451844e+02 3.389778e+01 5.530906e+01
         vertex 1.451844e+02 2.272113e+01 5.530906e+01
         vertex 1.455095e+02 2.272113e+01 5.482243e+01
      endloop
   endfacet
   facet normal 8.314703e-01 0.000000e+00 5.555693e-01
      outer loop
         vertex 1.451844e+02 3.389778e+01 5.530906e+01
         vertex 1.455095e+02 2.272113e+01 5.482243e+01
         vertex 1.455095e+02 3.389778e+01 5.482243e+01
      endloop
   endfacet
   facet normal 9.807855e-01 0.000000e+00 1.950894e-01
      outer loop
         vertex 1.455095e+02 3.389778e+01 5.482243e+01
         vertex 1.455095e+02 2.272113e+01 5.482243e+01
         vertex 1.456237e+02 2.272113e+01 5.424840e+01
      endloop
   endfacet
   facet normal 9.807855e-01 0.000000e+00 1.950894e-01
      outer loop
         vertex 1.455095e+02 3.389778e+01 5.482243e+01
         vertex 1.456237e+02 2.272113e+01 5.424840e+01
         vertex 1.456237e+02 3.389778e+01 5.424840e+01
      endloop
   endfacet
   facet normal 1.950906e-01 0.000000e+00 -9.807852e-01
      outer loop
         vertex 1.441237e+02 2.272113e+01 4.614840e+01
         vertex 1.441237e+02 3.389778e+01 4.614840e+01
         vertex 1.446977e+02 3.389778e+01 4.626259e+01
      endloop
   endfacet
   facet normal 1.950906e-01 0.000000e+00 -9.807852e-01
      outer loop
         vertex 1.441237e+02 2.272113e+01 4.614840e+01
         vertex 1.446977e+02 3.389778e+01 4.626259e+01
         vertex 1.446977e+02 2.272113e+01 4.626259e+01
      endloop
   endfacet
   facet normal 5.555706e-01 0.000000e+00 -8.314694e-01
      outer loop
         vertex 1.446977e+02 2.272113e+01 4.626259e+01
         vertex 1.446977e+02 3.389778e+01 4.626259e+01
         vertex 1.451844e+02 3.389778e+01 4.658774e+01
      endloop
   endfacet
   facet normal 5.555706e-01 0.000000e+00 -8.314694e-01
      outer loop
         vertex 1.446977e+02 2.272113e+01 4.626259e+01
         vertex 1.451844e+02 3.389778e+01 4.658774e+01
         vertex 1.451844e+02 2.272113e+01 4.658774e+01
      endloop
   endfacet
   facet normal 8.314703e-01 0.000000e+00 -5.555693e-01
      outer loop
         vertex 1.451844e+02 2.272113e+01 4.658774e+01
         vertex 1.451844e+02 3.389778e+01 4.658774e+01
         vertex 1.455095e+02 3.389778e+01 4.707438e+01
      endloop
   endfacet
   facet normal 8.314703e-01 0.000000e+00 -5.555693e-01
      outer loop
         vertex 1.451844e+02 2.272113e+01 4.658774e+01
         vertex 1.455095e+02 3.389778e+01 4.707438e+01
         vertex 1.455095e+02 2.272113e+01 4.707438e+01
      endloop
   endfacet
   facet normal 9.807855e-01 0.000000e+00 -1.950894e-01
      outer loop
         vertex 1.455095e+02 2.272113e+01 4.707438e+01
         vertex 1.455095e+02 3.389778e+01 4.707438e+01
         vertex 1.456237e+02 3.389778e+01 4.764840e+01
      endloop
   endfacet
   facet normal 9.807855e-01 0.000000e+00 -1.950894e-01
      outer loop
         vertex 1.455095e+02 2.272113e+01 4.707438e+01
         vertex 1.456237e+02 3.389778e+01 4.764840e+01
         vertex 1.456237e+02 2.272113e+01 4.764840e+01
      endloop
   endfacet
   facet normal 9.659252e-01 -2.588214e-01 0.000000e+00
      outer loop
         vertex 1.405987e+02 2.899778e+01 5.574840e+01
         vertex 1.405987e+02 2.899778e+01 4.614840e+01
         vertex 1.407360e+02 2.951028e+01 5.574840e+01
      endloop
   endfacet
   facet normal 9.659252e-01 -2.588214e-01 0.000000e+00
      outer loop
         vertex 1.407360e+02 2.951028e+01 5.574840e+01
         vertex 1.405987e+02 2.899778e+01 4.614840e+01
         vertex 1.407360e+02 2.951028e+01 4.614840e+01
      endloop
   endfacet
   facet normal 7.071085e-01 -7.071050e-01 0.000000e+00
      outer loop
         vertex 1.407360e+02 2.951028e+01 5.574840e+01
         vertex 1.407360e+02 2.951028e+01 4.614840e+01
         vertex 1.411112e+02 2.988545e+01 5.574840e+01
      endloop
   endfacet
   facet normal 7.071085e-01 -7.071050e-01 0.000000e+00
      outer loop
         vertex 1.411112e+02 2.988545e+01 5.574840e+01
         vertex 1.407360e+02 2.951028e+01 4.614840e+01
         vertex 1.411112e+02 2.988545e+01 4.614840e+01
      endloop
   endfacet
   facet normal 2.588186e-01 -9.659260e-01 0.000000e+00
      outer loop
         vertex 1.411112e+02 2.988545e+01 5.574840e+01
         vertex 1.411112e+02 2.988545e+01 4.614840e+01
         vertex 1.416237e+02 3.002278e+01 5.574840e+01
      endloop
   endfacet
   facet normal 2.588186e-01 -9.659260e-01 0.000000e+00
      outer loop
         vertex 1.416237e+02 3.002278e+01 5.574840e+01
         vertex 1.411112e+02 2.988545e+01 4.614840e+01
         vertex 1.416237e+02 3.002278e+01 4.614840e+01
      endloop
   endfacet
   facet normal -2.588168e-01 -9.659264e-01 -0.000000e+00
      outer loop
         vertex 1.416237e+02 3.002278e+01 5.574840e+01
         vertex 1.416237e+02 3.002278e+01 4.614840e+01
         vertex 1.421362e+02 2.988545e+01 5.574840e+01
      endloop
   endfacet
   facet normal -2.588168e-01 -9.659264e-01 -0.000000e+00
      outer loop
         vertex 1.421362e+02 2.988545e+01 5.574840e+01
         vertex 1.416237e+02 3.002278e+01 4.614840e+01
         vertex 1.421362e+02 2.988545e+01 4.614840e+01
      endloop
   endfacet
   facet normal -7.071085e-01 -7.071050e-01 -0.000000e+00
      outer loop
         vertex 1.421362e+02 2.988545e+01 5.574840e+01
         vertex 1.421362e+02 2.988545e+01 4.614840e+01
         vertex 1.425114e+02 2.951028e+01 5.574840e+01
      endloop
   endfacet
   facet normal -7.071085e-01 -7.071050e-01 -0.000000e+00
      outer loop
         vertex 1.425114e+02 2.951028e+01 5.574840e+01
         vertex 1.421362e+02 2.988545e+01 4.614840e+01
         vertex 1.425114e+02 2.951028e+01 4.614840e+01
      endloop
   endfacet
   facet normal -9.659252e-01 -2.588214e-01 -0.000000e+00
      outer loop
         vertex 1.425114e+02 2.951028e+01 5.574840e+01
         vertex 1.425114e+02 2.951028e+01 4.614840e+01
         vertex 1.426487e+02 2.899778e+01 5.574840e+01
      endloop
   endfacet
   facet normal -9.659252e-01 -2.588214e-01 -0.000000e+00
      outer loop
         vertex 1.426487e+02 2.899778e+01 5.574840e+01
         vertex 1.425114e+02 2.951028e+01 4.614840e+01
         vertex 1.426487e+02 2.899778e+01 4.614840e+01
      endloop
   endfacet
   facet normal -9.659252e-01 2.588214e-01 0.000000e+00
      outer loop
         vertex 1.426487e+02 2.899778e+01 5.574840e+01
         vertex 1.426487e+02 2.899778e+01 4.614840e+01
         vertex 1.425114e+02 2.848528e+01 5.574840e+01
      endloop
   endfacet
   facet normal -9.659252e-01 2.588214e-01 0.000000e+00
      outer loop
         vertex 1.425114e+02 2.848528e+01 5.574840e+01
         vertex 1.426487e+02 2.899778e+01 4.614840e+01
         vertex 1.425114e+02 2.848528e+01 4.614840e+01
      endloop
   endfacet
   facet normal -7.071077e-01 7.071059e-01 0.000000e+00
      outer loop
         vertex 1.425114e+02 2.848528e+01 5.574840e+01
         vertex 1.425114e+02 2.848528e+01 4.614840e+01
         vertex 1.421362e+02 2.811010e+01 5.574840e+01
      endloop
   endfacet
   facet normal -7.071077e-01 7.071059e-01 0.000000e+00
      outer loop
         vertex 1.421362e+02 2.811010e+01 5.574840e+01
         vertex 1.425114e+02 2.848528e+01 4.614840e+01
         vertex 1.421362e+02 2.811010e+01 4.614840e+01
      endloop
   endfacet
   facet normal -2.588201e-01 9.659255e-01 0.000000e+00
      outer loop
         vertex 1.421362e+02 2.811010e+01 5.574840e+01
         vertex 1.421362e+02 2.811010e+01 4.614840e+01
         vertex 1.416237e+02 2.797278e+01 5.574840e+01
      endloop
   endfacet
   facet normal -2.588201e-01 9.659255e-01 0.000000e+00
      outer loop
         vertex 1.416237e+02 2.797278e+01 5.574840e+01
         vertex 1.421362e+02 2.811010e+01 4.614840e+01
         vertex 1.416237e+02 2.797278e+01 4.614840e+01
      endloop
   endfacet
   facet normal 2.588218e-01 9.659251e-01 0.000000e+00
      outer loop
         vertex 1.416237e+02 2.797278e+01 5.574840e+01
         vertex 1.416237e+02 2.797278e+01 4.614840e+01
         vertex 1.411112e+02 2.811010e+01 5.574840e+01
      endloop
   endfacet
   facet normal 2.588218e-01 9.659251e-01 0.000000e+00
      outer loop
         vertex 1.411112e+02 2.811010e+01 5.574840e+01
         vertex 1.416237e+02 2.797278e+01 4.614840e+01
         vertex 1.411112e+02 2.811010e+01 4.614840e+01
      endloop
   endfacet
   facet normal 7.071077e-01 7.071059e-01 0.000000e+00
      outer loop
         vertex 1.411112e+02 2.811010e+01 5.574840e+01
         vertex 1.411112e+02 2.811010e+01 4.614840e+01
         vertex 1.407360e+02 2.848528e+01 5.574840e+01
      endloop
   endfacet
   facet normal 7.071077e-01 7.071059e-01 0.000000e+00
      outer loop
         vertex 1.407360e+02 2.848528e+01 5.574840e+01
         vertex 1.411112e+02 2.811010e+01 4.614840e+01
         vertex 1.407360e+02 2.848528e+01 4.614840e+01
      endloop
   endfacet
   facet normal 9.659252e-01 2.588214e-01 0.000000e+00
      outer loop
         vertex 1.407360e+02 2.848528e+01 5.574840e+01
         vertex 1.407360e+02 2.848528e+01 4.614840e+01
         vertex 1.405987e+02 2.899778e+01 5.574840e+01
      endloop
   endfacet
   facet normal 9.659252e-01 2.588214e-01 0.000000e+00
      outer loop
         vertex 1.405987e+02 2.899778e+01 5.574840e+01
         vertex 1.407360e+02 2.848528e+01 4.614840e+01
         vertex 1.405987e+02 2.899778e+01 4.614840e+01
      endloop
   endfacet
   facet normal 0.000000e+00 1.000000e+00 -0.000000e+00
      outer loop
         vertex 1.441237e+02 3.389778e+01 4.614840e+01
         vertex 1.386237e+02 3.389778e+01 4.614840e+01
         vertex 1.456237e+02 3.389778e+01 4.764840e+01
      endloop
   endfacet
   facet normal 0.000000e+00 1.000000e+00 -0.000000e+00
      outer loop
         vertex 1.455095e+02 3.389778e+01 4.707438e+01
         vertex 1.451844e+02 3.389778e+01 4.658774e+01
         vertex 1.456237e+02 3.389778e+01 4.764840e+01
      endloop
   endfacet
   facet normal 0.000000e+00 1.000000e+00 0.000000e+00
      outer loop
         vertex 1.456237e+02 3.389778e+01 4.764840e+01
         vertex 1.451844e+02 3.389778e+01 4.658774e+01
         vertex 1.446977e+02 3.389778e+01 4.626259e+01
      endloop
   endfacet
   facet normal 0.000000e+00 1.000000e+00 0.000000e+00
      outer loop
         vertex 1.456237e+02 3.389778e+01 4.764840e+01
         vertex 1.446977e+02 3.389778e+01 4.626259e+01
         vertex 1.441237e+02 3.389778e+01 4.614840e+01
      endloop
   endfacet
   facet normal 0.000000e+00 1.000000e+00 0.000000e+00
      outer loop
         vertex 1.451844e+02 3.389778e+01 5.530906e+01
         vertex 1.455095e+02 3.389778e+01 5.482243e+01
         vertex 1.446977e+02 3.389778e+01 5.563422e+01
      endloop
   endfacet
   facet normal 0.000000e+00 1.000000e+00 0.000000e+00
      outer loop
         vertex 1.446977e+02 3.389778e+01 5.563422e+01
         vertex 1.455095e+02 3.389778e+01 5.482243e+01
         vertex 1.456237e+02 3.389778e+01 5.424840e+01
      endloop
   endfacet
   facet normal 0.000000e+00 1.000000e+00 0.000000e+00
      outer loop
         vertex 1.446977e+02 3.389778e+01 5.563422e+01
         vertex 1.456237e+02 3.389778e+01 5.424840e+01
         vertex 1.441237e+02 3.389778e+01 5.574840e+01
      endloop
   endfacet
   facet normal 0.000000e+00 1.000000e+00 0.000000e+00
      outer loop
         vertex 1.441237e+02 3.389778e+01 5.574840e+01
         vertex 1.456237e+02 3.389778e+01 5.424840e+01
         vertex 1.456237e+02 3.389778e+01 4.764840e+01
      endloop
   endfacet
   facet normal 0.000000e+00 1.000000e+00 0.000000e+00
      outer loop
         vertex 1.441237e+02 3.389778e+01 5.574840e+01
         vertex 1.456237e+02 3.389778e+01 4.764840e+01
         vertex 1.386237e+02 3.389778e+01 5.574840e+01
      endloop
   endfacet
   facet normal 0.000000e+00 1.000000e+00 0.000000e+00
      outer loop
         vertex 1.386237e+02 3.389778e+01 5.574840e+01
         vertex 1.456237e+02 3.389778e+01 4.764840e+01
         vertex 1.386237e+02 3.389778e+01 4.614840e+01
      endloop
   endfacet
   facet normal -0.000000e+00 -1.000000e+00 0.000000e+00
      outer loop
         vertex 1.451844e+02 2.272113e+01 4.658774e+01
         vertex 1.455095e+02 2.272113e+01 4.707438e+01
         vertex 1.446977e+02 2.272113e+01 4.626259e+01
      endloop
   endfacet
   facet normal 0.000000e+00 -1.000000e+00 0.000000e+00
      outer loop
         vertex 1.446977e+02 2.272113e+01 4.626259e+01
         vertex 1.455095e+02 2.272113e+01 4.707438e+01
         vertex 1.456237e+02 2.272113e+01 4.764840e+01
      endloop
   endfacet
   facet normal -0.000000e+00 -1.000000e+00 0.000000e+00
      outer loop
         vertex 1.446977e+02 2.272113e+01 4.626259e+01
         vertex 1.456237e+02 2.272113e+01 4.764840e+01
         vertex 1.441237e+02 2.272113e+01 4.614840e+01
      endloop
   endfacet
   facet normal 0.000000e+00 -1.000000e+00 0.000000e+00
      outer loop
         vertex 1.441237e+02 2.272113e+01 4.614840e+01
         vertex 1.456237e+02 2.272113e+01 4.764840e+01
         vertex 1.441237e+02 2.272113e+01 5.574840e+01
      endloop
   endfacet
   facet normal 0.000000e+00 -1.000000e+00 0.000000e+00
      outer loop
         vertex 1.441237e+02 2.272113e+01 4.614840e+01
         vertex 1.441237e+02 2.272113e+01 5.574840e+01
         vertex 1.386237e+02 2.272113e+01 4.614840e+01
      endloop
   endfacet
   facet normal 0.000000e+00 -1.000000e+00 0.000000e+00
      outer loop
         vertex 1.386237e+02 2.272113e+01 4.614840e+01
         vertex 1.441237e+02 2.272113e+01 5.574840e+01
         vertex 1.386237e+02 2.272113e+01 5.574840e+01
      endloop
   endfacet
   facet normal -0.000000e+00 -1.000000e+00 -0.000000e+00
      outer loop
         vertex 1.451844e+02 2.272113e+01 5.530906e+01
         vertex 1.446977e+02 2.272113e+01 5.563422e+01
         vertex 1.455095e+02 2.272113e+01 5.482243e+01
      endloop
   endfacet
   facet normal 0.000000e+00 -1.000000e+00 0.000000e+00
      outer loop
         vertex 1.455095e+02 2.272113e+01 5.482243e+01
         vertex 1.446977e+02 2.272113e+01 5.563422e+01
         vertex 1.441237e+02 2.272113e+01 5.574840e+01
      endloop
   endfacet
   facet normal -0.000000e+00 -1.000000e+00 -0.000000e+00
      outer loop
         vertex 1.455095e+02 2.272113e+01 5.482243e+01
         vertex 1.441237e+02 2.272113e+01 5.574840e+01
         vertex 1.456237e+02 2.272113e+01 5.424840e+01
      endloop
   endfacet
   facet normal -0.000000e+00 -1.000000e+00 -0.000000e+00
      outer loop
         vertex 1.456237e+02 2.272113e+01 5.424840e+01
         vertex 1.441237e+02 2.272113e+01 5.574840e+01
         vertex 1.456237e+02 2.272113e+01 4.764840e+01
      endloop
   endfacet
   facet normal -0.000000e+00 0.000000e+00 1.000000e+00
      outer loop
         vertex 1.425114e+02 2.848528e+01 5.574840e+01
         vertex 1.441237e+02 2.272113e+01 5.574840e+01
         vertex 1.426487e+02 2.899778e+01 5.574840e+01
      endloop
   endfacet
   facet normal -0.000000e+00 0.000000e+00 1.000000e+00
      outer loop
         vertex 1.426487e+02 2.899778e+01 5.574840e+01
         vertex 1.441237e+02 2.272113e+01 5.574840e+01
         vertex 1.441237e+02 3.389778e+01 5.574840e+01
      endloop
   endfacet
   facet normal 0.000000e+00 -0.000000e+00 1.000000e+00
      outer loop
         vertex 1.426487e+02 2.899778e+01 5.574840e+01
         vertex 1.441237e+02 3.389778e+01 5.574840e+01
         vertex 1.425114e+02 2.951028e+01 5.574840e+01
      endloop
   endfacet
   facet normal 0.000000e+00 -0.000000e+00 1.000000e+00
      outer loop
         vertex 1.425114e+02 2.951028e+01 5.574840e+01
         vertex 1.441237e+02 3.389778e+01 5.574840e+01
         vertex 1.421362e+02 2.988545e+01 5.574840e+01
      endloop
   endfacet
   facet normal 0.000000e+00 0.000000e+00 1.000000e+00
      outer loop
         vertex 1.411112e+02 2.811010e+01 5.574840e+01
         vertex 1.386237e+02 2.272113e+01 5.574840e+01
         vertex 1.416237e+02 2.797278e+01 5.574840e+01
      endloop
   endfacet
   facet normal 0.000000e+00 0.000000e+00 1.000000e+00
      outer loop
         vertex 1.416237e+02 2.797278e+01 5.574840e+01
         vertex 1.386237e+02 2.272113e+01 5.574840e+01
         vertex 1.441237e+02 2.272113e+01 5.574840e+01
      endloop
   endfacet
   facet normal -0.000000e+00 0.000000e+00 1.000000e+00
      outer loop
         vertex 1.416237e+02 2.797278e+01 5.574840e+01
         vertex 1.441237e+02 2.272113e+01 5.574840e+01
         vertex 1.421362e+02 2.811010e+01 5.574840e+01
      endloop
   endfacet
   facet normal -0.000000e+00 0.000000e+00 1.000000e+00
      outer loop
         vertex 1.421362e+02 2.811010e+01 5.574840e+01
         vertex 1.441237e+02 2.272113e+01 5.574840e+01
         vertex 1.425114e+02 2.848528e+01 5.574840e+01
      endloop
   endfacet
   facet normal 0.000000e+00 0.000000e+00 1.000000e+00
      outer loop
         vertex 1.411112e+02 2.811010e+01 5.574840e+01
         vertex 1.407360e+02 2.848528e+01 5.574840e+01
         vertex 1.386237e+02 2.272113e+01 5.574840e+01
      endloop
   endfacet
   facet normal 0.000000e+00 0.000000e+00 1.000000e+00
      outer loop
         vertex 1.386237e+02 2.272113e+01 5.574840e+01
         vertex 1.407360e+02 2.848528e+01 5.574840e+01
         vertex 1.405987e+02 2.899778e+01 5.574840e+01
      endloop
   endfacet
   facet normal 0.000000e+00 0.000000e+00 1.000000e+00
      outer loop
         vertex 1.386237e+02 2.272113e+01 5.574840e+01
         vertex 1.405987e+02 2.899778e+01 5.574840e+01
         vertex 1.386237e+02 3.389778e+01 5.574840e+01
      endloop
   endfacet
   facet normal 0.000000e+00 -0.000000e+00 1.000000e+00
      outer loop
         vertex 1.405987e+02 2.899778e+01 5.574840e+01
         vertex 1.407360e+02 2.951028e+01 5.574840e+01
         vertex 1.386237e+02 3.389778e+01 5.574840e+01
      endloop
   endfacet
   facet normal 0.000000e+00 0.000000e+00 1.000000e+00
      outer loop
         vertex 1.386237e+02 3.389778e+01 5.574840e+01
         vertex 1.407360e+02 2.951028e+01 5.574840e+01
         vertex 1.411112e+02 2.988545e+01 5.574840e+01
      endloop
   endfacet
   facet normal -0.000000e+00 0.000000e+00 1.000000e+00
      outer loop
         vertex 1.386237e+02 3.389778e+01 5.574840e+01
         vertex 1.411112e+02 2.988545e+01 5.574840e+01
         vertex 1.441237e+02 3.389778e+01 5.574840e+01
      endloop
   endfacet
   facet normal 0.000000e+00 0.000000e+00 1.000000e+00
      outer loop
         vertex 1.441237e+02 3.389778e+01 5.574840e+01
         vertex 1.411112e+02 2.988545e+01 5.574840e+01
         vertex 1.416237e+02 3.002278e+01 5.574840e+01
      endloop
   endfacet
   facet normal 0.000000e+00 0.000000e+00 1.000000e+00
      outer loop
         vertex 1.441237e+02 3.389778e+01 5.574840e+01
         vertex 1.416237e+02 3.002278e+01 5.574840e+01
         vertex 1.421362e+02 2.988545e+01 5.574840e+01
      endloop
   endfacet
   facet normal 1.000000e+00 0.000000e+00 -0.000000e+00
      outer loop
         vertex 1.456237e+02 3.389778e+01 4.764840e+01
         vertex 1.456237e+02 3.389778e+01 5.424840e+01
         vertex 1.456237e+02 2.272113e+01 4.764840e+01
      endloop
   endfacet
   facet normal 1.000000e+00 0.000000e+00 0.000000e+00
      outer loop
         vertex 1.456237e+02 2.272113e+01 4.764840e+01
         vertex 1.456237e+02 3.389778e+01 5.424840e+01
         vertex 1.456237e+02 2.272113e+01 5.424840e+01
      endloop
   endfacet
   facet normal -0.000000e+00 0.000000e+00 -1.000000e+00
      outer loop
         vertex 1.407360e+02 2.951028e+01 4.614840e+01
         vertex 1.405987e+02 2.899778e+01 4.614840e+01
         vertex 1.386237e+02 3.389778e+01 4.614840e+01
      endloop
   endfacet
   facet normal 0.000000e+00 0.000000e+00 -1.000000e+00
      outer loop
         vertex 1.421362e+02 2.988545e+01 4.614840e+01
         vertex 1.416237e+02 3.002278e+01 4.614840e+01
         vertex 1.441237e+02 3.389778e+01 4.614840e+01
      endloop
   endfacet
   facet normal 0.000000e+00 0.000000e+00 -1.000000e+00
      outer loop
         vertex 1.386237e+02 3.389778e+01 4.614840e+01
         vertex 1.405987e+02 2.899778e+01 4.614840e+01
         vertex 1.386237e+02 2.272113e+01 4.614840e+01
      endloop
   endfacet
   facet normal -0.000000e+00 0.000000e+00 -1.000000e+00
      outer loop
         vertex 1.441237e+02 3.389778e+01 4.614840e+01
         vertex 1.416237e+02 3.002278e+01 4.614840e+01
         vertex 1.386237e+02 3.389778e+01 4.614840e+01
      endloop
   endfacet
   facet normal 0.000000e+00 0.000000e+00 -1.000000e+00
      outer loop
         vertex 1.386237e+02 3.389778e+01 4.614840e+01
         vertex 1.416237e+02 3.002278e+01 4.614840e+01
         vertex 1.411112e+02 2.988545e+01 4.614840e+01
      endloop
   endfacet
   facet normal 0.000000e+00 0.000000e+00 -1.000000e+00
      outer loop
         vertex 1.386237e+02 3.389778e+01 4.614840e+01
         vertex 1.411112e+02 2.988545e+01 4.614840e+01
         vertex 1.407360e+02 2.951028e+01 4.614840e+01
      endloop
   endfacet
   facet normal 0.000000e+00 -0.000000e+00 -1.000000e+00
      outer loop
         vertex 1.405987e+02 2.899778e+01 4.614840e+01
         vertex 1.407360e+02 2.848528e+01 4.614840e+01
         vertex 1.386237e+02 2.272113e+01 4.614840e+01
      endloop
   endfacet
   facet normal 0.000000e+00 0.000000e+00 -1.000000e+00
      outer loop
         vertex 1.386237e+02 2.272113e+01 4.614840e+01
         vertex 1.407360e+02 2.848528e+01 4.614840e+01
         vertex 1.411112e+02 2.811010e+01 4.614840e+01
      endloop
   endfacet
   facet normal 0.000000e+00 0.000000e+00 -1.000000e+00
      outer loop
         vertex 1.386237e+02 2.272113e+01 4.614840e+01
         vertex 1.411112e+02 2.811010e+01 4.614840e+01
         vertex 1.441237e+02 2.272113e+01 4.614840e+01
      endloop
   endfacet
   facet normal 0.000000e+00 0.000000e+00 -1.000000e+00
      outer loop
         vertex 1.441237e+02 2.272113e+01 4.614840e+01
         vertex 1.411112e+02 2.811010e+01 4.614840e+01
         vertex 1.416237e+02 2.797278e+01 4.614840e+01
      endloop
   endfacet
   facet normal 0.000000e+00 0.000000e+00 -1.000000e+00
      outer loop
         vertex 1.441237e+02 2.272113e+01 4.614840e+01
         vertex 1.416237e+02 2.797278e+01 4.614840e+01
         vertex 1.421362e+02 2.811010e+01 4.614840e+01
      endloop
   endfacet
   facet normal 0.000000e+00 0.000000e+00 -1.000000e+00
      outer loop
         vertex 1.421362e+02 2.811010e+01 4.614840e+01
         vertex 1.425114e+02 2.848528e+01 4.614840e+01
         vertex 1.441237e+02 2.272113e+01 4.614840e+01
      endloop
   endfacet
   facet normal 0.000000e+00 0.000000e+00 -1.000000e+00
      outer loop
         vertex 1.441237e+02 2.272113e+01 4.614840e+01
         vertex 1.425114e+02 2.848528e+01 4.614840e+01
         vertex 1.426487e+02 2.899778e+01 4.614840e+01
      endloop
   endfacet
   facet normal 0.000000e+00 0.000000e+00 -1.000000e+00
      outer loop
         vertex 1.441237e+02 2.272113e+01 4.614840e+01
         vertex 1.426487e+02 2.899778e+01 4.614840e+01
         vertex 1.441237e+02 3.389778e+01 4.614840e+01
      endloop
   endfacet
   facet normal 0.000000e+00 0.000000e+00 -1.000000e+00
      outer loop
         vertex 1.441237e+02 3.389778e+01 4.614840e+01
         vertex 1.426487e+02 2.899778e+01 4.614840e+01
         vertex 1.425114e+02 2.951028e+01 4.614840e+01
      endloop
   endfacet
   facet normal 0.000000e+00 0.000000e+00 -1.000000e+00
      outer loop
         vertex 1.441237e+02 3.389778e+01 4.614840e+01
         vertex 1.425114e+02 2.951028e+01 4.614840e+01
         vertex 1.421362e+02 2.988545e+01 4.614840e+01
      endloop
   endfacet
   facet normal -9.749281e-01 -2.225201e-01 0.000000e+00
      outer loop
         vertex 1.348737e+02 1.974778e+01 4.274840e+01
         vertex 1.348737e+02 1.974778e+01 4.614840e+01
         vertex 1.347252e+02 2.039860e+01 4.274840e+01
      endloop
   endfacet
   facet normal -9.749281e-01 -2.225201e-01 0.000000e+00
      outer loop
         vertex 1.347252e+02 2.039860e+01 4.274840e+01
         vertex 1.348737e+02 1.974778e+01 4.614840e+01
         vertex 1.347252e+02 2.039860e+01 4.614840e+01
      endloop
   endfacet
   facet normal -7.818315e-01 -6.234897e-01 0.000000e+00
      outer loop
         vertex 1.347252e+02 2.039860e+01 4.274840e+01
         vertex 1.347252e+02 2.039860e+01 4.614840e+01
         vertex 1.343090e+02 2.092052e+01 4.274840e+01
      endloop
   endfacet
   facet normal -7.818315e-01 -6.234897e-01 0.000000e+00
      outer loop
         vertex 1.343090e+02 2.092052e+01 4.274840e+01
         vertex 1.347252e+02 2.039860e+01 4.614840e+01
         vertex 1.343090e+02 2.092052e+01 4.614840e+01
      endloop
   endfacet
   facet normal -4.338851e-01 -9.009682e-01 0.000000e+00
      outer loop
         vertex 1.343090e+02 2.092052e+01 4.274840e+01
         vertex 1.343090e+02 2.092052e+01 4.614840e+01
         vertex 1.337075e+02 2.121017e+01 4.274840e+01
      endloop
   endfacet
   facet normal -4.338851e-01 -9.009682e-01 0.000000e+00
      outer loop
         vertex 1.337075e+02 2.121017e+01 4.274840e+01
         vertex 1.343090e+02 2.092052e+01 4.614840e+01
         vertex 1.337075e+02 2.121017e+01 4.614840e+01
      endloop
   endfacet
   facet normal 0.000000e+00 -1.000000e+00 0.000000e+00
      outer loop
         vertex 1.337075e+02 2.121017e+01 4.274840e+01
         vertex 1.337075e+02 2.121017e+01 4.614840e+01
         vertex 1.330399e+02 2.121017e+01 4.274840e+01
      endloop
   endfacet
   facet normal 0.000000e+00 -1.000000e+00 0.000000e+00
      outer loop
         vertex 1.330399e+02 2.121017e+01 4.274840e+01
         vertex 1.337075e+02 2.121017e+01 4.614840e+01
         vertex 1.330399e+02 2.121017e+01 4.614840e+01
      endloop
   endfacet
   facet normal 4.338851e-01 -9.009682e-01 0.000000e+00
      outer loop
         vertex 1.330399e+02 2.121017e+01 4.274840e+01
         vertex 1.330399e+02 2.121017e+01 4.614840e+01
         vertex 1.324385e+02 2.092052e+01 4.274840e+01
      endloop
   endfacet
   facet normal 4.338851e-01 -9.009682e-01 0.000000e+00
      outer loop
         vertex 1.324385e+02 2.092052e+01 4.274840e+01
         vertex 1.330399e+02 2.121017e+01 4.614840e+01
         vertex 1.324385e+02 2.092052e+01 4.614840e+01
      endloop
   endfacet
   facet normal 7.818315e-01 -6.234897e-01 0.000000e+00
      outer loop
         vertex 1.324385e+02 2.092052e+01 4.274840e+01
         vertex 1.324385e+02 2.092052e+01 4.614840e+01
         vertex 1.320223e+02 2.039860e+01 4.274840e+01
      endloop
   endfacet
   facet normal 7.818315e-01 -6.234897e-01 0.000000e+00
      outer loop
         vertex 1.320223e+02 2.039860e+01 4.274840e+01
         vertex 1.324385e+02 2.092052e+01 4.614840e+01
         vertex 1.320223e+02 2.039860e+01 4.614840e+01
      endloop
   endfacet
   facet normal 9.749281e-01 -2.225201e-01 0.000000e+00
      outer loop
         vertex 1.320223e+02 2.039860e+01 4.274840e+01
         vertex 1.320223e+02 2.039860e+01 4.614840e+01
         vertex 1.318737e+02 1.974778e+01 4.274840e+01
      endloop
   endfacet
   facet normal 9.749281e-01 -2.225201e-01 0.000000e+00
      outer loop
         vertex 1.318737e+02 1.974778e+01 4.274840e+01
         vertex 1.320223e+02 2.039860e+01 4.614840e+01
         vertex 1.318737e+02 1.974778e+01 4.614840e+01
      endloop
   endfacet
   facet normal 9.749281e-01 2.225201e-01 -0.000000e+00
      outer loop
         vertex 1.318737e+02 1.974778e+01 4.274840e+01
         vertex 1.318737e+02 1.974778e+01 4.614840e+01
         vertex 1.320223e+02 1.909695e+01 4.274840e+01
      endloop
   endfacet
   facet normal 9.749281e-01 2.225201e-01 -0.000000e+00
      outer loop
         vertex 1.320223e+02 1.909695e+01 4.274840e+01
         vertex 1.318737e+02 1.974778e+01 4.614840e+01
         vertex 1.320223e+02 1.909695e+01 4.614840e+01
      endloop
   endfacet
   facet normal 7.818315e-01 6.234897e-01 -0.000000e+00
      outer loop
         vertex 1.320223e+02 1.909695e+01 4.274840e+01
         vertex 1.320223e+02 1.909695e+01 4.614840e+01
         vertex 1.324385e+02 1.857503e+01 4.274840e+01
      endloop
   endfacet
   facet normal 7.818315e-01 6.234897e-01 -0.000000e+00
      outer loop
         vertex 1.324385e+02 1.857503e+01 4.274840e+01
         vertex 1.320223e+02 1.909695e+01 4.614840e+01
         vertex 1.324385e+02 1.857503e+01 4.614840e+01
      endloop
   endfacet
   facet normal 4.338851e-01 9.009682e-01 -0.000000e+00
      outer loop
         vertex 1.324385e+02 1.857503e+01 4.274840e+01
         vertex 1.324385e+02 1.857503e+01 4.614840e+01
         vertex 1.330399e+02 1.828538e+01 4.274840e+01
      endloop
   endfacet
   facet normal 4.338851e-01 9.009682e-01 -0.000000e+00
      outer loop
         vertex 1.330399e+02 1.828538e+01 4.274840e+01
         vertex 1.324385e+02 1.857503e+01 4.614840e+01
         vertex 1.330399e+02 1.828538e+01 4.614840e+01
      endloop
   endfacet
   facet normal 0.000000e+00 1.000000e+00 0.000000e+00
      outer loop
         vertex 1.330399e+02 1.828538e+01 4.274840e+01
         vertex 1.330399e+02 1.828538e+01 4.614840e+01
         vertex 1.337075e+02 1.828538e+01 4.274840e+01
      endloop
   endfacet
   facet normal 0.000000e+00 1.000000e+00 -0.000000e+00
      outer loop
         vertex 1.337075e+02 1.828538e+01 4.274840e+01
         vertex 1.330399e+02 1.828538e+01 4.614840e+01
         vertex 1.337075e+02 1.828538e+01 4.614840e+01
      endloop
   endfacet
   facet normal -4.338851e-01 9.009682e-01 0.000000e+00
      outer loop
         vertex 1.337075e+02 1.828538e+01 4.274840e+01
         vertex 1.337075e+02 1.828538e+01 4.614840e+01
         vertex 1.343090e+02 1.857503e+01 4.274840e+01
      endloop
   endfacet
   facet normal -4.338851e-01 9.009682e-01 0.000000e+00
      outer loop
         vertex 1.343090e+02 1.857503e+01 4.274840e+01
         vertex 1.337075e+02 1.828538e+01 4.614840e+01
         vertex 1.343090e+02 1.857503e+01 4.614840e+01
      endloop
   endfacet
   facet normal -7.818315e-01 6.234897e-01 0.000000e+00
      outer loop
         vertex 1.343090e+02 1.857503e+01 4.274840e+01
         vertex 1.343090e+02 1.857503e+01 4.614840e+01
         vertex 1.347252e+02 1.909695e+01 4.274840e+01
      endloop
   endfacet
   facet normal -7.818315e-01 6.234897e-01 0.000000e+00
      outer loop
         vertex 1.347252e+02 1.909695e+01 4.274840e+01
         vertex 1.343090e+02 1.857503e+01 4.614840e+01
         vertex 1.347252e+02 1.909695e+01 4.614840e+01
      endloop
   endfacet
   facet normal -9.749281e-01 2.225201e-01 0.000000e+00
      outer loop
         vertex 1.347252e+02 1.909695e+01 4.274840e+01
         vertex 1.347252e+02 1.909695e+01 4.614840e+01
         vertex 1.348737e+02 1.974778e+01 4.274840e+01
      endloop
   endfacet
   facet normal -9.749281e-01 2.225201e-01 0.000000e+00
      outer loop
         vertex 1.348737e+02 1.974778e+01 4.274840e+01
         vertex 1.347252e+02 1.909695e+01 4.614840e+01
         vertex 1.348737e+02 1.974778e+01 4.614840e+01
      endloop
   endfacet
   facet normal -9.749281e-01 -2.225201e-01 0.000000e+00
      outer loop
         vertex 1.348737e+02 1.974778e+01 5.574840e+01
         vertex 1.348737e+02 1.974778e+01 5.914840e+01
         vertex 1.347252e+02 2.039860e+01 5.574840e+01
      endloop
   endfacet
   facet normal -9.749281e-01 -2.225201e-01 0.000000e+00
      outer loop
         vertex 1.347252e+02 2.039860e+01 5.574840e+01
         vertex 1.348737e+02 1.974778e+01 5.914840e+01
         vertex 1.347252e+02 2.039860e+01 5.914840e+01
      endloop
   endfacet
   facet normal -7.818315e-01 -6.234897e-01 0.000000e+00
      outer loop
         vertex 1.347252e+02 2.039860e+01 5.574840e+01
         vertex 1.347252e+02 2.039860e+01 5.914840e+01
         vertex 1.343090e+02 2.092052e+01 5.574840e+01
      endloop
   endfacet
   facet normal -7.818315e-01 -6.234897e-01 0.000000e+00
      outer loop
         vertex 1.343090e+02 2.092052e+01 5.574840e+01
         vertex 1.347252e+02 2.039860e+01 5.914840e+01
         vertex 1.343090e+02 2.092052e+01 5.914840e+01
      endloop
   endfacet
   facet normal -4.338851e-01 -9.009682e-01 0.000000e+00
      outer loop
         vertex 1.343090e+02 2.092052e+01 5.574840e+01
         vertex 1.343090e+02 2.092052e+01 5.914840e+01
         vertex 1.337075e+02 2.121017e+01 5.574840e+01
      endloop
   endfacet
   facet normal -4.338851e-01 -9.009682e-01 0.000000e+00
      outer loop
         vertex 1.337075e+02 2.121017e+01 5.574840e+01
         vertex 1.343090e+02 2.092052e+01 5.914840e+01
         vertex 1.337075e+02 2.121017e+01 5.914840e+01
      endloop
   endfacet
   facet normal 0.000000e+00 -1.000000e+00 0.000000e+00
      outer loop
         vertex 1.337075e+02 2.121017e+01 5.574840e+01
         vertex 1.337075e+02 2.121017e+01 5.914840e+01
         vertex 1.330399e+02 2.121017e+01 5.574840e+01
      endloop
   endfacet
   facet normal 0.000000e+00 -1.000000e+00 0.000000e+00
      outer loop
         vertex 1.330399e+02 2.121017e+01 5.574840e+01
         vertex 1.337075e+02 2.121017e+01 5.914840e+01
         vertex 1.330399e+02 2.121017e+01 5.914840e+01
      endloop
   endfacet
   facet normal 4.338851e-01 -9.009682e-01 0.000000e+00
      outer loop
         vertex 1.330399e+02 2.121017e+01 5.574840e+01
         vertex 1.330399e+02 2.121017e+01 5.914840e+01
         vertex 1.324385e+02 2.092052e+01 5.574840e+01
      endloop
   endfacet
   facet normal 4.338851e-01 -9.009682e-01 0.000000e+00
      outer loop
         vertex 1.324385e+02 2.092052e+01 5.574840e+01
         vertex 1.330399e+02 2.121017e+01 5.914840e+01
         vertex 1.324385e+02 2.092052e+01 5.914840e+01
      endloop
   endfacet
   facet normal 7.818315e-01 -6.234897e-01 0.000000e+00
      outer loop
         vertex 1.324385e+02 2.092052e+01 5.574840e+01
         vertex 1.324385e+02 2.092052e+01 5.914840e+01
         vertex 1.320223e+02 2.039860e+01 5.574840e+01
      endloop
   endfacet
   facet normal 7.818315e-01 -6.234897e-01 0.000000e+00
      outer loop
         vertex 1.320223e+02 2.039860e+01 5.574840e+01
         vertex 1.324385e+02 2.092052e+01 5.914840e+01
         vertex 1.320223e+02 2.039860e+01 5.914840e+01
      endloop
   endfacet
   facet normal 9.749281e-01 -2.225201e-01 0.000000e+00
      outer loop
         vertex 1.320223e+02 2.039860e+01 5.574840e+01
         vertex 1.320223e+02 2.039860e+01 5.914840e+01
         vertex 1.318737e+02 1.974778e+01 5.574840e+01
      endloop
   endfacet
   facet normal 9.749281e-01 -2.225201e-01 0.000000e+00
      outer loop
         vertex 1.318737e+02 1.974778e+01 5.574840e+01
         vertex 1.320223e+02 2.039860e+01 5.914840e+01
         vertex 1.318737e+02 1.974778e+01 5.914840e+01
      endloop
   endfacet
   facet normal 9.749281e-01 2.225201e-01 -0.000000e+00
      outer loop
         vertex 1.318737e+02 1.974778e+01 5.574840e+01
         vertex 1.318737e+02 1.974778e+01 5.914840e+01
         vertex 1.320223e+02 1.909695e+01 5.574840e+01
      endloop
   endfacet
   facet normal 9.749281e-01 2.225201e-01 -0.000000e+00
      outer loop
         vertex 1.320223e+02 1.909695e+01 5.574840e+01
         vertex 1.318737e+02 1.974778e+01 5.914840e+01
         vertex 1.320223e+02 1.909695e+01 5.914840e+01
      endloop
   endfacet
   facet normal 7.818315e-01 6.234897e-01 -0.000000e+00
      outer loop
         vertex 1.320223e+02 1.909695e+01 5.574840e+01
         vertex 1.320223e+02 1.909695e+01 5.914840e+01
         vertex 1.324385e+02 1.857503e+01 5.574840e+01
      endloop
   endfacet
   facet normal 7.818315e-01 6.234897e-01 -0.000000e+00
      outer loop
         vertex 1.324385e+02 1.857503e+01 5.574840e+01
         vertex 1.320223e+02 1.909695e+01 5.914840e+01
         vertex 1.324385e+02 1.857503e+01 5.914840e+01
      endloop
   endfacet
   facet normal 4.338851e-01 9.009682e-01 -0.000000e+00
      outer loop
         vertex 1.324385e+02 1.857503e+01 5.574840e+01
         vertex 1.324385e+02 1.857503e+01 5.914840e+01
         vertex 1.330399e+02 1.828538e+01 5.574840e+01
      endloop
   endfacet
   facet normal 4.338851e-01 9.009682e-01 -0.000000e+00
      outer loop
         vertex 1.330399e+02 1.828538e+01 5.574840e+01
         vertex 1.324385e+02 1.857503e+01 5.914840e+01
         vertex 1.330399e+02 1.828538e+01 5.914840e+01
      endloop
   endfacet
   facet normal 0.000000e+00 1.000000e+00 0.000000e+00
      outer loop
         vertex 1.330399e+02 1.828538e+01 5.574840e+01
         vertex 1.330399e+02 1.828538e+01 5.914840e+01
         vertex 1.337075e+02 1.828538e+01 5.574840e+01
      endloop
   endfacet
   facet normal 0.000000e+00 1.000000e+00 -0.000000e+00
      outer loop
         vertex 1.337075e+02 1.828538e+01 5.574840e+01
         vertex 1.330399e+02 1.828538e+01 5.914840e+01
         vertex 1.337075e+02 1.828538e+01 5.914840e+01
      endloop
   endfacet
   facet normal -4.338851e-01 9.009682e-01 0.000000e+00
      outer loop
         vertex 1.337075e+02 1.828538e+01 5.574840e+01
         vertex 1.337075e+02 1.828538e+01 5.914840e+01
         vertex 1.343090e+02 1.857503e+01 5.574840e+01
      endloop
   endfacet
   facet normal -4.338851e-01 9.009682e-01 0.000000e+00
      outer loop
         vertex 1.343090e+02 1.857503e+01 5.574840e+01
         vertex 1.337075e+02 1.828538e+01 5.914840e+01
         vertex 1.343090e+02 1.857503e+01 5.914840e+01
      endloop
   endfacet
   facet normal -7.818315e-01 6.234897e-01 0.000000e+00
      outer loop
         vertex 1.343090e+02 1.857503e+01 5.574840e+01
         vertex 1.343090e+02 1.857503e+01 5.914840e+01
         vertex 1.347252e+02 1.909695e+01 5.574840e+01
      endloop
   endfacet
   facet normal -7.818315e-01 6.234897e-01 0.000000e+00
      outer loop
         vertex 1.347252e+02 1.909695e+01 5.574840e+01
         vertex 1.343090e+02 1.857503e+01 5.914840e+01
         vertex 1.347252e+02 1.909695e+01 5.914840e+01
      endloop
   endfacet
   facet normal -9.749281e-01 2.225201e-01 0.000000e+00
      outer loop
         vertex 1.347252e+02 1.909695e+01 5.574840e+01
         vertex 1.347252e+02 1.909695e+01 5.914840e+01
         vertex 1.348737e+02 1.974778e+01 5.574840e+01
      endloop
   endfacet
   facet normal -9.749281e-01 2.225201e-01 0.000000e+00
      outer loop
         vertex 1.348737e+02 1.974778e+01 5.574840e+01
         vertex 1.347252e+02 1.909695e+01 5.914840e+01
         vertex 1.348737e+02 1.974778e+01 5.914840e+01
      endloop
   endfacet
   facet normal 0.000000e+00 0.000000e+00 -1.000000e+00
      outer loop
         vertex 1.347252e+02 1.909695e+01 5.574840e+01
         vertex 1.348737e+02 1.974778e+01 5.574840e+01
         vertex 1.386237e+02 1.764045e+01 5.574840e+01
      endloop
   endfacet
   facet normal 0.000000e+00 0.000000e+00 -1.000000e+00
      outer loop
         vertex 1.337075e+02 2.121017e+01 5.574840e+01
         vertex 1.289237e+02 2.832143e+01 5.574840e+01
         vertex 1.343090e+02 2.092052e+01 5.574840e+01
      endloop
   endfacet
   facet normal 0.000000e+00 0.000000e+00 -1.000000e+00
      outer loop
         vertex 1.343090e+02 2.092052e+01 5.574840e+01
         vertex 1.289237e+02 2.832143e+01 5.574840e+01
         vertex 1.386237e+02 2.272113e+01 5.574840e+01
      endloop
   endfacet
   facet normal 0.000000e+00 -0.000000e+00 -1.000000e+00
      outer loop
         vertex 1.324385e+02 1.857503e+01 5.574840e+01
         vertex 1.330399e+02 1.828538e+01 5.574840e+01
         vertex 1.316112e+02 1.566171e+01 5.574840e+01
      endloop
   endfacet
   facet normal -0.000000e+00 0.000000e+00 -1.000000e+00
      outer loop
         vertex 1.337075e+02 1.828538e+01 5.574840e+01
         vertex 1.336325e+02 1.530530e+01 5.574840e+01
         vertex 1.330399e+02 1.828538e+01 5.574840e+01
      endloop
   endfacet
   facet normal 0.000000e+00 -0.000000e+00 -1.000000e+00
      outer loop
         vertex 1.330399e+02 1.828538e+01 5.574840e+01
         vertex 1.336325e+02 1.530530e+01 5.574840e+01
         vertex 1.326010e+02 1.536538e+01 5.574840e+01
      endloop
   endfacet
   facet normal 0.000000e+00 0.000000e+00 -1.000000e+00
      outer loop
         vertex 1.330399e+02 1.828538e+01 5.574840e+01
         vertex 1.326010e+02 1.536538e+01 5.574840e+01
         vertex 1.316112e+02 1.566171e+01 5.574840e+01
      endloop
   endfacet
   facet normal 0.000000e+00 0.000000e+00 -1.000000e+00
      outer loop
         vertex 1.386237e+02 1.764045e+01 5.574840e+01
         vertex 1.348737e+02 1.974778e+01 5.574840e+01
         vertex 1.386237e+02 2.272113e+01 5.574840e+01
      endloop
   endfacet
   facet normal 0.000000e+00 0.000000e+00 -1.000000e+00
      outer loop
         vertex 1.386237e+02 2.272113e+01 5.574840e+01
         vertex 1.348737e+02 1.974778e+01 5.574840e+01
         vertex 1.347252e+02 2.039860e+01 5.574840e+01
      endloop
   endfacet
   facet normal 0.000000e+00 0.000000e+00 -1.000000e+00
      outer loop
         vertex 1.386237e+02 2.272113e+01 5.574840e+01
         vertex 1.347252e+02 2.039860e+01 5.574840e+01
         vertex 1.343090e+02 2.092052e+01 5.574840e+01
      endloop
   endfacet
   facet normal 0.000000e+00 0.000000e+00 -1.000000e+00
      outer loop
         vertex 1.337075e+02 2.121017e+01 5.574840e+01
         vertex 1.330399e+02 2.121017e+01 5.574840e+01
         vertex 1.289237e+02 2.832143e+01 5.574840e+01
      endloop
   endfacet
   facet normal 0.000000e+00 0.000000e+00 -1.000000e+00
      outer loop
         vertex 1.289237e+02 2.832143e+01 5.574840e+01
         vertex 1.330399e+02 2.121017e+01 5.574840e+01
         vertex 1.324385e+02 2.092052e+01 5.574840e+01
      endloop
   endfacet
   facet normal 0.000000e+00 0.000000e+00 -1.000000e+00
      outer loop
         vertex 1.289237e+02 2.832143e+01 5.574840e+01
         vertex 1.324385e+02 2.092052e+01 5.574840e+01
         vertex 1.289237e+02 1.974778e+01 5.574840e+01
      endloop
   endfacet
   facet normal 0.000000e+00 0.000000e+00 -1.000000e+00
      outer loop
         vertex 1.316112e+02 1.566171e+01 5.574840e+01
         vertex 1.307164e+02 1.617833e+01 5.574840e+01
         vertex 1.324385e+02 1.857503e+01 5.574840e+01
      endloop
   endfacet
   facet normal 0.000000e+00 0.000000e+00 -1.000000e+00
      outer loop
         vertex 1.324385e+02 1.857503e+01 5.574840e+01
         vertex 1.307164e+02 1.617833e+01 5.574840e+01
         vertex 1.299648e+02 1.688737e+01 5.574840e+01
      endloop
   endfacet
   facet normal -0.000000e+00 0.000000e+00 -1.000000e+00
      outer loop
         vertex 1.324385e+02 1.857503e+01 5.574840e+01
         vertex 1.299648e+02 1.688737e+01 5.574840e+01
         vertex 1.320223e+02 1.909695e+01 5.574840e+01
      endloop
   endfacet
   facet normal 0.000000e+00 -0.000000e+00 -1.000000e+00
      outer loop
         vertex 1.347252e+02 1.909695e+01 5.574840e+01
         vertex 1.386237e+02 1.764045e+01 5.574840e+01
         vertex 1.343090e+02 1.857503e+01 5.574840e+01
      endloop
   endfacet
   facet normal 0.000000e+00 0.000000e+00 -1.000000e+00
      outer loop
         vertex 1.343090e+02 1.857503e+01 5.574840e+01
         vertex 1.386237e+02 1.764045e+01 5.574840e+01
         vertex 1.355987e+02 1.589396e+01 5.574840e+01
      endloop
   endfacet
   facet normal 0.000000e+00 -0.000000e+00 -1.000000e+00
      outer loop
         vertex 1.343090e+02 1.857503e+01 5.574840e+01
         vertex 1.355987e+02 1.589396e+01 5.574840e+01
         vertex 1.337075e+02 1.828538e+01 5.574840e+01
      endloop
   endfacet
   facet normal 0.000000e+00 0.000000e+00 -1.000000e+00
      outer loop
         vertex 1.337075e+02 1.828538e+01 5.574840e+01
         vertex 1.355987e+02 1.589396e+01 5.574840e+01
         vertex 1.346500e+02 1.548472e+01 5.574840e+01
      endloop
   endfacet
   facet normal 0.000000e+00 -0.000000e+00 -1.000000e+00
      outer loop
         vertex 1.337075e+02 1.828538e+01 5.574840e+01
         vertex 1.346500e+02 1.548472e+01 5.574840e+01
         vertex 1.336325e+02 1.530530e+01 5.574840e+01
      endloop
   endfacet
   facet normal 0.000000e+00 0.000000e+00 -1.000000e+00
      outer loop
         vertex 1.299648e+02 1.688737e+01 5.574840e+01
         vertex 1.293971e+02 1.775062e+01 5.574840e+01
         vertex 1.320223e+02 1.909695e+01 5.574840e+01
      endloop
   endfacet
   facet normal 0.000000e+00 0.000000e+00 -1.000000e+00
      outer loop
         vertex 1.320223e+02 1.909695e+01 5.574840e+01
         vertex 1.293971e+02 1.775062e+01 5.574840e+01
         vertex 1.290437e+02 1.872153e+01 5.574840e+01
      endloop
   endfacet
   facet normal -0.000000e+00 0.000000e+00 -1.000000e+00
      outer loop
         vertex 1.320223e+02 1.909695e+01 5.574840e+01
         vertex 1.290437e+02 1.872153e+01 5.574840e+01
         vertex 1.318737e+02 1.974778e+01 5.574840e+01
      endloop
   endfacet
   facet normal -0.000000e+00 0.000000e+00 -1.000000e+00
      outer loop
         vertex 1.318737e+02 1.974778e+01 5.574840e+01
         vertex 1.290437e+02 1.872153e+01 5.574840e+01
         vertex 1.289237e+02 1.974778e+01 5.574840e+01
      endloop
   endfacet
   facet normal 0.000000e+00 0.000000e+00 -1.000000e+00
      outer loop
         vertex 1.318737e+02 1.974778e+01 5.574840e+01
         vertex 1.289237e+02 1.974778e+01 5.574840e+01
         vertex 1.320223e+02 2.039860e+01 5.574840e+01
      endloop
   endfacet
   facet normal -0.000000e+00 0.000000e+00 -1.000000e+00
      outer loop
         vertex 1.320223e+02 2.039860e+01 5.574840e+01
         vertex 1.289237e+02 1.974778e+01 5.574840e+01
         vertex 1.324385e+02 2.092052e+01 5.574840e+01
      endloop
   endfacet
   facet normal 0.000000e+00 0.000000e+00 1.000000e+00
      outer loop
         vertex 1.289237e+02 2.832143e+01 4.614840e+01
         vertex 1.330399e+02 2.121017e+01 4.614840e+01
         vertex 1.337075e+02 2.121017e+01 4.614840e+01
      endloop
   endfacet
   facet normal 0.000000e+00 0.000000e+00 1.000000e+00
      outer loop
         vertex 1.289237e+02 2.832143e+01 4.614840e+01
         vertex 1.337075e+02 2.121017e+01 4.614840e+01
         vertex 1.386237e+02 2.272113e+01 4.614840e+01
      endloop
   endfacet
   facet normal 0.000000e+00 0.000000e+00 1.000000e+00
      outer loop
         vertex 1.386237e+02 1.764045e+01 4.614840e+01
         vertex 1.347252e+02 1.909695e+01 4.614840e+01
         vertex 1.355987e+02 1.589396e+01 4.614840e+01
      endloop
   endfacet
   facet normal 0.000000e+00 0.000000e+00 1.000000e+00
      outer loop
         vertex 1.355987e+02 1.589396e+01 4.614840e+01
         vertex 1.347252e+02 1.909695e+01 4.614840e+01
         vertex 1.343090e+02 1.857503e+01 4.614840e+01
      endloop
   endfacet
   facet normal 0.000000e+00 0.000000e+00 1.000000e+00
      outer loop
         vertex 1.355987e+02 1.589396e+01 4.614840e+01
         vertex 1.343090e+02 1.857503e+01 4.614840e+01
         vertex 1.346500e+02 1.548472e+01 4.614840e+01
      endloop
   endfacet
   facet normal 0.000000e+00 0.000000e+00 1.000000e+00
      outer loop
         vertex 1.346500e+02 1.548472e+01 4.614840e+01
         vertex 1.343090e+02 1.857503e+01 4.614840e+01
         vertex 1.337075e+02 1.828538e+01 4.614840e+01
      endloop
   endfacet
   facet normal 0.000000e+00 0.000000e+00 1.000000e+00
      outer loop
         vertex 1.346500e+02 1.548472e+01 4.614840e+01
         vertex 1.337075e+02 1.828538e+01 4.614840e+01
         vertex 1.336325e+02 1.530530e+01 4.614840e+01
      endloop
   endfacet
   facet normal 0.000000e+00 -0.000000e+00 1.000000e+00
      outer loop
         vertex 1.336325e+02 1.530530e+01 4.614840e+01
         vertex 1.337075e+02 1.828538e+01 4.614840e+01
         vertex 1.330399e+02 1.828538e+01 4.614840e+01
      endloop
   endfacet
   facet normal 0.000000e+00 0.000000e+00 1.000000e+00
      outer loop
         vertex 1.336325e+02 1.530530e+01 4.614840e+01
         vertex 1.330399e+02 1.828538e+01 4.614840e+01
         vertex 1.326010e+02 1.536538e+01 4.614840e+01
      endloop
   endfacet
   facet normal 0.000000e+00 -0.000000e+00 1.000000e+00
      outer loop
         vertex 1.326010e+02 1.536538e+01 4.614840e+01
         vertex 1.330399e+02 1.828538e+01 4.614840e+01
         vertex 1.316112e+02 1.566171e+01 4.614840e+01
      endloop
   endfacet
   facet normal 0.000000e+00 0.000000e+00 1.000000e+00
      outer loop
         vertex 1.316112e+02 1.566171e+01 4.614840e+01
         vertex 1.330399e+02 1.828538e+01 4.614840e+01
         vertex 1.324385e+02 1.857503e+01 4.614840e+01
      endloop
   endfacet
   facet normal 0.000000e+00 -0.000000e+00 1.000000e+00
      outer loop
         vertex 1.316112e+02 1.566171e+01 4.614840e+01
         vertex 1.324385e+02 1.857503e+01 4.614840e+01
         vertex 1.307164e+02 1.617833e+01 4.614840e+01
      endloop
   endfacet
   facet normal 0.000000e+00 -0.000000e+00 1.000000e+00
      outer loop
         vertex 1.307164e+02 1.617833e+01 4.614840e+01
         vertex 1.324385e+02 1.857503e+01 4.614840e+01
         vertex 1.299648e+02 1.688737e+01 4.614840e+01
      endloop
   endfacet
   facet normal 0.000000e+00 0.000000e+00 1.000000e+00
      outer loop
         vertex 1.299648e+02 1.688737e+01 4.614840e+01
         vertex 1.324385e+02 1.857503e+01 4.614840e+01
         vertex 1.320223e+02 1.909695e+01 4.614840e+01
      endloop
   endfacet
   facet normal 0.000000e+00 -0.000000e+00 1.000000e+00
      outer loop
         vertex 1.299648e+02 1.688737e+01 4.614840e+01
         vertex 1.320223e+02 1.909695e+01 4.614840e+01
         vertex 1.293971e+02 1.775062e+01 4.614840e+01
      endloop
   endfacet
   facet normal 0.000000e+00 -0.000000e+00 1.000000e+00
      outer loop
         vertex 1.293971e+02 1.775062e+01 4.614840e+01
         vertex 1.320223e+02 1.909695e+01 4.614840e+01
         vertex 1.290437e+02 1.872153e+01 4.614840e+01
      endloop
   endfacet
   facet normal 0.000000e+00 0.000000e+00 1.000000e+00
      outer loop
         vertex 1.290437e+02 1.872153e+01 4.614840e+01
         vertex 1.320223e+02 1.909695e+01 4.614840e+01
         vertex 1.318737e+02 1.974778e+01 4.614840e+01
      endloop
   endfacet
   facet normal 0.000000e+00 -0.000000e+00 1.000000e+00
      outer loop
         vertex 1.290437e+02 1.872153e+01 4.614840e+01
         vertex 1.318737e+02 1.974778e+01 4.614840e+01
         vertex 1.289237e+02 1.974778e+01 4.614840e+01
      endloop
   endfacet
   facet normal 0.000000e+00 0.000000e+00 1.000000e+00
      outer loop
         vertex 1.289237e+02 1.974778e+01 4.614840e+01
         vertex 1.318737e+02 1.974778e+01 4.614840e+01
         vertex 1.320223e+02 2.039860e+01 4.614840e+01
      endloop
   endfacet
   facet normal 0.000000e+00 0.000000e+00 1.000000e+00
      outer loop
         vertex 1.289237e+02 1.974778e+01 4.614840e+01
         vertex 1.320223e+02 2.039860e+01 4.614840e+01
         vertex 1.289237e+02 2.832143e+01 4.614840e+01
      endloop
   endfacet
   facet normal 0.000000e+00 0.000000e+00 1.000000e+00
      outer loop
         vertex 1.289237e+02 2.832143e+01 4.614840e+01
         vertex 1.320223e+02 2.039860e+01 4.614840e+01
         vertex 1.324385e+02 2.092052e+01 4.614840e+01
      endloop
   endfacet
   facet normal 0.000000e+00 0.000000e+00 1.000000e+00
      outer loop
         vertex 1.289237e+02 2.832143e+01 4.614840e+01
         vertex 1.324385e+02 2.092052e+01 4.614840e+01
         vertex 1.330399e+02 2.121017e+01 4.614840e+01
      endloop
   endfacet
   facet normal -0.000000e+00 0.000000e+00 1.000000e+00
      outer loop
         vertex 1.337075e+02 2.121017e+01 4.614840e+01
         vertex 1.343090e+02 2.092052e+01 4.614840e+01
         vertex 1.386237e+02 2.272113e+01 4.614840e+01
      endloop
   endfacet
   facet normal 0.000000e+00 0.000000e+00 1.000000e+00
      outer loop
         vertex 1.386237e+02 2.272113e+01 4.614840e+01
         vertex 1.343090e+02 2.092052e+01 4.614840e+01
         vertex 1.347252e+02 2.039860e+01 4.614840e+01
      endloop
   endfacet
   facet normal 0.000000e+00 0.000000e+00 1.000000e+00
      outer loop
         vertex 1.386237e+02 2.272113e+01 4.614840e+01
         vertex 1.347252e+02 2.039860e+01 4.614840e+01
         vertex 1.386237e+02 1.764045e+01 4.614840e+01
      endloop
   endfacet
   facet normal 0.000000e+00 0.000000e+00 1.000000e+00
      outer loop
         vertex 1.386237e+02 1.764045e+01 4.614840e+01
         vertex 1.347252e+02 2.039860e+01 4.614840e+01
         vertex 1.348737e+02 1.974778e+01 4.614840e+01
      endloop
   endfacet
   facet normal 0.000000e+00 0.000000e+00 1.000000e+00
      outer loop
         vertex 1.386237e+02 1.764045e+01 4.614840e+01
         vertex 1.348737e+02 1.974778e+01 4.614840e+01
         vertex 1.347252e+02 1.909695e+01 4.614840e+01
      endloop
   endfacet
   facet normal -5.000016e-01 -8.660245e-01 -0.000000e+00
      outer loop
         vertex 1.286237e+02 2.849463e+01 5.604840e+01
         vertex 1.286237e+02 2.849463e+01 4.584840e+01
         vertex 1.289237e+02 2.832143e+01 4.614840e+01
      endloop
   endfacet
   facet normal -5.000000e-01 -8.660254e-01 0.000000e+00
      outer loop
         vertex 1.386237e+02 2.272113e+01 4.614840e+01
         vertex 1.386237e+02 2.272113e+01 5.574840e+01
         vertex 1.289237e+02 2.832143e+01 4.614840e+01
      endloop
   endfacet
   facet normal -5.000000e-01 -8.660254e-01 0.000000e+00
      outer loop
         vertex 1.289237e+02 2.832143e+01 4.614840e+01
         vertex 1.386237e+02 2.272113e+01 5.574840e+01
         vertex 1.289237e+02 2.832143e+01 5.574840e+01
      endloop
   endfacet
   facet normal -5.000016e-01 -8.660245e-01 0.000000e+00
      outer loop
         vertex 1.289237e+02 2.832143e+01 4.614840e+01
         vertex 1.289237e+02 2.832143e+01 5.574840e+01
         vertex 1.286237e+02 2.849463e+01 5.604840e+01
      endloop
   endfacet
   facet normal 0.000000e+00 -0.000000e+00 -1.000000e+00
      outer loop
         vertex 1.324385e+02 1.857503e+01 4.274840e+01
         vertex 1.330399e+02 1.828538e+01 4.274840e+01
         vertex 1.316112e+02 1.566171e+01 4.274840e+01
      endloop
   endfacet
   facet normal -0.000000e+00 0.000000e+00 -1.000000e+00
      outer loop
         vertex 1.337075e+02 1.828538e+01 4.274840e+01
         vertex 1.336325e+02 1.530530e+01 4.274840e+01
         vertex 1.330399e+02 1.828538e+01 4.274840e+01
      endloop
   endfacet
   facet normal 0.000000e+00 -0.000000e+00 -1.000000e+00
      outer loop
         vertex 1.330399e+02 1.828538e+01 4.274840e+01
         vertex 1.336325e+02 1.530530e+01 4.274840e+01
         vertex 1.326010e+02 1.536538e+01 4.274840e+01
      endloop
   endfacet
   facet normal 0.000000e+00 0.000000e+00 -1.000000e+00
      outer loop
         vertex 1.330399e+02 1.828538e+01 4.274840e+01
         vertex 1.326010e+02 1.536538e+01 4.274840e+01
         vertex 1.316112e+02 1.566171e+01 4.274840e+01
      endloop
   endfacet
   facet normal 0.000000e+00 0.000000e+00 -1.000000e+00
      outer loop
         vertex 1.347252e+02 2.039860e+01 4.274840e+01
         vertex 1.386237e+02 3.569778e+01 4.274840e+01
         vertex 1.348737e+02 1.974778e+01 4.274840e+01
      endloop
   endfacet
   facet normal 0.000000e+00 0.000000e+00 -1.000000e+00
      outer loop
         vertex 1.348737e+02 1.974778e+01 4.274840e+01
         vertex 1.386237e+02 3.569778e+01 4.274840e+01
         vertex 1.386237e+02 1.764045e+01 4.274840e+01
      endloop
   endfacet
   facet normal 0.000000e+00 -0.000000e+00 -1.000000e+00
      outer loop
         vertex 1.348737e+02 1.974778e+01 4.274840e+01
         vertex 1.386237e+02 1.764045e+01 4.274840e+01
         vertex 1.347252e+02 1.909695e+01 4.274840e+01
      endloop
   endfacet
   facet normal 0.000000e+00 -0.000000e+00 -1.000000e+00
      outer loop
         vertex 1.344611e+02 3.004017e+01 4.274840e+01
         vertex 1.348582e+02 3.058683e+01 4.274840e+01
         vertex 1.337075e+02 2.121017e+01 4.274840e+01
      endloop
   endfacet
   facet normal 0.000000e+00 0.000000e+00 -1.000000e+00
      outer loop
         vertex 1.316112e+02 1.566171e+01 4.274840e+01
         vertex 1.307164e+02 1.617833e+01 4.274840e+01
         vertex 1.324385e+02 1.857503e+01 4.274840e+01
      endloop
   endfacet
   facet normal 0.000000e+00 0.000000e+00 -1.000000e+00
      outer loop
         vertex 1.324385e+02 1.857503e+01 4.274840e+01
         vertex 1.307164e+02 1.617833e+01 4.274840e+01
         vertex 1.299648e+02 1.688737e+01 4.274840e+01
      endloop
   endfacet
   facet normal -0.000000e+00 0.000000e+00 -1.000000e+00
      outer loop
         vertex 1.324385e+02 1.857503e+01 4.274840e+01
         vertex 1.299648e+02 1.688737e+01 4.274840e+01
         vertex 1.320223e+02 1.909695e+01 4.274840e+01
      endloop
   endfacet
   facet normal 0.000000e+00 -0.000000e+00 -1.000000e+00
      outer loop
         vertex 1.347252e+02 1.909695e+01 4.274840e+01
         vertex 1.386237e+02 1.764045e+01 4.274840e+01
         vertex 1.343090e+02 1.857503e+01 4.274840e+01
      endloop
   endfacet
   facet normal 0.000000e+00 0.000000e+00 -1.000000e+00
      outer loop
         vertex 1.343090e+02 1.857503e+01 4.274840e+01
         vertex 1.386237e+02 1.764045e+01 4.274840e+01
         vertex 1.355987e+02 1.589396e+01 4.274840e+01
      endloop
   endfacet
   facet normal 0.000000e+00 -0.000000e+00 -1.000000e+00
      outer loop
         vertex 1.343090e+02 1.857503e+01 4.274840e+01
         vertex 1.355987e+02 1.589396e+01 4.274840e+01
         vertex 1.337075e+02 1.828538e+01 4.274840e+01
      endloop
   endfacet
   facet normal 0.000000e+00 0.000000e+00 -1.000000e+00
      outer loop
         vertex 1.337075e+02 1.828538e+01 4.274840e+01
         vertex 1.355987e+02 1.589396e+01 4.274840e+01
         vertex 1.346500e+02 1.548472e+01 4.274840e+01
      endloop
   endfacet
   facet normal 0.000000e+00 -0.000000e+00 -1.000000e+00
      outer loop
         vertex 1.337075e+02 1.828538e+01 4.274840e+01
         vertex 1.346500e+02 1.548472e+01 4.274840e+01
         vertex 1.336325e+02 1.530530e+01 4.274840e+01
      endloop
   endfacet
   facet normal 0.000000e+00 -0.000000e+00 -1.000000e+00
      outer loop
         vertex 1.348582e+02 3.058683e+01 4.274840e+01
         vertex 1.349987e+02 3.124778e+01 4.274840e+01
         vertex 1.337075e+02 2.121017e+01 4.274840e+01
      endloop
   endfacet
   facet normal 0.000000e+00 0.000000e+00 -1.000000e+00
      outer loop
         vertex 1.337075e+02 2.121017e+01 4.274840e+01
         vertex 1.349987e+02 3.124778e+01 4.274840e+01
         vertex 1.386237e+02 3.569778e+01 4.274840e+01
      endloop
   endfacet
   facet normal 0.000000e+00 0.000000e+00 -1.000000e+00
      outer loop
         vertex 1.337075e+02 2.121017e+01 4.274840e+01
         vertex 1.386237e+02 3.569778e+01 4.274840e+01
         vertex 1.343090e+02 2.092052e+01 4.274840e+01
      endloop
   endfacet
   facet normal 0.000000e+00 0.000000e+00 -1.000000e+00
      outer loop
         vertex 1.343090e+02 2.092052e+01 4.274840e+01
         vertex 1.386237e+02 3.569778e+01 4.274840e+01
         vertex 1.347252e+02 2.039860e+01 4.274840e+01
      endloop
   endfacet
   facet normal 0.000000e+00 -0.000000e+00 -1.000000e+00
      outer loop
         vertex 1.317842e+02 3.158563e+01 4.274840e+01
         vertex 1.317842e+02 3.090992e+01 4.274840e+01
         vertex 1.289237e+02 3.124778e+01 4.274840e+01
      endloop
   endfacet
   facet normal 0.000000e+00 0.000000e+00 -1.000000e+00
      outer loop
         vertex 1.289237e+02 1.974778e+01 4.274840e+01
         vertex 1.289237e+02 3.124778e+01 4.274840e+01
         vertex 1.324385e+02 2.092052e+01 4.274840e+01
      endloop
   endfacet
   facet normal 0.000000e+00 0.000000e+00 -1.000000e+00
      outer loop
         vertex 1.324385e+02 2.092052e+01 4.274840e+01
         vertex 1.289237e+02 3.124778e+01 4.274840e+01
         vertex 1.317842e+02 3.090992e+01 4.274840e+01
      endloop
   endfacet
   facet normal 0.000000e+00 0.000000e+00 -1.000000e+00
      outer loop
         vertex 1.324385e+02 2.092052e+01 4.274840e+01
         vertex 1.317842e+02 3.090992e+01 4.274840e+01
         vertex 1.330399e+02 2.121017e+01 4.274840e+01
      endloop
   endfacet
   facet normal 0.000000e+00 0.000000e+00 -1.000000e+00
      outer loop
         vertex 1.330399e+02 2.121017e+01 4.274840e+01
         vertex 1.317842e+02 3.090992e+01 4.274840e+01
         vertex 1.320591e+02 3.029263e+01 4.274840e+01
      endloop
   endfacet
   facet normal 0.000000e+00 0.000000e+00 -1.000000e+00
      outer loop
         vertex 1.299648e+02 1.688737e+01 4.274840e+01
         vertex 1.293971e+02 1.775062e+01 4.274840e+01
         vertex 1.320223e+02 1.909695e+01 4.274840e+01
      endloop
   endfacet
   facet normal 0.000000e+00 0.000000e+00 -1.000000e+00
      outer loop
         vertex 1.320223e+02 1.909695e+01 4.274840e+01
         vertex 1.293971e+02 1.775062e+01 4.274840e+01
         vertex 1.290437e+02 1.872153e+01 4.274840e+01
      endloop
   endfacet
   facet normal -0.000000e+00 0.000000e+00 -1.000000e+00
      outer loop
         vertex 1.320223e+02 1.909695e+01 4.274840e+01
         vertex 1.290437e+02 1.872153e+01 4.274840e+01
         vertex 1.318737e+02 1.974778e+01 4.274840e+01
      endloop
   endfacet
   facet normal -0.000000e+00 0.000000e+00 -1.000000e+00
      outer loop
         vertex 1.318737e+02 1.974778e+01 4.274840e+01
         vertex 1.290437e+02 1.872153e+01 4.274840e+01
         vertex 1.289237e+02 1.974778e+01 4.274840e+01
      endloop
   endfacet
   facet normal 0.000000e+00 0.000000e+00 -1.000000e+00
      outer loop
         vertex 1.318737e+02 1.974778e+01 4.274840e+01
         vertex 1.289237e+02 1.974778e+01 4.274840e+01
         vertex 1.320223e+02 2.039860e+01 4.274840e+01
      endloop
   endfacet
   facet normal -0.000000e+00 0.000000e+00 -1.000000e+00
      outer loop
         vertex 1.320223e+02 2.039860e+01 4.274840e+01
         vertex 1.289237e+02 1.974778e+01 4.274840e+01
         vertex 1.324385e+02 2.092052e+01 4.274840e+01
      endloop
   endfacet
   facet normal 0.000000e+00 0.000000e+00 -1.000000e+00
      outer loop
         vertex 1.305992e+02 3.472693e+01 4.274840e+01
         vertex 1.325612e+02 3.265507e+01 4.274840e+01
         vertex 1.320591e+02 3.220293e+01 4.274840e+01
      endloop
   endfacet
   facet normal 0.000000e+00 0.000000e+00 -1.000000e+00
      outer loop
         vertex 1.289237e+02 3.124778e+01 4.274840e+01
         vertex 1.290353e+02 3.223799e+01 4.274840e+01
         vertex 1.317842e+02 3.158563e+01 4.274840e+01
      endloop
   endfacet
   facet normal 0.000000e+00 0.000000e+00 -1.000000e+00
      outer loop
         vertex 1.317842e+02 3.158563e+01 4.274840e+01
         vertex 1.290353e+02 3.223799e+01 4.274840e+01
         vertex 1.293644e+02 3.317856e+01 4.274840e+01
      endloop
   endfacet
   facet normal 0.000000e+00 0.000000e+00 -1.000000e+00
      outer loop
         vertex 1.317842e+02 3.158563e+01 4.274840e+01
         vertex 1.293644e+02 3.317856e+01 4.274840e+01
         vertex 1.320591e+02 3.220293e+01 4.274840e+01
      endloop
   endfacet
   facet normal 0.000000e+00 0.000000e+00 -1.000000e+00
      outer loop
         vertex 1.320591e+02 3.220293e+01 4.274840e+01
         vertex 1.293644e+02 3.317856e+01 4.274840e+01
         vertex 1.298946e+02 3.402231e+01 4.274840e+01
      endloop
   endfacet
   facet normal 0.000000e+00 0.000000e+00 -1.000000e+00
      outer loop
         vertex 1.320591e+02 3.220293e+01 4.274840e+01
         vertex 1.298946e+02 3.402231e+01 4.274840e+01
         vertex 1.305992e+02 3.472693e+01 4.274840e+01
      endloop
   endfacet
   facet normal 0.000000e+00 0.000000e+00 -1.000000e+00
      outer loop
         vertex 1.349987e+02 3.124778e+01 4.274840e+01
         vertex 1.348582e+02 3.190872e+01 4.274840e+01
         vertex 1.386237e+02 3.569778e+01 4.274840e+01
      endloop
   endfacet
   facet normal 0.000000e+00 0.000000e+00 -1.000000e+00
      outer loop
         vertex 1.386237e+02 3.569778e+01 4.274840e+01
         vertex 1.348582e+02 3.190872e+01 4.274840e+01
         vertex 1.344611e+02 3.245539e+01 4.274840e+01
      endloop
   endfacet
   facet normal -0.000000e+00 0.000000e+00 -1.000000e+00
      outer loop
         vertex 1.386237e+02 3.569778e+01 4.274840e+01
         vertex 1.344611e+02 3.245539e+01 4.274840e+01
         vertex 1.333737e+02 3.569778e+01 4.274840e+01
      endloop
   endfacet
   facet normal 0.000000e+00 0.000000e+00 -1.000000e+00
      outer loop
         vertex 1.344611e+02 3.245539e+01 4.274840e+01
         vertex 1.338759e+02 3.279324e+01 4.274840e+01
         vertex 1.333737e+02 3.569778e+01 4.274840e+01
      endloop
   endfacet
   facet normal 0.000000e+00 -0.000000e+00 -1.000000e+00
      outer loop
         vertex 1.333737e+02 3.569778e+01 4.274840e+01
         vertex 1.338759e+02 3.279324e+01 4.274840e+01
         vertex 1.332039e+02 3.286387e+01 4.274840e+01
      endloop
   endfacet
   facet normal 0.000000e+00 0.000000e+00 -1.000000e+00
      outer loop
         vertex 1.333737e+02 3.569778e+01 4.274840e+01
         vertex 1.332039e+02 3.286387e+01 4.274840e+01
         vertex 1.323835e+02 3.558620e+01 4.274840e+01
      endloop
   endfacet
   facet normal 0.000000e+00 0.000000e+00 -1.000000e+00
      outer loop
         vertex 1.323835e+02 3.558620e+01 4.274840e+01
         vertex 1.332039e+02 3.286387e+01 4.274840e+01
         vertex 1.325612e+02 3.265507e+01 4.274840e+01
      endloop
   endfacet
   facet normal 0.000000e+00 -0.000000e+00 -1.000000e+00
      outer loop
         vertex 1.323835e+02 3.558620e+01 4.274840e+01
         vertex 1.325612e+02 3.265507e+01 4.274840e+01
         vertex 1.314429e+02 3.525709e+01 4.274840e+01
      endloop
   endfacet
   facet normal 0.000000e+00 -0.000000e+00 -1.000000e+00
      outer loop
         vertex 1.314429e+02 3.525709e+01 4.274840e+01
         vertex 1.325612e+02 3.265507e+01 4.274840e+01
         vertex 1.305992e+02 3.472693e+01 4.274840e+01
      endloop
   endfacet
   facet normal 0.000000e+00 0.000000e+00 -1.000000e+00
      outer loop
         vertex 1.320591e+02 3.029263e+01 4.274840e+01
         vertex 1.325612e+02 2.984048e+01 4.274840e+01
         vertex 1.330399e+02 2.121017e+01 4.274840e+01
      endloop
   endfacet
   facet normal 0.000000e+00 0.000000e+00 -1.000000e+00
      outer loop
         vertex 1.330399e+02 2.121017e+01 4.274840e+01
         vertex 1.325612e+02 2.984048e+01 4.274840e+01
         vertex 1.332039e+02 2.963168e+01 4.274840e+01
      endloop
   endfacet
   facet normal 0.000000e+00 0.000000e+00 -1.000000e+00
      outer loop
         vertex 1.330399e+02 2.121017e+01 4.274840e+01
         vertex 1.332039e+02 2.963168e+01 4.274840e+01
         vertex 1.337075e+02 2.121017e+01 4.274840e+01
      endloop
   endfacet
   facet normal 0.000000e+00 0.000000e+00 -1.000000e+00
      outer loop
         vertex 1.337075e+02 2.121017e+01 4.274840e+01
         vertex 1.332039e+02 2.963168e+01 4.274840e+01
         vertex 1.338759e+02 2.970231e+01 4.274840e+01
      endloop
   endfacet
   facet normal 0.000000e+00 0.000000e+00 -1.000000e+00
      outer loop
         vertex 1.337075e+02 2.121017e+01 4.274840e+01
         vertex 1.338759e+02 2.970231e+01 4.274840e+01
         vertex 1.344611e+02 3.004017e+01 4.274840e+01
      endloop
   endfacet
   facet normal 0.000000e+00 0.000000e+00 1.000000e+00
      outer loop
         vertex 1.386237e+02 1.764045e+01 5.914840e+01
         vertex 1.347252e+02 1.909695e+01 5.914840e+01
         vertex 1.355987e+02 1.589396e+01 5.914840e+01
      endloop
   endfacet
   facet normal 0.000000e+00 0.000000e+00 1.000000e+00
      outer loop
         vertex 1.355987e+02 1.589396e+01 5.914840e+01
         vertex 1.347252e+02 1.909695e+01 5.914840e+01
         vertex 1.343090e+02 1.857503e+01 5.914840e+01
      endloop
   endfacet
   facet normal 0.000000e+00 0.000000e+00 1.000000e+00
      outer loop
         vertex 1.355987e+02 1.589396e+01 5.914840e+01
         vertex 1.343090e+02 1.857503e+01 5.914840e+01
         vertex 1.346500e+02 1.548472e+01 5.914840e+01
      endloop
   endfacet
   facet normal 0.000000e+00 0.000000e+00 1.000000e+00
      outer loop
         vertex 1.346500e+02 1.548472e+01 5.914840e+01
         vertex 1.343090e+02 1.857503e+01 5.914840e+01
         vertex 1.337075e+02 1.828538e+01 5.914840e+01
      endloop
   endfacet
   facet normal 0.000000e+00 0.000000e+00 1.000000e+00
      outer loop
         vertex 1.346500e+02 1.548472e+01 5.914840e+01
         vertex 1.337075e+02 1.828538e+01 5.914840e+01
         vertex 1.336325e+02 1.530530e+01 5.914840e+01
      endloop
   endfacet
   facet normal 0.000000e+00 -0.000000e+00 1.000000e+00
      outer loop
         vertex 1.336325e+02 1.530530e+01 5.914840e+01
         vertex 1.337075e+02 1.828538e+01 5.914840e+01
         vertex 1.330399e+02 1.828538e+01 5.914840e+01
      endloop
   endfacet
   facet normal 0.000000e+00 0.000000e+00 1.000000e+00
      outer loop
         vertex 1.336325e+02 1.530530e+01 5.914840e+01
         vertex 1.330399e+02 1.828538e+01 5.914840e+01
         vertex 1.326010e+02 1.536538e+01 5.914840e+01
      endloop
   endfacet
   facet normal 0.000000e+00 -0.000000e+00 1.000000e+00
      outer loop
         vertex 1.326010e+02 1.536538e+01 5.914840e+01
         vertex 1.330399e+02 1.828538e+01 5.914840e+01
         vertex 1.316112e+02 1.566171e+01 5.914840e+01
      endloop
   endfacet
   facet normal 0.000000e+00 0.000000e+00 1.000000e+00
      outer loop
         vertex 1.316112e+02 1.566171e+01 5.914840e+01
         vertex 1.330399e+02 1.828538e+01 5.914840e+01
         vertex 1.324385e+02 1.857503e+01 5.914840e+01
      endloop
   endfacet
   facet normal 0.000000e+00 -0.000000e+00 1.000000e+00
      outer loop
         vertex 1.316112e+02 1.566171e+01 5.914840e+01
         vertex 1.324385e+02 1.857503e+01 5.914840e+01
         vertex 1.307164e+02 1.617833e+01 5.914840e+01
      endloop
   endfacet
   facet normal 0.000000e+00 -0.000000e+00 1.000000e+00
      outer loop
         vertex 1.307164e+02 1.617833e+01 5.914840e+01
         vertex 1.324385e+02 1.857503e+01 5.914840e+01
         vertex 1.299648e+02 1.688737e+01 5.914840e+01
      endloop
   endfacet
   facet normal 0.000000e+00 0.000000e+00 1.000000e+00
      outer loop
         vertex 1.299648e+02 1.688737e+01 5.914840e+01
         vertex 1.324385e+02 1.857503e+01 5.914840e+01
         vertex 1.320223e+02 1.909695e+01 5.914840e+01
      endloop
   endfacet
   facet normal 0.000000e+00 -0.000000e+00 1.000000e+00
      outer loop
         vertex 1.299648e+02 1.688737e+01 5.914840e+01
         vertex 1.320223e+02 1.909695e+01 5.914840e+01
         vertex 1.293971e+02 1.775062e+01 5.914840e+01
      endloop
   endfacet
   facet normal 0.000000e+00 -0.000000e+00 1.000000e+00
      outer loop
         vertex 1.293971e+02 1.775062e+01 5.914840e+01
         vertex 1.320223e+02 1.909695e+01 5.914840e+01
         vertex 1.290437e+02 1.872153e+01 5.914840e+01
      endloop
   endfacet
   facet normal 0.000000e+00 0.000000e+00 1.000000e+00
      outer loop
         vertex 1.290437e+02 1.872153e+01 5.914840e+01
         vertex 1.320223e+02 1.909695e+01 5.914840e+01
         vertex 1.318737e+02 1.974778e+01 5.914840e+01
      endloop
   endfacet
   facet normal 0.000000e+00 -0.000000e+00 1.000000e+00
      outer loop
         vertex 1.290437e+02 1.872153e+01 5.914840e+01
         vertex 1.318737e+02 1.974778e+01 5.914840e+01
         vertex 1.289237e+02 1.974778e+01 5.914840e+01
      endloop
   endfacet
   facet normal 0.000000e+00 0.000000e+00 1.000000e+00
      outer loop
         vertex 1.289237e+02 1.974778e+01 5.914840e+01
         vertex 1.318737e+02 1.974778e+01 5.914840e+01
         vertex 1.320223e+02 2.039860e+01 5.914840e+01
      endloop
   endfacet
   facet normal 0.000000e+00 0.000000e+00 1.000000e+00
      outer loop
         vertex 1.289237e+02 1.974778e+01 5.914840e+01
         vertex 1.320223e+02 2.039860e+01 5.914840e+01
         vertex 1.289237e+02 3.124778e+01 5.914840e+01
      endloop
   endfacet
   facet normal 0.000000e+00 0.000000e+00 1.000000e+00
      outer loop
         vertex 1.289237e+02 3.124778e+01 5.914840e+01
         vertex 1.320223e+02 2.039860e+01 5.914840e+01
         vertex 1.324385e+02 2.092052e+01 5.914840e+01
      endloop
   endfacet
   facet normal -0.000000e+00 0.000000e+00 1.000000e+00
      outer loop
         vertex 1.289237e+02 3.124778e+01 5.914840e+01
         vertex 1.324385e+02 2.092052e+01 5.914840e+01
         vertex 1.290353e+02 3.223799e+01 5.914840e+01
      endloop
   endfacet
   facet normal 0.000000e+00 0.000000e+00 1.000000e+00
      outer loop
         vertex 1.290353e+02 3.223799e+01 5.914840e+01
         vertex 1.324385e+02 2.092052e+01 5.914840e+01
         vertex 1.330399e+02 2.121017e+01 5.914840e+01
      endloop
   endfacet
   facet normal -0.000000e+00 0.000000e+00 1.000000e+00
      outer loop
         vertex 1.290353e+02 3.223799e+01 5.914840e+01
         vertex 1.330399e+02 2.121017e+01 5.914840e+01
         vertex 1.293644e+02 3.317856e+01 5.914840e+01
      endloop
   endfacet
   facet normal -0.000000e+00 0.000000e+00 1.000000e+00
      outer loop
         vertex 1.348582e+02 3.058683e+01 5.914840e+01
         vertex 1.337075e+02 2.121017e+01 5.914840e+01
         vertex 1.349987e+02 3.124778e+01 5.914840e+01
      endloop
   endfacet
   facet normal -0.000000e+00 0.000000e+00 1.000000e+00
      outer loop
         vertex 1.349987e+02 3.124778e+01 5.914840e+01
         vertex 1.337075e+02 2.121017e+01 5.914840e+01
         vertex 1.386237e+02 3.569778e+01 5.914840e+01
      endloop
   endfacet
   facet normal 0.000000e+00 -0.000000e+00 1.000000e+00
      outer loop
         vertex 1.349987e+02 3.124778e+01 5.914840e+01
         vertex 1.386237e+02 3.569778e+01 5.914840e+01
         vertex 1.348582e+02 3.190872e+01 5.914840e+01
      endloop
   endfacet
   facet normal 0.000000e+00 0.000000e+00 1.000000e+00
      outer loop
         vertex 1.330399e+02 2.121017e+01 5.914840e+01
         vertex 1.325612e+02 2.984048e+01 5.914840e+01
         vertex 1.320591e+02 3.029263e+01 5.914840e+01
      endloop
   endfacet
   facet normal -0.000000e+00 0.000000e+00 1.000000e+00
      outer loop
         vertex 1.337075e+02 2.121017e+01 5.914840e+01
         vertex 1.343090e+02 2.092052e+01 5.914840e+01
         vertex 1.386237e+02 3.569778e+01 5.914840e+01
      endloop
   endfacet
   facet normal 0.000000e+00 0.000000e+00 1.000000e+00
      outer loop
         vertex 1.386237e+02 3.569778e+01 5.914840e+01
         vertex 1.343090e+02 2.092052e+01 5.914840e+01
         vertex 1.347252e+02 2.039860e+01 5.914840e+01
      endloop
   endfacet
   facet normal 0.000000e+00 0.000000e+00 1.000000e+00
      outer loop
         vertex 1.386237e+02 3.569778e+01 5.914840e+01
         vertex 1.347252e+02 2.039860e+01 5.914840e+01
         vertex 1.386237e+02 1.764045e+01 5.914840e+01
      endloop
   endfacet
   facet normal 0.000000e+00 0.000000e+00 1.000000e+00
      outer loop
         vertex 1.386237e+02 1.764045e+01 5.914840e+01
         vertex 1.347252e+02 2.039860e+01 5.914840e+01
         vertex 1.348737e+02 1.974778e+01 5.914840e+01
      endloop
   endfacet
   facet normal 0.000000e+00 0.000000e+00 1.000000e+00
      outer loop
         vertex 1.386237e+02 1.764045e+01 5.914840e+01
         vertex 1.348737e+02 1.974778e+01 5.914840e+01
         vertex 1.347252e+02 1.909695e+01 5.914840e+01
      endloop
   endfacet
   facet normal 0.000000e+00 0.000000e+00 1.000000e+00
      outer loop
         vertex 1.320591e+02 3.029263e+01 5.914840e+01
         vertex 1.317842e+02 3.090992e+01 5.914840e+01
         vertex 1.330399e+02 2.121017e+01 5.914840e+01
      endloop
   endfacet
   facet normal 0.000000e+00 0.000000e+00 1.000000e+00
      outer loop
         vertex 1.330399e+02 2.121017e+01 5.914840e+01
         vertex 1.317842e+02 3.090992e+01 5.914840e+01
         vertex 1.298946e+02 3.402231e+01 5.914840e+01
      endloop
   endfacet
   facet normal 0.000000e+00 0.000000e+00 1.000000e+00
      outer loop
         vertex 1.330399e+02 2.121017e+01 5.914840e+01
         vertex 1.298946e+02 3.402231e+01 5.914840e+01
         vertex 1.293644e+02 3.317856e+01 5.914840e+01
      endloop
   endfacet
   facet normal 0.000000e+00 0.000000e+00 1.000000e+00
      outer loop
         vertex 1.348582e+02 3.058683e+01 5.914840e+01
         vertex 1.344611e+02 3.004017e+01 5.914840e+01
         vertex 1.337075e+02 2.121017e+01 5.914840e+01
      endloop
   endfacet
   facet normal 0.000000e+00 0.000000e+00 1.000000e+00
      outer loop
         vertex 1.337075e+02 2.121017e+01 5.914840e+01
         vertex 1.344611e+02 3.004017e+01 5.914840e+01
         vertex 1.338759e+02 2.970231e+01 5.914840e+01
      endloop
   endfacet
   facet normal 0.000000e+00 -0.000000e+00 1.000000e+00
      outer loop
         vertex 1.337075e+02 2.121017e+01 5.914840e+01
         vertex 1.338759e+02 2.970231e+01 5.914840e+01
         vertex 1.330399e+02 2.121017e+01 5.914840e+01
      endloop
   endfacet
   facet normal 0.000000e+00 0.000000e+00 1.000000e+00
      outer loop
         vertex 1.330399e+02 2.121017e+01 5.914840e+01
         vertex 1.338759e+02 2.970231e+01 5.914840e+01
         vertex 1.332039e+02 2.963168e+01 5.914840e+01
      endloop
   endfacet
   facet normal 0.000000e+00 -0.000000e+00 1.000000e+00
      outer loop
         vertex 1.330399e+02 2.121017e+01 5.914840e+01
         vertex 1.332039e+02 2.963168e+01 5.914840e+01
         vertex 1.325612e+02 2.984048e+01 5.914840e+01
      endloop
   endfacet
   facet normal 0.000000e+00 -0.000000e+00 1.000000e+00
      outer loop
         vertex 1.317842e+02 3.090992e+01 5.914840e+01
         vertex 1.317842e+02 3.158563e+01 5.914840e+01
         vertex 1.298946e+02 3.402231e+01 5.914840e+01
      endloop
   endfacet
   facet normal 0.000000e+00 0.000000e+00 1.000000e+00
      outer loop
         vertex 1.298946e+02 3.402231e+01 5.914840e+01
         vertex 1.317842e+02 3.158563e+01 5.914840e+01
         vertex 1.320591e+02 3.220293e+01 5.914840e+01
      endloop
   endfacet
   facet normal -0.000000e+00 0.000000e+00 1.000000e+00
      outer loop
         vertex 1.298946e+02 3.402231e+01 5.914840e+01
         vertex 1.320591e+02 3.220293e+01 5.914840e+01
         vertex 1.305992e+02 3.472693e+01 5.914840e+01
      endloop
   endfacet
   facet normal 0.000000e+00 0.000000e+00 1.000000e+00
      outer loop
         vertex 1.305992e+02 3.472693e+01 5.914840e+01
         vertex 1.320591e+02 3.220293e+01 5.914840e+01
         vertex 1.325612e+02 3.265507e+01 5.914840e+01
      endloop
   endfacet
   facet normal -0.000000e+00 0.000000e+00 1.000000e+00
      outer loop
         vertex 1.305992e+02 3.472693e+01 5.914840e+01
         vertex 1.325612e+02 3.265507e+01 5.914840e+01
         vertex 1.314429e+02 3.525709e+01 5.914840e+01
      endloop
   endfacet
   facet normal -0.000000e+00 0.000000e+00 1.000000e+00
      outer loop
         vertex 1.314429e+02 3.525709e+01 5.914840e+01
         vertex 1.325612e+02 3.265507e+01 5.914840e+01
         vertex 1.323835e+02 3.558620e+01 5.914840e+01
      endloop
   endfacet
   facet normal 0.000000e+00 0.000000e+00 1.000000e+00
      outer loop
         vertex 1.323835e+02 3.558620e+01 5.914840e+01
         vertex 1.325612e+02 3.265507e+01 5.914840e+01
         vertex 1.332039e+02 3.286387e+01 5.914840e+01
      endloop
   endfacet
   facet normal -0.000000e+00 0.000000e+00 1.000000e+00
      outer loop
         vertex 1.323835e+02 3.558620e+01 5.914840e+01
         vertex 1.332039e+02 3.286387e+01 5.914840e+01
         vertex 1.333737e+02 3.569778e+01 5.914840e+01
      endloop
   endfacet
   facet normal 0.000000e+00 0.000000e+00 1.000000e+00
      outer loop
         vertex 1.333737e+02 3.569778e+01 5.914840e+01
         vertex 1.332039e+02 3.286387e+01 5.914840e+01
         vertex 1.338759e+02 3.279324e+01 5.914840e+01
      endloop
   endfacet
   facet normal -0.000000e+00 0.000000e+00 1.000000e+00
      outer loop
         vertex 1.333737e+02 3.569778e+01 5.914840e+01
         vertex 1.338759e+02 3.279324e+01 5.914840e+01
         vertex 1.386237e+02 3.569778e+01 5.914840e+01
      endloop
   endfacet
   facet normal 0.000000e+00 0.000000e+00 1.000000e+00
      outer loop
         vertex 1.386237e+02 3.569778e+01 5.914840e+01
         vertex 1.338759e+02 3.279324e+01 5.914840e+01
         vertex 1.344611e+02 3.245539e+01 5.914840e+01
      endloop
   endfacet
   facet normal 0.000000e+00 0.000000e+00 1.000000e+00
      outer loop
         vertex 1.386237e+02 3.569778e+01 5.914840e+01
         vertex 1.344611e+02 3.245539e+01 5.914840e+01
         vertex 1.348582e+02 3.190872e+01 5.914840e+01
      endloop
   endfacet
   facet normal 0.000000e+00 1.000000e+00 0.000000e+00
      outer loop
         vertex 1.386237e+02 3.599778e+01 5.884840e+01
         vertex 1.386237e+02 3.599778e+01 4.304840e+01
         vertex 1.333737e+02 3.599778e+01 5.884840e+01
      endloop
   endfacet
   facet normal 0.000000e+00 1.000000e+00 0.000000e+00
      outer loop
         vertex 1.333737e+02 3.599778e+01 5.884840e+01
         vertex 1.386237e+02 3.599778e+01 4.304840e+01
         vertex 1.333737e+02 3.599778e+01 4.304840e+01
      endloop
   endfacet
   facet normal 4.999998e-01 -8.660255e-01 0.000000e+00
      outer loop
         vertex 1.386237e+02 1.729404e+01 5.604840e+01
         vertex 1.386237e+02 1.729404e+01 5.884840e+01
         vertex 1.357487e+02 1.563416e+01 5.604840e+01
      endloop
   endfacet
   facet normal 4.999998e-01 -8.660255e-01 0.000000e+00
      outer loop
         vertex 1.357487e+02 1.563416e+01 5.604840e+01
         vertex 1.386237e+02 1.729404e+01 5.884840e+01
         vertex 1.357487e+02 1.563416e+01 5.884840e+01
      endloop
   endfacet
   facet normal -9.932384e-01 -1.160925e-01 -0.000000e+00
      outer loop
         vertex 1.286237e+02 1.974778e+01 4.584840e+01
         vertex 1.286237e+02 1.974778e+01 4.304840e+01
         vertex 1.287518e+02 1.865235e+01 4.304840e+01
      endloop
   endfacet
   facet normal -9.932384e-01 -1.160925e-01 0.000000e+00
      outer loop
         vertex 1.286237e+02 1.974778e+01 4.584840e+01
         vertex 1.287518e+02 1.865235e+01 4.304840e+01
         vertex 1.287518e+02 1.865235e+01 4.584840e+01
      endloop
   endfacet
   facet normal -9.396926e-01 -3.420202e-01 -0.000000e+00
      outer loop
         vertex 1.287518e+02 1.865235e+01 4.584840e+01
         vertex 1.287518e+02 1.865235e+01 4.304840e+01
         vertex 1.291290e+02 1.761598e+01 4.304840e+01
      endloop
   endfacet
   facet normal -9.396926e-01 -3.420202e-01 0.000000e+00
      outer loop
         vertex 1.287518e+02 1.865235e+01 4.584840e+01
         vertex 1.291290e+02 1.761598e+01 4.304840e+01
         vertex 1.291290e+02 1.761598e+01 4.584840e+01
      endloop
   endfacet
   facet normal -8.354873e-01 -5.495098e-01 -0.000000e+00
      outer loop
         vertex 1.291290e+02 1.761598e+01 4.584840e+01
         vertex 1.291290e+02 1.761598e+01 4.304840e+01
         vertex 1.297350e+02 1.669454e+01 4.304840e+01
      endloop
   endfacet
   facet normal -8.354873e-01 -5.495098e-01 0.000000e+00
      outer loop
         vertex 1.291290e+02 1.761598e+01 4.584840e+01
         vertex 1.297350e+02 1.669454e+01 4.304840e+01
         vertex 1.297350e+02 1.669454e+01 4.584840e+01
      endloop
   endfacet
   facet normal -6.862421e-01 -7.273732e-01 -0.000000e+00
      outer loop
         vertex 1.297350e+02 1.669454e+01 4.584840e+01
         vertex 1.297350e+02 1.669454e+01 4.304840e+01
         vertex 1.305372e+02 1.593769e+01 4.304840e+01
      endloop
   endfacet
   facet normal -6.862421e-01 -7.273732e-01 0.000000e+00
      outer loop
         vertex 1.297350e+02 1.669454e+01 4.584840e+01
         vertex 1.305372e+02 1.593769e+01 4.304840e+01
         vertex 1.305372e+02 1.593769e+01 4.584840e+01
      endloop
   endfacet
   facet normal -5.000006e-01 -8.660251e-01 -0.000000e+00
      outer loop
         vertex 1.305372e+02 1.593769e+01 4.584840e+01
         vertex 1.305372e+02 1.593769e+01 4.304840e+01
         vertex 1.314923e+02 1.538625e+01 4.304840e+01
      endloop
   endfacet
   facet normal -5.000006e-01 -8.660251e-01 0.000000e+00
      outer loop
         vertex 1.305372e+02 1.593769e+01 4.584840e+01
         vertex 1.314923e+02 1.538625e+01 4.304840e+01
         vertex 1.314923e+02 1.538625e+01 4.584840e+01
      endloop
   endfacet
   facet normal -2.868015e-01 -9.579900e-01 -0.000000e+00
      outer loop
         vertex 1.314923e+02 1.538625e+01 4.584840e+01
         vertex 1.314923e+02 1.538625e+01 4.304840e+01
         vertex 1.325489e+02 1.506994e+01 4.304840e+01
      endloop
   endfacet
   facet normal -2.868015e-01 -9.579900e-01 0.000000e+00
      outer loop
         vertex 1.314923e+02 1.538625e+01 4.584840e+01
         vertex 1.325489e+02 1.506994e+01 4.304840e+01
         vertex 1.325489e+02 1.506994e+01 4.584840e+01
      endloop
   endfacet
   facet normal -5.814502e-02 -9.983081e-01 -0.000000e+00
      outer loop
         vertex 1.325489e+02 1.506994e+01 4.584840e+01
         vertex 1.325489e+02 1.506994e+01 4.304840e+01
         vertex 1.336499e+02 1.500581e+01 4.304840e+01
      endloop
   endfacet
   facet normal -5.814502e-02 -9.983081e-01 0.000000e+00
      outer loop
         vertex 1.325489e+02 1.506994e+01 4.584840e+01
         vertex 1.336499e+02 1.500581e+01 4.304840e+01
         vertex 1.336499e+02 1.500581e+01 4.584840e+01
      endloop
   endfacet
   facet normal 1.736481e-01 -9.848078e-01 0.000000e+00
      outer loop
         vertex 1.336499e+02 1.500581e+01 4.584840e+01
         vertex 1.336499e+02 1.500581e+01 4.304840e+01
         vertex 1.347360e+02 1.519733e+01 4.304840e+01
      endloop
   endfacet
   facet normal 1.736481e-01 -9.848078e-01 0.000000e+00
      outer loop
         vertex 1.336499e+02 1.500581e+01 4.584840e+01
         vertex 1.347360e+02 1.519733e+01 4.304840e+01
         vertex 1.347360e+02 1.519733e+01 4.584840e+01
      endloop
   endfacet
   facet normal 3.960803e-01 -9.182159e-01 0.000000e+00
      outer loop
         vertex 1.347360e+02 1.519733e+01 4.584840e+01
         vertex 1.347360e+02 1.519733e+01 4.304840e+01
         vertex 1.357487e+02 1.563416e+01 4.304840e+01
      endloop
   endfacet
   facet normal 3.960803e-01 -9.182159e-01 0.000000e+00
      outer loop
         vertex 1.347360e+02 1.519733e+01 4.584840e+01
         vertex 1.357487e+02 1.563416e+01 4.304840e+01
         vertex 1.357487e+02 1.563416e+01 4.584840e+01
      endloop
   endfacet
   facet normal -1.000000e+00 0.000000e+00 0.000000e+00
      outer loop
         vertex 1.286237e+02 1.974778e+01 5.604840e+01
         vertex 1.286237e+02 1.974778e+01 5.884840e+01
         vertex 1.286237e+02 2.849463e+01 5.604840e+01
      endloop
   endfacet
   facet normal -1.000000e+00 0.000000e+00 0.000000e+00
      outer loop
         vertex 1.286237e+02 2.849463e+01 5.604840e+01
         vertex 1.286237e+02 1.974778e+01 5.884840e+01
         vertex 1.286237e+02 3.124778e+01 5.884840e+01
      endloop
   endfacet
   facet normal -1.000000e+00 0.000000e+00 0.000000e+00
      outer loop
         vertex 1.286237e+02 2.849463e+01 5.604840e+01
         vertex 1.286237e+02 3.124778e+01 5.884840e+01
         vertex 1.286237e+02 2.849463e+01 4.584840e+01
      endloop
   endfacet
   facet normal -1.000000e+00 0.000000e+00 0.000000e+00
      outer loop
         vertex 1.286237e+02 2.849463e+01 4.584840e+01
         vertex 1.286237e+02 3.124778e+01 5.884840e+01
         vertex 1.286237e+02 3.124778e+01 4.304840e+01
      endloop
   endfacet
   facet normal -1.000000e+00 -0.000000e+00 -0.000000e+00
      outer loop
         vertex 1.286237e+02 2.849463e+01 4.584840e+01
         vertex 1.286237e+02 3.124778e+01 4.304840e+01
         vertex 1.286237e+02 1.974778e+01 4.584840e+01
      endloop
   endfacet
   facet normal -1.000000e+00 0.000000e+00 0.000000e+00
      outer loop
         vertex 1.286237e+02 1.974778e+01 4.584840e+01
         vertex 1.286237e+02 3.124778e+01 4.304840e+01
         vertex 1.286237e+02 1.974778e+01 4.304840e+01
      endloop
   endfacet
   facet normal -1.119651e-01 9.937121e-01 0.000000e+00
      outer loop
         vertex 1.333737e+02 3.599778e+01 5.884840e+01
         vertex 1.333737e+02 3.599778e+01 4.304840e+01
         vertex 1.323167e+02 3.587868e+01 4.304840e+01
      endloop
   endfacet
   facet normal -1.119651e-01 9.937121e-01 0.000000e+00
      outer loop
         vertex 1.333737e+02 3.599778e+01 5.884840e+01
         vertex 1.323167e+02 3.587868e+01 4.304840e+01
         vertex 1.323167e+02 3.587868e+01 5.884840e+01
      endloop
   endfacet
   facet normal -3.302788e-01 9.438834e-01 0.000000e+00
      outer loop
         vertex 1.323167e+02 3.587868e+01 5.884840e+01
         vertex 1.323167e+02 3.587868e+01 4.304840e+01
         vertex 1.313128e+02 3.552738e+01 4.304840e+01
      endloop
   endfacet
   facet normal -3.302788e-01 9.438834e-01 0.000000e+00
      outer loop
         vertex 1.323167e+02 3.587868e+01 5.884840e+01
         vertex 1.313128e+02 3.552738e+01 4.304840e+01
         vertex 1.313128e+02 3.552738e+01 5.884840e+01
      endloop
   endfacet
   facet normal -5.320314e-01 8.467246e-01 0.000000e+00
      outer loop
         vertex 1.313128e+02 3.552738e+01 5.884840e+01
         vertex 1.313128e+02 3.552738e+01 4.304840e+01
         vertex 1.304121e+02 3.496148e+01 4.304840e+01
      endloop
   endfacet
   facet normal -5.320314e-01 8.467246e-01 0.000000e+00
      outer loop
         vertex 1.313128e+02 3.552738e+01 5.884840e+01
         vertex 1.304121e+02 3.496148e+01 4.304840e+01
         vertex 1.304121e+02 3.496148e+01 5.884840e+01
      endloop
   endfacet
   facet normal -7.071068e-01 7.071068e-01 0.000000e+00
      outer loop
         vertex 1.304121e+02 3.496148e+01 5.884840e+01
         vertex 1.304121e+02 3.496148e+01 4.304840e+01
         vertex 1.296600e+02 3.420935e+01 4.304840e+01
      endloop
   endfacet
   facet normal -7.071068e-01 7.071068e-01 0.000000e+00
      outer loop
         vertex 1.304121e+02 3.496148e+01 5.884840e+01
         vertex 1.296600e+02 3.420935e+01 4.304840e+01
         vertex 1.296600e+02 3.420935e+01 5.884840e+01
      endloop
   endfacet
   facet normal -8.467240e-01 5.320325e-01 0.000000e+00
      outer loop
         vertex 1.296600e+02 3.420935e+01 5.884840e+01
         vertex 1.296600e+02 3.420935e+01 4.304840e+01
         vertex 1.290941e+02 3.330872e+01 4.304840e+01
      endloop
   endfacet
   facet normal -8.467240e-01 5.320325e-01 0.000000e+00
      outer loop
         vertex 1.296600e+02 3.420935e+01 5.884840e+01
         vertex 1.290941e+02 3.330872e+01 4.304840e+01
         vertex 1.290941e+02 3.330872e+01 5.884840e+01
      endloop
   endfacet
   facet normal -9.438831e-01 3.302796e-01 0.000000e+00
      outer loop
         vertex 1.290941e+02 3.330872e+01 5.884840e+01
         vertex 1.290941e+02 3.330872e+01 4.304840e+01
         vertex 1.287428e+02 3.230475e+01 4.304840e+01
      endloop
   endfacet
   facet normal -9.438831e-01 3.302796e-01 0.000000e+00
      outer loop
         vertex 1.290941e+02 3.330872e+01 5.884840e+01
         vertex 1.287428e+02 3.230475e+01 4.304840e+01
         vertex 1.287428e+02 3.230475e+01 5.884840e+01
      endloop
   endfacet
   facet normal -9.937123e-01 1.119640e-01 0.000000e+00
      outer loop
         vertex 1.287428e+02 3.230475e+01 5.884840e+01
         vertex 1.287428e+02 3.230475e+01 4.304840e+01
         vertex 1.286237e+02 3.124778e+01 4.304840e+01
      endloop
   endfacet
   facet normal -9.937123e-01 1.119640e-01 0.000000e+00
      outer loop
         vertex 1.287428e+02 3.230475e+01 5.884840e+01
         vertex 1.286237e+02 3.124778e+01 4.304840e+01
         vertex 1.286237e+02 3.124778e+01 5.884840e+01
      endloop
   endfacet
   facet normal 1.000000e+00 -0.000000e+00 0.000000e+00
      outer loop
         vertex 1.386237e+02 1.729404e+01 5.884840e+01
         vertex 1.386237e+02 1.729404e+01 5.604840e+01
         vertex 1.386237e+02 1.764045e+01 5.914840e+01
      endloop
   endfacet
   facet normal 1.000000e+00 0.000000e+00 0.000000e+00
      outer loop
         vertex 1.386237e+02 1.764045e+01 5.914840e+01
         vertex 1.386237e+02 1.729404e+01 5.604840e+01
         vertex 1.386237e+02 1.764045e+01 5.574840e+01
      endloop
   endfacet
   facet normal 1.000000e+00 0.000000e+00 0.000000e+00
      outer loop
         vertex 1.386237e+02 1.764045e+01 5.914840e+01
         vertex 1.386237e+02 1.764045e+01 5.574840e+01
         vertex 1.386237e+02 2.272113e+01 5.574840e+01
      endloop
   endfacet
   facet normal 1.000000e+00 -0.000000e+00 0.000000e+00
      outer loop
         vertex 1.386237e+02 1.729404e+01 4.584840e+01
         vertex 1.386237e+02 1.729404e+01 4.304840e+01
         vertex 1.386237e+02 1.764045e+01 4.614840e+01
      endloop
   endfacet
   facet normal 1.000000e+00 0.000000e+00 0.000000e+00
      outer loop
         vertex 1.386237e+02 1.764045e+01 4.614840e+01
         vertex 1.386237e+02 1.729404e+01 4.304840e+01
         vertex 1.386237e+02 1.764045e+01 4.274840e+01
      endloop
   endfacet
   facet normal 1.000000e+00 -0.000000e+00 0.000000e+00
      outer loop
         vertex 1.386237e+02 1.764045e+01 4.614840e+01
         vertex 1.386237e+02 1.764045e+01 4.274840e+01
         vertex 1.386237e+02 2.272113e+01 4.614840e+01
      endloop
   endfacet
   facet normal 1.000000e+00 0.000000e+00 0.000000e+00
      outer loop
         vertex 1.386237e+02 2.272113e+01 4.614840e+01
         vertex 1.386237e+02 1.764045e+01 4.274840e+01
         vertex 1.386237e+02 3.569778e+01 4.274840e+01
      endloop
   endfacet
   facet normal 1.000000e+00 -0.000000e+00 0.000000e+00
      outer loop
         vertex 1.386237e+02 2.272113e+01 4.614840e+01
         vertex 1.386237e+02 3.569778e+01 4.274840e+01
         vertex 1.386237e+02 3.389778e+01 4.614840e+01
      endloop
   endfacet
   facet normal 1.000000e+00 0.000000e+00 0.000000e+00
      outer loop
         vertex 1.386237e+02 3.389778e+01 4.614840e+01
         vertex 1.386237e+02 3.569778e+01 4.274840e+01
         vertex 1.386237e+02 3.599778e+01 4.304840e+01
      endloop
   endfacet
   facet normal 1.000000e+00 -0.000000e+00 0.000000e+00
      outer loop
         vertex 1.386237e+02 3.389778e+01 4.614840e+01
         vertex 1.386237e+02 3.599778e+01 4.304840e+01
         vertex 1.386237e+02 3.389778e+01 5.574840e+01
      endloop
   endfacet
   facet normal 1.000000e+00 -0.000000e+00 0.000000e+00
      outer loop
         vertex 1.386237e+02 3.389778e+01 5.574840e+01
         vertex 1.386237e+02 3.599778e+01 4.304840e+01
         vertex 1.386237e+02 3.599778e+01 5.884840e+01
      endloop
   endfacet
   facet normal 1.000000e+00 0.000000e+00 -0.000000e+00
      outer loop
         vertex 1.386237e+02 3.389778e+01 5.574840e+01
         vertex 1.386237e+02 3.599778e+01 5.884840e+01
         vertex 1.386237e+02 2.272113e+01 5.574840e+01
      endloop
   endfacet
   facet normal 1.000000e+00 0.000000e+00 0.000000e+00
      outer loop
         vertex 1.386237e+02 2.272113e+01 5.574840e+01
         vertex 1.386237e+02 3.599778e+01 5.884840e+01
         vertex 1.386237e+02 3.569778e+01 5.914840e+01
      endloop
   endfacet
   facet normal 1.000000e+00 0.000000e+00 -0.000000e+00
      outer loop
         vertex 1.386237e+02 2.272113e+01 5.574840e+01
         vertex 1.386237e+02 3.569778e+01 5.914840e+01
         vertex 1.386237e+02 1.764045e+01 5.914840e+01
      endloop
   endfacet
   facet normal 4.999998e-01 -8.660255e-01 0.000000e+00
      outer loop
         vertex 1.357487e+02 1.563416e+01 4.584840e+01
         vertex 1.357487e+02 1.563416e+01 4.304840e+01
         vertex 1.386237e+02 1.729404e+01 4.584840e+01
      endloop
   endfacet
   facet normal 4.999998e-01 -8.660255e-01 0.000000e+00
      outer loop
         vertex 1.386237e+02 1.729404e+01 4.584840e+01
         vertex 1.357487e+02 1.563416e+01 4.304840e+01
         vertex 1.386237e+02 1.729404e+01 4.304840e+01
      endloop
   endfacet
   facet normal -9.932384e-01 -1.160925e-01 -0.000000e+00
      outer loop
         vertex 1.286237e+02 1.974778e+01 5.884840e+01
         vertex 1.286237e+02 1.974778e+01 5.604840e+01
         vertex 1.287518e+02 1.865235e+01 5.604840e+01
      endloop
   endfacet
   facet normal -9.932384e-01 -1.160925e-01 0.000000e+00
      outer loop
         vertex 1.286237e+02 1.974778e+01 5.884840e+01
         vertex 1.287518e+02 1.865235e+01 5.604840e+01
         vertex 1.287518e+02 1.865235e+01 5.884840e+01
      endloop
   endfacet
   facet normal -9.396926e-01 -3.420202e-01 -0.000000e+00
      outer loop
         vertex 1.287518e+02 1.865235e+01 5.884840e+01
         vertex 1.287518e+02 1.865235e+01 5.604840e+01
         vertex 1.291290e+02 1.761598e+01 5.604840e+01
      endloop
   endfacet
   facet normal -9.396926e-01 -3.420202e-01 0.000000e+00
      outer loop
         vertex 1.287518e+02 1.865235e+01 5.884840e+01
         vertex 1.291290e+02 1.761598e+01 5.604840e+01
         vertex 1.291290e+02 1.761598e+01 5.884840e+01
      endloop
   endfacet
   facet normal -8.354873e-01 -5.495098e-01 -0.000000e+00
      outer loop
         vertex 1.291290e+02 1.761598e+01 5.884840e+01
         vertex 1.291290e+02 1.761598e+01 5.604840e+01
         vertex 1.297350e+02 1.669454e+01 5.604840e+01
      endloop
   endfacet
   facet normal -8.354873e-01 -5.495098e-01 0.000000e+00
      outer loop
         vertex 1.291290e+02 1.761598e+01 5.884840e+01
         vertex 1.297350e+02 1.669454e+01 5.604840e+01
         vertex 1.297350e+02 1.669454e+01 5.884840e+01
      endloop
   endfacet
   facet normal -6.862421e-01 -7.273732e-01 -0.000000e+00
      outer loop
         vertex 1.297350e+02 1.669454e+01 5.884840e+01
         vertex 1.297350e+02 1.669454e+01 5.604840e+01
         vertex 1.305372e+02 1.593769e+01 5.604840e+01
      endloop
   endfacet
   facet normal -6.862421e-01 -7.273732e-01 0.000000e+00
      outer loop
         vertex 1.297350e+02 1.669454e+01 5.884840e+01
         vertex 1.305372e+02 1.593769e+01 5.604840e+01
         vertex 1.305372e+02 1.593769e+01 5.884840e+01
      endloop
   endfacet
   facet normal -5.000006e-01 -8.660251e-01 -0.000000e+00
      outer loop
         vertex 1.305372e+02 1.593769e+01 5.884840e+01
         vertex 1.305372e+02 1.593769e+01 5.604840e+01
         vertex 1.314923e+02 1.538625e+01 5.604840e+01
      endloop
   endfacet
   facet normal -5.000006e-01 -8.660251e-01 0.000000e+00
      outer loop
         vertex 1.305372e+02 1.593769e+01 5.884840e+01
         vertex 1.314923e+02 1.538625e+01 5.604840e+01
         vertex 1.314923e+02 1.538625e+01 5.884840e+01
      endloop
   endfacet
   facet normal -2.868015e-01 -9.579900e-01 -0.000000e+00
      outer loop
         vertex 1.314923e+02 1.538625e+01 5.884840e+01
         vertex 1.314923e+02 1.538625e+01 5.604840e+01
         vertex 1.325489e+02 1.506994e+01 5.604840e+01
      endloop
   endfacet
   facet normal -2.868015e-01 -9.579900e-01 0.000000e+00
      outer loop
         vertex 1.314923e+02 1.538625e+01 5.884840e+01
         vertex 1.325489e+02 1.506994e+01 5.604840e+01
         vertex 1.325489e+02 1.506994e+01 5.884840e+01
      endloop
   endfacet
   facet normal -5.814502e-02 -9.983081e-01 -0.000000e+00
      outer loop
         vertex 1.325489e+02 1.506994e+01 5.884840e+01
         vertex 1.325489e+02 1.506994e+01 5.604840e+01
         vertex 1.336499e+02 1.500581e+01 5.604840e+01
      endloop
   endfacet
   facet normal -5.814502e-02 -9.983081e-01 0.000000e+00
      outer loop
         vertex 1.325489e+02 1.506994e+01 5.884840e+01
         vertex 1.336499e+02 1.500581e+01 5.604840e+01
         vertex 1.336499e+02 1.500581e+01 5.884840e+01
      endloop
   endfacet
   facet normal 1.736481e-01 -9.848078e-01 0.000000e+00
      outer loop
         vertex 1.336499e+02 1.500581e+01 5.884840e+01
         vertex 1.336499e+02 1.500581e+01 5.604840e+01
         vertex 1.347360e+02 1.519733e+01 5.604840e+01
      endloop
   endfacet
   facet normal 1.736481e-01 -9.848078e-01 0.000000e+00
      outer loop
         vertex 1.336499e+02 1.500581e+01 5.884840e+01
         vertex 1.347360e+02 1.519733e+01 5.604840e+01
         vertex 1.347360e+02 1.519733e+01 5.884840e+01
      endloop
   endfacet
   facet normal 3.960803e-01 -9.182159e-01 0.000000e+00
      outer loop
         vertex 1.347360e+02 1.519733e+01 5.884840e+01
         vertex 1.347360e+02 1.519733e+01 5.604840e+01
         vertex 1.357487e+02 1.563416e+01 5.604840e+01
      endloop
   endfacet
   facet normal 3.960803e-01 -9.182159e-01 0.000000e+00
      outer loop
         vertex 1.347360e+02 1.519733e+01 5.884840e+01
         vertex 1.357487e+02 1.563416e+01 5.604840e+01
         vertex 1.357487e+02 1.563416e+01 5.884840e+01
      endloop
   endfacet
endsolid TRY2_ASS - Distal_Rod-2