solid TRY2_ASS - Internal_Rod-1
   facet normal -5.259045e-01 4.726783e-01 -7.071065e-01
      outer loop
         vertex 1.047731e+02 4.368799e+01 3.894840e+01
         vertex 1.049962e+02 4.348745e+01 3.864840e+01
         vertex 1.029260e+02 4.163295e+01 3.894840e+01
      endloop
   endfacet
   facet normal -5.259048e-01 4.726788e-01 -7.071060e-01
      outer loop
         vertex 1.029260e+02 4.163295e+01 3.894840e+01
         vertex 1.049962e+02 4.348745e+01 3.864840e+01
         vertex 1.031491e+02 4.143241e+01 3.864840e+01
      endloop
   endfacet
   facet normal -4.269020e-01 5.723632e-01 -7.001108e-01
      outer loop
         vertex 1.049962e+02 4.348745e+01 3.864840e+01
         vertex 1.047731e+02 4.368799e+01 3.894840e+01
         vertex 1.061908e+02 4.474542e+01 3.894840e+01
      endloop
   endfacet
   facet normal -4.269026e-01 5.723636e-01 -7.001101e-01
      outer loop
         vertex 1.049962e+02 4.348745e+01 3.864840e+01
         vertex 1.061908e+02 4.474542e+01 3.894840e+01
         vertex 1.063194e+02 4.447438e+01 3.864840e+01
      endloop
   endfacet
   facet normal -1.733581e-01 6.926708e-01 -7.001101e-01
      outer loop
         vertex 1.063194e+02 4.447438e+01 3.864840e+01
         vertex 1.061908e+02 4.474542e+01 3.894840e+01
         vertex 1.079065e+02 4.517482e+01 3.894840e+01
      endloop
   endfacet
   facet normal -1.733580e-01 6.926706e-01 -7.001103e-01
      outer loop
         vertex 1.063194e+02 4.447438e+01 3.864840e+01
         vertex 1.079065e+02 4.517482e+01 3.894840e+01
         vertex 1.079208e+02 4.487516e+01 3.864840e+01
      endloop
   endfacet
   facet normal 1.069654e-01 7.059781e-01 -7.001095e-01
      outer loop
         vertex 1.079208e+02 4.487516e+01 3.864840e+01
         vertex 1.079065e+02 4.517482e+01 3.894840e+01
         vertex 1.096552e+02 4.490987e+01 3.894840e+01
      endloop
   endfacet
   facet normal 1.069655e-01 7.059777e-01 -7.001099e-01
      outer loop
         vertex 1.079208e+02 4.487516e+01 3.864840e+01
         vertex 1.096552e+02 4.490987e+01 3.894840e+01
         vertex 1.095529e+02 4.462787e+01 3.864840e+01
      endloop
   endfacet
   facet normal -4.007946e-01 -5.953463e-01 -6.963666e-01
      outer loop
         vertex 1.042361e+02 3.708956e+01 3.864840e+01
         vertex 1.041337e+02 3.680756e+01 3.894840e+01
         vertex 1.029296e+02 3.761817e+01 3.894840e+01
      endloop
   endfacet
   facet normal -4.007942e-01 -5.953441e-01 -6.963688e-01
      outer loop
         vertex 1.042361e+02 3.708956e+01 3.864840e+01
         vertex 1.029296e+02 3.761817e+01 3.894840e+01
         vertex 1.031524e+02 3.781911e+01 3.864840e+01
      endloop
   endfacet
   facet normal -6.333767e-01 -3.374975e-01 -6.963687e-01
      outer loop
         vertex 1.031524e+02 3.781911e+01 3.864840e+01
         vertex 1.029296e+02 3.761817e+01 3.894840e+01
         vertex 1.022470e+02 3.889919e+01 3.894840e+01
      endloop
   endfacet
   facet normal -6.333779e-01 -3.374989e-01 -6.963670e-01
      outer loop
         vertex 1.031524e+02 3.781911e+01 3.864840e+01
         vertex 1.022470e+02 3.889919e+01 3.894840e+01
         vertex 1.025380e+02 3.897202e+01 3.864840e+01
      endloop
   endfacet
   facet normal -7.176851e-01 -6.394548e-04 -6.963675e-01
      outer loop
         vertex 1.025380e+02 3.897202e+01 3.864840e+01
         vertex 1.022470e+02 3.889919e+01 3.894840e+01
         vertex 1.022457e+02 4.035072e+01 3.894840e+01
      endloop
   endfacet
   facet normal -7.176849e-01 -6.393422e-04 -6.963677e-01
      outer loop
         vertex 1.025380e+02 3.897202e+01 3.864840e+01
         vertex 1.022457e+02 4.035072e+01 3.894840e+01
         vertex 1.025369e+02 4.027840e+01 3.864840e+01
      endloop
   endfacet
   facet normal -6.339789e-01 3.363683e-01 -6.963671e-01
      outer loop
         vertex 1.025369e+02 4.027840e+01 3.864840e+01
         vertex 1.022457e+02 4.035072e+01 3.894840e+01
         vertex 1.029260e+02 4.163295e+01 3.894840e+01
      endloop
   endfacet
   facet normal -6.339798e-01 3.363683e-01 -6.963662e-01
      outer loop
         vertex 1.025369e+02 4.027840e+01 3.864840e+01
         vertex 1.029260e+02 4.163295e+01 3.894840e+01
         vertex 1.031491e+02 4.143241e+01 3.864840e+01
      endloop
   endfacet
   facet normal 2.412527e-01 6.646792e-01 -7.071058e-01
      outer loop
         vertex 1.095529e+02 4.462787e+01 3.864840e+01
         vertex 1.096552e+02 4.490987e+01 3.894840e+01
         vertex 1.348920e+02 3.543076e+01 3.864840e+01
      endloop
   endfacet
   facet normal 2.412526e-01 6.646788e-01 -7.071062e-01
      outer loop
         vertex 1.348920e+02 3.543076e+01 3.864840e+01
         vertex 1.096552e+02 4.490987e+01 3.894840e+01
         vertex 1.349943e+02 3.571276e+01 3.894840e+01
      endloop
   endfacet
   facet normal -2.412525e-01 -6.646787e-01 -7.071064e-01
      outer loop
         vertex 1.041337e+02 3.680756e+01 3.894840e+01
         vertex 1.042361e+02 3.708956e+01 3.864840e+01
         vertex 1.317531e+02 2.678279e+01 3.894840e+01
      endloop
   endfacet
   facet normal -2.412529e-01 -6.646797e-01 -7.071053e-01
      outer loop
         vertex 1.317531e+02 2.678279e+01 3.894840e+01
         vertex 1.042361e+02 3.708956e+01 3.864840e+01
         vertex 1.318555e+02 2.706479e+01 3.864840e+01
      endloop
   endfacet
   facet normal 3.698249e-01 6.106796e-01 -7.002143e-01
      outer loop
         vertex 1.348920e+02 3.543076e+01 3.864840e+01
         vertex 1.349943e+02 3.571276e+01 3.894840e+01
         vertex 1.365796e+02 3.475270e+01 3.894840e+01
      endloop
   endfacet
   facet normal 3.698251e-01 6.106807e-01 -7.002132e-01
      outer loop
         vertex 1.348920e+02 3.543076e+01 3.864840e+01
         vertex 1.365796e+02 3.475270e+01 3.894840e+01
         vertex 1.363772e+02 3.453134e+01 3.864840e+01
      endloop
   endfacet
   facet normal 5.753711e-01 4.226685e-01 -7.002138e-01
      outer loop
         vertex 1.363772e+02 3.453134e+01 3.864840e+01
         vertex 1.365796e+02 3.475270e+01 3.894840e+01
         vertex 1.376769e+02 3.325905e+01 3.894840e+01
      endloop
   endfacet
   facet normal 5.753713e-01 4.226688e-01 -7.002135e-01
      outer loop
         vertex 1.363772e+02 3.453134e+01 3.864840e+01
         vertex 1.376769e+02 3.325905e+01 3.894840e+01
         vertex 1.374051e+02 3.313202e+01 3.864840e+01
      endloop
   endfacet
   facet normal 6.933220e-01 1.703096e-01 -7.002138e-01
      outer loop
         vertex 1.374051e+02 3.313202e+01 3.864840e+01
         vertex 1.376769e+02 3.325905e+01 3.894840e+01
         vertex 1.381190e+02 3.145920e+01 3.894840e+01
      endloop
   endfacet
   facet normal 6.933216e-01 1.703094e-01 -7.002142e-01
      outer loop
         vertex 1.374051e+02 3.313202e+01 3.864840e+01
         vertex 1.381190e+02 3.145920e+01 3.894840e+01
         vertex 1.378193e+02 3.144585e+01 3.864840e+01
      endloop
   endfacet
   facet normal 7.057203e-01 -1.079759e-01 -7.002143e-01
      outer loop
         vertex 1.378193e+02 3.144585e+01 3.864840e+01
         vertex 1.381190e+02 3.145920e+01 3.894840e+01
         vertex 1.378387e+02 2.962716e+01 3.894840e+01
      endloop
   endfacet
   facet normal 7.057194e-01 -1.079760e-01 -7.002152e-01
      outer loop
         vertex 1.378193e+02 3.144585e+01 3.864840e+01
         vertex 1.378387e+02 2.962716e+01 3.894840e+01
         vertex 1.375567e+02 2.972951e+01 3.864840e+01
      endloop
   endfacet
   facet normal 6.106781e-01 -3.698247e-01 -7.002157e-01
      outer loop
         vertex 1.375567e+02 2.972951e+01 3.864840e+01
         vertex 1.378387e+02 2.962716e+01 3.894840e+01
         vertex 1.368786e+02 2.804185e+01 3.894840e+01
      endloop
   endfacet
   facet normal 6.106781e-01 -3.698247e-01 -7.002156e-01
      outer loop
         vertex 1.375567e+02 2.972951e+01 3.864840e+01
         vertex 1.368786e+02 2.804185e+01 3.894840e+01
         vertex 1.366573e+02 2.824433e+01 3.864840e+01
      endloop
   endfacet
   facet normal 4.226672e-01 -5.753703e-01 -7.002153e-01
      outer loop
         vertex 1.366573e+02 2.824433e+01 3.864840e+01
         vertex 1.368786e+02 2.804185e+01 3.894840e+01
         vertex 1.353850e+02 2.694461e+01 3.894840e+01
      endloop
   endfacet
   facet normal 4.226707e-01 -5.753727e-01 -7.002112e-01
      outer loop
         vertex 1.366573e+02 2.824433e+01 3.864840e+01
         vertex 1.353850e+02 2.694461e+01 3.894840e+01
         vertex 1.352580e+02 2.721638e+01 3.864840e+01
      endloop
   endfacet
   facet normal 1.703113e-01 -6.933235e-01 -7.002119e-01
      outer loop
         vertex 1.352580e+02 2.721638e+01 3.864840e+01
         vertex 1.353850e+02 2.694461e+01 3.894840e+01
         vertex 1.335851e+02 2.650248e+01 3.894840e+01
      endloop
   endfacet
   facet normal 1.703107e-01 -6.933224e-01 -7.002130e-01
      outer loop
         vertex 1.352580e+02 2.721638e+01 3.864840e+01
         vertex 1.335851e+02 2.650248e+01 3.894840e+01
         vertex 1.335718e+02 2.680218e+01 3.864840e+01
      endloop
   endfacet
   facet normal -1.079773e-01 -7.057210e-01 -7.002134e-01
      outer loop
         vertex 1.335718e+02 2.680218e+01 3.864840e+01
         vertex 1.335851e+02 2.650248e+01 3.894840e+01
         vertex 1.317531e+02 2.678279e+01 3.894840e+01
      endloop
   endfacet
   facet normal -1.079772e-01 -7.057216e-01 -7.002128e-01
      outer loop
         vertex 1.335718e+02 2.680218e+01 3.864840e+01
         vertex 1.317531e+02 2.678279e+01 3.894840e+01
         vertex 1.318555e+02 2.706479e+01 3.864840e+01
      endloop
   endfacet
   facet normal -5.259044e-01 4.726784e-01 7.071065e-01
      outer loop
         vertex 1.049962e+02 4.348745e+01 6.264840e+01
         vertex 1.047731e+02 4.368799e+01 6.234840e+01
         vertex 1.031491e+02 4.143241e+01 6.264840e+01
      endloop
   endfacet
   facet normal -5.259049e-01 4.726787e-01 7.071060e-01
      outer loop
         vertex 1.031491e+02 4.143241e+01 6.264840e+01
         vertex 1.047731e+02 4.368799e+01 6.234840e+01
         vertex 1.029260e+02 4.163295e+01 6.234840e+01
      endloop
   endfacet
   facet normal 1.069654e-01 7.059778e-01 7.001099e-01
      outer loop
         vertex 1.095529e+02 4.462787e+01 6.264840e+01
         vertex 1.096552e+02 4.490987e+01 6.234840e+01
         vertex 1.079065e+02 4.517482e+01 6.234840e+01
      endloop
   endfacet
   facet normal 1.069655e-01 7.059781e-01 7.001095e-01
      outer loop
         vertex 1.095529e+02 4.462787e+01 6.264840e+01
         vertex 1.079065e+02 4.517482e+01 6.234840e+01
         vertex 1.079208e+02 4.487516e+01 6.264840e+01
      endloop
   endfacet
   facet normal -1.733580e-01 6.926706e-01 7.001103e-01
      outer loop
         vertex 1.079208e+02 4.487516e+01 6.264840e+01
         vertex 1.079065e+02 4.517482e+01 6.234840e+01
         vertex 1.061908e+02 4.474542e+01 6.234840e+01
      endloop
   endfacet
   facet normal -1.733580e-01 6.926708e-01 7.001101e-01
      outer loop
         vertex 1.079208e+02 4.487516e+01 6.264840e+01
         vertex 1.061908e+02 4.474542e+01 6.234840e+01
         vertex 1.063194e+02 4.447438e+01 6.264840e+01
      endloop
   endfacet
   facet normal -4.269024e-01 5.723637e-01 7.001101e-01
      outer loop
         vertex 1.063194e+02 4.447438e+01 6.264840e+01
         vertex 1.061908e+02 4.474542e+01 6.234840e+01
         vertex 1.047731e+02 4.368799e+01 6.234840e+01
      endloop
   endfacet
   facet normal -4.269022e-01 5.723630e-01 7.001108e-01
      outer loop
         vertex 1.063194e+02 4.447438e+01 6.264840e+01
         vertex 1.047731e+02 4.368799e+01 6.234840e+01
         vertex 1.049962e+02 4.348745e+01 6.264840e+01
      endloop
   endfacet
   facet normal -6.339796e-01 3.363686e-01 6.963663e-01
      outer loop
         vertex 1.031491e+02 4.143241e+01 6.264840e+01
         vertex 1.029260e+02 4.163295e+01 6.234840e+01
         vertex 1.022457e+02 4.035072e+01 6.234840e+01
      endloop
   endfacet
   facet normal -6.339790e-01 3.363679e-01 6.963671e-01
      outer loop
         vertex 1.031491e+02 4.143241e+01 6.264840e+01
         vertex 1.022457e+02 4.035072e+01 6.234840e+01
         vertex 1.025369e+02 4.027840e+01 6.264840e+01
      endloop
   endfacet
   facet normal -7.176849e-01 -6.394546e-04 6.963677e-01
      outer loop
         vertex 1.025369e+02 4.027840e+01 6.264840e+01
         vertex 1.022457e+02 4.035072e+01 6.234840e+01
         vertex 1.022470e+02 3.889919e+01 6.234840e+01
      endloop
   endfacet
   facet normal -7.176852e-01 -6.393425e-04 6.963674e-01
      outer loop
         vertex 1.025369e+02 4.027840e+01 6.264840e+01
         vertex 1.022470e+02 3.889919e+01 6.234840e+01
         vertex 1.025380e+02 3.897202e+01 6.264840e+01
      endloop
   endfacet
   facet normal -6.333781e-01 -3.374982e-01 6.963671e-01
      outer loop
         vertex 1.025380e+02 3.897202e+01 6.264840e+01
         vertex 1.022470e+02 3.889919e+01 6.234840e+01
         vertex 1.029296e+02 3.761817e+01 6.234840e+01
      endloop
   endfacet
   facet normal -6.333763e-01 -3.374981e-01 6.963688e-01
      outer loop
         vertex 1.025380e+02 3.897202e+01 6.264840e+01
         vertex 1.029296e+02 3.761817e+01 6.234840e+01
         vertex 1.031524e+02 3.781911e+01 6.264840e+01
      endloop
   endfacet
   facet normal -4.007935e-01 -5.953447e-01 6.963687e-01
      outer loop
         vertex 1.031524e+02 3.781911e+01 6.264840e+01
         vertex 1.029296e+02 3.761817e+01 6.234840e+01
         vertex 1.041337e+02 3.680756e+01 6.234840e+01
      endloop
   endfacet
   facet normal -4.007954e-01 -5.953459e-01 6.963665e-01
      outer loop
         vertex 1.031524e+02 3.781911e+01 6.264840e+01
         vertex 1.041337e+02 3.680756e+01 6.234840e+01
         vertex 1.042361e+02 3.708956e+01 6.264840e+01
      endloop
   endfacet
   facet normal 2.412527e-01 6.646792e-01 7.071058e-01
      outer loop
         vertex 1.096552e+02 4.490987e+01 6.234840e+01
         vertex 1.095529e+02 4.462787e+01 6.264840e+01
         vertex 1.349943e+02 3.571276e+01 6.234840e+01
      endloop
   endfacet
   facet normal 2.412526e-01 6.646788e-01 7.071062e-01
      outer loop
         vertex 1.349943e+02 3.571276e+01 6.234840e+01
         vertex 1.095529e+02 4.462787e+01 6.264840e+01
         vertex 1.348920e+02 3.543076e+01 6.264840e+01
      endloop
   endfacet
   facet normal -2.412525e-01 -6.646787e-01 7.071064e-01
      outer loop
         vertex 1.042361e+02 3.708956e+01 6.264840e+01
         vertex 1.041337e+02 3.680756e+01 6.234840e+01
         vertex 1.318555e+02 2.706479e+01 6.264840e+01
      endloop
   endfacet
   facet normal -2.412529e-01 -6.646797e-01 7.071053e-01
      outer loop
         vertex 1.318555e+02 2.706479e+01 6.264840e+01
         vertex 1.041337e+02 3.680756e+01 6.234840e+01
         vertex 1.317531e+02 2.678279e+01 6.234840e+01
      endloop
   endfacet
   facet normal -1.079773e-01 -7.057215e-01 7.002128e-01
      outer loop
         vertex 1.318555e+02 2.706479e+01 6.264840e+01
         vertex 1.317531e+02 2.678279e+01 6.234840e+01
         vertex 1.335851e+02 2.650248e+01 6.234840e+01
      endloop
   endfacet
   facet normal -1.079771e-01 -7.057210e-01 7.002134e-01
      outer loop
         vertex 1.318555e+02 2.706479e+01 6.264840e+01
         vertex 1.335851e+02 2.650248e+01 6.234840e+01
         vertex 1.335718e+02 2.680218e+01 6.264840e+01
      endloop
   endfacet
   facet normal 1.703111e-01 -6.933224e-01 7.002130e-01
      outer loop
         vertex 1.335718e+02 2.680218e+01 6.264840e+01
         vertex 1.335851e+02 2.650248e+01 6.234840e+01
         vertex 1.353850e+02 2.694461e+01 6.234840e+01
      endloop
   endfacet
   facet normal 1.703110e-01 -6.933236e-01 7.002118e-01
      outer loop
         vertex 1.335718e+02 2.680218e+01 6.264840e+01
         vertex 1.353850e+02 2.694461e+01 6.234840e+01
         vertex 1.352580e+02 2.721638e+01 6.264840e+01
      endloop
   endfacet
   facet normal 4.226696e-01 -5.753734e-01 7.002113e-01
      outer loop
         vertex 1.352580e+02 2.721638e+01 6.264840e+01
         vertex 1.353850e+02 2.694461e+01 6.234840e+01
         vertex 1.368786e+02 2.804185e+01 6.234840e+01
      endloop
   endfacet
   facet normal 4.226682e-01 -5.753693e-01 7.002154e-01
      outer loop
         vertex 1.352580e+02 2.721638e+01 6.264840e+01
         vertex 1.368786e+02 2.804185e+01 6.234840e+01
         vertex 1.366573e+02 2.824433e+01 6.264840e+01
      endloop
   endfacet
   facet normal 6.106781e-01 -3.698247e-01 7.002156e-01
      outer loop
         vertex 1.366573e+02 2.824433e+01 6.264840e+01
         vertex 1.368786e+02 2.804185e+01 6.234840e+01
         vertex 1.378387e+02 2.962716e+01 6.234840e+01
      endloop
   endfacet
   facet normal 6.106781e-01 -3.698247e-01 7.002157e-01
      outer loop
         vertex 1.366573e+02 2.824433e+01 6.264840e+01
         vertex 1.378387e+02 2.962716e+01 6.234840e+01
         vertex 1.375567e+02 2.972951e+01 6.264840e+01
      endloop
   endfacet
   facet normal 7.057195e-01 -1.079757e-01 7.002151e-01
      outer loop
         vertex 1.375567e+02 2.972951e+01 6.264840e+01
         vertex 1.378387e+02 2.962716e+01 6.234840e+01
         vertex 1.381190e+02 3.145920e+01 6.234840e+01
      endloop
   endfacet
   facet normal 7.057203e-01 -1.079762e-01 7.002143e-01
      outer loop
         vertex 1.375567e+02 2.972951e+01 6.264840e+01
         vertex 1.381190e+02 3.145920e+01 6.234840e+01
         vertex 1.378193e+02 3.144585e+01 6.264840e+01
      endloop
   endfacet
   facet normal 6.933216e-01 1.703095e-01 7.002141e-01
      outer loop
         vertex 1.378193e+02 3.144585e+01 6.264840e+01
         vertex 1.381190e+02 3.145920e+01 6.234840e+01
         vertex 1.376769e+02 3.325905e+01 6.234840e+01
      endloop
   endfacet
   facet normal 6.933220e-01 1.703095e-01 7.002137e-01
      outer loop
         vertex 1.378193e+02 3.144585e+01 6.264840e+01
         vertex 1.376769e+02 3.325905e+01 6.234840e+01
         vertex 1.374051e+02 3.313202e+01 6.264840e+01
      endloop
   endfacet
   facet normal 5.753714e-01 4.226687e-01 7.002135e-01
      outer loop
         vertex 1.374051e+02 3.313202e+01 6.264840e+01
         vertex 1.376769e+02 3.325905e+01 6.234840e+01
         vertex 1.365796e+02 3.475270e+01 6.234840e+01
      endloop
   endfacet
   facet normal 5.753710e-01 4.226686e-01 7.002138e-01
      outer loop
         vertex 1.374051e+02 3.313202e+01 6.264840e+01
         vertex 1.365796e+02 3.475270e+01 6.234840e+01
         vertex 1.363772e+02 3.453134e+01 6.264840e+01
      endloop
   endfacet
   facet normal 3.698254e-01 6.106805e-01 7.002132e-01
      outer loop
         vertex 1.363772e+02 3.453134e+01 6.264840e+01
         vertex 1.365796e+02 3.475270e+01 6.234840e+01
         vertex 1.349943e+02 3.571276e+01 6.234840e+01
      endloop
   endfacet
   facet normal 3.698245e-01 6.106797e-01 7.002143e-01
      outer loop
         vertex 1.363772e+02 3.453134e+01 6.264840e+01
         vertex 1.349943e+02 3.571276e+01 6.234840e+01
         vertex 1.348920e+02 3.543076e+01 6.264840e+01
      endloop
   endfacet
   facet normal -3.002510e-01 -6.417590e-01 7.056874e-01
      outer loop
         vertex 8.817971e+01 4.291738e+01 5.314840e+01
         vertex 8.807736e+01 4.263538e+01 5.284840e+01
         vertex 8.892095e+01 4.232919e+01 5.292888e+01
      endloop
   endfacet
   facet normal -3.514671e-01 -6.822105e-01 6.411394e-01
      outer loop
         vertex 8.817971e+01 4.291738e+01 5.314840e+01
         vertex 8.892095e+01 4.232919e+01 5.292888e+01
         vertex 8.901605e+01 4.256509e+01 5.323201e+01
      endloop
   endfacet
   facet normal -3.769493e-01 -6.699490e-01 6.395917e-01
      outer loop
         vertex 8.901605e+01 4.256509e+01 5.323201e+01
         vertex 8.892095e+01 4.232919e+01 5.292888e+01
         vertex 8.912126e+01 4.225649e+01 5.297077e+01
      endloop
   endfacet
   facet normal -4.531790e-01 -6.608986e-01 5.981989e-01
      outer loop
         vertex 8.901605e+01 4.256509e+01 5.323201e+01
         vertex 8.912126e+01 4.225649e+01 5.297077e+01
         vertex 8.985789e+01 4.220472e+01 5.347163e+01
      endloop
   endfacet
   facet normal -5.235971e-01 -7.261720e-01 4.455561e-01
      outer loop
         vertex 9.126039e+01 4.148007e+01 5.392324e+01
         vertex 9.074118e+01 4.182378e+01 5.387328e+01
         vertex 9.052998e+01 4.174518e+01 5.349698e+01
      endloop
   endfacet
   facet normal -5.172806e-01 -7.320881e-01 4.432468e-01
      outer loop
         vertex 9.052998e+01 4.174518e+01 5.349698e+01
         vertex 9.074118e+01 4.182378e+01 5.387328e+01
         vertex 8.985789e+01 4.220472e+01 5.347163e+01
      endloop
   endfacet
   facet normal -4.859174e-01 -6.804110e-01 5.485664e-01
      outer loop
         vertex 9.052998e+01 4.174518e+01 5.349698e+01
         vertex 8.985789e+01 4.220472e+01 5.347163e+01
         vertex 8.974122e+01 4.203147e+01 5.315339e+01
      endloop
   endfacet
   facet normal -4.232869e-01 -7.214942e-01 5.479729e-01
      outer loop
         vertex 8.974122e+01 4.203147e+01 5.315339e+01
         vertex 8.985789e+01 4.220472e+01 5.347163e+01
         vertex 8.912126e+01 4.225649e+01 5.297077e+01
      endloop
   endfacet
   facet normal -5.184721e-01 -7.917444e-01 3.229977e-01
      outer loop
         vertex 9.199857e+01 4.121214e+01 5.445140e+01
         vertex 9.166270e+01 4.142379e+01 5.443107e+01
         vertex 9.126039e+01 4.148007e+01 5.392324e+01
      endloop
   endfacet
   facet normal -5.633958e-01 -7.416097e-01 3.641433e-01
      outer loop
         vertex 9.126039e+01 4.148007e+01 5.392324e+01
         vertex 9.166270e+01 4.142379e+01 5.443107e+01
         vertex 9.163759e+01 4.143462e+01 5.441428e+01
      endloop
   endfacet
   facet normal -5.410235e-01 -7.671703e-01 3.445914e-01
      outer loop
         vertex 9.126039e+01 4.148007e+01 5.392324e+01
         vertex 9.163759e+01 4.143462e+01 5.441428e+01
         vertex 9.074118e+01 4.182378e+01 5.387328e+01
      endloop
   endfacet
   facet normal -4.233048e-01 -8.993347e-01 1.095913e-01
      outer loop
         vertex 9.391822e+01 4.051538e+01 5.614840e+01
         vertex 9.341156e+01 4.070435e+01 5.574216e+01
         vertex 9.199857e+01 4.121214e+01 5.445140e+01
      endloop
   endfacet
   facet normal -5.273999e-01 -8.091734e-01 2.590130e-01
      outer loop
         vertex 9.199857e+01 4.121214e+01 5.445140e+01
         vertex 9.341156e+01 4.070435e+01 5.574216e+01
         vertex 9.187904e+01 4.133089e+01 5.457902e+01
      endloop
   endfacet
   facet normal -5.259361e-01 -8.095679e-01 2.607510e-01
      outer loop
         vertex 9.199857e+01 4.121214e+01 5.445140e+01
         vertex 9.187904e+01 4.133089e+01 5.457902e+01
         vertex 9.166270e+01 4.142379e+01 5.443107e+01
      endloop
   endfacet
   facet normal -2.412531e-01 -6.646804e-01 7.071046e-01
      outer loop
         vertex 8.807736e+01 4.263538e+01 5.284840e+01
         vertex 8.817971e+01 4.291738e+01 5.314840e+01
         vertex 7.416600e+01 4.768466e+01 5.284840e+01
      endloop
   endfacet
   facet normal -2.412529e-01 -6.646800e-01 7.071050e-01
      outer loop
         vertex 7.416600e+01 4.768466e+01 5.284840e+01
         vertex 8.817971e+01 4.291738e+01 5.314840e+01
         vertex 7.426836e+01 4.796666e+01 5.314840e+01
      endloop
   endfacet
   facet normal 2.666486e-01 6.615735e-01 7.008702e-01
      outer loop
         vertex 7.840370e+01 5.633260e+01 5.314840e+01
         vertex 7.856558e+01 5.658517e+01 5.284840e+01
         vertex 7.684431e+01 5.727893e+01 5.284840e+01
      endloop
   endfacet
   facet normal 2.666474e-01 6.615721e-01 7.008719e-01
      outer loop
         vertex 7.840370e+01 5.633260e+01 5.314840e+01
         vertex 7.684431e+01 5.727893e+01 5.284840e+01
         vertex 7.678580e+01 5.698469e+01 5.314840e+01
      endloop
   endfacet
   facet normal 6.721356e-03 7.132555e-01 7.008719e-01
      outer loop
         vertex 7.678580e+01 5.698469e+01 5.314840e+01
         vertex 7.684431e+01 5.727893e+01 5.284840e+01
         vertex 7.498856e+01 5.729642e+01 5.284840e+01
      endloop
   endfacet
   facet normal 6.721417e-03 7.132557e-01 7.008717e-01
      outer loop
         vertex 7.678580e+01 5.698469e+01 5.314840e+01
         vertex 7.498856e+01 5.729642e+01 5.284840e+01
         vertex 7.504151e+01 5.700113e+01 5.314840e+01
      endloop
   endfacet
   facet normal -2.541342e-01 6.664790e-01 7.008720e-01
      outer loop
         vertex 7.504151e+01 5.700113e+01 5.314840e+01
         vertex 7.498856e+01 5.729642e+01 5.284840e+01
         vertex 7.325452e+01 5.663521e+01 5.284840e+01
      endloop
   endfacet
   facet normal -2.541342e-01 6.664787e-01 7.008723e-01
      outer loop
         vertex 7.504151e+01 5.700113e+01 5.314840e+01
         vertex 7.325452e+01 5.663521e+01 5.284840e+01
         vertex 7.341162e+01 5.637964e+01 5.314840e+01
      endloop
   endfacet
   facet normal -4.799067e-01 5.276996e-01 7.008728e-01
      outer loop
         vertex 7.341162e+01 5.637964e+01 5.314840e+01
         vertex 7.325452e+01 5.663521e+01 5.284840e+01
         vertex 7.188155e+01 5.538659e+01 5.284840e+01
      endloop
   endfacet
   facet normal -4.799069e-01 5.276999e-01 7.008725e-01
      outer loop
         vertex 7.341162e+01 5.637964e+01 5.314840e+01
         vertex 7.188155e+01 5.538659e+01 5.284840e+01
         vertex 7.212111e+01 5.520601e+01 5.314840e+01
      endloop
   endfacet
   facet normal -6.394330e-01 3.160763e-01 7.008718e-01
      outer loop
         vertex 7.212111e+01 5.520601e+01 5.314840e+01
         vertex 7.188155e+01 5.538659e+01 5.284840e+01
         vertex 7.105919e+01 5.372292e+01 5.284840e+01
      endloop
   endfacet
   facet normal -6.394327e-01 3.160761e-01 7.008721e-01
      outer loop
         vertex 7.212111e+01 5.520601e+01 5.314840e+01
         vertex 7.105919e+01 5.372292e+01 5.284840e+01
         vertex 7.134814e+01 5.364226e+01 5.314840e+01
      endloop
   endfacet
   facet normal -7.106892e-01 6.081944e-02 7.008722e-01
      outer loop
         vertex 7.134814e+01 5.364226e+01 5.314840e+01
         vertex 7.105919e+01 5.372292e+01 5.284840e+01
         vertex 7.090095e+01 5.187385e+01 5.284840e+01
      endloop
   endfacet
   facet normal -7.106907e-01 6.082009e-02 7.008706e-01
      outer loop
         vertex 7.134814e+01 5.364226e+01 5.314840e+01
         vertex 7.090095e+01 5.187385e+01 5.284840e+01
         vertex 7.119940e+01 5.190424e+01 5.314840e+01
      endloop
   endfacet
   facet normal -6.838426e-01 -2.028322e-01 7.008698e-01
      outer loop
         vertex 7.119940e+01 5.190424e+01 5.314840e+01
         vertex 7.090095e+01 5.187385e+01 5.284840e+01
         vertex 7.142867e+01 5.009464e+01 5.284840e+01
      endloop
   endfacet
   facet normal -6.838394e-01 -2.028323e-01 7.008728e-01
      outer loop
         vertex 7.119940e+01 5.190424e+01 5.314840e+01
         vertex 7.142867e+01 5.009464e+01 5.284840e+01
         vertex 7.169543e+01 5.023189e+01 5.314840e+01
      endloop
   endfacet
   facet normal -5.625918e-01 -4.384843e-01 7.008723e-01
      outer loop
         vertex 7.169543e+01 5.023189e+01 5.314840e+01
         vertex 7.142867e+01 5.009464e+01 5.284840e+01
         vertex 7.256952e+01 4.863089e+01 5.284840e+01
      endloop
   endfacet
   facet normal -5.625913e-01 -4.384841e-01 7.008728e-01
      outer loop
         vertex 7.169543e+01 5.023189e+01 5.314840e+01
         vertex 7.256952e+01 4.863089e+01 5.284840e+01
         vertex 7.276776e+01 4.885606e+01 5.314840e+01
      endloop
   endfacet
   facet normal -3.636813e-01 -6.136075e-01 7.008722e-01
      outer loop
         vertex 7.276776e+01 4.885606e+01 5.314840e+01
         vertex 7.256952e+01 4.863089e+01 5.284840e+01
         vertex 7.416600e+01 4.768466e+01 5.284840e+01
      endloop
   endfacet
   facet normal -3.636835e-01 -6.136094e-01 7.008693e-01
      outer loop
         vertex 7.276776e+01 4.885606e+01 5.314840e+01
         vertex 7.416600e+01 4.768466e+01 5.284840e+01
         vertex 7.426836e+01 4.796666e+01 5.314840e+01
      endloop
   endfacet
   facet normal 3.482584e-01 6.160252e-01 7.065614e-01
      outer loop
         vertex 7.856558e+01 5.658517e+01 5.284840e+01
         vertex 7.840370e+01 5.633260e+01 5.314840e+01
         vertex 8.001306e+01 5.576687e+01 5.284840e+01
      endloop
   endfacet
   facet normal 3.482588e-01 6.160274e-01 7.065593e-01
      outer loop
         vertex 8.001306e+01 5.576687e+01 5.284840e+01
         vertex 7.840370e+01 5.633260e+01 5.314840e+01
         vertex 7.988012e+01 5.549793e+01 5.314840e+01
      endloop
   endfacet
   facet normal 2.779359e-01 6.507885e-01 7.065593e-01
      outer loop
         vertex 8.001306e+01 5.576687e+01 5.284840e+01
         vertex 7.988012e+01 5.549793e+01 5.314840e+01
         vertex 8.154221e+01 5.511380e+01 5.284840e+01
      endloop
   endfacet
   facet normal 2.779355e-01 6.507827e-01 7.065647e-01
      outer loop
         vertex 8.154221e+01 5.511380e+01 5.284840e+01
         vertex 7.988012e+01 5.549793e+01 5.314840e+01
         vertex 8.143986e+01 5.483180e+01 5.314840e+01
      endloop
   endfacet
   facet normal 2.412517e-01 6.646764e-01 7.071088e-01
      outer loop
         vertex 8.154221e+01 5.511380e+01 5.284840e+01
         vertex 8.143986e+01 5.483180e+01 5.314840e+01
         vertex 9.131859e+01 5.156536e+01 5.284840e+01
      endloop
   endfacet
   facet normal 2.412518e-01 6.646769e-01 7.071083e-01
      outer loop
         vertex 9.131859e+01 5.156536e+01 5.284840e+01
         vertex 8.143986e+01 5.483180e+01 5.314840e+01
         vertex 9.121624e+01 5.128336e+01 5.314840e+01
      endloop
   endfacet
   facet normal 2.778793e-01 9.576249e-01 7.574665e-02
      outer loop
         vertex 9.715945e+01 4.944535e+01 5.614840e+01
         vertex 9.600614e+01 4.986396e+01 5.508716e+01
         vertex 9.666012e+01 4.962172e+01 5.575052e+01
      endloop
   endfacet
   facet normal 2.102910e-01 9.667209e-01 1.456995e-01
      outer loop
         vertex 9.666012e+01 4.962172e+01 5.575052e+01
         vertex 9.600614e+01 4.986396e+01 5.508716e+01
         vertex 9.616859e+01 4.978624e+01 5.536837e+01
      endloop
   endfacet
   facet normal 4.350163e-02 9.303394e-01 3.641101e-01
      outer loop
         vertex 9.481801e+01 5.020361e+01 5.441290e+01
         vertex 9.484994e+01 5.019411e+01 5.443336e+01
         vertex 9.450162e+01 5.041004e+01 5.392324e+01
      endloop
   endfacet
   facet normal 2.653749e-02 9.269453e-01 3.742567e-01
      outer loop
         vertex 9.450162e+01 5.041004e+01 5.392324e+01
         vertex 9.484994e+01 5.019411e+01 5.443336e+01
         vertex 9.546992e+01 5.000664e+01 5.485371e+01
      endloop
   endfacet
   facet normal 1.347017e-01 9.525903e-01 2.728133e-01
      outer loop
         vertex 9.450162e+01 5.041004e+01 5.392324e+01
         vertex 9.546992e+01 5.000664e+01 5.485371e+01
         vertex 9.600614e+01 4.986396e+01 5.508716e+01
      endloop
   endfacet
   facet normal 1.924603e-01 9.696813e-01 1.505893e-01
      outer loop
         vertex 9.600614e+01 4.986396e+01 5.508716e+01
         vertex 9.546992e+01 5.000664e+01 5.485371e+01
         vertex 9.579085e+01 4.990690e+01 5.508579e+01
      endloop
   endfacet
   facet normal 1.922375e-01 9.687583e-01 1.566914e-01
      outer loop
         vertex 9.600614e+01 4.986396e+01 5.508716e+01
         vertex 9.579085e+01 4.990690e+01 5.508579e+01
         vertex 9.616859e+01 4.978624e+01 5.536837e+01
      endloop
   endfacet
   facet normal 5.967467e-02 9.330369e-01 3.547973e-01
      outer loop
         vertex 9.481801e+01 5.020361e+01 5.441290e+01
         vertex 9.450162e+01 5.041004e+01 5.392324e+01
         vertex 9.433677e+01 5.034561e+01 5.412040e+01
      endloop
   endfacet
   facet normal 9.615185e-02 9.196012e-01 3.809047e-01
      outer loop
         vertex 9.433677e+01 5.034561e+01 5.412040e+01
         vertex 9.450162e+01 5.041004e+01 5.392324e+01
         vertex 9.419672e+01 5.052071e+01 5.373303e+01
      endloop
   endfacet
   facet normal 7.744347e-02 9.187098e-01 3.872658e-01
      outer loop
         vertex 9.433677e+01 5.034561e+01 5.412040e+01
         vertex 9.419672e+01 5.052071e+01 5.373303e+01
         vertex 9.333021e+01 5.064342e+01 5.361520e+01
      endloop
   endfacet
   facet normal 4.002057e-02 8.245299e-01 5.644013e-01
      outer loop
         vertex 9.419672e+01 5.052071e+01 5.373303e+01
         vertex 9.280026e+01 5.102757e+01 5.309158e+01
         vertex 9.333021e+01 5.064342e+01 5.361520e+01
      endloop
   endfacet
   facet normal 2.079331e-01 8.770772e-01 4.330120e-01
      outer loop
         vertex 9.333021e+01 5.064342e+01 5.361520e+01
         vertex 9.280026e+01 5.102757e+01 5.309158e+01
         vertex 9.216218e+01 5.125917e+01 5.292888e+01
      endloop
   endfacet
   facet normal -7.606735e-03 7.378517e-01 6.749200e-01
      outer loop
         vertex 9.333021e+01 5.064342e+01 5.361520e+01
         vertex 9.216218e+01 5.125917e+01 5.292888e+01
         vertex 9.241139e+01 5.091839e+01 5.330423e+01
      endloop
   endfacet
   facet normal 1.325329e-01 7.760643e-01 6.165706e-01
      outer loop
         vertex 9.241139e+01 5.091839e+01 5.330423e+01
         vertex 9.216218e+01 5.125917e+01 5.292888e+01
         vertex 9.155977e+01 5.117686e+01 5.316196e+01
      endloop
   endfacet
   facet normal 1.804569e-01 6.831555e-01 7.076255e-01
      outer loop
         vertex 9.155977e+01 5.117686e+01 5.316196e+01
         vertex 9.216218e+01 5.125917e+01 5.292888e+01
         vertex 9.131859e+01 5.156536e+01 5.284840e+01
      endloop
   endfacet
   facet normal 1.841931e-01 6.840212e-01 7.058242e-01
      outer loop
         vertex 9.155977e+01 5.117686e+01 5.316196e+01
         vertex 9.131859e+01 5.156536e+01 5.284840e+01
         vertex 9.121624e+01 5.128336e+01 5.314840e+01
      endloop
   endfacet
   facet normal -4.010417e-01 -9.129240e-01 -7.573138e-02
      outer loop
         vertex 9.391822e+01 4.051538e+01 4.514840e+01
         vertex 9.276491e+01 4.093398e+01 4.620965e+01
         vertex 9.342201e+01 4.070036e+01 4.554629e+01
      endloop
   endfacet
   facet normal -4.587509e-01 -8.765364e-01 -1.457105e-01
      outer loop
         vertex 9.342201e+01 4.070036e+01 4.554629e+01
         vertex 9.276491e+01 4.093398e+01 4.620965e+01
         vertex 9.293939e+01 4.088942e+01 4.592844e+01
      endloop
   endfacet
   facet normal -5.634323e-01 -7.415692e-01 -3.641692e-01
      outer loop
         vertex 9.163553e+01 4.143550e+01 4.688391e+01
         vertex 9.166612e+01 4.142231e+01 4.686345e+01
         vertex 9.126039e+01 4.148007e+01 4.737357e+01
      endloop
   endfacet
   facet normal -5.742005e-01 -7.281689e-01 -3.742510e-01
      outer loop
         vertex 9.126039e+01 4.148007e+01 4.737357e+01
         vertex 9.166612e+01 4.142231e+01 4.686345e+01
         vertex 9.226201e+01 4.116846e+01 4.644310e+01
      endloop
   endfacet
   facet normal -5.076673e-01 -8.172207e-01 -2.728079e-01
      outer loop
         vertex 9.126039e+01 4.148007e+01 4.737357e+01
         vertex 9.226201e+01 4.116846e+01 4.644310e+01
         vertex 9.276491e+01 4.093398e+01 4.620965e+01
      endloop
   endfacet
   facet normal -4.743150e-01 -8.673825e-01 -1.505751e-01
      outer loop
         vertex 9.276491e+01 4.093398e+01 4.620965e+01
         vertex 9.226201e+01 4.116846e+01 4.644310e+01
         vertex 9.257220e+01 4.103913e+01 4.621102e+01
      endloop
   endfacet
   facet normal -4.738929e-01 -8.665295e-01 -1.566913e-01
      outer loop
         vertex 9.276491e+01 4.093398e+01 4.620965e+01
         vertex 9.257220e+01 4.103913e+01 4.621102e+01
         vertex 9.293939e+01 4.088942e+01 4.592844e+01
      endloop
   endfacet
   facet normal -5.526869e-01 -7.540930e-01 -3.547971e-01
      outer loop
         vertex 9.163553e+01 4.143550e+01 4.688391e+01
         vertex 9.126039e+01 4.148007e+01 4.737357e+01
         vertex 9.117525e+01 4.163523e+01 4.717641e+01
      endloop
   endfacet
   facet normal -5.160839e-01 -7.671826e-01 -3.809046e-01
      outer loop
         vertex 9.117525e+01 4.163523e+01 4.717641e+01
         vertex 9.126039e+01 4.148007e+01 4.737357e+01
         vertex 9.095549e+01 4.159073e+01 4.756378e+01
      endloop
   endfacet
   facet normal -5.298636e-01 -7.545001e-01 -3.872650e-01
      outer loop
         vertex 9.117525e+01 4.163523e+01 4.717641e+01
         vertex 9.095549e+01 4.159073e+01 4.756378e+01
         vertex 9.021200e+01 4.205239e+01 4.768160e+01
      endloop
   endfacet
   facet normal -4.981665e-01 -6.582453e-01 -5.643964e-01
      outer loop
         vertex 9.095549e+01 4.159073e+01 4.756378e+01
         vertex 8.955903e+01 4.209760e+01 4.820523e+01
         vertex 9.021200e+01 4.205239e+01 4.768160e+01
      endloop
   endfacet
   facet normal -4.030529e-01 -8.062573e-01 -4.330098e-01
      outer loop
         vertex 9.021200e+01 4.205239e+01 4.768160e+01
         vertex 8.955903e+01 4.209760e+01 4.820523e+01
         vertex 8.892095e+01 4.232919e+01 4.836793e+01
      endloop
   endfacet
   facet normal -4.791105e-01 -5.611938e-01 -6.749183e-01
      outer loop
         vertex 9.021200e+01 4.205239e+01 4.768160e+01
         vertex 8.892095e+01 4.232919e+01 4.836793e+01
         vertex 8.933072e+01 4.243078e+01 4.799258e+01
      endloop
   endfacet
   facet normal -3.961087e-01 -6.803969e-01 -6.165695e-01
      outer loop
         vertex 8.933072e+01 4.243078e+01 4.799258e+01
         vertex 8.892095e+01 4.232919e+01 4.836793e+01
         vertex 8.851158e+01 4.277873e+01 4.813485e+01
      endloop
   endfacet
   facet normal -2.997454e-01 -6.398567e-01 -7.076271e-01
      outer loop
         vertex 8.851158e+01 4.277873e+01 4.813485e+01
         vertex 8.892095e+01 4.232919e+01 4.836793e+01
         vertex 8.807736e+01 4.263538e+01 4.844840e+01
      endloop
   endfacet
   facet normal -2.974280e-01 -6.429256e-01 -7.058209e-01
      outer loop
         vertex 8.851158e+01 4.277873e+01 4.813485e+01
         vertex 8.807736e+01 4.263538e+01 4.844840e+01
         vertex 8.817971e+01 4.291738e+01 4.814840e+01
      endloop
   endfacet
   facet normal -2.412531e-01 -6.646804e-01 -7.071046e-01
      outer loop
         vertex 8.817971e+01 4.291738e+01 4.814840e+01
         vertex 8.807736e+01 4.263538e+01 4.844840e+01
         vertex 7.426836e+01 4.796666e+01 4.814840e+01
      endloop
   endfacet
   facet normal -2.412529e-01 -6.646800e-01 -7.071050e-01
      outer loop
         vertex 7.426836e+01 4.796666e+01 4.814840e+01
         vertex 8.807736e+01 4.263538e+01 4.844840e+01
         vertex 7.416600e+01 4.768466e+01 4.844840e+01
      endloop
   endfacet
   facet normal -3.636827e-01 -6.136098e-01 -7.008694e-01
      outer loop
         vertex 7.426836e+01 4.796666e+01 4.814840e+01
         vertex 7.416600e+01 4.768466e+01 4.844840e+01
         vertex 7.256952e+01 4.863089e+01 4.844840e+01
      endloop
   endfacet
   facet normal -3.636820e-01 -6.136069e-01 -7.008723e-01
      outer loop
         vertex 7.426836e+01 4.796666e+01 4.814840e+01
         vertex 7.256952e+01 4.863089e+01 4.844840e+01
         vertex 7.276776e+01 4.885606e+01 4.814840e+01
      endloop
   endfacet
   facet normal -5.625914e-01 -4.384840e-01 -7.008728e-01
      outer loop
         vertex 7.276776e+01 4.885606e+01 4.814840e+01
         vertex 7.256952e+01 4.863089e+01 4.844840e+01
         vertex 7.142867e+01 5.009464e+01 4.844840e+01
      endloop
   endfacet
   facet normal -5.625917e-01 -4.384844e-01 -7.008723e-01
      outer loop
         vertex 7.276776e+01 4.885606e+01 4.814840e+01
         vertex 7.142867e+01 5.009464e+01 4.844840e+01
         vertex 7.169543e+01 5.023189e+01 4.814840e+01
      endloop
   endfacet
   facet normal -6.838398e-01 -2.028314e-01 -7.008727e-01
      outer loop
         vertex 7.169543e+01 5.023189e+01 4.814840e+01
         vertex 7.142867e+01 5.009464e+01 4.844840e+01
         vertex 7.090095e+01 5.187385e+01 4.844840e+01
      endloop
   endfacet
   facet normal -6.838424e-01 -2.028332e-01 -7.008697e-01
      outer loop
         vertex 7.169543e+01 5.023189e+01 4.814840e+01
         vertex 7.090095e+01 5.187385e+01 4.844840e+01
         vertex 7.119940e+01 5.190424e+01 4.814840e+01
      endloop
   endfacet
   facet normal -7.106907e-01 6.081957e-02 -7.008706e-01
      outer loop
         vertex 7.119940e+01 5.190424e+01 4.814840e+01
         vertex 7.090095e+01 5.187385e+01 4.844840e+01
         vertex 7.105919e+01 5.372292e+01 4.844840e+01
      endloop
   endfacet
   facet normal -7.106891e-01 6.081995e-02 -7.008722e-01
      outer loop
         vertex 7.119940e+01 5.190424e+01 4.814840e+01
         vertex 7.105919e+01 5.372292e+01 4.844840e+01
         vertex 7.134814e+01 5.364226e+01 4.814840e+01
      endloop
   endfacet
   facet normal -6.394327e-01 3.160762e-01 -7.008721e-01
      outer loop
         vertex 7.134814e+01 5.364226e+01 4.814840e+01
         vertex 7.105919e+01 5.372292e+01 4.844840e+01
         vertex 7.188155e+01 5.538659e+01 4.844840e+01
      endloop
   endfacet
   facet normal -6.394330e-01 3.160762e-01 -7.008718e-01
      outer loop
         vertex 7.134814e+01 5.364226e+01 4.814840e+01
         vertex 7.188155e+01 5.538659e+01 4.844840e+01
         vertex 7.212111e+01 5.520601e+01 4.814840e+01
      endloop
   endfacet
   facet normal -4.799069e-01 5.276998e-01 -7.008725e-01
      outer loop
         vertex 7.212111e+01 5.520601e+01 4.814840e+01
         vertex 7.188155e+01 5.538659e+01 4.844840e+01
         vertex 7.325452e+01 5.663521e+01 4.844840e+01
      endloop
   endfacet
   facet normal -4.799067e-01 5.276996e-01 -7.008728e-01
      outer loop
         vertex 7.212111e+01 5.520601e+01 4.814840e+01
         vertex 7.325452e+01 5.663521e+01 4.844840e+01
         vertex 7.341162e+01 5.637964e+01 4.814840e+01
      endloop
   endfacet
   facet normal -2.541341e-01 6.664788e-01 -7.008723e-01
      outer loop
         vertex 7.341162e+01 5.637964e+01 4.814840e+01
         vertex 7.325452e+01 5.663521e+01 4.844840e+01
         vertex 7.498856e+01 5.729642e+01 4.844840e+01
      endloop
   endfacet
   facet normal -2.541343e-01 6.664789e-01 -7.008720e-01
      outer loop
         vertex 7.341162e+01 5.637964e+01 4.814840e+01
         vertex 7.498856e+01 5.729642e+01 4.844840e+01
         vertex 7.504151e+01 5.700113e+01 4.814840e+01
      endloop
   endfacet
   facet normal 6.721357e-03 7.132557e-01 -7.008717e-01
      outer loop
         vertex 7.504151e+01 5.700113e+01 4.814840e+01
         vertex 7.498856e+01 5.729642e+01 4.844840e+01
         vertex 7.684431e+01 5.727893e+01 4.844840e+01
      endloop
   endfacet
   facet normal 6.721415e-03 7.132555e-01 -7.008719e-01
      outer loop
         vertex 7.504151e+01 5.700113e+01 4.814840e+01
         vertex 7.684431e+01 5.727893e+01 4.844840e+01
         vertex 7.678580e+01 5.698469e+01 4.814840e+01
      endloop
   endfacet
   facet normal 2.666480e-01 6.615720e-01 -7.008719e-01
      outer loop
         vertex 7.678580e+01 5.698469e+01 4.814840e+01
         vertex 7.684431e+01 5.727893e+01 4.844840e+01
         vertex 7.856558e+01 5.658517e+01 4.844840e+01
      endloop
   endfacet
   facet normal 2.666481e-01 6.615737e-01 -7.008702e-01
      outer loop
         vertex 7.678580e+01 5.698469e+01 4.814840e+01
         vertex 7.856558e+01 5.658517e+01 4.844840e+01
         vertex 7.840370e+01 5.633260e+01 4.814840e+01
      endloop
   endfacet
   facet normal 2.779337e-01 6.507834e-01 -7.065648e-01
      outer loop
         vertex 8.154221e+01 5.511380e+01 4.844840e+01
         vertex 8.143986e+01 5.483180e+01 4.814840e+01
         vertex 8.001306e+01 5.576687e+01 4.844840e+01
      endloop
   endfacet
   facet normal 2.779376e-01 6.507877e-01 -7.065593e-01
      outer loop
         vertex 8.001306e+01 5.576687e+01 4.844840e+01
         vertex 8.143986e+01 5.483180e+01 4.814840e+01
         vertex 7.988012e+01 5.549793e+01 4.814840e+01
      endloop
   endfacet
   facet normal 3.482594e-01 6.160270e-01 -7.065593e-01
      outer loop
         vertex 8.001306e+01 5.576687e+01 4.844840e+01
         vertex 7.988012e+01 5.549793e+01 4.814840e+01
         vertex 7.856558e+01 5.658517e+01 4.844840e+01
      endloop
   endfacet
   facet normal 3.482578e-01 6.160256e-01 -7.065614e-01
      outer loop
         vertex 7.856558e+01 5.658517e+01 4.844840e+01
         vertex 7.988012e+01 5.549793e+01 4.814840e+01
         vertex 7.840370e+01 5.633260e+01 4.814840e+01
      endloop
   endfacet
   facet normal 2.412516e-01 6.646764e-01 -7.071088e-01
      outer loop
         vertex 8.143986e+01 5.483180e+01 4.814840e+01
         vertex 8.154221e+01 5.511380e+01 4.844840e+01
         vertex 9.121624e+01 5.128336e+01 4.814840e+01
      endloop
   endfacet
   facet normal 2.412519e-01 6.646769e-01 -7.071083e-01
      outer loop
         vertex 9.121624e+01 5.128336e+01 4.814840e+01
         vertex 8.154221e+01 5.511380e+01 4.844840e+01
         vertex 9.131859e+01 5.156536e+01 4.844840e+01
      endloop
   endfacet
   facet normal 6.363772e-02 8.336793e-01 -5.485701e-01
      outer loop
         vertex 9.296083e+01 5.075368e+01 4.782517e+01
         vertex 9.298245e+01 5.096144e+01 4.814341e+01
         vertex 9.377121e+01 5.067515e+01 4.779983e+01
      endloop
   endfacet
   facet normal 1.380375e-01 8.250257e-01 -5.479765e-01
      outer loop
         vertex 9.298245e+01 5.096144e+01 4.814341e+01
         vertex 9.296083e+01 5.075368e+01 4.782517e+01
         vertex 9.236249e+01 5.118646e+01 4.832603e+01
      endloop
   endfacet
   facet normal 7.624462e-02 7.977141e-01 -5.981965e-01
      outer loop
         vertex 9.236249e+01 5.118646e+01 4.832603e+01
         vertex 9.296083e+01 5.075368e+01 4.782517e+01
         vertex 9.208383e+01 5.101720e+01 4.806480e+01
      endloop
   endfacet
   facet normal 1.405344e-01 7.557603e-01 -6.395908e-01
      outer loop
         vertex 9.236249e+01 5.118646e+01 4.832603e+01
         vertex 9.208383e+01 5.101720e+01 4.806480e+01
         vertex 9.216218e+01 5.125917e+01 4.836793e+01
      endloop
   endfacet
   facet normal 1.679397e-01 7.488246e-01 -6.411380e-01
      outer loop
         vertex 9.216218e+01 5.125917e+01 4.836793e+01
         vertex 9.208383e+01 5.101720e+01 4.806480e+01
         vertex 9.121624e+01 5.128336e+01 4.814840e+01
      endloop
   endfacet
   facet normal 1.812869e-01 6.849344e-01 -7.056911e-01
      outer loop
         vertex 9.216218e+01 5.125917e+01 4.836793e+01
         vertex 9.121624e+01 5.128336e+01 4.814840e+01
         vertex 9.131859e+01 5.156536e+01 4.844840e+01
      endloop
   endfacet
   facet normal 1.772734e-01 9.427273e-01 -2.825586e-01
      outer loop
         vertex 9.450162e+01 5.041004e+01 4.737357e+01
         vertex 9.482016e+01 5.020296e+01 4.688253e+01
         vertex 9.377121e+01 5.067515e+01 4.779983e+01
      endloop
   endfacet
   facet normal -5.748096e-03 8.864137e-01 -4.628582e-01
      outer loop
         vertex 9.377121e+01 5.067515e+01 4.779983e+01
         vertex 9.482016e+01 5.020296e+01 4.688253e+01
         vertex 9.388283e+01 5.047938e+01 4.742353e+01
      endloop
   endfacet
   facet normal 7.272352e-02 8.934468e-01 -4.432428e-01
      outer loop
         vertex 9.377121e+01 5.067515e+01 4.779983e+01
         vertex 9.388283e+01 5.047938e+01 4.742353e+01
         vertex 9.296083e+01 5.075368e+01 4.782517e+01
      endloop
   endfacet
   facet normal 2.520774e-01 9.614789e-01 -1.096145e-01
      outer loop
         vertex 9.715945e+01 4.944535e+01 4.514840e+01
         vertex 9.664954e+01 4.962535e+01 4.555465e+01
         vertex 9.523980e+01 5.014211e+01 4.684541e+01
      endloop
   endfacet
   facet normal 1.143967e-01 9.590729e-01 -2.590224e-01
      outer loop
         vertex 9.523980e+01 5.014211e+01 4.684541e+01
         vertex 9.664954e+01 4.962535e+01 4.555465e+01
         vertex 9.507193e+01 5.012767e+01 4.671779e+01
      endloop
   endfacet
   facet normal 1.376520e-01 9.475901e-01 -2.883140e-01
      outer loop
         vertex 9.523980e+01 5.014211e+01 4.684541e+01
         vertex 9.507193e+01 5.012767e+01 4.671779e+01
         vertex 9.450162e+01 5.041004e+01 4.737357e+01
      endloop
   endfacet
   facet normal 3.637655e-02 9.289667e-01 -3.683715e-01
      outer loop
         vertex 9.450162e+01 5.041004e+01 4.737357e+01
         vertex 9.507193e+01 5.012767e+01 4.671779e+01
         vertex 9.484637e+01 5.019516e+01 4.686574e+01
      endloop
   endfacet
   facet normal 4.355761e-02 9.303482e-01 -3.640810e-01
      outer loop
         vertex 9.450162e+01 5.041004e+01 4.737357e+01
         vertex 9.484637e+01 5.019516e+01 4.686574e+01
         vertex 9.482016e+01 5.020296e+01 4.688253e+01
      endloop
   endfacet
   facet normal -6.280280e-01 5.391539e-01 -5.611541e-01
      outer loop
         vertex 9.282693e+01 4.842352e+01 4.271852e+01
         vertex 9.218427e+01 4.779369e+01 4.283263e+01
         vertex 9.208533e+01 4.782960e+01 4.297787e+01
      endloop
   endfacet
   facet normal -4.073554e-01 5.819931e-01 -7.038080e-01
      outer loop
         vertex 9.356825e+01 4.921828e+01 4.294840e+01
         vertex 9.370531e+01 4.895142e+01 4.264840e+01
         vertex 9.289648e+01 4.879456e+01 4.298683e+01
      endloop
   endfacet
   facet normal -4.070957e-01 5.841008e-01 -7.022103e-01
      outer loop
         vertex 9.289648e+01 4.879456e+01 4.298683e+01
         vertex 9.370531e+01 4.895142e+01 4.264840e+01
         vertex 9.282693e+01 4.842352e+01 4.271852e+01
      endloop
   endfacet
   facet normal -5.302867e-01 5.598237e-01 -6.367051e-01
      outer loop
         vertex 9.289648e+01 4.879456e+01 4.298683e+01
         vertex 9.282693e+01 4.842352e+01 4.271852e+01
         vertex 9.269215e+01 4.862907e+01 4.301151e+01
      endloop
   endfacet
   facet normal -6.097918e-01 4.890906e-01 -6.236540e-01
      outer loop
         vertex 9.269215e+01 4.862907e+01 4.301151e+01
         vertex 9.282693e+01 4.842352e+01 4.271852e+01
         vertex 9.208533e+01 4.782960e+01 4.297787e+01
      endloop
   endfacet
   facet normal -6.471722e-01 5.148775e-01 -5.622004e-01
      outer loop
         vertex 9.269215e+01 4.862907e+01 4.301151e+01
         vertex 9.208533e+01 4.782960e+01 4.297787e+01
         vertex 9.198710e+01 4.786525e+01 4.312359e+01
      endloop
   endfacet
   facet normal -2.663983e-01 6.565181e-01 -7.057024e-01
      outer loop
         vertex 9.370531e+01 4.895142e+01 4.264840e+01
         vertex 9.356825e+01 4.921828e+01 4.294840e+01
         vertex 9.430941e+01 4.951903e+01 4.294840e+01
      endloop
   endfacet
   facet normal -2.663981e-01 6.565180e-01 -7.057026e-01
      outer loop
         vertex 9.370531e+01 4.895142e+01 4.264840e+01
         vertex 9.430941e+01 4.951903e+01 4.294840e+01
         vertex 9.439706e+01 4.923212e+01 4.264840e+01
      endloop
   endfacet
   facet normal -8.475134e-02 7.076137e-01 -7.014984e-01
      outer loop
         vertex 9.439706e+01 4.923212e+01 4.264840e+01
         vertex 9.430941e+01 4.951903e+01 4.294840e+01
         vertex 9.588533e+01 4.970778e+01 4.294840e+01
      endloop
   endfacet
   facet normal -8.475071e-02 7.076125e-01 -7.014997e-01
      outer loop
         vertex 9.439706e+01 4.923212e+01 4.264840e+01
         vertex 9.588533e+01 4.970778e+01 4.294840e+01
         vertex 9.586792e+01 4.940828e+01 4.264840e+01
      endloop
   endfacet
   facet normal 1.433970e-01 6.962150e-01 -7.033647e-01
      outer loop
         vertex 9.586792e+01 4.940828e+01 4.264840e+01
         vertex 9.588533e+01 4.970778e+01 4.294840e+01
         vertex 9.715945e+01 4.944535e+01 4.294840e+01
      endloop
   endfacet
   facet normal 1.433968e-01 6.962159e-01 -7.033639e-01
      outer loop
         vertex 9.586792e+01 4.940828e+01 4.264840e+01
         vertex 9.715945e+01 4.944535e+01 4.294840e+01
         vertex 9.705709e+01 4.916335e+01 4.264840e+01
      endloop
   endfacet
   facet normal 2.412529e-01 6.646798e-01 -7.071052e-01
      outer loop
         vertex 1.080343e+02 4.517907e+01 4.264840e+01
         vertex 9.705709e+01 4.916335e+01 4.264840e+01
         vertex 1.088571e+02 4.511908e+01 4.287277e+01
      endloop
   endfacet
   facet normal 2.412527e-01 6.646791e-01 -7.071060e-01
      outer loop
         vertex 1.088571e+02 4.511908e+01 4.287277e+01
         vertex 9.705709e+01 4.916335e+01 4.264840e+01
         vertex 9.715945e+01 4.944535e+01 4.294840e+01
      endloop
   endfacet
   facet normal 2.412509e-01 6.646743e-01 -7.071111e-01
      outer loop
         vertex 1.088571e+02 4.511908e+01 4.287277e+01
         vertex 9.715945e+01 4.944535e+01 4.294840e+01
         vertex 1.096552e+02 4.490987e+01 4.294840e+01
      endloop
   endfacet
   facet normal -6.280239e-01 5.391417e-01 5.611704e-01
      outer loop
         vertex 9.208533e+01 4.782960e+01 5.831894e+01
         vertex 9.218427e+01 4.779369e+01 5.846418e+01
         vertex 9.282693e+01 4.842352e+01 5.857829e+01
      endloop
   endfacet
   facet normal -4.063332e-01 5.826092e-01 7.038891e-01
      outer loop
         vertex 9.282693e+01 4.842352e+01 5.857829e+01
         vertex 9.370531e+01 4.895142e+01 5.864840e+01
         vertex 9.356825e+01 4.921828e+01 5.834840e+01
      endloop
   endfacet
   facet normal -6.471718e-01 5.148773e-01 5.622011e-01
      outer loop
         vertex 9.198711e+01 4.786526e+01 5.817322e+01
         vertex 9.208533e+01 4.782960e+01 5.831894e+01
         vertex 9.269215e+01 4.862907e+01 5.828530e+01
      endloop
   endfacet
   facet normal -6.097918e-01 4.890906e-01 6.236540e-01
      outer loop
         vertex 9.269215e+01 4.862907e+01 5.828530e+01
         vertex 9.208533e+01 4.782960e+01 5.831894e+01
         vertex 9.282693e+01 4.842352e+01 5.857829e+01
      endloop
   endfacet
   facet normal -5.302773e-01 5.598314e-01 6.367062e-01
      outer loop
         vertex 9.269215e+01 4.862907e+01 5.828530e+01
         vertex 9.282693e+01 4.842352e+01 5.857829e+01
         vertex 9.289658e+01 4.879463e+01 5.830999e+01
      endloop
   endfacet
   facet normal -4.084118e-01 5.838916e-01 7.016198e-01
      outer loop
         vertex 9.289658e+01 4.879463e+01 5.830999e+01
         vertex 9.282693e+01 4.842352e+01 5.857829e+01
         vertex 9.356825e+01 4.921828e+01 5.834840e+01
      endloop
   endfacet
   facet normal 1.433972e-01 6.962158e-01 7.033639e-01
      outer loop
         vertex 9.705709e+01 4.916335e+01 5.864840e+01
         vertex 9.715945e+01 4.944535e+01 5.834840e+01
         vertex 9.588533e+01 4.970778e+01 5.834840e+01
      endloop
   endfacet
   facet normal 1.433966e-01 6.962151e-01 7.033647e-01
      outer loop
         vertex 9.705709e+01 4.916335e+01 5.864840e+01
         vertex 9.588533e+01 4.970778e+01 5.834840e+01
         vertex 9.586792e+01 4.940828e+01 5.864840e+01
      endloop
   endfacet
   facet normal -8.475119e-02 7.076125e-01 7.014996e-01
      outer loop
         vertex 9.586792e+01 4.940828e+01 5.864840e+01
         vertex 9.588533e+01 4.970778e+01 5.834840e+01
         vertex 9.430941e+01 4.951903e+01 5.834840e+01
      endloop
   endfacet
   facet normal -8.475086e-02 7.076138e-01 7.014984e-01
      outer loop
         vertex 9.586792e+01 4.940828e+01 5.864840e+01
         vertex 9.430941e+01 4.951903e+01 5.834840e+01
         vertex 9.439706e+01 4.923212e+01 5.864840e+01
      endloop
   endfacet
   facet normal -2.663982e-01 6.565180e-01 7.057026e-01
      outer loop
         vertex 9.439706e+01 4.923212e+01 5.864840e+01
         vertex 9.430941e+01 4.951903e+01 5.834840e+01
         vertex 9.356825e+01 4.921828e+01 5.834840e+01
      endloop
   endfacet
   facet normal -2.663981e-01 6.565182e-01 7.057024e-01
      outer loop
         vertex 9.439706e+01 4.923212e+01 5.864840e+01
         vertex 9.356825e+01 4.921828e+01 5.834840e+01
         vertex 9.370531e+01 4.895142e+01 5.864840e+01
      endloop
   endfacet
   facet normal 2.412527e-01 6.646791e-01 7.071060e-01
      outer loop
         vertex 9.705709e+01 4.916335e+01 5.864840e+01
         vertex 1.080343e+02 4.517907e+01 5.864840e+01
         vertex 9.715945e+01 4.944535e+01 5.834840e+01
      endloop
   endfacet
   facet normal 2.412530e-01 6.646797e-01 7.071053e-01
      outer loop
         vertex 9.715945e+01 4.944535e+01 5.834840e+01
         vertex 1.080343e+02 4.517907e+01 5.864840e+01
         vertex 1.088571e+02 4.511908e+01 5.842404e+01
      endloop
   endfacet
   facet normal 2.412509e-01 6.646743e-01 7.071111e-01
      outer loop
         vertex 9.715945e+01 4.944535e+01 5.834840e+01
         vertex 1.088571e+02 4.511908e+01 5.842404e+01
         vertex 1.096552e+02 4.490987e+01 5.834840e+01
      endloop
   endfacet
   facet normal -8.276287e-01 -1.079763e-02 -5.611721e-01
      outer loop
         vertex 9.106178e+01 4.500961e+01 4.297787e+01
         vertex 9.116073e+01 4.497370e+01 4.283263e+01
         vertex 9.124978e+01 4.407829e+01 4.271852e+01
      endloop
   endfacet
   facet normal -6.854308e-01 -1.863394e-01 -7.038908e-01
      outer loop
         vertex 9.124978e+01 4.407829e+01 4.271852e+01
         vertex 9.158505e+01 4.310987e+01 4.264840e+01
         vertex 9.130873e+01 4.299305e+01 4.294840e+01
      endloop
   endfacet
   facet normal -8.267604e-01 2.010037e-02 -5.621950e-01
      outer loop
         vertex 9.096356e+01 4.504526e+01 4.312359e+01
         vertex 9.106178e+01 4.500961e+01 4.297787e+01
         vertex 9.101453e+01 4.400704e+01 4.301151e+01
      endloop
   endfacet
   facet normal -7.815371e-01 1.590682e-02 -6.236559e-01
      outer loop
         vertex 9.101453e+01 4.400704e+01 4.301151e+01
         vertex 9.106178e+01 4.500961e+01 4.297787e+01
         vertex 9.124978e+01 4.407829e+01 4.271852e+01
      endloop
   endfacet
   facet normal -7.659096e-01 -8.936499e-02 -6.367074e-01
      outer loop
         vertex 9.101453e+01 4.400704e+01 4.301151e+01
         vertex 9.124978e+01 4.407829e+01 4.271852e+01
         vertex 9.106517e+01 4.374890e+01 4.298682e+01
      endloop
   endfacet
   facet normal -6.878497e-01 -1.859897e-01 -7.016200e-01
      outer loop
         vertex 9.106517e+01 4.374890e+01 4.298682e+01
         vertex 9.124978e+01 4.407829e+01 4.271852e+01
         vertex 9.130873e+01 4.299305e+01 4.294840e+01
      endloop
   endfacet
   facet normal -3.365539e-01 -6.261098e-01 -7.033619e-01
      outer loop
         vertex 9.402057e+01 4.079738e+01 4.264840e+01
         vertex 9.391822e+01 4.051538e+01 4.294840e+01
         vertex 9.277240e+01 4.113129e+01 4.294840e+01
      endloop
   endfacet
   facet normal -3.365536e-01 -6.261035e-01 -7.033677e-01
      outer loop
         vertex 9.402057e+01 4.079738e+01 4.264840e+01
         vertex 9.277240e+01 4.113129e+01 4.294840e+01
         vertex 9.295115e+01 4.137223e+01 4.264840e+01
      endloop
   endfacet
   facet normal -5.188952e-01 -4.885093e-01 -7.015030e-01
      outer loop
         vertex 9.295115e+01 4.137223e+01 4.264840e+01
         vertex 9.277240e+01 4.113129e+01 4.294840e+01
         vertex 9.168444e+01 4.228693e+01 4.294840e+01
      endloop
   endfacet
   facet normal -5.188953e-01 -4.885096e-01 -7.015027e-01
      outer loop
         vertex 9.295115e+01 4.137223e+01 4.264840e+01
         vertex 9.168444e+01 4.228693e+01 4.294840e+01
         vertex 9.193571e+01 4.245082e+01 4.264840e+01
      endloop
   endfacet
   facet normal -6.254791e-01 -3.327981e-01 -7.057063e-01
      outer loop
         vertex 9.193571e+01 4.245082e+01 4.264840e+01
         vertex 9.168444e+01 4.228693e+01 4.294840e+01
         vertex 9.130873e+01 4.299305e+01 4.294840e+01
      endloop
   endfacet
   facet normal -6.254800e-01 -3.328001e-01 -7.057045e-01
      outer loop
         vertex 9.193571e+01 4.245082e+01 4.264840e+01
         vertex 9.130873e+01 4.299305e+01 4.294840e+01
         vertex 9.158505e+01 4.310987e+01 4.264840e+01
      endloop
   endfacet
   facet normal -2.412533e-01 -6.646809e-01 -7.071041e-01
      outer loop
         vertex 9.402057e+01 4.079738e+01 4.264840e+01
         vertex 1.030068e+02 3.753571e+01 4.264840e+01
         vertex 9.391822e+01 4.051538e+01 4.294840e+01
      endloop
   endfacet
   facet normal -2.412528e-01 -6.646794e-01 -7.071056e-01
      outer loop
         vertex 9.391822e+01 4.051538e+01 4.294840e+01
         vertex 1.030068e+02 3.753571e+01 4.264840e+01
         vertex 1.035290e+02 3.710783e+01 4.287244e+01
      endloop
   endfacet
   facet normal -2.412523e-01 -6.646778e-01 -7.071073e-01
      outer loop
         vertex 9.391822e+01 4.051538e+01 4.294840e+01
         vertex 1.035290e+02 3.710783e+01 4.287244e+01
         vertex 1.041337e+02 3.680756e+01 4.294840e+01
      endloop
   endfacet
   facet normal -8.276358e-01 -1.080202e-02 5.611615e-01
      outer loop
         vertex 9.124978e+01 4.407829e+01 5.857829e+01
         vertex 9.116072e+01 4.497369e+01 5.846418e+01
         vertex 9.106178e+01 4.500961e+01 5.831894e+01
      endloop
   endfacet
   facet normal -6.858203e-01 -1.852095e-01 7.038096e-01
      outer loop
         vertex 9.130873e+01 4.299305e+01 5.834840e+01
         vertex 9.158505e+01 4.310987e+01 5.864840e+01
         vertex 9.106515e+01 4.374902e+01 5.830998e+01
      endloop
   endfacet
   facet normal -6.869747e-01 -1.869956e-01 7.022097e-01
      outer loop
         vertex 9.106515e+01 4.374902e+01 5.830998e+01
         vertex 9.158505e+01 4.310987e+01 5.864840e+01
         vertex 9.124978e+01 4.407829e+01 5.857829e+01
      endloop
   endfacet
   facet normal -7.659114e-01 -8.935549e-02 6.367066e-01
      outer loop
         vertex 9.106515e+01 4.374902e+01 5.830998e+01
         vertex 9.124978e+01 4.407829e+01 5.857829e+01
         vertex 9.101453e+01 4.400704e+01 5.828530e+01
      endloop
   endfacet
   facet normal -7.815371e-01 1.590682e-02 6.236559e-01
      outer loop
         vertex 9.101453e+01 4.400704e+01 5.828530e+01
         vertex 9.124978e+01 4.407829e+01 5.857829e+01
         vertex 9.106178e+01 4.500961e+01 5.831894e+01
      endloop
   endfacet
   facet normal -8.267580e-01 2.010013e-02 5.621985e-01
      outer loop
         vertex 9.101453e+01 4.400704e+01 5.828530e+01
         vertex 9.106178e+01 4.500961e+01 5.831894e+01
         vertex 9.096356e+01 4.504526e+01 5.817322e+01
      endloop
   endfacet
   facet normal -6.254806e-01 -3.327989e-01 7.057046e-01
      outer loop
         vertex 9.158505e+01 4.310987e+01 5.864840e+01
         vertex 9.130873e+01 4.299305e+01 5.834840e+01
         vertex 9.168444e+01 4.228693e+01 5.834840e+01
      endloop
   endfacet
   facet normal -6.254784e-01 -3.327993e-01 7.057064e-01
      outer loop
         vertex 9.158505e+01 4.310987e+01 5.864840e+01
         vertex 9.168444e+01 4.228693e+01 5.834840e+01
         vertex 9.193571e+01 4.245082e+01 5.864840e+01
      endloop
   endfacet
   facet normal -5.188954e-01 -4.885095e-01 7.015027e-01
      outer loop
         vertex 9.193571e+01 4.245082e+01 5.864840e+01
         vertex 9.168444e+01 4.228693e+01 5.834840e+01
         vertex 9.277240e+01 4.113129e+01 5.834840e+01
      endloop
   endfacet
   facet normal -5.188951e-01 -4.885094e-01 7.015030e-01
      outer loop
         vertex 9.193571e+01 4.245082e+01 5.864840e+01
         vertex 9.277240e+01 4.113129e+01 5.834840e+01
         vertex 9.295115e+01 4.137223e+01 5.864840e+01
      endloop
   endfacet
   facet normal -3.365513e-01 -6.261050e-01 7.033675e-01
      outer loop
         vertex 9.295115e+01 4.137223e+01 5.864840e+01
         vertex 9.277240e+01 4.113129e+01 5.834840e+01
         vertex 9.391822e+01 4.051538e+01 5.834840e+01
      endloop
   endfacet
   facet normal -3.365564e-01 -6.261087e-01 7.033617e-01
      outer loop
         vertex 9.295115e+01 4.137223e+01 5.864840e+01
         vertex 9.391822e+01 4.051538e+01 5.834840e+01
         vertex 9.402057e+01 4.079738e+01 5.864840e+01
      endloop
   endfacet
   facet normal -2.412527e-01 -6.646793e-01 7.071058e-01
      outer loop
         vertex 1.030068e+02 3.753571e+01 5.864840e+01
         vertex 9.402057e+01 4.079738e+01 5.864840e+01
         vertex 1.035290e+02 3.710783e+01 5.842437e+01
      endloop
   endfacet
   facet normal -2.412533e-01 -6.646809e-01 7.071041e-01
      outer loop
         vertex 1.035290e+02 3.710783e+01 5.842437e+01
         vertex 9.402057e+01 4.079738e+01 5.864840e+01
         vertex 9.391822e+01 4.051538e+01 5.834840e+01
      endloop
   endfacet
   facet normal -2.412523e-01 -6.646778e-01 7.071073e-01
      outer loop
         vertex 1.035290e+02 3.710783e+01 5.842437e+01
         vertex 9.391822e+01 4.051538e+01 5.834840e+01
         vertex 1.041337e+02 3.680756e+01 5.834840e+01
      endloop
   endfacet
   facet normal -2.062972e-01 7.487786e-02 9.756202e-01
      outer loop
         vertex 8.625430e+01 4.994604e+01 5.314840e+01
         vertex 8.523075e+01 4.712605e+01 5.314840e+01
         vertex 8.746190e+01 4.950773e+01 5.343740e+01
      endloop
   endfacet
   facet normal -2.062972e-01 7.487786e-02 9.756202e-01
      outer loop
         vertex 8.746190e+01 4.950773e+01 5.343740e+01
         vertex 8.523075e+01 4.712605e+01 5.314840e+01
         vertex 8.643835e+01 4.668773e+01 5.343740e+01
      endloop
   endfacet
   facet normal -5.791459e-01 2.102075e-01 7.876566e-01
      outer loop
         vertex 8.746190e+01 4.950773e+01 5.343740e+01
         vertex 8.643835e+01 4.668773e+01 5.343740e+01
         vertex 8.843685e+01 4.915386e+01 5.424869e+01
      endloop
   endfacet
   facet normal -5.791459e-01 2.102075e-01 7.876566e-01
      outer loop
         vertex 8.843685e+01 4.915386e+01 5.424869e+01
         vertex 8.643835e+01 4.668773e+01 5.343740e+01
         vertex 8.741330e+01 4.633387e+01 5.424869e+01
      endloop
   endfacet
   facet normal -2.453756e-01 -5.694410e-02 9.677542e-01
      outer loop
         vertex 8.901605e+01 4.256509e+01 5.323201e+01
         vertex 8.909777e+01 4.259905e+01 5.325473e+01
         vertex 8.880211e+01 4.387310e+01 5.325473e+01
      endloop
   endfacet
   facet normal -4.733880e-01 -1.910186e-01 8.598928e-01
      outer loop
         vertex 8.998211e+01 4.289769e+01 5.369396e+01
         vertex 8.985789e+01 4.220472e+01 5.347163e+01
         vertex 9.074118e+01 4.182378e+01 5.387328e+01
      endloop
   endfacet
   facet normal -5.500102e-01 -7.770342e-01 3.061155e-01
      outer loop
         vertex 9.341156e+01 4.070435e+01 5.574216e+01
         vertex 9.263188e+01 4.110442e+01 5.535679e+01
         vertex 9.187904e+01 4.133089e+01 5.457902e+01
      endloop
   endfacet
   facet normal -8.452291e-01 -5.175716e-01 1.330692e-01
      outer loop
         vertex 9.168444e+01 4.228693e+01 5.614840e+01
         vertex 9.155047e+01 4.250571e+01 5.614840e+01
         vertex 9.145825e+01 4.245279e+01 5.535679e+01
      endloop
   endfacet
   facet normal -9.905190e-01 -3.245810e-02 1.334863e-01
      outer loop
         vertex 9.096354e+01 4.504527e+01 5.614840e+01
         vertex 9.085690e+01 4.504402e+01 5.535679e+01
         vertex 9.088631e+01 4.414642e+01 5.535679e+01
      endloop
   endfacet
   facet normal -7.124622e-01 6.952669e-01 9.487636e-02
      outer loop
         vertex 9.085690e+01 4.504402e+01 5.535679e+01
         vertex 9.096354e+01 4.504527e+01 5.614840e+01
         vertex 9.090575e+01 4.506624e+01 5.556071e+01
      endloop
   endfacet
   facet normal -8.754002e-01 4.651964e-02 4.811553e-01
      outer loop
         vertex 9.073237e+01 4.512917e+01 5.498878e+01
         vertex 9.041550e+01 4.524419e+01 5.440115e+01
         vertex 9.041860e+01 4.507249e+01 5.442339e+01
      endloop
   endfacet
   facet normal -3.540832e-01 2.432789e-02 9.348974e-01
      outer loop
         vertex 8.938801e+01 4.561713e+01 5.348150e+01
         vertex 8.874585e+01 4.585021e+01 5.323222e+01
         vertex 8.875927e+01 4.518030e+01 5.325473e+01
      endloop
   endfacet
   facet normal -4.852794e-01 2.661265e-01 8.328749e-01
      outer loop
         vertex 8.938801e+01 4.561713e+01 5.348150e+01
         vertex 8.875927e+01 4.518030e+01 5.325473e+01
         vertex 8.995360e+01 4.541184e+01 5.387664e+01
      endloop
   endfacet
   facet normal -9.036960e-01 -4.071578e-01 1.324994e-01
      outer loop
         vertex 9.145825e+01 4.245279e+01 5.535679e+01
         vertex 9.155047e+01 4.250571e+01 5.614840e+01
         vertex 9.108934e+01 4.327159e+01 5.535679e+01
      endloop
   endfacet
   facet normal -9.036959e-01 -4.071582e-01 1.324990e-01
      outer loop
         vertex 9.108934e+01 4.327159e+01 5.535679e+01
         vertex 9.155047e+01 4.250571e+01 5.614840e+01
         vertex 9.119008e+01 4.330561e+01 5.614840e+01
      endloop
   endfacet
   facet normal -9.655238e-01 -2.240709e-01 1.324990e-01
      outer loop
         vertex 9.108934e+01 4.327159e+01 5.535679e+01
         vertex 9.119008e+01 4.330561e+01 5.614840e+01
         vertex 9.088631e+01 4.414642e+01 5.535679e+01
      endloop
   endfacet
   facet normal -9.655238e-01 -2.240706e-01 1.324994e-01
      outer loop
         vertex 9.088631e+01 4.414642e+01 5.535679e+01
         vertex 9.119008e+01 4.330561e+01 5.614840e+01
         vertex 9.099174e+01 4.416025e+01 5.614840e+01
      endloop
   endfacet
   facet normal -9.906819e-01 -3.156460e-02 1.324877e-01
      outer loop
         vertex 9.088631e+01 4.414642e+01 5.535679e+01
         vertex 9.099174e+01 4.416025e+01 5.614840e+01
         vertex 9.096354e+01 4.504527e+01 5.614840e+01
      endloop
   endfacet
   facet normal -7.937483e-01 -5.997793e-01 1.011355e-01
      outer loop
         vertex 9.168444e+01 4.228693e+01 5.614840e+01
         vertex 9.145825e+01 4.245279e+01 5.535679e+01
         vertex 9.205923e+01 4.179093e+01 5.614840e+01
      endloop
   endfacet
   facet normal -8.075173e-01 -5.747694e-01 1.324988e-01
      outer loop
         vertex 9.205923e+01 4.179093e+01 5.614840e+01
         vertex 9.145825e+01 4.245279e+01 5.535679e+01
         vertex 9.197903e+01 4.172112e+01 5.535679e+01
      endloop
   endfacet
   facet normal -6.806398e-01 -7.205370e-01 1.324988e-01
      outer loop
         vertex 9.205923e+01 4.179093e+01 5.614840e+01
         vertex 9.197903e+01 4.172112e+01 5.535679e+01
         vertex 9.269701e+01 4.118846e+01 5.614840e+01
      endloop
   endfacet
   facet normal -3.941851e-01 -9.167162e-01 6.518850e-02
      outer loop
         vertex 9.391822e+01 4.051538e+01 5.614840e+01
         vertex 9.343957e+01 4.072120e+01 5.614840e+01
         vertex 9.341156e+01 4.070435e+01 5.574216e+01
      endloop
   endfacet
   facet normal -5.312237e-01 -8.441981e-01 7.163060e-02
      outer loop
         vertex 9.341156e+01 4.070435e+01 5.574216e+01
         vertex 9.343957e+01 4.072120e+01 5.614840e+01
         vertex 9.269701e+01 4.118846e+01 5.614840e+01
      endloop
   endfacet
   facet normal -5.034216e-01 -8.538865e-01 1.320780e-01
      outer loop
         vertex 9.341156e+01 4.070435e+01 5.574216e+01
         vertex 9.269701e+01 4.118846e+01 5.614840e+01
         vertex 9.263188e+01 4.110442e+01 5.535679e+01
      endloop
   endfacet
   facet normal -6.806414e-01 -7.205349e-01 1.325018e-01
      outer loop
         vertex 9.263188e+01 4.110442e+01 5.535679e+01
         vertex 9.269701e+01 4.118846e+01 5.614840e+01
         vertex 9.197903e+01 4.172112e+01 5.535679e+01
      endloop
   endfacet
   facet normal -6.255077e-01 -6.621697e-01 4.126396e-01
      outer loop
         vertex 9.263188e+01 4.110442e+01 5.535679e+01
         vertex 9.197903e+01 4.172112e+01 5.535679e+01
         vertex 9.187904e+01 4.133089e+01 5.457902e+01
      endloop
   endfacet
   facet normal -5.858263e-01 -6.916862e-01 4.223478e-01
      outer loop
         vertex 9.187904e+01 4.133089e+01 5.457902e+01
         vertex 9.197903e+01 4.172112e+01 5.535679e+01
         vertex 9.166270e+01 4.142379e+01 5.443107e+01
      endloop
   endfacet
   facet normal -1.143932e-01 -3.595535e-02 9.927847e-01
      outer loop
         vertex 8.901605e+01 4.256509e+01 5.323201e+01
         vertex 8.880211e+01 4.387310e+01 5.325473e+01
         vertex 8.817971e+01 4.291738e+01 5.314840e+01
      endloop
   endfacet
   facet normal -1.129077e-01 3.111675e-02 9.931181e-01
      outer loop
         vertex 8.874585e+01 4.585021e+01 5.323222e+01
         vertex 8.807569e+01 4.609345e+01 5.314840e+01
         vertex 8.875927e+01 4.518030e+01 5.325473e+01
      endloop
   endfacet
   facet normal -1.323368e-01 1.633368e-02 9.910702e-01
      outer loop
         vertex 8.875927e+01 4.518030e+01 5.325473e+01
         vertex 8.807569e+01 4.609345e+01 5.314840e+01
         vertex 8.796932e+01 4.523162e+01 5.314840e+01
      endloop
   endfacet
   facet normal -1.336753e-01 -4.380609e-03 9.910155e-01
      outer loop
         vertex 8.875927e+01 4.518030e+01 5.325473e+01
         vertex 8.796932e+01 4.523162e+01 5.314840e+01
         vertex 8.880211e+01 4.387310e+01 5.325473e+01
      endloop
   endfacet
   facet normal -1.336753e-01 -4.380614e-03 9.910155e-01
      outer loop
         vertex 8.880211e+01 4.387310e+01 5.325473e+01
         vertex 8.796932e+01 4.523162e+01 5.314840e+01
         vertex 8.801721e+01 4.377017e+01 5.314840e+01
      endloop
   endfacet
   facet normal -1.309839e-01 -2.496025e-02 9.910702e-01
      outer loop
         vertex 8.880211e+01 4.387310e+01 5.325473e+01
         vertex 8.801721e+01 4.377017e+01 5.314840e+01
         vertex 8.817971e+01 4.291738e+01 5.314840e+01
      endloop
   endfacet
   facet normal -2.707585e-01 7.572392e-03 9.626175e-01
      outer loop
         vertex 8.901605e+01 4.256509e+01 5.323201e+01
         vertex 8.985789e+01 4.220472e+01 5.347163e+01
         vertex 8.909777e+01 4.259905e+01 5.325473e+01
      endloop
   endfacet
   facet normal -3.724436e-01 -2.223129e-01 9.010343e-01
      outer loop
         vertex 8.909777e+01 4.259905e+01 5.325473e+01
         vertex 8.985789e+01 4.220472e+01 5.347163e+01
         vertex 8.998211e+01 4.289769e+01 5.369396e+01
      endloop
   endfacet
   facet normal -4.163801e-01 -9.662895e-02 9.040412e-01
      outer loop
         vertex 8.909777e+01 4.259905e+01 5.325473e+01
         vertex 8.998211e+01 4.289769e+01 5.369396e+01
         vertex 8.880211e+01 4.387310e+01 5.325473e+01
      endloop
   endfacet
   facet normal -4.163804e-01 -9.662952e-02 9.040410e-01
      outer loop
         vertex 8.880211e+01 4.387310e+01 5.325473e+01
         vertex 8.998211e+01 4.289769e+01 5.369396e+01
         vertex 8.972758e+01 4.399446e+01 5.369396e+01
      endloop
   endfacet
   facet normal -4.272164e-01 -1.400011e-02 9.040410e-01
      outer loop
         vertex 8.880211e+01 4.387310e+01 5.325473e+01
         vertex 8.972758e+01 4.399446e+01 5.369396e+01
         vertex 8.875927e+01 4.518030e+01 5.325473e+01
      endloop
   endfacet
   facet normal -4.272155e-01 -1.399916e-02 9.040415e-01
      outer loop
         vertex 8.875927e+01 4.518030e+01 5.325473e+01
         vertex 8.972758e+01 4.399446e+01 5.369396e+01
         vertex 8.969070e+01 4.511978e+01 5.369396e+01
      endloop
   endfacet
   facet normal -4.293495e-01 -1.685040e-01 8.872798e-01
      outer loop
         vertex 8.875927e+01 4.518030e+01 5.325473e+01
         vertex 8.969070e+01 4.511978e+01 5.369396e+01
         vertex 8.995360e+01 4.541184e+01 5.387664e+01
      endloop
   endfacet
   facet normal -7.366238e-01 7.377751e-02 6.722665e-01
      outer loop
         vertex 9.041550e+01 4.524419e+01 5.440115e+01
         vertex 8.995360e+01 4.541184e+01 5.387664e+01
         vertex 9.041860e+01 4.507249e+01 5.442339e+01
      endloop
   endfacet
   facet normal -6.899406e-01 1.829983e-01 7.003525e-01
      outer loop
         vertex 9.041860e+01 4.507249e+01 5.442339e+01
         vertex 8.995360e+01 4.541184e+01 5.387664e+01
         vertex 8.969070e+01 4.511978e+01 5.369396e+01
      endloop
   endfacet
   facet normal -7.084132e-01 -2.321441e-02 7.054161e-01
      outer loop
         vertex 9.041860e+01 4.507249e+01 5.442339e+01
         vertex 8.969070e+01 4.511978e+01 5.369396e+01
         vertex 9.045082e+01 4.408931e+01 5.442339e+01
      endloop
   endfacet
   facet normal -7.084126e-01 -2.321354e-02 7.054167e-01
      outer loop
         vertex 9.045082e+01 4.408931e+01 5.442339e+01
         vertex 8.969070e+01 4.511978e+01 5.369396e+01
         vertex 8.972758e+01 4.399446e+01 5.369396e+01
      endloop
   endfacet
   facet normal -6.904440e-01 -1.602320e-01 7.054168e-01
      outer loop
         vertex 9.045082e+01 4.408931e+01 5.442339e+01
         vertex 8.972758e+01 4.399446e+01 5.369396e+01
         vertex 9.067320e+01 4.313107e+01 5.442339e+01
      endloop
   endfacet
   facet normal -6.904437e-01 -1.602315e-01 7.054171e-01
      outer loop
         vertex 9.067320e+01 4.313107e+01 5.442339e+01
         vertex 8.972758e+01 4.399446e+01 5.369396e+01
         vertex 8.998211e+01 4.289769e+01 5.369396e+01
      endloop
   endfacet
   facet normal -6.462307e-01 -2.911571e-01 7.054172e-01
      outer loop
         vertex 9.067320e+01 4.313107e+01 5.442339e+01
         vertex 8.998211e+01 4.289769e+01 5.369396e+01
         vertex 9.107729e+01 4.223418e+01 5.442339e+01
      endloop
   endfacet
   facet normal -6.574099e-01 -3.535639e-01 6.654358e-01
      outer loop
         vertex 9.107729e+01 4.223418e+01 5.442339e+01
         vertex 8.998211e+01 4.289769e+01 5.369396e+01
         vertex 9.074118e+01 4.182378e+01 5.387328e+01
      endloop
   endfacet
   facet normal -5.957993e-01 -4.252780e-01 6.812942e-01
      outer loop
         vertex 9.107729e+01 4.223418e+01 5.442339e+01
         vertex 9.074118e+01 4.182378e+01 5.387328e+01
         vertex 9.163759e+01 4.143462e+01 5.441428e+01
      endloop
   endfacet
   facet normal -9.293410e-01 -2.698248e-01 2.520317e-01
      outer loop
         vertex 9.090575e+01 4.506624e+01 5.556071e+01
         vertex 9.073237e+01 4.512917e+01 5.498878e+01
         vertex 9.085690e+01 4.504402e+01 5.535679e+01
      endloop
   endfacet
   facet normal -7.747370e-01 5.059304e-01 3.792321e-01
      outer loop
         vertex 9.085690e+01 4.504402e+01 5.535679e+01
         vertex 9.073237e+01 4.512917e+01 5.498878e+01
         vertex 9.041860e+01 4.507249e+01 5.442339e+01
      endloop
   endfacet
   facet normal -9.051213e-01 -2.965972e-02 4.241176e-01
      outer loop
         vertex 9.085690e+01 4.504402e+01 5.535679e+01
         vertex 9.041860e+01 4.507249e+01 5.442339e+01
         vertex 9.088631e+01 4.414642e+01 5.535679e+01
      endloop
   endfacet
   facet normal -9.051216e-01 -2.966046e-02 4.241170e-01
      outer loop
         vertex 9.088631e+01 4.414642e+01 5.535679e+01
         vertex 9.041860e+01 4.507249e+01 5.442339e+01
         vertex 9.045082e+01 4.408931e+01 5.442339e+01
      endloop
   endfacet
   facet normal -8.821634e-01 -2.047253e-01 4.241170e-01
      outer loop
         vertex 9.088631e+01 4.414642e+01 5.535679e+01
         vertex 9.045082e+01 4.408931e+01 5.442339e+01
         vertex 9.108934e+01 4.327159e+01 5.535679e+01
      endloop
   endfacet
   facet normal -8.821633e-01 -2.047245e-01 4.241176e-01
      outer loop
         vertex 9.108934e+01 4.327159e+01 5.535679e+01
         vertex 9.045082e+01 4.408931e+01 5.442339e+01
         vertex 9.067320e+01 4.313107e+01 5.442339e+01
      endloop
   endfacet
   facet normal -8.256734e-01 -3.720050e-01 4.241176e-01
      outer loop
         vertex 9.108934e+01 4.327159e+01 5.535679e+01
         vertex 9.067320e+01 4.313107e+01 5.442339e+01
         vertex 9.145825e+01 4.245279e+01 5.535679e+01
      endloop
   endfacet
   facet normal -8.256734e-01 -3.720045e-01 4.241180e-01
      outer loop
         vertex 9.145825e+01 4.245279e+01 5.535679e+01
         vertex 9.067320e+01 4.313107e+01 5.442339e+01
         vertex 9.107729e+01 4.223418e+01 5.442339e+01
      endloop
   endfacet
   facet normal -7.377983e-01 -5.251452e-01 4.241181e-01
      outer loop
         vertex 9.145825e+01 4.245279e+01 5.535679e+01
         vertex 9.107729e+01 4.223418e+01 5.442339e+01
         vertex 9.197903e+01 4.172112e+01 5.535679e+01
      endloop
   endfacet
   facet normal -7.384988e-01 -5.223701e-01 4.263203e-01
      outer loop
         vertex 9.197903e+01 4.172112e+01 5.535679e+01
         vertex 9.107729e+01 4.223418e+01 5.442339e+01
         vertex 9.163759e+01 4.143462e+01 5.441428e+01
      endloop
   endfacet
   facet normal -5.820696e-01 -6.949865e-01 4.221242e-01
      outer loop
         vertex 9.197903e+01 4.172112e+01 5.535679e+01
         vertex 9.163759e+01 4.143462e+01 5.441428e+01
         vertex 9.166270e+01 4.142379e+01 5.443107e+01
      endloop
   endfacet
   facet normal 2.855791e-01 9.561199e-01 6.541651e-02
      outer loop
         vertex 9.666012e+01 4.962172e+01 5.575052e+01
         vertex 9.666022e+01 4.959446e+01 5.614840e+01
         vertex 9.715945e+01 4.944535e+01 5.614840e+01
      endloop
   endfacet
   facet normal -8.999956e-01 1.869539e-01 3.937716e-01
      outer loop
         vertex 9.190608e+01 4.793462e+01 5.535679e+01
         vertex 9.155155e+01 4.819391e+01 5.442339e+01
         vertex 9.167156e+01 4.797978e+01 5.479934e+01
      endloop
   endfacet
   facet normal -6.202241e-01 5.798807e-01 5.282618e-01
      outer loop
         vertex 9.167156e+01 4.797978e+01 5.479934e+01
         vertex 9.155155e+01 4.819391e+01 5.442339e+01
         vertex 9.130126e+01 4.811419e+01 5.421703e+01
      endloop
   endfacet
   facet normal -6.622378e-01 2.751339e-01 6.969522e-01
      outer loop
         vertex 9.130126e+01 4.811419e+01 5.421703e+01
         vertex 9.155155e+01 4.819391e+01 5.442339e+01
         vertex 9.096278e+01 4.862452e+01 5.369396e+01
      endloop
   endfacet
   facet normal -5.785938e-01 3.642432e-01 7.297645e-01
      outer loop
         vertex 9.130126e+01 4.811419e+01 5.421703e+01
         vertex 9.096278e+01 4.862452e+01 5.369396e+01
         vertex 9.080768e+01 4.829334e+01 5.373628e+01
      endloop
   endfacet
   facet normal -4.020484e-01 2.989041e-01 8.654556e-01
      outer loop
         vertex 9.080768e+01 4.829334e+01 5.373628e+01
         vertex 9.096278e+01 4.862452e+01 5.369396e+01
         vertex 9.021534e+01 4.850833e+01 5.338686e+01
      endloop
   endfacet
   facet normal -3.973160e-01 1.748501e-01 9.008704e-01
      outer loop
         vertex 9.021534e+01 4.850833e+01 5.338686e+01
         vertex 9.096278e+01 4.862452e+01 5.369396e+01
         vertex 9.020938e+01 4.917553e+01 5.325473e+01
      endloop
   endfacet
   facet normal -2.400978e-01 1.865113e-01 9.526629e-01
      outer loop
         vertex 9.021534e+01 4.850833e+01 5.338686e+01
         vertex 9.020938e+01 4.917553e+01 5.325473e+01
         vertex 8.965481e+01 4.871179e+01 5.320575e+01
      endloop
   endfacet
   facet normal -1.287313e-01 4.934077e-02 9.904513e-01
      outer loop
         vertex 8.965481e+01 4.871179e+01 5.320575e+01
         vertex 9.020938e+01 4.917553e+01 5.325473e+01
         vertex 8.957042e+01 4.964285e+01 5.314840e+01
      endloop
   endfacet
   facet normal -8.320943e-02 5.375181e-02 9.950814e-01
      outer loop
         vertex 8.965481e+01 4.871179e+01 5.320575e+01
         vertex 8.957042e+01 4.964285e+01 5.314840e+01
         vertex 8.909923e+01 4.891344e+01 5.314840e+01
      endloop
   endfacet
   facet normal -3.090264e-01 6.378790e-01 7.054170e-01
      outer loop
         vertex 9.261165e+01 5.014237e+01 5.369396e+01
         vertex 9.299215e+01 4.952005e+01 5.442339e+01
         vertex 9.387744e+01 4.994893e+01 5.442339e+01
      endloop
   endfacet
   facet normal -1.717617e-01 -2.381893e-02 9.848505e-01
      outer loop
         vertex 9.155977e+01 5.117686e+01 5.316196e+01
         vertex 9.212475e+01 5.093871e+01 5.325473e+01
         vertex 9.241139e+01 5.091839e+01 5.330423e+01
      endloop
   endfacet
   facet normal -1.255646e-01 4.191727e-01 8.991817e-01
      outer loop
         vertex 9.241139e+01 5.091839e+01 5.330423e+01
         vertex 9.212475e+01 5.093871e+01 5.325473e+01
         vertex 9.261165e+01 5.014237e+01 5.369396e+01
      endloop
   endfacet
   facet normal -1.828326e-01 4.031416e-01 8.966878e-01
      outer loop
         vertex 9.241139e+01 5.091839e+01 5.330423e+01
         vertex 9.261165e+01 5.014237e+01 5.369396e+01
         vertex 9.333021e+01 5.064342e+01 5.361520e+01
      endloop
   endfacet
   facet normal -3.324834e-01 5.921906e-01 7.340062e-01
      outer loop
         vertex 9.333021e+01 5.064342e+01 5.361520e+01
         vertex 9.261165e+01 5.014237e+01 5.369396e+01
         vertex 9.387744e+01 4.994893e+01 5.442339e+01
      endloop
   endfacet
   facet normal -1.436797e-01 7.003945e-01 6.991450e-01
      outer loop
         vertex 9.333021e+01 5.064342e+01 5.361520e+01
         vertex 9.387744e+01 4.994893e+01 5.442339e+01
         vertex 9.433677e+01 5.034561e+01 5.412040e+01
      endloop
   endfacet
   facet normal -1.888554e-01 7.247830e-01 6.625882e-01
      outer loop
         vertex 9.433677e+01 5.034561e+01 5.412040e+01
         vertex 9.387744e+01 4.994893e+01 5.442339e+01
         vertex 9.481801e+01 5.020361e+01 5.441290e+01
      endloop
   endfacet
   facet normal -1.885007e-02 9.088670e-01 4.166599e-01
      outer loop
         vertex 9.546992e+01 5.000664e+01 5.485371e+01
         vertex 9.489833e+01 4.976415e+01 5.535679e+01
         vertex 9.579085e+01 4.990690e+01 5.508579e+01
      endloop
   endfacet
   facet normal -5.755999e-02 9.489078e-01 3.102592e-01
      outer loop
         vertex 9.579085e+01 4.990690e+01 5.508579e+01
         vertex 9.489833e+01 4.976415e+01 5.535679e+01
         vertex 9.579476e+01 4.981853e+01 5.535679e+01
      endloop
   endfacet
   facet normal 7.239117e-02 9.485420e-01 3.082653e-01
      outer loop
         vertex 9.579085e+01 4.990690e+01 5.508579e+01
         vertex 9.579476e+01 4.981853e+01 5.535679e+01
         vertex 9.616859e+01 4.978624e+01 5.536837e+01
      endloop
   endfacet
   facet normal 1.339755e-01 9.886703e-01 6.768750e-02
      outer loop
         vertex 9.666022e+01 4.959446e+01 5.614840e+01
         vertex 9.666012e+01 4.962172e+01 5.575052e+01
         vertex 9.579082e+01 4.971228e+01 5.614840e+01
      endloop
   endfacet
   facet normal 1.832269e-01 9.663833e-01 1.803641e-01
      outer loop
         vertex 9.666012e+01 4.962172e+01 5.575052e+01
         vertex 9.616859e+01 4.978624e+01 5.536837e+01
         vertex 9.579082e+01 4.971228e+01 5.614840e+01
      endloop
   endfacet
   facet normal 8.121192e-02 9.877847e-01 1.329884e-01
      outer loop
         vertex 9.579082e+01 4.971228e+01 5.614840e+01
         vertex 9.616859e+01 4.978624e+01 5.536837e+01
         vertex 9.579476e+01 4.981853e+01 5.535679e+01
      endloop
   endfacet
   facet normal -6.001564e-02 9.893647e-01 1.324979e-01
      outer loop
         vertex 9.579082e+01 4.971228e+01 5.614840e+01
         vertex 9.579476e+01 4.981853e+01 5.535679e+01
         vertex 9.491509e+01 4.965915e+01 5.614840e+01
      endloop
   endfacet
   facet normal -6.001406e-02 9.893645e-01 1.324996e-01
      outer loop
         vertex 9.491509e+01 4.965915e+01 5.614840e+01
         vertex 9.579476e+01 4.981853e+01 5.535679e+01
         vertex 9.489833e+01 4.976415e+01 5.535679e+01
      endloop
   endfacet
   facet normal -2.234030e-01 9.656359e-01 1.328099e-01
      outer loop
         vertex 9.491509e+01 4.965915e+01 5.614840e+01
         vertex 9.489833e+01 4.976415e+01 5.535679e+01
         vertex 9.430941e+01 4.951903e+01 5.614840e+01
      endloop
   endfacet
   facet normal -2.515266e-01 9.615092e-01 1.106096e-01
      outer loop
         vertex 9.430941e+01 4.951903e+01 5.614840e+01
         vertex 9.489833e+01 4.976415e+01 5.535679e+01
         vertex 9.402949e+01 4.953687e+01 5.535679e+01
      endloop
   endfacet
   facet normal -3.164615e-01 9.392257e-01 1.330684e-01
      outer loop
         vertex 9.430941e+01 4.951903e+01 5.614840e+01
         vertex 9.402949e+01 4.953687e+01 5.535679e+01
         vertex 9.406630e+01 4.943712e+01 5.614840e+01
      endloop
   endfacet
   facet normal -5.740473e-01 7.606487e-01 3.031226e-01
      outer loop
         vertex 9.167156e+01 4.797978e+01 5.479934e+01
         vertex 9.190821e+01 4.789389e+01 5.546304e+01
         vertex 9.190608e+01 4.793462e+01 5.535679e+01
      endloop
   endfacet
   facet normal -9.563107e-01 2.660565e-01 1.211767e-01
      outer loop
         vertex 9.190608e+01 4.793462e+01 5.535679e+01
         vertex 9.190821e+01 4.789389e+01 5.546304e+01
         vertex 9.198709e+01 4.786526e+01 5.614840e+01
      endloop
   endfacet
   facet normal -7.396943e-01 6.595702e-01 1.334894e-01
      outer loop
         vertex 9.190608e+01 4.793462e+01 5.535679e+01
         vertex 9.198709e+01 4.786526e+01 5.614840e+01
         vertex 9.257639e+01 4.852615e+01 5.614840e+01
      endloop
   endfacet
   facet normal -3.948357e-01 8.150029e-01 4.241168e-01
      outer loop
         vertex 9.299215e+01 4.952005e+01 5.442339e+01
         vertex 9.322127e+01 4.914532e+01 5.535679e+01
         vertex 9.387744e+01 4.994893e+01 5.442339e+01
      endloop
   endfacet
   facet normal -3.948357e-01 8.150029e-01 4.241168e-01
      outer loop
         vertex 9.387744e+01 4.994893e+01 5.442339e+01
         vertex 9.322127e+01 4.914532e+01 5.535679e+01
         vertex 9.402949e+01 4.953687e+01 5.535679e+01
      endloop
   endfacet
   facet normal -2.322589e-01 8.752604e-01 4.242345e-01
      outer loop
         vertex 9.387744e+01 4.994893e+01 5.442339e+01
         vertex 9.402949e+01 4.953687e+01 5.535679e+01
         vertex 9.481801e+01 5.020361e+01 5.441290e+01
      endloop
   endfacet
   facet normal -2.288701e-01 8.749004e-01 4.268112e-01
      outer loop
         vertex 9.481801e+01 5.020361e+01 5.441290e+01
         vertex 9.402949e+01 4.953687e+01 5.535679e+01
         vertex 9.489833e+01 4.976415e+01 5.535679e+01
      endloop
   endfacet
   facet normal -7.638066e-04 9.065362e-01 4.221274e-01
      outer loop
         vertex 9.481801e+01 5.020361e+01 5.441290e+01
         vertex 9.489833e+01 4.976415e+01 5.535679e+01
         vertex 9.484994e+01 5.019411e+01 5.443336e+01
      endloop
   endfacet
   facet normal -1.250322e-02 9.062300e-01 4.226001e-01
      outer loop
         vertex 9.484994e+01 5.019411e+01 5.443336e+01
         vertex 9.489833e+01 4.976415e+01 5.535679e+01
         vertex 9.546992e+01 5.000664e+01 5.485371e+01
      endloop
   endfacet
   facet normal -2.859043e-02 3.491433e-02 9.989813e-01
      outer loop
         vertex 9.121624e+01 5.128336e+01 5.314840e+01
         vertex 9.054457e+01 5.073335e+01 5.314840e+01
         vertex 9.155977e+01 5.117686e+01 5.316196e+01
      endloop
   endfacet
   facet normal -6.577590e-02 1.202886e-01 9.905575e-01
      outer loop
         vertex 9.155977e+01 5.117686e+01 5.316196e+01
         vertex 9.054457e+01 5.073335e+01 5.314840e+01
         vertex 9.108071e+01 5.015093e+01 5.325473e+01
      endloop
   endfacet
   facet normal -1.037790e-01 1.375356e-01 9.850451e-01
      outer loop
         vertex 9.155977e+01 5.117686e+01 5.316196e+01
         vertex 9.108071e+01 5.015093e+01 5.325473e+01
         vertex 9.212475e+01 5.093871e+01 5.325473e+01
      endloop
   endfacet
   facet normal -2.574621e-01 3.412079e-01 9.040412e-01
      outer loop
         vertex 9.212475e+01 5.093871e+01 5.325473e+01
         vertex 9.108071e+01 5.015093e+01 5.325473e+01
         vertex 9.171288e+01 4.946420e+01 5.369396e+01
      endloop
   endfacet
   facet normal -2.574621e-01 3.412079e-01 9.040412e-01
      outer loop
         vertex 9.212475e+01 5.093871e+01 5.325473e+01
         vertex 9.171288e+01 4.946420e+01 5.369396e+01
         vertex 9.261165e+01 5.014237e+01 5.369396e+01
      endloop
   endfacet
   facet normal -4.269254e-01 5.657933e-01 7.054167e-01
      outer loop
         vertex 9.261165e+01 5.014237e+01 5.369396e+01
         vertex 9.171288e+01 4.946420e+01 5.369396e+01
         vertex 9.220691e+01 4.892753e+01 5.442339e+01
      endloop
   endfacet
   facet normal -4.269251e-01 5.657933e-01 7.054169e-01
      outer loop
         vertex 9.261165e+01 5.014237e+01 5.369396e+01
         vertex 9.220691e+01 4.892753e+01 5.442339e+01
         vertex 9.299215e+01 4.952005e+01 5.442339e+01
      endloop
   endfacet
   facet normal -5.454719e-01 7.229005e-01 4.241171e-01
      outer loop
         vertex 9.299215e+01 4.952005e+01 5.442339e+01
         vertex 9.220691e+01 4.892753e+01 5.442339e+01
         vertex 9.250438e+01 4.860438e+01 5.535679e+01
      endloop
   endfacet
   facet normal -5.454723e-01 7.229003e-01 4.241168e-01
      outer loop
         vertex 9.299215e+01 4.952005e+01 5.442339e+01
         vertex 9.250438e+01 4.860438e+01 5.535679e+01
         vertex 9.322127e+01 4.914532e+01 5.535679e+01
      endloop
   endfacet
   facet normal -4.321457e-01 8.920169e-01 1.324986e-01
      outer loop
         vertex 9.406630e+01 4.943712e+01 5.614840e+01
         vertex 9.402949e+01 4.953687e+01 5.535679e+01
         vertex 9.327673e+01 4.905460e+01 5.614840e+01
      endloop
   endfacet
   facet normal -4.321459e-01 8.920169e-01 1.324984e-01
      outer loop
         vertex 9.327673e+01 4.905460e+01 5.614840e+01
         vertex 9.402949e+01 4.953687e+01 5.535679e+01
         vertex 9.322127e+01 4.914532e+01 5.535679e+01
      endloop
   endfacet
   facet normal -5.970165e-01 7.912114e-01 1.324986e-01
      outer loop
         vertex 9.327673e+01 4.905460e+01 5.614840e+01
         vertex 9.322127e+01 4.914532e+01 5.535679e+01
         vertex 9.257639e+01 4.852615e+01 5.614840e+01
      endloop
   endfacet
   facet normal -5.970169e-01 7.912111e-01 1.324981e-01
      outer loop
         vertex 9.257639e+01 4.852615e+01 5.614840e+01
         vertex 9.322127e+01 4.914532e+01 5.535679e+01
         vertex 9.250438e+01 4.860438e+01 5.535679e+01
      endloop
   endfacet
   facet normal -7.391944e-01 6.603301e-01 1.324983e-01
      outer loop
         vertex 9.257639e+01 4.852615e+01 5.614840e+01
         vertex 9.250438e+01 4.860438e+01 5.535679e+01
         vertex 9.190608e+01 4.793462e+01 5.535679e+01
      endloop
   endfacet
   facet normal -6.753745e-01 6.033192e-01 4.241170e-01
      outer loop
         vertex 9.190608e+01 4.793462e+01 5.535679e+01
         vertex 9.250438e+01 4.860438e+01 5.535679e+01
         vertex 9.220691e+01 4.892753e+01 5.442339e+01
      endloop
   endfacet
   facet normal -6.753747e-01 6.033191e-01 4.241168e-01
      outer loop
         vertex 9.190608e+01 4.793462e+01 5.535679e+01
         vertex 9.220691e+01 4.892753e+01 5.442339e+01
         vertex 9.155155e+01 4.819391e+01 5.442339e+01
      endloop
   endfacet
   facet normal -5.285963e-01 4.722004e-01 7.054167e-01
      outer loop
         vertex 9.155155e+01 4.819391e+01 5.442339e+01
         vertex 9.220691e+01 4.892753e+01 5.442339e+01
         vertex 9.171288e+01 4.946420e+01 5.369396e+01
      endloop
   endfacet
   facet normal -5.285961e-01 4.722004e-01 7.054168e-01
      outer loop
         vertex 9.155155e+01 4.819391e+01 5.442339e+01
         vertex 9.171288e+01 4.946420e+01 5.369396e+01
         vertex 9.096278e+01 4.862452e+01 5.369396e+01
      endloop
   endfacet
   facet normal -3.187759e-01 2.847658e-01 9.040411e-01
      outer loop
         vertex 9.096278e+01 4.862452e+01 5.369396e+01
         vertex 9.171288e+01 4.946420e+01 5.369396e+01
         vertex 9.108071e+01 5.015093e+01 5.325473e+01
      endloop
   endfacet
   facet normal -3.187758e-01 2.847658e-01 9.040412e-01
      outer loop
         vertex 9.096278e+01 4.862452e+01 5.369396e+01
         vertex 9.108071e+01 5.015093e+01 5.325473e+01
         vertex 9.020938e+01 4.917553e+01 5.325473e+01
      endloop
   endfacet
   facet normal -9.974439e-02 8.910273e-02 9.910155e-01
      outer loop
         vertex 9.020938e+01 4.917553e+01 5.325473e+01
         vertex 9.108071e+01 5.015093e+01 5.325473e+01
         vertex 9.054457e+01 5.073335e+01 5.314840e+01
      endloop
   endfacet
   facet normal -9.974448e-02 8.910275e-02 9.910155e-01
      outer loop
         vertex 9.020938e+01 4.917553e+01 5.325473e+01
         vertex 9.054457e+01 5.073335e+01 5.314840e+01
         vertex 8.957042e+01 4.964285e+01 5.314840e+01
      endloop
   endfacet
   facet normal -1.517190e-01 2.010693e-01 -9.677564e-01
      outer loop
         vertex 9.208383e+01 5.101720e+01 4.806480e+01
         vertex 9.212475e+01 5.093871e+01 4.804208e+01
         vertex 9.108071e+01 5.015093e+01 4.804208e+01
      endloop
   endfacet
   facet normal -2.406560e-01 4.501887e-01 -8.598923e-01
      outer loop
         vertex 9.261165e+01 5.014237e+01 4.760285e+01
         vertex 9.296083e+01 5.075368e+01 4.782517e+01
         vertex 9.388283e+01 5.047938e+01 4.742353e+01
      endloop
   endfacet
   facet normal 7.643845e-02 9.489189e-01 -3.061212e-01
      outer loop
         vertex 9.664954e+01 4.962535e+01 4.555465e+01
         vertex 9.579476e+01 4.981853e+01 4.594002e+01
         vertex 9.507193e+01 5.012767e+01 4.671779e+01
      endloop
   endfacet
   facet normal -6.001562e-02 9.893644e-01 -1.324997e-01
      outer loop
         vertex 9.579082e+01 4.971228e+01 4.514840e+01
         vertex 9.491509e+01 4.965915e+01 4.514840e+01
         vertex 9.489833e+01 4.976415e+01 4.594002e+01
      endloop
   endfacet
   facet normal -7.390954e-01 6.602417e-01 -1.334870e-01
      outer loop
         vertex 9.198709e+01 4.786526e+01 4.514840e+01
         vertex 9.190608e+01 4.793462e+01 4.594002e+01
         vertex 9.250438e+01 4.860438e+01 4.594002e+01
      endloop
   endfacet
   facet normal -9.925514e-01 -7.642081e-02 -9.487709e-02
      outer loop
         vertex 9.190608e+01 4.793462e+01 4.594002e+01
         vertex 9.198709e+01 4.786526e+01 4.514840e+01
         vertex 9.192930e+01 4.788624e+01 4.573610e+01
      endloop
   endfacet
   facet normal -2.872537e-01 2.084529e-01 -9.348971e-01
      outer loop
         vertex 9.041156e+01 4.843711e+01 4.781531e+01
         vertex 8.976939e+01 4.867020e+01 4.806459e+01
         vertex 9.020938e+01 4.917553e+01 4.804208e+01
      endloop
   endfacet
   facet normal -5.430000e-01 1.071003e-01 -8.328749e-01
      outer loop
         vertex 9.041156e+01 4.843711e+01 4.781531e+01
         vertex 9.020938e+01 4.917553e+01 4.804208e+01
         vertex 9.097715e+01 4.823183e+01 4.742017e+01
      endloop
   endfacet
   facet normal -2.508481e-01 9.589156e-01 -1.324994e-01
      outer loop
         vertex 9.489833e+01 4.976415e+01 4.594002e+01
         vertex 9.491509e+01 4.965915e+01 4.514840e+01
         vertex 9.402949e+01 4.953687e+01 4.594002e+01
      endloop
   endfacet
   facet normal -2.242439e-01 9.692708e-01 -1.011373e-01
      outer loop
         vertex 9.491509e+01 4.965915e+01 4.514840e+01
         vertex 9.430941e+01 4.951903e+01 4.514840e+01
         vertex 9.402949e+01 4.953687e+01 4.594002e+01
      endloop
   endfacet
   facet normal -3.164615e-01 9.392257e-01 -1.330684e-01
      outer loop
         vertex 9.402949e+01 4.953687e+01 4.594002e+01
         vertex 9.430941e+01 4.951903e+01 4.514840e+01
         vertex 9.406630e+01 4.943712e+01 4.514840e+01
      endloop
   endfacet
   facet normal -4.321459e-01 8.920169e-01 -1.324986e-01
      outer loop
         vertex 9.402949e+01 4.953687e+01 4.594002e+01
         vertex 9.406630e+01 4.943712e+01 4.514840e+01
         vertex 9.322127e+01 4.914532e+01 4.594002e+01
      endloop
   endfacet
   facet normal -4.321457e-01 8.920170e-01 -1.324984e-01
      outer loop
         vertex 9.322127e+01 4.914532e+01 4.594002e+01
         vertex 9.406630e+01 4.943712e+01 4.514840e+01
         vertex 9.327673e+01 4.905460e+01 4.514840e+01
      endloop
   endfacet
   facet normal -5.970169e-01 7.912111e-01 -1.324986e-01
      outer loop
         vertex 9.322127e+01 4.914532e+01 4.594002e+01
         vertex 9.327673e+01 4.905460e+01 4.514840e+01
         vertex 9.250438e+01 4.860438e+01 4.594002e+01
      endloop
   endfacet
   facet normal -5.970165e-01 7.912114e-01 -1.324980e-01
      outer loop
         vertex 9.250438e+01 4.860438e+01 4.594002e+01
         vertex 9.327673e+01 4.905460e+01 4.514840e+01
         vertex 9.257639e+01 4.852615e+01 4.514840e+01
      endloop
   endfacet
   facet normal -7.397947e-01 6.596598e-01 -1.324866e-01
      outer loop
         vertex 9.250438e+01 4.860438e+01 4.594002e+01
         vertex 9.257639e+01 4.852615e+01 4.514840e+01
         vertex 9.198709e+01 4.786526e+01 4.514840e+01
      endloop
   endfacet
   facet normal 2.855833e-01 9.561341e-01 -6.519006e-02
      outer loop
         vertex 9.715945e+01 4.944535e+01 4.514840e+01
         vertex 9.666022e+01 4.959446e+01 4.514840e+01
         vertex 9.664954e+01 4.962535e+01 4.555465e+01
      endloop
   endfacet
   facet normal 1.339385e-01 9.883974e-01 -7.163175e-02
      outer loop
         vertex 9.664954e+01 4.962535e+01 4.555465e+01
         vertex 9.666022e+01 4.959446e+01 4.514840e+01
         vertex 9.579082e+01 4.971228e+01 4.514840e+01
      endloop
   endfacet
   facet normal 1.614799e-01 9.779983e-01 -1.320741e-01
      outer loop
         vertex 9.664954e+01 4.962535e+01 4.555465e+01
         vertex 9.579082e+01 4.971228e+01 4.514840e+01
         vertex 9.579476e+01 4.981853e+01 4.594002e+01
      endloop
   endfacet
   facet normal -6.001408e-02 9.893647e-01 -1.324979e-01
      outer loop
         vertex 9.579476e+01 4.981853e+01 4.594002e+01
         vertex 9.579082e+01 4.971228e+01 4.514840e+01
         vertex 9.489833e+01 4.976415e+01 4.594002e+01
      endloop
   endfacet
   facet normal -5.515274e-02 9.092230e-01 -4.126399e-01
      outer loop
         vertex 9.579476e+01 4.981853e+01 4.594002e+01
         vertex 9.489833e+01 4.976415e+01 4.594002e+01
         vertex 9.507193e+01 5.012767e+01 4.671779e+01
      endloop
   endfacet
   facet normal -5.775421e-03 9.064152e-01 -4.223484e-01
      outer loop
         vertex 9.507193e+01 5.012767e+01 4.671779e+01
         vertex 9.489833e+01 4.976415e+01 4.594002e+01
         vertex 9.484637e+01 5.019516e+01 4.686574e+01
      endloop
   endfacet
   facet normal -6.469902e-02 1.009588e-01 -9.927846e-01
      outer loop
         vertex 9.208383e+01 5.101720e+01 4.806480e+01
         vertex 9.108071e+01 5.015093e+01 4.804208e+01
         vertex 9.121624e+01 5.128336e+01 4.814840e+01
      endloop
   endfacet
   facet normal -1.065805e-01 4.854892e-02 -9.931181e-01
      outer loop
         vertex 8.976939e+01 4.867020e+01 4.806459e+01
         vertex 8.909923e+01 4.891344e+01 4.814840e+01
         vertex 9.020938e+01 4.917553e+01 4.804208e+01
      endloop
   endfacet
   facet normal -1.120041e-01 7.235265e-02 -9.910702e-01
      outer loop
         vertex 9.020938e+01 4.917553e+01 4.804208e+01
         vertex 8.909923e+01 4.891344e+01 4.814840e+01
         vertex 8.957042e+01 4.964285e+01 4.814840e+01
      endloop
   endfacet
   facet normal -9.974445e-02 8.910279e-02 -9.910155e-01
      outer loop
         vertex 9.020938e+01 4.917553e+01 4.804208e+01
         vertex 8.957042e+01 4.964285e+01 4.814840e+01
         vertex 9.108071e+01 5.015093e+01 4.804208e+01
      endloop
   endfacet
   facet normal -9.974442e-02 8.910270e-02 -9.910155e-01
      outer loop
         vertex 9.108071e+01 5.015093e+01 4.804208e+01
         vertex 8.957042e+01 4.964285e+01 4.814840e+01
         vertex 9.054457e+01 5.073335e+01 4.814840e+01
      endloop
   endfacet
   facet normal -8.447916e-02 1.031651e-01 -9.910703e-01
      outer loop
         vertex 9.108071e+01 5.015093e+01 4.804208e+01
         vertex 9.054457e+01 5.073335e+01 4.814840e+01
         vertex 9.121624e+01 5.128336e+01 4.814840e+01
      endloop
   endfacet
   facet normal -5.399105e-01 8.031035e-01 -2.520347e-01
      outer loop
         vertex 9.192930e+01 4.788624e+01 4.573610e+01
         vertex 9.175592e+01 4.794916e+01 4.630803e+01
         vertex 9.190608e+01 4.793462e+01 4.594002e+01
      endloop
   endfacet
   facet normal -9.188820e-01 1.087985e-01 -3.792345e-01
      outer loop
         vertex 9.190608e+01 4.793462e+01 4.594002e+01
         vertex 9.175592e+01 4.794916e+01 4.630803e+01
         vertex 9.155155e+01 4.819391e+01 4.687342e+01
      endloop
   endfacet
   facet normal -6.753746e-01 6.033192e-01 -4.241168e-01
      outer loop
         vertex 9.190608e+01 4.793462e+01 4.594002e+01
         vertex 9.155155e+01 4.819391e+01 4.687342e+01
         vertex 9.250438e+01 4.860438e+01 4.594002e+01
      endloop
   endfacet
   facet normal -6.753747e-01 6.033190e-01 -4.241170e-01
      outer loop
         vertex 9.250438e+01 4.860438e+01 4.594002e+01
         vertex 9.155155e+01 4.819391e+01 4.687342e+01
         vertex 9.220691e+01 4.892753e+01 4.687342e+01
      endloop
   endfacet
   facet normal -5.454722e-01 7.229002e-01 -4.241171e-01
      outer loop
         vertex 9.250438e+01 4.860438e+01 4.594002e+01
         vertex 9.220691e+01 4.892753e+01 4.687342e+01
         vertex 9.322127e+01 4.914532e+01 4.594002e+01
      endloop
   endfacet
   facet normal -5.454720e-01 7.229006e-01 -4.241168e-01
      outer loop
         vertex 9.322127e+01 4.914532e+01 4.594002e+01
         vertex 9.220691e+01 4.892753e+01 4.687342e+01
         vertex 9.299215e+01 4.952005e+01 4.687342e+01
      endloop
   endfacet
   facet normal -3.948357e-01 8.150029e-01 -4.241168e-01
      outer loop
         vertex 9.322127e+01 4.914532e+01 4.594002e+01
         vertex 9.299215e+01 4.952005e+01 4.687342e+01
         vertex 9.402949e+01 4.953687e+01 4.594002e+01
      endloop
   endfacet
   facet normal -3.948357e-01 8.150029e-01 -4.241168e-01
      outer loop
         vertex 9.402949e+01 4.953687e+01 4.594002e+01
         vertex 9.299215e+01 4.952005e+01 4.687342e+01
         vertex 9.387744e+01 4.994893e+01 4.687342e+01
      endloop
   endfacet
   facet normal -2.291907e-01 8.761259e-01 -4.241168e-01
      outer loop
         vertex 9.402949e+01 4.953687e+01 4.594002e+01
         vertex 9.387744e+01 4.994893e+01 4.687342e+01
         vertex 9.489833e+01 4.976415e+01 4.594002e+01
      endloop
   endfacet
   facet normal -2.315118e-01 8.744435e-01 -4.263225e-01
      outer loop
         vertex 9.489833e+01 4.976415e+01 4.594002e+01
         vertex 9.387744e+01 4.994893e+01 4.687342e+01
         vertex 9.482016e+01 5.020296e+01 4.688253e+01
      endloop
   endfacet
   facet normal -7.181221e-04 9.065387e-01 -4.221220e-01
      outer loop
         vertex 9.489833e+01 4.976415e+01 4.594002e+01
         vertex 9.482016e+01 5.020296e+01 4.688253e+01
         vertex 9.484637e+01 5.019516e+01 4.686574e+01
      endloop
   endfacet
   facet normal -5.285962e-01 4.722003e-01 -7.054168e-01
      outer loop
         vertex 9.155155e+01 4.819391e+01 4.687342e+01
         vertex 9.096278e+01 4.862452e+01 4.760285e+01
         vertex 9.220691e+01 4.892753e+01 4.687342e+01
      endloop
   endfacet
   facet normal -5.285962e-01 4.722005e-01 -7.054167e-01
      outer loop
         vertex 9.220691e+01 4.892753e+01 4.687342e+01
         vertex 9.096278e+01 4.862452e+01 4.760285e+01
         vertex 9.171288e+01 4.946420e+01 4.760285e+01
      endloop
   endfacet
   facet normal -4.269252e-01 5.657934e-01 -7.054167e-01
      outer loop
         vertex 9.220691e+01 4.892753e+01 4.687342e+01
         vertex 9.171288e+01 4.946420e+01 4.760285e+01
         vertex 9.299215e+01 4.952005e+01 4.687342e+01
      endloop
   endfacet
   facet normal -4.269253e-01 5.657931e-01 -7.054169e-01
      outer loop
         vertex 9.299215e+01 4.952005e+01 4.687342e+01
         vertex 9.171288e+01 4.946420e+01 4.760285e+01
         vertex 9.261165e+01 5.014237e+01 4.760285e+01
      endloop
   endfacet
   facet normal -3.090264e-01 6.378790e-01 -7.054170e-01
      outer loop
         vertex 9.299215e+01 4.952005e+01 4.687342e+01
         vertex 9.261165e+01 5.014237e+01 4.760285e+01
         vertex 9.387744e+01 4.994893e+01 4.687342e+01
      endloop
   endfacet
   facet normal -2.775760e-01 6.929241e-01 -6.654380e-01
      outer loop
         vertex 9.387744e+01 4.994893e+01 4.687342e+01
         vertex 9.261165e+01 5.014237e+01 4.760285e+01
         vertex 9.388283e+01 5.047938e+01 4.742353e+01
      endloop
   endfacet
   facet normal -1.843104e-01 7.084241e-01 -6.812965e-01
      outer loop
         vertex 9.387744e+01 4.994893e+01 4.687342e+01
         vertex 9.388283e+01 5.047938e+01 4.742353e+01
         vertex 9.482016e+01 5.020296e+01 4.688253e+01
      endloop
   endfacet
   facet normal -7.014363e-01 5.258125e-01 -4.811531e-01
      outer loop
         vertex 9.175592e+01 4.794916e+01 4.630803e+01
         vertex 9.143905e+01 4.806418e+01 4.689566e+01
         vertex 9.155155e+01 4.819391e+01 4.687342e+01
      endloop
   endfacet
   facet normal -6.124511e-01 4.158840e-01 -6.722679e-01
      outer loop
         vertex 9.155155e+01 4.819391e+01 4.687342e+01
         vertex 9.143905e+01 4.806418e+01 4.689566e+01
         vertex 9.097715e+01 4.823183e+01 4.742017e+01
      endloop
   endfacet
   facet normal -6.466922e-01 3.021503e-01 -7.003531e-01
      outer loop
         vertex 9.155155e+01 4.819391e+01 4.687342e+01
         vertex 9.097715e+01 4.823183e+01 4.742017e+01
         vertex 9.096278e+01 4.862452e+01 4.760285e+01
      endloop
   endfacet
   facet normal -2.213113e-01 4.046682e-01 -8.872795e-01
      outer loop
         vertex 9.096278e+01 4.862452e+01 4.760285e+01
         vertex 9.097715e+01 4.823183e+01 4.742017e+01
         vertex 9.020938e+01 4.917553e+01 4.804208e+01
      endloop
   endfacet
   facet normal -3.187758e-01 2.847658e-01 -9.040412e-01
      outer loop
         vertex 9.096278e+01 4.862452e+01 4.760285e+01
         vertex 9.020938e+01 4.917553e+01 4.804208e+01
         vertex 9.171288e+01 4.946420e+01 4.760285e+01
      endloop
   endfacet
   facet normal -3.187758e-01 2.847659e-01 -9.040411e-01
      outer loop
         vertex 9.171288e+01 4.946420e+01 4.760285e+01
         vertex 9.020938e+01 4.917553e+01 4.804208e+01
         vertex 9.108071e+01 5.015093e+01 4.804208e+01
      endloop
   endfacet
   facet normal -2.574621e-01 3.412079e-01 -9.040412e-01
      outer loop
         vertex 9.171288e+01 4.946420e+01 4.760285e+01
         vertex 9.108071e+01 5.015093e+01 4.804208e+01
         vertex 9.261165e+01 5.014237e+01 4.760285e+01
      endloop
   endfacet
   facet normal -2.574621e-01 3.412078e-01 -9.040412e-01
      outer loop
         vertex 9.261165e+01 5.014237e+01 4.760285e+01
         vertex 9.108071e+01 5.015093e+01 4.804208e+01
         vertex 9.212475e+01 5.093871e+01 4.804208e+01
      endloop
   endfacet
   facet normal -1.431388e-01 4.094491e-01 -9.010342e-01
      outer loop
         vertex 9.261165e+01 5.014237e+01 4.760285e+01
         vertex 9.212475e+01 5.093871e+01 4.804208e+01
         vertex 9.296083e+01 5.075368e+01 4.782517e+01
      endloop
   endfacet
   facet normal -2.125824e-01 1.678518e-01 -9.626186e-01
      outer loop
         vertex 9.296083e+01 5.075368e+01 4.782517e+01
         vertex 9.212475e+01 5.093871e+01 4.804208e+01
         vertex 9.208383e+01 5.101720e+01 4.806480e+01
      endloop
   endfacet
   facet normal -5.791459e-01 2.102075e-01 -7.876566e-01
      outer loop
         vertex 8.843685e+01 4.915386e+01 4.704812e+01
         vertex 8.741330e+01 4.633387e+01 4.704812e+01
         vertex 8.746190e+01 4.950773e+01 4.785941e+01
      endloop
   endfacet
   facet normal -5.791459e-01 2.102075e-01 -7.876566e-01
      outer loop
         vertex 8.746190e+01 4.950773e+01 4.785941e+01
         vertex 8.741330e+01 4.633387e+01 4.704812e+01
         vertex 8.643835e+01 4.668773e+01 4.785941e+01
      endloop
   endfacet
   facet normal -2.062972e-01 7.487786e-02 -9.756202e-01
      outer loop
         vertex 8.746190e+01 4.950773e+01 4.785941e+01
         vertex 8.643835e+01 4.668773e+01 4.785941e+01
         vertex 8.625430e+01 4.994604e+01 4.814840e+01
      endloop
   endfacet
   facet normal -2.062972e-01 7.487786e-02 -9.756202e-01
      outer loop
         vertex 8.625430e+01 4.994604e+01 4.814840e+01
         vertex 8.643835e+01 4.668773e+01 4.785941e+01
         vertex 8.523075e+01 4.712605e+01 4.814840e+01
      endloop
   endfacet
   facet normal -3.941792e-01 -9.167025e-01 -6.541640e-02
      outer loop
         vertex 9.342201e+01 4.070036e+01 4.554629e+01
         vertex 9.343957e+01 4.072120e+01 4.514840e+01
         vertex 9.391822e+01 4.051538e+01 4.514840e+01
      endloop
   endfacet
   facet normal -8.103849e-01 4.338429e-01 -3.937723e-01
      outer loop
         vertex 9.085690e+01 4.504402e+01 4.594002e+01
         vertex 9.041860e+01 4.507249e+01 4.687342e+01
         vertex 9.064801e+01 4.515979e+01 4.649747e+01
      endloop
   endfacet
   facet normal -8.477774e-01 -4.705123e-02 -5.282610e-01
      outer loop
         vertex 9.064801e+01 4.515979e+01 4.649747e+01
         vertex 9.041860e+01 4.507249e+01 4.687342e+01
         vertex 9.027771e+01 4.529420e+01 4.707977e+01
      endloop
   endfacet
   facet normal -6.845389e-01 2.136918e-01 -6.969522e-01
      outer loop
         vertex 9.027771e+01 4.529420e+01 4.707977e+01
         vertex 9.041860e+01 4.507249e+01 4.687342e+01
         vertex 8.969070e+01 4.511978e+01 4.760285e+01
      endloop
   endfacet
   facet normal -6.775243e-01 9.167648e-02 -7.297645e-01
      outer loop
         vertex 9.027771e+01 4.529420e+01 4.707977e+01
         vertex 8.969070e+01 4.511978e+01 4.760285e+01
         vertex 8.978413e+01 4.547335e+01 4.756053e+01
      endloop
   endfacet
   facet normal -5.001714e-01 2.856455e-02 -8.654551e-01
      outer loop
         vertex 8.978413e+01 4.547335e+01 4.756053e+01
         vertex 8.969070e+01 4.511978e+01 4.760285e+01
         vertex 8.919180e+01 4.568834e+01 4.790995e+01
      endloop
   endfacet
   facet normal -4.169686e-01 1.207037e-01 -9.008706e-01
      outer loop
         vertex 8.919180e+01 4.568834e+01 4.790995e+01
         vertex 8.969070e+01 4.511978e+01 4.760285e+01
         vertex 8.875927e+01 4.518030e+01 4.804208e+01
      endloop
   endfacet
   facet normal -3.038330e-01 1.091503e-02 -9.526628e-01
      outer loop
         vertex 8.919180e+01 4.568834e+01 4.790995e+01
         vertex 8.875927e+01 4.518030e+01 4.804208e+01
         vertex 8.863126e+01 4.589180e+01 4.809105e+01
      endloop
   endfacet
   facet normal -1.304093e-01 4.471759e-02 -9.904513e-01
      outer loop
         vertex 8.863126e+01 4.589180e+01 4.809105e+01
         vertex 8.875927e+01 4.518030e+01 4.804208e+01
         vertex 8.796932e+01 4.523162e+01 4.814840e+01
      endloop
   endfacet
   facet normal -9.831464e-02 1.213450e-02 -9.950814e-01
      outer loop
         vertex 8.863126e+01 4.589180e+01 4.809105e+01
         vertex 8.796932e+01 4.523162e+01 4.814840e+01
         vertex 8.807569e+01 4.609345e+01 4.814840e+01
      endloop
   endfacet
   facet normal -6.462307e-01 -2.911571e-01 -7.054172e-01
      outer loop
         vertex 8.998211e+01 4.289769e+01 4.760285e+01
         vertex 9.067320e+01 4.313107e+01 4.687342e+01
         vertex 9.107729e+01 4.223418e+01 4.687342e+01
      endloop
   endfacet
   facet normal -1.164947e-01 1.284467e-01 -9.848505e-01
      outer loop
         vertex 8.851158e+01 4.277873e+01 4.813485e+01
         vertex 8.909777e+01 4.259905e+01 4.804208e+01
         vertex 8.933072e+01 4.243078e+01 4.799258e+01
      endloop
   endfacet
   facet normal -3.651968e-01 -2.410475e-01 -8.991815e-01
      outer loop
         vertex 8.933072e+01 4.243078e+01 4.799258e+01
         vertex 8.909777e+01 4.259905e+01 4.804208e+01
         vertex 8.998211e+01 4.289769e+01 4.760285e+01
      endloop
   endfacet
   facet normal -3.988514e-01 -1.920132e-01 -8.966875e-01
      outer loop
         vertex 8.933072e+01 4.243078e+01 4.799258e+01
         vertex 8.998211e+01 4.289769e+01 4.760285e+01
         vertex 9.021200e+01 4.205239e+01 4.768160e+01
      endloop
   endfacet
   facet normal -6.349213e-01 -2.410602e-01 -7.340061e-01
      outer loop
         vertex 9.021200e+01 4.205239e+01 4.768160e+01
         vertex 8.998211e+01 4.289769e+01 4.760285e+01
         vertex 9.107729e+01 4.223418e+01 4.687342e+01
      endloop
   endfacet
   facet normal -5.594759e-01 -4.451786e-01 -6.991442e-01
      outer loop
         vertex 9.021200e+01 4.205239e+01 4.768160e+01
         vertex 9.107729e+01 4.223418e+01 4.687342e+01
         vertex 9.117525e+01 4.163523e+01 4.717641e+01
      endloop
   endfacet
   facet normal -6.097784e-01 -4.349125e-01 -6.625869e-01
      outer loop
         vertex 9.117525e+01 4.163523e+01 4.717641e+01
         vertex 9.107729e+01 4.223418e+01 4.687342e+01
         vertex 9.163553e+01 4.143550e+01 4.688391e+01
      endloop
   endfacet
   facet normal -5.974292e-01 -6.851821e-01 -4.166579e-01
      outer loop
         vertex 9.226201e+01 4.116846e+01 4.644310e+01
         vertex 9.197903e+01 4.172112e+01 4.594002e+01
         vertex 9.257220e+01 4.103913e+01 4.621102e+01
      endloop
   endfacet
   facet normal -6.528093e-01 -6.910715e-01 -3.102583e-01
      outer loop
         vertex 9.257220e+01 4.103913e+01 4.621102e+01
         vertex 9.197903e+01 4.172112e+01 4.594002e+01
         vertex 9.263188e+01 4.110442e+01 4.594002e+01
      endloop
   endfacet
   facet normal -5.528703e-01 -7.741497e-01 -3.082638e-01
      outer loop
         vertex 9.257220e+01 4.103913e+01 4.621102e+01
         vertex 9.263188e+01 4.110442e+01 4.594002e+01
         vertex 9.293939e+01 4.088942e+01 4.592844e+01
      endloop
   endfacet
   facet normal -5.313703e-01 -8.444312e-01 -6.768747e-02
      outer loop
         vertex 9.343957e+01 4.072120e+01 4.514840e+01
         vertex 9.342201e+01 4.070036e+01 4.554629e+01
         vertex 9.269701e+01 4.118846e+01 4.514840e+01
      endloop
   endfacet
   facet normal -4.792903e-01 -8.589237e-01 -1.803631e-01
      outer loop
         vertex 9.342201e+01 4.070036e+01 4.554629e+01
         vertex 9.293939e+01 4.088942e+01 4.592844e+01
         vertex 9.269701e+01 4.118846e+01 4.514840e+01
      endloop
   endfacet
   facet normal -5.712735e-01 -8.099134e-01 -1.329923e-01
      outer loop
         vertex 9.269701e+01 4.118846e+01 4.514840e+01
         vertex 9.293939e+01 4.088942e+01 4.592844e+01
         vertex 9.263188e+01 4.110442e+01 4.594002e+01
      endloop
   endfacet
   facet normal -6.806395e-01 -7.205367e-01 -1.325018e-01
      outer loop
         vertex 9.269701e+01 4.118846e+01 4.514840e+01
         vertex 9.263188e+01 4.110442e+01 4.594002e+01
         vertex 9.205923e+01 4.179093e+01 4.514840e+01
      endloop
   endfacet
   facet normal -6.806417e-01 -7.205352e-01 -1.324989e-01
      outer loop
         vertex 9.205923e+01 4.179093e+01 4.514840e+01
         vertex 9.263188e+01 4.110442e+01 4.594002e+01
         vertex 9.197903e+01 4.172112e+01 4.594002e+01
      endloop
   endfacet
   facet normal -7.907715e-01 -5.975300e-01 -1.328094e-01
      outer loop
         vertex 9.205923e+01 4.179093e+01 4.514840e+01
         vertex 9.197903e+01 4.172112e+01 4.594002e+01
         vertex 9.168444e+01 4.228693e+01 4.514840e+01
      endloop
   endfacet
   facet normal -8.097015e-01 -5.763240e-01 -1.106081e-01
      outer loop
         vertex 9.168444e+01 4.228693e+01 4.514840e+01
         vertex 9.197903e+01 4.172112e+01 4.594002e+01
         vertex 9.145825e+01 4.245279e+01 4.594002e+01
      endloop
   endfacet
   facet normal -9.036960e-01 -4.071579e-01 -1.324990e-01
      outer loop
         vertex 9.108934e+01 4.327159e+01 4.594002e+01
         vertex 9.119008e+01 4.330561e+01 4.514840e+01
         vertex 9.145825e+01 4.245279e+01 4.594002e+01
      endloop
   endfacet
   facet normal -9.036958e-01 -4.071581e-01 -1.324994e-01
      outer loop
         vertex 9.145825e+01 4.245279e+01 4.594002e+01
         vertex 9.119008e+01 4.330561e+01 4.514840e+01
         vertex 9.155047e+01 4.250571e+01 4.514840e+01
      endloop
   endfacet
   facet normal -8.452291e-01 -5.175716e-01 -1.330692e-01
      outer loop
         vertex 9.145825e+01 4.245279e+01 4.594002e+01
         vertex 9.155047e+01 4.250571e+01 4.514840e+01
         vertex 9.168444e+01 4.228693e+01 4.514840e+01
      endloop
   endfacet
   facet normal -9.282952e-01 -2.153758e-01 -3.031194e-01
      outer loop
         vertex 9.064801e+01 4.515979e+01 4.649747e+01
         vertex 9.088466e+01 4.507390e+01 4.583377e+01
         vertex 9.085690e+01 4.504402e+01 4.594002e+01
      endloop
   endfacet
   facet normal -9.043321e-01 4.092673e-01 -1.211764e-01
      outer loop
         vertex 9.085690e+01 4.504402e+01 4.594002e+01
         vertex 9.088466e+01 4.507390e+01 4.583377e+01
         vertex 9.096354e+01 4.504527e+01 4.514840e+01
      endloop
   endfacet
   facet normal -9.905477e-01 -3.156032e-02 -1.334887e-01
      outer loop
         vertex 9.085690e+01 4.504402e+01 4.594002e+01
         vertex 9.096354e+01 4.504527e+01 4.514840e+01
         vertex 9.099174e+01 4.416025e+01 4.514840e+01
      endloop
   endfacet
   facet normal -5.908668e-01 -6.872306e-01 -4.225997e-01
      outer loop
         vertex 9.226201e+01 4.116846e+01 4.644310e+01
         vertex 9.166612e+01 4.142231e+01 4.686345e+01
         vertex 9.197903e+01 4.172112e+01 4.594002e+01
      endloop
   endfacet
   facet normal -5.821031e-01 -6.949550e-01 -4.221296e-01
      outer loop
         vertex 9.197903e+01 4.172112e+01 4.594002e+01
         vertex 9.166612e+01 4.142231e+01 4.686345e+01
         vertex 9.163553e+01 4.143550e+01 4.688391e+01
      endloop
   endfacet
   facet normal -7.367676e-01 -5.244116e-01 -4.268090e-01
      outer loop
         vertex 9.197903e+01 4.172112e+01 4.594002e+01
         vertex 9.163553e+01 4.143550e+01 4.688391e+01
         vertex 9.145825e+01 4.245279e+01 4.594002e+01
      endloop
   endfacet
   facet normal -7.395947e-01 -5.225167e-01 -4.242357e-01
      outer loop
         vertex 9.145825e+01 4.245279e+01 4.594002e+01
         vertex 9.163553e+01 4.143550e+01 4.688391e+01
         vertex 9.107729e+01 4.223418e+01 4.687342e+01
      endloop
   endfacet
   facet normal -8.256732e-01 -3.720049e-01 -4.241180e-01
      outer loop
         vertex 9.145825e+01 4.245279e+01 4.594002e+01
         vertex 9.107729e+01 4.223418e+01 4.687342e+01
         vertex 9.108934e+01 4.327159e+01 4.594002e+01
      endloop
   endfacet
   facet normal -8.256736e-01 -3.720046e-01 -4.241177e-01
      outer loop
         vertex 9.108934e+01 4.327159e+01 4.594002e+01
         vertex 9.107729e+01 4.223418e+01 4.687342e+01
         vertex 9.067320e+01 4.313107e+01 4.687342e+01
      endloop
   endfacet
   facet normal -9.906514e-01 -3.246244e-02 -1.324993e-01
      outer loop
         vertex 9.099174e+01 4.416025e+01 4.514840e+01
         vertex 9.088631e+01 4.414642e+01 4.594002e+01
         vertex 9.085690e+01 4.504402e+01 4.594002e+01
      endloop
   endfacet
   facet normal -9.051216e-01 -2.965973e-02 -4.241170e-01
      outer loop
         vertex 9.085690e+01 4.504402e+01 4.594002e+01
         vertex 9.088631e+01 4.414642e+01 4.594002e+01
         vertex 9.045082e+01 4.408931e+01 4.687342e+01
      endloop
   endfacet
   facet normal -9.051213e-01 -2.966045e-02 -4.241176e-01
      outer loop
         vertex 9.085690e+01 4.504402e+01 4.594002e+01
         vertex 9.045082e+01 4.408931e+01 4.687342e+01
         vertex 9.041860e+01 4.507249e+01 4.687342e+01
      endloop
   endfacet
   facet normal -7.084125e-01 -2.321438e-02 -7.054168e-01
      outer loop
         vertex 9.041860e+01 4.507249e+01 4.687342e+01
         vertex 9.045082e+01 4.408931e+01 4.687342e+01
         vertex 8.972758e+01 4.399446e+01 4.760285e+01
      endloop
   endfacet
   facet normal -7.084131e-01 -2.321356e-02 -7.054162e-01
      outer loop
         vertex 9.041860e+01 4.507249e+01 4.687342e+01
         vertex 8.972758e+01 4.399446e+01 4.760285e+01
         vertex 8.969070e+01 4.511978e+01 4.760285e+01
      endloop
   endfacet
   facet normal -4.272165e-01 -1.399920e-02 -9.040410e-01
      outer loop
         vertex 8.969070e+01 4.511978e+01 4.760285e+01
         vertex 8.972758e+01 4.399446e+01 4.760285e+01
         vertex 8.880211e+01 4.387310e+01 4.804208e+01
      endloop
   endfacet
   facet normal -4.272155e-01 -1.400008e-02 -9.040414e-01
      outer loop
         vertex 8.969070e+01 4.511978e+01 4.760285e+01
         vertex 8.880211e+01 4.387310e+01 4.804208e+01
         vertex 8.875927e+01 4.518030e+01 4.804208e+01
      endloop
   endfacet
   facet normal -1.336753e-01 -4.380609e-03 -9.910155e-01
      outer loop
         vertex 8.875927e+01 4.518030e+01 4.804208e+01
         vertex 8.880211e+01 4.387310e+01 4.804208e+01
         vertex 8.801721e+01 4.377017e+01 4.814840e+01
      endloop
   endfacet
   facet normal -1.336753e-01 -4.380613e-03 -9.910155e-01
      outer loop
         vertex 8.875927e+01 4.518030e+01 4.804208e+01
         vertex 8.801721e+01 4.377017e+01 4.814840e+01
         vertex 8.796932e+01 4.523162e+01 4.814840e+01
      endloop
   endfacet
   facet normal -4.432875e-02 -8.447276e-03 -9.989813e-01
      outer loop
         vertex 8.817971e+01 4.291738e+01 4.814840e+01
         vertex 8.801721e+01 4.377017e+01 4.814840e+01
         vertex 8.851158e+01 4.277873e+01 4.813485e+01
      endloop
   endfacet
   facet normal -1.276183e-01 -5.009427e-02 -9.905575e-01
      outer loop
         vertex 8.851158e+01 4.277873e+01 4.813485e+01
         vertex 8.801721e+01 4.377017e+01 4.814840e+01
         vertex 8.880211e+01 4.387310e+01 4.804208e+01
      endloop
   endfacet
   facet normal -1.678371e-01 -3.894982e-02 -9.850450e-01
      outer loop
         vertex 8.851158e+01 4.277873e+01 4.813485e+01
         vertex 8.880211e+01 4.387310e+01 4.804208e+01
         vertex 8.909777e+01 4.259905e+01 4.804208e+01
      endloop
   endfacet
   facet normal -4.163805e-01 -9.662906e-02 -9.040410e-01
      outer loop
         vertex 8.909777e+01 4.259905e+01 4.804208e+01
         vertex 8.880211e+01 4.387310e+01 4.804208e+01
         vertex 8.972758e+01 4.399446e+01 4.760285e+01
      endloop
   endfacet
   facet normal -4.163799e-01 -9.662940e-02 -9.040412e-01
      outer loop
         vertex 8.909777e+01 4.259905e+01 4.804208e+01
         vertex 8.972758e+01 4.399446e+01 4.760285e+01
         vertex 8.998211e+01 4.289769e+01 4.760285e+01
      endloop
   endfacet
   facet normal -6.904441e-01 -1.602315e-01 -7.054168e-01
      outer loop
         vertex 8.998211e+01 4.289769e+01 4.760285e+01
         vertex 8.972758e+01 4.399446e+01 4.760285e+01
         vertex 9.045082e+01 4.408931e+01 4.687342e+01
      endloop
   endfacet
   facet normal -6.904436e-01 -1.602319e-01 -7.054172e-01
      outer loop
         vertex 8.998211e+01 4.289769e+01 4.760285e+01
         vertex 9.045082e+01 4.408931e+01 4.687342e+01
         vertex 9.067320e+01 4.313107e+01 4.687342e+01
      endloop
   endfacet
   facet normal -8.821636e-01 -2.047246e-01 -4.241170e-01
      outer loop
         vertex 9.067320e+01 4.313107e+01 4.687342e+01
         vertex 9.045082e+01 4.408931e+01 4.687342e+01
         vertex 9.088631e+01 4.414642e+01 4.594002e+01
      endloop
   endfacet
   facet normal -8.821631e-01 -2.047253e-01 -4.241176e-01
      outer loop
         vertex 9.067320e+01 4.313107e+01 4.687342e+01
         vertex 9.088631e+01 4.414642e+01 4.594002e+01
         vertex 9.108934e+01 4.327159e+01 4.594002e+01
      endloop
   endfacet
   facet normal -9.655238e-01 -2.240709e-01 -1.324994e-01
      outer loop
         vertex 9.108934e+01 4.327159e+01 4.594002e+01
         vertex 9.088631e+01 4.414642e+01 4.594002e+01
         vertex 9.099174e+01 4.416025e+01 4.514840e+01
      endloop
   endfacet
   facet normal -9.655239e-01 -2.240706e-01 -1.324990e-01
      outer loop
         vertex 9.108934e+01 4.327159e+01 4.594002e+01
         vertex 9.099174e+01 4.416025e+01 4.514840e+01
         vertex 9.119008e+01 4.330561e+01 4.514840e+01
      endloop
   endfacet
   facet normal -5.791459e-01 2.102075e-01 7.876566e-01
      outer loop
         vertex 9.097440e+01 4.823283e+01 5.754812e+01
         vertex 8.995085e+01 4.541283e+01 5.754812e+01
         vertex 9.092580e+01 4.505897e+01 5.835941e+01
      endloop
   endfacet
   facet normal -3.634076e-01 1.319034e-01 9.222453e-01
      outer loop
         vertex 9.116072e+01 4.497369e+01 5.846418e+01
         vertex 9.218427e+01 4.779369e+01 5.846418e+01
         vertex 9.092580e+01 4.505897e+01 5.835941e+01
      endloop
   endfacet
   facet normal -3.634025e-01 1.319010e-01 9.222477e-01
      outer loop
         vertex 9.092580e+01 4.505897e+01 5.835941e+01
         vertex 9.218427e+01 4.779369e+01 5.846418e+01
         vertex 9.194935e+01 4.787896e+01 5.835941e+01
      endloop
   endfacet
   facet normal -5.791459e-01 2.102075e-01 7.876566e-01
      outer loop
         vertex 9.092580e+01 4.505897e+01 5.835941e+01
         vertex 9.194935e+01 4.787896e+01 5.835941e+01
         vertex 9.097440e+01 4.823283e+01 5.754812e+01
      endloop
   endfacet
   facet normal -1.014927e-01 3.683790e-02 9.941540e-01
      outer loop
         vertex 9.370531e+01 4.895142e+01 5.864840e+01
         vertex 9.282693e+01 4.842352e+01 5.857829e+01
         vertex 9.158505e+01 4.310987e+01 5.864840e+01
      endloop
   endfacet
   facet normal -2.393128e-01 6.871011e-02 9.685083e-01
      outer loop
         vertex 9.158505e+01 4.310987e+01 5.864840e+01
         vertex 9.282693e+01 4.842352e+01 5.857829e+01
         vertex 9.218427e+01 4.779369e+01 5.846418e+01
      endloop
   endfacet
   facet normal -6.948994e-02 4.808190e-02 9.964232e-01
      outer loop
         vertex 9.158505e+01 4.310987e+01 5.864840e+01
         vertex 9.218427e+01 4.779369e+01 5.846418e+01
         vertex 9.124978e+01 4.407829e+01 5.857829e+01
      endloop
   endfacet
   facet normal -2.644628e-01 9.599035e-02 9.596068e-01
      outer loop
         vertex 9.124978e+01 4.407829e+01 5.857829e+01
         vertex 9.218427e+01 4.779369e+01 5.846418e+01
         vertex 9.116072e+01 4.497369e+01 5.846418e+01
      endloop
   endfacet
   facet normal -3.634094e-01 1.319028e-01 -9.222447e-01
      outer loop
         vertex 9.194935e+01 4.787896e+01 4.293740e+01
         vertex 9.218427e+01 4.779369e+01 4.283263e+01
         vertex 9.116073e+01 4.497370e+01 4.283263e+01
      endloop
   endfacet
   facet normal -1.014929e-01 3.683798e-02 -9.941540e-01
      outer loop
         vertex 9.158505e+01 4.310987e+01 4.264840e+01
         vertex 9.124978e+01 4.407829e+01 4.271852e+01
         vertex 9.370531e+01 4.895142e+01 4.264840e+01
      endloop
   endfacet
   facet normal -2.276696e-01 1.007861e-01 -9.685085e-01
      outer loop
         vertex 9.370531e+01 4.895142e+01 4.264840e+01
         vertex 9.124978e+01 4.407829e+01 4.271852e+01
         vertex 9.116073e+01 4.497370e+01 4.283263e+01
      endloop
   endfacet
   facet normal -8.415246e-02 7.684259e-03 -9.964233e-01
      outer loop
         vertex 9.370531e+01 4.895142e+01 4.264840e+01
         vertex 9.116073e+01 4.497370e+01 4.283263e+01
         vertex 9.282693e+01 4.842352e+01 4.271852e+01
      endloop
   endfacet
   facet normal -2.644636e-01 9.598930e-02 -9.596067e-01
      outer loop
         vertex 9.282693e+01 4.842352e+01 4.271852e+01
         vertex 9.116073e+01 4.497370e+01 4.283263e+01
         vertex 9.218427e+01 4.779369e+01 4.283263e+01
      endloop
   endfacet
   facet normal -3.634028e-01 1.319011e-01 -9.222475e-01
      outer loop
         vertex 9.116073e+01 4.497370e+01 4.283263e+01
         vertex 9.092580e+01 4.505897e+01 4.293740e+01
         vertex 9.194935e+01 4.787896e+01 4.293740e+01
      endloop
   endfacet
   facet normal -5.791459e-01 2.102075e-01 -7.876566e-01
      outer loop
         vertex 9.194935e+01 4.787896e+01 4.293740e+01
         vertex 9.092580e+01 4.505897e+01 4.293740e+01
         vertex 8.995085e+01 4.541283e+01 4.374869e+01
      endloop
   endfacet
   facet normal -5.791459e-01 2.102075e-01 -7.876566e-01
      outer loop
         vertex 9.194935e+01 4.787896e+01 4.293740e+01
         vertex 8.995085e+01 4.541283e+01 4.374869e+01
         vertex 9.097440e+01 4.823283e+01 4.374869e+01
      endloop
   endfacet
   facet normal -3.411823e-01 -9.399971e-01 2.908983e-06
      outer loop
         vertex 8.523075e+01 4.712605e+01 4.814840e+01
         vertex 8.643835e+01 4.668773e+01 4.785941e+01
         vertex 8.807569e+01 4.609345e+01 4.814840e+01
      endloop
   endfacet
   facet normal -3.411820e-01 -9.399972e-01 8.454777e-07
      outer loop
         vertex 8.807569e+01 4.609345e+01 4.814840e+01
         vertex 8.643835e+01 4.668773e+01 4.785941e+01
         vertex 8.741330e+01 4.633387e+01 4.704812e+01
      endloop
   endfacet
   facet normal -3.411812e-01 -9.399975e-01 2.940462e-07
      outer loop
         vertex 8.807569e+01 4.609345e+01 4.814840e+01
         vertex 8.741330e+01 4.633387e+01 4.704812e+01
         vertex 8.863126e+01 4.589180e+01 4.809105e+01
      endloop
   endfacet
   facet normal -3.411819e-01 -9.399973e-01 6.654645e-07
      outer loop
         vertex 9.096354e+01 4.504527e+01 4.514840e+01
         vertex 8.741330e+01 4.633387e+01 4.704812e+01
         vertex 9.096356e+01 4.504526e+01 4.312359e+01
      endloop
   endfacet
   facet normal -3.411835e-01 -9.399967e-01 -1.067148e-06
      outer loop
         vertex 9.096356e+01 4.504526e+01 4.312359e+01
         vertex 8.741330e+01 4.633387e+01 4.704812e+01
         vertex 8.995085e+01 4.541283e+01 4.374869e+01
      endloop
   endfacet
   facet normal -3.411865e-01 -9.399956e-01 -6.539110e-06
      outer loop
         vertex 9.096356e+01 4.504526e+01 4.312359e+01
         vertex 8.995085e+01 4.541283e+01 4.374869e+01
         vertex 9.106178e+01 4.500961e+01 4.297787e+01
      endloop
   endfacet
   facet normal -3.411819e-01 -9.399973e-01 1.028837e-06
      outer loop
         vertex 9.106178e+01 4.500961e+01 4.297787e+01
         vertex 8.995085e+01 4.541283e+01 4.374869e+01
         vertex 9.092580e+01 4.505897e+01 4.293740e+01
      endloop
   endfacet
   facet normal -3.411813e-01 -9.399975e-01 -1.273567e-06
      outer loop
         vertex 9.106178e+01 4.500961e+01 4.297787e+01
         vertex 9.092580e+01 4.505897e+01 4.293740e+01
         vertex 9.116073e+01 4.497370e+01 4.283263e+01
      endloop
   endfacet
   facet normal -3.411827e-01 -9.399970e-01 -1.134243e-06
      outer loop
         vertex 9.096354e+01 4.504527e+01 4.514840e+01
         vertex 9.088466e+01 4.507390e+01 4.583377e+01
         vertex 8.741330e+01 4.633387e+01 4.704812e+01
      endloop
   endfacet
   facet normal -3.411826e-01 -9.399970e-01 -7.893910e-07
      outer loop
         vertex 8.741330e+01 4.633387e+01 4.704812e+01
         vertex 9.088466e+01 4.507390e+01 4.583377e+01
         vertex 9.064801e+01 4.515979e+01 4.649747e+01
      endloop
   endfacet
   facet normal -3.411821e-01 -9.399972e-01 2.691738e-06
      outer loop
         vertex 8.741330e+01 4.633387e+01 4.704812e+01
         vertex 9.064801e+01 4.515979e+01 4.649747e+01
         vertex 9.027771e+01 4.529420e+01 4.707977e+01
      endloop
   endfacet
   facet normal -3.411820e-01 -9.399972e-01 -2.805177e-06
      outer loop
         vertex 9.027771e+01 4.529420e+01 4.707977e+01
         vertex 8.978413e+01 4.547335e+01 4.756053e+01
         vertex 8.741330e+01 4.633387e+01 4.704812e+01
      endloop
   endfacet
   facet normal -3.411829e-01 -9.399969e-01 2.018850e-06
      outer loop
         vertex 8.741330e+01 4.633387e+01 4.704812e+01
         vertex 8.978413e+01 4.547335e+01 4.756053e+01
         vertex 8.919180e+01 4.568834e+01 4.790995e+01
      endloop
   endfacet
   facet normal -3.411835e-01 -9.399967e-01 3.300178e-06
      outer loop
         vertex 8.741330e+01 4.633387e+01 4.704812e+01
         vertex 8.919180e+01 4.568834e+01 4.790995e+01
         vertex 8.863126e+01 4.589180e+01 4.809105e+01
      endloop
   endfacet
   facet normal 3.411824e-01 9.399971e-01 -2.566997e-06
      outer loop
         vertex 8.746190e+01 4.950773e+01 4.785941e+01
         vertex 8.625430e+01 4.994604e+01 4.814840e+01
         vertex 8.909923e+01 4.891344e+01 4.814840e+01
      endloop
   endfacet
   facet normal 3.411833e-01 9.399968e-01 2.842844e-06
      outer loop
         vertex 9.175592e+01 4.794916e+01 4.630803e+01
         vertex 9.192930e+01 4.788624e+01 4.573610e+01
         vertex 8.843685e+01 4.915386e+01 4.704812e+01
      endloop
   endfacet
   facet normal 3.411826e-01 9.399970e-01 8.485127e-07
      outer loop
         vertex 8.843685e+01 4.915386e+01 4.704812e+01
         vertex 9.192930e+01 4.788624e+01 4.573610e+01
         vertex 9.198709e+01 4.786526e+01 4.514840e+01
      endloop
   endfacet
   facet normal 3.411822e-01 9.399972e-01 -1.386022e-07
      outer loop
         vertex 8.843685e+01 4.915386e+01 4.704812e+01
         vertex 9.198709e+01 4.786526e+01 4.514840e+01
         vertex 9.097440e+01 4.823283e+01 4.374869e+01
      endloop
   endfacet
   facet normal 3.411823e-01 9.399971e-01 -2.630006e-07
      outer loop
         vertex 9.097440e+01 4.823283e+01 4.374869e+01
         vertex 9.198709e+01 4.786526e+01 4.514840e+01
         vertex 9.198710e+01 4.786525e+01 4.312359e+01
      endloop
   endfacet
   facet normal 3.411819e-01 9.399973e-01 -1.006026e-06
      outer loop
         vertex 9.097440e+01 4.823283e+01 4.374869e+01
         vertex 9.198710e+01 4.786525e+01 4.312359e+01
         vertex 9.194935e+01 4.787896e+01 4.293740e+01
      endloop
   endfacet
   facet normal 3.411827e-01 9.399970e-01 -1.185216e-06
      outer loop
         vertex 9.194935e+01 4.787896e+01 4.293740e+01
         vertex 9.198710e+01 4.786525e+01 4.312359e+01
         vertex 9.208533e+01 4.782960e+01 4.297787e+01
      endloop
   endfacet
   facet normal 3.411746e-01 9.399999e-01 2.955728e-05
      outer loop
         vertex 9.194935e+01 4.787896e+01 4.293740e+01
         vertex 9.208533e+01 4.782960e+01 4.297787e+01
         vertex 9.218427e+01 4.779369e+01 4.283263e+01
      endloop
   endfacet
   facet normal 3.411821e-01 9.399972e-01 -7.044951e-07
      outer loop
         vertex 8.746190e+01 4.950773e+01 4.785941e+01
         vertex 8.909923e+01 4.891344e+01 4.814840e+01
         vertex 8.843685e+01 4.915386e+01 4.704812e+01
      endloop
   endfacet
   facet normal 3.411829e-01 9.399969e-01 -1.251972e-06
      outer loop
         vertex 8.843685e+01 4.915386e+01 4.704812e+01
         vertex 8.909923e+01 4.891344e+01 4.814840e+01
         vertex 8.976939e+01 4.867020e+01 4.806459e+01
      endloop
   endfacet
   facet normal 3.411842e-01 9.399964e-01 -3.173985e-06
      outer loop
         vertex 8.843685e+01 4.915386e+01 4.704812e+01
         vertex 8.976939e+01 4.867020e+01 4.806459e+01
         vertex 9.041156e+01 4.843711e+01 4.781531e+01
      endloop
   endfacet
   facet normal 3.411826e-01 9.399970e-01 1.445894e-06
      outer loop
         vertex 9.041156e+01 4.843711e+01 4.781531e+01
         vertex 9.097715e+01 4.823183e+01 4.742017e+01
         vertex 8.843685e+01 4.915386e+01 4.704812e+01
      endloop
   endfacet
   facet normal 3.411824e-01 9.399971e-01 3.394421e-06
      outer loop
         vertex 8.843685e+01 4.915386e+01 4.704812e+01
         vertex 9.097715e+01 4.823183e+01 4.742017e+01
         vertex 9.143905e+01 4.806418e+01 4.689566e+01
      endloop
   endfacet
   facet normal 3.411821e-01 9.399972e-01 -3.231141e-06
      outer loop
         vertex 8.843685e+01 4.915386e+01 4.704812e+01
         vertex 9.143905e+01 4.806418e+01 4.689566e+01
         vertex 9.175592e+01 4.794916e+01 4.630803e+01
      endloop
   endfacet
   facet normal -7.275176e-01 2.640606e-01 -6.332378e-01
      outer loop
         vertex 8.995085e+01 4.541283e+01 4.374869e+01
         vertex 8.741330e+01 4.633387e+01 4.704812e+01
         vertex 9.097440e+01 4.823283e+01 4.374869e+01
      endloop
   endfacet
   facet normal -7.275176e-01 2.640606e-01 -6.332378e-01
      outer loop
         vertex 9.097440e+01 4.823283e+01 4.374869e+01
         vertex 8.741330e+01 4.633387e+01 4.704812e+01
         vertex 8.843685e+01 4.915386e+01 4.704812e+01
      endloop
   endfacet
   facet normal -3.411823e-01 -9.399971e-01 -2.908983e-06
      outer loop
         vertex 8.643835e+01 4.668773e+01 5.343740e+01
         vertex 8.523075e+01 4.712605e+01 5.314840e+01
         vertex 8.807569e+01 4.609345e+01 5.314840e+01
      endloop
   endfacet
   facet normal -3.411811e-01 -9.399976e-01 -3.534434e-06
      outer loop
         vertex 9.073237e+01 4.512917e+01 5.498878e+01
         vertex 9.090575e+01 4.506624e+01 5.556071e+01
         vertex 8.741330e+01 4.633387e+01 5.424869e+01
      endloop
   endfacet
   facet normal -3.411827e-01 -9.399970e-01 1.050795e-06
      outer loop
         vertex 8.741330e+01 4.633387e+01 5.424869e+01
         vertex 9.090575e+01 4.506624e+01 5.556071e+01
         vertex 9.096354e+01 4.504527e+01 5.614840e+01
      endloop
   endfacet
   facet normal -3.411821e-01 -9.399972e-01 -2.243136e-07
      outer loop
         vertex 8.741330e+01 4.633387e+01 5.424869e+01
         vertex 9.096354e+01 4.504527e+01 5.614840e+01
         vertex 8.995085e+01 4.541283e+01 5.754812e+01
      endloop
   endfacet
   facet normal -3.411822e-01 -9.399972e-01 -3.204960e-07
      outer loop
         vertex 8.995085e+01 4.541283e+01 5.754812e+01
         vertex 9.096354e+01 4.504527e+01 5.614840e+01
         vertex 9.096356e+01 4.504526e+01 5.817322e+01
      endloop
   endfacet
   facet normal -3.411815e-01 -9.399974e-01 -1.540998e-06
      outer loop
         vertex 8.995085e+01 4.541283e+01 5.754812e+01
         vertex 9.096356e+01 4.504526e+01 5.817322e+01
         vertex 9.092580e+01 4.505897e+01 5.835941e+01
      endloop
   endfacet
   facet normal -3.411821e-01 -9.399972e-01 -1.665863e-06
      outer loop
         vertex 9.092580e+01 4.505897e+01 5.835941e+01
         vertex 9.096356e+01 4.504526e+01 5.817322e+01
         vertex 9.106178e+01 4.500961e+01 5.831894e+01
      endloop
   endfacet
   facet normal -3.411881e-01 -9.399951e-01 -2.452588e-05
      outer loop
         vertex 9.092580e+01 4.505897e+01 5.835941e+01
         vertex 9.106178e+01 4.500961e+01 5.831894e+01
         vertex 9.116072e+01 4.497369e+01 5.846418e+01
      endloop
   endfacet
   facet normal -3.411820e-01 -9.399972e-01 -8.454777e-07
      outer loop
         vertex 8.643835e+01 4.668773e+01 5.343740e+01
         vertex 8.807569e+01 4.609345e+01 5.314840e+01
         vertex 8.741330e+01 4.633387e+01 5.424869e+01
      endloop
   endfacet
   facet normal -3.411829e-01 -9.399969e-01 -1.448765e-06
      outer loop
         vertex 8.741330e+01 4.633387e+01 5.424869e+01
         vertex 8.807569e+01 4.609345e+01 5.314840e+01
         vertex 8.874585e+01 4.585021e+01 5.323222e+01
      endloop
   endfacet
   facet normal -3.411812e-01 -9.399975e-01 1.039088e-06
      outer loop
         vertex 8.741330e+01 4.633387e+01 5.424869e+01
         vertex 8.874585e+01 4.585021e+01 5.323222e+01
         vertex 8.938801e+01 4.561713e+01 5.348150e+01
      endloop
   endfacet
   facet normal -3.411818e-01 -9.399973e-01 -5.440220e-07
      outer loop
         vertex 8.938801e+01 4.561713e+01 5.348150e+01
         vertex 8.995360e+01 4.541184e+01 5.387664e+01
         vertex 8.741330e+01 4.633387e+01 5.424869e+01
      endloop
   endfacet
   facet normal -3.411821e-01 -9.399972e-01 -2.847740e-06
      outer loop
         vertex 8.741330e+01 4.633387e+01 5.424869e+01
         vertex 8.995360e+01 4.541184e+01 5.387664e+01
         vertex 9.041550e+01 4.524419e+01 5.440115e+01
      endloop
   endfacet
   facet normal -3.411823e-01 -9.399971e-01 2.392131e-06
      outer loop
         vertex 8.741330e+01 4.633387e+01 5.424869e+01
         vertex 9.041550e+01 4.524419e+01 5.440115e+01
         vertex 9.073237e+01 4.512917e+01 5.498878e+01
      endloop
   endfacet
   facet normal 3.411824e-01 9.399971e-01 2.566997e-06
      outer loop
         vertex 8.625430e+01 4.994604e+01 5.314840e+01
         vertex 8.746190e+01 4.950773e+01 5.343740e+01
         vertex 8.909923e+01 4.891344e+01 5.314840e+01
      endloop
   endfacet
   facet normal 3.411821e-01 9.399972e-01 7.044951e-07
      outer loop
         vertex 8.909923e+01 4.891344e+01 5.314840e+01
         vertex 8.746190e+01 4.950773e+01 5.343740e+01
         vertex 8.843685e+01 4.915386e+01 5.424869e+01
      endloop
   endfacet
   facet normal 3.411861e-01 9.399958e-01 3.386142e-06
      outer loop
         vertex 8.909923e+01 4.891344e+01 5.314840e+01
         vertex 8.843685e+01 4.915386e+01 5.424869e+01
         vertex 8.965481e+01 4.871179e+01 5.320575e+01
      endloop
   endfacet
   facet normal 3.411830e-01 9.399969e-01 -1.560310e-06
      outer loop
         vertex 9.198709e+01 4.786526e+01 5.614840e+01
         vertex 8.843685e+01 4.915386e+01 5.424869e+01
         vertex 9.198711e+01 4.786526e+01 5.817322e+01
      endloop
   endfacet
   facet normal 3.411764e-01 9.399993e-01 5.112138e-06
      outer loop
         vertex 9.198711e+01 4.786526e+01 5.817322e+01
         vertex 8.843685e+01 4.915386e+01 5.424869e+01
         vertex 9.097440e+01 4.823283e+01 5.754812e+01
      endloop
   endfacet
   facet normal 3.411520e-01 9.400081e-01 4.992724e-05
      outer loop
         vertex 9.198711e+01 4.786526e+01 5.817322e+01
         vertex 9.097440e+01 4.823283e+01 5.754812e+01
         vertex 9.208533e+01 4.782960e+01 5.831894e+01
      endloop
   endfacet
   facet normal 3.411824e-01 9.399971e-01 2.710465e-07
      outer loop
         vertex 9.208533e+01 4.782960e+01 5.831894e+01
         vertex 9.097440e+01 4.823283e+01 5.754812e+01
         vertex 9.194935e+01 4.787896e+01 5.835941e+01
      endloop
   endfacet
   facet normal 3.411819e-01 9.399973e-01 -1.758498e-06
      outer loop
         vertex 9.208533e+01 4.782960e+01 5.831894e+01
         vertex 9.194935e+01 4.787896e+01 5.835941e+01
         vertex 9.218427e+01 4.779369e+01 5.846418e+01
      endloop
   endfacet
   facet normal 3.411827e-01 9.399970e-01 -9.612814e-07
      outer loop
         vertex 9.198709e+01 4.786526e+01 5.614840e+01
         vertex 9.190821e+01 4.789389e+01 5.546304e+01
         vertex 8.843685e+01 4.915386e+01 5.424869e+01
      endloop
   endfacet
   facet normal 3.411826e-01 9.399970e-01 -8.030525e-07
      outer loop
         vertex 8.843685e+01 4.915386e+01 5.424869e+01
         vertex 9.190821e+01 4.789389e+01 5.546304e+01
         vertex 9.167156e+01 4.797978e+01 5.479934e+01
      endloop
   endfacet
   facet normal 3.411821e-01 9.399972e-01 2.666074e-06
      outer loop
         vertex 8.843685e+01 4.915386e+01 5.424869e+01
         vertex 9.167156e+01 4.797978e+01 5.479934e+01
         vertex 9.130126e+01 4.811419e+01 5.421703e+01
      endloop
   endfacet
   facet normal 3.411821e-01 9.399972e-01 -2.606999e-06
      outer loop
         vertex 9.130126e+01 4.811419e+01 5.421703e+01
         vertex 9.080768e+01 4.829334e+01 5.373628e+01
         vertex 8.843685e+01 4.915386e+01 5.424869e+01
      endloop
   endfacet
   facet normal 3.411829e-01 9.399969e-01 2.018850e-06
      outer loop
         vertex 8.843685e+01 4.915386e+01 5.424869e+01
         vertex 9.080768e+01 4.829334e+01 5.373628e+01
         vertex 9.021534e+01 4.850833e+01 5.338686e+01
      endloop
   endfacet
   facet normal 3.411802e-01 9.399979e-01 -4.340175e-06
      outer loop
         vertex 8.843685e+01 4.915386e+01 5.424869e+01
         vertex 9.021534e+01 4.850833e+01 5.338686e+01
         vertex 8.965481e+01 4.871179e+01 5.320575e+01
      endloop
   endfacet
   facet normal -7.275176e-01 2.640606e-01 6.332378e-01
      outer loop
         vertex 9.097440e+01 4.823283e+01 5.754812e+01
         vertex 8.843685e+01 4.915386e+01 5.424869e+01
         vertex 8.995085e+01 4.541283e+01 5.754812e+01
      endloop
   endfacet
   facet normal -7.275176e-01 2.640606e-01 6.332378e-01
      outer loop
         vertex 8.995085e+01 4.541283e+01 5.754812e+01
         vertex 8.843685e+01 4.915386e+01 5.424869e+01
         vertex 8.741330e+01 4.633387e+01 5.424869e+01
      endloop
   endfacet
   facet normal 8.653040e-01 -3.140717e-01 3.906506e-01
      outer loop
         vertex 1.051000e+02 3.645683e+01 4.331507e+01
         vertex 1.076589e+02 4.350681e+01 4.331507e+01
         vertex 1.074886e+02 4.356859e+01 4.374177e+01
      endloop
   endfacet
   facet normal 8.653039e-01 -3.140716e-01 3.906509e-01
      outer loop
         vertex 1.051000e+02 3.645683e+01 4.331507e+01
         vertex 1.074886e+02 4.356859e+01 4.374177e+01
         vertex 1.049298e+02 3.651861e+01 4.374177e+01
      endloop
   endfacet
   facet normal 6.067647e-01 -2.202320e-01 7.637634e-01
      outer loop
         vertex 1.049298e+02 3.651861e+01 4.374177e+01
         vertex 1.074886e+02 4.356859e+01 4.374177e+01
         vertex 1.071559e+02 4.368938e+01 4.404097e+01
      endloop
   endfacet
   facet normal 6.067647e-01 -2.202320e-01 7.637634e-01
      outer loop
         vertex 1.049298e+02 3.651861e+01 4.374177e+01
         vertex 1.071559e+02 4.368938e+01 4.404097e+01
         vertex 1.045970e+02 3.663940e+01 4.404097e+01
      endloop
   endfacet
   facet normal 2.178575e-01 -7.907381e-02 9.727720e-01
      outer loop
         vertex 1.045970e+02 3.663940e+01 4.404097e+01
         vertex 1.071559e+02 4.368938e+01 4.404097e+01
         vertex 1.067320e+02 4.384322e+01 4.414840e+01
      endloop
   endfacet
   facet normal 2.178580e-01 -7.907393e-02 9.727719e-01
      outer loop
         vertex 1.045970e+02 3.663940e+01 4.404097e+01
         vertex 1.067320e+02 4.384322e+01 4.414840e+01
         vertex 1.041731e+02 3.679324e+01 4.414840e+01
      endloop
   endfacet
   facet normal 8.653039e-01 -3.140716e-01 -3.906509e-01
      outer loop
         vertex 1.076589e+02 4.350681e+01 5.798174e+01
         vertex 1.051000e+02 3.645683e+01 5.798174e+01
         vertex 1.049298e+02 3.651861e+01 5.755504e+01
      endloop
   endfacet
   facet normal 8.653040e-01 -3.140717e-01 -3.906506e-01
      outer loop
         vertex 1.076589e+02 4.350681e+01 5.798174e+01
         vertex 1.049298e+02 3.651861e+01 5.755504e+01
         vertex 1.074886e+02 4.356859e+01 5.755504e+01
      endloop
   endfacet
   facet normal 6.067647e-01 -2.202320e-01 -7.637634e-01
      outer loop
         vertex 1.074886e+02 4.356859e+01 5.755504e+01
         vertex 1.049298e+02 3.651861e+01 5.755504e+01
         vertex 1.045970e+02 3.663940e+01 5.725583e+01
      endloop
   endfacet
   facet normal 6.067647e-01 -2.202320e-01 -7.637634e-01
      outer loop
         vertex 1.074886e+02 4.356859e+01 5.755504e+01
         vertex 1.045970e+02 3.663940e+01 5.725583e+01
         vertex 1.071559e+02 4.368938e+01 5.725583e+01
      endloop
   endfacet
   facet normal 2.178580e-01 -7.907396e-02 -9.727719e-01
      outer loop
         vertex 1.071559e+02 4.368938e+01 5.725583e+01
         vertex 1.045970e+02 3.663940e+01 5.725583e+01
         vertex 1.041731e+02 3.679324e+01 5.714840e+01
      endloop
   endfacet
   facet normal 2.178576e-01 -7.907378e-02 -9.727720e-01
      outer loop
         vertex 1.071559e+02 4.368938e+01 5.725583e+01
         vertex 1.041731e+02 3.679324e+01 5.714840e+01
         vertex 1.067320e+02 4.384322e+01 5.714840e+01
      endloop
   endfacet
   facet normal 2.178578e-01 -7.907388e-02 -9.727720e-01
      outer loop
         vertex 1.095126e+02 4.283399e+01 5.964840e+01
         vertex 1.069537e+02 3.578401e+01 5.964840e+01
         vertex 1.086649e+02 4.314167e+01 5.943355e+01
      endloop
   endfacet
   facet normal 2.178576e-01 -7.907384e-02 -9.727720e-01
      outer loop
         vertex 1.086649e+02 4.314167e+01 5.943355e+01
         vertex 1.069537e+02 3.578401e+01 5.964840e+01
         vertex 1.061060e+02 3.609169e+01 5.943355e+01
      endloop
   endfacet
   facet normal 6.067651e-01 -2.202322e-01 -7.637630e-01
      outer loop
         vertex 1.086649e+02 4.314167e+01 5.943355e+01
         vertex 1.061060e+02 3.609169e+01 5.943355e+01
         vertex 1.079993e+02 4.338325e+01 5.883513e+01
      endloop
   endfacet
   facet normal 6.067655e-01 -2.202323e-01 -7.637626e-01
      outer loop
         vertex 1.079993e+02 4.338325e+01 5.883513e+01
         vertex 1.061060e+02 3.609169e+01 5.943355e+01
         vertex 1.054404e+02 3.633327e+01 5.883513e+01
      endloop
   endfacet
   facet normal 8.653037e-01 -3.140716e-01 -3.906514e-01
      outer loop
         vertex 1.079993e+02 4.338325e+01 5.883513e+01
         vertex 1.054404e+02 3.633327e+01 5.883513e+01
         vertex 1.076589e+02 4.350681e+01 5.798174e+01
      endloop
   endfacet
   facet normal 8.653038e-01 -3.140716e-01 -3.906513e-01
      outer loop
         vertex 1.076589e+02 4.350681e+01 5.798174e+01
         vertex 1.054404e+02 3.633327e+01 5.883513e+01
         vertex 1.051000e+02 3.645683e+01 5.798174e+01
      endloop
   endfacet
   facet normal 2.432893e-01 -8.830453e-02 -9.659258e-01
      outer loop
         vertex 1.025871e+02 4.534767e+01 5.714840e+01
         vertex 1.000282e+02 3.829769e+01 5.714840e+01
         vertex 1.016471e+02 4.568885e+01 5.688046e+01
      endloop
   endfacet
   facet normal 2.432892e-01 -8.830451e-02 -9.659258e-01
      outer loop
         vertex 1.016471e+02 4.568885e+01 5.688046e+01
         vertex 1.000282e+02 3.829769e+01 5.714840e+01
         vertex 9.908820e+01 3.863888e+01 5.688046e+01
      endloop
   endfacet
   facet normal 6.646784e-01 -2.412524e-01 -7.071067e-01
      outer loop
         vertex 1.016471e+02 4.568885e+01 5.688046e+01
         vertex 9.908820e+01 3.863888e+01 5.688046e+01
         vertex 1.009589e+02 4.593862e+01 5.614840e+01
      endloop
   endfacet
   facet normal 6.646785e-01 -2.412524e-01 -7.071066e-01
      outer loop
         vertex 1.009589e+02 4.593862e+01 5.614840e+01
         vertex 9.908820e+01 3.863888e+01 5.688046e+01
         vertex 9.840007e+01 3.888864e+01 5.614840e+01
      endloop
   endfacet
   facet normal 9.079675e-01 -3.295569e-01 -2.588188e-01
      outer loop
         vertex 1.009589e+02 4.593862e+01 5.614840e+01
         vertex 9.840007e+01 3.888864e+01 5.614840e+01
         vertex 1.007071e+02 4.603004e+01 5.514840e+01
      endloop
   endfacet
   facet normal 9.079673e-01 -3.295569e-01 -2.588197e-01
      outer loop
         vertex 1.007071e+02 4.603004e+01 5.514840e+01
         vertex 9.840007e+01 3.888864e+01 5.614840e+01
         vertex 9.814820e+01 3.898006e+01 5.514840e+01
      endloop
   endfacet
   facet normal 1.833843e-01 -6.656134e-02 9.807853e-01
      outer loop
         vertex 1.000282e+02 3.829769e+01 4.414840e+01
         vertex 1.025871e+02 4.534767e+01 4.414840e+01
         vertex 9.930875e+01 3.855882e+01 4.430065e+01
      endloop
   endfacet
   facet normal 1.833843e-01 -6.656136e-02 9.807853e-01
      outer loop
         vertex 9.930875e+01 3.855882e+01 4.430065e+01
         vertex 1.025871e+02 4.534767e+01 4.414840e+01
         vertex 1.018676e+02 4.560880e+01 4.430065e+01
      endloop
   endfacet
   facet normal 5.222342e-01 -1.895507e-01 8.314698e-01
      outer loop
         vertex 9.930875e+01 3.855882e+01 4.430065e+01
         vertex 1.018676e+02 4.560880e+01 4.430065e+01
         vertex 9.869884e+01 3.878020e+01 4.473419e+01
      endloop
   endfacet
   facet normal 5.222342e-01 -1.895507e-01 8.314698e-01
      outer loop
         vertex 9.869884e+01 3.878020e+01 4.473419e+01
         vertex 1.018676e+02 4.560880e+01 4.430065e+01
         vertex 1.012577e+02 4.583018e+01 4.473419e+01
      endloop
   endfacet
   facet normal 7.815797e-01 -2.836830e-01 5.555692e-01
      outer loop
         vertex 9.869884e+01 3.878020e+01 4.473419e+01
         vertex 1.012577e+02 4.583018e+01 4.473419e+01
         vertex 9.829131e+01 3.892812e+01 4.538304e+01
      endloop
   endfacet
   facet normal 7.815792e-01 -2.836827e-01 5.555701e-01
      outer loop
         vertex 9.829131e+01 3.892812e+01 4.538304e+01
         vertex 1.012577e+02 4.583018e+01 4.473419e+01
         vertex 1.008502e+02 4.597809e+01 4.538304e+01
      endloop
   endfacet
   facet normal 9.219351e-01 -3.346265e-01 1.950916e-01
      outer loop
         vertex 9.829131e+01 3.892812e+01 4.538304e+01
         vertex 1.008502e+02 4.597809e+01 4.538304e+01
         vertex 9.814820e+01 3.898006e+01 4.614840e+01
      endloop
   endfacet
   facet normal 9.219355e-01 -3.346268e-01 1.950893e-01
      outer loop
         vertex 9.814820e+01 3.898006e+01 4.614840e+01
         vertex 1.008502e+02 4.597809e+01 4.538304e+01
         vertex 1.007071e+02 4.603004e+01 4.614840e+01
      endloop
   endfacet
   facet normal 2.178576e-01 -7.907382e-02 9.727720e-01
      outer loop
         vertex 1.069537e+02 3.578401e+01 4.164840e+01
         vertex 1.095126e+02 4.283399e+01 4.164840e+01
         vertex 1.061060e+02 3.609169e+01 4.186326e+01
      endloop
   endfacet
   facet normal 2.178578e-01 -7.907391e-02 9.727720e-01
      outer loop
         vertex 1.061060e+02 3.609169e+01 4.186326e+01
         vertex 1.095126e+02 4.283399e+01 4.164840e+01
         vertex 1.086649e+02 4.314167e+01 4.186326e+01
      endloop
   endfacet
   facet normal 6.067655e-01 -2.202323e-01 7.637626e-01
      outer loop
         vertex 1.061060e+02 3.609169e+01 4.186326e+01
         vertex 1.086649e+02 4.314167e+01 4.186326e+01
         vertex 1.054404e+02 3.633327e+01 4.246168e+01
      endloop
   endfacet
   facet normal 6.067651e-01 -2.202321e-01 7.637630e-01
      outer loop
         vertex 1.054404e+02 3.633327e+01 4.246168e+01
         vertex 1.086649e+02 4.314167e+01 4.186326e+01
         vertex 1.079993e+02 4.338325e+01 4.246168e+01
      endloop
   endfacet
   facet normal 8.653038e-01 -3.140716e-01 3.906513e-01
      outer loop
         vertex 1.054404e+02 3.633327e+01 4.246168e+01
         vertex 1.079993e+02 4.338325e+01 4.246168e+01
         vertex 1.051000e+02 3.645683e+01 4.331507e+01
      endloop
   endfacet
   facet normal 8.653037e-01 -3.140715e-01 3.906514e-01
      outer loop
         vertex 1.051000e+02 3.645683e+01 4.331507e+01
         vertex 1.079993e+02 4.338325e+01 4.246168e+01
         vertex 1.076589e+02 4.350681e+01 4.331507e+01
      endloop
   endfacet
   facet normal -2.432888e-01 8.830436e-02 9.659259e-01
      outer loop
         vertex 1.220920e+02 3.826814e+01 4.164840e+01
         vertex 1.195331e+02 3.121816e+01 4.164840e+01
         vertex 1.230320e+02 3.792696e+01 4.191635e+01
      endloop
   endfacet
   facet normal -2.432888e-01 8.830436e-02 9.659259e-01
      outer loop
         vertex 1.230320e+02 3.792696e+01 4.191635e+01
         vertex 1.195331e+02 3.121816e+01 4.164840e+01
         vertex 1.204731e+02 3.087698e+01 4.191635e+01
      endloop
   endfacet
   facet normal -6.646779e-01 2.412522e-01 7.071072e-01
      outer loop
         vertex 1.230320e+02 3.792696e+01 4.191635e+01
         vertex 1.204731e+02 3.087698e+01 4.191635e+01
         vertex 1.237201e+02 3.767719e+01 4.264840e+01
      endloop
   endfacet
   facet normal -6.646779e-01 2.412522e-01 7.071072e-01
      outer loop
         vertex 1.237201e+02 3.767719e+01 4.264840e+01
         vertex 1.204731e+02 3.087698e+01 4.191635e+01
         vertex 1.211613e+02 3.062721e+01 4.264840e+01
      endloop
   endfacet
   facet normal -9.079676e-01 3.295569e-01 2.588185e-01
      outer loop
         vertex 1.237201e+02 3.767719e+01 4.264840e+01
         vertex 1.211613e+02 3.062721e+01 4.264840e+01
         vertex 1.239720e+02 3.758577e+01 4.364840e+01
      endloop
   endfacet
   facet normal -9.079676e-01 3.295569e-01 2.588185e-01
      outer loop
         vertex 1.239720e+02 3.758577e+01 4.364840e+01
         vertex 1.211613e+02 3.062721e+01 4.264840e+01
         vertex 1.214131e+02 3.053580e+01 4.364840e+01
      endloop
   endfacet
   facet normal -1.833836e-01 6.656111e-02 -9.807854e-01
      outer loop
         vertex 1.195331e+02 3.121816e+01 5.964840e+01
         vertex 1.220920e+02 3.826814e+01 5.964840e+01
         vertex 1.202526e+02 3.095703e+01 5.949616e+01
      endloop
   endfacet
   facet normal -1.833836e-01 6.656111e-02 -9.807854e-01
      outer loop
         vertex 1.202526e+02 3.095703e+01 5.949616e+01
         vertex 1.220920e+02 3.826814e+01 5.964840e+01
         vertex 1.228114e+02 3.800701e+01 5.949616e+01
      endloop
   endfacet
   facet normal -5.222350e-01 1.895510e-01 -8.314692e-01
      outer loop
         vertex 1.202526e+02 3.095703e+01 5.949616e+01
         vertex 1.228114e+02 3.800701e+01 5.949616e+01
         vertex 1.208625e+02 3.073566e+01 5.906262e+01
      endloop
   endfacet
   facet normal -5.222350e-01 1.895510e-01 -8.314692e-01
      outer loop
         vertex 1.208625e+02 3.073566e+01 5.906262e+01
         vertex 1.228114e+02 3.800701e+01 5.949616e+01
         vertex 1.234214e+02 3.778563e+01 5.906262e+01
      endloop
   endfacet
   facet normal -7.815785e-01 2.836826e-01 -5.555711e-01
      outer loop
         vertex 1.208625e+02 3.073566e+01 5.906262e+01
         vertex 1.234214e+02 3.778563e+01 5.906262e+01
         vertex 1.212700e+02 3.058774e+01 5.841377e+01
      endloop
   endfacet
   facet normal -7.815785e-01 2.836826e-01 -5.555711e-01
      outer loop
         vertex 1.212700e+02 3.058774e+01 5.841377e+01
         vertex 1.234214e+02 3.778563e+01 5.906262e+01
         vertex 1.238289e+02 3.763771e+01 5.841377e+01
      endloop
   endfacet
   facet normal -9.219355e-01 3.346267e-01 -1.950896e-01
      outer loop
         vertex 1.212700e+02 3.058774e+01 5.841377e+01
         vertex 1.238289e+02 3.763771e+01 5.841377e+01
         vertex 1.214131e+02 3.053580e+01 5.764840e+01
      endloop
   endfacet
   facet normal -9.219355e-01 3.346267e-01 -1.950896e-01
      outer loop
         vertex 1.214131e+02 3.053580e+01 5.764840e+01
         vertex 1.238289e+02 3.763771e+01 5.841377e+01
         vertex 1.239720e+02 3.758577e+01 5.764840e+01
      endloop
   endfacet
   facet normal 1.833837e-01 -6.656118e-02 -9.807854e-01
      outer loop
         vertex 1.274326e+02 3.686163e+01 5.964840e+01
         vertex 1.247031e+02 2.934166e+01 5.964840e+01
         vertex 1.267131e+02 3.712276e+01 5.949616e+01
      endloop
   endfacet
   facet normal 1.833842e-01 -6.656131e-02 -9.807853e-01
      outer loop
         vertex 1.267131e+02 3.712276e+01 5.949616e+01
         vertex 1.247031e+02 2.934166e+01 5.964840e+01
         vertex 1.239837e+02 2.960279e+01 5.949616e+01
      endloop
   endfacet
   facet normal 5.222347e-01 -1.895508e-01 -8.314694e-01
      outer loop
         vertex 1.267131e+02 3.712276e+01 5.949616e+01
         vertex 1.239837e+02 2.960279e+01 5.949616e+01
         vertex 1.261032e+02 3.734414e+01 5.906262e+01
      endloop
   endfacet
   facet normal 5.222345e-01 -1.895507e-01 -8.314696e-01
      outer loop
         vertex 1.261032e+02 3.734414e+01 5.906262e+01
         vertex 1.239837e+02 2.960279e+01 5.949616e+01
         vertex 1.233738e+02 2.982416e+01 5.906262e+01
      endloop
   endfacet
   facet normal 7.815794e-01 -2.836828e-01 -5.555697e-01
      outer loop
         vertex 1.261032e+02 3.734414e+01 5.906262e+01
         vertex 1.233738e+02 2.982416e+01 5.906262e+01
         vertex 1.256957e+02 3.749206e+01 5.841377e+01
      endloop
   endfacet
   facet normal 7.815784e-01 -2.836827e-01 -5.555711e-01
      outer loop
         vertex 1.256957e+02 3.749206e+01 5.841377e+01
         vertex 1.233738e+02 2.982416e+01 5.906262e+01
         vertex 1.229662e+02 2.997208e+01 5.841377e+01
      endloop
   endfacet
   facet normal 9.219352e-01 -3.346267e-01 -1.950910e-01
      outer loop
         vertex 1.256957e+02 3.749206e+01 5.841377e+01
         vertex 1.229662e+02 2.997208e+01 5.841377e+01
         vertex 1.255526e+02 3.754400e+01 5.764840e+01
      endloop
   endfacet
   facet normal 9.219355e-01 -3.346267e-01 -1.950896e-01
      outer loop
         vertex 1.255526e+02 3.754400e+01 5.764840e+01
         vertex 1.229662e+02 2.997208e+01 5.841377e+01
         vertex 1.228231e+02 3.002402e+01 5.764840e+01
      endloop
   endfacet
   facet normal 2.432894e-01 -8.830460e-02 9.659258e-01
      outer loop
         vertex 1.247031e+02 2.934166e+01 4.164840e+01
         vertex 1.274326e+02 3.686163e+01 4.164840e+01
         vertex 1.237631e+02 2.968284e+01 4.191635e+01
      endloop
   endfacet
   facet normal 2.432889e-01 -8.830437e-02 9.659259e-01
      outer loop
         vertex 1.237631e+02 2.968284e+01 4.191635e+01
         vertex 1.274326e+02 3.686163e+01 4.164840e+01
         vertex 1.264926e+02 3.720282e+01 4.191635e+01
      endloop
   endfacet
   facet normal 6.646779e-01 -2.412521e-01 7.071072e-01
      outer loop
         vertex 1.237631e+02 2.968284e+01 4.191635e+01
         vertex 1.264926e+02 3.720282e+01 4.191635e+01
         vertex 1.230750e+02 2.993260e+01 4.264840e+01
      endloop
   endfacet
   facet normal 6.646779e-01 -2.412521e-01 7.071072e-01
      outer loop
         vertex 1.230750e+02 2.993260e+01 4.264840e+01
         vertex 1.264926e+02 3.720282e+01 4.191635e+01
         vertex 1.258045e+02 3.745258e+01 4.264840e+01
      endloop
   endfacet
   facet normal 9.079675e-01 -3.295567e-01 2.588193e-01
      outer loop
         vertex 1.230750e+02 2.993260e+01 4.264840e+01
         vertex 1.258045e+02 3.745258e+01 4.264840e+01
         vertex 1.228231e+02 3.002402e+01 4.364840e+01
      endloop
   endfacet
   facet normal 9.079676e-01 -3.295569e-01 2.588185e-01
      outer loop
         vertex 1.228231e+02 3.002402e+01 4.364840e+01
         vertex 1.258045e+02 3.745258e+01 4.264840e+01
         vertex 1.255526e+02 3.754400e+01 4.364840e+01
      endloop
   endfacet
   facet normal 0.000000e+00 0.000000e+00 -1.000000e+00
      outer loop
         vertex 1.041731e+02 3.679324e+01 5.714840e+01
         vertex 1.000282e+02 3.829769e+01 5.714840e+01
         vertex 1.067320e+02 4.384322e+01 5.714840e+01
      endloop
   endfacet
   facet normal 0.000000e+00 0.000000e+00 -1.000000e+00
      outer loop
         vertex 1.067320e+02 4.384322e+01 5.714840e+01
         vertex 1.000282e+02 3.829769e+01 5.714840e+01
         vertex 1.025871e+02 4.534767e+01 5.714840e+01
      endloop
   endfacet
   facet normal 9.399971e-01 -3.411825e-01 0.000000e+00
      outer loop
         vertex 1.007071e+02 4.603004e+01 4.614840e+01
         vertex 1.007071e+02 4.603004e+01 5.514840e+01
         vertex 9.814820e+01 3.898006e+01 4.614840e+01
      endloop
   endfacet
   facet normal 9.399971e-01 -3.411825e-01 0.000000e+00
      outer loop
         vertex 9.814820e+01 3.898006e+01 4.614840e+01
         vertex 1.007071e+02 4.603004e+01 5.514840e+01
         vertex 9.814820e+01 3.898006e+01 5.514840e+01
      endloop
   endfacet
   facet normal 0.000000e+00 0.000000e+00 1.000000e+00
      outer loop
         vertex 1.067320e+02 4.384322e+01 4.414840e+01
         vertex 1.025871e+02 4.534767e+01 4.414840e+01
         vertex 1.041731e+02 3.679324e+01 4.414840e+01
      endloop
   endfacet
   facet normal 0.000000e+00 0.000000e+00 1.000000e+00
      outer loop
         vertex 1.041731e+02 3.679324e+01 4.414840e+01
         vertex 1.025871e+02 4.534767e+01 4.414840e+01
         vertex 1.000282e+02 3.829769e+01 4.414840e+01
      endloop
   endfacet
   facet normal 0.000000e+00 0.000000e+00 1.000000e+00
      outer loop
         vertex 1.220920e+02 3.826814e+01 4.164840e+01
         vertex 1.095126e+02 4.283399e+01 4.164840e+01
         vertex 1.195331e+02 3.121816e+01 4.164840e+01
      endloop
   endfacet
   facet normal 0.000000e+00 0.000000e+00 1.000000e+00
      outer loop
         vertex 1.195331e+02 3.121816e+01 4.164840e+01
         vertex 1.095126e+02 4.283399e+01 4.164840e+01
         vertex 1.069537e+02 3.578401e+01 4.164840e+01
      endloop
   endfacet
   facet normal -9.399971e-01 3.411824e-01 -0.000000e+00
      outer loop
         vertex 1.239720e+02 3.758577e+01 5.764840e+01
         vertex 1.239720e+02 3.758577e+01 4.364840e+01
         vertex 1.214131e+02 3.053580e+01 5.764840e+01
      endloop
   endfacet
   facet normal -9.399971e-01 3.411824e-01 -0.000000e+00
      outer loop
         vertex 1.214131e+02 3.053580e+01 5.764840e+01
         vertex 1.239720e+02 3.758577e+01 4.364840e+01
         vertex 1.214131e+02 3.053580e+01 4.364840e+01
      endloop
   endfacet
   facet normal 0.000000e+00 0.000000e+00 -1.000000e+00
      outer loop
         vertex 1.195331e+02 3.121816e+01 5.964840e+01
         vertex 1.069537e+02 3.578401e+01 5.964840e+01
         vertex 1.220920e+02 3.826814e+01 5.964840e+01
      endloop
   endfacet
   facet normal 0.000000e+00 0.000000e+00 -1.000000e+00
      outer loop
         vertex 1.220920e+02 3.826814e+01 5.964840e+01
         vertex 1.069537e+02 3.578401e+01 5.964840e+01
         vertex 1.095126e+02 4.283399e+01 5.964840e+01
      endloop
   endfacet
   facet normal -3.411815e-01 -9.399974e-01 0.000000e+00
      outer loop
         vertex 1.067320e+02 4.384322e+01 4.414840e+01
         vertex 1.071559e+02 4.368938e+01 4.404097e+01
         vertex 1.067320e+02 4.384322e+01 5.714840e+01
      endloop
   endfacet
   facet normal -3.411824e-01 -9.399971e-01 -3.870609e-06
      outer loop
         vertex 1.071559e+02 4.368938e+01 4.404097e+01
         vertex 1.074886e+02 4.356859e+01 4.374177e+01
         vertex 1.239720e+02 3.758577e+01 4.364840e+01
      endloop
   endfacet
   facet normal -3.411824e-01 -9.399971e-01 3.711352e-06
      outer loop
         vertex 1.239720e+02 3.758577e+01 4.364840e+01
         vertex 1.074886e+02 4.356859e+01 4.374177e+01
         vertex 1.076589e+02 4.350681e+01 4.331507e+01
      endloop
   endfacet
   facet normal -3.411860e-01 -9.399958e-01 -1.649079e-06
      outer loop
         vertex 1.239720e+02 3.758577e+01 5.764840e+01
         vertex 1.238289e+02 3.763771e+01 5.841377e+01
         vertex 1.234214e+02 3.778563e+01 5.906262e+01
      endloop
   endfacet
   facet normal -3.411823e-01 -9.399971e-01 0.000000e+00
      outer loop
         vertex 1.239720e+02 3.758577e+01 5.764840e+01
         vertex 1.076589e+02 4.350681e+01 5.798174e+01
         vertex 1.239720e+02 3.758577e+01 4.364840e+01
      endloop
   endfacet
   facet normal -3.411845e-01 -9.399964e-01 -2.770541e-06
      outer loop
         vertex 1.239720e+02 3.758577e+01 4.364840e+01
         vertex 1.076589e+02 4.350681e+01 5.798174e+01
         vertex 1.074886e+02 4.356859e+01 5.755504e+01
      endloop
   endfacet
   facet normal -3.411823e-01 -9.399971e-01 8.342381e-08
      outer loop
         vertex 1.239720e+02 3.758577e+01 4.364840e+01
         vertex 1.074886e+02 4.356859e+01 5.755504e+01
         vertex 1.071559e+02 4.368938e+01 4.404097e+01
      endloop
   endfacet
   facet normal -3.411793e-01 -9.399982e-01 0.000000e+00
      outer loop
         vertex 1.071559e+02 4.368938e+01 4.404097e+01
         vertex 1.074886e+02 4.356859e+01 5.755504e+01
         vertex 1.071559e+02 4.368938e+01 5.725583e+01
      endloop
   endfacet
   facet normal -3.411815e-01 -9.399974e-01 0.000000e+00
      outer loop
         vertex 1.071559e+02 4.368938e+01 4.404097e+01
         vertex 1.071559e+02 4.368938e+01 5.725583e+01
         vertex 1.067320e+02 4.384322e+01 5.714840e+01
      endloop
   endfacet
   facet normal -3.411839e-01 -9.399966e-01 3.003683e-06
      outer loop
         vertex 1.086649e+02 4.314167e+01 5.943355e+01
         vertex 1.079993e+02 4.338325e+01 5.883513e+01
         vertex 1.095126e+02 4.283399e+01 5.964840e+01
      endloop
   endfacet
   facet normal -3.411828e-01 -9.399970e-01 8.194949e-07
      outer loop
         vertex 1.095126e+02 4.283399e+01 5.964840e+01
         vertex 1.079993e+02 4.338325e+01 5.883513e+01
         vertex 1.076589e+02 4.350681e+01 5.798174e+01
      endloop
   endfacet
   facet normal -3.411823e-01 -9.399971e-01 1.688861e-07
      outer loop
         vertex 1.095126e+02 4.283399e+01 5.964840e+01
         vertex 1.076589e+02 4.350681e+01 5.798174e+01
         vertex 1.220920e+02 3.826814e+01 5.964840e+01
      endloop
   endfacet
   facet normal -3.411823e-01 -9.399971e-01 1.128788e-07
      outer loop
         vertex 1.220920e+02 3.826814e+01 5.964840e+01
         vertex 1.076589e+02 4.350681e+01 5.798174e+01
         vertex 1.239720e+02 3.758577e+01 5.764840e+01
      endloop
   endfacet
   facet normal -3.411819e-01 -9.399973e-01 5.472244e-07
      outer loop
         vertex 1.220920e+02 3.826814e+01 5.964840e+01
         vertex 1.239720e+02 3.758577e+01 5.764840e+01
         vertex 1.228114e+02 3.800701e+01 5.949616e+01
      endloop
   endfacet
   facet normal -3.411834e-01 -9.399968e-01 -4.789171e-07
      outer loop
         vertex 1.228114e+02 3.800701e+01 5.949616e+01
         vertex 1.239720e+02 3.758577e+01 5.764840e+01
         vertex 1.234214e+02 3.778563e+01 5.906262e+01
      endloop
   endfacet
   facet normal -3.411809e-01 -9.399977e-01 -3.021554e-06
      outer loop
         vertex 1.230320e+02 3.792696e+01 4.191635e+01
         vertex 1.237201e+02 3.767719e+01 4.264840e+01
         vertex 1.220920e+02 3.826814e+01 4.164840e+01
      endloop
   endfacet
   facet normal -3.411827e-01 -9.399970e-01 3.036143e-07
      outer loop
         vertex 1.220920e+02 3.826814e+01 4.164840e+01
         vertex 1.237201e+02 3.767719e+01 4.264840e+01
         vertex 1.239720e+02 3.758577e+01 4.364840e+01
      endloop
   endfacet
   facet normal -3.411823e-01 -9.399971e-01 -1.067995e-07
      outer loop
         vertex 1.220920e+02 3.826814e+01 4.164840e+01
         vertex 1.239720e+02 3.758577e+01 4.364840e+01
         vertex 1.095126e+02 4.283399e+01 4.164840e+01
      endloop
   endfacet
   facet normal -3.411823e-01 -9.399971e-01 -1.606081e-07
      outer loop
         vertex 1.095126e+02 4.283399e+01 4.164840e+01
         vertex 1.239720e+02 3.758577e+01 4.364840e+01
         vertex 1.076589e+02 4.350681e+01 4.331507e+01
      endloop
   endfacet
   facet normal -3.411836e-01 -9.399967e-01 -1.780144e-06
      outer loop
         vertex 1.095126e+02 4.283399e+01 4.164840e+01
         vertex 1.076589e+02 4.350681e+01 4.331507e+01
         vertex 1.086649e+02 4.314167e+01 4.186326e+01
      endloop
   endfacet
   facet normal -3.411818e-01 -9.399973e-01 -3.281406e-07
      outer loop
         vertex 1.086649e+02 4.314167e+01 4.186326e+01
         vertex 1.076589e+02 4.350681e+01 4.331507e+01
         vertex 1.079993e+02 4.338325e+01 4.246168e+01
      endloop
   endfacet
   facet normal -3.411784e-01 -9.399986e-01 2.674520e-06
      outer loop
         vertex 1.007071e+02 4.603004e+01 4.614840e+01
         vertex 1.008502e+02 4.597809e+01 4.538304e+01
         vertex 1.012577e+02 4.583018e+01 4.473419e+01
      endloop
   endfacet
   facet normal -3.411808e-01 -9.399977e-01 -2.687903e-06
      outer loop
         vertex 1.016471e+02 4.568885e+01 5.688046e+01
         vertex 1.009589e+02 4.593862e+01 5.614840e+01
         vertex 1.025871e+02 4.534767e+01 5.714840e+01
      endloop
   endfacet
   facet normal -3.411822e-01 -9.399972e-01 -7.835421e-08
      outer loop
         vertex 1.025871e+02 4.534767e+01 5.714840e+01
         vertex 1.009589e+02 4.593862e+01 5.614840e+01
         vertex 1.007071e+02 4.603004e+01 5.514840e+01
      endloop
   endfacet
   facet normal -3.411827e-01 -9.399970e-01 4.685756e-07
      outer loop
         vertex 1.025871e+02 4.534767e+01 5.714840e+01
         vertex 1.007071e+02 4.603004e+01 5.514840e+01
         vertex 1.067320e+02 4.384322e+01 5.714840e+01
      endloop
   endfacet
   facet normal -3.411826e-01 -9.399971e-01 0.000000e+00
      outer loop
         vertex 1.067320e+02 4.384322e+01 5.714840e+01
         vertex 1.007071e+02 4.603004e+01 5.514840e+01
         vertex 1.067320e+02 4.384322e+01 4.414840e+01
      endloop
   endfacet
   facet normal -3.411826e-01 -9.399971e-01 0.000000e+00
      outer loop
         vertex 1.067320e+02 4.384322e+01 4.414840e+01
         vertex 1.007071e+02 4.603004e+01 5.514840e+01
         vertex 1.007071e+02 4.603004e+01 4.614840e+01
      endloop
   endfacet
   facet normal -3.411827e-01 -9.399970e-01 -4.685756e-07
      outer loop
         vertex 1.067320e+02 4.384322e+01 4.414840e+01
         vertex 1.007071e+02 4.603004e+01 4.614840e+01
         vertex 1.025871e+02 4.534767e+01 4.414840e+01
      endloop
   endfacet
   facet normal -3.411807e-01 -9.399977e-01 1.671022e-06
      outer loop
         vertex 1.025871e+02 4.534767e+01 4.414840e+01
         vertex 1.007071e+02 4.603004e+01 4.614840e+01
         vertex 1.012577e+02 4.583018e+01 4.473419e+01
      endloop
   endfacet
   facet normal -3.411818e-01 -9.399973e-01 -1.202033e-06
      outer loop
         vertex 1.025871e+02 4.534767e+01 4.414840e+01
         vertex 1.012577e+02 4.583018e+01 4.473419e+01
         vertex 1.018676e+02 4.560880e+01 4.430065e+01
      endloop
   endfacet
   facet normal 2.861921e-01 9.581723e-01 0.000000e+00
      outer loop
         vertex 9.715945e+01 4.944535e+01 5.834840e+01
         vertex 9.715945e+01 4.944535e+01 5.614840e+01
         vertex 9.666022e+01 4.959446e+01 5.614840e+01
      endloop
   endfacet
   facet normal 2.016892e-01 9.792328e-01 2.060285e-02
      outer loop
         vertex 9.715945e+01 4.944535e+01 5.834840e+01
         vertex 9.666022e+01 4.959446e+01 5.614840e+01
         vertex 9.588533e+01 4.970778e+01 5.834840e+01
      endloop
   endfacet
   facet normal -3.759894e-01 9.265972e-01 7.048246e-03
      outer loop
         vertex 9.430941e+01 4.951903e+01 5.834840e+01
         vertex 9.406630e+01 4.943712e+01 5.614840e+01
         vertex 9.356825e+01 4.921828e+01 5.834840e+01
      endloop
   endfacet
   facet normal -4.359713e-01 8.999137e-01 -9.185153e-03
      outer loop
         vertex 9.356825e+01 4.921828e+01 5.834840e+01
         vertex 9.406630e+01 4.943712e+01 5.614840e+01
         vertex 9.327673e+01 4.905460e+01 5.614840e+01
      endloop
   endfacet
   facet normal -7.463742e-01 6.655265e-01 7.162831e-06
      outer loop
         vertex 9.198709e+01 4.786526e+01 5.614840e+01
         vertex 9.198711e+01 4.786526e+01 5.817322e+01
         vertex 9.257639e+01 4.852615e+01 5.614840e+01
      endloop
   endfacet
   facet normal -7.353186e-01 6.776835e-01 7.192684e-03
      outer loop
         vertex 9.257639e+01 4.852615e+01 5.614840e+01
         vertex 9.198711e+01 4.786526e+01 5.817322e+01
         vertex 9.269215e+01 4.862907e+01 5.828530e+01
      endloop
   endfacet
   facet normal -6.023169e-01 7.982359e-01 -5.818258e-03
      outer loop
         vertex 9.257639e+01 4.852615e+01 5.614840e+01
         vertex 9.269215e+01 4.862907e+01 5.828530e+01
         vertex 9.327673e+01 4.905460e+01 5.614840e+01
      endloop
   endfacet
   facet normal -6.280324e-01 7.780041e-01 -1.688201e-02
      outer loop
         vertex 9.327673e+01 4.905460e+01 5.614840e+01
         vertex 9.269215e+01 4.862907e+01 5.828530e+01
         vertex 9.289658e+01 4.879463e+01 5.830999e+01
      endloop
   endfacet
   facet normal -5.337923e-01 8.455795e-01 7.819262e-03
      outer loop
         vertex 9.327673e+01 4.905460e+01 5.614840e+01
         vertex 9.289658e+01 4.879463e+01 5.830999e+01
         vertex 9.356825e+01 4.921828e+01 5.834840e+01
      endloop
   endfacet
   facet normal 1.342825e-01 9.909360e-01 -3.742144e-03
      outer loop
         vertex 9.666022e+01 4.959446e+01 5.614840e+01
         vertex 9.579082e+01 4.971228e+01 5.614840e+01
         vertex 9.588533e+01 4.970778e+01 5.834840e+01
      endloop
   endfacet
   facet normal -6.054883e-02 9.981544e-01 4.642277e-03
      outer loop
         vertex 9.588533e+01 4.970778e+01 5.834840e+01
         vertex 9.579082e+01 4.971228e+01 5.614840e+01
         vertex 9.491509e+01 4.965915e+01 5.614840e+01
      endloop
   endfacet
   facet normal -1.188654e-01 9.924422e-01 3.048735e-02
      outer loop
         vertex 9.588533e+01 4.970778e+01 5.834840e+01
         vertex 9.491509e+01 4.965915e+01 5.614840e+01
         vertex 9.430941e+01 4.951903e+01 5.834840e+01
      endloop
   endfacet
   facet normal -2.253997e-01 9.742664e-01 0.000000e+00
      outer loop
         vertex 9.430941e+01 4.951903e+01 5.834840e+01
         vertex 9.491509e+01 4.965915e+01 5.614840e+01
         vertex 9.430941e+01 4.951903e+01 5.614840e+01
      endloop
   endfacet
   facet normal -3.193011e-01 9.476533e-01 0.000000e+00
      outer loop
         vertex 9.430941e+01 4.951903e+01 5.834840e+01
         vertex 9.430941e+01 4.951903e+01 5.614840e+01
         vertex 9.406630e+01 4.943712e+01 5.614840e+01
      endloop
   endfacet
   facet normal 2.861921e-01 9.581723e-01 0.000000e+00
      outer loop
         vertex 9.715945e+01 4.944535e+01 4.514840e+01
         vertex 9.715945e+01 4.944535e+01 4.294840e+01
         vertex 9.666022e+01 4.959446e+01 4.514840e+01
      endloop
   endfacet
   facet normal 2.016892e-01 9.792328e-01 -2.060285e-02
      outer loop
         vertex 9.666022e+01 4.959446e+01 4.514840e+01
         vertex 9.715945e+01 4.944535e+01 4.294840e+01
         vertex 9.588533e+01 4.970778e+01 4.294840e+01
      endloop
   endfacet
   facet normal -7.348126e-01 6.782702e-01 -7.308045e-06
      outer loop
         vertex 9.198710e+01 4.786525e+01 4.312359e+01
         vertex 9.198709e+01 4.786526e+01 4.514840e+01
         vertex 9.269215e+01 4.862907e+01 4.301151e+01
      endloop
   endfacet
   facet normal -7.463480e-01 6.655032e-01 -8.376793e-03
      outer loop
         vertex 9.269215e+01 4.862907e+01 4.301151e+01
         vertex 9.198709e+01 4.786526e+01 4.514840e+01
         vertex 9.257639e+01 4.852615e+01 4.514840e+01
      endloop
   endfacet
   facet normal -6.291157e-01 7.773044e-01 3.358434e-03
      outer loop
         vertex 9.269215e+01 4.862907e+01 4.301151e+01
         vertex 9.257639e+01 4.852615e+01 4.514840e+01
         vertex 9.289648e+01 4.879456e+01 4.298683e+01
      endloop
   endfacet
   facet normal -6.022974e-01 7.982101e-01 9.925561e-03
      outer loop
         vertex 9.289648e+01 4.879456e+01 4.298683e+01
         vertex 9.257639e+01 4.852615e+01 4.514840e+01
         vertex 9.327673e+01 4.905460e+01 4.514840e+01
      endloop
   endfacet
   facet normal -5.338038e-01 8.455722e-01 -7.821321e-03
      outer loop
         vertex 9.289648e+01 4.879456e+01 4.298683e+01
         vertex 9.327673e+01 4.905460e+01 4.514840e+01
         vertex 9.356825e+01 4.921828e+01 4.294840e+01
      endloop
   endfacet
   facet normal -4.359713e-01 8.999137e-01 9.185153e-03
      outer loop
         vertex 9.356825e+01 4.921828e+01 4.294840e+01
         vertex 9.327673e+01 4.905460e+01 4.514840e+01
         vertex 9.406630e+01 4.943712e+01 4.514840e+01
      endloop
   endfacet
   facet normal -3.759894e-01 9.265972e-01 -7.048246e-03
      outer loop
         vertex 9.356825e+01 4.921828e+01 4.294840e+01
         vertex 9.406630e+01 4.943712e+01 4.514840e+01
         vertex 9.430941e+01 4.951903e+01 4.294840e+01
      endloop
   endfacet
   facet normal -3.193011e-01 9.476533e-01 0.000000e+00
      outer loop
         vertex 9.406630e+01 4.943712e+01 4.514840e+01
         vertex 9.430941e+01 4.951903e+01 4.514840e+01
         vertex 9.430941e+01 4.951903e+01 4.294840e+01
      endloop
   endfacet
   facet normal -2.253997e-01 9.742664e-01 0.000000e+00
      outer loop
         vertex 9.430941e+01 4.951903e+01 4.294840e+01
         vertex 9.430941e+01 4.951903e+01 4.514840e+01
         vertex 9.491509e+01 4.965915e+01 4.514840e+01
      endloop
   endfacet
   facet normal -1.188654e-01 9.924422e-01 -3.048735e-02
      outer loop
         vertex 9.430941e+01 4.951903e+01 4.294840e+01
         vertex 9.491509e+01 4.965915e+01 4.514840e+01
         vertex 9.588533e+01 4.970778e+01 4.294840e+01
      endloop
   endfacet
   facet normal -6.054883e-02 9.981544e-01 -4.642277e-03
      outer loop
         vertex 9.588533e+01 4.970778e+01 4.294840e+01
         vertex 9.491509e+01 4.965915e+01 4.514840e+01
         vertex 9.579082e+01 4.971228e+01 4.514840e+01
      endloop
   endfacet
   facet normal 1.342825e-01 9.909360e-01 3.742144e-03
      outer loop
         vertex 9.588533e+01 4.970778e+01 4.294840e+01
         vertex 9.579082e+01 4.971228e+01 4.514840e+01
         vertex 9.666022e+01 4.959446e+01 4.514840e+01
      endloop
   endfacet
   facet normal -8.079615e-01 5.892352e-01 0.000000e+00
      outer loop
         vertex 7.783277e+01 5.004521e+01 4.814840e+01
         vertex 7.783277e+01 5.004521e+01 5.314840e+01
         vertex 7.869295e+01 5.122469e+01 4.814840e+01
      endloop
   endfacet
   facet normal -8.079615e-01 5.892352e-01 0.000000e+00
      outer loop
         vertex 7.869295e+01 5.122469e+01 4.814840e+01
         vertex 7.783277e+01 5.004521e+01 5.314840e+01
         vertex 7.869295e+01 5.122469e+01 5.314840e+01
      endloop
   endfacet
   facet normal -9.892456e-01 1.462638e-01 0.000000e+00
      outer loop
         vertex 7.869295e+01 5.122469e+01 4.814840e+01
         vertex 7.869295e+01 5.122469e+01 5.314840e+01
         vertex 7.890647e+01 5.266882e+01 4.814840e+01
      endloop
   endfacet
   facet normal -9.892456e-01 1.462638e-01 0.000000e+00
      outer loop
         vertex 7.890647e+01 5.266882e+01 4.814840e+01
         vertex 7.869295e+01 5.122469e+01 5.314840e+01
         vertex 7.890647e+01 5.266882e+01 5.314840e+01
      endloop
   endfacet
   facet normal -9.439059e-01 -3.302146e-01 0.000000e+00
      outer loop
         vertex 7.890647e+01 5.266882e+01 4.814840e+01
         vertex 7.890647e+01 5.266882e+01 5.314840e+01
         vertex 7.842442e+01 5.404676e+01 4.814840e+01
      endloop
   endfacet
   facet normal -9.439059e-01 -3.302146e-01 0.000000e+00
      outer loop
         vertex 7.842442e+01 5.404676e+01 4.814840e+01
         vertex 7.890647e+01 5.266882e+01 5.314840e+01
         vertex 7.842442e+01 5.404676e+01 5.314840e+01
      endloop
   endfacet
   facet normal -6.823274e-01 -7.310467e-01 0.000000e+00
      outer loop
         vertex 7.842442e+01 5.404676e+01 4.814840e+01
         vertex 7.842442e+01 5.404676e+01 5.314840e+01
         vertex 7.735722e+01 5.504284e+01 4.814840e+01
      endloop
   endfacet
   facet normal -6.823274e-01 -7.310467e-01 0.000000e+00
      outer loop
         vertex 7.735722e+01 5.504284e+01 4.814840e+01
         vertex 7.842442e+01 5.404676e+01 5.314840e+01
         vertex 7.735722e+01 5.504284e+01 5.314840e+01
      endloop
   endfacet
   facet normal -2.644378e-01 -9.644027e-01 0.000000e+00
      outer loop
         vertex 7.735722e+01 5.504284e+01 4.814840e+01
         vertex 7.735722e+01 5.504284e+01 5.314840e+01
         vertex 7.594936e+01 5.542887e+01 4.814840e+01
      endloop
   endfacet
   facet normal -2.644378e-01 -9.644027e-01 0.000000e+00
      outer loop
         vertex 7.594936e+01 5.542887e+01 4.814840e+01
         vertex 7.735722e+01 5.504284e+01 5.314840e+01
         vertex 7.594936e+01 5.542887e+01 5.314840e+01
      endloop
   endfacet
   facet normal 2.140329e-01 -9.768265e-01 0.000000e+00
      outer loop
         vertex 7.594936e+01 5.542887e+01 4.814840e+01
         vertex 7.594936e+01 5.542887e+01 5.314840e+01
         vertex 7.452336e+01 5.511642e+01 4.814840e+01
      endloop
   endfacet
   facet normal 2.140329e-01 -9.768265e-01 0.000000e+00
      outer loop
         vertex 7.452336e+01 5.511642e+01 4.814840e+01
         vertex 7.594936e+01 5.542887e+01 5.314840e+01
         vertex 7.452336e+01 5.511642e+01 5.314840e+01
      endloop
   endfacet
   facet normal 5.465100e-01 -8.374526e-01 0.000000e+00
      outer loop
         vertex 7.452336e+01 5.511642e+01 4.814840e+01
         vertex 7.452336e+01 5.511642e+01 5.314840e+01
         vertex 7.390760e+01 5.471458e+01 4.814840e+01
      endloop
   endfacet
   facet normal 5.465100e-01 -8.374526e-01 0.000000e+00
      outer loop
         vertex 7.390760e+01 5.471458e+01 4.814840e+01
         vertex 7.452336e+01 5.511642e+01 5.314840e+01
         vertex 7.390760e+01 5.471458e+01 5.314840e+01
      endloop
   endfacet
   facet normal 7.310466e-01 -6.823276e-01 0.000000e+00
      outer loop
         vertex 7.390760e+01 5.471458e+01 4.814840e+01
         vertex 7.390760e+01 5.471458e+01 5.314840e+01
         vertex 7.340591e+01 5.417706e+01 4.814840e+01
      endloop
   endfacet
   facet normal 7.310466e-01 -6.823276e-01 0.000000e+00
      outer loop
         vertex 7.340591e+01 5.417706e+01 4.814840e+01
         vertex 7.390760e+01 5.471458e+01 5.314840e+01
         vertex 7.340591e+01 5.417706e+01 5.314840e+01
      endloop
   endfacet
   facet normal 9.254970e-01 -3.787549e-01 0.000000e+00
      outer loop
         vertex 7.340591e+01 5.417706e+01 4.814840e+01
         vertex 7.340591e+01 5.417706e+01 5.314840e+01
         vertex 7.285299e+01 5.282600e+01 4.814840e+01
      endloop
   endfacet
   facet normal 9.254970e-01 -3.787549e-01 0.000000e+00
      outer loop
         vertex 7.285299e+01 5.282600e+01 4.814840e+01
         vertex 7.340591e+01 5.417706e+01 5.314840e+01
         vertex 7.285299e+01 5.282600e+01 5.314840e+01
      endloop
   endfacet
   facet normal 9.955031e-01 9.472855e-02 0.000000e+00
      outer loop
         vertex 7.285299e+01 5.282600e+01 4.814840e+01
         vertex 7.285299e+01 5.282600e+01 5.314840e+01
         vertex 7.299128e+01 5.137274e+01 4.814840e+01
      endloop
   endfacet
   facet normal 9.955031e-01 9.472855e-02 0.000000e+00
      outer loop
         vertex 7.299128e+01 5.137274e+01 4.814840e+01
         vertex 7.285299e+01 5.282600e+01 5.314840e+01
         vertex 7.299128e+01 5.137274e+01 5.314840e+01
      endloop
   endfacet
   facet normal 8.374524e-01 5.465103e-01 0.000000e+00
      outer loop
         vertex 7.299128e+01 5.137274e+01 4.814840e+01
         vertex 7.299128e+01 5.137274e+01 5.314840e+01
         vertex 7.378909e+01 5.015021e+01 4.814840e+01
      endloop
   endfacet
   facet normal 8.374524e-01 5.465103e-01 0.000000e+00
      outer loop
         vertex 7.378909e+01 5.015021e+01 4.814840e+01
         vertex 7.299128e+01 5.137274e+01 5.314840e+01
         vertex 7.378909e+01 5.015021e+01 5.314840e+01
      endloop
   endfacet
   facet normal 4.875497e-01 8.730953e-01 0.000000e+00
      outer loop
         vertex 7.378909e+01 5.015021e+01 4.814840e+01
         vertex 7.378909e+01 5.015021e+01 5.314840e+01
         vertex 7.506365e+01 4.943847e+01 4.814840e+01
      endloop
   endfacet
   facet normal 4.875497e-01 8.730953e-01 0.000000e+00
      outer loop
         vertex 7.506365e+01 4.943847e+01 4.814840e+01
         vertex 7.378909e+01 5.015021e+01 5.314840e+01
         vertex 7.506365e+01 4.943847e+01 5.314840e+01
      endloop
   endfacet
   facet normal 2.595676e-02 9.996631e-01 0.000000e+00
      outer loop
         vertex 7.506365e+01 4.943847e+01 4.814840e+01
         vertex 7.506365e+01 4.943847e+01 5.314840e+01
         vertex 7.652299e+01 4.940058e+01 4.814840e+01
      endloop
   endfacet
   facet normal 2.595676e-02 9.996631e-01 0.000000e+00
      outer loop
         vertex 7.652299e+01 4.940058e+01 4.814840e+01
         vertex 7.506365e+01 4.943847e+01 5.314840e+01
         vertex 7.652299e+01 4.940058e+01 5.314840e+01
      endloop
   endfacet
   facet normal -4.415827e-01 8.972206e-01 0.000000e+00
      outer loop
         vertex 7.652299e+01 4.940058e+01 4.814840e+01
         vertex 7.652299e+01 4.940058e+01 5.314840e+01
         vertex 7.783277e+01 5.004521e+01 4.814840e+01
      endloop
   endfacet
   facet normal -4.415827e-01 8.972206e-01 0.000000e+00
      outer loop
         vertex 7.783277e+01 5.004521e+01 4.814840e+01
         vertex 7.652299e+01 4.940058e+01 5.314840e+01
         vertex 7.783277e+01 5.004521e+01 5.314840e+01
      endloop
   endfacet
   facet normal -8.196621e-01 5.728473e-01 0.000000e+00
      outer loop
         vertex 1.343389e+02 3.009957e+01 3.864840e+01
         vertex 1.343389e+02 3.009957e+01 4.164840e+01
         vertex 1.347837e+02 3.073600e+01 3.864840e+01
      endloop
   endfacet
   facet normal -8.196621e-01 5.728473e-01 0.000000e+00
      outer loop
         vertex 1.347837e+02 3.073600e+01 3.864840e+01
         vertex 1.343389e+02 3.009957e+01 4.164840e+01
         vertex 1.347837e+02 3.073600e+01 4.164840e+01
      endloop
   endfacet
   facet normal -9.962719e-01 8.626854e-02 0.000000e+00
      outer loop
         vertex 1.347837e+02 3.073600e+01 3.864840e+01
         vertex 1.347837e+02 3.073600e+01 4.164840e+01
         vertex 1.348507e+02 3.150956e+01 3.864840e+01
      endloop
   endfacet
   facet normal -9.962719e-01 8.626854e-02 0.000000e+00
      outer loop
         vertex 1.348507e+02 3.150956e+01 3.864840e+01
         vertex 1.347837e+02 3.073600e+01 4.164840e+01
         vertex 1.348507e+02 3.150956e+01 4.164840e+01
      endloop
   endfacet
   facet normal -9.059304e-01 -4.234266e-01 0.000000e+00
      outer loop
         vertex 1.348507e+02 3.150956e+01 3.864840e+01
         vertex 1.348507e+02 3.150956e+01 4.164840e+01
         vertex 1.345219e+02 3.221298e+01 3.864840e+01
      endloop
   endfacet
   facet normal -9.059304e-01 -4.234266e-01 0.000000e+00
      outer loop
         vertex 1.345219e+02 3.221298e+01 3.864840e+01
         vertex 1.348507e+02 3.150956e+01 4.164840e+01
         vertex 1.345219e+02 3.221298e+01 4.164840e+01
      endloop
   endfacet
   facet normal -5.728466e-01 -8.196626e-01 0.000000e+00
      outer loop
         vertex 1.345219e+02 3.221298e+01 3.864840e+01
         vertex 1.345219e+02 3.221298e+01 4.164840e+01
         vertex 1.338855e+02 3.265777e+01 3.864840e+01
      endloop
   endfacet
   facet normal -5.728466e-01 -8.196626e-01 0.000000e+00
      outer loop
         vertex 1.338855e+02 3.265777e+01 3.864840e+01
         vertex 1.345219e+02 3.221298e+01 4.164840e+01
         vertex 1.338855e+02 3.265777e+01 4.164840e+01
      endloop
   endfacet
   facet normal -8.626685e-02 -9.962721e-01 0.000000e+00
      outer loop
         vertex 1.338855e+02 3.265777e+01 3.864840e+01
         vertex 1.338855e+02 3.265777e+01 4.164840e+01
         vertex 1.331119e+02 3.272476e+01 3.864840e+01
      endloop
   endfacet
   facet normal -8.626685e-02 -9.962721e-01 0.000000e+00
      outer loop
         vertex 1.331119e+02 3.272476e+01 3.864840e+01
         vertex 1.338855e+02 3.265777e+01 4.164840e+01
         vertex 1.331119e+02 3.272476e+01 4.164840e+01
      endloop
   endfacet
   facet normal 4.234274e-01 -9.059300e-01 0.000000e+00
      outer loop
         vertex 1.331119e+02 3.272476e+01 3.864840e+01
         vertex 1.331119e+02 3.272476e+01 4.164840e+01
         vertex 1.324085e+02 3.239598e+01 3.864840e+01
      endloop
   endfacet
   facet normal 4.234274e-01 -9.059300e-01 0.000000e+00
      outer loop
         vertex 1.324085e+02 3.239598e+01 3.864840e+01
         vertex 1.331119e+02 3.272476e+01 4.164840e+01
         vertex 1.324085e+02 3.239598e+01 4.164840e+01
      endloop
   endfacet
   facet normal 8.196623e-01 -5.728470e-01 0.000000e+00
      outer loop
         vertex 1.324085e+02 3.239598e+01 3.864840e+01
         vertex 1.324085e+02 3.239598e+01 4.164840e+01
         vertex 1.319637e+02 3.175955e+01 3.864840e+01
      endloop
   endfacet
   facet normal 8.196623e-01 -5.728470e-01 0.000000e+00
      outer loop
         vertex 1.319637e+02 3.175955e+01 3.864840e+01
         vertex 1.324085e+02 3.239598e+01 4.164840e+01
         vertex 1.319637e+02 3.175955e+01 4.164840e+01
      endloop
   endfacet
   facet normal 9.962719e-01 -8.626854e-02 0.000000e+00
      outer loop
         vertex 1.319637e+02 3.175955e+01 3.864840e+01
         vertex 1.319637e+02 3.175955e+01 4.164840e+01
         vertex 1.318967e+02 3.098599e+01 3.864840e+01
      endloop
   endfacet
   facet normal 9.962719e-01 -8.626854e-02 0.000000e+00
      outer loop
         vertex 1.318967e+02 3.098599e+01 3.864840e+01
         vertex 1.319637e+02 3.175955e+01 4.164840e+01
         vertex 1.318967e+02 3.098599e+01 4.164840e+01
      endloop
   endfacet
   facet normal 9.059309e-01 4.234256e-01 0.000000e+00
      outer loop
         vertex 1.318967e+02 3.098599e+01 3.864840e+01
         vertex 1.318967e+02 3.098599e+01 4.164840e+01
         vertex 1.322255e+02 3.028257e+01 3.864840e+01
      endloop
   endfacet
   facet normal 9.059309e-01 4.234256e-01 0.000000e+00
      outer loop
         vertex 1.322255e+02 3.028257e+01 3.864840e+01
         vertex 1.318967e+02 3.098599e+01 4.164840e+01
         vertex 1.322255e+02 3.028257e+01 4.164840e+01
      endloop
   endfacet
   facet normal 5.728457e-01 8.196633e-01 0.000000e+00
      outer loop
         vertex 1.322255e+02 3.028257e+01 3.864840e+01
         vertex 1.322255e+02 3.028257e+01 4.164840e+01
         vertex 1.328619e+02 2.983778e+01 3.864840e+01
      endloop
   endfacet
   facet normal 5.728457e-01 8.196633e-01 0.000000e+00
      outer loop
         vertex 1.328619e+02 2.983778e+01 3.864840e+01
         vertex 1.322255e+02 3.028257e+01 4.164840e+01
         vertex 1.328619e+02 2.983778e+01 4.164840e+01
      endloop
   endfacet
   facet normal 8.626685e-02 9.962721e-01 0.000000e+00
      outer loop
         vertex 1.328619e+02 2.983778e+01 3.864840e+01
         vertex 1.328619e+02 2.983778e+01 4.164840e+01
         vertex 1.336355e+02 2.977080e+01 3.864840e+01
      endloop
   endfacet
   facet normal 8.626685e-02 9.962721e-01 0.000000e+00
      outer loop
         vertex 1.336355e+02 2.977080e+01 3.864840e+01
         vertex 1.328619e+02 2.983778e+01 4.164840e+01
         vertex 1.336355e+02 2.977080e+01 4.164840e+01
      endloop
   endfacet
   facet normal -4.234271e-01 9.059302e-01 0.000000e+00
      outer loop
         vertex 1.336355e+02 2.977080e+01 3.864840e+01
         vertex 1.336355e+02 2.977080e+01 4.164840e+01
         vertex 1.343389e+02 3.009957e+01 3.864840e+01
      endloop
   endfacet
   facet normal -4.234271e-01 9.059302e-01 0.000000e+00
      outer loop
         vertex 1.343389e+02 3.009957e+01 3.864840e+01
         vertex 1.336355e+02 2.977080e+01 4.164840e+01
         vertex 1.343389e+02 3.009957e+01 4.164840e+01
      endloop
   endfacet
   facet normal -8.196621e-01 5.728473e-01 0.000000e+00
      outer loop
         vertex 1.343389e+02 3.009957e+01 5.964840e+01
         vertex 1.343389e+02 3.009957e+01 6.264840e+01
         vertex 1.347837e+02 3.073600e+01 5.964840e+01
      endloop
   endfacet
   facet normal -8.196621e-01 5.728473e-01 0.000000e+00
      outer loop
         vertex 1.347837e+02 3.073600e+01 5.964840e+01
         vertex 1.343389e+02 3.009957e+01 6.264840e+01
         vertex 1.347837e+02 3.073600e+01 6.264840e+01
      endloop
   endfacet
   facet normal -9.962719e-01 8.626854e-02 0.000000e+00
      outer loop
         vertex 1.347837e+02 3.073600e+01 5.964840e+01
         vertex 1.347837e+02 3.073600e+01 6.264840e+01
         vertex 1.348507e+02 3.150956e+01 5.964840e+01
      endloop
   endfacet
   facet normal -9.962719e-01 8.626854e-02 0.000000e+00
      outer loop
         vertex 1.348507e+02 3.150956e+01 5.964840e+01
         vertex 1.347837e+02 3.073600e+01 6.264840e+01
         vertex 1.348507e+02 3.150956e+01 6.264840e+01
      endloop
   endfacet
   facet normal -9.059304e-01 -4.234266e-01 0.000000e+00
      outer loop
         vertex 1.348507e+02 3.150956e+01 5.964840e+01
         vertex 1.348507e+02 3.150956e+01 6.264840e+01
         vertex 1.345219e+02 3.221298e+01 5.964840e+01
      endloop
   endfacet
   facet normal -9.059304e-01 -4.234266e-01 0.000000e+00
      outer loop
         vertex 1.345219e+02 3.221298e+01 5.964840e+01
         vertex 1.348507e+02 3.150956e+01 6.264840e+01
         vertex 1.345219e+02 3.221298e+01 6.264840e+01
      endloop
   endfacet
   facet normal -5.728466e-01 -8.196626e-01 0.000000e+00
      outer loop
         vertex 1.345219e+02 3.221298e+01 5.964840e+01
         vertex 1.345219e+02 3.221298e+01 6.264840e+01
         vertex 1.338855e+02 3.265777e+01 5.964840e+01
      endloop
   endfacet
   facet normal -5.728466e-01 -8.196626e-01 0.000000e+00
      outer loop
         vertex 1.338855e+02 3.265777e+01 5.964840e+01
         vertex 1.345219e+02 3.221298e+01 6.264840e+01
         vertex 1.338855e+02 3.265777e+01 6.264840e+01
      endloop
   endfacet
   facet normal -8.626685e-02 -9.962721e-01 0.000000e+00
      outer loop
         vertex 1.338855e+02 3.265777e+01 5.964840e+01
         vertex 1.338855e+02 3.265777e+01 6.264840e+01
         vertex 1.331119e+02 3.272476e+01 5.964840e+01
      endloop
   endfacet
   facet normal -8.626685e-02 -9.962721e-01 0.000000e+00
      outer loop
         vertex 1.331119e+02 3.272476e+01 5.964840e+01
         vertex 1.338855e+02 3.265777e+01 6.264840e+01
         vertex 1.331119e+02 3.272476e+01 6.264840e+01
      endloop
   endfacet
   facet normal 4.234274e-01 -9.059300e-01 0.000000e+00
      outer loop
         vertex 1.331119e+02 3.272476e+01 5.964840e+01
         vertex 1.331119e+02 3.272476e+01 6.264840e+01
         vertex 1.324085e+02 3.239598e+01 5.964840e+01
      endloop
   endfacet
   facet normal 4.234274e-01 -9.059300e-01 0.000000e+00
      outer loop
         vertex 1.324085e+02 3.239598e+01 5.964840e+01
         vertex 1.331119e+02 3.272476e+01 6.264840e+01
         vertex 1.324085e+02 3.239598e+01 6.264840e+01
      endloop
   endfacet
   facet normal 8.196623e-01 -5.728470e-01 0.000000e+00
      outer loop
         vertex 1.324085e+02 3.239598e+01 5.964840e+01
         vertex 1.324085e+02 3.239598e+01 6.264840e+01
         vertex 1.319637e+02 3.175955e+01 5.964840e+01
      endloop
   endfacet
   facet normal 8.196623e-01 -5.728470e-01 0.000000e+00
      outer loop
         vertex 1.319637e+02 3.175955e+01 5.964840e+01
         vertex 1.324085e+02 3.239598e+01 6.264840e+01
         vertex 1.319637e+02 3.175955e+01 6.264840e+01
      endloop
   endfacet
   facet normal 9.962719e-01 -8.626854e-02 0.000000e+00
      outer loop
         vertex 1.319637e+02 3.175955e+01 5.964840e+01
         vertex 1.319637e+02 3.175955e+01 6.264840e+01
         vertex 1.318967e+02 3.098599e+01 5.964840e+01
      endloop
   endfacet
   facet normal 9.962719e-01 -8.626854e-02 0.000000e+00
      outer loop
         vertex 1.318967e+02 3.098599e+01 5.964840e+01
         vertex 1.319637e+02 3.175955e+01 6.264840e+01
         vertex 1.318967e+02 3.098599e+01 6.264840e+01
      endloop
   endfacet
   facet normal 9.059309e-01 4.234256e-01 0.000000e+00
      outer loop
         vertex 1.318967e+02 3.098599e+01 5.964840e+01
         vertex 1.318967e+02 3.098599e+01 6.264840e+01
         vertex 1.322255e+02 3.028257e+01 5.964840e+01
      endloop
   endfacet
   facet normal 9.059309e-01 4.234256e-01 0.000000e+00
      outer loop
         vertex 1.322255e+02 3.028257e+01 5.964840e+01
         vertex 1.318967e+02 3.098599e+01 6.264840e+01
         vertex 1.322255e+02 3.028257e+01 6.264840e+01
      endloop
   endfacet
   facet normal 5.728457e-01 8.196633e-01 0.000000e+00
      outer loop
         vertex 1.322255e+02 3.028257e+01 5.964840e+01
         vertex 1.322255e+02 3.028257e+01 6.264840e+01
         vertex 1.328619e+02 2.983778e+01 5.964840e+01
      endloop
   endfacet
   facet normal 5.728457e-01 8.196633e-01 0.000000e+00
      outer loop
         vertex 1.328619e+02 2.983778e+01 5.964840e+01
         vertex 1.322255e+02 3.028257e+01 6.264840e+01
         vertex 1.328619e+02 2.983778e+01 6.264840e+01
      endloop
   endfacet
   facet normal 8.626685e-02 9.962721e-01 0.000000e+00
      outer loop
         vertex 1.328619e+02 2.983778e+01 5.964840e+01
         vertex 1.328619e+02 2.983778e+01 6.264840e+01
         vertex 1.336355e+02 2.977080e+01 5.964840e+01
      endloop
   endfacet
   facet normal 8.626685e-02 9.962721e-01 0.000000e+00
      outer loop
         vertex 1.336355e+02 2.977080e+01 5.964840e+01
         vertex 1.328619e+02 2.983778e+01 6.264840e+01
         vertex 1.336355e+02 2.977080e+01 6.264840e+01
      endloop
   endfacet
   facet normal -4.234271e-01 9.059302e-01 0.000000e+00
      outer loop
         vertex 1.336355e+02 2.977080e+01 5.964840e+01
         vertex 1.336355e+02 2.977080e+01 6.264840e+01
         vertex 1.343389e+02 3.009957e+01 5.964840e+01
      endloop
   endfacet
   facet normal -4.234271e-01 9.059302e-01 0.000000e+00
      outer loop
         vertex 1.343389e+02 3.009957e+01 5.964840e+01
         vertex 1.336355e+02 2.977080e+01 6.264840e+01
         vertex 1.343389e+02 3.009957e+01 6.264840e+01
      endloop
   endfacet
   facet normal -8.196635e-01 5.728454e-01 0.000000e+00
      outer loop
         vertex 9.673904e+01 4.374686e+01 4.264840e+01
         vertex 9.673904e+01 4.374686e+01 5.864840e+01
         vertex 9.718383e+01 4.438330e+01 4.264840e+01
      endloop
   endfacet
   facet normal -8.196635e-01 5.728454e-01 0.000000e+00
      outer loop
         vertex 9.718383e+01 4.438330e+01 4.264840e+01
         vertex 9.673904e+01 4.374686e+01 5.864840e+01
         vertex 9.718383e+01 4.438330e+01 5.864840e+01
      endloop
   endfacet
   facet normal -9.962719e-01 8.626843e-02 0.000000e+00
      outer loop
         vertex 9.718383e+01 4.438330e+01 4.264840e+01
         vertex 9.718383e+01 4.438330e+01 5.864840e+01
         vertex 9.725081e+01 4.515686e+01 4.264840e+01
      endloop
   endfacet
   facet normal -9.962719e-01 8.626843e-02 0.000000e+00
      outer loop
         vertex 9.725081e+01 4.515686e+01 4.264840e+01
         vertex 9.718383e+01 4.438330e+01 5.864840e+01
         vertex 9.725081e+01 4.515686e+01 5.864840e+01
      endloop
   endfacet
   facet normal -9.059311e-01 -4.234251e-01 0.000000e+00
      outer loop
         vertex 9.725081e+01 4.515686e+01 4.264840e+01
         vertex 9.725081e+01 4.515686e+01 5.864840e+01
         vertex 9.692204e+01 4.586028e+01 4.264840e+01
      endloop
   endfacet
   facet normal -9.059311e-01 -4.234251e-01 0.000000e+00
      outer loop
         vertex 9.692204e+01 4.586028e+01 4.264840e+01
         vertex 9.725081e+01 4.515686e+01 5.864840e+01
         vertex 9.692204e+01 4.586028e+01 5.864840e+01
      endloop
   endfacet
   facet normal -5.728452e-01 -8.196635e-01 0.000000e+00
      outer loop
         vertex 9.692204e+01 4.586028e+01 4.264840e+01
         vertex 9.692204e+01 4.586028e+01 5.864840e+01
         vertex 9.628560e+01 4.630507e+01 4.264840e+01
      endloop
   endfacet
   facet normal -5.728452e-01 -8.196635e-01 0.000000e+00
      outer loop
         vertex 9.628560e+01 4.630507e+01 4.264840e+01
         vertex 9.692204e+01 4.586028e+01 5.864840e+01
         vertex 9.628560e+01 4.630507e+01 5.864840e+01
      endloop
   endfacet
   facet normal -8.626695e-02 -9.962721e-01 0.000000e+00
      outer loop
         vertex 9.628560e+01 4.630507e+01 4.264840e+01
         vertex 9.628560e+01 4.630507e+01 5.864840e+01
         vertex 9.551204e+01 4.637205e+01 4.264840e+01
      endloop
   endfacet
   facet normal -8.626695e-02 -9.962721e-01 0.000000e+00
      outer loop
         vertex 9.551204e+01 4.637205e+01 4.264840e+01
         vertex 9.628560e+01 4.630507e+01 5.864840e+01
         vertex 9.551204e+01 4.637205e+01 5.864840e+01
      endloop
   endfacet
   facet normal 4.234253e-01 -9.059310e-01 0.000000e+00
      outer loop
         vertex 9.551204e+01 4.637205e+01 4.264840e+01
         vertex 9.551204e+01 4.637205e+01 5.864840e+01
         vertex 9.480863e+01 4.604328e+01 4.264840e+01
      endloop
   endfacet
   facet normal 4.234253e-01 -9.059310e-01 0.000000e+00
      outer loop
         vertex 9.480863e+01 4.604328e+01 4.264840e+01
         vertex 9.551204e+01 4.637205e+01 5.864840e+01
         vertex 9.480863e+01 4.604328e+01 5.864840e+01
      endloop
   endfacet
   facet normal 8.196628e-01 -5.728464e-01 0.000000e+00
      outer loop
         vertex 9.480863e+01 4.604328e+01 4.264840e+01
         vertex 9.480863e+01 4.604328e+01 5.864840e+01
         vertex 9.436384e+01 4.540684e+01 4.264840e+01
      endloop
   endfacet
   facet normal 8.196628e-01 -5.728464e-01 0.000000e+00
      outer loop
         vertex 9.436384e+01 4.540684e+01 4.264840e+01
         vertex 9.480863e+01 4.604328e+01 5.864840e+01
         vertex 9.436384e+01 4.540684e+01 5.864840e+01
      endloop
   endfacet
   facet normal 9.962721e-01 -8.626674e-02 0.000000e+00
      outer loop
         vertex 9.436384e+01 4.540684e+01 4.264840e+01
         vertex 9.436384e+01 4.540684e+01 5.864840e+01
         vertex 9.429685e+01 4.463328e+01 4.264840e+01
      endloop
   endfacet
   facet normal 9.962721e-01 -8.626674e-02 0.000000e+00
      outer loop
         vertex 9.429685e+01 4.463328e+01 4.264840e+01
         vertex 9.436384e+01 4.540684e+01 5.864840e+01
         vertex 9.429685e+01 4.463328e+01 5.864840e+01
      endloop
   endfacet
   facet normal 9.059321e-01 4.234230e-01 0.000000e+00
      outer loop
         vertex 9.429685e+01 4.463328e+01 4.264840e+01
         vertex 9.429685e+01 4.463328e+01 5.864840e+01
         vertex 9.462562e+01 4.392986e+01 4.264840e+01
      endloop
   endfacet
   facet normal 9.059321e-01 4.234230e-01 0.000000e+00
      outer loop
         vertex 9.462562e+01 4.392986e+01 4.264840e+01
         vertex 9.429685e+01 4.463328e+01 5.864840e+01
         vertex 9.462562e+01 4.392986e+01 5.864840e+01
      endloop
   endfacet
   facet normal 5.728433e-01 8.196649e-01 0.000000e+00
      outer loop
         vertex 9.462562e+01 4.392986e+01 4.264840e+01
         vertex 9.462562e+01 4.392986e+01 5.864840e+01
         vertex 9.526206e+01 4.348507e+01 4.264840e+01
      endloop
   endfacet
   facet normal 5.728433e-01 8.196649e-01 0.000000e+00
      outer loop
         vertex 9.526206e+01 4.348507e+01 4.264840e+01
         vertex 9.462562e+01 4.392986e+01 5.864840e+01
         vertex 9.526206e+01 4.348507e+01 5.864840e+01
      endloop
   endfacet
   facet normal 8.626864e-02 9.962719e-01 0.000000e+00
      outer loop
         vertex 9.526206e+01 4.348507e+01 4.264840e+01
         vertex 9.526206e+01 4.348507e+01 5.864840e+01
         vertex 9.603562e+01 4.341809e+01 4.264840e+01
      endloop
   endfacet
   facet normal 8.626864e-02 9.962719e-01 0.000000e+00
      outer loop
         vertex 9.603562e+01 4.341809e+01 4.264840e+01
         vertex 9.526206e+01 4.348507e+01 5.864840e+01
         vertex 9.603562e+01 4.341809e+01 5.864840e+01
      endloop
   endfacet
   facet normal -4.234264e-01 9.059305e-01 0.000000e+00
      outer loop
         vertex 9.603562e+01 4.341809e+01 4.264840e+01
         vertex 9.603562e+01 4.341809e+01 5.864840e+01
         vertex 9.673904e+01 4.374686e+01 4.264840e+01
      endloop
   endfacet
   facet normal -4.234264e-01 9.059305e-01 0.000000e+00
      outer loop
         vertex 9.673904e+01 4.374686e+01 4.264840e+01
         vertex 9.603562e+01 4.341809e+01 5.864840e+01
         vertex 9.673904e+01 4.374686e+01 5.864840e+01
      endloop
   endfacet
   facet normal -8.825284e-01 -4.702590e-01 0.000000e+00
      outer loop
         vertex 1.029296e+02 3.761817e+01 3.894840e+01
         vertex 1.022470e+02 3.889919e+01 4.264840e+01
         vertex 1.022470e+02 3.889919e+01 3.894840e+01
      endloop
   endfacet
   facet normal -9.999996e-01 -8.909960e-04 0.000000e+00
      outer loop
         vertex 1.022470e+02 3.889919e+01 3.894840e+01
         vertex 1.022470e+02 3.889919e+01 4.264840e+01
         vertex 1.022457e+02 4.035072e+01 4.264840e+01
      endloop
   endfacet
   facet normal -9.999996e-01 -8.909960e-04 0.000000e+00
      outer loop
         vertex 1.022470e+02 3.889919e+01 3.894840e+01
         vertex 1.022457e+02 4.035072e+01 4.264840e+01
         vertex 1.022457e+02 4.035072e+01 3.894840e+01
      endloop
   endfacet
   facet normal -8.833656e-01 4.686846e-01 0.000000e+00
      outer loop
         vertex 1.022457e+02 4.035072e+01 3.894840e+01
         vertex 1.022457e+02 4.035072e+01 4.264840e+01
         vertex 1.029260e+02 4.163295e+01 4.264840e+01
      endloop
   endfacet
   facet normal -8.833656e-01 4.686846e-01 0.000000e+00
      outer loop
         vertex 1.022457e+02 4.035072e+01 3.894840e+01
         vertex 1.029260e+02 4.163295e+01 4.264840e+01
         vertex 1.029260e+02 4.163295e+01 3.894840e+01
      endloop
   endfacet
   facet normal -4.447828e-01 -8.956385e-01 0.000000e+00
      outer loop
         vertex 1.041337e+02 3.680756e+01 4.294840e+01
         vertex 1.035290e+02 3.710783e+01 4.287244e+01
         vertex 1.041337e+02 3.680756e+01 3.894840e+01
      endloop
   endfacet
   facet normal -6.239762e-01 -7.805944e-01 -3.641526e-02
      outer loop
         vertex 1.041337e+02 3.680756e+01 3.894840e+01
         vertex 1.035290e+02 3.710783e+01 4.287244e+01
         vertex 1.030068e+02 3.753571e+01 4.264840e+01
      endloop
   endfacet
   facet normal -5.584408e-01 -8.295163e-01 -6.828391e-03
      outer loop
         vertex 1.041337e+02 3.680756e+01 3.894840e+01
         vertex 1.030068e+02 3.753571e+01 4.264840e+01
         vertex 1.029296e+02 3.761817e+01 3.894840e+01
      endloop
   endfacet
   facet normal -7.298064e-01 -6.836539e-01 0.000000e+00
      outer loop
         vertex 1.029296e+02 3.761817e+01 3.894840e+01
         vertex 1.030068e+02 3.753571e+01 4.264840e+01
         vertex 1.029296e+02 3.761817e+01 4.264840e+01
      endloop
   endfacet
   facet normal -8.825284e-01 -4.702590e-01 0.000000e+00
      outer loop
         vertex 1.029296e+02 3.761817e+01 3.894840e+01
         vertex 1.029296e+02 3.761817e+01 4.264840e+01
         vertex 1.022470e+02 3.889919e+01 4.264840e+01
      endloop
   endfacet
   facet normal -7.270143e-01 -6.810385e-01 8.738842e-02
      outer loop
         vertex 1.029296e+02 3.761817e+01 5.864840e+01
         vertex 1.030068e+02 3.753571e+01 5.864840e+01
         vertex 1.041337e+02 3.680756e+01 6.234840e+01
      endloop
   endfacet
   facet normal -6.239762e-01 -7.805944e-01 3.641526e-02
      outer loop
         vertex 1.041337e+02 3.680756e+01 6.234840e+01
         vertex 1.030068e+02 3.753571e+01 5.864840e+01
         vertex 1.035290e+02 3.710783e+01 5.842437e+01
      endloop
   endfacet
   facet normal -4.447828e-01 -8.956385e-01 0.000000e+00
      outer loop
         vertex 1.041337e+02 3.680756e+01 6.234840e+01
         vertex 1.035290e+02 3.710783e+01 5.842437e+01
         vertex 1.041337e+02 3.680756e+01 5.834840e+01
      endloop
   endfacet
   facet normal -5.584538e-01 -8.295356e-01 0.000000e+00
      outer loop
         vertex 1.041337e+02 3.680756e+01 6.234840e+01
         vertex 1.029296e+02 3.761817e+01 6.234840e+01
         vertex 1.029296e+02 3.761817e+01 5.864840e+01
      endloop
   endfacet
   facet normal -8.825284e-01 -4.702590e-01 0.000000e+00
      outer loop
         vertex 1.029296e+02 3.761817e+01 5.864840e+01
         vertex 1.029296e+02 3.761817e+01 6.234840e+01
         vertex 1.022470e+02 3.889919e+01 6.234840e+01
      endloop
   endfacet
   facet normal -8.825284e-01 -4.702590e-01 0.000000e+00
      outer loop
         vertex 1.029296e+02 3.761817e+01 5.864840e+01
         vertex 1.022470e+02 3.889919e+01 6.234840e+01
         vertex 1.022470e+02 3.889919e+01 5.864840e+01
      endloop
   endfacet
   facet normal -9.999996e-01 -8.909960e-04 0.000000e+00
      outer loop
         vertex 1.022470e+02 3.889919e+01 5.864840e+01
         vertex 1.022470e+02 3.889919e+01 6.234840e+01
         vertex 1.022457e+02 4.035072e+01 6.234840e+01
      endloop
   endfacet
   facet normal -9.999996e-01 -8.909960e-04 0.000000e+00
      outer loop
         vertex 1.022470e+02 3.889919e+01 5.864840e+01
         vertex 1.022457e+02 4.035072e+01 6.234840e+01
         vertex 1.022457e+02 4.035072e+01 5.864840e+01
      endloop
   endfacet
   facet normal -8.833656e-01 4.686846e-01 0.000000e+00
      outer loop
         vertex 1.022457e+02 4.035072e+01 5.864840e+01
         vertex 1.022457e+02 4.035072e+01 6.234840e+01
         vertex 1.029260e+02 4.163295e+01 6.234840e+01
      endloop
   endfacet
   facet normal -8.833656e-01 4.686846e-01 0.000000e+00
      outer loop
         vertex 1.022457e+02 4.035072e+01 5.864840e+01
         vertex 1.029260e+02 4.163295e+01 6.234840e+01
         vertex 1.029260e+02 4.163295e+01 5.864840e+01
      endloop
   endfacet
   facet normal -3.322867e-02 9.994478e-01 0.000000e+00
      outer loop
         vertex 1.080343e+02 4.517907e+01 5.864840e+01
         vertex 1.079065e+02 4.517482e+01 5.864840e+01
         vertex 1.079065e+02 4.517482e+01 6.234840e+01
      endloop
   endfacet
   facet normal -2.427865e-01 9.700797e-01 0.000000e+00
      outer loop
         vertex 1.079065e+02 4.517482e+01 6.234840e+01
         vertex 1.079065e+02 4.517482e+01 5.864840e+01
         vertex 1.061908e+02 4.474542e+01 5.864840e+01
      endloop
   endfacet
   facet normal -2.427865e-01 9.700797e-01 0.000000e+00
      outer loop
         vertex 1.079065e+02 4.517482e+01 6.234840e+01
         vertex 1.061908e+02 4.474542e+01 5.864840e+01
         vertex 1.061908e+02 4.474542e+01 6.234840e+01
      endloop
   endfacet
   facet normal -5.978733e-01 8.015906e-01 0.000000e+00
      outer loop
         vertex 1.061908e+02 4.474542e+01 6.234840e+01
         vertex 1.061908e+02 4.474542e+01 5.864840e+01
         vertex 1.047731e+02 4.368799e+01 5.864840e+01
      endloop
   endfacet
   facet normal -5.978733e-01 8.015906e-01 0.000000e+00
      outer loop
         vertex 1.061908e+02 4.474542e+01 6.234840e+01
         vertex 1.047731e+02 4.368799e+01 5.864840e+01
         vertex 1.047731e+02 4.368799e+01 6.234840e+01
      endloop
   endfacet
   facet normal 7.370461e-02 9.972733e-01 3.688888e-03
      outer loop
         vertex 1.080343e+02 4.517907e+01 5.864840e+01
         vertex 1.079065e+02 4.517482e+01 6.234840e+01
         vertex 1.088571e+02 4.511908e+01 5.842404e+01
      endloop
   endfacet
   facet normal 1.497670e-01 9.884712e-01 2.223853e-02
      outer loop
         vertex 1.088571e+02 4.511908e+01 5.842404e+01
         vertex 1.079065e+02 4.517482e+01 6.234840e+01
         vertex 1.096552e+02 4.490987e+01 6.234840e+01
      endloop
   endfacet
   facet normal 2.535724e-01 9.673164e-01 0.000000e+00
      outer loop
         vertex 1.088571e+02 4.511908e+01 5.842404e+01
         vertex 1.096552e+02 4.490987e+01 6.234840e+01
         vertex 1.096552e+02 4.490987e+01 5.834840e+01
      endloop
   endfacet
   facet normal 2.535724e-01 9.673164e-01 0.000000e+00
      outer loop
         vertex 1.096552e+02 4.490987e+01 4.294840e+01
         vertex 1.096552e+02 4.490987e+01 3.894840e+01
         vertex 1.088571e+02 4.511908e+01 4.287277e+01
      endloop
   endfacet
   facet normal 1.497670e-01 9.884712e-01 -2.223853e-02
      outer loop
         vertex 1.088571e+02 4.511908e+01 4.287277e+01
         vertex 1.096552e+02 4.490987e+01 3.894840e+01
         vertex 1.079065e+02 4.517482e+01 3.894840e+01
      endloop
   endfacet
   facet normal 7.370461e-02 9.972733e-01 -3.688888e-03
      outer loop
         vertex 1.088571e+02 4.511908e+01 4.287277e+01
         vertex 1.079065e+02 4.517482e+01 3.894840e+01
         vertex 1.080343e+02 4.517907e+01 4.264840e+01
      endloop
   endfacet
   facet normal -3.322867e-02 9.994478e-01 0.000000e+00
      outer loop
         vertex 1.080343e+02 4.517907e+01 4.264840e+01
         vertex 1.079065e+02 4.517482e+01 3.894840e+01
         vertex 1.079065e+02 4.517482e+01 4.264840e+01
      endloop
   endfacet
   facet normal -2.427865e-01 9.700797e-01 0.000000e+00
      outer loop
         vertex 1.079065e+02 4.517482e+01 4.264840e+01
         vertex 1.079065e+02 4.517482e+01 3.894840e+01
         vertex 1.061908e+02 4.474542e+01 3.894840e+01
      endloop
   endfacet
   facet normal -2.427865e-01 9.700797e-01 0.000000e+00
      outer loop
         vertex 1.079065e+02 4.517482e+01 4.264840e+01
         vertex 1.061908e+02 4.474542e+01 3.894840e+01
         vertex 1.061908e+02 4.474542e+01 4.264840e+01
      endloop
   endfacet
   facet normal -5.978733e-01 8.015906e-01 0.000000e+00
      outer loop
         vertex 1.061908e+02 4.474542e+01 4.264840e+01
         vertex 1.061908e+02 4.474542e+01 3.894840e+01
         vertex 1.047731e+02 4.368799e+01 3.894840e+01
      endloop
   endfacet
   facet normal -5.978733e-01 8.015906e-01 0.000000e+00
      outer loop
         vertex 1.061908e+02 4.474542e+01 4.264840e+01
         vertex 1.047731e+02 4.368799e+01 3.894840e+01
         vertex 1.047731e+02 4.368799e+01 4.264840e+01
      endloop
   endfacet
   facet normal -7.437410e-01 6.684679e-01 0.000000e+00
      outer loop
         vertex 1.029260e+02 4.163295e+01 3.894840e+01
         vertex 1.029260e+02 4.163295e+01 4.264840e+01
         vertex 1.047731e+02 4.368799e+01 3.894840e+01
      endloop
   endfacet
   facet normal -7.437410e-01 6.684679e-01 0.000000e+00
      outer loop
         vertex 1.047731e+02 4.368799e+01 3.894840e+01
         vertex 1.029260e+02 4.163295e+01 4.264840e+01
         vertex 1.047731e+02 4.368799e+01 4.264840e+01
      endloop
   endfacet
   facet normal 2.432893e-01 -8.830454e-02 9.659258e-01
      outer loop
         vertex 1.317877e+02 3.528089e+01 4.164840e+01
         vertex 1.322995e+02 3.669088e+01 4.164840e+01
         vertex 1.308477e+02 3.562207e+01 4.191635e+01
      endloop
   endfacet
   facet normal 2.432890e-01 -8.830414e-02 9.659259e-01
      outer loop
         vertex 1.308477e+02 3.562207e+01 4.191635e+01
         vertex 1.322995e+02 3.669088e+01 4.164840e+01
         vertex 1.313595e+02 3.703206e+01 4.191635e+01
      endloop
   endfacet
   facet normal 6.646780e-01 -2.412514e-01 7.071075e-01
      outer loop
         vertex 1.308477e+02 3.562207e+01 4.191635e+01
         vertex 1.313595e+02 3.703206e+01 4.191635e+01
         vertex 1.301596e+02 3.587183e+01 4.264840e+01
      endloop
   endfacet
   facet normal 6.646786e-01 -2.412527e-01 7.071065e-01
      outer loop
         vertex 1.301596e+02 3.587183e+01 4.264840e+01
         vertex 1.313595e+02 3.703206e+01 4.191635e+01
         vertex 1.306714e+02 3.728183e+01 4.264840e+01
      endloop
   endfacet
   facet normal 9.079675e-01 -3.295572e-01 2.588185e-01
      outer loop
         vertex 1.301596e+02 3.587183e+01 4.264840e+01
         vertex 1.306714e+02 3.728183e+01 4.264840e+01
         vertex 1.299077e+02 3.596325e+01 4.364840e+01
      endloop
   endfacet
   facet normal 9.079675e-01 -3.295572e-01 2.588185e-01
      outer loop
         vertex 1.299077e+02 3.596325e+01 4.364840e+01
         vertex 1.306714e+02 3.728183e+01 4.264840e+01
         vertex 1.304195e+02 3.737325e+01 4.364840e+01
      endloop
   endfacet
   facet normal 2.432889e-01 -8.830440e-02 -9.659259e-01
      outer loop
         vertex 1.322995e+02 3.669088e+01 5.964840e+01
         vertex 1.317877e+02 3.528089e+01 5.964840e+01
         vertex 1.313595e+02 3.703206e+01 5.938046e+01
      endloop
   endfacet
   facet normal 2.432894e-01 -8.830427e-02 -9.659258e-01
      outer loop
         vertex 1.313595e+02 3.703206e+01 5.938046e+01
         vertex 1.317877e+02 3.528089e+01 5.964840e+01
         vertex 1.308477e+02 3.562207e+01 5.938046e+01
      endloop
   endfacet
   facet normal 6.646789e-01 -2.412518e-01 -7.071065e-01
      outer loop
         vertex 1.313595e+02 3.703206e+01 5.938046e+01
         vertex 1.308477e+02 3.562207e+01 5.938046e+01
         vertex 1.306714e+02 3.728183e+01 5.864840e+01
      endloop
   endfacet
   facet normal 6.646776e-01 -2.412524e-01 -7.071075e-01
      outer loop
         vertex 1.306714e+02 3.728183e+01 5.864840e+01
         vertex 1.308477e+02 3.562207e+01 5.938046e+01
         vertex 1.301596e+02 3.587183e+01 5.864840e+01
      endloop
   endfacet
   facet normal 9.079675e-01 -3.295572e-01 -2.588185e-01
      outer loop
         vertex 1.306714e+02 3.728183e+01 5.864840e+01
         vertex 1.301596e+02 3.587183e+01 5.864840e+01
         vertex 1.304195e+02 3.737325e+01 5.764840e+01
      endloop
   endfacet
   facet normal 9.079675e-01 -3.295572e-01 -2.588185e-01
      outer loop
         vertex 1.304195e+02 3.737325e+01 5.764840e+01
         vertex 1.301596e+02 3.587183e+01 5.864840e+01
         vertex 1.299077e+02 3.596325e+01 5.764840e+01
      endloop
   endfacet
   facet normal 9.399971e-01 -3.411824e-01 0.000000e+00
      outer loop
         vertex 1.255526e+02 3.754400e+01 4.364840e+01
         vertex 1.255526e+02 3.754400e+01 5.764840e+01
         vertex 1.228231e+02 3.002402e+01 4.364840e+01
      endloop
   endfacet
   facet normal 9.399971e-01 -3.411824e-01 0.000000e+00
      outer loop
         vertex 1.228231e+02 3.002402e+01 4.364840e+01
         vertex 1.255526e+02 3.754400e+01 5.764840e+01
         vertex 1.228231e+02 3.002402e+01 5.764840e+01
      endloop
   endfacet
   facet normal 9.399970e-01 -3.411827e-01 0.000000e+00
      outer loop
         vertex 1.299077e+02 3.596325e+01 5.764840e+01
         vertex 1.299077e+02 3.596325e+01 4.364840e+01
         vertex 1.304195e+02 3.737325e+01 5.764840e+01
      endloop
   endfacet
   facet normal 9.399970e-01 -3.411827e-01 0.000000e+00
      outer loop
         vertex 1.304195e+02 3.737325e+01 5.764840e+01
         vertex 1.299077e+02 3.596325e+01 4.364840e+01
         vertex 1.304195e+02 3.737325e+01 4.364840e+01
      endloop
   endfacet
   facet normal -3.411822e-01 -9.399972e-01 2.423213e-06
      outer loop
         vertex 1.308477e+02 3.562207e+01 5.938046e+01
         vertex 1.317877e+02 3.528089e+01 5.964840e+01
         vertex 1.274326e+02 3.686163e+01 5.964840e+01
      endloop
   endfacet
   facet normal -3.411821e-01 -9.399972e-01 2.753341e-07
      outer loop
         vertex 1.261032e+02 3.734414e+01 5.906262e+01
         vertex 1.256957e+02 3.749206e+01 5.841377e+01
         vertex 1.267131e+02 3.712276e+01 5.949616e+01
      endloop
   endfacet
   facet normal -3.411822e-01 -9.399972e-01 4.496130e-07
      outer loop
         vertex 1.267131e+02 3.712276e+01 5.949616e+01
         vertex 1.256957e+02 3.749206e+01 5.841377e+01
         vertex 1.299077e+02 3.596325e+01 5.764840e+01
      endloop
   endfacet
   facet normal -3.411829e-01 -9.399969e-01 -7.908296e-07
      outer loop
         vertex 1.267131e+02 3.712276e+01 5.949616e+01
         vertex 1.299077e+02 3.596325e+01 5.764840e+01
         vertex 1.274326e+02 3.686163e+01 5.964840e+01
      endloop
   endfacet
   facet normal -3.411822e-01 -9.399972e-01 1.529402e-07
      outer loop
         vertex 1.274326e+02 3.686163e+01 5.964840e+01
         vertex 1.299077e+02 3.596325e+01 5.764840e+01
         vertex 1.301596e+02 3.587183e+01 5.864840e+01
      endloop
   endfacet
   facet normal -3.411824e-01 -9.399971e-01 -3.789760e-07
      outer loop
         vertex 1.274326e+02 3.686163e+01 5.964840e+01
         vertex 1.301596e+02 3.587183e+01 5.864840e+01
         vertex 1.308477e+02 3.562207e+01 5.938046e+01
      endloop
   endfacet
   facet normal -3.411822e-01 -9.399972e-01 -2.423213e-06
      outer loop
         vertex 1.317877e+02 3.528089e+01 4.164840e+01
         vertex 1.308477e+02 3.562207e+01 4.191635e+01
         vertex 1.274326e+02 3.686163e+01 4.164840e+01
      endloop
   endfacet
   facet normal -3.411824e-01 -9.399971e-01 3.789760e-07
      outer loop
         vertex 1.274326e+02 3.686163e+01 4.164840e+01
         vertex 1.308477e+02 3.562207e+01 4.191635e+01
         vertex 1.301596e+02 3.587183e+01 4.264840e+01
      endloop
   endfacet
   facet normal -3.411823e-01 -9.399971e-01 3.362347e-07
      outer loop
         vertex 1.274326e+02 3.686163e+01 4.164840e+01
         vertex 1.301596e+02 3.587183e+01 4.264840e+01
         vertex 1.264926e+02 3.720282e+01 4.191635e+01
      endloop
   endfacet
   facet normal -3.411822e-01 -9.399972e-01 -1.725391e-07
      outer loop
         vertex 1.264926e+02 3.720282e+01 4.191635e+01
         vertex 1.301596e+02 3.587183e+01 4.264840e+01
         vertex 1.299077e+02 3.596325e+01 4.364840e+01
      endloop
   endfacet
   facet normal -3.411825e-01 -9.399971e-01 -1.361602e-06
      outer loop
         vertex 1.256957e+02 3.749206e+01 5.841377e+01
         vertex 1.255526e+02 3.754400e+01 5.764840e+01
         vertex 1.299077e+02 3.596325e+01 5.764840e+01
      endloop
   endfacet
   facet normal -3.411825e-01 -9.399971e-01 0.000000e+00
      outer loop
         vertex 1.299077e+02 3.596325e+01 5.764840e+01
         vertex 1.255526e+02 3.754400e+01 5.764840e+01
         vertex 1.255526e+02 3.754400e+01 4.364840e+01
      endloop
   endfacet
   facet normal -3.411825e-01 -9.399971e-01 0.000000e+00
      outer loop
         vertex 1.299077e+02 3.596325e+01 5.764840e+01
         vertex 1.255526e+02 3.754400e+01 4.364840e+01
         vertex 1.299077e+02 3.596325e+01 4.364840e+01
      endloop
   endfacet
   facet normal -3.411825e-01 -9.399971e-01 -2.471992e-07
      outer loop
         vertex 1.299077e+02 3.596325e+01 4.364840e+01
         vertex 1.255526e+02 3.754400e+01 4.364840e+01
         vertex 1.258045e+02 3.745258e+01 4.264840e+01
      endloop
   endfacet
   facet normal -3.411828e-01 -9.399970e-01 1.021641e-06
      outer loop
         vertex 1.299077e+02 3.596325e+01 4.364840e+01
         vertex 1.258045e+02 3.745258e+01 4.264840e+01
         vertex 1.264926e+02 3.720282e+01 4.191635e+01
      endloop
   endfacet
   facet normal 0.000000e+00 0.000000e+00 -1.000000e+00
      outer loop
         vertex 1.349943e+02 3.571276e+01 5.964840e+01
         vertex 1.365796e+02 3.475270e+01 5.964840e+01
         vertex 1.376769e+02 3.325905e+01 5.964840e+01
      endloop
   endfacet
   facet normal 0.000000e+00 0.000000e+00 -1.000000e+00
      outer loop
         vertex 1.274326e+02 3.686163e+01 5.964840e+01
         vertex 1.317877e+02 3.528089e+01 5.964840e+01
         vertex 1.331119e+02 3.272476e+01 5.964840e+01
      endloop
   endfacet
   facet normal 0.000000e+00 0.000000e+00 -1.000000e+00
      outer loop
         vertex 1.331119e+02 3.272476e+01 5.964840e+01
         vertex 1.324085e+02 3.239598e+01 5.964840e+01
         vertex 1.274326e+02 3.686163e+01 5.964840e+01
      endloop
   endfacet
   facet normal 0.000000e+00 0.000000e+00 -1.000000e+00
      outer loop
         vertex 1.274326e+02 3.686163e+01 5.964840e+01
         vertex 1.324085e+02 3.239598e+01 5.964840e+01
         vertex 1.319637e+02 3.175955e+01 5.964840e+01
      endloop
   endfacet
   facet normal 0.000000e+00 0.000000e+00 -1.000000e+00
      outer loop
         vertex 1.274326e+02 3.686163e+01 5.964840e+01
         vertex 1.319637e+02 3.175955e+01 5.964840e+01
         vertex 1.247031e+02 2.934166e+01 5.964840e+01
      endloop
   endfacet
   facet normal 0.000000e+00 0.000000e+00 -1.000000e+00
      outer loop
         vertex 1.322995e+02 3.669088e+01 5.964840e+01
         vertex 1.345219e+02 3.221298e+01 5.964840e+01
         vertex 1.317877e+02 3.528089e+01 5.964840e+01
      endloop
   endfacet
   facet normal 0.000000e+00 0.000000e+00 -1.000000e+00
      outer loop
         vertex 1.317877e+02 3.528089e+01 5.964840e+01
         vertex 1.345219e+02 3.221298e+01 5.964840e+01
         vertex 1.338855e+02 3.265777e+01 5.964840e+01
      endloop
   endfacet
   facet normal 0.000000e+00 0.000000e+00 -1.000000e+00
      outer loop
         vertex 1.317877e+02 3.528089e+01 5.964840e+01
         vertex 1.338855e+02 3.265777e+01 5.964840e+01
         vertex 1.331119e+02 3.272476e+01 5.964840e+01
      endloop
   endfacet
   facet normal 0.000000e+00 0.000000e+00 -1.000000e+00
      outer loop
         vertex 1.322995e+02 3.669088e+01 5.964840e+01
         vertex 1.349943e+02 3.571276e+01 5.964840e+01
         vertex 1.345219e+02 3.221298e+01 5.964840e+01
      endloop
   endfacet
   facet normal 0.000000e+00 0.000000e+00 -1.000000e+00
      outer loop
         vertex 1.345219e+02 3.221298e+01 5.964840e+01
         vertex 1.349943e+02 3.571276e+01 5.964840e+01
         vertex 1.376769e+02 3.325905e+01 5.964840e+01
      endloop
   endfacet
   facet normal 0.000000e+00 0.000000e+00 -1.000000e+00
      outer loop
         vertex 1.345219e+02 3.221298e+01 5.964840e+01
         vertex 1.376769e+02 3.325905e+01 5.964840e+01
         vertex 1.348507e+02 3.150956e+01 5.964840e+01
      endloop
   endfacet
   facet normal 0.000000e+00 0.000000e+00 -1.000000e+00
      outer loop
         vertex 1.348507e+02 3.150956e+01 5.964840e+01
         vertex 1.376769e+02 3.325905e+01 5.964840e+01
         vertex 1.381190e+02 3.145920e+01 5.964840e+01
      endloop
   endfacet
   facet normal 0.000000e+00 0.000000e+00 -1.000000e+00
      outer loop
         vertex 1.348507e+02 3.150956e+01 5.964840e+01
         vertex 1.381190e+02 3.145920e+01 5.964840e+01
         vertex 1.347837e+02 3.073600e+01 5.964840e+01
      endloop
   endfacet
   facet normal 0.000000e+00 0.000000e+00 -1.000000e+00
      outer loop
         vertex 1.347837e+02 3.073600e+01 5.964840e+01
         vertex 1.381190e+02 3.145920e+01 5.964840e+01
         vertex 1.378387e+02 2.962716e+01 5.964840e+01
      endloop
   endfacet
   facet normal 0.000000e+00 0.000000e+00 -1.000000e+00
      outer loop
         vertex 1.347837e+02 3.073600e+01 5.964840e+01
         vertex 1.378387e+02 2.962716e+01 5.964840e+01
         vertex 1.343389e+02 3.009957e+01 5.964840e+01
      endloop
   endfacet
   facet normal 0.000000e+00 -0.000000e+00 -1.000000e+00
      outer loop
         vertex 1.319637e+02 3.175955e+01 5.964840e+01
         vertex 1.318967e+02 3.098599e+01 5.964840e+01
         vertex 1.247031e+02 2.934166e+01 5.964840e+01
      endloop
   endfacet
   facet normal 0.000000e+00 0.000000e+00 -1.000000e+00
      outer loop
         vertex 1.247031e+02 2.934166e+01 5.964840e+01
         vertex 1.318967e+02 3.098599e+01 5.964840e+01
         vertex 1.322255e+02 3.028257e+01 5.964840e+01
      endloop
   endfacet
   facet normal 0.000000e+00 0.000000e+00 -1.000000e+00
      outer loop
         vertex 1.247031e+02 2.934166e+01 5.964840e+01
         vertex 1.322255e+02 3.028257e+01 5.964840e+01
         vertex 1.317531e+02 2.678279e+01 5.964840e+01
      endloop
   endfacet
   facet normal 0.000000e+00 0.000000e+00 -1.000000e+00
      outer loop
         vertex 1.317531e+02 2.678279e+01 5.964840e+01
         vertex 1.322255e+02 3.028257e+01 5.964840e+01
         vertex 1.328619e+02 2.983778e+01 5.964840e+01
      endloop
   endfacet
   facet normal 0.000000e+00 0.000000e+00 -1.000000e+00
      outer loop
         vertex 1.317531e+02 2.678279e+01 5.964840e+01
         vertex 1.328619e+02 2.983778e+01 5.964840e+01
         vertex 1.335851e+02 2.650248e+01 5.964840e+01
      endloop
   endfacet
   facet normal 0.000000e+00 0.000000e+00 -1.000000e+00
      outer loop
         vertex 1.335851e+02 2.650248e+01 5.964840e+01
         vertex 1.328619e+02 2.983778e+01 5.964840e+01
         vertex 1.336355e+02 2.977080e+01 5.964840e+01
      endloop
   endfacet
   facet normal 0.000000e+00 0.000000e+00 -1.000000e+00
      outer loop
         vertex 1.335851e+02 2.650248e+01 5.964840e+01
         vertex 1.336355e+02 2.977080e+01 5.964840e+01
         vertex 1.353850e+02 2.694461e+01 5.964840e+01
      endloop
   endfacet
   facet normal 0.000000e+00 0.000000e+00 -1.000000e+00
      outer loop
         vertex 1.353850e+02 2.694461e+01 5.964840e+01
         vertex 1.336355e+02 2.977080e+01 5.964840e+01
         vertex 1.343389e+02 3.009957e+01 5.964840e+01
      endloop
   endfacet
   facet normal 0.000000e+00 0.000000e+00 -1.000000e+00
      outer loop
         vertex 1.353850e+02 2.694461e+01 5.964840e+01
         vertex 1.343389e+02 3.009957e+01 5.964840e+01
         vertex 1.368786e+02 2.804185e+01 5.964840e+01
      endloop
   endfacet
   facet normal 0.000000e+00 0.000000e+00 -1.000000e+00
      outer loop
         vertex 1.368786e+02 2.804185e+01 5.964840e+01
         vertex 1.343389e+02 3.009957e+01 5.964840e+01
         vertex 1.378387e+02 2.962716e+01 5.964840e+01
      endloop
   endfacet
   facet normal 0.000000e+00 0.000000e+00 1.000000e+00
      outer loop
         vertex 1.336355e+02 2.977080e+01 4.164840e+01
         vertex 1.328619e+02 2.983778e+01 4.164840e+01
         vertex 1.317531e+02 2.678279e+01 4.164840e+01
      endloop
   endfacet
   facet normal 0.000000e+00 0.000000e+00 1.000000e+00
      outer loop
         vertex 1.317531e+02 2.678279e+01 4.164840e+01
         vertex 1.328619e+02 2.983778e+01 4.164840e+01
         vertex 1.247031e+02 2.934166e+01 4.164840e+01
      endloop
   endfacet
   facet normal 0.000000e+00 0.000000e+00 1.000000e+00
      outer loop
         vertex 1.317877e+02 3.528089e+01 4.164840e+01
         vertex 1.274326e+02 3.686163e+01 4.164840e+01
         vertex 1.318967e+02 3.098599e+01 4.164840e+01
      endloop
   endfacet
   facet normal 0.000000e+00 0.000000e+00 1.000000e+00
      outer loop
         vertex 1.318967e+02 3.098599e+01 4.164840e+01
         vertex 1.274326e+02 3.686163e+01 4.164840e+01
         vertex 1.247031e+02 2.934166e+01 4.164840e+01
      endloop
   endfacet
   facet normal 0.000000e+00 0.000000e+00 1.000000e+00
      outer loop
         vertex 1.318967e+02 3.098599e+01 4.164840e+01
         vertex 1.247031e+02 2.934166e+01 4.164840e+01
         vertex 1.322255e+02 3.028257e+01 4.164840e+01
      endloop
   endfacet
   facet normal 0.000000e+00 0.000000e+00 1.000000e+00
      outer loop
         vertex 1.322255e+02 3.028257e+01 4.164840e+01
         vertex 1.247031e+02 2.934166e+01 4.164840e+01
         vertex 1.328619e+02 2.983778e+01 4.164840e+01
      endloop
   endfacet
   facet normal 0.000000e+00 0.000000e+00 1.000000e+00
      outer loop
         vertex 1.318967e+02 3.098599e+01 4.164840e+01
         vertex 1.319637e+02 3.175955e+01 4.164840e+01
         vertex 1.317877e+02 3.528089e+01 4.164840e+01
      endloop
   endfacet
   facet normal 0.000000e+00 0.000000e+00 1.000000e+00
      outer loop
         vertex 1.317877e+02 3.528089e+01 4.164840e+01
         vertex 1.319637e+02 3.175955e+01 4.164840e+01
         vertex 1.324085e+02 3.239598e+01 4.164840e+01
      endloop
   endfacet
   facet normal 0.000000e+00 0.000000e+00 1.000000e+00
      outer loop
         vertex 1.317877e+02 3.528089e+01 4.164840e+01
         vertex 1.324085e+02 3.239598e+01 4.164840e+01
         vertex 1.322995e+02 3.669088e+01 4.164840e+01
      endloop
   endfacet
   facet normal 0.000000e+00 0.000000e+00 1.000000e+00
      outer loop
         vertex 1.322995e+02 3.669088e+01 4.164840e+01
         vertex 1.324085e+02 3.239598e+01 4.164840e+01
         vertex 1.331119e+02 3.272476e+01 4.164840e+01
      endloop
   endfacet
   facet normal 0.000000e+00 0.000000e+00 1.000000e+00
      outer loop
         vertex 1.322995e+02 3.669088e+01 4.164840e+01
         vertex 1.331119e+02 3.272476e+01 4.164840e+01
         vertex 1.349943e+02 3.571276e+01 4.164840e+01
      endloop
   endfacet
   facet normal 0.000000e+00 0.000000e+00 1.000000e+00
      outer loop
         vertex 1.349943e+02 3.571276e+01 4.164840e+01
         vertex 1.331119e+02 3.272476e+01 4.164840e+01
         vertex 1.338855e+02 3.265777e+01 4.164840e+01
      endloop
   endfacet
   facet normal 0.000000e+00 0.000000e+00 1.000000e+00
      outer loop
         vertex 1.349943e+02 3.571276e+01 4.164840e+01
         vertex 1.338855e+02 3.265777e+01 4.164840e+01
         vertex 1.365796e+02 3.475270e+01 4.164840e+01
      endloop
   endfacet
   facet normal 0.000000e+00 0.000000e+00 1.000000e+00
      outer loop
         vertex 1.365796e+02 3.475270e+01 4.164840e+01
         vertex 1.338855e+02 3.265777e+01 4.164840e+01
         vertex 1.345219e+02 3.221298e+01 4.164840e+01
      endloop
   endfacet
   facet normal 0.000000e+00 0.000000e+00 1.000000e+00
      outer loop
         vertex 1.365796e+02 3.475270e+01 4.164840e+01
         vertex 1.345219e+02 3.221298e+01 4.164840e+01
         vertex 1.376769e+02 3.325905e+01 4.164840e+01
      endloop
   endfacet
   facet normal 0.000000e+00 0.000000e+00 1.000000e+00
      outer loop
         vertex 1.376769e+02 3.325905e+01 4.164840e+01
         vertex 1.345219e+02 3.221298e+01 4.164840e+01
         vertex 1.348507e+02 3.150956e+01 4.164840e+01
      endloop
   endfacet
   facet normal 0.000000e+00 0.000000e+00 1.000000e+00
      outer loop
         vertex 1.317531e+02 2.678279e+01 4.164840e+01
         vertex 1.335851e+02 2.650248e+01 4.164840e+01
         vertex 1.336355e+02 2.977080e+01 4.164840e+01
      endloop
   endfacet
   facet normal 0.000000e+00 0.000000e+00 1.000000e+00
      outer loop
         vertex 1.336355e+02 2.977080e+01 4.164840e+01
         vertex 1.335851e+02 2.650248e+01 4.164840e+01
         vertex 1.353850e+02 2.694461e+01 4.164840e+01
      endloop
   endfacet
   facet normal 0.000000e+00 0.000000e+00 1.000000e+00
      outer loop
         vertex 1.336355e+02 2.977080e+01 4.164840e+01
         vertex 1.353850e+02 2.694461e+01 4.164840e+01
         vertex 1.343389e+02 3.009957e+01 4.164840e+01
      endloop
   endfacet
   facet normal 0.000000e+00 0.000000e+00 1.000000e+00
      outer loop
         vertex 1.343389e+02 3.009957e+01 4.164840e+01
         vertex 1.353850e+02 2.694461e+01 4.164840e+01
         vertex 1.368786e+02 2.804185e+01 4.164840e+01
      endloop
   endfacet
   facet normal 0.000000e+00 0.000000e+00 1.000000e+00
      outer loop
         vertex 1.343389e+02 3.009957e+01 4.164840e+01
         vertex 1.368786e+02 2.804185e+01 4.164840e+01
         vertex 1.347837e+02 3.073600e+01 4.164840e+01
      endloop
   endfacet
   facet normal 0.000000e+00 0.000000e+00 1.000000e+00
      outer loop
         vertex 1.347837e+02 3.073600e+01 4.164840e+01
         vertex 1.368786e+02 2.804185e+01 4.164840e+01
         vertex 1.378387e+02 2.962716e+01 4.164840e+01
      endloop
   endfacet
   facet normal 0.000000e+00 0.000000e+00 1.000000e+00
      outer loop
         vertex 1.347837e+02 3.073600e+01 4.164840e+01
         vertex 1.378387e+02 2.962716e+01 4.164840e+01
         vertex 1.348507e+02 3.150956e+01 4.164840e+01
      endloop
   endfacet
   facet normal 0.000000e+00 0.000000e+00 1.000000e+00
      outer loop
         vertex 1.348507e+02 3.150956e+01 4.164840e+01
         vertex 1.378387e+02 2.962716e+01 4.164840e+01
         vertex 1.381190e+02 3.145920e+01 4.164840e+01
      endloop
   endfacet
   facet normal 0.000000e+00 0.000000e+00 1.000000e+00
      outer loop
         vertex 1.348507e+02 3.150956e+01 4.164840e+01
         vertex 1.381190e+02 3.145920e+01 4.164840e+01
         vertex 1.376769e+02 3.325905e+01 4.164840e+01
      endloop
   endfacet
   facet normal 0.000000e+00 0.000000e+00 -1.000000e+00
      outer loop
         vertex 1.318555e+02 2.706479e+01 3.864840e+01
         vertex 1.042361e+02 3.708956e+01 3.864840e+01
         vertex 1.318967e+02 3.098599e+01 3.864840e+01
      endloop
   endfacet
   facet normal 0.000000e+00 0.000000e+00 -1.000000e+00
      outer loop
         vertex 1.319637e+02 3.175955e+01 3.864840e+01
         vertex 1.031491e+02 4.143241e+01 3.864840e+01
         vertex 1.049962e+02 4.348745e+01 3.864840e+01
      endloop
   endfacet
   facet normal 0.000000e+00 0.000000e+00 -1.000000e+00
      outer loop
         vertex 1.042361e+02 3.708956e+01 3.864840e+01
         vertex 1.031524e+02 3.781911e+01 3.864840e+01
         vertex 1.025380e+02 3.897202e+01 3.864840e+01
      endloop
   endfacet
   facet normal 0.000000e+00 0.000000e+00 -1.000000e+00
      outer loop
         vertex 1.348920e+02 3.543076e+01 3.864840e+01
         vertex 1.363772e+02 3.453134e+01 3.864840e+01
         vertex 1.345219e+02 3.221298e+01 3.864840e+01
      endloop
   endfacet
   facet normal 0.000000e+00 0.000000e+00 -1.000000e+00
      outer loop
         vertex 1.345219e+02 3.221298e+01 3.864840e+01
         vertex 1.363772e+02 3.453134e+01 3.864840e+01
         vertex 1.374051e+02 3.313202e+01 3.864840e+01
      endloop
   endfacet
   facet normal 0.000000e+00 0.000000e+00 -1.000000e+00
      outer loop
         vertex 1.345219e+02 3.221298e+01 3.864840e+01
         vertex 1.374051e+02 3.313202e+01 3.864840e+01
         vertex 1.348507e+02 3.150956e+01 3.864840e+01
      endloop
   endfacet
   facet normal 0.000000e+00 0.000000e+00 -1.000000e+00
      outer loop
         vertex 1.348507e+02 3.150956e+01 3.864840e+01
         vertex 1.374051e+02 3.313202e+01 3.864840e+01
         vertex 1.378193e+02 3.144585e+01 3.864840e+01
      endloop
   endfacet
   facet normal 0.000000e+00 0.000000e+00 -1.000000e+00
      outer loop
         vertex 1.348507e+02 3.150956e+01 3.864840e+01
         vertex 1.378193e+02 3.144585e+01 3.864840e+01
         vertex 1.347837e+02 3.073600e+01 3.864840e+01
      endloop
   endfacet
   facet normal 0.000000e+00 0.000000e+00 -1.000000e+00
      outer loop
         vertex 1.347837e+02 3.073600e+01 3.864840e+01
         vertex 1.378193e+02 3.144585e+01 3.864840e+01
         vertex 1.375567e+02 2.972951e+01 3.864840e+01
      endloop
   endfacet
   facet normal 0.000000e+00 0.000000e+00 -1.000000e+00
      outer loop
         vertex 1.347837e+02 3.073600e+01 3.864840e+01
         vertex 1.375567e+02 2.972951e+01 3.864840e+01
         vertex 1.343389e+02 3.009957e+01 3.864840e+01
      endloop
   endfacet
   facet normal 0.000000e+00 0.000000e+00 -1.000000e+00
      outer loop
         vertex 1.324085e+02 3.239598e+01 3.864840e+01
         vertex 1.095529e+02 4.462787e+01 3.864840e+01
         vertex 1.331119e+02 3.272476e+01 3.864840e+01
      endloop
   endfacet
   facet normal 0.000000e+00 0.000000e+00 -1.000000e+00
      outer loop
         vertex 1.331119e+02 3.272476e+01 3.864840e+01
         vertex 1.095529e+02 4.462787e+01 3.864840e+01
         vertex 1.348920e+02 3.543076e+01 3.864840e+01
      endloop
   endfacet
   facet normal 0.000000e+00 0.000000e+00 -1.000000e+00
      outer loop
         vertex 1.331119e+02 3.272476e+01 3.864840e+01
         vertex 1.348920e+02 3.543076e+01 3.864840e+01
         vertex 1.338855e+02 3.265777e+01 3.864840e+01
      endloop
   endfacet
   facet normal 0.000000e+00 0.000000e+00 -1.000000e+00
      outer loop
         vertex 1.338855e+02 3.265777e+01 3.864840e+01
         vertex 1.348920e+02 3.543076e+01 3.864840e+01
         vertex 1.345219e+02 3.221298e+01 3.864840e+01
      endloop
   endfacet
   facet normal 0.000000e+00 -0.000000e+00 -1.000000e+00
      outer loop
         vertex 1.324085e+02 3.239598e+01 3.864840e+01
         vertex 1.319637e+02 3.175955e+01 3.864840e+01
         vertex 1.095529e+02 4.462787e+01 3.864840e+01
      endloop
   endfacet
   facet normal 0.000000e+00 -0.000000e+00 -1.000000e+00
      outer loop
         vertex 1.095529e+02 4.462787e+01 3.864840e+01
         vertex 1.319637e+02 3.175955e+01 3.864840e+01
         vertex 1.049962e+02 4.348745e+01 3.864840e+01
      endloop
   endfacet
   facet normal 0.000000e+00 0.000000e+00 -1.000000e+00
      outer loop
         vertex 1.095529e+02 4.462787e+01 3.864840e+01
         vertex 1.049962e+02 4.348745e+01 3.864840e+01
         vertex 1.079208e+02 4.487516e+01 3.864840e+01
      endloop
   endfacet
   facet normal 0.000000e+00 0.000000e+00 -1.000000e+00
      outer loop
         vertex 1.079208e+02 4.487516e+01 3.864840e+01
         vertex 1.049962e+02 4.348745e+01 3.864840e+01
         vertex 1.063194e+02 4.447438e+01 3.864840e+01
      endloop
   endfacet
   facet normal 0.000000e+00 -0.000000e+00 -1.000000e+00
      outer loop
         vertex 1.319637e+02 3.175955e+01 3.864840e+01
         vertex 1.318967e+02 3.098599e+01 3.864840e+01
         vertex 1.031491e+02 4.143241e+01 3.864840e+01
      endloop
   endfacet
   facet normal 0.000000e+00 0.000000e+00 -1.000000e+00
      outer loop
         vertex 1.031491e+02 4.143241e+01 3.864840e+01
         vertex 1.318967e+02 3.098599e+01 3.864840e+01
         vertex 1.042361e+02 3.708956e+01 3.864840e+01
      endloop
   endfacet
   facet normal 0.000000e+00 0.000000e+00 -1.000000e+00
      outer loop
         vertex 1.031491e+02 4.143241e+01 3.864840e+01
         vertex 1.042361e+02 3.708956e+01 3.864840e+01
         vertex 1.025369e+02 4.027840e+01 3.864840e+01
      endloop
   endfacet
   facet normal 0.000000e+00 0.000000e+00 -1.000000e+00
      outer loop
         vertex 1.025369e+02 4.027840e+01 3.864840e+01
         vertex 1.042361e+02 3.708956e+01 3.864840e+01
         vertex 1.025380e+02 3.897202e+01 3.864840e+01
      endloop
   endfacet
   facet normal 0.000000e+00 0.000000e+00 -1.000000e+00
      outer loop
         vertex 1.318967e+02 3.098599e+01 3.864840e+01
         vertex 1.322255e+02 3.028257e+01 3.864840e+01
         vertex 1.318555e+02 2.706479e+01 3.864840e+01
      endloop
   endfacet
   facet normal 0.000000e+00 0.000000e+00 -1.000000e+00
      outer loop
         vertex 1.318555e+02 2.706479e+01 3.864840e+01
         vertex 1.322255e+02 3.028257e+01 3.864840e+01
         vertex 1.328619e+02 2.983778e+01 3.864840e+01
      endloop
   endfacet
   facet normal 0.000000e+00 0.000000e+00 -1.000000e+00
      outer loop
         vertex 1.318555e+02 2.706479e+01 3.864840e+01
         vertex 1.328619e+02 2.983778e+01 3.864840e+01
         vertex 1.335718e+02 2.680218e+01 3.864840e+01
      endloop
   endfacet
   facet normal 0.000000e+00 0.000000e+00 -1.000000e+00
      outer loop
         vertex 1.335718e+02 2.680218e+01 3.864840e+01
         vertex 1.328619e+02 2.983778e+01 3.864840e+01
         vertex 1.336355e+02 2.977080e+01 3.864840e+01
      endloop
   endfacet
   facet normal 0.000000e+00 0.000000e+00 -1.000000e+00
      outer loop
         vertex 1.335718e+02 2.680218e+01 3.864840e+01
         vertex 1.336355e+02 2.977080e+01 3.864840e+01
         vertex 1.352580e+02 2.721638e+01 3.864840e+01
      endloop
   endfacet
   facet normal 0.000000e+00 0.000000e+00 -1.000000e+00
      outer loop
         vertex 1.352580e+02 2.721638e+01 3.864840e+01
         vertex 1.336355e+02 2.977080e+01 3.864840e+01
         vertex 1.343389e+02 3.009957e+01 3.864840e+01
      endloop
   endfacet
   facet normal 0.000000e+00 0.000000e+00 -1.000000e+00
      outer loop
         vertex 1.352580e+02 2.721638e+01 3.864840e+01
         vertex 1.343389e+02 3.009957e+01 3.864840e+01
         vertex 1.366573e+02 2.824433e+01 3.864840e+01
      endloop
   endfacet
   facet normal 0.000000e+00 0.000000e+00 -1.000000e+00
      outer loop
         vertex 1.366573e+02 2.824433e+01 3.864840e+01
         vertex 1.343389e+02 3.009957e+01 3.864840e+01
         vertex 1.375567e+02 2.972951e+01 3.864840e+01
      endloop
   endfacet
   facet normal 0.000000e+00 0.000000e+00 1.000000e+00
      outer loop
         vertex 1.336355e+02 2.977080e+01 6.264840e+01
         vertex 1.328619e+02 2.983778e+01 6.264840e+01
         vertex 1.318555e+02 2.706479e+01 6.264840e+01
      endloop
   endfacet
   facet normal 0.000000e+00 0.000000e+00 1.000000e+00
      outer loop
         vertex 1.318555e+02 2.706479e+01 6.264840e+01
         vertex 1.328619e+02 2.983778e+01 6.264840e+01
         vertex 1.322255e+02 3.028257e+01 6.264840e+01
      endloop
   endfacet
   facet normal 0.000000e+00 0.000000e+00 1.000000e+00
      outer loop
         vertex 1.318555e+02 2.706479e+01 6.264840e+01
         vertex 1.322255e+02 3.028257e+01 6.264840e+01
         vertex 1.042361e+02 3.708956e+01 6.264840e+01
      endloop
   endfacet
   facet normal 0.000000e+00 0.000000e+00 1.000000e+00
      outer loop
         vertex 1.042361e+02 3.708956e+01 6.264840e+01
         vertex 1.322255e+02 3.028257e+01 6.264840e+01
         vertex 1.318967e+02 3.098599e+01 6.264840e+01
      endloop
   endfacet
   facet normal 0.000000e+00 0.000000e+00 1.000000e+00
      outer loop
         vertex 1.042361e+02 3.708956e+01 6.264840e+01
         vertex 1.318967e+02 3.098599e+01 6.264840e+01
         vertex 1.319637e+02 3.175955e+01 6.264840e+01
      endloop
   endfacet
   facet normal 0.000000e+00 0.000000e+00 1.000000e+00
      outer loop
         vertex 1.025380e+02 3.897202e+01 6.264840e+01
         vertex 1.031524e+02 3.781911e+01 6.264840e+01
         vertex 1.042361e+02 3.708956e+01 6.264840e+01
      endloop
   endfacet
   facet normal 0.000000e+00 0.000000e+00 1.000000e+00
      outer loop
         vertex 1.095529e+02 4.462787e+01 6.264840e+01
         vertex 1.079208e+02 4.487516e+01 6.264840e+01
         vertex 1.063194e+02 4.447438e+01 6.264840e+01
      endloop
   endfacet
   facet normal 0.000000e+00 0.000000e+00 1.000000e+00
      outer loop
         vertex 1.348920e+02 3.543076e+01 6.264840e+01
         vertex 1.338855e+02 3.265777e+01 6.264840e+01
         vertex 1.363772e+02 3.453134e+01 6.264840e+01
      endloop
   endfacet
   facet normal 0.000000e+00 0.000000e+00 1.000000e+00
      outer loop
         vertex 1.363772e+02 3.453134e+01 6.264840e+01
         vertex 1.338855e+02 3.265777e+01 6.264840e+01
         vertex 1.345219e+02 3.221298e+01 6.264840e+01
      endloop
   endfacet
   facet normal 0.000000e+00 0.000000e+00 1.000000e+00
      outer loop
         vertex 1.363772e+02 3.453134e+01 6.264840e+01
         vertex 1.345219e+02 3.221298e+01 6.264840e+01
         vertex 1.374051e+02 3.313202e+01 6.264840e+01
      endloop
   endfacet
   facet normal 0.000000e+00 0.000000e+00 1.000000e+00
      outer loop
         vertex 1.374051e+02 3.313202e+01 6.264840e+01
         vertex 1.345219e+02 3.221298e+01 6.264840e+01
         vertex 1.348507e+02 3.150956e+01 6.264840e+01
      endloop
   endfacet
   facet normal 0.000000e+00 0.000000e+00 1.000000e+00
      outer loop
         vertex 1.324085e+02 3.239598e+01 6.264840e+01
         vertex 1.049962e+02 4.348745e+01 6.264840e+01
         vertex 1.319637e+02 3.175955e+01 6.264840e+01
      endloop
   endfacet
   facet normal 0.000000e+00 0.000000e+00 1.000000e+00
      outer loop
         vertex 1.319637e+02 3.175955e+01 6.264840e+01
         vertex 1.049962e+02 4.348745e+01 6.264840e+01
         vertex 1.031491e+02 4.143241e+01 6.264840e+01
      endloop
   endfacet
   facet normal 0.000000e+00 0.000000e+00 1.000000e+00
      outer loop
         vertex 1.319637e+02 3.175955e+01 6.264840e+01
         vertex 1.031491e+02 4.143241e+01 6.264840e+01
         vertex 1.042361e+02 3.708956e+01 6.264840e+01
      endloop
   endfacet
   facet normal 0.000000e+00 0.000000e+00 1.000000e+00
      outer loop
         vertex 1.042361e+02 3.708956e+01 6.264840e+01
         vertex 1.031491e+02 4.143241e+01 6.264840e+01
         vertex 1.025369e+02 4.027840e+01 6.264840e+01
      endloop
   endfacet
   facet normal 0.000000e+00 0.000000e+00 1.000000e+00
      outer loop
         vertex 1.042361e+02 3.708956e+01 6.264840e+01
         vertex 1.025369e+02 4.027840e+01 6.264840e+01
         vertex 1.025380e+02 3.897202e+01 6.264840e+01
      endloop
   endfacet
   facet normal 0.000000e+00 0.000000e+00 1.000000e+00
      outer loop
         vertex 1.063194e+02 4.447438e+01 6.264840e+01
         vertex 1.049962e+02 4.348745e+01 6.264840e+01
         vertex 1.095529e+02 4.462787e+01 6.264840e+01
      endloop
   endfacet
   facet normal 0.000000e+00 0.000000e+00 1.000000e+00
      outer loop
         vertex 1.095529e+02 4.462787e+01 6.264840e+01
         vertex 1.049962e+02 4.348745e+01 6.264840e+01
         vertex 1.324085e+02 3.239598e+01 6.264840e+01
      endloop
   endfacet
   facet normal 0.000000e+00 0.000000e+00 1.000000e+00
      outer loop
         vertex 1.095529e+02 4.462787e+01 6.264840e+01
         vertex 1.324085e+02 3.239598e+01 6.264840e+01
         vertex 1.348920e+02 3.543076e+01 6.264840e+01
      endloop
   endfacet
   facet normal 0.000000e+00 0.000000e+00 1.000000e+00
      outer loop
         vertex 1.348920e+02 3.543076e+01 6.264840e+01
         vertex 1.324085e+02 3.239598e+01 6.264840e+01
         vertex 1.331119e+02 3.272476e+01 6.264840e+01
      endloop
   endfacet
   facet normal 0.000000e+00 0.000000e+00 1.000000e+00
      outer loop
         vertex 1.348920e+02 3.543076e+01 6.264840e+01
         vertex 1.331119e+02 3.272476e+01 6.264840e+01
         vertex 1.338855e+02 3.265777e+01 6.264840e+01
      endloop
   endfacet
   facet normal 0.000000e+00 0.000000e+00 1.000000e+00
      outer loop
         vertex 1.318555e+02 2.706479e+01 6.264840e+01
         vertex 1.335718e+02 2.680218e+01 6.264840e+01
         vertex 1.336355e+02 2.977080e+01 6.264840e+01
      endloop
   endfacet
   facet normal 0.000000e+00 0.000000e+00 1.000000e+00
      outer loop
         vertex 1.336355e+02 2.977080e+01 6.264840e+01
         vertex 1.335718e+02 2.680218e+01 6.264840e+01
         vertex 1.352580e+02 2.721638e+01 6.264840e+01
      endloop
   endfacet
   facet normal 0.000000e+00 0.000000e+00 1.000000e+00
      outer loop
         vertex 1.336355e+02 2.977080e+01 6.264840e+01
         vertex 1.352580e+02 2.721638e+01 6.264840e+01
         vertex 1.343389e+02 3.009957e+01 6.264840e+01
      endloop
   endfacet
   facet normal 0.000000e+00 0.000000e+00 1.000000e+00
      outer loop
         vertex 1.343389e+02 3.009957e+01 6.264840e+01
         vertex 1.352580e+02 2.721638e+01 6.264840e+01
         vertex 1.366573e+02 2.824433e+01 6.264840e+01
      endloop
   endfacet
   facet normal 0.000000e+00 0.000000e+00 1.000000e+00
      outer loop
         vertex 1.343389e+02 3.009957e+01 6.264840e+01
         vertex 1.366573e+02 2.824433e+01 6.264840e+01
         vertex 1.347837e+02 3.073600e+01 6.264840e+01
      endloop
   endfacet
   facet normal 0.000000e+00 0.000000e+00 1.000000e+00
      outer loop
         vertex 1.347837e+02 3.073600e+01 6.264840e+01
         vertex 1.366573e+02 2.824433e+01 6.264840e+01
         vertex 1.375567e+02 2.972951e+01 6.264840e+01
      endloop
   endfacet
   facet normal 0.000000e+00 0.000000e+00 1.000000e+00
      outer loop
         vertex 1.347837e+02 3.073600e+01 6.264840e+01
         vertex 1.375567e+02 2.972951e+01 6.264840e+01
         vertex 1.348507e+02 3.150956e+01 6.264840e+01
      endloop
   endfacet
   facet normal 0.000000e+00 0.000000e+00 1.000000e+00
      outer loop
         vertex 1.348507e+02 3.150956e+01 6.264840e+01
         vertex 1.375567e+02 2.972951e+01 6.264840e+01
         vertex 1.378193e+02 3.144585e+01 6.264840e+01
      endloop
   endfacet
   facet normal 0.000000e+00 0.000000e+00 1.000000e+00
      outer loop
         vertex 1.348507e+02 3.150956e+01 6.264840e+01
         vertex 1.378193e+02 3.144585e+01 6.264840e+01
         vertex 1.374051e+02 3.313202e+01 6.264840e+01
      endloop
   endfacet
   facet normal -1.512427e-01 -9.884967e-01 0.000000e+00
      outer loop
         vertex 1.317531e+02 2.678279e+01 4.164840e+01
         vertex 1.317531e+02 2.678279e+01 3.894840e+01
         vertex 1.335851e+02 2.650248e+01 3.894840e+01
      endloop
   endfacet
   facet normal -1.512427e-01 -9.884967e-01 0.000000e+00
      outer loop
         vertex 1.317531e+02 2.678279e+01 4.164840e+01
         vertex 1.335851e+02 2.650248e+01 3.894840e+01
         vertex 1.335851e+02 2.650248e+01 4.164840e+01
      endloop
   endfacet
   facet normal 2.385529e-01 -9.711295e-01 0.000000e+00
      outer loop
         vertex 1.335851e+02 2.650248e+01 4.164840e+01
         vertex 1.335851e+02 2.650248e+01 3.894840e+01
         vertex 1.353850e+02 2.694461e+01 3.894840e+01
      endloop
   endfacet
   facet normal 2.385529e-01 -9.711295e-01 0.000000e+00
      outer loop
         vertex 1.335851e+02 2.650248e+01 4.164840e+01
         vertex 1.353850e+02 2.694461e+01 3.894840e+01
         vertex 1.353850e+02 2.694461e+01 4.164840e+01
      endloop
   endfacet
   facet normal 5.920275e-01 -8.059177e-01 0.000000e+00
      outer loop
         vertex 1.353850e+02 2.694461e+01 4.164840e+01
         vertex 1.353850e+02 2.694461e+01 3.894840e+01
         vertex 1.368786e+02 2.804185e+01 3.894840e+01
      endloop
   endfacet
   facet normal 5.920275e-01 -8.059177e-01 0.000000e+00
      outer loop
         vertex 1.353850e+02 2.694461e+01 4.164840e+01
         vertex 1.368786e+02 2.804185e+01 3.894840e+01
         vertex 1.368786e+02 2.804185e+01 4.164840e+01
      endloop
   endfacet
   facet normal 8.553736e-01 -5.180115e-01 0.000000e+00
      outer loop
         vertex 1.368786e+02 2.804185e+01 4.164840e+01
         vertex 1.368786e+02 2.804185e+01 3.894840e+01
         vertex 1.378387e+02 2.962716e+01 3.894840e+01
      endloop
   endfacet
   facet normal 8.553736e-01 -5.180115e-01 0.000000e+00
      outer loop
         vertex 1.368786e+02 2.804185e+01 4.164840e+01
         vertex 1.378387e+02 2.962716e+01 3.894840e+01
         vertex 1.378387e+02 2.962716e+01 4.164840e+01
      endloop
   endfacet
   facet normal 9.884969e-01 -1.512409e-01 0.000000e+00
      outer loop
         vertex 1.378387e+02 2.962716e+01 4.164840e+01
         vertex 1.378387e+02 2.962716e+01 3.894840e+01
         vertex 1.381190e+02 3.145920e+01 3.894840e+01
      endloop
   endfacet
   facet normal 9.884969e-01 -1.512409e-01 0.000000e+00
      outer loop
         vertex 1.378387e+02 2.962716e+01 4.164840e+01
         vertex 1.381190e+02 3.145920e+01 3.894840e+01
         vertex 1.381190e+02 3.145920e+01 4.164840e+01
      endloop
   endfacet
   facet normal 9.711299e-01 2.385512e-01 0.000000e+00
      outer loop
         vertex 1.381190e+02 3.145920e+01 4.164840e+01
         vertex 1.381190e+02 3.145920e+01 3.894840e+01
         vertex 1.376769e+02 3.325905e+01 3.894840e+01
      endloop
   endfacet
   facet normal 9.711299e-01 2.385512e-01 0.000000e+00
      outer loop
         vertex 1.381190e+02 3.145920e+01 4.164840e+01
         vertex 1.376769e+02 3.325905e+01 3.894840e+01
         vertex 1.376769e+02 3.325905e+01 4.164840e+01
      endloop
   endfacet
   facet normal 8.059173e-01 5.920281e-01 0.000000e+00
      outer loop
         vertex 1.376769e+02 3.325905e+01 4.164840e+01
         vertex 1.376769e+02 3.325905e+01 3.894840e+01
         vertex 1.365796e+02 3.475270e+01 3.894840e+01
      endloop
   endfacet
   facet normal 8.059173e-01 5.920281e-01 0.000000e+00
      outer loop
         vertex 1.376769e+02 3.325905e+01 4.164840e+01
         vertex 1.365796e+02 3.475270e+01 3.894840e+01
         vertex 1.365796e+02 3.475270e+01 4.164840e+01
      endloop
   endfacet
   facet normal 5.180108e-01 8.553741e-01 0.000000e+00
      outer loop
         vertex 1.365796e+02 3.475270e+01 4.164840e+01
         vertex 1.365796e+02 3.475270e+01 3.894840e+01
         vertex 1.349943e+02 3.571276e+01 3.894840e+01
      endloop
   endfacet
   facet normal 5.180108e-01 8.553741e-01 0.000000e+00
      outer loop
         vertex 1.365796e+02 3.475270e+01 4.164840e+01
         vertex 1.349943e+02 3.571276e+01 3.894840e+01
         vertex 1.349943e+02 3.571276e+01 4.164840e+01
      endloop
   endfacet
   facet normal -1.512427e-01 -9.884967e-01 0.000000e+00
      outer loop
         vertex 1.317531e+02 2.678279e+01 6.234840e+01
         vertex 1.317531e+02 2.678279e+01 5.964840e+01
         vertex 1.335851e+02 2.650248e+01 5.964840e+01
      endloop
   endfacet
   facet normal -1.512427e-01 -9.884967e-01 0.000000e+00
      outer loop
         vertex 1.317531e+02 2.678279e+01 6.234840e+01
         vertex 1.335851e+02 2.650248e+01 5.964840e+01
         vertex 1.335851e+02 2.650248e+01 6.234840e+01
      endloop
   endfacet
   facet normal 2.385529e-01 -9.711295e-01 0.000000e+00
      outer loop
         vertex 1.335851e+02 2.650248e+01 6.234840e+01
         vertex 1.335851e+02 2.650248e+01 5.964840e+01
         vertex 1.353850e+02 2.694461e+01 5.964840e+01
      endloop
   endfacet
   facet normal 2.385529e-01 -9.711295e-01 0.000000e+00
      outer loop
         vertex 1.335851e+02 2.650248e+01 6.234840e+01
         vertex 1.353850e+02 2.694461e+01 5.964840e+01
         vertex 1.353850e+02 2.694461e+01 6.234840e+01
      endloop
   endfacet
   facet normal 5.920275e-01 -8.059177e-01 0.000000e+00
      outer loop
         vertex 1.353850e+02 2.694461e+01 6.234840e+01
         vertex 1.353850e+02 2.694461e+01 5.964840e+01
         vertex 1.368786e+02 2.804185e+01 5.964840e+01
      endloop
   endfacet
   facet normal 5.920275e-01 -8.059177e-01 0.000000e+00
      outer loop
         vertex 1.353850e+02 2.694461e+01 6.234840e+01
         vertex 1.368786e+02 2.804185e+01 5.964840e+01
         vertex 1.368786e+02 2.804185e+01 6.234840e+01
      endloop
   endfacet
   facet normal 8.553736e-01 -5.180115e-01 0.000000e+00
      outer loop
         vertex 1.368786e+02 2.804185e+01 6.234840e+01
         vertex 1.368786e+02 2.804185e+01 5.964840e+01
         vertex 1.378387e+02 2.962716e+01 5.964840e+01
      endloop
   endfacet
   facet normal 8.553736e-01 -5.180115e-01 0.000000e+00
      outer loop
         vertex 1.368786e+02 2.804185e+01 6.234840e+01
         vertex 1.378387e+02 2.962716e+01 5.964840e+01
         vertex 1.378387e+02 2.962716e+01 6.234840e+01
      endloop
   endfacet
   facet normal 9.884969e-01 -1.512409e-01 0.000000e+00
      outer loop
         vertex 1.378387e+02 2.962716e+01 6.234840e+01
         vertex 1.378387e+02 2.962716e+01 5.964840e+01
         vertex 1.381190e+02 3.145920e+01 5.964840e+01
      endloop
   endfacet
   facet normal 9.884969e-01 -1.512409e-01 0.000000e+00
      outer loop
         vertex 1.378387e+02 2.962716e+01 6.234840e+01
         vertex 1.381190e+02 3.145920e+01 5.964840e+01
         vertex 1.381190e+02 3.145920e+01 6.234840e+01
      endloop
   endfacet
   facet normal 9.711299e-01 2.385512e-01 0.000000e+00
      outer loop
         vertex 1.381190e+02 3.145920e+01 6.234840e+01
         vertex 1.381190e+02 3.145920e+01 5.964840e+01
         vertex 1.376769e+02 3.325905e+01 5.964840e+01
      endloop
   endfacet
   facet normal 9.711299e-01 2.385512e-01 0.000000e+00
      outer loop
         vertex 1.381190e+02 3.145920e+01 6.234840e+01
         vertex 1.376769e+02 3.325905e+01 5.964840e+01
         vertex 1.376769e+02 3.325905e+01 6.234840e+01
      endloop
   endfacet
   facet normal 8.059173e-01 5.920281e-01 0.000000e+00
      outer loop
         vertex 1.376769e+02 3.325905e+01 6.234840e+01
         vertex 1.376769e+02 3.325905e+01 5.964840e+01
         vertex 1.365796e+02 3.475270e+01 5.964840e+01
      endloop
   endfacet
   facet normal 8.059173e-01 5.920281e-01 0.000000e+00
      outer loop
         vertex 1.376769e+02 3.325905e+01 6.234840e+01
         vertex 1.365796e+02 3.475270e+01 5.964840e+01
         vertex 1.365796e+02 3.475270e+01 6.234840e+01
      endloop
   endfacet
   facet normal 5.180108e-01 8.553741e-01 0.000000e+00
      outer loop
         vertex 1.365796e+02 3.475270e+01 6.234840e+01
         vertex 1.365796e+02 3.475270e+01 5.964840e+01
         vertex 1.349943e+02 3.571276e+01 5.964840e+01
      endloop
   endfacet
   facet normal 5.180108e-01 8.553741e-01 0.000000e+00
      outer loop
         vertex 1.365796e+02 3.475270e+01 6.234840e+01
         vertex 1.349943e+02 3.571276e+01 5.964840e+01
         vertex 1.349943e+02 3.571276e+01 6.234840e+01
      endloop
   endfacet
   facet normal -7.437410e-01 6.684679e-01 -0.000000e+00
      outer loop
         vertex 1.047731e+02 4.368799e+01 6.234840e+01
         vertex 1.047731e+02 4.368799e+01 5.864840e+01
         vertex 1.029260e+02 4.163295e+01 6.234840e+01
      endloop
   endfacet
   facet normal -7.437410e-01 6.684679e-01 -0.000000e+00
      outer loop
         vertex 1.029260e+02 4.163295e+01 6.234840e+01
         vertex 1.047731e+02 4.368799e+01 5.864840e+01
         vertex 1.029260e+02 4.163295e+01 5.864840e+01
      endloop
   endfacet
   facet normal 0.000000e+00 0.000000e+00 -1.000000e+00
      outer loop
         vertex 9.551204e+01 4.637205e+01 4.264840e+01
         vertex 9.480863e+01 4.604328e+01 4.264840e+01
         vertex 9.370531e+01 4.895142e+01 4.264840e+01
      endloop
   endfacet
   facet normal 0.000000e+00 0.000000e+00 -1.000000e+00
      outer loop
         vertex 9.370531e+01 4.895142e+01 4.264840e+01
         vertex 9.480863e+01 4.604328e+01 4.264840e+01
         vertex 9.436384e+01 4.540684e+01 4.264840e+01
      endloop
   endfacet
   facet normal 0.000000e+00 0.000000e+00 -1.000000e+00
      outer loop
         vertex 9.370531e+01 4.895142e+01 4.264840e+01
         vertex 9.436384e+01 4.540684e+01 4.264840e+01
         vertex 9.158505e+01 4.310987e+01 4.264840e+01
      endloop
   endfacet
   facet normal 0.000000e+00 0.000000e+00 -1.000000e+00
      outer loop
         vertex 9.158505e+01 4.310987e+01 4.264840e+01
         vertex 9.436384e+01 4.540684e+01 4.264840e+01
         vertex 9.429685e+01 4.463328e+01 4.264840e+01
      endloop
   endfacet
   facet normal 0.000000e+00 0.000000e+00 -1.000000e+00
      outer loop
         vertex 9.158505e+01 4.310987e+01 4.264840e+01
         vertex 9.429685e+01 4.463328e+01 4.264840e+01
         vertex 9.193571e+01 4.245082e+01 4.264840e+01
      endloop
   endfacet
   facet normal 0.000000e+00 0.000000e+00 -1.000000e+00
      outer loop
         vertex 9.193571e+01 4.245082e+01 4.264840e+01
         vertex 9.429685e+01 4.463328e+01 4.264840e+01
         vertex 9.462562e+01 4.392986e+01 4.264840e+01
      endloop
   endfacet
   facet normal 0.000000e+00 0.000000e+00 -1.000000e+00
      outer loop
         vertex 9.193571e+01 4.245082e+01 4.264840e+01
         vertex 9.462562e+01 4.392986e+01 4.264840e+01
         vertex 9.295115e+01 4.137223e+01 4.264840e+01
      endloop
   endfacet
   facet normal 0.000000e+00 0.000000e+00 -1.000000e+00
      outer loop
         vertex 9.295115e+01 4.137223e+01 4.264840e+01
         vertex 9.462562e+01 4.392986e+01 4.264840e+01
         vertex 9.526206e+01 4.348507e+01 4.264840e+01
      endloop
   endfacet
   facet normal 0.000000e+00 0.000000e+00 -1.000000e+00
      outer loop
         vertex 9.295115e+01 4.137223e+01 4.264840e+01
         vertex 9.526206e+01 4.348507e+01 4.264840e+01
         vertex 9.402057e+01 4.079738e+01 4.264840e+01
      endloop
   endfacet
   facet normal 0.000000e+00 0.000000e+00 -1.000000e+00
      outer loop
         vertex 9.402057e+01 4.079738e+01 4.264840e+01
         vertex 9.526206e+01 4.348507e+01 4.264840e+01
         vertex 1.030068e+02 3.753571e+01 4.264840e+01
      endloop
   endfacet
   facet normal 0.000000e+00 0.000000e+00 -1.000000e+00
      outer loop
         vertex 9.526206e+01 4.348507e+01 4.264840e+01
         vertex 9.603562e+01 4.341809e+01 4.264840e+01
         vertex 1.030068e+02 3.753571e+01 4.264840e+01
      endloop
   endfacet
   facet normal 0.000000e+00 0.000000e+00 -1.000000e+00
      outer loop
         vertex 1.030068e+02 3.753571e+01 4.264840e+01
         vertex 9.603562e+01 4.341809e+01 4.264840e+01
         vertex 9.673904e+01 4.374686e+01 4.264840e+01
      endloop
   endfacet
   facet normal 0.000000e+00 0.000000e+00 -1.000000e+00
      outer loop
         vertex 1.030068e+02 3.753571e+01 4.264840e+01
         vertex 9.673904e+01 4.374686e+01 4.264840e+01
         vertex 1.029296e+02 3.761817e+01 4.264840e+01
      endloop
   endfacet
   facet normal 0.000000e+00 0.000000e+00 -1.000000e+00
      outer loop
         vertex 1.029296e+02 3.761817e+01 4.264840e+01
         vertex 9.673904e+01 4.374686e+01 4.264840e+01
         vertex 1.022470e+02 3.889919e+01 4.264840e+01
      endloop
   endfacet
   facet normal 0.000000e+00 0.000000e+00 -1.000000e+00
      outer loop
         vertex 9.370531e+01 4.895142e+01 4.264840e+01
         vertex 9.439706e+01 4.923212e+01 4.264840e+01
         vertex 9.551204e+01 4.637205e+01 4.264840e+01
      endloop
   endfacet
   facet normal 0.000000e+00 0.000000e+00 -1.000000e+00
      outer loop
         vertex 9.551204e+01 4.637205e+01 4.264840e+01
         vertex 9.439706e+01 4.923212e+01 4.264840e+01
         vertex 9.586792e+01 4.940828e+01 4.264840e+01
      endloop
   endfacet
   facet normal 0.000000e+00 0.000000e+00 -1.000000e+00
      outer loop
         vertex 9.551204e+01 4.637205e+01 4.264840e+01
         vertex 9.586792e+01 4.940828e+01 4.264840e+01
         vertex 9.628560e+01 4.630507e+01 4.264840e+01
      endloop
   endfacet
   facet normal 0.000000e+00 0.000000e+00 -1.000000e+00
      outer loop
         vertex 9.628560e+01 4.630507e+01 4.264840e+01
         vertex 9.586792e+01 4.940828e+01 4.264840e+01
         vertex 9.705709e+01 4.916335e+01 4.264840e+01
      endloop
   endfacet
   facet normal 0.000000e+00 0.000000e+00 -1.000000e+00
      outer loop
         vertex 9.628560e+01 4.630507e+01 4.264840e+01
         vertex 9.705709e+01 4.916335e+01 4.264840e+01
         vertex 9.692204e+01 4.586028e+01 4.264840e+01
      endloop
   endfacet
   facet normal 0.000000e+00 0.000000e+00 -1.000000e+00
      outer loop
         vertex 9.692204e+01 4.586028e+01 4.264840e+01
         vertex 9.705709e+01 4.916335e+01 4.264840e+01
         vertex 1.080343e+02 4.517907e+01 4.264840e+01
      endloop
   endfacet
   facet normal 0.000000e+00 0.000000e+00 -1.000000e+00
      outer loop
         vertex 9.692204e+01 4.586028e+01 4.264840e+01
         vertex 1.080343e+02 4.517907e+01 4.264840e+01
         vertex 9.725081e+01 4.515686e+01 4.264840e+01
      endloop
   endfacet
   facet normal 0.000000e+00 0.000000e+00 -1.000000e+00
      outer loop
         vertex 9.725081e+01 4.515686e+01 4.264840e+01
         vertex 1.080343e+02 4.517907e+01 4.264840e+01
         vertex 1.079065e+02 4.517482e+01 4.264840e+01
      endloop
   endfacet
   facet normal 0.000000e+00 0.000000e+00 -1.000000e+00
      outer loop
         vertex 1.079065e+02 4.517482e+01 4.264840e+01
         vertex 1.061908e+02 4.474542e+01 4.264840e+01
         vertex 9.725081e+01 4.515686e+01 4.264840e+01
      endloop
   endfacet
   facet normal 0.000000e+00 0.000000e+00 -1.000000e+00
      outer loop
         vertex 9.725081e+01 4.515686e+01 4.264840e+01
         vertex 1.061908e+02 4.474542e+01 4.264840e+01
         vertex 1.047731e+02 4.368799e+01 4.264840e+01
      endloop
   endfacet
   facet normal 0.000000e+00 0.000000e+00 -1.000000e+00
      outer loop
         vertex 9.725081e+01 4.515686e+01 4.264840e+01
         vertex 1.047731e+02 4.368799e+01 4.264840e+01
         vertex 9.718383e+01 4.438330e+01 4.264840e+01
      endloop
   endfacet
   facet normal 0.000000e+00 0.000000e+00 -1.000000e+00
      outer loop
         vertex 9.718383e+01 4.438330e+01 4.264840e+01
         vertex 1.047731e+02 4.368799e+01 4.264840e+01
         vertex 1.029260e+02 4.163295e+01 4.264840e+01
      endloop
   endfacet
   facet normal 0.000000e+00 0.000000e+00 -1.000000e+00
      outer loop
         vertex 9.718383e+01 4.438330e+01 4.264840e+01
         vertex 1.029260e+02 4.163295e+01 4.264840e+01
         vertex 9.673904e+01 4.374686e+01 4.264840e+01
      endloop
   endfacet
   facet normal 0.000000e+00 0.000000e+00 -1.000000e+00
      outer loop
         vertex 9.673904e+01 4.374686e+01 4.264840e+01
         vertex 1.029260e+02 4.163295e+01 4.264840e+01
         vertex 1.022457e+02 4.035072e+01 4.264840e+01
      endloop
   endfacet
   facet normal 0.000000e+00 0.000000e+00 -1.000000e+00
      outer loop
         vertex 9.673904e+01 4.374686e+01 4.264840e+01
         vertex 1.022457e+02 4.035072e+01 4.264840e+01
         vertex 1.022470e+02 3.889919e+01 4.264840e+01
      endloop
   endfacet
   facet normal 0.000000e+00 0.000000e+00 1.000000e+00
      outer loop
         vertex 9.158505e+01 4.310987e+01 5.864840e+01
         vertex 9.193571e+01 4.245082e+01 5.864840e+01
         vertex 9.462562e+01 4.392986e+01 5.864840e+01
      endloop
   endfacet
   facet normal 0.000000e+00 0.000000e+00 1.000000e+00
      outer loop
         vertex 9.462562e+01 4.392986e+01 5.864840e+01
         vertex 9.193571e+01 4.245082e+01 5.864840e+01
         vertex 9.295115e+01 4.137223e+01 5.864840e+01
      endloop
   endfacet
   facet normal 0.000000e+00 0.000000e+00 1.000000e+00
      outer loop
         vertex 9.462562e+01 4.392986e+01 5.864840e+01
         vertex 9.295115e+01 4.137223e+01 5.864840e+01
         vertex 9.526206e+01 4.348507e+01 5.864840e+01
      endloop
   endfacet
   facet normal 0.000000e+00 0.000000e+00 1.000000e+00
      outer loop
         vertex 9.526206e+01 4.348507e+01 5.864840e+01
         vertex 9.295115e+01 4.137223e+01 5.864840e+01
         vertex 9.402057e+01 4.079738e+01 5.864840e+01
      endloop
   endfacet
   facet normal 0.000000e+00 0.000000e+00 1.000000e+00
      outer loop
         vertex 9.526206e+01 4.348507e+01 5.864840e+01
         vertex 9.402057e+01 4.079738e+01 5.864840e+01
         vertex 9.603562e+01 4.341809e+01 5.864840e+01
      endloop
   endfacet
   facet normal 0.000000e+00 0.000000e+00 1.000000e+00
      outer loop
         vertex 9.603562e+01 4.341809e+01 5.864840e+01
         vertex 9.402057e+01 4.079738e+01 5.864840e+01
         vertex 1.030068e+02 3.753571e+01 5.864840e+01
      endloop
   endfacet
   facet normal 0.000000e+00 0.000000e+00 1.000000e+00
      outer loop
         vertex 9.603562e+01 4.341809e+01 5.864840e+01
         vertex 1.030068e+02 3.753571e+01 5.864840e+01
         vertex 9.673904e+01 4.374686e+01 5.864840e+01
      endloop
   endfacet
   facet normal 0.000000e+00 0.000000e+00 1.000000e+00
      outer loop
         vertex 9.673904e+01 4.374686e+01 5.864840e+01
         vertex 1.030068e+02 3.753571e+01 5.864840e+01
         vertex 1.029296e+02 3.761817e+01 5.864840e+01
      endloop
   endfacet
   facet normal 0.000000e+00 0.000000e+00 1.000000e+00
      outer loop
         vertex 9.462562e+01 4.392986e+01 5.864840e+01
         vertex 9.429685e+01 4.463328e+01 5.864840e+01
         vertex 9.158505e+01 4.310987e+01 5.864840e+01
      endloop
   endfacet
   facet normal 0.000000e+00 0.000000e+00 1.000000e+00
      outer loop
         vertex 9.158505e+01 4.310987e+01 5.864840e+01
         vertex 9.429685e+01 4.463328e+01 5.864840e+01
         vertex 9.436384e+01 4.540684e+01 5.864840e+01
      endloop
   endfacet
   facet normal 0.000000e+00 0.000000e+00 1.000000e+00
      outer loop
         vertex 9.158505e+01 4.310987e+01 5.864840e+01
         vertex 9.436384e+01 4.540684e+01 5.864840e+01
         vertex 9.370531e+01 4.895142e+01 5.864840e+01
      endloop
   endfacet
   facet normal 0.000000e+00 0.000000e+00 1.000000e+00
      outer loop
         vertex 9.370531e+01 4.895142e+01 5.864840e+01
         vertex 9.436384e+01 4.540684e+01 5.864840e+01
         vertex 9.480863e+01 4.604328e+01 5.864840e+01
      endloop
   endfacet
   facet normal 0.000000e+00 0.000000e+00 1.000000e+00
      outer loop
         vertex 9.370531e+01 4.895142e+01 5.864840e+01
         vertex 9.480863e+01 4.604328e+01 5.864840e+01
         vertex 9.439706e+01 4.923212e+01 5.864840e+01
      endloop
   endfacet
   facet normal 0.000000e+00 0.000000e+00 1.000000e+00
      outer loop
         vertex 9.439706e+01 4.923212e+01 5.864840e+01
         vertex 9.480863e+01 4.604328e+01 5.864840e+01
         vertex 9.551204e+01 4.637205e+01 5.864840e+01
      endloop
   endfacet
   facet normal 0.000000e+00 0.000000e+00 1.000000e+00
      outer loop
         vertex 9.439706e+01 4.923212e+01 5.864840e+01
         vertex 9.551204e+01 4.637205e+01 5.864840e+01
         vertex 9.586792e+01 4.940828e+01 5.864840e+01
      endloop
   endfacet
   facet normal 0.000000e+00 0.000000e+00 1.000000e+00
      outer loop
         vertex 9.586792e+01 4.940828e+01 5.864840e+01
         vertex 9.551204e+01 4.637205e+01 5.864840e+01
         vertex 9.628560e+01 4.630507e+01 5.864840e+01
      endloop
   endfacet
   facet normal 0.000000e+00 0.000000e+00 1.000000e+00
      outer loop
         vertex 9.586792e+01 4.940828e+01 5.864840e+01
         vertex 9.628560e+01 4.630507e+01 5.864840e+01
         vertex 9.705709e+01 4.916335e+01 5.864840e+01
      endloop
   endfacet
   facet normal 0.000000e+00 0.000000e+00 1.000000e+00
      outer loop
         vertex 9.705709e+01 4.916335e+01 5.864840e+01
         vertex 9.628560e+01 4.630507e+01 5.864840e+01
         vertex 1.080343e+02 4.517907e+01 5.864840e+01
      endloop
   endfacet
   facet normal 0.000000e+00 0.000000e+00 1.000000e+00
      outer loop
         vertex 9.628560e+01 4.630507e+01 5.864840e+01
         vertex 9.692204e+01 4.586028e+01 5.864840e+01
         vertex 1.080343e+02 4.517907e+01 5.864840e+01
      endloop
   endfacet
   facet normal 0.000000e+00 0.000000e+00 1.000000e+00
      outer loop
         vertex 1.080343e+02 4.517907e+01 5.864840e+01
         vertex 9.692204e+01 4.586028e+01 5.864840e+01
         vertex 9.725081e+01 4.515686e+01 5.864840e+01
      endloop
   endfacet
   facet normal 0.000000e+00 0.000000e+00 1.000000e+00
      outer loop
         vertex 1.080343e+02 4.517907e+01 5.864840e+01
         vertex 9.725081e+01 4.515686e+01 5.864840e+01
         vertex 1.079065e+02 4.517482e+01 5.864840e+01
      endloop
   endfacet
   facet normal 0.000000e+00 0.000000e+00 1.000000e+00
      outer loop
         vertex 1.079065e+02 4.517482e+01 5.864840e+01
         vertex 9.725081e+01 4.515686e+01 5.864840e+01
         vertex 1.061908e+02 4.474542e+01 5.864840e+01
      endloop
   endfacet
   facet normal 0.000000e+00 0.000000e+00 1.000000e+00
      outer loop
         vertex 1.029296e+02 3.761817e+01 5.864840e+01
         vertex 1.022470e+02 3.889919e+01 5.864840e+01
         vertex 9.673904e+01 4.374686e+01 5.864840e+01
      endloop
   endfacet
   facet normal 0.000000e+00 0.000000e+00 1.000000e+00
      outer loop
         vertex 9.673904e+01 4.374686e+01 5.864840e+01
         vertex 1.022470e+02 3.889919e+01 5.864840e+01
         vertex 1.022457e+02 4.035072e+01 5.864840e+01
      endloop
   endfacet
   facet normal 0.000000e+00 0.000000e+00 1.000000e+00
      outer loop
         vertex 9.673904e+01 4.374686e+01 5.864840e+01
         vertex 1.022457e+02 4.035072e+01 5.864840e+01
         vertex 9.718383e+01 4.438330e+01 5.864840e+01
      endloop
   endfacet
   facet normal 0.000000e+00 0.000000e+00 1.000000e+00
      outer loop
         vertex 9.718383e+01 4.438330e+01 5.864840e+01
         vertex 1.022457e+02 4.035072e+01 5.864840e+01
         vertex 1.029260e+02 4.163295e+01 5.864840e+01
      endloop
   endfacet
   facet normal 0.000000e+00 0.000000e+00 1.000000e+00
      outer loop
         vertex 9.718383e+01 4.438330e+01 5.864840e+01
         vertex 1.029260e+02 4.163295e+01 5.864840e+01
         vertex 9.725081e+01 4.515686e+01 5.864840e+01
      endloop
   endfacet
   facet normal 0.000000e+00 0.000000e+00 1.000000e+00
      outer loop
         vertex 9.725081e+01 4.515686e+01 5.864840e+01
         vertex 1.029260e+02 4.163295e+01 5.864840e+01
         vertex 1.047731e+02 4.368799e+01 5.864840e+01
      endloop
   endfacet
   facet normal 0.000000e+00 0.000000e+00 1.000000e+00
      outer loop
         vertex 9.725081e+01 4.515686e+01 5.864840e+01
         vertex 1.047731e+02 4.368799e+01 5.864840e+01
         vertex 1.061908e+02 4.474542e+01 5.864840e+01
      endloop
   endfacet
   facet normal 3.738297e-01 9.274973e-01 0.000000e+00
      outer loop
         vertex 7.856558e+01 5.658517e+01 5.284840e+01
         vertex 7.856558e+01 5.658517e+01 4.844840e+01
         vertex 7.684431e+01 5.727893e+01 4.844840e+01
      endloop
   endfacet
   facet normal 3.738297e-01 9.274973e-01 0.000000e+00
      outer loop
         vertex 7.856558e+01 5.658517e+01 5.284840e+01
         vertex 7.684431e+01 5.727893e+01 4.844840e+01
         vertex 7.684431e+01 5.727893e+01 5.284840e+01
      endloop
   endfacet
   facet normal 9.423071e-03 9.999556e-01 0.000000e+00
      outer loop
         vertex 7.684431e+01 5.727893e+01 5.284840e+01
         vertex 7.684431e+01 5.727893e+01 4.844840e+01
         vertex 7.498856e+01 5.729642e+01 4.844840e+01
      endloop
   endfacet
   facet normal 9.423071e-03 9.999556e-01 0.000000e+00
      outer loop
         vertex 7.684431e+01 5.727893e+01 5.284840e+01
         vertex 7.498856e+01 5.729642e+01 4.844840e+01
         vertex 7.498856e+01 5.729642e+01 5.284840e+01
      endloop
   endfacet
   facet normal -3.562860e-01 9.343770e-01 0.000000e+00
      outer loop
         vertex 7.498856e+01 5.729642e+01 5.284840e+01
         vertex 7.498856e+01 5.729642e+01 4.844840e+01
         vertex 7.325452e+01 5.663521e+01 4.844840e+01
      endloop
   endfacet
   facet normal -3.562860e-01 9.343770e-01 0.000000e+00
      outer loop
         vertex 7.498856e+01 5.729642e+01 5.284840e+01
         vertex 7.325452e+01 5.663521e+01 4.844840e+01
         vertex 7.325452e+01 5.663521e+01 5.284840e+01
      endloop
   endfacet
   facet normal -6.728108e-01 7.398145e-01 -0.000000e+00
      outer loop
         vertex 7.325452e+01 5.663521e+01 5.284840e+01
         vertex 7.325452e+01 5.663521e+01 4.844840e+01
         vertex 7.188155e+01 5.538659e+01 4.844840e+01
      endloop
   endfacet
   facet normal -6.728108e-01 7.398145e-01 0.000000e+00
      outer loop
         vertex 7.325452e+01 5.663521e+01 5.284840e+01
         vertex 7.188155e+01 5.538659e+01 4.844840e+01
         vertex 7.188155e+01 5.538659e+01 5.284840e+01
      endloop
   endfacet
   facet normal -8.964592e-01 4.431262e-01 -0.000000e+00
      outer loop
         vertex 7.188155e+01 5.538659e+01 5.284840e+01
         vertex 7.188155e+01 5.538659e+01 4.844840e+01
         vertex 7.105919e+01 5.372292e+01 4.844840e+01
      endloop
   endfacet
   facet normal -8.964592e-01 4.431262e-01 0.000000e+00
      outer loop
         vertex 7.188155e+01 5.538659e+01 5.284840e+01
         vertex 7.105919e+01 5.372292e+01 4.844840e+01
         vertex 7.105919e+01 5.372292e+01 5.284840e+01
      endloop
   endfacet
   facet normal -9.963582e-01 8.526645e-02 -0.000000e+00
      outer loop
         vertex 7.105919e+01 5.372292e+01 5.284840e+01
         vertex 7.105919e+01 5.372292e+01 4.844840e+01
         vertex 7.090095e+01 5.187385e+01 4.844840e+01
      endloop
   endfacet
   facet normal -9.963582e-01 8.526645e-02 0.000000e+00
      outer loop
         vertex 7.105919e+01 5.372292e+01 5.284840e+01
         vertex 7.090095e+01 5.187385e+01 4.844840e+01
         vertex 7.090095e+01 5.187385e+01 5.284840e+01
      endloop
   endfacet
   facet normal -9.587171e-01 -2.843617e-01 -0.000000e+00
      outer loop
         vertex 7.090095e+01 5.187385e+01 5.284840e+01
         vertex 7.090095e+01 5.187385e+01 4.844840e+01
         vertex 7.142867e+01 5.009464e+01 4.844840e+01
      endloop
   endfacet
   facet normal -9.587171e-01 -2.843617e-01 0.000000e+00
      outer loop
         vertex 7.090095e+01 5.187385e+01 5.284840e+01
         vertex 7.142867e+01 5.009464e+01 4.844840e+01
         vertex 7.142867e+01 5.009464e+01 5.284840e+01
      endloop
   endfacet
   facet normal -7.887316e-01 -6.147377e-01 -0.000000e+00
      outer loop
         vertex 7.142867e+01 5.009464e+01 5.284840e+01
         vertex 7.142867e+01 5.009464e+01 4.844840e+01
         vertex 7.256952e+01 4.863089e+01 4.844840e+01
      endloop
   endfacet
   facet normal -7.887316e-01 -6.147377e-01 0.000000e+00
      outer loop
         vertex 7.142867e+01 5.009464e+01 5.284840e+01
         vertex 7.256952e+01 4.863089e+01 4.844840e+01
         vertex 7.256952e+01 4.863089e+01 5.284840e+01
      endloop
   endfacet
   facet normal -5.098668e-01 -8.602534e-01 0.000000e+00
      outer loop
         vertex 7.256952e+01 4.863089e+01 5.284840e+01
         vertex 7.256952e+01 4.863089e+01 4.844840e+01
         vertex 7.416600e+01 4.768466e+01 4.844840e+01
      endloop
   endfacet
   facet normal -5.098668e-01 -8.602534e-01 0.000000e+00
      outer loop
         vertex 7.256952e+01 4.863089e+01 5.284840e+01
         vertex 7.416600e+01 4.768466e+01 4.844840e+01
         vertex 7.416600e+01 4.768466e+01 5.284840e+01
      endloop
   endfacet
   facet normal 3.927568e-01 9.196424e-01 0.000000e+00
      outer loop
         vertex 8.154221e+01 5.511380e+01 5.284840e+01
         vertex 8.154221e+01 5.511380e+01 4.844840e+01
         vertex 8.001306e+01 5.576687e+01 5.284840e+01
      endloop
   endfacet
   facet normal 3.927568e-01 9.196424e-01 0.000000e+00
      outer loop
         vertex 8.001306e+01 5.576687e+01 5.284840e+01
         vertex 8.154221e+01 5.511380e+01 4.844840e+01
         vertex 8.001306e+01 5.576687e+01 4.844840e+01
      endloop
   endfacet
   facet normal 4.921325e-01 8.705203e-01 0.000000e+00
      outer loop
         vertex 8.001306e+01 5.576687e+01 5.284840e+01
         vertex 8.001306e+01 5.576687e+01 4.844840e+01
         vertex 7.856558e+01 5.658517e+01 5.284840e+01
      endloop
   endfacet
   facet normal 4.921325e-01 8.705203e-01 0.000000e+00
      outer loop
         vertex 7.856558e+01 5.658517e+01 5.284840e+01
         vertex 8.001306e+01 5.576687e+01 4.844840e+01
         vertex 7.856558e+01 5.658517e+01 4.844840e+01
      endloop
   endfacet
   facet normal 3.411824e-01 9.399971e-01 0.000000e+00
      outer loop
         vertex 1.349943e+02 3.571276e+01 4.164840e+01
         vertex 1.349943e+02 3.571276e+01 3.894840e+01
         vertex 1.322995e+02 3.669088e+01 4.164840e+01
      endloop
   endfacet
   facet normal 3.411824e-01 9.399971e-01 1.445819e-08
      outer loop
         vertex 1.322995e+02 3.669088e+01 4.164840e+01
         vertex 1.349943e+02 3.571276e+01 3.894840e+01
         vertex 1.313595e+02 3.703206e+01 4.191635e+01
      endloop
   endfacet
   facet normal 3.411824e-01 9.399971e-01 0.000000e+00
      outer loop
         vertex 1.096552e+02 4.490987e+01 4.294840e+01
         vertex 9.715945e+01 4.944535e+01 4.294840e+01
         vertex 1.096552e+02 4.490987e+01 5.834840e+01
      endloop
   endfacet
   facet normal 3.411824e-01 9.399971e-01 0.000000e+00
      outer loop
         vertex 1.096552e+02 4.490987e+01 5.834840e+01
         vertex 9.715945e+01 4.944535e+01 4.294840e+01
         vertex 9.715945e+01 4.944535e+01 4.514840e+01
      endloop
   endfacet
   facet normal 3.411824e-01 9.399971e-01 0.000000e+00
      outer loop
         vertex 1.096552e+02 4.490987e+01 3.894840e+01
         vertex 1.096552e+02 4.490987e+01 4.294840e+01
         vertex 1.349943e+02 3.571276e+01 3.894840e+01
      endloop
   endfacet
   facet normal 3.411824e-01 9.399971e-01 0.000000e+00
      outer loop
         vertex 1.349943e+02 3.571276e+01 3.894840e+01
         vertex 1.096552e+02 4.490987e+01 4.294840e+01
         vertex 1.096552e+02 4.490987e+01 5.834840e+01
      endloop
   endfacet
   facet normal 3.411817e-01 9.399974e-01 -1.014492e-06
      outer loop
         vertex 1.349943e+02 3.571276e+01 3.894840e+01
         vertex 1.096552e+02 4.490987e+01 5.834840e+01
         vertex 1.313595e+02 3.703206e+01 4.191635e+01
      endloop
   endfacet
   facet normal 3.411819e-01 9.399973e-01 -6.834971e-07
      outer loop
         vertex 1.313595e+02 3.703206e+01 4.191635e+01
         vertex 1.096552e+02 4.490987e+01 5.834840e+01
         vertex 1.306714e+02 3.728183e+01 4.264840e+01
      endloop
   endfacet
   facet normal 3.411824e-01 9.399971e-01 1.611860e-07
      outer loop
         vertex 1.313595e+02 3.703206e+01 5.938046e+01
         vertex 1.096552e+02 4.490987e+01 6.234840e+01
         vertex 1.322995e+02 3.669088e+01 5.964840e+01
      endloop
   endfacet
   facet normal 3.411824e-01 9.399971e-01 4.887919e-08
      outer loop
         vertex 1.322995e+02 3.669088e+01 5.964840e+01
         vertex 1.096552e+02 4.490987e+01 6.234840e+01
         vertex 1.349943e+02 3.571276e+01 6.234840e+01
      endloop
   endfacet
   facet normal 3.411824e-01 9.399971e-01 0.000000e+00
      outer loop
         vertex 1.322995e+02 3.669088e+01 5.964840e+01
         vertex 1.349943e+02 3.571276e+01 6.234840e+01
         vertex 1.349943e+02 3.571276e+01 5.964840e+01
      endloop
   endfacet
   facet normal 3.411817e-01 9.399974e-01 -4.262606e-07
      outer loop
         vertex 9.298245e+01 5.096144e+01 4.814341e+01
         vertex 9.216218e+01 5.125917e+01 5.292888e+01
         vertex 9.377121e+01 5.067515e+01 4.779983e+01
      endloop
   endfacet
   facet normal 3.411831e-01 9.399968e-01 9.725526e-08
      outer loop
         vertex 9.377121e+01 5.067515e+01 4.779983e+01
         vertex 9.216218e+01 5.125917e+01 5.292888e+01
         vertex 9.280026e+01 5.102757e+01 5.309158e+01
      endloop
   endfacet
   facet normal 3.411834e-01 9.399967e-01 1.505120e-07
      outer loop
         vertex 9.377121e+01 5.067515e+01 4.779983e+01
         vertex 9.280026e+01 5.102757e+01 5.309158e+01
         vertex 9.450162e+01 5.041004e+01 4.737357e+01
      endloop
   endfacet
   facet normal 3.411808e-01 9.399977e-01 -7.281650e-07
      outer loop
         vertex 9.450162e+01 5.041004e+01 4.737357e+01
         vertex 9.280026e+01 5.102757e+01 5.309158e+01
         vertex 9.523980e+01 5.014211e+01 4.684541e+01
      endloop
   endfacet
   facet normal 3.411822e-01 9.399972e-01 -1.042207e-07
      outer loop
         vertex 9.523980e+01 5.014211e+01 4.684541e+01
         vertex 9.280026e+01 5.102757e+01 5.309158e+01
         vertex 9.419672e+01 5.052071e+01 5.373303e+01
      endloop
   endfacet
   facet normal 3.411817e-01 9.399974e-01 -1.937933e-07
      outer loop
         vertex 9.523980e+01 5.014211e+01 4.684541e+01
         vertex 9.419672e+01 5.052071e+01 5.373303e+01
         vertex 9.715945e+01 4.944535e+01 4.514840e+01
      endloop
   endfacet
   facet normal 3.411824e-01 9.399971e-01 1.746323e-07
      outer loop
         vertex 1.313595e+02 3.703206e+01 5.938046e+01
         vertex 1.306714e+02 3.728183e+01 5.864840e+01
         vertex 1.096552e+02 4.490987e+01 6.234840e+01
      endloop
   endfacet
   facet normal 3.411823e-01 9.399971e-01 -1.947714e-07
      outer loop
         vertex 1.096552e+02 4.490987e+01 6.234840e+01
         vertex 1.306714e+02 3.728183e+01 5.864840e+01
         vertex 1.304195e+02 3.737325e+01 5.764840e+01
      endloop
   endfacet
   facet normal 3.411824e-01 9.399971e-01 0.000000e+00
      outer loop
         vertex 1.096552e+02 4.490987e+01 6.234840e+01
         vertex 1.304195e+02 3.737325e+01 5.764840e+01
         vertex 1.096552e+02 4.490987e+01 5.834840e+01
      endloop
   endfacet
   facet normal 3.411824e-01 9.399971e-01 0.000000e+00
      outer loop
         vertex 1.096552e+02 4.490987e+01 5.834840e+01
         vertex 1.304195e+02 3.737325e+01 5.764840e+01
         vertex 1.304195e+02 3.737325e+01 4.364840e+01
      endloop
   endfacet
   facet normal 3.411825e-01 9.399971e-01 2.505516e-07
      outer loop
         vertex 1.096552e+02 4.490987e+01 5.834840e+01
         vertex 1.304195e+02 3.737325e+01 4.364840e+01
         vertex 1.306714e+02 3.728183e+01 4.264840e+01
      endloop
   endfacet
   facet normal 3.411824e-01 9.399971e-01 0.000000e+00
      outer loop
         vertex 8.154221e+01 5.511380e+01 4.844840e+01
         vertex 8.154221e+01 5.511380e+01 5.284840e+01
         vertex 9.131859e+01 5.156536e+01 4.844840e+01
      endloop
   endfacet
   facet normal 3.411824e-01 9.399971e-01 0.000000e+00
      outer loop
         vertex 9.131859e+01 5.156536e+01 4.844840e+01
         vertex 8.154221e+01 5.511380e+01 5.284840e+01
         vertex 9.131859e+01 5.156536e+01 5.284840e+01
      endloop
   endfacet
   facet normal 3.411826e-01 9.399970e-01 0.000000e+00
      outer loop
         vertex 9.131859e+01 5.156536e+01 4.844840e+01
         vertex 9.131859e+01 5.156536e+01 5.284840e+01
         vertex 9.216218e+01 5.125917e+01 4.836793e+01
      endloop
   endfacet
   facet normal 3.411826e-01 9.399970e-01 0.000000e+00
      outer loop
         vertex 9.216218e+01 5.125917e+01 4.836793e+01
         vertex 9.131859e+01 5.156536e+01 5.284840e+01
         vertex 9.216218e+01 5.125917e+01 5.292888e+01
      endloop
   endfacet
   facet normal 3.411864e-01 9.399957e-01 0.000000e+00
      outer loop
         vertex 9.216218e+01 5.125917e+01 4.836793e+01
         vertex 9.216218e+01 5.125917e+01 5.292888e+01
         vertex 9.236249e+01 5.118646e+01 4.832603e+01
      endloop
   endfacet
   facet normal 3.411830e-01 9.399969e-01 -1.657802e-07
      outer loop
         vertex 9.236249e+01 5.118646e+01 4.832603e+01
         vertex 9.216218e+01 5.125917e+01 5.292888e+01
         vertex 9.298245e+01 5.096144e+01 4.814341e+01
      endloop
   endfacet
   facet normal 3.411820e-01 9.399973e-01 -8.517475e-08
      outer loop
         vertex 9.419672e+01 5.052071e+01 5.373303e+01
         vertex 9.450162e+01 5.041004e+01 5.392324e+01
         vertex 9.715945e+01 4.944535e+01 4.514840e+01
      endloop
   endfacet
   facet normal 3.411825e-01 9.399971e-01 1.105626e-07
      outer loop
         vertex 9.715945e+01 4.944535e+01 4.514840e+01
         vertex 9.450162e+01 5.041004e+01 5.392324e+01
         vertex 9.600614e+01 4.986396e+01 5.508716e+01
      endloop
   endfacet
   facet normal 3.411823e-01 9.399971e-01 7.976924e-08
      outer loop
         vertex 9.715945e+01 4.944535e+01 4.514840e+01
         vertex 9.600614e+01 4.986396e+01 5.508716e+01
         vertex 1.096552e+02 4.490987e+01 5.834840e+01
      endloop
   endfacet
   facet normal 3.411825e-01 9.399971e-01 -1.037046e-06
      outer loop
         vertex 1.096552e+02 4.490987e+01 5.834840e+01
         vertex 9.600614e+01 4.986396e+01 5.508716e+01
         vertex 9.715945e+01 4.944535e+01 5.614840e+01
      endloop
   endfacet
   facet normal 3.411824e-01 9.399971e-01 0.000000e+00
      outer loop
         vertex 1.096552e+02 4.490987e+01 5.834840e+01
         vertex 9.715945e+01 4.944535e+01 5.614840e+01
         vertex 9.715945e+01 4.944535e+01 5.834840e+01
      endloop
   endfacet
   facet normal -3.411824e-01 -9.399971e-01 0.000000e+00
      outer loop
         vertex 1.247031e+02 2.934166e+01 5.964840e+01
         vertex 1.317531e+02 2.678279e+01 5.964840e+01
         vertex 1.317531e+02 2.678279e+01 6.234840e+01
      endloop
   endfacet
   facet normal -3.411825e-01 -9.399971e-01 4.879999e-07
      outer loop
         vertex 9.391822e+01 4.051538e+01 5.834840e+01
         vertex 9.908820e+01 3.863888e+01 5.688046e+01
         vertex 1.041337e+02 3.680756e+01 5.834840e+01
      endloop
   endfacet
   facet normal -3.411480e-01 -9.400096e-01 -1.337004e-04
      outer loop
         vertex 1.041337e+02 3.680756e+01 5.834840e+01
         vertex 9.908820e+01 3.863888e+01 5.688046e+01
         vertex 1.000282e+02 3.829769e+01 5.714840e+01
      endloop
   endfacet
   facet normal -3.411824e-01 -9.399971e-01 -1.129660e-05
      outer loop
         vertex 1.041731e+02 3.679324e+01 5.714840e+01
         vertex 1.045970e+02 3.663940e+01 5.725583e+01
         vertex 1.000282e+02 3.829769e+01 5.714840e+01
      endloop
   endfacet
   facet normal -3.411827e-01 -9.399970e-01 4.189457e-06
      outer loop
         vertex 1.000282e+02 3.829769e+01 5.714840e+01
         vertex 1.045970e+02 3.663940e+01 5.725583e+01
         vertex 1.049298e+02 3.651861e+01 5.755504e+01
      endloop
   endfacet
   facet normal -3.411823e-01 -9.399971e-01 -8.096729e-07
      outer loop
         vertex 1.000282e+02 3.829769e+01 5.714840e+01
         vertex 1.049298e+02 3.651861e+01 5.755504e+01
         vertex 1.041337e+02 3.680756e+01 5.834840e+01
      endloop
   endfacet
   facet normal -3.411811e-01 -9.399976e-01 5.756970e-07
      outer loop
         vertex 1.041337e+02 3.680756e+01 5.834840e+01
         vertex 1.049298e+02 3.651861e+01 5.755504e+01
         vertex 1.051000e+02 3.645683e+01 5.798174e+01
      endloop
   endfacet
   facet normal -3.411813e-01 -9.399975e-01 0.000000e+00
      outer loop
         vertex 1.041337e+02 3.680756e+01 5.834840e+01
         vertex 1.051000e+02 3.645683e+01 5.798174e+01
         vertex 1.041337e+02 3.680756e+01 6.234840e+01
      endloop
   endfacet
   facet normal -3.411846e-01 -9.399963e-01 -8.273169e-07
      outer loop
         vertex 1.041337e+02 3.680756e+01 6.234840e+01
         vertex 1.051000e+02 3.645683e+01 5.798174e+01
         vertex 1.054404e+02 3.633327e+01 5.883513e+01
      endloop
   endfacet
   facet normal -3.411813e-01 -9.399975e-01 5.519180e-07
      outer loop
         vertex 1.041337e+02 3.680756e+01 6.234840e+01
         vertex 1.054404e+02 3.633327e+01 5.883513e+01
         vertex 1.061060e+02 3.609169e+01 5.943355e+01
      endloop
   endfacet
   facet normal -3.411819e-01 -9.399973e-01 -7.847152e-07
      outer loop
         vertex 1.214131e+02 3.053580e+01 5.764840e+01
         vertex 1.229662e+02 2.997208e+01 5.841377e+01
         vertex 1.212700e+02 3.058774e+01 5.841377e+01
      endloop
   endfacet
   facet normal -3.411819e-01 -9.399973e-01 -1.254476e-06
      outer loop
         vertex 1.212700e+02 3.058774e+01 5.841377e+01
         vertex 1.229662e+02 2.997208e+01 5.841377e+01
         vertex 1.233738e+02 2.982416e+01 5.906262e+01
      endloop
   endfacet
   facet normal -3.411835e-01 -9.399967e-01 4.360370e-06
      outer loop
         vertex 1.212700e+02 3.058774e+01 5.841377e+01
         vertex 1.233738e+02 2.982416e+01 5.906262e+01
         vertex 1.239837e+02 2.960279e+01 5.949616e+01
      endloop
   endfacet
   facet normal -3.411813e-01 -9.399975e-01 -5.519180e-07
      outer loop
         vertex 1.041337e+02 3.680756e+01 3.894840e+01
         vertex 1.061060e+02 3.609169e+01 4.186326e+01
         vertex 1.054404e+02 3.633327e+01 4.246168e+01
      endloop
   endfacet
   facet normal -3.411826e-01 -9.399970e-01 0.000000e+00
      outer loop
         vertex 1.041337e+02 3.680756e+01 3.894840e+01
         vertex 1.054404e+02 3.633327e+01 4.246168e+01
         vertex 1.041337e+02 3.680756e+01 4.294840e+01
      endloop
   endfacet
   facet normal -3.411835e-01 -9.399967e-01 3.245527e-06
      outer loop
         vertex 1.247031e+02 2.934166e+01 5.964840e+01
         vertex 1.317531e+02 2.678279e+01 6.234840e+01
         vertex 1.239837e+02 2.960279e+01 5.949616e+01
      endloop
   endfacet
   facet normal -3.411820e-01 -9.399973e-01 -1.262870e-06
      outer loop
         vertex 1.239837e+02 2.960279e+01 5.949616e+01
         vertex 1.317531e+02 2.678279e+01 6.234840e+01
         vertex 1.208625e+02 3.073566e+01 5.906262e+01
      endloop
   endfacet
   facet normal -3.411823e-01 -9.399972e-01 1.006904e-06
      outer loop
         vertex 1.239837e+02 2.960279e+01 5.949616e+01
         vertex 1.208625e+02 3.073566e+01 5.906262e+01
         vertex 1.212700e+02 3.058774e+01 5.841377e+01
      endloop
   endfacet
   facet normal -3.411836e-01 -9.399967e-01 3.089725e-07
      outer loop
         vertex 8.974122e+01 4.203147e+01 5.315339e+01
         vertex 8.892095e+01 4.232919e+01 4.836793e+01
         vertex 9.052998e+01 4.174518e+01 5.349698e+01
      endloop
   endfacet
   facet normal -3.411831e-01 -9.399968e-01 1.445415e-07
      outer loop
         vertex 9.052998e+01 4.174518e+01 5.349698e+01
         vertex 8.892095e+01 4.232919e+01 4.836793e+01
         vertex 8.955903e+01 4.209760e+01 4.820523e+01
      endloop
   endfacet
   facet normal -3.411814e-01 -9.399975e-01 -2.233125e-07
      outer loop
         vertex 9.052998e+01 4.174518e+01 5.349698e+01
         vertex 8.955903e+01 4.209760e+01 4.820523e+01
         vertex 9.126039e+01 4.148007e+01 5.392324e+01
      endloop
   endfacet
   facet normal -3.411812e-01 -9.399976e-01 -2.862445e-07
      outer loop
         vertex 9.126039e+01 4.148007e+01 5.392324e+01
         vertex 8.955903e+01 4.209760e+01 4.820523e+01
         vertex 9.199857e+01 4.121214e+01 5.445140e+01
      endloop
   endfacet
   facet normal -3.411821e-01 -9.399972e-01 1.404050e-07
      outer loop
         vertex 9.199857e+01 4.121214e+01 5.445140e+01
         vertex 8.955903e+01 4.209760e+01 4.820523e+01
         vertex 9.095549e+01 4.159073e+01 4.756378e+01
      endloop
   endfacet
   facet normal -3.411830e-01 -9.399969e-01 2.876979e-07
      outer loop
         vertex 9.199857e+01 4.121214e+01 5.445140e+01
         vertex 9.095549e+01 4.159073e+01 4.756378e+01
         vertex 9.391822e+01 4.051538e+01 5.614840e+01
      endloop
   endfacet
   facet normal -3.411828e-01 -9.399970e-01 2.167209e-07
      outer loop
         vertex 9.391822e+01 4.051538e+01 5.614840e+01
         vertex 9.095549e+01 4.159073e+01 4.756378e+01
         vertex 9.814820e+01 3.898006e+01 5.514840e+01
      endloop
   endfacet
   facet normal -3.411829e-01 -9.399969e-01 0.000000e+00
      outer loop
         vertex 9.391822e+01 4.051538e+01 5.614840e+01
         vertex 9.814820e+01 3.898006e+01 5.514840e+01
         vertex 9.391822e+01 4.051538e+01 5.834840e+01
      endloop
   endfacet
   facet normal -3.411819e-01 -9.399973e-01 1.452302e-06
      outer loop
         vertex 9.391822e+01 4.051538e+01 5.834840e+01
         vertex 9.814820e+01 3.898006e+01 5.514840e+01
         vertex 9.840007e+01 3.888864e+01 5.614840e+01
      endloop
   endfacet
   facet normal -3.411827e-01 -9.399970e-01 -4.514914e-07
      outer loop
         vertex 9.391822e+01 4.051538e+01 5.834840e+01
         vertex 9.840007e+01 3.888864e+01 5.614840e+01
         vertex 9.908820e+01 3.863888e+01 5.688046e+01
      endloop
   endfacet
   facet normal -3.411824e-01 -9.399971e-01 0.000000e+00
      outer loop
         vertex 1.317531e+02 2.678279e+01 4.164840e+01
         vertex 1.247031e+02 2.934166e+01 4.164840e+01
         vertex 1.317531e+02 2.678279e+01 3.894840e+01
      endloop
   endfacet
   facet normal -3.411822e-01 -9.399972e-01 5.906238e-07
      outer loop
         vertex 1.317531e+02 2.678279e+01 3.894840e+01
         vertex 1.247031e+02 2.934166e+01 4.164840e+01
         vertex 1.237631e+02 2.968284e+01 4.191635e+01
      endloop
   endfacet
   facet normal -3.411818e-01 -9.399973e-01 1.761462e-06
      outer loop
         vertex 1.317531e+02 2.678279e+01 3.894840e+01
         vertex 1.237631e+02 2.968284e+01 4.191635e+01
         vertex 1.211613e+02 3.062721e+01 4.264840e+01
      endloop
   endfacet
   facet normal -3.411817e-01 -9.399974e-01 2.217971e-06
      outer loop
         vertex 1.211613e+02 3.062721e+01 4.264840e+01
         vertex 1.237631e+02 2.968284e+01 4.191635e+01
         vertex 1.230750e+02 2.993260e+01 4.264840e+01
      endloop
   endfacet
   facet normal -3.411817e-01 -9.399974e-01 4.529592e-09
      outer loop
         vertex 1.211613e+02 3.062721e+01 4.264840e+01
         vertex 1.230750e+02 2.993260e+01 4.264840e+01
         vertex 1.214131e+02 3.053580e+01 4.364840e+01
      endloop
   endfacet
   facet normal -3.411827e-01 -9.399970e-01 -1.907397e-06
      outer loop
         vertex 1.214131e+02 3.053580e+01 4.364840e+01
         vertex 1.230750e+02 2.993260e+01 4.264840e+01
         vertex 1.228231e+02 3.002402e+01 4.364840e+01
      endloop
   endfacet
   facet normal -3.411827e-01 -9.399970e-01 0.000000e+00
      outer loop
         vertex 1.214131e+02 3.053580e+01 4.364840e+01
         vertex 1.228231e+02 3.002402e+01 4.364840e+01
         vertex 1.214131e+02 3.053580e+01 5.764840e+01
      endloop
   endfacet
   facet normal -3.411827e-01 -9.399970e-01 0.000000e+00
      outer loop
         vertex 1.214131e+02 3.053580e+01 5.764840e+01
         vertex 1.228231e+02 3.002402e+01 4.364840e+01
         vertex 1.228231e+02 3.002402e+01 5.764840e+01
      endloop
   endfacet
   facet normal -3.411827e-01 -9.399970e-01 9.440022e-07
      outer loop
         vertex 1.214131e+02 3.053580e+01 5.764840e+01
         vertex 1.228231e+02 3.002402e+01 5.764840e+01
         vertex 1.229662e+02 2.997208e+01 5.841377e+01
      endloop
   endfacet
   facet normal -3.411827e-01 -9.399970e-01 -1.143385e-06
      outer loop
         vertex 1.211613e+02 3.062721e+01 4.264840e+01
         vertex 1.204731e+02 3.087698e+01 4.191635e+01
         vertex 1.317531e+02 2.678279e+01 3.894840e+01
      endloop
   endfacet
   facet normal -3.411820e-01 -9.399972e-01 1.524911e-06
      outer loop
         vertex 1.317531e+02 2.678279e+01 3.894840e+01
         vertex 1.204731e+02 3.087698e+01 4.191635e+01
         vertex 1.195331e+02 3.121816e+01 4.164840e+01
      endloop
   endfacet
   facet normal -3.411824e-01 -9.399971e-01 -3.974276e-08
      outer loop
         vertex 1.317531e+02 2.678279e+01 3.894840e+01
         vertex 1.195331e+02 3.121816e+01 4.164840e+01
         vertex 1.041337e+02 3.680756e+01 3.894840e+01
      endloop
   endfacet
   facet normal -3.411823e-01 -9.399971e-01 -2.449207e-07
      outer loop
         vertex 1.041337e+02 3.680756e+01 3.894840e+01
         vertex 1.195331e+02 3.121816e+01 4.164840e+01
         vertex 1.069537e+02 3.578401e+01 4.164840e+01
      endloop
   endfacet
   facet normal -3.411834e-01 -9.399967e-01 1.083741e-06
      outer loop
         vertex 1.041337e+02 3.680756e+01 3.894840e+01
         vertex 1.069537e+02 3.578401e+01 4.164840e+01
         vertex 1.061060e+02 3.609169e+01 4.186326e+01
      endloop
   endfacet
   facet normal -3.411834e-01 -9.399967e-01 -1.083741e-06
      outer loop
         vertex 1.061060e+02 3.609169e+01 5.943355e+01
         vertex 1.069537e+02 3.578401e+01 5.964840e+01
         vertex 1.041337e+02 3.680756e+01 6.234840e+01
      endloop
   endfacet
   facet normal -3.411823e-01 -9.399971e-01 2.449207e-07
      outer loop
         vertex 1.041337e+02 3.680756e+01 6.234840e+01
         vertex 1.069537e+02 3.578401e+01 5.964840e+01
         vertex 1.195331e+02 3.121816e+01 5.964840e+01
      endloop
   endfacet
   facet normal -3.411824e-01 -9.399971e-01 3.974276e-08
      outer loop
         vertex 1.041337e+02 3.680756e+01 6.234840e+01
         vertex 1.195331e+02 3.121816e+01 5.964840e+01
         vertex 1.317531e+02 2.678279e+01 6.234840e+01
      endloop
   endfacet
   facet normal -3.411822e-01 -9.399972e-01 -8.783405e-07
      outer loop
         vertex 1.317531e+02 2.678279e+01 6.234840e+01
         vertex 1.195331e+02 3.121816e+01 5.964840e+01
         vertex 1.202526e+02 3.095703e+01 5.949616e+01
      endloop
   endfacet
   facet normal -3.411825e-01 -9.399971e-01 8.070487e-07
      outer loop
         vertex 1.317531e+02 2.678279e+01 6.234840e+01
         vertex 1.202526e+02 3.095703e+01 5.949616e+01
         vertex 1.208625e+02 3.073566e+01 5.906262e+01
      endloop
   endfacet
   facet normal -3.411823e-01 -9.399971e-01 0.000000e+00
      outer loop
         vertex 7.416600e+01 4.768466e+01 5.284840e+01
         vertex 7.416600e+01 4.768466e+01 4.844840e+01
         vertex 8.807736e+01 4.263538e+01 5.284840e+01
      endloop
   endfacet
   facet normal -3.411823e-01 -9.399971e-01 0.000000e+00
      outer loop
         vertex 8.807736e+01 4.263538e+01 5.284840e+01
         vertex 7.416600e+01 4.768466e+01 4.844840e+01
         vertex 8.807736e+01 4.263538e+01 4.844840e+01
      endloop
   endfacet
   facet normal -3.411823e-01 -9.399972e-01 0.000000e+00
      outer loop
         vertex 8.807736e+01 4.263538e+01 5.284840e+01
         vertex 8.807736e+01 4.263538e+01 4.844840e+01
         vertex 8.892095e+01 4.232919e+01 5.292888e+01
      endloop
   endfacet
   facet normal -3.411823e-01 -9.399972e-01 0.000000e+00
      outer loop
         vertex 8.892095e+01 4.232919e+01 5.292888e+01
         vertex 8.807736e+01 4.263538e+01 4.844840e+01
         vertex 8.892095e+01 4.232919e+01 4.836793e+01
      endloop
   endfacet
   facet normal -3.411859e-01 -9.399959e-01 0.000000e+00
      outer loop
         vertex 8.892095e+01 4.232919e+01 5.292888e+01
         vertex 8.892095e+01 4.232919e+01 4.836793e+01
         vertex 8.912126e+01 4.225649e+01 5.297077e+01
      endloop
   endfacet
   facet normal -3.411807e-01 -9.399977e-01 -2.548621e-07
      outer loop
         vertex 8.912126e+01 4.225649e+01 5.297077e+01
         vertex 8.892095e+01 4.232919e+01 4.836793e+01
         vertex 8.974122e+01 4.203147e+01 5.315339e+01
      endloop
   endfacet
   facet normal -3.411821e-01 -9.399972e-01 -5.889781e-07
      outer loop
         vertex 9.095549e+01 4.159073e+01 4.756378e+01
         vertex 9.126039e+01 4.148007e+01 4.737357e+01
         vertex 9.814820e+01 3.898006e+01 5.514840e+01
      endloop
   endfacet
   facet normal -3.411827e-01 -9.399970e-01 3.133374e-08
      outer loop
         vertex 9.814820e+01 3.898006e+01 5.514840e+01
         vertex 9.126039e+01 4.148007e+01 4.737357e+01
         vertex 9.276491e+01 4.093398e+01 4.620965e+01
      endloop
   endfacet
   facet normal -3.411826e-01 -9.399970e-01 0.000000e+00
      outer loop
         vertex 9.814820e+01 3.898006e+01 5.514840e+01
         vertex 9.276491e+01 4.093398e+01 4.620965e+01
         vertex 9.814820e+01 3.898006e+01 4.614840e+01
      endloop
   endfacet
   facet normal -3.411827e-01 -9.399970e-01 -1.019700e-06
      outer loop
         vertex 9.814820e+01 3.898006e+01 4.614840e+01
         vertex 9.276491e+01 4.093398e+01 4.620965e+01
         vertex 9.391822e+01 4.051538e+01 4.514840e+01
      endloop
   endfacet
   facet normal -3.411824e-01 -9.399971e-01 -2.378492e-06
      outer loop
         vertex 9.814820e+01 3.898006e+01 4.614840e+01
         vertex 9.391822e+01 4.051538e+01 4.514840e+01
         vertex 9.829131e+01 3.892812e+01 4.538304e+01
      endloop
   endfacet
   facet normal -3.411825e-01 -9.399971e-01 0.000000e+00
      outer loop
         vertex 9.829131e+01 3.892812e+01 4.538304e+01
         vertex 9.391822e+01 4.051538e+01 4.514840e+01
         vertex 9.391822e+01 4.051538e+01 4.294840e+01
      endloop
   endfacet
   facet normal -3.411833e-01 -9.399968e-01 1.679073e-06
      outer loop
         vertex 9.829131e+01 3.892812e+01 4.538304e+01
         vertex 9.391822e+01 4.051538e+01 4.294840e+01
         vertex 9.869884e+01 3.878020e+01 4.473419e+01
      endloop
   endfacet
   facet normal -3.411820e-01 -9.399973e-01 2.013858e-06
      outer loop
         vertex 1.054404e+02 3.633327e+01 4.246168e+01
         vertex 1.051000e+02 3.645683e+01 4.331507e+01
         vertex 1.041337e+02 3.680756e+01 4.294840e+01
      endloop
   endfacet
   facet normal -3.411811e-01 -9.399976e-01 -5.756970e-07
      outer loop
         vertex 1.041337e+02 3.680756e+01 4.294840e+01
         vertex 1.051000e+02 3.645683e+01 4.331507e+01
         vertex 1.049298e+02 3.651861e+01 4.374177e+01
      endloop
   endfacet
   facet normal -3.411804e-01 -9.399978e-01 -1.342574e-06
      outer loop
         vertex 1.041337e+02 3.680756e+01 4.294840e+01
         vertex 1.049298e+02 3.651861e+01 4.374177e+01
         vertex 1.045970e+02 3.663940e+01 4.404097e+01
      endloop
   endfacet
   facet normal -3.411847e-01 -9.399963e-01 7.246520e-07
      outer loop
         vertex 1.045970e+02 3.663940e+01 4.404097e+01
         vertex 1.041731e+02 3.679324e+01 4.414840e+01
         vertex 1.041337e+02 3.680756e+01 4.294840e+01
      endloop
   endfacet
   facet normal -3.411824e-01 -9.399971e-01 6.365778e-07
      outer loop
         vertex 1.041337e+02 3.680756e+01 4.294840e+01
         vertex 1.041731e+02 3.679324e+01 4.414840e+01
         vertex 1.000282e+02 3.829769e+01 4.414840e+01
      endloop
   endfacet
   facet normal -3.411825e-01 -9.399971e-01 1.310206e-07
      outer loop
         vertex 1.041337e+02 3.680756e+01 4.294840e+01
         vertex 1.000282e+02 3.829769e+01 4.414840e+01
         vertex 9.391822e+01 4.051538e+01 4.294840e+01
      endloop
   endfacet
   facet normal -3.411821e-01 -9.399972e-01 -2.047907e-06
      outer loop
         vertex 9.391822e+01 4.051538e+01 4.294840e+01
         vertex 1.000282e+02 3.829769e+01 4.414840e+01
         vertex 9.930875e+01 3.855882e+01 4.430065e+01
      endloop
   endfacet
   facet normal -3.411822e-01 -9.399972e-01 -1.777065e-06
      outer loop
         vertex 9.391822e+01 4.051538e+01 4.294840e+01
         vertex 9.930875e+01 3.855882e+01 4.430065e+01
         vertex 9.869884e+01 3.878020e+01 4.473419e+01
      endloop
   endfacet
   facet normal -3.950253e-01 -9.186702e-01 0.000000e+00
      outer loop
         vertex 9.391822e+01 4.051538e+01 5.614840e+01
         vertex 9.391822e+01 4.051538e+01 5.834840e+01
         vertex 9.343957e+01 4.072120e+01 5.614840e+01
      endloop
   endfacet
   facet normal -4.733644e-01 -8.806257e-01 2.060301e-02
      outer loop
         vertex 9.343957e+01 4.072120e+01 5.614840e+01
         vertex 9.391822e+01 4.051538e+01 5.834840e+01
         vertex 9.277240e+01 4.113129e+01 5.834840e+01
      endloop
   endfacet
   facet normal -9.987969e-01 -4.903866e-02 7.174135e-06
      outer loop
         vertex 9.096356e+01 4.504526e+01 5.817322e+01
         vertex 9.096354e+01 4.504527e+01 5.614840e+01
         vertex 9.101453e+01 4.400704e+01 5.828530e+01
      endloop
   endfacet
   facet normal -9.994577e-01 -3.184421e-02 8.376993e-03
      outer loop
         vertex 9.101453e+01 4.400704e+01 5.828530e+01
         vertex 9.096354e+01 4.504527e+01 5.614840e+01
         vertex 9.099174e+01 4.416025e+01 5.614840e+01
      endloop
   endfacet
   facet normal -9.812295e-01 -1.928144e-01 -3.358240e-03
      outer loop
         vertex 9.101453e+01 4.400704e+01 5.828530e+01
         vertex 9.099174e+01 4.416025e+01 5.614840e+01
         vertex 9.106515e+01 4.374902e+01 5.830998e+01
      endloop
   endfacet
   facet normal -9.740645e-01 -2.260527e-01 -9.924927e-03
      outer loop
         vertex 9.106515e+01 4.374902e+01 5.830998e+01
         vertex 9.099174e+01 4.416025e+01 5.614840e+01
         vertex 9.119008e+01 4.330561e+01 5.614840e+01
      endloop
   endfacet
   facet normal -9.518973e-01 -3.063174e-01 7.821066e-03
      outer loop
         vertex 9.106515e+01 4.374902e+01 5.830998e+01
         vertex 9.119008e+01 4.330561e+01 5.614840e+01
         vertex 9.130873e+01 4.299305e+01 5.834840e+01
      endloop
   endfacet
   facet normal -9.116960e-01 -4.107626e-01 -9.185973e-03
      outer loop
         vertex 9.130873e+01 4.299305e+01 5.834840e+01
         vertex 9.119008e+01 4.330561e+01 5.614840e+01
         vertex 9.155047e+01 4.250571e+01 5.614840e+01
      endloop
   endfacet
   facet normal -8.827940e-01 -4.697074e-01 7.047356e-03
      outer loop
         vertex 9.130873e+01 4.299305e+01 5.834840e+01
         vertex 9.155047e+01 4.250571e+01 5.614840e+01
         vertex 9.168444e+01 4.228693e+01 5.834840e+01
      endloop
   endfacet
   facet normal -8.528134e-01 -5.222158e-01 0.000000e+00
      outer loop
         vertex 9.155047e+01 4.250571e+01 5.614840e+01
         vertex 9.168444e+01 4.228693e+01 5.614840e+01
         vertex 9.168444e+01 4.228693e+01 5.834840e+01
      endloop
   endfacet
   facet normal -7.978391e-01 -6.028705e-01 -0.000000e+00
      outer loop
         vertex 9.168444e+01 4.228693e+01 5.834840e+01
         vertex 9.168444e+01 4.228693e+01 5.614840e+01
         vertex 9.205923e+01 4.179093e+01 5.614840e+01
      endloop
   endfacet
   facet normal -7.277653e-01 -6.851483e-01 3.048743e-02
      outer loop
         vertex 9.168444e+01 4.228693e+01 5.834840e+01
         vertex 9.205923e+01 4.179093e+01 5.614840e+01
         vertex 9.277240e+01 4.113129e+01 5.834840e+01
      endloop
   endfacet
   facet normal -6.866868e-01 -7.269385e-01 4.640814e-03
      outer loop
         vertex 9.277240e+01 4.113129e+01 5.834840e+01
         vertex 9.205923e+01 4.179093e+01 5.614840e+01
         vertex 9.269701e+01 4.118846e+01 5.614840e+01
      endloop
   endfacet
   facet normal -5.325880e-01 -8.463663e-01 -3.743365e-03
      outer loop
         vertex 9.277240e+01 4.113129e+01 5.834840e+01
         vertex 9.269701e+01 4.118846e+01 5.614840e+01
         vertex 9.343957e+01 4.072120e+01 5.614840e+01
      endloop
   endfacet
   facet normal -3.950253e-01 -9.186702e-01 0.000000e+00
      outer loop
         vertex 9.391822e+01 4.051538e+01 4.294840e+01
         vertex 9.391822e+01 4.051538e+01 4.514840e+01
         vertex 9.343957e+01 4.072120e+01 4.514840e+01
      endloop
   endfacet
   facet normal -4.733644e-01 -8.806257e-01 -2.060301e-02
      outer loop
         vertex 9.391822e+01 4.051538e+01 4.294840e+01
         vertex 9.343957e+01 4.072120e+01 4.514840e+01
         vertex 9.277240e+01 4.113129e+01 4.294840e+01
      endloop
   endfacet
   facet normal -8.827940e-01 -4.697074e-01 -7.047356e-03
      outer loop
         vertex 9.168444e+01 4.228693e+01 4.294840e+01
         vertex 9.155047e+01 4.250571e+01 4.514840e+01
         vertex 9.130873e+01 4.299305e+01 4.294840e+01
      endloop
   endfacet
   facet normal -9.116960e-01 -4.107626e-01 9.185973e-03
      outer loop
         vertex 9.130873e+01 4.299305e+01 4.294840e+01
         vertex 9.155047e+01 4.250571e+01 4.514840e+01
         vertex 9.119008e+01 4.330561e+01 4.514840e+01
      endloop
   endfacet
   facet normal -9.994928e-01 -3.184533e-02 -7.657749e-06
      outer loop
         vertex 9.096354e+01 4.504527e+01 4.514840e+01
         vertex 9.096356e+01 4.504526e+01 4.312359e+01
         vertex 9.099174e+01 4.416025e+01 4.514840e+01
      endloop
   endfacet
   facet normal -9.988088e-01 -4.826268e-02 -7.192943e-03
      outer loop
         vertex 9.099174e+01 4.416025e+01 4.514840e+01
         vertex 9.096356e+01 4.504526e+01 4.312359e+01
         vertex 9.101453e+01 4.400704e+01 4.301151e+01
      endloop
   endfacet
   facet normal -9.740960e-01 -2.260600e-01 5.817880e-03
      outer loop
         vertex 9.099174e+01 4.416025e+01 4.514840e+01
         vertex 9.101453e+01 4.400704e+01 4.301151e+01
         vertex 9.119008e+01 4.330561e+01 4.514840e+01
      endloop
   endfacet
   facet normal -9.808478e-01 -1.940426e-01 1.688210e-02
      outer loop
         vertex 9.119008e+01 4.330561e+01 4.514840e+01
         vertex 9.101453e+01 4.400704e+01 4.301151e+01
         vertex 9.106517e+01 4.374890e+01 4.298682e+01
      endloop
   endfacet
   facet normal -9.518928e-01 -3.063315e-01 -7.818819e-03
      outer loop
         vertex 9.119008e+01 4.330561e+01 4.514840e+01
         vertex 9.106517e+01 4.374890e+01 4.298682e+01
         vertex 9.130873e+01 4.299305e+01 4.294840e+01
      endloop
   endfacet
   facet normal -5.325880e-01 -8.463663e-01 3.743365e-03
      outer loop
         vertex 9.343957e+01 4.072120e+01 4.514840e+01
         vertex 9.269701e+01 4.118846e+01 4.514840e+01
         vertex 9.277240e+01 4.113129e+01 4.294840e+01
      endloop
   endfacet
   facet normal -6.866868e-01 -7.269385e-01 -4.640814e-03
      outer loop
         vertex 9.277240e+01 4.113129e+01 4.294840e+01
         vertex 9.269701e+01 4.118846e+01 4.514840e+01
         vertex 9.205923e+01 4.179093e+01 4.514840e+01
      endloop
   endfacet
   facet normal -7.277653e-01 -6.851483e-01 -3.048743e-02
      outer loop
         vertex 9.277240e+01 4.113129e+01 4.294840e+01
         vertex 9.205923e+01 4.179093e+01 4.514840e+01
         vertex 9.168444e+01 4.228693e+01 4.294840e+01
      endloop
   endfacet
   facet normal -7.978391e-01 -6.028705e-01 0.000000e+00
      outer loop
         vertex 9.168444e+01 4.228693e+01 4.294840e+01
         vertex 9.205923e+01 4.179093e+01 4.514840e+01
         vertex 9.168444e+01 4.228693e+01 4.514840e+01
      endloop
   endfacet
   facet normal -8.528134e-01 -5.222158e-01 0.000000e+00
      outer loop
         vertex 9.168444e+01 4.228693e+01 4.294840e+01
         vertex 9.168444e+01 4.228693e+01 4.514840e+01
         vertex 9.155047e+01 4.250571e+01 4.514840e+01
      endloop
   endfacet
   facet normal 0.000000e+00 0.000000e+00 1.000000e+00
      outer loop
         vertex 8.523075e+01 4.712605e+01 5.314840e+01
         vertex 7.842442e+01 5.404676e+01 5.314840e+01
         vertex 7.890647e+01 5.266882e+01 5.314840e+01
      endloop
   endfacet
   facet normal 0.000000e+00 0.000000e+00 1.000000e+00
      outer loop
         vertex 8.143986e+01 5.483180e+01 5.314840e+01
         vertex 8.625430e+01 4.994604e+01 5.314840e+01
         vertex 8.909923e+01 4.891344e+01 5.314840e+01
      endloop
   endfacet
   facet normal 0.000000e+00 0.000000e+00 1.000000e+00
      outer loop
         vertex 8.909923e+01 4.891344e+01 5.314840e+01
         vertex 8.957042e+01 4.964285e+01 5.314840e+01
         vertex 8.143986e+01 5.483180e+01 5.314840e+01
      endloop
   endfacet
   facet normal 0.000000e+00 0.000000e+00 1.000000e+00
      outer loop
         vertex 8.143986e+01 5.483180e+01 5.314840e+01
         vertex 8.957042e+01 4.964285e+01 5.314840e+01
         vertex 9.054457e+01 5.073335e+01 5.314840e+01
      endloop
   endfacet
   facet normal 0.000000e+00 0.000000e+00 1.000000e+00
      outer loop
         vertex 8.143986e+01 5.483180e+01 5.314840e+01
         vertex 9.054457e+01 5.073335e+01 5.314840e+01
         vertex 9.121624e+01 5.128336e+01 5.314840e+01
      endloop
   endfacet
   facet normal 0.000000e+00 0.000000e+00 1.000000e+00
      outer loop
         vertex 8.817971e+01 4.291738e+01 5.314840e+01
         vertex 8.801721e+01 4.377017e+01 5.314840e+01
         vertex 8.523075e+01 4.712605e+01 5.314840e+01
      endloop
   endfacet
   facet normal 0.000000e+00 0.000000e+00 1.000000e+00
      outer loop
         vertex 8.523075e+01 4.712605e+01 5.314840e+01
         vertex 8.801721e+01 4.377017e+01 5.314840e+01
         vertex 8.796932e+01 4.523162e+01 5.314840e+01
      endloop
   endfacet
   facet normal 0.000000e+00 0.000000e+00 1.000000e+00
      outer loop
         vertex 8.523075e+01 4.712605e+01 5.314840e+01
         vertex 8.796932e+01 4.523162e+01 5.314840e+01
         vertex 8.807569e+01 4.609345e+01 5.314840e+01
      endloop
   endfacet
   facet normal 0.000000e+00 0.000000e+00 1.000000e+00
      outer loop
         vertex 7.594936e+01 5.542887e+01 5.314840e+01
         vertex 7.735722e+01 5.504284e+01 5.314840e+01
         vertex 7.840370e+01 5.633260e+01 5.314840e+01
      endloop
   endfacet
   facet normal 0.000000e+00 0.000000e+00 1.000000e+00
      outer loop
         vertex 7.299128e+01 5.137274e+01 5.314840e+01
         vertex 7.285299e+01 5.282600e+01 5.314840e+01
         vertex 7.134814e+01 5.364226e+01 5.314840e+01
      endloop
   endfacet
   facet normal 0.000000e+00 0.000000e+00 1.000000e+00
      outer loop
         vertex 7.134814e+01 5.364226e+01 5.314840e+01
         vertex 7.285299e+01 5.282600e+01 5.314840e+01
         vertex 7.212111e+01 5.520601e+01 5.314840e+01
      endloop
   endfacet
   facet normal 0.000000e+00 0.000000e+00 1.000000e+00
      outer loop
         vertex 7.212111e+01 5.520601e+01 5.314840e+01
         vertex 7.285299e+01 5.282600e+01 5.314840e+01
         vertex 7.340591e+01 5.417706e+01 5.314840e+01
      endloop
   endfacet
   facet normal 0.000000e+00 0.000000e+00 1.000000e+00
      outer loop
         vertex 7.212111e+01 5.520601e+01 5.314840e+01
         vertex 7.340591e+01 5.417706e+01 5.314840e+01
         vertex 7.341162e+01 5.637964e+01 5.314840e+01
      endloop
   endfacet
   facet normal 0.000000e+00 0.000000e+00 1.000000e+00
      outer loop
         vertex 7.840370e+01 5.633260e+01 5.314840e+01
         vertex 7.735722e+01 5.504284e+01 5.314840e+01
         vertex 7.988012e+01 5.549793e+01 5.314840e+01
      endloop
   endfacet
   facet normal 0.000000e+00 0.000000e+00 1.000000e+00
      outer loop
         vertex 7.988012e+01 5.549793e+01 5.314840e+01
         vertex 7.735722e+01 5.504284e+01 5.314840e+01
         vertex 7.842442e+01 5.404676e+01 5.314840e+01
      endloop
   endfacet
   facet normal 0.000000e+00 0.000000e+00 1.000000e+00
      outer loop
         vertex 7.988012e+01 5.549793e+01 5.314840e+01
         vertex 7.842442e+01 5.404676e+01 5.314840e+01
         vertex 8.143986e+01 5.483180e+01 5.314840e+01
      endloop
   endfacet
   facet normal 0.000000e+00 0.000000e+00 1.000000e+00
      outer loop
         vertex 8.143986e+01 5.483180e+01 5.314840e+01
         vertex 7.842442e+01 5.404676e+01 5.314840e+01
         vertex 8.523075e+01 4.712605e+01 5.314840e+01
      endloop
   endfacet
   facet normal 0.000000e+00 0.000000e+00 1.000000e+00
      outer loop
         vertex 8.143986e+01 5.483180e+01 5.314840e+01
         vertex 8.523075e+01 4.712605e+01 5.314840e+01
         vertex 8.625430e+01 4.994604e+01 5.314840e+01
      endloop
   endfacet
   facet normal 0.000000e+00 0.000000e+00 1.000000e+00
      outer loop
         vertex 7.890647e+01 5.266882e+01 5.314840e+01
         vertex 7.869295e+01 5.122469e+01 5.314840e+01
         vertex 8.523075e+01 4.712605e+01 5.314840e+01
      endloop
   endfacet
   facet normal 0.000000e+00 0.000000e+00 1.000000e+00
      outer loop
         vertex 8.523075e+01 4.712605e+01 5.314840e+01
         vertex 7.869295e+01 5.122469e+01 5.314840e+01
         vertex 7.783277e+01 5.004521e+01 5.314840e+01
      endloop
   endfacet
   facet normal 0.000000e+00 0.000000e+00 1.000000e+00
      outer loop
         vertex 8.523075e+01 4.712605e+01 5.314840e+01
         vertex 7.783277e+01 5.004521e+01 5.314840e+01
         vertex 8.817971e+01 4.291738e+01 5.314840e+01
      endloop
   endfacet
   facet normal 0.000000e+00 0.000000e+00 1.000000e+00
      outer loop
         vertex 8.817971e+01 4.291738e+01 5.314840e+01
         vertex 7.783277e+01 5.004521e+01 5.314840e+01
         vertex 7.652299e+01 4.940058e+01 5.314840e+01
      endloop
   endfacet
   facet normal 0.000000e+00 0.000000e+00 1.000000e+00
      outer loop
         vertex 8.817971e+01 4.291738e+01 5.314840e+01
         vertex 7.652299e+01 4.940058e+01 5.314840e+01
         vertex 7.426836e+01 4.796666e+01 5.314840e+01
      endloop
   endfacet
   facet normal 0.000000e+00 0.000000e+00 1.000000e+00
      outer loop
         vertex 7.426836e+01 4.796666e+01 5.314840e+01
         vertex 7.652299e+01 4.940058e+01 5.314840e+01
         vertex 7.506365e+01 4.943847e+01 5.314840e+01
      endloop
   endfacet
   facet normal 0.000000e+00 0.000000e+00 1.000000e+00
      outer loop
         vertex 7.426836e+01 4.796666e+01 5.314840e+01
         vertex 7.506365e+01 4.943847e+01 5.314840e+01
         vertex 7.276776e+01 4.885606e+01 5.314840e+01
      endloop
   endfacet
   facet normal 0.000000e+00 0.000000e+00 1.000000e+00
      outer loop
         vertex 7.276776e+01 4.885606e+01 5.314840e+01
         vertex 7.506365e+01 4.943847e+01 5.314840e+01
         vertex 7.378909e+01 5.015021e+01 5.314840e+01
      endloop
   endfacet
   facet normal 0.000000e+00 0.000000e+00 1.000000e+00
      outer loop
         vertex 7.276776e+01 4.885606e+01 5.314840e+01
         vertex 7.378909e+01 5.015021e+01 5.314840e+01
         vertex 7.169543e+01 5.023189e+01 5.314840e+01
      endloop
   endfacet
   facet normal 0.000000e+00 0.000000e+00 1.000000e+00
      outer loop
         vertex 7.169543e+01 5.023189e+01 5.314840e+01
         vertex 7.378909e+01 5.015021e+01 5.314840e+01
         vertex 7.299128e+01 5.137274e+01 5.314840e+01
      endloop
   endfacet
   facet normal 0.000000e+00 0.000000e+00 1.000000e+00
      outer loop
         vertex 7.169543e+01 5.023189e+01 5.314840e+01
         vertex 7.299128e+01 5.137274e+01 5.314840e+01
         vertex 7.119940e+01 5.190424e+01 5.314840e+01
      endloop
   endfacet
   facet normal 0.000000e+00 0.000000e+00 1.000000e+00
      outer loop
         vertex 7.119940e+01 5.190424e+01 5.314840e+01
         vertex 7.299128e+01 5.137274e+01 5.314840e+01
         vertex 7.134814e+01 5.364226e+01 5.314840e+01
      endloop
   endfacet
   facet normal 0.000000e+00 0.000000e+00 1.000000e+00
      outer loop
         vertex 7.340591e+01 5.417706e+01 5.314840e+01
         vertex 7.390760e+01 5.471458e+01 5.314840e+01
         vertex 7.341162e+01 5.637964e+01 5.314840e+01
      endloop
   endfacet
   facet normal 0.000000e+00 0.000000e+00 1.000000e+00
      outer loop
         vertex 7.341162e+01 5.637964e+01 5.314840e+01
         vertex 7.390760e+01 5.471458e+01 5.314840e+01
         vertex 7.452336e+01 5.511642e+01 5.314840e+01
      endloop
   endfacet
   facet normal 0.000000e+00 0.000000e+00 1.000000e+00
      outer loop
         vertex 7.341162e+01 5.637964e+01 5.314840e+01
         vertex 7.452336e+01 5.511642e+01 5.314840e+01
         vertex 7.504151e+01 5.700113e+01 5.314840e+01
      endloop
   endfacet
   facet normal 0.000000e+00 0.000000e+00 1.000000e+00
      outer loop
         vertex 7.504151e+01 5.700113e+01 5.314840e+01
         vertex 7.452336e+01 5.511642e+01 5.314840e+01
         vertex 7.594936e+01 5.542887e+01 5.314840e+01
      endloop
   endfacet
   facet normal 0.000000e+00 0.000000e+00 1.000000e+00
      outer loop
         vertex 7.504151e+01 5.700113e+01 5.314840e+01
         vertex 7.594936e+01 5.542887e+01 5.314840e+01
         vertex 7.678580e+01 5.698469e+01 5.314840e+01
      endloop
   endfacet
   facet normal 0.000000e+00 0.000000e+00 1.000000e+00
      outer loop
         vertex 7.678580e+01 5.698469e+01 5.314840e+01
         vertex 7.594936e+01 5.542887e+01 5.314840e+01
         vertex 7.840370e+01 5.633260e+01 5.314840e+01
      endloop
   endfacet
   facet normal 0.000000e+00 0.000000e+00 -1.000000e+00
      outer loop
         vertex 8.523075e+01 4.712605e+01 4.814840e+01
         vertex 8.807569e+01 4.609345e+01 4.814840e+01
         vertex 8.796932e+01 4.523162e+01 4.814840e+01
      endloop
   endfacet
   facet normal 0.000000e+00 -0.000000e+00 -1.000000e+00
      outer loop
         vertex 8.523075e+01 4.712605e+01 4.814840e+01
         vertex 8.796932e+01 4.523162e+01 4.814840e+01
         vertex 7.426836e+01 4.796666e+01 4.814840e+01
      endloop
   endfacet
   facet normal 0.000000e+00 0.000000e+00 -1.000000e+00
      outer loop
         vertex 7.426836e+01 4.796666e+01 4.814840e+01
         vertex 8.796932e+01 4.523162e+01 4.814840e+01
         vertex 8.801721e+01 4.377017e+01 4.814840e+01
      endloop
   endfacet
   facet normal 0.000000e+00 0.000000e+00 -1.000000e+00
      outer loop
         vertex 7.426836e+01 4.796666e+01 4.814840e+01
         vertex 8.801721e+01 4.377017e+01 4.814840e+01
         vertex 8.817971e+01 4.291738e+01 4.814840e+01
      endloop
   endfacet
   facet normal 0.000000e+00 0.000000e+00 -1.000000e+00
      outer loop
         vertex 8.909923e+01 4.891344e+01 4.814840e+01
         vertex 8.625430e+01 4.994604e+01 4.814840e+01
         vertex 8.957042e+01 4.964285e+01 4.814840e+01
      endloop
   endfacet
   facet normal 0.000000e+00 0.000000e+00 -1.000000e+00
      outer loop
         vertex 8.957042e+01 4.964285e+01 4.814840e+01
         vertex 8.625430e+01 4.994604e+01 4.814840e+01
         vertex 8.143986e+01 5.483180e+01 4.814840e+01
      endloop
   endfacet
   facet normal 0.000000e+00 0.000000e+00 -1.000000e+00
      outer loop
         vertex 8.957042e+01 4.964285e+01 4.814840e+01
         vertex 8.143986e+01 5.483180e+01 4.814840e+01
         vertex 9.054457e+01 5.073335e+01 4.814840e+01
      endloop
   endfacet
   facet normal 0.000000e+00 0.000000e+00 -1.000000e+00
      outer loop
         vertex 9.054457e+01 5.073335e+01 4.814840e+01
         vertex 8.143986e+01 5.483180e+01 4.814840e+01
         vertex 9.121624e+01 5.128336e+01 4.814840e+01
      endloop
   endfacet
   facet normal 0.000000e+00 0.000000e+00 -1.000000e+00
      outer loop
         vertex 7.299128e+01 5.137274e+01 4.814840e+01
         vertex 7.378909e+01 5.015021e+01 4.814840e+01
         vertex 7.276776e+01 4.885606e+01 4.814840e+01
      endloop
   endfacet
   facet normal 0.000000e+00 0.000000e+00 -1.000000e+00
      outer loop
         vertex 7.276776e+01 4.885606e+01 4.814840e+01
         vertex 7.378909e+01 5.015021e+01 4.814840e+01
         vertex 7.426836e+01 4.796666e+01 4.814840e+01
      endloop
   endfacet
   facet normal 0.000000e+00 0.000000e+00 -1.000000e+00
      outer loop
         vertex 8.523075e+01 4.712605e+01 4.814840e+01
         vertex 7.869295e+01 5.122469e+01 4.814840e+01
         vertex 8.625430e+01 4.994604e+01 4.814840e+01
      endloop
   endfacet
   facet normal 0.000000e+00 0.000000e+00 -1.000000e+00
      outer loop
         vertex 8.625430e+01 4.994604e+01 4.814840e+01
         vertex 7.869295e+01 5.122469e+01 4.814840e+01
         vertex 7.890647e+01 5.266882e+01 4.814840e+01
      endloop
   endfacet
   facet normal 0.000000e+00 0.000000e+00 -1.000000e+00
      outer loop
         vertex 8.625430e+01 4.994604e+01 4.814840e+01
         vertex 7.890647e+01 5.266882e+01 4.814840e+01
         vertex 8.143986e+01 5.483180e+01 4.814840e+01
      endloop
   endfacet
   facet normal 0.000000e+00 -0.000000e+00 -1.000000e+00
      outer loop
         vertex 8.143986e+01 5.483180e+01 4.814840e+01
         vertex 7.890647e+01 5.266882e+01 4.814840e+01
         vertex 7.842442e+01 5.404676e+01 4.814840e+01
      endloop
   endfacet
   facet normal 0.000000e+00 0.000000e+00 -1.000000e+00
      outer loop
         vertex 7.378909e+01 5.015021e+01 4.814840e+01
         vertex 7.506365e+01 4.943847e+01 4.814840e+01
         vertex 7.426836e+01 4.796666e+01 4.814840e+01
      endloop
   endfacet
   facet normal 0.000000e+00 0.000000e+00 -1.000000e+00
      outer loop
         vertex 7.426836e+01 4.796666e+01 4.814840e+01
         vertex 7.506365e+01 4.943847e+01 4.814840e+01
         vertex 7.652299e+01 4.940058e+01 4.814840e+01
      endloop
   endfacet
   facet normal 0.000000e+00 0.000000e+00 -1.000000e+00
      outer loop
         vertex 7.426836e+01 4.796666e+01 4.814840e+01
         vertex 7.652299e+01 4.940058e+01 4.814840e+01
         vertex 8.523075e+01 4.712605e+01 4.814840e+01
      endloop
   endfacet
   facet normal 0.000000e+00 0.000000e+00 -1.000000e+00
      outer loop
         vertex 8.523075e+01 4.712605e+01 4.814840e+01
         vertex 7.652299e+01 4.940058e+01 4.814840e+01
         vertex 7.783277e+01 5.004521e+01 4.814840e+01
      endloop
   endfacet
   facet normal 0.000000e+00 0.000000e+00 -1.000000e+00
      outer loop
         vertex 8.523075e+01 4.712605e+01 4.814840e+01
         vertex 7.783277e+01 5.004521e+01 4.814840e+01
         vertex 7.869295e+01 5.122469e+01 4.814840e+01
      endloop
   endfacet
   facet normal 0.000000e+00 0.000000e+00 -1.000000e+00
      outer loop
         vertex 7.276776e+01 4.885606e+01 4.814840e+01
         vertex 7.169543e+01 5.023189e+01 4.814840e+01
         vertex 7.299128e+01 5.137274e+01 4.814840e+01
      endloop
   endfacet
   facet normal 0.000000e+00 -0.000000e+00 -1.000000e+00
      outer loop
         vertex 7.299128e+01 5.137274e+01 4.814840e+01
         vertex 7.169543e+01 5.023189e+01 4.814840e+01
         vertex 7.119940e+01 5.190424e+01 4.814840e+01
      endloop
   endfacet
   facet normal 0.000000e+00 0.000000e+00 -1.000000e+00
      outer loop
         vertex 7.299128e+01 5.137274e+01 4.814840e+01
         vertex 7.119940e+01 5.190424e+01 4.814840e+01
         vertex 7.285299e+01 5.282600e+01 4.814840e+01
      endloop
   endfacet
   facet normal 0.000000e+00 0.000000e+00 -1.000000e+00
      outer loop
         vertex 7.285299e+01 5.282600e+01 4.814840e+01
         vertex 7.119940e+01 5.190424e+01 4.814840e+01
         vertex 7.134814e+01 5.364226e+01 4.814840e+01
      endloop
   endfacet
   facet normal 0.000000e+00 0.000000e+00 -1.000000e+00
      outer loop
         vertex 7.285299e+01 5.282600e+01 4.814840e+01
         vertex 7.134814e+01 5.364226e+01 4.814840e+01
         vertex 7.340591e+01 5.417706e+01 4.814840e+01
      endloop
   endfacet
   facet normal 0.000000e+00 0.000000e+00 -1.000000e+00
      outer loop
         vertex 7.340591e+01 5.417706e+01 4.814840e+01
         vertex 7.134814e+01 5.364226e+01 4.814840e+01
         vertex 7.212111e+01 5.520601e+01 4.814840e+01
      endloop
   endfacet
   facet normal 0.000000e+00 0.000000e+00 -1.000000e+00
      outer loop
         vertex 7.340591e+01 5.417706e+01 4.814840e+01
         vertex 7.212111e+01 5.520601e+01 4.814840e+01
         vertex 7.390760e+01 5.471458e+01 4.814840e+01
      endloop
   endfacet
   facet normal 0.000000e+00 0.000000e+00 -1.000000e+00
      outer loop
         vertex 7.390760e+01 5.471458e+01 4.814840e+01
         vertex 7.212111e+01 5.520601e+01 4.814840e+01
         vertex 7.341162e+01 5.637964e+01 4.814840e+01
      endloop
   endfacet
   facet normal 0.000000e+00 0.000000e+00 -1.000000e+00
      outer loop
         vertex 7.390760e+01 5.471458e+01 4.814840e+01
         vertex 7.341162e+01 5.637964e+01 4.814840e+01
         vertex 7.452336e+01 5.511642e+01 4.814840e+01
      endloop
   endfacet
   facet normal 0.000000e+00 0.000000e+00 -1.000000e+00
      outer loop
         vertex 7.452336e+01 5.511642e+01 4.814840e+01
         vertex 7.341162e+01 5.637964e+01 4.814840e+01
         vertex 7.504151e+01 5.700113e+01 4.814840e+01
      endloop
   endfacet
   facet normal 0.000000e+00 0.000000e+00 -1.000000e+00
      outer loop
         vertex 7.452336e+01 5.511642e+01 4.814840e+01
         vertex 7.504151e+01 5.700113e+01 4.814840e+01
         vertex 7.594936e+01 5.542887e+01 4.814840e+01
      endloop
   endfacet
   facet normal 0.000000e+00 0.000000e+00 -1.000000e+00
      outer loop
         vertex 7.594936e+01 5.542887e+01 4.814840e+01
         vertex 7.504151e+01 5.700113e+01 4.814840e+01
         vertex 7.678580e+01 5.698469e+01 4.814840e+01
      endloop
   endfacet
   facet normal 0.000000e+00 0.000000e+00 -1.000000e+00
      outer loop
         vertex 7.594936e+01 5.542887e+01 4.814840e+01
         vertex 7.678580e+01 5.698469e+01 4.814840e+01
         vertex 7.735722e+01 5.504284e+01 4.814840e+01
      endloop
   endfacet
   facet normal 0.000000e+00 0.000000e+00 -1.000000e+00
      outer loop
         vertex 7.735722e+01 5.504284e+01 4.814840e+01
         vertex 7.678580e+01 5.698469e+01 4.814840e+01
         vertex 7.840370e+01 5.633260e+01 4.814840e+01
      endloop
   endfacet
   facet normal 0.000000e+00 0.000000e+00 -1.000000e+00
      outer loop
         vertex 7.735722e+01 5.504284e+01 4.814840e+01
         vertex 7.840370e+01 5.633260e+01 4.814840e+01
         vertex 7.842442e+01 5.404676e+01 4.814840e+01
      endloop
   endfacet
   facet normal 0.000000e+00 0.000000e+00 -1.000000e+00
      outer loop
         vertex 7.842442e+01 5.404676e+01 4.814840e+01
         vertex 7.840370e+01 5.633260e+01 4.814840e+01
         vertex 7.988012e+01 5.549793e+01 4.814840e+01
      endloop
   endfacet
   facet normal 0.000000e+00 0.000000e+00 -1.000000e+00
      outer loop
         vertex 7.842442e+01 5.404676e+01 4.814840e+01
         vertex 7.988012e+01 5.549793e+01 4.814840e+01
         vertex 8.143986e+01 5.483180e+01 4.814840e+01
      endloop
   endfacet
endsolid TRY2_ASS - Internal_Rod-1