solid TRY2_ASS - Tip_Support-2
   facet normal 4.784741e-01 8.762236e-01 5.740040e-02
      outer loop
         vertex 1.617315e+02 1.129609e+02 5.168774e+01
         vertex 1.618270e+02 1.129157e+02 5.158240e+01
         vertex 1.618478e+02 1.129244e+02 5.127586e+01
      endloop
   endfacet
   facet normal 4.128677e-01 9.100839e-01 3.588203e-02
      outer loop
         vertex 1.617315e+02 1.129609e+02 5.168774e+01
         vertex 1.618478e+02 1.129244e+02 5.127586e+01
         vertex 1.616337e+02 1.130196e+02 5.132468e+01
      endloop
   endfacet
   facet normal 4.083585e-01 9.127566e-01 1.089884e-02
      outer loop
         vertex 1.616337e+02 1.130196e+02 5.132468e+01
         vertex 1.618478e+02 1.129244e+02 5.127586e+01
         vertex 1.618147e+02 1.129431e+02 5.094840e+01
      endloop
   endfacet
   facet normal 4.060824e-01 9.137861e-01 9.594469e-03
      outer loop
         vertex 1.616337e+02 1.130196e+02 5.132468e+01
         vertex 1.618147e+02 1.129431e+02 5.094840e+01
         vertex 1.616020e+02 1.130387e+02 5.085462e+01
      endloop
   endfacet
   facet normal 4.137797e-01 9.096818e-01 -3.557145e-02
      outer loop
         vertex 1.617315e+02 1.129609e+02 5.020907e+01
         vertex 1.616337e+02 1.130196e+02 5.057212e+01
         vertex 1.618837e+02 1.128989e+02 5.039395e+01
      endloop
   endfacet
   facet normal 4.130317e-01 9.099721e-01 -3.681768e-02
      outer loop
         vertex 1.618837e+02 1.128989e+02 5.039395e+01
         vertex 1.616337e+02 1.130196e+02 5.057212e+01
         vertex 1.618478e+02 1.129244e+02 5.062095e+01
      endloop
   endfacet
   facet normal 2.934715e-01 9.540402e-01 -6.067769e-02
      outer loop
         vertex 1.618837e+02 1.128989e+02 5.039395e+01
         vertex 1.618478e+02 1.129244e+02 5.062095e+01
         vertex 1.619092e+02 1.128938e+02 5.043579e+01
      endloop
   endfacet
   facet normal 2.412230e-01 9.671517e-01 -8.018092e-02
      outer loop
         vertex 1.619092e+02 1.128938e+02 5.043579e+01
         vertex 1.618478e+02 1.129244e+02 5.062095e+01
         vertex 1.619961e+02 1.128882e+02 5.063062e+01
      endloop
   endfacet
   facet normal 4.092115e-01 9.123077e-01 -1.551374e-02
      outer loop
         vertex 1.616337e+02 1.130196e+02 5.057212e+01
         vertex 1.616020e+02 1.130387e+02 5.085462e+01
         vertex 1.618478e+02 1.129244e+02 5.062095e+01
      endloop
   endfacet
   facet normal 4.133646e-01 9.105077e-01 -1.026529e-02
      outer loop
         vertex 1.618478e+02 1.129244e+02 5.062095e+01
         vertex 1.616020e+02 1.130387e+02 5.085462e+01
         vertex 1.618147e+02 1.129431e+02 5.094840e+01
      endloop
   endfacet
   facet normal 2.388648e-01 9.705482e-01 -3.130144e-02
      outer loop
         vertex 1.618478e+02 1.129244e+02 5.062095e+01
         vertex 1.618147e+02 1.129431e+02 5.094840e+01
         vertex 1.619961e+02 1.128882e+02 5.063062e+01
      endloop
   endfacet
   facet normal 1.836048e-01 9.808740e-01 -6.461848e-02
      outer loop
         vertex 1.619961e+02 1.128882e+02 5.063062e+01
         vertex 1.618147e+02 1.129431e+02 5.094840e+01
         vertex 1.620463e+02 1.128982e+02 5.092400e+01
      endloop
   endfacet
   facet normal 3.247177e-01 9.445449e-01 4.892180e-02
      outer loop
         vertex 1.618270e+02 1.129157e+02 5.158240e+01
         vertex 1.619089e+02 1.128938e+02 5.146150e+01
         vertex 1.618478e+02 1.129244e+02 5.127586e+01
      endloop
   endfacet
   facet normal 2.512192e-01 9.649033e-01 7.648874e-02
      outer loop
         vertex 1.618478e+02 1.129244e+02 5.127586e+01
         vertex 1.619089e+02 1.128938e+02 5.146150e+01
         vertex 1.619614e+02 1.128884e+02 5.135737e+01
      endloop
   endfacet
   facet normal 2.853262e-01 9.580804e-01 2.590131e-02
      outer loop
         vertex 1.618478e+02 1.129244e+02 5.127586e+01
         vertex 1.619614e+02 1.128884e+02 5.135737e+01
         vertex 1.618147e+02 1.129431e+02 5.094840e+01
      endloop
   endfacet
   facet normal 1.585235e-01 9.845076e-01 7.493327e-02
      outer loop
         vertex 1.618147e+02 1.129431e+02 5.094840e+01
         vertex 1.619614e+02 1.128884e+02 5.135737e+01
         vertex 1.620339e+02 1.128956e+02 5.110915e+01
      endloop
   endfacet
   facet normal 1.932011e-01 9.807997e-01 2.655591e-02
      outer loop
         vertex 1.618147e+02 1.129431e+02 5.094840e+01
         vertex 1.620339e+02 1.128956e+02 5.110915e+01
         vertex 1.620463e+02 1.128982e+02 5.092400e+01
      endloop
   endfacet
   facet normal 3.918841e-01 9.194609e-01 -3.191486e-02
      outer loop
         vertex 1.600383e+02 1.139009e+02 5.123640e+01
         vertex 1.601341e+02 1.138679e+02 5.146122e+01
         vertex 1.605342e+02 1.136791e+02 5.093562e+01
      endloop
   endfacet
   facet normal 3.933188e-01 9.188922e-01 -3.061852e-02
      outer loop
         vertex 1.601341e+02 1.138679e+02 5.146122e+01
         vertex 1.601567e+02 1.138595e+02 5.149845e+01
         vertex 1.605342e+02 1.136791e+02 5.093562e+01
      endloop
   endfacet
   facet normal 4.084237e-01 9.126055e-01 -1.847235e-02
      outer loop
         vertex 1.605342e+02 1.136791e+02 5.093562e+01
         vertex 1.601567e+02 1.138595e+02 5.149845e+01
         vertex 1.603349e+02 1.137840e+02 5.171006e+01
      endloop
   endfacet
   facet normal 4.615548e-01 8.871107e-01 -1.346076e-03
      outer loop
         vertex 1.605342e+02 1.136791e+02 5.093562e+01
         vertex 1.603349e+02 1.137840e+02 5.171006e+01
         vertex 1.605104e+02 1.136929e+02 5.183692e+01
      endloop
   endfacet
   facet normal 4.607883e-01 8.875090e-01 1.412527e-03
      outer loop
         vertex 1.605104e+02 1.136929e+02 5.005988e+01
         vertex 1.603307e+02 1.137860e+02 5.019049e+01
         vertex 1.605342e+02 1.136791e+02 5.093562e+01
      endloop
   endfacet
   facet normal 4.085240e-01 9.125441e-01 1.927125e-02
      outer loop
         vertex 1.605342e+02 1.136791e+02 5.093562e+01
         vertex 1.603307e+02 1.137860e+02 5.019049e+01
         vertex 1.601568e+02 1.138594e+02 5.039811e+01
      endloop
   endfacet
   facet normal 3.942622e-01 9.184658e-01 3.127010e-02
      outer loop
         vertex 1.605342e+02 1.136791e+02 5.093562e+01
         vertex 1.601568e+02 1.138594e+02 5.039811e+01
         vertex 1.601341e+02 1.138679e+02 5.043559e+01
      endloop
   endfacet
   facet normal 3.930104e-01 9.189610e-01 3.245865e-02
      outer loop
         vertex 1.601341e+02 1.138679e+02 5.043559e+01
         vertex 1.600384e+02 1.139009e+02 5.066013e+01
         vertex 1.605342e+02 1.136791e+02 5.093562e+01
      endloop
   endfacet
   facet normal 4.005612e-01 9.161199e-01 1.658367e-02
      outer loop
         vertex 1.605342e+02 1.136791e+02 5.093562e+01
         vertex 1.600384e+02 1.139009e+02 5.066013e+01
         vertex 1.599966e+02 1.139140e+02 5.094827e+01
      endloop
   endfacet
   facet normal 3.999095e-01 9.164073e-01 -1.643234e-02
      outer loop
         vertex 1.605342e+02 1.136791e+02 5.093562e+01
         vertex 1.599966e+02 1.139140e+02 5.094827e+01
         vertex 1.600383e+02 1.139009e+02 5.123640e+01
      endloop
   endfacet
   facet normal 5.049787e-01 8.631318e-01 1.650865e-04
      outer loop
         vertex 1.605104e+02 1.136929e+02 5.183692e+01
         vertex 1.605578e+02 1.136651e+02 5.186249e+01
         vertex 1.605342e+02 1.136791e+02 5.093562e+01
      endloop
   endfacet
   facet normal 5.097801e-01 8.603048e-01 2.403038e-17
      outer loop
         vertex 1.605342e+02 1.136791e+02 5.093562e+01
         vertex 1.605578e+02 1.136651e+02 5.186249e+01
         vertex 1.605578e+02 1.136651e+02 5.003432e+01
      endloop
   endfacet
   facet normal 5.050053e-01 8.631162e-01 -1.688305e-04
      outer loop
         vertex 1.605342e+02 1.136791e+02 5.093562e+01
         vertex 1.605578e+02 1.136651e+02 5.003432e+01
         vertex 1.605104e+02 1.136929e+02 5.005988e+01
      endloop
   endfacet
   facet normal 5.144959e-01 8.574929e-01 4.156081e-06
      outer loop
         vertex 1.615341e+02 1.130794e+02 5.006073e+01
         vertex 1.610216e+02 1.133869e+02 4.992340e+01
         vertex 1.605578e+02 1.136651e+02 5.003432e+01
      endloop
   endfacet
   facet normal 5.144956e-01 8.574930e-01 2.293379e-17
      outer loop
         vertex 1.605578e+02 1.136651e+02 5.003432e+01
         vertex 1.605578e+02 1.136651e+02 5.186249e+01
         vertex 1.616337e+02 1.130196e+02 5.132468e+01
      endloop
   endfacet
   facet normal 5.144953e-01 8.574932e-01 -8.637118e-07
      outer loop
         vertex 1.605578e+02 1.136651e+02 5.186249e+01
         vertex 1.610216e+02 1.133869e+02 5.197340e+01
         vertex 1.616337e+02 1.130196e+02 5.132468e+01
      endloop
   endfacet
   facet normal 5.144969e-01 8.574922e-01 1.244744e-06
      outer loop
         vertex 1.616337e+02 1.130196e+02 5.132468e+01
         vertex 1.610216e+02 1.133869e+02 5.197340e+01
         vertex 1.615341e+02 1.130794e+02 5.183608e+01
      endloop
   endfacet
   facet normal 5.144882e-01 8.574975e-01 -1.071291e-06
      outer loop
         vertex 1.616337e+02 1.130196e+02 5.132468e+01
         vertex 1.615341e+02 1.130794e+02 5.183608e+01
         vertex 1.617315e+02 1.129609e+02 5.168774e+01
      endloop
   endfacet
   facet normal 5.144882e-01 8.574975e-01 1.071295e-06
      outer loop
         vertex 1.617315e+02 1.129609e+02 5.020907e+01
         vertex 1.615341e+02 1.130794e+02 5.006073e+01
         vertex 1.616337e+02 1.130196e+02 5.057212e+01
      endloop
   endfacet
   facet normal 5.144960e-01 8.574928e-01 -9.899863e-07
      outer loop
         vertex 1.616337e+02 1.130196e+02 5.057212e+01
         vertex 1.615341e+02 1.130794e+02 5.006073e+01
         vertex 1.605578e+02 1.136651e+02 5.003432e+01
      endloop
   endfacet
   facet normal 5.144964e-01 8.574925e-01 -2.165040e-06
      outer loop
         vertex 1.616337e+02 1.130196e+02 5.057212e+01
         vertex 1.605578e+02 1.136651e+02 5.003432e+01
         vertex 1.616020e+02 1.130387e+02 5.085462e+01
      endloop
   endfacet
   facet normal 5.144943e-01 8.574938e-01 1.495157e-06
      outer loop
         vertex 1.616020e+02 1.130387e+02 5.085462e+01
         vertex 1.605578e+02 1.136651e+02 5.003432e+01
         vertex 1.616337e+02 1.130196e+02 5.132468e+01
      endloop
   endfacet
   facet normal -1.967228e-03 9.980308e-01 -6.269569e-02
      outer loop
         vertex 1.515340e+02 1.116123e+02 4.833610e+01
         vertex 1.517122e+02 1.116045e+02 4.820576e+01
         vertex 1.510526e+02 1.116049e+02 4.823190e+01
      endloop
   endfacet
   facet normal 1.939116e-02 9.891631e-01 -1.455345e-01
      outer loop
         vertex 1.510216e+02 1.116410e+02 4.847340e+01
         vertex 1.512169e+02 1.116344e+02 4.845462e+01
         vertex 1.510526e+02 1.116049e+02 4.823190e+01
      endloop
   endfacet
   facet normal 1.865457e-02 9.892553e-01 -1.450033e-01
      outer loop
         vertex 1.510526e+02 1.116049e+02 4.823190e+01
         vertex 1.512169e+02 1.116344e+02 4.845462e+01
         vertex 1.514916e+02 1.116152e+02 4.835930e+01
      endloop
   endfacet
   facet normal 8.189983e-03 9.939715e-01 -1.093324e-01
      outer loop
         vertex 1.510526e+02 1.116049e+02 4.823190e+01
         vertex 1.514916e+02 1.116152e+02 4.835930e+01
         vertex 1.515340e+02 1.116123e+02 4.833610e+01
      endloop
   endfacet
   facet normal -6.864959e-16 9.999145e-01 -1.307532e-02
      outer loop
         vertex 1.517122e+02 1.116045e+02 4.820576e+01
         vertex 1.503309e+02 1.116045e+02 4.820576e+01
         vertex 1.510526e+02 1.116049e+02 4.823190e+01
      endloop
   endfacet
   facet normal 5.352535e-04 9.996120e-01 -2.785064e-02
      outer loop
         vertex 1.510526e+02 1.116049e+02 4.823190e+01
         vertex 1.503309e+02 1.116045e+02 4.820576e+01
         vertex 1.503930e+02 1.116059e+02 4.825803e+01
      endloop
   endfacet
   facet normal -1.519659e-03 9.968251e-01 -7.960789e-02
      outer loop
         vertex 1.510526e+02 1.116049e+02 4.823190e+01
         vertex 1.503930e+02 1.116059e+02 4.825803e+01
         vertex 1.505091e+02 1.116123e+02 4.833612e+01
      endloop
   endfacet
   facet normal -1.081812e-02 9.917497e-01 -1.277318e-01
      outer loop
         vertex 1.505091e+02 1.116123e+02 4.833612e+01
         vertex 1.506527e+02 1.116228e+02 4.840474e+01
         vertex 1.510526e+02 1.116049e+02 4.823190e+01
      endloop
   endfacet
   facet normal -2.249035e-02 9.877643e-01 -1.543242e-01
      outer loop
         vertex 1.510526e+02 1.116049e+02 4.823190e+01
         vertex 1.506527e+02 1.116228e+02 4.840474e+01
         vertex 1.509349e+02 1.116393e+02 4.846973e+01
      endloop
   endfacet
   facet normal -1.261632e-02 9.886709e-01 -1.495681e-01
      outer loop
         vertex 1.510526e+02 1.116049e+02 4.823190e+01
         vertex 1.509349e+02 1.116393e+02 4.846973e+01
         vertex 1.510216e+02 1.116410e+02 4.847340e+01
      endloop
   endfacet
   facet normal -6.844685e-16 1.000000e+00 1.224627e-16
      outer loop
         vertex 1.501339e+02 1.116045e+02 4.693590e+01
         vertex 1.519092e+02 1.116045e+02 4.796090e+01
         vertex 1.520466e+02 1.116045e+02 4.744840e+01
      endloop
   endfacet
   facet normal -6.844685e-16 1.000000e+00 1.224627e-16
      outer loop
         vertex 1.503309e+02 1.116045e+02 4.820576e+01
         vertex 1.517122e+02 1.116045e+02 4.820576e+01
         vertex 1.501339e+02 1.116045e+02 4.796090e+01
      endloop
   endfacet
   facet normal -6.844685e-16 1.000000e+00 1.224627e-16
      outer loop
         vertex 1.501339e+02 1.116045e+02 4.796090e+01
         vertex 1.517122e+02 1.116045e+02 4.820576e+01
         vertex 1.519092e+02 1.116045e+02 4.796090e+01
      endloop
   endfacet
   facet normal -6.844685e-16 1.000000e+00 1.224627e-16
      outer loop
         vertex 1.501339e+02 1.116045e+02 4.796090e+01
         vertex 1.519092e+02 1.116045e+02 4.796090e+01
         vertex 1.499966e+02 1.116045e+02 4.744840e+01
      endloop
   endfacet
   facet normal -6.844685e-16 1.000000e+00 1.224627e-16
      outer loop
         vertex 1.499966e+02 1.116045e+02 4.744840e+01
         vertex 1.519092e+02 1.116045e+02 4.796090e+01
         vertex 1.501339e+02 1.116045e+02 4.693590e+01
      endloop
   endfacet
   facet normal -6.844685e-16 1.000000e+00 1.224627e-16
      outer loop
         vertex 1.510216e+02 1.116045e+02 4.642340e+01
         vertex 1.505091e+02 1.116045e+02 4.656073e+01
         vertex 1.515341e+02 1.116045e+02 4.656073e+01
      endloop
   endfacet
   facet normal -6.844685e-16 1.000000e+00 1.224627e-16
      outer loop
         vertex 1.515341e+02 1.116045e+02 4.656073e+01
         vertex 1.505091e+02 1.116045e+02 4.656073e+01
         vertex 1.501339e+02 1.116045e+02 4.693590e+01
      endloop
   endfacet
   facet normal -6.844685e-16 1.000000e+00 1.224627e-16
      outer loop
         vertex 1.515341e+02 1.116045e+02 4.656073e+01
         vertex 1.501339e+02 1.116045e+02 4.693590e+01
         vertex 1.519092e+02 1.116045e+02 4.693590e+01
      endloop
   endfacet
   facet normal -6.844685e-16 1.000000e+00 1.224627e-16
      outer loop
         vertex 1.519092e+02 1.116045e+02 4.693590e+01
         vertex 1.501339e+02 1.116045e+02 4.693590e+01
         vertex 1.520466e+02 1.116045e+02 4.744840e+01
      endloop
   endfacet
   facet normal 1.966748e-03 9.980308e-01 6.269509e-02
      outer loop
         vertex 1.505091e+02 1.116123e+02 5.356071e+01
         vertex 1.503309e+02 1.116045e+02 5.369105e+01
         vertex 1.509905e+02 1.116049e+02 5.366492e+01
      endloop
   endfacet
   facet normal -1.939113e-02 9.891636e-01 1.455312e-01
      outer loop
         vertex 1.510215e+02 1.116410e+02 5.342340e+01
         vertex 1.508262e+02 1.116344e+02 5.344219e+01
         vertex 1.509905e+02 1.116049e+02 5.366492e+01
      endloop
   endfacet
   facet normal -1.865549e-02 9.892557e-01 1.450007e-01
      outer loop
         vertex 1.509905e+02 1.116049e+02 5.366492e+01
         vertex 1.508262e+02 1.116344e+02 5.344219e+01
         vertex 1.505516e+02 1.116152e+02 5.353751e+01
      endloop
   endfacet
   facet normal -8.191078e-03 9.939716e-01 1.093317e-01
      outer loop
         vertex 1.509905e+02 1.116049e+02 5.366492e+01
         vertex 1.505516e+02 1.116152e+02 5.353751e+01
         vertex 1.505091e+02 1.116123e+02 5.356071e+01
      endloop
   endfacet
   facet normal -6.823249e-16 9.999146e-01 1.307049e-02
      outer loop
         vertex 1.503309e+02 1.116045e+02 5.369105e+01
         vertex 1.517122e+02 1.116045e+02 5.369105e+01
         vertex 1.509905e+02 1.116049e+02 5.366492e+01
      endloop
   endfacet
   facet normal -5.345797e-04 9.996125e-01 2.783159e-02
      outer loop
         vertex 1.509905e+02 1.116049e+02 5.366492e+01
         vertex 1.517122e+02 1.116045e+02 5.369105e+01
         vertex 1.516502e+02 1.116059e+02 5.363879e+01
      endloop
   endfacet
   facet normal 1.519845e-03 9.968262e-01 7.959370e-02
      outer loop
         vertex 1.509905e+02 1.116049e+02 5.366492e+01
         vertex 1.516502e+02 1.116059e+02 5.363879e+01
         vertex 1.515340e+02 1.116123e+02 5.356069e+01
      endloop
   endfacet
   facet normal 1.082485e-02 9.917477e-01 1.277471e-01
      outer loop
         vertex 1.515340e+02 1.116123e+02 5.356069e+01
         vertex 1.513903e+02 1.116228e+02 5.349204e+01
         vertex 1.509905e+02 1.116049e+02 5.366492e+01
      endloop
   endfacet
   facet normal 2.249390e-02 9.877644e-01 1.543231e-01
      outer loop
         vertex 1.509905e+02 1.116049e+02 5.366492e+01
         vertex 1.513903e+02 1.116228e+02 5.349204e+01
         vertex 1.511082e+02 1.116393e+02 5.342708e+01
      endloop
   endfacet
   facet normal 1.261161e-02 9.886717e-01 1.495632e-01
      outer loop
         vertex 1.509905e+02 1.116049e+02 5.366492e+01
         vertex 1.511082e+02 1.116393e+02 5.342708e+01
         vertex 1.510215e+02 1.116410e+02 5.342340e+01
      endloop
   endfacet
   facet normal -6.844685e-16 1.000000e+00 1.224627e-16
      outer loop
         vertex 1.501339e+02 1.116045e+02 5.393590e+01
         vertex 1.499966e+02 1.116045e+02 5.444840e+01
         vertex 1.501339e+02 1.116045e+02 5.496090e+01
      endloop
   endfacet
   facet normal -6.844685e-16 1.000000e+00 1.224627e-16
      outer loop
         vertex 1.517122e+02 1.116045e+02 5.369105e+01
         vertex 1.503309e+02 1.116045e+02 5.369105e+01
         vertex 1.519092e+02 1.116045e+02 5.393590e+01
      endloop
   endfacet
   facet normal -6.844685e-16 1.000000e+00 1.224627e-16
      outer loop
         vertex 1.519092e+02 1.116045e+02 5.393590e+01
         vertex 1.503309e+02 1.116045e+02 5.369105e+01
         vertex 1.501339e+02 1.116045e+02 5.393590e+01
      endloop
   endfacet
   facet normal -6.844685e-16 1.000000e+00 1.224627e-16
      outer loop
         vertex 1.505091e+02 1.116045e+02 5.533608e+01
         vertex 1.510216e+02 1.116045e+02 5.547340e+01
         vertex 1.515341e+02 1.116045e+02 5.533608e+01
      endloop
   endfacet
   facet normal -6.844685e-16 1.000000e+00 1.224627e-16
      outer loop
         vertex 1.501339e+02 1.116045e+02 5.393590e+01
         vertex 1.501339e+02 1.116045e+02 5.496090e+01
         vertex 1.519092e+02 1.116045e+02 5.393590e+01
      endloop
   endfacet
   facet normal -6.844685e-16 1.000000e+00 1.224627e-16
      outer loop
         vertex 1.519092e+02 1.116045e+02 5.393590e+01
         vertex 1.501339e+02 1.116045e+02 5.496090e+01
         vertex 1.505091e+02 1.116045e+02 5.533608e+01
      endloop
   endfacet
   facet normal -6.844685e-16 1.000000e+00 1.224627e-16
      outer loop
         vertex 1.519092e+02 1.116045e+02 5.393590e+01
         vertex 1.505091e+02 1.116045e+02 5.533608e+01
         vertex 1.520466e+02 1.116045e+02 5.444840e+01
      endloop
   endfacet
   facet normal -6.844685e-16 1.000000e+00 1.224627e-16
      outer loop
         vertex 1.520466e+02 1.116045e+02 5.444840e+01
         vertex 1.505091e+02 1.116045e+02 5.533608e+01
         vertex 1.515341e+02 1.116045e+02 5.533608e+01
      endloop
   endfacet
   facet normal -6.844685e-16 1.000000e+00 1.224627e-16
      outer loop
         vertex 1.520466e+02 1.116045e+02 5.444840e+01
         vertex 1.515341e+02 1.116045e+02 5.533608e+01
         vertex 1.519092e+02 1.116045e+02 5.496090e+01
      endloop
   endfacet
   facet normal 4.581801e-01 -3.573692e-02 8.881407e-01
      outer loop
         vertex 1.605578e+02 1.136651e+02 5.003432e+01
         vertex 1.610216e+02 1.168545e+02 4.992340e+01
         vertex 1.605104e+02 1.136929e+02 5.005988e+01
      endloop
   endfacet
   facet normal 2.588194e-01 -1.491047e-04 9.659257e-01
      outer loop
         vertex 1.605104e+02 1.136929e+02 5.005988e+01
         vertex 1.610216e+02 1.168545e+02 4.992340e+01
         vertex 1.605091e+02 1.168545e+02 5.006073e+01
      endloop
   endfacet
   facet normal 5.879718e-01 3.523126e-05 8.088814e-01
      outer loop
         vertex 1.605104e+02 1.136929e+02 5.005988e+01
         vertex 1.605091e+02 1.168545e+02 5.006073e+01
         vertex 1.603307e+02 1.137860e+02 5.019049e+01
      endloop
   endfacet
   facet normal 7.071087e-01 -2.702467e-05 7.071049e-01
      outer loop
         vertex 1.601339e+02 1.168545e+02 5.043590e+01
         vertex 1.601341e+02 1.138679e+02 5.043559e+01
         vertex 1.605091e+02 1.168545e+02 5.006073e+01
      endloop
   endfacet
   facet normal 8.503226e-01 -4.090559e-02 5.246696e-01
      outer loop
         vertex 1.605091e+02 1.168545e+02 5.006073e+01
         vertex 1.601341e+02 1.138679e+02 5.043559e+01
         vertex 1.601568e+02 1.138594e+02 5.039811e+01
      endloop
   endfacet
   facet normal 7.634811e-01 -1.706943e-02 6.456046e-01
      outer loop
         vertex 1.605091e+02 1.168545e+02 5.006073e+01
         vertex 1.601568e+02 1.138594e+02 5.039811e+01
         vertex 1.603307e+02 1.137860e+02 5.019049e+01
      endloop
   endfacet
   facet normal 9.658603e-01 -1.158763e-02 -2.588042e-01
      outer loop
         vertex 1.601339e+02 1.168545e+02 5.146090e+01
         vertex 1.600383e+02 1.139009e+02 5.123640e+01
         vertex 1.599966e+02 1.168545e+02 5.094840e+01
      endloop
   endfacet
   facet normal 9.896718e-01 6.314310e-06 -1.433518e-01
      outer loop
         vertex 1.599966e+02 1.168545e+02 5.094840e+01
         vertex 1.600383e+02 1.139009e+02 5.123640e+01
         vertex 1.599966e+02 1.139140e+02 5.094827e+01
      endloop
   endfacet
   facet normal 9.659252e-01 -1.140048e-05 2.588215e-01
      outer loop
         vertex 1.599966e+02 1.168545e+02 5.094840e+01
         vertex 1.599966e+02 1.139140e+02 5.094827e+01
         vertex 1.601339e+02 1.168545e+02 5.043590e+01
      endloop
   endfacet
   facet normal 9.892590e-01 -2.099347e-02 1.446579e-01
      outer loop
         vertex 1.601339e+02 1.168545e+02 5.043590e+01
         vertex 1.599966e+02 1.139140e+02 5.094827e+01
         vertex 1.600384e+02 1.139009e+02 5.066013e+01
      endloop
   endfacet
   facet normal 9.199754e-01 2.124159e-05 3.919761e-01
      outer loop
         vertex 1.601339e+02 1.168545e+02 5.043590e+01
         vertex 1.600384e+02 1.139009e+02 5.066013e+01
         vertex 1.601341e+02 1.138679e+02 5.043559e+01
      endloop
   endfacet
   facet normal 5.857499e-01 3.237585e-05 -8.104918e-01
      outer loop
         vertex 1.605104e+02 1.136929e+02 5.183692e+01
         vertex 1.603349e+02 1.137840e+02 5.171006e+01
         vertex 1.605091e+02 1.168545e+02 5.183608e+01
      endloop
   endfacet
   facet normal 7.618468e-01 -1.664579e-02 -6.475433e-01
      outer loop
         vertex 1.605091e+02 1.168545e+02 5.183608e+01
         vertex 1.603349e+02 1.137840e+02 5.171006e+01
         vertex 1.601567e+02 1.138595e+02 5.149845e+01
      endloop
   endfacet
   facet normal 7.071044e-01 -3.490525e-03 -7.071006e-01
      outer loop
         vertex 1.605091e+02 1.168545e+02 5.183608e+01
         vertex 1.601567e+02 1.138595e+02 5.149845e+01
         vertex 1.601339e+02 1.168545e+02 5.146090e+01
      endloop
   endfacet
   facet normal 8.551810e-01 1.307106e-06 -5.183295e-01
      outer loop
         vertex 1.601339e+02 1.168545e+02 5.146090e+01
         vertex 1.601567e+02 1.138595e+02 5.149845e+01
         vertex 1.601341e+02 1.138679e+02 5.146122e+01
      endloop
   endfacet
   facet normal 9.199796e-01 1.905484e-05 -3.919662e-01
      outer loop
         vertex 1.601339e+02 1.168545e+02 5.146090e+01
         vertex 1.601341e+02 1.138679e+02 5.146122e+01
         vertex 1.600383e+02 1.139009e+02 5.123640e+01
      endloop
   endfacet
   facet normal 4.747449e-01 -3.289514e-05 -8.801235e-01
      outer loop
         vertex 1.605104e+02 1.136929e+02 5.183692e+01
         vertex 1.605091e+02 1.168545e+02 5.183608e+01
         vertex 1.605578e+02 1.136651e+02 5.186249e+01
      endloop
   endfacet
   facet normal 2.588173e-01 -4.042976e-03 -9.659178e-01
      outer loop
         vertex 1.605578e+02 1.136651e+02 5.186249e+01
         vertex 1.605091e+02 1.168545e+02 5.183608e+01
         vertex 1.610216e+02 1.168545e+02 5.197340e+01
      endloop
   endfacet
   facet normal 2.326044e-01 3.557868e-16 -9.725714e-01
      outer loop
         vertex 1.605578e+02 1.136651e+02 5.186249e+01
         vertex 1.610216e+02 1.168545e+02 5.197340e+01
         vertex 1.610216e+02 1.133869e+02 5.197340e+01
      endloop
   endfacet
   facet normal -2.588194e-01 -1.450681e-16 -9.659257e-01
      outer loop
         vertex 1.610216e+02 1.133869e+02 5.197340e+01
         vertex 1.610216e+02 1.168545e+02 5.197340e+01
         vertex 1.615341e+02 1.168545e+02 5.183608e+01
      endloop
   endfacet
   facet normal -2.588194e-01 -1.450681e-16 -9.659257e-01
      outer loop
         vertex 1.610216e+02 1.133869e+02 5.197340e+01
         vertex 1.615341e+02 1.168545e+02 5.183608e+01
         vertex 1.615341e+02 1.130794e+02 5.183608e+01
      endloop
   endfacet
   facet normal -6.006771e-01 -5.133024e-16 -7.994917e-01
      outer loop
         vertex 1.615341e+02 1.130794e+02 5.183608e+01
         vertex 1.615341e+02 1.168545e+02 5.183608e+01
         vertex 1.617315e+02 1.129609e+02 5.168774e+01
      endloop
   endfacet
   facet normal -7.070771e-01 -8.916081e-03 -7.070803e-01
      outer loop
         vertex 1.617315e+02 1.129609e+02 5.168774e+01
         vertex 1.615341e+02 1.168545e+02 5.183608e+01
         vertex 1.619092e+02 1.168545e+02 5.146090e+01
      endloop
   endfacet
   facet normal -7.420690e-01 -5.176121e-03 -6.703035e-01
      outer loop
         vertex 1.617315e+02 1.129609e+02 5.168774e+01
         vertex 1.619092e+02 1.168545e+02 5.146090e+01
         vertex 1.618270e+02 1.129157e+02 5.158240e+01
      endloop
   endfacet
   facet normal -9.977688e-01 4.851725e-04 -6.676235e-02
      outer loop
         vertex 1.620463e+02 1.128982e+02 5.092400e+01
         vertex 1.620339e+02 1.128956e+02 5.110915e+01
         vertex 1.620466e+02 1.168545e+02 5.094840e+01
      endloop
   endfacet
   facet normal -9.598557e-01 -8.309591e-03 -2.803710e-01
      outer loop
         vertex 1.620466e+02 1.168545e+02 5.094840e+01
         vertex 1.620339e+02 1.128956e+02 5.110915e+01
         vertex 1.619614e+02 1.128884e+02 5.135737e+01
      endloop
   endfacet
   facet normal -9.659098e-01 -5.956441e-03 -2.588104e-01
      outer loop
         vertex 1.620466e+02 1.168545e+02 5.094840e+01
         vertex 1.619614e+02 1.128884e+02 5.135737e+01
         vertex 1.619092e+02 1.168545e+02 5.146090e+01
      endloop
   endfacet
   facet normal -8.927892e-01 9.118391e-06 -4.504747e-01
      outer loop
         vertex 1.619092e+02 1.168545e+02 5.146090e+01
         vertex 1.619614e+02 1.128884e+02 5.135737e+01
         vertex 1.619089e+02 1.128938e+02 5.146150e+01
      endloop
   endfacet
   facet normal -8.278225e-01 -1.321916e-05 -5.609902e-01
      outer loop
         vertex 1.619092e+02 1.168545e+02 5.146090e+01
         vertex 1.619089e+02 1.128938e+02 5.146150e+01
         vertex 1.618270e+02 1.129157e+02 5.158240e+01
      endloop
   endfacet
   facet normal -9.856591e-01 -9.686910e-04 1.687461e-01
      outer loop
         vertex 1.620463e+02 1.128982e+02 5.092400e+01
         vertex 1.620466e+02 1.168545e+02 5.094840e+01
         vertex 1.619961e+02 1.128882e+02 5.063062e+01
      endloop
   endfacet
   facet normal -9.658925e-01 -8.436189e-03 2.588058e-01
      outer loop
         vertex 1.619961e+02 1.128882e+02 5.063062e+01
         vertex 1.620466e+02 1.168545e+02 5.094840e+01
         vertex 1.619092e+02 1.168545e+02 5.043590e+01
      endloop
   endfacet
   facet normal -9.133034e-01 3.838450e-06 4.072799e-01
      outer loop
         vertex 1.619961e+02 1.128882e+02 5.063062e+01
         vertex 1.619092e+02 1.168545e+02 5.043590e+01
         vertex 1.619092e+02 1.128938e+02 5.043579e+01
      endloop
   endfacet
   facet normal 2.326044e-01 1.175796e-16 9.725714e-01
      outer loop
         vertex 1.605578e+02 1.136651e+02 5.003432e+01
         vertex 1.610216e+02 1.133869e+02 4.992340e+01
         vertex 1.610216e+02 1.168545e+02 4.992340e+01
      endloop
   endfacet
   facet normal -2.588194e-01 -3.816477e-16 9.659257e-01
      outer loop
         vertex 1.610216e+02 1.168545e+02 4.992340e+01
         vertex 1.610216e+02 1.133869e+02 4.992340e+01
         vertex 1.615341e+02 1.130794e+02 5.006073e+01
      endloop
   endfacet
   facet normal -2.588194e-01 -3.816477e-16 9.659257e-01
      outer loop
         vertex 1.610216e+02 1.168545e+02 4.992340e+01
         vertex 1.615341e+02 1.130794e+02 5.006073e+01
         vertex 1.615341e+02 1.168545e+02 5.006073e+01
      endloop
   endfacet
   facet normal -6.006771e-01 -7.091181e-16 7.994917e-01
      outer loop
         vertex 1.615341e+02 1.168545e+02 5.006073e+01
         vertex 1.615341e+02 1.130794e+02 5.006073e+01
         vertex 1.617315e+02 1.129609e+02 5.020907e+01
      endloop
   endfacet
   facet normal -7.070771e-01 -8.916081e-03 7.070803e-01
      outer loop
         vertex 1.615341e+02 1.168545e+02 5.006073e+01
         vertex 1.617315e+02 1.129609e+02 5.020907e+01
         vertex 1.619092e+02 1.168545e+02 5.043590e+01
      endloop
   endfacet
   facet normal -7.724089e-01 -1.741530e-03 6.351232e-01
      outer loop
         vertex 1.619092e+02 1.168545e+02 5.043590e+01
         vertex 1.617315e+02 1.129609e+02 5.020907e+01
         vertex 1.618837e+02 1.128989e+02 5.039395e+01
      endloop
   endfacet
   facet normal -8.538084e-01 -4.025766e-07 5.205874e-01
      outer loop
         vertex 1.619092e+02 1.168545e+02 5.043590e+01
         vertex 1.618837e+02 1.128989e+02 5.039395e+01
         vertex 1.619092e+02 1.128938e+02 5.043579e+01
      endloop
   endfacet
   facet normal 9.892453e-01 1.024504e-15 -1.462662e-01
      outer loop
         vertex 1.700216e+02 1.168545e+02 4.651659e+01
         vertex 1.700216e+02 1.096045e+02 4.651659e+01
         vertex 1.699360e+02 1.168545e+02 4.593785e+01
      endloop
   endfacet
   facet normal 9.987606e-01 7.865000e-03 -4.914603e-02
      outer loop
         vertex 1.699360e+02 1.168545e+02 4.593785e+01
         vertex 1.700216e+02 1.096045e+02 4.651659e+01
         vertex 1.700134e+02 1.095146e+02 4.633671e+01
      endloop
   endfacet
   facet normal 9.909815e-01 3.173951e-03 -1.339612e-01
      outer loop
         vertex 1.699360e+02 1.168545e+02 4.593785e+01
         vertex 1.700134e+02 1.095146e+02 4.633671e+01
         vertex 1.699910e+02 1.094324e+02 4.616886e+01
      endloop
   endfacet
   facet normal 8.814220e-01 9.547208e-16 -4.723296e-01
      outer loop
         vertex 1.696866e+02 1.096045e+02 4.540863e+01
         vertex 1.696866e+02 1.168545e+02 4.540863e+01
         vertex 1.698658e+02 1.094370e+02 4.574297e+01
      endloop
   endfacet
   facet normal 9.045998e-01 2.636684e-03 -4.262537e-01
      outer loop
         vertex 1.698658e+02 1.094370e+02 4.574297e+01
         vertex 1.696866e+02 1.168545e+02 4.540863e+01
         vertex 1.699360e+02 1.168545e+02 4.593785e+01
      endloop
   endfacet
   facet normal 9.435034e-01 -2.245460e-04 -3.313627e-01
      outer loop
         vertex 1.698658e+02 1.094370e+02 4.574297e+01
         vertex 1.699360e+02 1.168545e+02 4.593785e+01
         vertex 1.699451e+02 1.093388e+02 4.596893e+01
      endloop
   endfacet
   facet normal 9.746468e-01 2.583027e-04 -2.237488e-01
      outer loop
         vertex 1.699451e+02 1.093388e+02 4.596893e+01
         vertex 1.699360e+02 1.168545e+02 4.593785e+01
         vertex 1.699910e+02 1.094324e+02 4.616886e+01
      endloop
   endfacet
   facet normal 9.956222e-01 1.001634e-15 9.346869e-02
      outer loop
         vertex 1.700216e+02 1.096045e+02 5.538022e+01
         vertex 1.700216e+02 1.168545e+02 5.538022e+01
         vertex 1.699867e+02 1.094211e+02 5.575132e+01
      endloop
   endfacet
   facet normal 9.892418e-01 2.665726e-03 1.462657e-01
      outer loop
         vertex 1.699867e+02 1.094211e+02 5.575132e+01
         vertex 1.700216e+02 1.168545e+02 5.538022e+01
         vertex 1.699360e+02 1.168545e+02 5.595896e+01
      endloop
   endfacet
   facet normal 9.046030e-01 8.682653e-16 4.262551e-01
      outer loop
         vertex 1.696866e+02 1.168545e+02 5.648818e+01
         vertex 1.696866e+02 1.096045e+02 5.648818e+01
         vertex 1.699360e+02 1.168545e+02 5.595896e+01
      endloop
   endfacet
   facet normal 8.661137e-01 6.692480e-03 4.998022e-01
      outer loop
         vertex 1.699360e+02 1.168545e+02 5.595896e+01
         vertex 1.696866e+02 1.096045e+02 5.648818e+01
         vertex 1.698083e+02 1.094966e+02 5.627880e+01
      endloop
   endfacet
   facet normal 9.100200e-01 2.225005e-03 4.145584e-01
      outer loop
         vertex 1.698083e+02 1.094966e+02 5.627880e+01
         vertex 1.698702e+02 1.094321e+02 5.614326e+01
         vertex 1.699360e+02 1.168545e+02 5.595896e+01
      endloop
   endfacet
   facet normal 9.444383e-01 -2.123530e-04 3.286888e-01
      outer loop
         vertex 1.699360e+02 1.168545e+02 5.595896e+01
         vertex 1.698702e+02 1.094321e+02 5.614326e+01
         vertex 1.699451e+02 1.093388e+02 5.592788e+01
      endloop
   endfacet
   facet normal 9.733169e-01 2.330482e-04 2.294651e-01
      outer loop
         vertex 1.699360e+02 1.168545e+02 5.595896e+01
         vertex 1.699451e+02 1.093388e+02 5.592788e+01
         vertex 1.699867e+02 1.094211e+02 5.575132e+01
      endloop
   endfacet
   facet normal 7.885122e-01 -6.072626e-01 -9.736815e-02
      outer loop
         vertex 1.699867e+02 1.094211e+02 5.575132e+01
         vertex 1.699451e+02 1.093388e+02 5.592788e+01
         vertex 1.698748e+02 1.092507e+02 5.590831e+01
      endloop
   endfacet
   facet normal 7.115045e-02 -9.974656e-01 -1.335029e-16
      outer loop
         vertex 1.695216e+02 1.091045e+02 5.581259e+01
         vertex 1.695216e+02 1.091045e+02 5.315551e+01
         vertex 1.695925e+02 1.091096e+02 5.583189e+01
      endloop
   endfacet
   facet normal 2.588189e-01 -9.659127e-01 -5.036409e-03
      outer loop
         vertex 1.695925e+02 1.091096e+02 5.583189e+01
         vertex 1.695216e+02 1.091045e+02 5.315551e+01
         vertex 1.697716e+02 1.091715e+02 5.315551e+01
      endloop
   endfacet
   facet normal 2.466471e-01 -9.690873e-01 -5.924028e-03
      outer loop
         vertex 1.695925e+02 1.091096e+02 5.583189e+01
         vertex 1.697716e+02 1.091715e+02 5.315551e+01
         vertex 1.696944e+02 1.091353e+02 5.585917e+01
      endloop
   endfacet
   facet normal 4.485716e-01 -8.937465e-01 8.469742e-04
      outer loop
         vertex 1.696944e+02 1.091353e+02 5.585917e+01
         vertex 1.697716e+02 1.091715e+02 5.315551e+01
         vertex 1.697947e+02 1.091857e+02 5.588618e+01
      endloop
   endfacet
   facet normal 6.087528e-01 -7.933593e-01 -1.028611e-03
      outer loop
         vertex 1.697947e+02 1.091857e+02 5.588618e+01
         vertex 1.697716e+02 1.091715e+02 5.315551e+01
         vertex 1.698751e+02 1.092510e+02 5.315551e+01
      endloop
   endfacet
   facet normal 6.297112e-01 -7.768294e-01 -1.583299e-05
      outer loop
         vertex 1.697947e+02 1.091857e+02 5.588618e+01
         vertex 1.698751e+02 1.092510e+02 5.315551e+01
         vertex 1.698748e+02 1.092507e+02 5.590831e+01
      endloop
   endfacet
   facet normal 7.933492e-01 -6.087668e-01 1.924552e-05
      outer loop
         vertex 1.698748e+02 1.092507e+02 5.590831e+01
         vertex 1.698751e+02 1.092510e+02 5.315551e+01
         vertex 1.699546e+02 1.093545e+02 5.315551e+01
      endloop
   endfacet
   facet normal 8.375157e-01 -5.464011e-01 3.651439e-03
      outer loop
         vertex 1.698748e+02 1.092507e+02 5.590831e+01
         vertex 1.699546e+02 1.093545e+02 5.315551e+01
         vertex 1.699867e+02 1.094211e+02 5.575132e+01
      endloop
   endfacet
   facet normal 9.659113e-01 -2.588185e-01 -5.319931e-03
      outer loop
         vertex 1.699867e+02 1.094211e+02 5.575132e+01
         vertex 1.699546e+02 1.093545e+02 5.315551e+01
         vertex 1.700216e+02 1.096045e+02 5.315551e+01
      endloop
   endfacet
   facet normal 9.824268e-01 -1.866485e-01 -1.795833e-16
      outer loop
         vertex 1.699867e+02 1.094211e+02 5.575132e+01
         vertex 1.700216e+02 1.096045e+02 5.315551e+01
         vertex 1.700216e+02 1.096045e+02 5.538022e+01
      endloop
   endfacet
   facet normal 4.155022e-01 -1.757849e-01 8.924447e-01
      outer loop
         vertex 1.656965e+02 1.096045e+02 5.995986e+01
         vertex 1.654669e+02 1.096045e+02 6.006674e+01
         vertex 1.654542e+02 1.094315e+02 6.003856e+01
      endloop
   endfacet
   facet normal 1.365463e-01 -9.843594e-01 1.113177e-01
      outer loop
         vertex 1.691057e+02 1.091045e+02 5.645055e+01
         vertex 1.692468e+02 1.091354e+02 5.655079e+01
         vertex 1.684375e+02 1.091354e+02 5.754348e+01
      endloop
   endfacet
   facet normal 6.042963e-02 -9.973951e-01 3.938693e-02
      outer loop
         vertex 1.691057e+02 1.091045e+02 5.645055e+01
         vertex 1.695216e+02 1.091045e+02 5.581259e+01
         vertex 1.695925e+02 1.091096e+02 5.583189e+01
      endloop
   endfacet
   facet normal 1.837938e-01 -8.649006e-01 4.670833e-01
      outer loop
         vertex 1.645131e+02 1.092212e+02 6.024999e+01
         vertex 1.644656e+02 1.091354e+02 6.010982e+01
         vertex 1.653327e+02 1.091354e+02 5.976863e+01
      endloop
   endfacet
   facet normal 1.107528e-01 -9.531598e-01 2.814610e-01
      outer loop
         vertex 1.653327e+02 1.091354e+02 5.976863e+01
         vertex 1.644656e+02 1.091354e+02 6.010982e+01
         vertex 1.644514e+02 1.091214e+02 6.006787e+01
      endloop
   endfacet
   facet normal 1.365447e-01 -9.843598e-01 1.113167e-01
      outer loop
         vertex 1.691057e+02 1.091045e+02 5.645055e+01
         vertex 1.684375e+02 1.091354e+02 5.754348e+01
         vertex 1.683109e+02 1.091045e+02 5.742549e+01
      endloop
   endfacet
   facet normal 1.206406e-01 -9.843597e-01 1.283813e-01
      outer loop
         vertex 1.683109e+02 1.091045e+02 5.742549e+01
         vertex 1.684375e+02 1.091354e+02 5.754348e+01
         vertex 1.675042e+02 1.091354e+02 5.842055e+01
      endloop
   endfacet
   facet normal 1.206438e-01 -9.843590e-01 1.283839e-01
      outer loop
         vertex 1.683109e+02 1.091045e+02 5.742549e+01
         vertex 1.675042e+02 1.091354e+02 5.842055e+01
         vertex 1.673943e+02 1.091045e+02 5.828687e+01
      endloop
   endfacet
   facet normal 1.026242e-01 -9.843591e-01 1.431972e-01
      outer loop
         vertex 1.673943e+02 1.091045e+02 5.828687e+01
         vertex 1.675042e+02 1.091354e+02 5.842055e+01
         vertex 1.664632e+02 1.091354e+02 5.916663e+01
      endloop
   endfacet
   facet normal 1.026251e-01 -9.843589e-01 1.431982e-01
      outer loop
         vertex 1.673943e+02 1.091045e+02 5.828687e+01
         vertex 1.664632e+02 1.091354e+02 5.916663e+01
         vertex 1.663719e+02 1.091045e+02 5.901960e+01
      endloop
   endfacet
   facet normal 8.280668e-02 -9.843590e-01 1.555006e-01
      outer loop
         vertex 1.663719e+02 1.091045e+02 5.901960e+01
         vertex 1.664632e+02 1.091354e+02 5.916663e+01
         vertex 1.653327e+02 1.091354e+02 5.976863e+01
      endloop
   endfacet
   facet normal 8.280522e-02 -9.843594e-01 1.554986e-01
      outer loop
         vertex 1.663719e+02 1.091045e+02 5.901960e+01
         vertex 1.653327e+02 1.091354e+02 5.976863e+01
         vertex 1.652616e+02 1.091045e+02 5.961083e+01
      endloop
   endfacet
   facet normal 7.038341e-02 -9.844245e-01 1.611042e-01
      outer loop
         vertex 1.652616e+02 1.091045e+02 5.961083e+01
         vertex 1.653327e+02 1.091354e+02 5.976863e+01
         vertex 1.644514e+02 1.091214e+02 6.006787e+01
      endloop
   endfacet
   facet normal 4.760975e-02 -9.915110e-01 1.209927e-01
      outer loop
         vertex 1.652616e+02 1.091045e+02 5.961083e+01
         vertex 1.644514e+02 1.091214e+02 6.006787e+01
         vertex 1.644101e+02 1.091045e+02 5.994591e+01
      endloop
   endfacet
   facet normal 3.000144e-01 -5.733086e-01 7.624360e-01
      outer loop
         vertex 1.645555e+02 1.093930e+02 6.037501e+01
         vertex 1.645235e+02 1.092510e+02 6.028077e+01
         vertex 1.654068e+02 1.092510e+02 5.993321e+01
      endloop
   endfacet
   facet normal 2.474101e-01 -7.371975e-01 6.287512e-01
      outer loop
         vertex 1.654068e+02 1.092510e+02 5.993321e+01
         vertex 1.645235e+02 1.092510e+02 6.028077e+01
         vertex 1.645131e+02 1.092212e+02 6.024999e+01
      endloop
   endfacet
   facet normal 3.604732e-01 -1.756008e-01 9.160914e-01
      outer loop
         vertex 1.654669e+02 1.096045e+02 6.006674e+01
         vertex 1.645705e+02 1.096045e+02 6.041947e+01
         vertex 1.654542e+02 1.094315e+02 6.003856e+01
      endloop
   endfacet
   facet normal 3.604744e-01 -1.755959e-01 9.160919e-01
      outer loop
         vertex 1.654542e+02 1.094315e+02 6.003856e+01
         vertex 1.645705e+02 1.096045e+02 6.041947e+01
         vertex 1.645606e+02 1.094315e+02 6.039020e+01
      endloop
   endfacet
   facet normal 3.380187e-01 -3.844747e-01 8.590242e-01
      outer loop
         vertex 1.654542e+02 1.094315e+02 6.003856e+01
         vertex 1.645606e+02 1.094315e+02 6.039020e+01
         vertex 1.645555e+02 1.093930e+02 6.037501e+01
      endloop
   endfacet
   facet normal 4.639524e-01 -2.650585e-01 8.452764e-01
      outer loop
         vertex 1.656965e+02 1.096045e+02 5.995986e+01
         vertex 1.654542e+02 1.094315e+02 6.003856e+01
         vertex 1.666356e+02 1.096045e+02 5.944440e+01
      endloop
   endfacet
   facet normal 4.627366e-01 -1.754301e-01 8.689644e-01
      outer loop
         vertex 1.666356e+02 1.096045e+02 5.944440e+01
         vertex 1.654542e+02 1.094315e+02 6.003856e+01
         vertex 1.666193e+02 1.094315e+02 5.941814e+01
      endloop
   endfacet
   facet normal 5.486856e-01 -1.756966e-01 8.173584e-01
      outer loop
         vertex 1.666356e+02 1.096045e+02 5.944440e+01
         vertex 1.666193e+02 1.094315e+02 5.941814e+01
         vertex 1.672270e+02 1.096045e+02 5.904740e+01
      endloop
   endfacet
   facet normal 5.572987e-01 -2.910526e-01 7.776288e-01
      outer loop
         vertex 1.672270e+02 1.096045e+02 5.904740e+01
         vertex 1.666193e+02 1.094315e+02 5.941814e+01
         vertex 1.676922e+02 1.094315e+02 5.864923e+01
      endloop
   endfacet
   facet normal 6.015866e-01 -1.757126e-01 7.792424e-01
      outer loop
         vertex 1.672270e+02 1.096045e+02 5.904740e+01
         vertex 1.676922e+02 1.094315e+02 5.864923e+01
         vertex 1.677118e+02 1.096045e+02 5.867311e+01
      endloop
   endfacet
   facet normal 6.741800e-01 -1.754183e-01 7.174327e-01
      outer loop
         vertex 1.677118e+02 1.096045e+02 5.867311e+01
         vertex 1.676922e+02 1.094315e+02 5.864923e+01
         vertex 1.686541e+02 1.094315e+02 5.774532e+01
      endloop
   endfacet
   facet normal 6.741750e-01 -1.754411e-01 7.174319e-01
      outer loop
         vertex 1.677118e+02 1.096045e+02 5.867311e+01
         vertex 1.686541e+02 1.094315e+02 5.774532e+01
         vertex 1.686767e+02 1.096045e+02 5.776639e+01
      endloop
   endfacet
   facet normal 7.630507e-01 -1.754434e-01 6.220718e-01
      outer loop
         vertex 1.686767e+02 1.096045e+02 5.776639e+01
         vertex 1.686541e+02 1.094315e+02 5.774532e+01
         vertex 1.694882e+02 1.094315e+02 5.672224e+01
      endloop
   endfacet
   facet normal 7.630509e-01 -1.754422e-01 6.220718e-01
      outer loop
         vertex 1.686767e+02 1.096045e+02 5.776639e+01
         vertex 1.694882e+02 1.094315e+02 5.672224e+01
         vertex 1.695134e+02 1.096045e+02 5.674014e+01
      endloop
   endfacet
   facet normal 8.102495e-01 -1.758011e-01 5.590972e-01
      outer loop
         vertex 1.695134e+02 1.096045e+02 5.674014e+01
         vertex 1.694882e+02 1.094315e+02 5.672224e+01
         vertex 1.698083e+02 1.094966e+02 5.627880e+01
      endloop
   endfacet
   facet normal 8.122517e-01 -1.680706e-01 5.585691e-01
      outer loop
         vertex 1.695134e+02 1.096045e+02 5.674014e+01
         vertex 1.698083e+02 1.094966e+02 5.627880e+01
         vertex 1.696866e+02 1.096045e+02 5.648818e+01
      endloop
   endfacet
   facet normal 6.292812e-01 -6.090678e-01 4.827438e-01
      outer loop
         vertex 1.698748e+02 1.092507e+02 5.590831e+01
         vertex 1.699451e+02 1.093388e+02 5.592788e+01
         vertex 1.698702e+02 1.094321e+02 5.614326e+01
      endloop
   endfacet
   facet normal 6.953236e-01 -5.621336e-01 4.478067e-01
      outer loop
         vertex 1.698748e+02 1.092507e+02 5.590831e+01
         vertex 1.698702e+02 1.094321e+02 5.614326e+01
         vertex 1.693940e+02 1.092510e+02 5.665532e+01
      endloop
   endfacet
   facet normal 1.419931e-01 -9.844238e-01 1.036711e-01
      outer loop
         vertex 1.691057e+02 1.091045e+02 5.645055e+01
         vertex 1.695925e+02 1.091096e+02 5.583189e+01
         vertex 1.692468e+02 1.091354e+02 5.655079e+01
      endloop
   endfacet
   facet normal 2.087253e-01 -9.685848e-01 1.351932e-01
      outer loop
         vertex 1.692468e+02 1.091354e+02 5.655079e+01
         vertex 1.695925e+02 1.091096e+02 5.583189e+01
         vertex 1.696944e+02 1.091353e+02 5.585917e+01
      endloop
   endfacet
   facet normal 3.810054e-01 -8.910595e-01 2.466737e-01
      outer loop
         vertex 1.692468e+02 1.091354e+02 5.655079e+01
         vertex 1.696944e+02 1.091353e+02 5.585917e+01
         vertex 1.697947e+02 1.091857e+02 5.588618e+01
      endloop
   endfacet
   facet normal 3.154565e-01 -5.388436e-01 7.811112e-01
      outer loop
         vertex 1.645555e+02 1.093930e+02 6.037501e+01
         vertex 1.654068e+02 1.092510e+02 5.993321e+01
         vertex 1.654542e+02 1.094315e+02 6.003856e+01
      endloop
   endfacet
   facet normal 3.961154e-01 -5.382987e-01 7.438596e-01
      outer loop
         vertex 1.654542e+02 1.094315e+02 6.003856e+01
         vertex 1.654068e+02 1.092510e+02 5.993321e+01
         vertex 1.665584e+02 1.092510e+02 5.931998e+01
      endloop
   endfacet
   facet normal 3.961175e-01 -5.382941e-01 7.438618e-01
      outer loop
         vertex 1.654542e+02 1.094315e+02 6.003856e+01
         vertex 1.665584e+02 1.092510e+02 5.931998e+01
         vertex 1.666193e+02 1.094315e+02 5.941814e+01
      endloop
   endfacet
   facet normal 4.909214e-01 -5.382935e-01 6.850083e-01
      outer loop
         vertex 1.666193e+02 1.094315e+02 5.941814e+01
         vertex 1.665584e+02 1.092510e+02 5.931998e+01
         vertex 1.676188e+02 1.092510e+02 5.855998e+01
      endloop
   endfacet
   facet normal 4.909202e-01 -5.382957e-01 6.850074e-01
      outer loop
         vertex 1.666193e+02 1.094315e+02 5.941814e+01
         vertex 1.676188e+02 1.092510e+02 5.855998e+01
         vertex 1.676922e+02 1.094315e+02 5.864923e+01
      endloop
   endfacet
   facet normal 5.771174e-01 -5.382950e-01 6.141449e-01
      outer loop
         vertex 1.676922e+02 1.094315e+02 5.864923e+01
         vertex 1.676188e+02 1.092510e+02 5.855998e+01
         vertex 1.685696e+02 1.092510e+02 5.766654e+01
      endloop
   endfacet
   facet normal 5.771214e-01 -5.382881e-01 6.141472e-01
      outer loop
         vertex 1.676922e+02 1.094315e+02 5.864923e+01
         vertex 1.685696e+02 1.092510e+02 5.766654e+01
         vertex 1.686541e+02 1.094315e+02 5.774532e+01
      endloop
   endfacet
   facet normal 6.532028e-01 -5.382868e-01 5.325162e-01
      outer loop
         vertex 1.686541e+02 1.094315e+02 5.774532e+01
         vertex 1.685696e+02 1.092510e+02 5.766654e+01
         vertex 1.693940e+02 1.092510e+02 5.665532e+01
      endloop
   endfacet
   facet normal 6.531957e-01 -5.382982e-01 5.325133e-01
      outer loop
         vertex 1.686541e+02 1.094315e+02 5.774532e+01
         vertex 1.693940e+02 1.092510e+02 5.665532e+01
         vertex 1.694882e+02 1.094315e+02 5.672224e+01
      endloop
   endfacet
   facet normal 7.033767e-01 -5.389029e-01 4.635136e-01
      outer loop
         vertex 1.694882e+02 1.094315e+02 5.672224e+01
         vertex 1.693940e+02 1.092510e+02 5.665532e+01
         vertex 1.698702e+02 1.094321e+02 5.614326e+01
      endloop
   endfacet
   facet normal 7.866472e-01 -3.348933e-01 5.186835e-01
      outer loop
         vertex 1.694882e+02 1.094315e+02 5.672224e+01
         vertex 1.698702e+02 1.094321e+02 5.614326e+01
         vertex 1.698083e+02 1.094966e+02 5.627880e+01
      endloop
   endfacet
   facet normal 2.048824e-01 -8.420805e-01 4.989225e-01
      outer loop
         vertex 1.645131e+02 1.092212e+02 6.024999e+01
         vertex 1.653327e+02 1.091354e+02 5.976863e+01
         vertex 1.654068e+02 1.092510e+02 5.993321e+01
      endloop
   endfacet
   facet normal 2.538044e-01 -8.416788e-01 4.766132e-01
      outer loop
         vertex 1.654068e+02 1.092510e+02 5.993321e+01
         vertex 1.653327e+02 1.091354e+02 5.976863e+01
         vertex 1.664632e+02 1.091354e+02 5.916663e+01
      endloop
   endfacet
   facet normal 2.538003e-01 -8.416829e-01 4.766081e-01
      outer loop
         vertex 1.654068e+02 1.092510e+02 5.993321e+01
         vertex 1.664632e+02 1.091354e+02 5.916663e+01
         vertex 1.665584e+02 1.092510e+02 5.931998e+01
      endloop
   endfacet
   facet normal 3.145423e-01 -8.416837e-01 4.388983e-01
      outer loop
         vertex 1.665584e+02 1.092510e+02 5.931998e+01
         vertex 1.664632e+02 1.091354e+02 5.916663e+01
         vertex 1.675042e+02 1.091354e+02 5.842055e+01
      endloop
   endfacet
   facet normal 3.145444e-01 -8.416819e-01 4.389002e-01
      outer loop
         vertex 1.665584e+02 1.092510e+02 5.931998e+01
         vertex 1.675042e+02 1.091354e+02 5.842055e+01
         vertex 1.676188e+02 1.092510e+02 5.855998e+01
      endloop
   endfacet
   facet normal 3.697712e-01 -8.416825e-01 3.934970e-01
      outer loop
         vertex 1.676188e+02 1.092510e+02 5.855998e+01
         vertex 1.675042e+02 1.091354e+02 5.842055e+01
         vertex 1.684375e+02 1.091354e+02 5.754348e+01
      endloop
   endfacet
   facet normal 3.697757e-01 -8.416790e-01 3.935002e-01
      outer loop
         vertex 1.676188e+02 1.092510e+02 5.855998e+01
         vertex 1.684375e+02 1.091354e+02 5.754348e+01
         vertex 1.685696e+02 1.092510e+02 5.766654e+01
      endloop
   endfacet
   facet normal 4.185234e-01 -8.416789e-01 3.411960e-01
      outer loop
         vertex 1.685696e+02 1.092510e+02 5.766654e+01
         vertex 1.684375e+02 1.091354e+02 5.754348e+01
         vertex 1.692468e+02 1.091354e+02 5.655079e+01
      endloop
   endfacet
   facet normal 4.185216e-01 -8.416802e-01 3.411950e-01
      outer loop
         vertex 1.685696e+02 1.092510e+02 5.766654e+01
         vertex 1.692468e+02 1.091354e+02 5.655079e+01
         vertex 1.693940e+02 1.092510e+02 5.665532e+01
      endloop
   endfacet
   facet normal 4.456039e-01 -8.421716e-01 3.036185e-01
      outer loop
         vertex 1.693940e+02 1.092510e+02 5.665532e+01
         vertex 1.692468e+02 1.091354e+02 5.655079e+01
         vertex 1.697947e+02 1.091857e+02 5.588618e+01
      endloop
   endfacet
   facet normal 5.325212e-01 -7.737631e-01 3.430916e-01
      outer loop
         vertex 1.693940e+02 1.092510e+02 5.665532e+01
         vertex 1.697947e+02 1.091857e+02 5.588618e+01
         vertex 1.698748e+02 1.092507e+02 5.590831e+01
      endloop
   endfacet
   facet normal 7.875956e-01 -5.123454e-01 -3.423382e-01
      outer loop
         vertex 1.698751e+02 1.093545e+02 5.290551e+01
         vertex 1.699546e+02 1.094277e+02 5.297873e+01
         vertex 1.699546e+02 1.093735e+02 5.305984e+01
      endloop
   endfacet
   facet normal 8.934466e-01 -3.734707e-01 -2.495451e-01
      outer loop
         vertex 1.699546e+02 1.093735e+02 5.305984e+01
         vertex 1.699546e+02 1.094277e+02 5.297873e+01
         vertex 1.699835e+02 1.094692e+02 5.302021e+01
      endloop
   endfacet
   facet normal 9.587329e-01 -2.839523e-01 1.422258e-02
      outer loop
         vertex 1.699546e+02 1.093735e+02 5.305984e+01
         vertex 1.699835e+02 1.094692e+02 5.302021e+01
         vertex 1.700216e+02 1.096045e+02 5.315551e+01
      endloop
   endfacet
   facet normal 9.646474e-01 -2.584799e-01 -5.141480e-02
      outer loop
         vertex 1.700216e+02 1.096045e+02 5.315551e+01
         vertex 1.699546e+02 1.093545e+02 5.315551e+01
         vertex 1.699546e+02 1.093735e+02 5.305984e+01
      endloop
   endfacet
   facet normal 7.002079e-01 -7.002209e-01 -1.392825e-01
      outer loop
         vertex 1.699546e+02 1.093735e+02 5.305984e+01
         vertex 1.699546e+02 1.093545e+02 5.315551e+01
         vertex 1.697716e+02 1.092045e+02 5.298980e+01
      endloop
   endfacet
   facet normal 7.070236e-01 -6.475806e-01 -2.841779e-01
      outer loop
         vertex 1.699546e+02 1.093735e+02 5.305984e+01
         vertex 1.697716e+02 1.092045e+02 5.298980e+01
         vertex 1.698751e+02 1.093545e+02 5.290551e+01
      endloop
   endfacet
   facet normal 6.013122e-01 -6.643560e-01 -4.439086e-01
      outer loop
         vertex 1.698751e+02 1.093545e+02 5.290551e+01
         vertex 1.697716e+02 1.092045e+02 5.298980e+01
         vertex 1.697716e+02 1.092983e+02 5.284932e+01
      endloop
   endfacet
   facet normal 4.354133e-01 -7.485144e-01 -5.001414e-01
      outer loop
         vertex 1.697716e+02 1.092983e+02 5.284932e+01
         vertex 1.697716e+02 1.092045e+02 5.298980e+01
         vertex 1.697129e+02 1.092779e+02 5.282887e+01
      endloop
   endfacet
   facet normal 2.569797e-01 -8.404673e-01 -4.770494e-01
      outer loop
         vertex 1.697129e+02 1.092779e+02 5.282887e+01
         vertex 1.697716e+02 1.092045e+02 5.298980e+01
         vertex 1.695216e+02 1.091426e+02 5.296417e+01
      endloop
   endfacet
   facet normal 1.914838e-01 -8.160840e-01 -5.452897e-01
      outer loop
         vertex 1.697129e+02 1.092779e+02 5.282887e+01
         vertex 1.695216e+02 1.091426e+02 5.296417e+01
         vertex 1.695216e+02 1.092510e+02 5.280196e+01
      endloop
   endfacet
   facet normal 7.545094e-01 -5.789636e-01 -3.090577e-01
      outer loop
         vertex 1.699546e+02 1.093545e+02 5.315551e+01
         vertex 1.698751e+02 1.092510e+02 5.315551e+01
         vertex 1.697716e+02 1.092045e+02 5.298980e+01
      endloop
   endfacet
   facet normal 6.013118e-01 -7.836617e-01 -1.558800e-01
      outer loop
         vertex 1.697716e+02 1.092045e+02 5.298980e+01
         vertex 1.698751e+02 1.092510e+02 5.315551e+01
         vertex 1.697716e+02 1.091715e+02 5.315551e+01
      endloop
   endfacet
   facet normal 2.541732e-01 -9.485750e-01 -1.886834e-01
      outer loop
         vertex 1.697716e+02 1.092045e+02 5.298980e+01
         vertex 1.697716e+02 1.091715e+02 5.315551e+01
         vertex 1.695216e+02 1.091426e+02 5.296417e+01
      endloop
   endfacet
   facet normal 2.541732e-01 -9.485750e-01 -1.886834e-01
      outer loop
         vertex 1.695216e+02 1.091426e+02 5.296417e+01
         vertex 1.697716e+02 1.091715e+02 5.315551e+01
         vertex 1.695216e+02 1.091045e+02 5.315551e+01
      endloop
   endfacet
   facet normal -3.877940e-01 -9.037634e-01 1.811839e-01
      outer loop
         vertex 1.642253e+02 1.091845e+02 6.014448e+01
         vertex 1.641528e+02 1.091758e+02 5.994591e+01
         vertex 1.642766e+02 1.091227e+02 5.994591e+01
      endloop
   endfacet
   facet normal 1.884641e-01 -1.742640e-01 9.664954e-01
      outer loop
         vertex 1.645705e+02 1.096045e+02 6.041947e+01
         vertex 1.644565e+02 1.094206e+02 6.040854e+01
         vertex 1.645606e+02 1.094315e+02 6.039020e+01
      endloop
   endfacet
   facet normal 1.988289e-01 -3.828941e-01 9.021414e-01
      outer loop
         vertex 1.645606e+02 1.094315e+02 6.039020e+01
         vertex 1.644565e+02 1.094206e+02 6.040854e+01
         vertex 1.645555e+02 1.093930e+02 6.037501e+01
      endloop
   endfacet
   facet normal 1.178721e-01 -5.672709e-01 8.150521e-01
      outer loop
         vertex 1.645555e+02 1.093930e+02 6.037501e+01
         vertex 1.644565e+02 1.094206e+02 6.040854e+01
         vertex 1.645235e+02 1.092510e+02 6.028077e+01
      endloop
   endfacet
   facet normal 6.549621e-02 -5.836691e-01 8.093458e-01
      outer loop
         vertex 1.645235e+02 1.092510e+02 6.028077e+01
         vertex 1.644565e+02 1.094206e+02 6.040854e+01
         vertex 1.643337e+02 1.092713e+02 6.031076e+01
      endloop
   endfacet
   facet normal 3.149106e-02 -7.239561e-01 6.891269e-01
      outer loop
         vertex 1.645235e+02 1.092510e+02 6.028077e+01
         vertex 1.643337e+02 1.092713e+02 6.031076e+01
         vertex 1.645131e+02 1.092212e+02 6.024999e+01
      endloop
   endfacet
   facet normal -5.420929e-02 -8.433871e-01 5.345649e-01
      outer loop
         vertex 1.645131e+02 1.092212e+02 6.024999e+01
         vertex 1.643337e+02 1.092713e+02 6.031076e+01
         vertex 1.644656e+02 1.091354e+02 6.010982e+01
      endloop
   endfacet
   facet normal -1.005227e-01 -8.536256e-01 5.110953e-01
      outer loop
         vertex 1.644656e+02 1.091354e+02 6.010982e+01
         vertex 1.643337e+02 1.092713e+02 6.031076e+01
         vertex 1.642253e+02 1.091845e+02 6.014448e+01
      endloop
   endfacet
   facet normal -1.373477e-01 -9.243710e-01 3.559127e-01
      outer loop
         vertex 1.644656e+02 1.091354e+02 6.010982e+01
         vertex 1.642253e+02 1.091845e+02 6.014448e+01
         vertex 1.644514e+02 1.091214e+02 6.006787e+01
      endloop
   endfacet
   facet normal -1.809650e-01 -9.513410e-01 2.494031e-01
      outer loop
         vertex 1.644514e+02 1.091214e+02 6.006787e+01
         vertex 1.642253e+02 1.091845e+02 6.014448e+01
         vertex 1.642766e+02 1.091227e+02 5.994591e+01
      endloop
   endfacet
   facet normal -1.324988e-01 -9.747578e-01 1.796977e-01
      outer loop
         vertex 1.644514e+02 1.091214e+02 6.006787e+01
         vertex 1.642766e+02 1.091227e+02 5.994591e+01
         vertex 1.644101e+02 1.091045e+02 5.994591e+01
      endloop
   endfacet
   facet normal 4.804852e-16 -8.314697e-01 -5.555701e-01
      outer loop
         vertex 1.644101e+02 1.092510e+02 5.280196e+01
         vertex 1.695216e+02 1.092510e+02 5.280196e+01
         vertex 1.695216e+02 1.091426e+02 5.296417e+01
      endloop
   endfacet
   facet normal -1.330468e-03 -8.503303e-01 -5.262476e-01
      outer loop
         vertex 1.644101e+02 1.092510e+02 5.280196e+01
         vertex 1.695216e+02 1.091426e+02 5.296417e+01
         vertex 1.644101e+02 1.091304e+02 5.299682e+01
      endloop
   endfacet
   facet normal 1.096498e-03 -9.807847e-01 -1.950903e-01
      outer loop
         vertex 1.644101e+02 1.091304e+02 5.299682e+01
         vertex 1.695216e+02 1.091426e+02 5.296417e+01
         vertex 1.695216e+02 1.091045e+02 5.315551e+01
      endloop
   endfacet
   facet normal 6.499140e-16 -9.869899e-01 -1.607823e-01
      outer loop
         vertex 1.644101e+02 1.091304e+02 5.299682e+01
         vertex 1.695216e+02 1.091045e+02 5.315551e+01
         vertex 1.644101e+02 1.091045e+02 5.315551e+01
      endloop
   endfacet
   facet normal 1.950937e-01 -6.935194e-01 -6.935195e-01
      outer loop
         vertex 1.695216e+02 1.107510e+02 5.130196e+01
         vertex 1.697129e+02 1.107779e+02 5.132887e+01
         vertex 1.695216e+02 1.092510e+02 5.280196e+01
      endloop
   endfacet
   facet normal 1.950937e-01 -6.935194e-01 -6.935195e-01
      outer loop
         vertex 1.695216e+02 1.092510e+02 5.280196e+01
         vertex 1.697129e+02 1.107779e+02 5.132887e+01
         vertex 1.697129e+02 1.092779e+02 5.282887e+01
      endloop
   endfacet
   facet normal 4.422878e-01 -6.341851e-01 -6.341851e-01
      outer loop
         vertex 1.697129e+02 1.092779e+02 5.282887e+01
         vertex 1.697129e+02 1.107779e+02 5.132887e+01
         vertex 1.697716e+02 1.092983e+02 5.284932e+01
      endloop
   endfacet
   facet normal 4.422878e-01 -6.341851e-01 -6.341851e-01
      outer loop
         vertex 1.697716e+02 1.092983e+02 5.284932e+01
         vertex 1.697129e+02 1.107779e+02 5.132887e+01
         vertex 1.697716e+02 1.107983e+02 5.134933e+01
      endloop
   endfacet
   facet normal 6.087536e-01 -5.609897e-01 -5.609898e-01
      outer loop
         vertex 1.697716e+02 1.092983e+02 5.284932e+01
         vertex 1.697716e+02 1.107983e+02 5.134933e+01
         vertex 1.698751e+02 1.093545e+02 5.290551e+01
      endloop
   endfacet
   facet normal 6.087531e-01 -5.609900e-01 -5.609900e-01
      outer loop
         vertex 1.698751e+02 1.093545e+02 5.290551e+01
         vertex 1.697716e+02 1.107983e+02 5.134933e+01
         vertex 1.698751e+02 1.108545e+02 5.140551e+01
      endloop
   endfacet
   facet normal 7.933488e-01 -4.304635e-01 -4.304635e-01
      outer loop
         vertex 1.698751e+02 1.093545e+02 5.290551e+01
         vertex 1.698751e+02 1.108545e+02 5.140551e+01
         vertex 1.699546e+02 1.094277e+02 5.297873e+01
      endloop
   endfacet
   facet normal 7.933490e-01 -4.304633e-01 -4.304633e-01
      outer loop
         vertex 1.699546e+02 1.094277e+02 5.297873e+01
         vertex 1.698751e+02 1.108545e+02 5.140551e+01
         vertex 1.699546e+02 1.109277e+02 5.147873e+01
      endloop
   endfacet
   facet normal 8.968968e-01 -3.127108e-01 -3.127108e-01
      outer loop
         vertex 1.699546e+02 1.094277e+02 5.297873e+01
         vertex 1.699546e+02 1.109277e+02 5.147873e+01
         vertex 1.699835e+02 1.094692e+02 5.302021e+01
      endloop
   endfacet
   facet normal 8.968963e-01 -3.127115e-01 -3.127115e-01
      outer loop
         vertex 1.699546e+02 1.109277e+02 5.147873e+01
         vertex 1.699835e+02 1.109692e+02 5.152021e+01
         vertex 1.699835e+02 1.094692e+02 5.302021e+01
      endloop
   endfacet
   facet normal 9.807806e-01 -1.379663e-01 -1.379663e-01
      outer loop
         vertex 1.699835e+02 1.094692e+02 5.302021e+01
         vertex 1.699835e+02 1.109692e+02 5.152021e+01
         vertex 1.700216e+02 1.111045e+02 5.165551e+01
      endloop
   endfacet
   facet normal 9.807806e-01 -1.379664e-01 -1.379665e-01
      outer loop
         vertex 1.699835e+02 1.094692e+02 5.302021e+01
         vertex 1.700216e+02 1.111045e+02 5.165551e+01
         vertex 1.700216e+02 1.096045e+02 5.315551e+01
      endloop
   endfacet
   facet normal -4.597200e-01 -8.663150e-01 1.953350e-01
      outer loop
         vertex 1.636377e+02 1.094848e+02 6.010431e+01
         vertex 1.641528e+02 1.091758e+02 5.994591e+01
         vertex 1.636979e+02 1.094963e+02 6.029676e+01
      endloop
   endfacet
   facet normal -4.539860e-01 -8.673977e-01 2.037596e-01
      outer loop
         vertex 1.636979e+02 1.094963e+02 6.029676e+01
         vertex 1.641528e+02 1.091758e+02 5.994591e+01
         vertex 1.642253e+02 1.091845e+02 6.014448e+01
      endloop
   endfacet
   facet normal -2.893841e-01 -7.682979e-01 5.709424e-01
      outer loop
         vertex 1.636979e+02 1.094963e+02 6.029676e+01
         vertex 1.642253e+02 1.091845e+02 6.014448e+01
         vertex 1.638006e+02 1.095872e+02 6.047115e+01
      endloop
   endfacet
   facet normal -2.785315e-01 -7.648824e-01 5.808399e-01
      outer loop
         vertex 1.638006e+02 1.095872e+02 6.047115e+01
         vertex 1.642253e+02 1.091845e+02 6.014448e+01
         vertex 1.643337e+02 1.092713e+02 6.031076e+01
      endloop
   endfacet
   facet normal -5.198189e-02 -5.204315e-01 8.523198e-01
      outer loop
         vertex 1.638006e+02 1.095872e+02 6.047115e+01
         vertex 1.643337e+02 1.092713e+02 6.031076e+01
         vertex 1.639220e+02 1.097423e+02 6.057330e+01
      endloop
   endfacet
   facet normal -4.900667e-02 -5.185634e-01 8.536336e-01
      outer loop
         vertex 1.639220e+02 1.097423e+02 6.057330e+01
         vertex 1.643337e+02 1.092713e+02 6.031076e+01
         vertex 1.644565e+02 1.094206e+02 6.040854e+01
      endloop
   endfacet
   facet normal 1.846382e-01 -1.873288e-01 9.647884e-01
      outer loop
         vertex 1.639220e+02 1.097423e+02 6.057330e+01
         vertex 1.644565e+02 1.094206e+02 6.040854e+01
         vertex 1.640283e+02 1.099136e+02 6.058620e+01
      endloop
   endfacet
   facet normal 1.950127e-01 -1.782049e-01 9.644755e-01
      outer loop
         vertex 1.640283e+02 1.099136e+02 6.058620e+01
         vertex 1.644565e+02 1.094206e+02 6.040854e+01
         vertex 1.645705e+02 1.096045e+02 6.041947e+01
      endloop
   endfacet
   facet normal -3.943203e-01 -9.189731e-01 -4.963428e-17
      outer loop
         vertex 1.641528e+02 1.091758e+02 5.994591e+01
         vertex 1.641528e+02 1.091758e+02 5.315551e+01
         vertex 1.642766e+02 1.091227e+02 5.315551e+01
      endloop
   endfacet
   facet normal -3.943203e-01 -9.189731e-01 -4.963428e-17
      outer loop
         vertex 1.641528e+02 1.091758e+02 5.994591e+01
         vertex 1.642766e+02 1.091227e+02 5.315551e+01
         vertex 1.642766e+02 1.091227e+02 5.994591e+01
      endloop
   endfacet
   facet normal -1.346914e-01 -9.908876e-01 -9.985954e-17
      outer loop
         vertex 1.642766e+02 1.091227e+02 5.994591e+01
         vertex 1.642766e+02 1.091227e+02 5.315551e+01
         vertex 1.644101e+02 1.091045e+02 5.315551e+01
      endloop
   endfacet
   facet normal -1.346914e-01 -9.908876e-01 -9.985954e-17
      outer loop
         vertex 1.642766e+02 1.091227e+02 5.994591e+01
         vertex 1.644101e+02 1.091045e+02 5.315551e+01
         vertex 1.644101e+02 1.091045e+02 5.994591e+01
      endloop
   endfacet
   facet normal -4.069996e-02 -8.496265e-01 -5.258120e-01
      outer loop
         vertex 1.644101e+02 1.092510e+02 5.280196e+01
         vertex 1.644101e+02 1.091304e+02 5.299682e+01
         vertex 1.643332e+02 1.091400e+02 5.298716e+01
      endloop
   endfacet
   facet normal -3.238320e-01 -9.343722e-01 -1.485979e-01
      outer loop
         vertex 1.641528e+02 1.091758e+02 5.315551e+01
         vertex 1.642657e+02 1.091678e+02 5.295936e+01
         vertex 1.643332e+02 1.091400e+02 5.298716e+01
      endloop
   endfacet
   facet normal -3.845048e-01 -8.960979e-01 -2.217308e-01
      outer loop
         vertex 1.641528e+02 1.091758e+02 5.315551e+01
         vertex 1.643332e+02 1.091400e+02 5.298716e+01
         vertex 1.642766e+02 1.091227e+02 5.315551e+01
      endloop
   endfacet
   facet normal -1.065032e-01 -9.847716e-01 -1.374119e-01
      outer loop
         vertex 1.642766e+02 1.091227e+02 5.315551e+01
         vertex 1.643332e+02 1.091400e+02 5.298716e+01
         vertex 1.644101e+02 1.091304e+02 5.299682e+01
      endloop
   endfacet
   facet normal -1.329702e-01 -9.782255e-01 -1.593546e-01
      outer loop
         vertex 1.642766e+02 1.091227e+02 5.315551e+01
         vertex 1.644101e+02 1.091304e+02 5.299682e+01
         vertex 1.644101e+02 1.091045e+02 5.315551e+01
      endloop
   endfacet
   facet normal -1.171039e-01 -8.297946e-01 -5.456442e-01
      outer loop
         vertex 1.642657e+02 1.091678e+02 5.295936e+01
         vertex 1.644101e+02 1.092510e+02 5.280196e+01
         vertex 1.643332e+02 1.091400e+02 5.298716e+01
      endloop
   endfacet
   facet normal 2.550556e-01 -7.932679e-01 5.528767e-01
      outer loop
         vertex 1.695216e+02 1.107510e+02 5.059485e+01
         vertex 1.697716e+02 1.107983e+02 5.054748e+01
         vertex 1.697716e+02 1.109123e+02 5.071103e+01
      endloop
   endfacet
   facet normal 7.015293e-01 -5.846514e-01 4.074793e-01
      outer loop
         vertex 1.697716e+02 1.107983e+02 5.054748e+01
         vertex 1.699546e+02 1.109277e+02 5.041807e+01
         vertex 1.699546e+02 1.110785e+02 5.063441e+01
      endloop
   endfacet
   facet normal 9.801858e-01 -1.625054e-01 -1.132598e-01
      outer loop
         vertex 1.700216e+02 1.113055e+02 5.136706e+01
         vertex 1.700216e+02 1.111045e+02 5.165551e+01
         vertex 1.699835e+02 1.109692e+02 5.152021e+01
      endloop
   endfacet
   facet normal 9.618811e-01 -1.957944e-01 -1.909171e-01
      outer loop
         vertex 1.699835e+02 1.109692e+02 5.152021e+01
         vertex 1.699546e+02 1.110785e+02 5.126240e+01
         vertex 1.700216e+02 1.113055e+02 5.136706e+01
      endloop
   endfacet
   facet normal 9.643713e-01 -2.584059e-01 -5.669612e-02
      outer loop
         vertex 1.700216e+02 1.113055e+02 5.136706e+01
         vertex 1.699546e+02 1.110785e+02 5.126240e+01
         vertex 1.699546e+02 1.111474e+02 5.094840e+01
      endloop
   endfacet
   facet normal 9.643712e-01 -2.584061e-01 -5.669606e-02
      outer loop
         vertex 1.700216e+02 1.113055e+02 5.136706e+01
         vertex 1.699546e+02 1.111474e+02 5.094840e+01
         vertex 1.700216e+02 1.113974e+02 5.094840e+01
      endloop
   endfacet
   facet normal 9.643712e-01 -2.584061e-01 5.669615e-02
      outer loop
         vertex 1.700216e+02 1.113974e+02 5.094840e+01
         vertex 1.699546e+02 1.111474e+02 5.094840e+01
         vertex 1.699546e+02 1.110785e+02 5.063441e+01
      endloop
   endfacet
   facet normal 9.643713e-01 -2.584059e-01 5.669603e-02
      outer loop
         vertex 1.700216e+02 1.113974e+02 5.094840e+01
         vertex 1.699546e+02 1.110785e+02 5.063441e+01
         vertex 1.700216e+02 1.113055e+02 5.052974e+01
      endloop
   endfacet
   facet normal 9.648949e-01 -2.154673e-01 1.501723e-01
      outer loop
         vertex 1.700216e+02 1.113055e+02 5.052974e+01
         vertex 1.699546e+02 1.110785e+02 5.063441e+01
         vertex 1.699546e+02 1.109277e+02 5.041807e+01
      endloop
   endfacet
   facet normal 9.648949e-01 -2.154672e-01 1.501722e-01
      outer loop
         vertex 1.700216e+02 1.113055e+02 5.052974e+01
         vertex 1.699546e+02 1.109277e+02 5.041807e+01
         vertex 1.700216e+02 1.111045e+02 5.024130e+01
      endloop
   endfacet
   facet normal 7.015294e-01 -5.846514e-01 4.074792e-01
      outer loop
         vertex 1.697716e+02 1.107983e+02 5.054748e+01
         vertex 1.699546e+02 1.110785e+02 5.063441e+01
         vertex 1.697716e+02 1.109123e+02 5.071103e+01
      endloop
   endfacet
   facet normal 6.987409e-01 -6.987537e-01 1.533116e-01
      outer loop
         vertex 1.697716e+02 1.109123e+02 5.071103e+01
         vertex 1.699546e+02 1.110785e+02 5.063441e+01
         vertex 1.699546e+02 1.111474e+02 5.094840e+01
      endloop
   endfacet
   facet normal 6.987411e-01 -6.987535e-01 1.533113e-01
      outer loop
         vertex 1.697716e+02 1.109123e+02 5.071103e+01
         vertex 1.699546e+02 1.111474e+02 5.094840e+01
         vertex 1.697716e+02 1.109644e+02 5.094840e+01
      endloop
   endfacet
   facet normal 6.987411e-01 -6.987535e-01 -1.533116e-01
      outer loop
         vertex 1.697716e+02 1.109644e+02 5.094840e+01
         vertex 1.699546e+02 1.111474e+02 5.094840e+01
         vertex 1.699546e+02 1.110785e+02 5.126240e+01
      endloop
   endfacet
   facet normal 6.987409e-01 -6.987537e-01 -1.533114e-01
      outer loop
         vertex 1.697716e+02 1.109644e+02 5.094840e+01
         vertex 1.699546e+02 1.110785e+02 5.126240e+01
         vertex 1.697716e+02 1.109123e+02 5.118578e+01
      endloop
   endfacet
   facet normal 8.941124e-01 -3.674107e-01 -2.560710e-01
      outer loop
         vertex 1.699835e+02 1.109692e+02 5.152021e+01
         vertex 1.699546e+02 1.109277e+02 5.147873e+01
         vertex 1.699546e+02 1.110785e+02 5.126240e+01
      endloop
   endfacet
   facet normal 7.887021e-01 -5.043627e-01 -3.515212e-01
      outer loop
         vertex 1.699546e+02 1.110785e+02 5.126240e+01
         vertex 1.699546e+02 1.109277e+02 5.147873e+01
         vertex 1.698751e+02 1.108545e+02 5.140551e+01
      endloop
   endfacet
   facet normal 6.930444e-01 -5.463343e-01 -4.703280e-01
      outer loop
         vertex 1.699546e+02 1.110785e+02 5.126240e+01
         vertex 1.698751e+02 1.108545e+02 5.140551e+01
         vertex 1.697716e+02 1.109123e+02 5.118578e+01
      endloop
   endfacet
   facet normal 6.027341e-01 -6.546329e-01 -4.562535e-01
      outer loop
         vertex 1.697716e+02 1.109123e+02 5.118578e+01
         vertex 1.698751e+02 1.108545e+02 5.140551e+01
         vertex 1.697716e+02 1.107983e+02 5.134933e+01
      endloop
   endfacet
   facet normal 4.367220e-01 -7.380304e-01 -5.143783e-01
      outer loop
         vertex 1.697716e+02 1.109123e+02 5.118578e+01
         vertex 1.697716e+02 1.107983e+02 5.134933e+01
         vertex 1.697129e+02 1.107779e+02 5.132887e+01
      endloop
   endfacet
   facet normal 2.550557e-01 -7.932680e-01 5.528765e-01
      outer loop
         vertex 1.695216e+02 1.107510e+02 5.059485e+01
         vertex 1.697716e+02 1.109123e+02 5.071103e+01
         vertex 1.695216e+02 1.108515e+02 5.073907e+01
      endloop
   endfacet
   facet normal 2.531986e-01 -9.449373e-01 2.073257e-01
      outer loop
         vertex 1.695216e+02 1.108515e+02 5.073907e+01
         vertex 1.697716e+02 1.109123e+02 5.071103e+01
         vertex 1.697716e+02 1.109644e+02 5.094840e+01
      endloop
   endfacet
   facet normal 2.531987e-01 -9.449373e-01 2.073257e-01
      outer loop
         vertex 1.695216e+02 1.108515e+02 5.073907e+01
         vertex 1.697716e+02 1.109644e+02 5.094840e+01
         vertex 1.695216e+02 1.108974e+02 5.094840e+01
      endloop
   endfacet
   facet normal 2.531987e-01 -9.449373e-01 -2.073257e-01
      outer loop
         vertex 1.695216e+02 1.108974e+02 5.094840e+01
         vertex 1.697716e+02 1.109644e+02 5.094840e+01
         vertex 1.697716e+02 1.109123e+02 5.118578e+01
      endloop
   endfacet
   facet normal 2.531986e-01 -9.449373e-01 -2.073257e-01
      outer loop
         vertex 1.695216e+02 1.108974e+02 5.094840e+01
         vertex 1.697716e+02 1.109123e+02 5.118578e+01
         vertex 1.695216e+02 1.108515e+02 5.115773e+01
      endloop
   endfacet
   facet normal 2.516180e-01 -7.546910e-01 -6.059125e-01
      outer loop
         vertex 1.695216e+02 1.108515e+02 5.115773e+01
         vertex 1.697716e+02 1.109123e+02 5.118578e+01
         vertex 1.697129e+02 1.107779e+02 5.132887e+01
      endloop
   endfacet
   facet normal 1.921685e-01 -8.051110e-01 -5.611306e-01
      outer loop
         vertex 1.695216e+02 1.108515e+02 5.115773e+01
         vertex 1.697129e+02 1.107779e+02 5.132887e+01
         vertex 1.695216e+02 1.107510e+02 5.130196e+01
      endloop
   endfacet
   facet normal -4.659549e-01 -8.628739e-01 1.957927e-01
      outer loop
         vertex 1.615892e+02 1.107139e+02 6.064595e+01
         vertex 1.636377e+02 1.094848e+02 6.010431e+01
         vertex 1.616456e+02 1.107271e+02 6.083818e+01
      endloop
   endfacet
   facet normal -4.655169e-01 -8.628492e-01 1.969398e-01
      outer loop
         vertex 1.616456e+02 1.107271e+02 6.083818e+01
         vertex 1.636377e+02 1.094848e+02 6.010431e+01
         vertex 1.636979e+02 1.094963e+02 6.029676e+01
      endloop
   endfacet
   facet normal -3.057613e-01 -7.613345e-01 5.717340e-01
      outer loop
         vertex 1.616456e+02 1.107271e+02 6.083818e+01
         vertex 1.636979e+02 1.094963e+02 6.029676e+01
         vertex 1.617444e+02 1.108184e+02 6.101261e+01
      endloop
   endfacet
   facet normal -3.035813e-01 -7.598250e-01 5.748950e-01
      outer loop
         vertex 1.617444e+02 1.108184e+02 6.101261e+01
         vertex 1.636979e+02 1.094963e+02 6.029676e+01
         vertex 1.638006e+02 1.095872e+02 6.047115e+01
      endloop
   endfacet
   facet normal -8.059299e-02 -5.109558e-01 8.558206e-01
      outer loop
         vertex 1.617444e+02 1.108184e+02 6.101261e+01
         vertex 1.638006e+02 1.095872e+02 6.047115e+01
         vertex 1.618630e+02 1.109727e+02 6.111588e+01
      endloop
   endfacet
   facet normal -7.602450e-02 -5.061006e-01 8.591172e-01
      outer loop
         vertex 1.618630e+02 1.109727e+02 6.111588e+01
         vertex 1.638006e+02 1.095872e+02 6.047115e+01
         vertex 1.639220e+02 1.097423e+02 6.057330e+01
      endloop
   endfacet
   facet normal 1.496962e-01 -1.783515e-01 9.725131e-01
      outer loop
         vertex 1.618630e+02 1.109727e+02 6.111588e+01
         vertex 1.639220e+02 1.097423e+02 6.057330e+01
         vertex 1.619687e+02 1.111427e+02 6.113077e+01
      endloop
   endfacet
   facet normal 1.558004e-01 -1.700473e-01 9.730417e-01
      outer loop
         vertex 1.619687e+02 1.111427e+02 6.113077e+01
         vertex 1.639220e+02 1.097423e+02 6.057330e+01
         vertex 1.640283e+02 1.099136e+02 6.058620e+01
      endloop
   endfacet
   facet normal -4.696563e-01 -8.609413e-01 1.954561e-01
      outer loop
         vertex 1.595288e+02 1.119502e+02 6.114044e+01
         vertex 1.615892e+02 1.107139e+02 6.064595e+01
         vertex 1.595815e+02 1.119650e+02 6.133234e+01
      endloop
   endfacet
   facet normal -4.692360e-01 -8.609054e-01 1.966200e-01
      outer loop
         vertex 1.595815e+02 1.119650e+02 6.133234e+01
         vertex 1.615892e+02 1.107139e+02 6.064595e+01
         vertex 1.616456e+02 1.107271e+02 6.083818e+01
      endloop
   endfacet
   facet normal -3.174075e-01 -7.571624e-01 5.709269e-01
      outer loop
         vertex 1.595815e+02 1.119650e+02 6.133234e+01
         vertex 1.616456e+02 1.107271e+02 6.083818e+01
         vertex 1.596762e+02 1.120568e+02 6.150673e+01
      endloop
   endfacet
   facet normal -3.152799e-01 -7.556242e-01 5.741347e-01
      outer loop
         vertex 1.596762e+02 1.120568e+02 6.150673e+01
         vertex 1.616456e+02 1.107271e+02 6.083818e+01
         vertex 1.617444e+02 1.108184e+02 6.101261e+01
      endloop
   endfacet
   facet normal -9.927121e-02 -5.073463e-01 8.560052e-01
      outer loop
         vertex 1.596762e+02 1.120568e+02 6.150673e+01
         vertex 1.617444e+02 1.108184e+02 6.101261e+01
         vertex 1.597920e+02 1.122101e+02 6.161106e+01
      endloop
   endfacet
   facet normal -9.475094e-02 -5.024616e-01 8.593920e-01
      outer loop
         vertex 1.597920e+02 1.122101e+02 6.161106e+01
         vertex 1.617444e+02 1.108184e+02 6.101261e+01
         vertex 1.618630e+02 1.109727e+02 6.111588e+01
      endloop
   endfacet
   facet normal 1.275453e-01 -1.770649e-01 9.758997e-01
      outer loop
         vertex 1.597920e+02 1.122101e+02 6.161106e+01
         vertex 1.618630e+02 1.109727e+02 6.111588e+01
         vertex 1.598972e+02 1.123789e+02 6.162794e+01
      endloop
   endfacet
   facet normal 1.336728e-01 -1.687377e-01 9.765548e-01
      outer loop
         vertex 1.598972e+02 1.123789e+02 6.162794e+01
         vertex 1.618630e+02 1.109727e+02 6.111588e+01
         vertex 1.619687e+02 1.111427e+02 6.113077e+01
      endloop
   endfacet
   facet normal -1.482651e-01 -8.118441e-01 -5.647359e-01
      outer loop
         vertex 1.619101e+02 1.107510e+02 5.130196e+01
         vertex 1.644101e+02 1.092510e+02 5.280196e+01
         vertex 1.642657e+02 1.091678e+02 5.295936e+01
      endloop
   endfacet
   facet normal -1.473236e-01 -8.113875e-01 -5.656378e-01
      outer loop
         vertex 1.619101e+02 1.107510e+02 5.130196e+01
         vertex 1.642657e+02 1.091678e+02 5.295936e+01
         vertex 1.617665e+02 1.106681e+02 5.145826e+01
      endloop
   endfacet
   facet normal -4.123600e-01 -8.884758e-01 -2.014198e-01
      outer loop
         vertex 1.617665e+02 1.106681e+02 5.145826e+01
         vertex 1.642657e+02 1.091678e+02 5.295936e+01
         vertex 1.641528e+02 1.091758e+02 5.315551e+01
      endloop
   endfacet
   facet normal -4.115933e-01 -8.885679e-01 -2.025787e-01
      outer loop
         vertex 1.617665e+02 1.106681e+02 5.145826e+01
         vertex 1.641528e+02 1.091758e+02 5.315551e+01
         vertex 1.616528e+02 1.106758e+02 5.165551e+01
      endloop
   endfacet
   facet normal 2.588222e-01 -6.830121e-01 6.830121e-01
      outer loop
         vertex 1.695216e+02 1.107510e+02 5.059485e+01
         vertex 1.695216e+02 1.092510e+02 4.909485e+01
         vertex 1.697716e+02 1.092983e+02 4.904748e+01
      endloop
   endfacet
   facet normal 2.588222e-01 -6.830121e-01 6.830121e-01
      outer loop
         vertex 1.695216e+02 1.107510e+02 5.059485e+01
         vertex 1.697716e+02 1.092983e+02 4.904748e+01
         vertex 1.697716e+02 1.107983e+02 5.054748e+01
      endloop
   endfacet
   facet normal 7.071002e-01 -5.000046e-01 5.000047e-01
      outer loop
         vertex 1.697716e+02 1.107983e+02 5.054748e+01
         vertex 1.697716e+02 1.092983e+02 4.904748e+01
         vertex 1.699546e+02 1.094277e+02 4.891807e+01
      endloop
   endfacet
   facet normal 7.071002e-01 -5.000047e-01 5.000047e-01
      outer loop
         vertex 1.697716e+02 1.107983e+02 5.054748e+01
         vertex 1.699546e+02 1.094277e+02 4.891807e+01
         vertex 1.699546e+02 1.109277e+02 5.041807e+01
      endloop
   endfacet
   facet normal 9.659250e-01 -1.830149e-01 1.830149e-01
      outer loop
         vertex 1.699546e+02 1.109277e+02 5.041807e+01
         vertex 1.699546e+02 1.094277e+02 4.891807e+01
         vertex 1.700216e+02 1.096045e+02 4.874130e+01
      endloop
   endfacet
   facet normal 9.659250e-01 -1.830149e-01 1.830149e-01
      outer loop
         vertex 1.699546e+02 1.109277e+02 5.041807e+01
         vertex 1.700216e+02 1.096045e+02 4.874130e+01
         vertex 1.700216e+02 1.111045e+02 5.024130e+01
      endloop
   endfacet
   facet normal -3.022401e-01 -9.309873e-01 2.047281e-01
      outer loop
         vertex 1.594049e+02 1.120027e+02 6.119646e+01
         vertex 1.595288e+02 1.119502e+02 6.114044e+01
         vertex 1.594531e+02 1.120279e+02 6.138226e+01
      endloop
   endfacet
   facet normal -3.779733e-01 -9.093092e-01 1.740485e-01
      outer loop
         vertex 1.594531e+02 1.120279e+02 6.138226e+01
         vertex 1.595288e+02 1.119502e+02 6.114044e+01
         vertex 1.595815e+02 1.119650e+02 6.133234e+01
      endloop
   endfacet
   facet normal -1.741099e-01 -8.051515e-01 5.669363e-01
      outer loop
         vertex 1.594531e+02 1.120279e+02 6.138226e+01
         vertex 1.595815e+02 1.119650e+02 6.133234e+01
         vertex 1.595202e+02 1.121330e+02 6.155217e+01
      endloop
   endfacet
   facet normal -2.326302e-01 -8.028698e-01 5.488927e-01
      outer loop
         vertex 1.595202e+02 1.121330e+02 6.155217e+01
         vertex 1.595815e+02 1.119650e+02 6.133234e+01
         vertex 1.596762e+02 1.120568e+02 6.150673e+01
      endloop
   endfacet
   facet normal -1.365466e-02 -5.322538e-01 8.464747e-01
      outer loop
         vertex 1.595202e+02 1.121330e+02 6.155217e+01
         vertex 1.596762e+02 1.120568e+02 6.150673e+01
         vertex 1.595909e+02 1.123007e+02 6.165872e+01
      endloop
   endfacet
   facet normal -4.346590e-02 -5.392772e-01 8.410059e-01
      outer loop
         vertex 1.595909e+02 1.123007e+02 6.165872e+01
         vertex 1.596762e+02 1.120568e+02 6.150673e+01
         vertex 1.597920e+02 1.122101e+02 6.161106e+01
      endloop
   endfacet
   facet normal 1.484977e-01 -1.818005e-01 9.720581e-01
      outer loop
         vertex 1.595909e+02 1.123007e+02 6.165872e+01
         vertex 1.597920e+02 1.122101e+02 6.161106e+01
         vertex 1.596481e+02 1.124840e+02 6.168426e+01
      endloop
   endfacet
   facet normal 1.416413e-01 -1.854923e-01 9.723838e-01
      outer loop
         vertex 1.596481e+02 1.124840e+02 6.168426e+01
         vertex 1.597920e+02 1.122101e+02 6.161106e+01
         vertex 1.598972e+02 1.123789e+02 6.162794e+01
      endloop
   endfacet
   facet normal -4.195682e-02 -9.793442e-01 1.977993e-01
      outer loop
         vertex 1.592721e+02 1.120204e+02 6.125577e+01
         vertex 1.594049e+02 1.120027e+02 6.119646e+01
         vertex 1.593109e+02 1.120550e+02 6.143572e+01
      endloop
   endfacet
   facet normal -1.246115e-01 -9.783714e-01 1.651104e-01
      outer loop
         vertex 1.593109e+02 1.120550e+02 6.143572e+01
         vertex 1.594049e+02 1.120027e+02 6.119646e+01
         vertex 1.594531e+02 1.120279e+02 6.138226e+01
      endloop
   endfacet
   facet normal 4.714488e-02 -8.345488e-01 5.489132e-01
      outer loop
         vertex 1.593109e+02 1.120550e+02 6.143572e+01
         vertex 1.594531e+02 1.120279e+02 6.138226e+01
         vertex 1.593474e+02 1.121660e+02 6.160133e+01
      endloop
   endfacet
   facet normal -1.135881e-02 -8.483233e-01 5.293568e-01
      outer loop
         vertex 1.593474e+02 1.121660e+02 6.160133e+01
         vertex 1.594531e+02 1.120279e+02 6.138226e+01
         vertex 1.595202e+02 1.121330e+02 6.155217e+01
      endloop
   endfacet
   facet normal 1.301314e-01 -5.487088e-01 8.258235e-01
      outer loop
         vertex 1.593474e+02 1.121660e+02 6.160133e+01
         vertex 1.595202e+02 1.121330e+02 6.155217e+01
         vertex 1.593721e+02 1.123353e+02 6.170993e+01
      endloop
   endfacet
   facet normal 1.024290e-01 -5.639903e-01 8.194042e-01
      outer loop
         vertex 1.593721e+02 1.123353e+02 6.170993e+01
         vertex 1.595202e+02 1.121330e+02 6.155217e+01
         vertex 1.595909e+02 1.123007e+02 6.165872e+01
      endloop
   endfacet
   facet normal 1.956388e-01 -1.871563e-01 9.626515e-01
      outer loop
         vertex 1.593721e+02 1.123353e+02 6.170993e+01
         vertex 1.595909e+02 1.123007e+02 6.165872e+01
         vertex 1.593809e+02 1.125193e+02 6.174389e+01
      endloop
   endfacet
   facet normal 1.893335e-01 -1.932346e-01 9.627114e-01
      outer loop
         vertex 1.593809e+02 1.125193e+02 6.174389e+01
         vertex 1.595909e+02 1.123007e+02 6.165872e+01
         vertex 1.596481e+02 1.124840e+02 6.168426e+01
      endloop
   endfacet
   facet normal 2.111489e-01 -9.579573e-01 1.942522e-01
      outer loop
         vertex 1.591390e+02 1.120029e+02 6.131450e+01
         vertex 1.592721e+02 1.120204e+02 6.125577e+01
         vertex 1.591652e+02 1.120441e+02 6.148901e+01
      endloop
   endfacet
   facet normal 1.320096e-01 -9.782439e-01 1.600387e-01
      outer loop
         vertex 1.591652e+02 1.120441e+02 6.148901e+01
         vertex 1.592721e+02 1.120204e+02 6.125577e+01
         vertex 1.593109e+02 1.120550e+02 6.143572e+01
      endloop
   endfacet
   facet normal 2.558774e-01 -8.056590e-01 5.342661e-01
      outer loop
         vertex 1.591652e+02 1.120441e+02 6.148901e+01
         vertex 1.593109e+02 1.120550e+02 6.143572e+01
         vertex 1.591703e+02 1.121529e+02 6.165068e+01
      endloop
   endfacet
   facet normal 2.047606e-01 -8.333404e-01 5.134364e-01
      outer loop
         vertex 1.591703e+02 1.121529e+02 6.165068e+01
         vertex 1.593109e+02 1.120550e+02 6.143572e+01
         vertex 1.593474e+02 1.121660e+02 6.160133e+01
      endloop
   endfacet
   facet normal 2.641241e-01 -5.272608e-01 8.076104e-01
      outer loop
         vertex 1.591703e+02 1.121529e+02 6.165068e+01
         vertex 1.593474e+02 1.121660e+02 6.160133e+01
         vertex 1.591509e+02 1.123123e+02 6.176112e+01
      endloop
   endfacet
   facet normal 2.421878e-01 -5.486421e-01 8.002106e-01
      outer loop
         vertex 1.591509e+02 1.123123e+02 6.176112e+01
         vertex 1.593474e+02 1.121660e+02 6.160133e+01
         vertex 1.593721e+02 1.123353e+02 6.170993e+01
      endloop
   endfacet
   facet normal 2.394472e-01 -1.795792e-01 9.541574e-01
      outer loop
         vertex 1.591509e+02 1.123123e+02 6.176112e+01
         vertex 1.593721e+02 1.123353e+02 6.170993e+01
         vertex 1.591133e+02 1.124845e+02 6.180294e+01
      endloop
   endfacet
   facet normal 2.348085e-01 -1.874096e-01 9.538043e-01
      outer loop
         vertex 1.591133e+02 1.124845e+02 6.180294e+01
         vertex 1.593721e+02 1.123353e+02 6.170993e+01
         vertex 1.593809e+02 1.125193e+02 6.174389e+01
      endloop
   endfacet
   facet normal 4.514671e-01 -8.720216e-01 1.890918e-01
      outer loop
         vertex 1.590143e+02 1.119502e+02 6.136877e+01
         vertex 1.591390e+02 1.120029e+02 6.131450e+01
         vertex 1.590254e+02 1.119928e+02 6.153868e+01
      endloop
   endfacet
   facet normal 3.889301e-01 -9.079998e-01 1.557873e-01
      outer loop
         vertex 1.590254e+02 1.119928e+02 6.153868e+01
         vertex 1.591390e+02 1.120029e+02 6.131450e+01
         vertex 1.591652e+02 1.120441e+02 6.148901e+01
      endloop
   endfacet
   facet normal 4.512623e-01 -7.250452e-01 5.202613e-01
      outer loop
         vertex 1.590254e+02 1.119928e+02 6.153868e+01
         vertex 1.591652e+02 1.120441e+02 6.148901e+01
         vertex 1.590007e+02 1.120910e+02 6.169700e+01
      endloop
   endfacet
   facet normal 4.143330e-01 -7.610261e-01 4.991667e-01
      outer loop
         vertex 1.590007e+02 1.120910e+02 6.169700e+01
         vertex 1.591652e+02 1.120441e+02 6.148901e+01
         vertex 1.591703e+02 1.121529e+02 6.165068e+01
      endloop
   endfacet
   facet normal 3.885647e-01 -4.722237e-01 7.912157e-01
      outer loop
         vertex 1.590007e+02 1.120910e+02 6.169700e+01
         vertex 1.591703e+02 1.121529e+02 6.165068e+01
         vertex 1.589415e+02 1.122299e+02 6.180894e+01
      endloop
   endfacet
   facet normal 3.746180e-01 -4.966662e-01 7.829330e-01
      outer loop
         vertex 1.589415e+02 1.122299e+02 6.180894e+01
         vertex 1.591703e+02 1.121529e+02 6.165068e+01
         vertex 1.591509e+02 1.123123e+02 6.176112e+01
      endloop
   endfacet
   facet normal 2.795055e-01 -1.603916e-01 9.466526e-01
      outer loop
         vertex 1.589415e+02 1.122299e+02 6.180894e+01
         vertex 1.591509e+02 1.123123e+02 6.176112e+01
         vertex 1.588626e+02 1.123789e+02 6.185750e+01
      endloop
   endfacet
   facet normal 2.771567e-01 -1.693127e-01 9.457893e-01
      outer loop
         vertex 1.588626e+02 1.123789e+02 6.185750e+01
         vertex 1.591509e+02 1.123123e+02 6.176112e+01
         vertex 1.591133e+02 1.124845e+02 6.180294e+01
      endloop
   endfacet
   facet normal 7.875959e-01 -6.043521e-01 1.202130e-01
      outer loop
         vertex 1.699546e+02 1.093545e+02 4.874130e+01
         vertex 1.699546e+02 1.093735e+02 4.883697e+01
         vertex 1.698751e+02 1.092510e+02 4.874130e+01
      endloop
   endfacet
   facet normal 7.070236e-01 -6.588525e-01 2.569649e-01
      outer loop
         vertex 1.698751e+02 1.092510e+02 4.874130e+01
         vertex 1.699546e+02 1.093735e+02 4.883697e+01
         vertex 1.697716e+02 1.092045e+02 4.890700e+01
      endloop
   endfacet
   facet normal 2.541732e-01 -9.485750e-01 1.886834e-01
      outer loop
         vertex 1.695216e+02 1.091426e+02 4.893264e+01
         vertex 1.695216e+02 1.091045e+02 4.874130e+01
         vertex 1.697716e+02 1.092045e+02 4.890700e+01
      endloop
   endfacet
   facet normal 2.541732e-01 -9.485750e-01 1.886834e-01
      outer loop
         vertex 1.697716e+02 1.092045e+02 4.890700e+01
         vertex 1.695216e+02 1.091045e+02 4.874130e+01
         vertex 1.697716e+02 1.091715e+02 4.874130e+01
      endloop
   endfacet
   facet normal 6.013118e-01 -7.836617e-01 1.558800e-01
      outer loop
         vertex 1.697716e+02 1.092045e+02 4.890700e+01
         vertex 1.697716e+02 1.091715e+02 4.874130e+01
         vertex 1.698751e+02 1.092510e+02 4.874130e+01
      endloop
   endfacet
   facet normal 2.541732e-01 -8.041631e-01 5.373245e-01
      outer loop
         vertex 1.695216e+02 1.092510e+02 4.909485e+01
         vertex 1.695216e+02 1.091426e+02 4.893264e+01
         vertex 1.697716e+02 1.092983e+02 4.904748e+01
      endloop
   endfacet
   facet normal 2.541731e-01 -8.041631e-01 5.373247e-01
      outer loop
         vertex 1.697716e+02 1.092983e+02 4.904748e+01
         vertex 1.695216e+02 1.091426e+02 4.893264e+01
         vertex 1.697716e+02 1.092045e+02 4.890700e+01
      endloop
   endfacet
   facet normal 7.002079e-01 -5.936186e-01 3.966433e-01
      outer loop
         vertex 1.697716e+02 1.092983e+02 4.904748e+01
         vertex 1.697716e+02 1.092045e+02 4.890700e+01
         vertex 1.699546e+02 1.094277e+02 4.891807e+01
      endloop
   endfacet
   facet normal 7.002079e-01 -5.936186e-01 3.966432e-01
      outer loop
         vertex 1.699546e+02 1.094277e+02 4.891807e+01
         vertex 1.697716e+02 1.092045e+02 4.890700e+01
         vertex 1.699546e+02 1.093735e+02 4.883697e+01
      endloop
   endfacet
   facet normal 9.646474e-01 -2.191287e-01 1.464171e-01
      outer loop
         vertex 1.699546e+02 1.094277e+02 4.891807e+01
         vertex 1.699546e+02 1.093735e+02 4.883697e+01
         vertex 1.700216e+02 1.096045e+02 4.874130e+01
      endloop
   endfacet
   facet normal 9.646474e-01 -2.584799e-01 5.141480e-02
      outer loop
         vertex 1.699546e+02 1.093545e+02 4.874130e+01
         vertex 1.700216e+02 1.096045e+02 4.874130e+01
         vertex 1.699546e+02 1.093735e+02 4.883697e+01
      endloop
   endfacet
   facet normal 2.794886e-01 -1.604016e-01 9.466559e-01
      outer loop
         vertex 1.588626e+02 1.123789e+02 6.185750e+01
         vertex 1.550514e+02 1.101045e+02 6.259734e+01
         vertex 1.589415e+02 1.122299e+02 6.180894e+01
      endloop
   endfacet
   facet normal 2.794339e-01 -1.602884e-01 9.466912e-01
      outer loop
         vertex 1.589415e+02 1.122299e+02 6.180894e+01
         vertex 1.550514e+02 1.101045e+02 6.259734e+01
         vertex 1.551414e+02 1.099389e+02 6.254274e+01
      endloop
   endfacet
   facet normal 4.240173e-01 -4.519642e-01 7.848170e-01
      outer loop
         vertex 1.589415e+02 1.122299e+02 6.180894e+01
         vertex 1.551414e+02 1.099389e+02 6.254274e+01
         vertex 1.590007e+02 1.120910e+02 6.169700e+01
      endloop
   endfacet
   facet normal 4.323860e-01 -4.739385e-01 7.670884e-01
      outer loop
         vertex 1.590007e+02 1.120910e+02 6.169700e+01
         vertex 1.551414e+02 1.099389e+02 6.254274e+01
         vertex 1.552044e+02 1.097987e+02 6.242064e+01
      endloop
   endfacet
   facet normal 5.139922e-01 -6.906549e-01 5.087316e-01
      outer loop
         vertex 1.590007e+02 1.120910e+02 6.169700e+01
         vertex 1.552044e+02 1.097987e+02 6.242064e+01
         vertex 1.590254e+02 1.119928e+02 6.153868e+01
      endloop
   endfacet
   facet normal 5.186725e-01 -7.146549e-01 4.693051e-01
      outer loop
         vertex 1.590254e+02 1.119928e+02 6.153868e+01
         vertex 1.552044e+02 1.097987e+02 6.242064e+01
         vertex 1.552307e+02 1.097057e+02 6.224987e+01
      endloop
   endfacet
   facet normal 5.319892e-01 -8.288889e-01 1.730052e-01
      outer loop
         vertex 1.590254e+02 1.119928e+02 6.153868e+01
         vertex 1.552307e+02 1.097057e+02 6.224987e+01
         vertex 1.590143e+02 1.119502e+02 6.136877e+01
      endloop
   endfacet
   facet normal 5.296997e-01 -8.354401e-01 1.464856e-01
      outer loop
         vertex 1.590143e+02 1.119502e+02 6.136877e+01
         vertex 1.552307e+02 1.097057e+02 6.224987e+01
         vertex 1.552237e+02 1.096758e+02 6.210462e+01
      endloop
   endfacet
   facet normal 3.898318e-01 -9.208861e-01 -1.749638e-16
      outer loop
         vertex 1.590143e+02 1.119502e+02 6.136877e+01
         vertex 1.590143e+02 1.119502e+02 4.052804e+01
         vertex 1.591390e+02 1.120029e+02 6.131450e+01
      endloop
   endfacet
   facet normal 3.903448e-01 -9.206687e-01 -3.628647e-06
      outer loop
         vertex 1.591390e+02 1.120029e+02 6.131450e+01
         vertex 1.590143e+02 1.119502e+02 4.052804e+01
         vertex 1.591384e+02 1.120028e+02 4.058205e+01
      endloop
   endfacet
   facet normal 1.298491e-01 -9.915338e-01 4.549358e-06
      outer loop
         vertex 1.591390e+02 1.120029e+02 6.131450e+01
         vertex 1.591384e+02 1.120028e+02 4.058205e+01
         vertex 1.592721e+02 1.120204e+02 6.125577e+01
      endloop
   endfacet
   facet normal 1.314245e-01 -9.913262e-01 -5.816893e-06
      outer loop
         vertex 1.592721e+02 1.120204e+02 6.125577e+01
         vertex 1.591384e+02 1.120028e+02 4.058205e+01
         vertex 1.592713e+02 1.120204e+02 4.064068e+01
      endloop
   endfacet
   facet normal -1.318480e-01 -9.912700e-01 4.602102e-06
      outer loop
         vertex 1.592721e+02 1.120204e+02 6.125577e+01
         vertex 1.592713e+02 1.120204e+02 4.064068e+01
         vertex 1.594049e+02 1.120027e+02 6.119646e+01
      endloop
   endfacet
   facet normal -1.303338e-01 -9.914702e-01 -5.415727e-06
      outer loop
         vertex 1.592713e+02 1.120204e+02 4.064068e+01
         vertex 1.594043e+02 1.120029e+02 4.070007e+01
         vertex 1.594049e+02 1.120027e+02 6.119646e+01
      endloop
   endfacet
   facet normal -3.900046e-01 -9.208129e-01 3.085011e-06
      outer loop
         vertex 1.594049e+02 1.120027e+02 6.119646e+01
         vertex 1.594043e+02 1.120029e+02 4.070007e+01
         vertex 1.595288e+02 1.119502e+02 4.075637e+01
      endloop
   endfacet
   facet normal -3.904361e-01 -9.206300e-01 -5.045683e-17
      outer loop
         vertex 1.594049e+02 1.120027e+02 6.119646e+01
         vertex 1.595288e+02 1.119502e+02 4.075637e+01
         vertex 1.595288e+02 1.119502e+02 6.114044e+01
      endloop
   endfacet
   facet normal -1.473971e-01 -8.113434e-01 5.656819e-01
      outer loop
         vertex 1.644101e+02 1.092510e+02 4.909485e+01
         vertex 1.619101e+02 1.107510e+02 5.059485e+01
         vertex 1.617665e+02 1.106681e+02 5.043855e+01
      endloop
   endfacet
   facet normal -1.481921e-01 -8.118879e-01 5.646921e-01
      outer loop
         vertex 1.644101e+02 1.092510e+02 4.909485e+01
         vertex 1.617665e+02 1.106681e+02 5.043855e+01
         vertex 1.642657e+02 1.091678e+02 4.893745e+01
      endloop
   endfacet
   facet normal -4.116665e-01 -8.885240e-01 2.026226e-01
      outer loop
         vertex 1.642657e+02 1.091678e+02 4.893745e+01
         vertex 1.617665e+02 1.106681e+02 5.043855e+01
         vertex 1.616528e+02 1.106758e+02 5.024130e+01
      endloop
   endfacet
   facet normal -4.122864e-01 -8.885200e-01 2.013756e-01
      outer loop
         vertex 1.642657e+02 1.091678e+02 4.893745e+01
         vertex 1.616528e+02 1.106758e+02 5.024130e+01
         vertex 1.641528e+02 1.091758e+02 4.874130e+01
      endloop
   endfacet
   facet normal 6.659768e-16 -8.503311e-01 5.262481e-01
      outer loop
         vertex 1.695216e+02 1.092510e+02 4.909485e+01
         vertex 1.644101e+02 1.092510e+02 4.909485e+01
         vertex 1.644101e+02 1.091304e+02 4.889999e+01
      endloop
   endfacet
   facet normal -1.562822e-03 -8.314687e-01 5.555695e-01
      outer loop
         vertex 1.695216e+02 1.092510e+02 4.909485e+01
         vertex 1.644101e+02 1.091304e+02 4.889999e+01
         vertex 1.695216e+02 1.091426e+02 4.893264e+01
      endloop
   endfacet
   facet normal 1.330470e-03 -9.869890e-01 1.607822e-01
      outer loop
         vertex 1.695216e+02 1.091426e+02 4.893264e+01
         vertex 1.644101e+02 1.091304e+02 4.889999e+01
         vertex 1.644101e+02 1.091045e+02 4.874130e+01
      endloop
   endfacet
   facet normal 7.024392e-16 -9.807853e-01 1.950904e-01
      outer loop
         vertex 1.695216e+02 1.091426e+02 4.893264e+01
         vertex 1.644101e+02 1.091045e+02 4.874130e+01
         vertex 1.695216e+02 1.091045e+02 4.874130e+01
      endloop
   endfacet
   facet normal 2.588222e-01 -9.659250e-01 -1.595795e-16
      outer loop
         vertex 1.697716e+02 1.091715e+02 4.874130e+01
         vertex 1.695216e+02 1.091045e+02 4.874130e+01
         vertex 1.695216e+02 1.091045e+02 4.608422e+01
      endloop
   endfacet
   facet normal 7.959607e-01 -5.975296e-01 9.697895e-02
      outer loop
         vertex 1.698837e+02 1.092597e+02 4.598602e+01
         vertex 1.699451e+02 1.093388e+02 4.596893e+01
         vertex 1.699910e+02 1.094324e+02 4.616886e+01
      endloop
   endfacet
   facet normal 1.998729e-01 -9.798041e-01 5.896279e-03
      outer loop
         vertex 1.695216e+02 1.091045e+02 4.608422e+01
         vertex 1.697160e+02 1.091439e+02 4.603186e+01
         vertex 1.697716e+02 1.091715e+02 4.874130e+01
      endloop
   endfacet
   facet normal 5.678509e-01 -8.231250e-01 -3.252029e-03
      outer loop
         vertex 1.697716e+02 1.091715e+02 4.874130e+01
         vertex 1.697160e+02 1.091439e+02 4.603186e+01
         vertex 1.698837e+02 1.092597e+02 4.598602e+01
      endloop
   endfacet
   facet normal 6.087530e-01 -7.933595e-01 -6.344889e-04
      outer loop
         vertex 1.697716e+02 1.091715e+02 4.874130e+01
         vertex 1.698837e+02 1.092597e+02 4.598602e+01
         vertex 1.698751e+02 1.092510e+02 4.874130e+01
      endloop
   endfacet
   facet normal 8.488171e-01 -5.286857e-01 9.540661e-04
      outer loop
         vertex 1.698751e+02 1.092510e+02 4.874130e+01
         vertex 1.698837e+02 1.092597e+02 4.598602e+01
         vertex 1.699910e+02 1.094324e+02 4.616886e+01
      endloop
   endfacet
   facet normal 7.933287e-01 -6.087511e-01 -7.191562e-03
      outer loop
         vertex 1.698751e+02 1.092510e+02 4.874130e+01
         vertex 1.699910e+02 1.094324e+02 4.616886e+01
         vertex 1.699546e+02 1.093545e+02 4.874130e+01
      endloop
   endfacet
   facet normal 9.619638e-01 -2.731246e-01 5.353021e-03
      outer loop
         vertex 1.699546e+02 1.093545e+02 4.874130e+01
         vertex 1.699910e+02 1.094324e+02 4.616886e+01
         vertex 1.700134e+02 1.095146e+02 4.633671e+01
      endloop
   endfacet
   facet normal 9.659052e-01 -2.588169e-01 6.402256e-03
      outer loop
         vertex 1.699546e+02 1.093545e+02 4.874130e+01
         vertex 1.700134e+02 1.095146e+02 4.633671e+01
         vertex 1.700216e+02 1.096045e+02 4.874130e+01
      endloop
   endfacet
   facet normal 9.959199e-01 -9.024141e-02 -1.699296e-16
      outer loop
         vertex 1.700216e+02 1.096045e+02 4.874130e+01
         vertex 1.700134e+02 1.095146e+02 4.633671e+01
         vertex 1.700216e+02 1.096045e+02 4.651659e+01
      endloop
   endfacet
   facet normal 3.899478e-01 -9.088103e-01 1.483392e-01
      outer loop
         vertex 1.550999e+02 1.096227e+02 6.210462e+01
         vertex 1.552237e+02 1.096758e+02 6.210462e+01
         vertex 1.551188e+02 1.096576e+02 6.226917e+01
      endloop
   endfacet
   facet normal 4.131770e-01 -8.956541e-01 1.645860e-01
      outer loop
         vertex 1.551188e+02 1.096576e+02 6.226917e+01
         vertex 1.552237e+02 1.096758e+02 6.210462e+01
         vertex 1.552307e+02 1.097057e+02 6.224987e+01
      endloop
   endfacet
   facet normal 4.145840e-01 -7.707549e-01 4.837943e-01
      outer loop
         vertex 1.551188e+02 1.096576e+02 6.226917e+01
         vertex 1.552307e+02 1.097057e+02 6.224987e+01
         vertex 1.551186e+02 1.097619e+02 6.243545e+01
      endloop
   endfacet
   facet normal 4.145938e-01 -7.707474e-01 4.837979e-01
      outer loop
         vertex 1.551186e+02 1.097619e+02 6.243545e+01
         vertex 1.552307e+02 1.097057e+02 6.224987e+01
         vertex 1.552044e+02 1.097987e+02 6.242064e+01
      endloop
   endfacet
   facet normal 3.565151e-01 -5.174692e-01 7.778962e-01
      outer loop
         vertex 1.551186e+02 1.097619e+02 6.243545e+01
         vertex 1.552044e+02 1.097987e+02 6.242064e+01
         vertex 1.550949e+02 1.099189e+02 6.255076e+01
      endloop
   endfacet
   facet normal 3.565037e-01 -5.174786e-01 7.778953e-01
      outer loop
         vertex 1.550949e+02 1.099189e+02 6.255076e+01
         vertex 1.552044e+02 1.097987e+02 6.242064e+01
         vertex 1.551414e+02 1.099389e+02 6.254274e+01
      endloop
   endfacet
   facet normal 2.426746e-01 -1.822771e-01 9.528295e-01
      outer loop
         vertex 1.550949e+02 1.099189e+02 6.255076e+01
         vertex 1.551414e+02 1.099389e+02 6.254274e+01
         vertex 1.550514e+02 1.101045e+02 6.259734e+01
      endloop
   endfacet
   facet normal 1.327215e-01 -9.763700e-01 1.705483e-01
      outer loop
         vertex 1.549664e+02 1.096045e+02 6.210462e+01
         vertex 1.550999e+02 1.096227e+02 6.210462e+01
         vertex 1.549984e+02 1.096412e+02 6.228995e+01
      endloop
   endfacet
   facet normal 1.642506e-01 -9.685257e-01 1.870285e-01
      outer loop
         vertex 1.549984e+02 1.096412e+02 6.228995e+01
         vertex 1.550999e+02 1.096227e+02 6.210462e+01
         vertex 1.551188e+02 1.096576e+02 6.226917e+01
      endloop
   endfacet
   facet normal 1.921510e-01 -8.919613e-01 4.092469e-01
      outer loop
         vertex 1.549984e+02 1.096412e+02 6.228995e+01
         vertex 1.551188e+02 1.096576e+02 6.226917e+01
         vertex 1.550089e+02 1.096715e+02 6.235098e+01
      endloop
   endfacet
   facet normal 2.774262e-01 -8.138336e-01 5.105973e-01
      outer loop
         vertex 1.550089e+02 1.096715e+02 6.235098e+01
         vertex 1.551188e+02 1.096576e+02 6.226917e+01
         vertex 1.551186e+02 1.097619e+02 6.243545e+01
      endloop
   endfacet
   facet normal 2.071612e-01 -7.902964e-01 5.766419e-01
      outer loop
         vertex 1.550089e+02 1.096715e+02 6.235098e+01
         vertex 1.551186e+02 1.097619e+02 6.243545e+01
         vertex 1.550262e+02 1.097493e+02 6.245138e+01
      endloop
   endfacet
   facet normal 2.143076e-01 -5.569416e-01 8.024265e-01
      outer loop
         vertex 1.550262e+02 1.097493e+02 6.245138e+01
         vertex 1.551186e+02 1.097619e+02 6.243545e+01
         vertex 1.550949e+02 1.099189e+02 6.255076e+01
      endloop
   endfacet
   facet normal 4.368664e-01 -5.798246e-01 6.877145e-01
      outer loop
         vertex 1.550262e+02 1.097493e+02 6.245138e+01
         vertex 1.550949e+02 1.099189e+02 6.255076e+01
         vertex 1.550400e+02 1.098545e+02 6.253132e+01
      endloop
   endfacet
   facet normal -4.520122e-02 -2.531156e-01 9.663795e-01
      outer loop
         vertex 1.550400e+02 1.098545e+02 6.253132e+01
         vertex 1.550949e+02 1.099189e+02 6.255076e+01
         vertex 1.550514e+02 1.101045e+02 6.259734e+01
      endloop
   endfacet
   facet normal 4.386277e-01 -8.871244e-01 -1.435828e-01
      outer loop
         vertex 1.591384e+02 1.120028e+02 4.058205e+01
         vertex 1.590143e+02 1.119502e+02 4.052804e+01
         vertex 1.591645e+02 1.120439e+02 4.040755e+01
      endloop
   endfacet
   facet normal 3.996776e-01 -8.949641e-01 -1.982348e-01
      outer loop
         vertex 1.591645e+02 1.120439e+02 4.040755e+01
         vertex 1.590143e+02 1.119502e+02 4.052804e+01
         vertex 1.590254e+02 1.119928e+02 4.035813e+01
      endloop
   endfacet
   facet normal 4.489462e-01 -7.476653e-01 -4.893301e-01
      outer loop
         vertex 1.591645e+02 1.120439e+02 4.040755e+01
         vertex 1.590254e+02 1.119928e+02 4.035813e+01
         vertex 1.591695e+02 1.121527e+02 4.024591e+01
      endloop
   endfacet
   facet normal 4.151527e-01 -7.426164e-01 -5.255180e-01
      outer loop
         vertex 1.591695e+02 1.121527e+02 4.024591e+01
         vertex 1.590254e+02 1.119928e+02 4.035813e+01
         vertex 1.590007e+02 1.120910e+02 4.019981e+01
      endloop
   endfacet
   facet normal 3.920155e-01 -4.909083e-01 -7.780314e-01
      outer loop
         vertex 1.591695e+02 1.121527e+02 4.024591e+01
         vertex 1.590007e+02 1.120910e+02 4.019981e+01
         vertex 1.591498e+02 1.123121e+02 4.013546e+01
      endloop
   endfacet
   facet normal 3.714211e-01 -4.816027e-01 -7.937917e-01
      outer loop
         vertex 1.591498e+02 1.123121e+02 4.013546e+01
         vertex 1.590007e+02 1.120910e+02 4.019981e+01
         vertex 1.589415e+02 1.122299e+02 4.008787e+01
      endloop
   endfacet
   facet normal 2.820619e-01 -1.678585e-01 -9.445976e-01
      outer loop
         vertex 1.591498e+02 1.123121e+02 4.013546e+01
         vertex 1.589415e+02 1.122299e+02 4.008787e+01
         vertex 1.591121e+02 1.124841e+02 4.009360e+01
      endloop
   endfacet
   facet normal 2.750022e-01 -1.630580e-01 -9.475156e-01
      outer loop
         vertex 1.591121e+02 1.124841e+02 4.009360e+01
         vertex 1.589415e+02 1.122299e+02 4.008787e+01
         vertex 1.588626e+02 1.123789e+02 4.003930e+01
      endloop
   endfacet
   facet normal 1.928619e-01 -9.703673e-01 -1.455734e-01
      outer loop
         vertex 1.592713e+02 1.120204e+02 4.064068e+01
         vertex 1.591384e+02 1.120028e+02 4.058205e+01
         vertex 1.593101e+02 1.120551e+02 4.046077e+01
      endloop
   endfacet
   facet normal 1.493484e-01 -9.671361e-01 -2.057738e-01
      outer loop
         vertex 1.593101e+02 1.120551e+02 4.046077e+01
         vertex 1.591384e+02 1.120028e+02 4.058205e+01
         vertex 1.591645e+02 1.120439e+02 4.040755e+01
      endloop
   endfacet
   facet normal 2.469385e-01 -8.290711e-01 -5.016598e-01
      outer loop
         vertex 1.593101e+02 1.120551e+02 4.046077e+01
         vertex 1.591645e+02 1.120439e+02 4.040755e+01
         vertex 1.593463e+02 1.121661e+02 4.029518e+01
      endloop
   endfacet
   facet normal 2.122265e-01 -8.137199e-01 -5.411282e-01
      outer loop
         vertex 1.593463e+02 1.121661e+02 4.029518e+01
         vertex 1.591645e+02 1.120439e+02 4.040755e+01
         vertex 1.591695e+02 1.121527e+02 4.024591e+01
      endloop
   endfacet
   facet normal 2.627469e-01 -5.475844e-01 -7.944277e-01
      outer loop
         vertex 1.593463e+02 1.121661e+02 4.029518e+01
         vertex 1.591695e+02 1.121527e+02 4.024591e+01
         vertex 1.593707e+02 1.123354e+02 4.018657e+01
      endloop
   endfacet
   facet normal 2.437424e-01 -5.319991e-01 -8.109048e-01
      outer loop
         vertex 1.593707e+02 1.123354e+02 4.018657e+01
         vertex 1.591695e+02 1.121527e+02 4.024591e+01
         vertex 1.591498e+02 1.123121e+02 4.013546e+01
      endloop
   endfacet
   facet normal 2.401460e-01 -1.873072e-01 -9.524946e-01
      outer loop
         vertex 1.593707e+02 1.123354e+02 4.018657e+01
         vertex 1.591498e+02 1.123121e+02 4.013546e+01
         vertex 1.593793e+02 1.125193e+02 4.015255e+01
      endloop
   endfacet
   facet normal 2.345226e-01 -1.808646e-01 -9.551373e-01
      outer loop
         vertex 1.593793e+02 1.125193e+02 4.015255e+01
         vertex 1.591498e+02 1.123121e+02 4.013546e+01
         vertex 1.591121e+02 1.124841e+02 4.009360e+01
      endloop
   endfacet
   facet normal -6.259098e-02 -9.866514e-01 -1.503375e-01
      outer loop
         vertex 1.594043e+02 1.120029e+02 4.070007e+01
         vertex 1.592713e+02 1.120204e+02 4.064068e+01
         vertex 1.594525e+02 1.120281e+02 4.051430e+01
      endloop
   endfacet
   facet normal -1.048841e-01 -9.720429e-01 -2.100761e-01
      outer loop
         vertex 1.594525e+02 1.120281e+02 4.051430e+01
         vertex 1.592713e+02 1.120204e+02 4.064068e+01
         vertex 1.593101e+02 1.120551e+02 4.046077e+01
      endloop
   endfacet
   facet normal 3.246657e-02 -8.554929e-01 -5.167957e-01
      outer loop
         vertex 1.594525e+02 1.120281e+02 4.051430e+01
         vertex 1.593101e+02 1.120551e+02 4.046077e+01
         vertex 1.595194e+02 1.121333e+02 4.034441e+01
      endloop
   endfacet
   facet normal 1.110120e-03 -8.307770e-01 -5.566043e-01
      outer loop
         vertex 1.595194e+02 1.121333e+02 4.034441e+01
         vertex 1.593101e+02 1.120551e+02 4.046077e+01
         vertex 1.593463e+02 1.121661e+02 4.029518e+01
      endloop
   endfacet
   facet normal 1.236491e-01 -5.686969e-01 -8.132003e-01
      outer loop
         vertex 1.595194e+02 1.121333e+02 4.034441e+01
         vertex 1.593463e+02 1.121661e+02 4.029518e+01
         vertex 1.595899e+02 1.123010e+02 4.023785e+01
      endloop
   endfacet
   facet normal 1.082350e-01 -5.478216e-01 -8.295641e-01
      outer loop
         vertex 1.595899e+02 1.123010e+02 4.023785e+01
         vertex 1.593463e+02 1.121661e+02 4.029518e+01
         vertex 1.593707e+02 1.123354e+02 4.018657e+01
      endloop
   endfacet
   facet normal 1.944727e-01 -1.945652e-01 -9.614181e-01
      outer loop
         vertex 1.595899e+02 1.123010e+02 4.023785e+01
         vertex 1.593707e+02 1.123354e+02 4.018657e+01
         vertex 1.596468e+02 1.124844e+02 4.021226e+01
      endloop
   endfacet
   facet normal 1.906369e-01 -1.870693e-01 -9.636714e-01
      outer loop
         vertex 1.596468e+02 1.124844e+02 4.021226e+01
         vertex 1.593707e+02 1.123354e+02 4.018657e+01
         vertex 1.593793e+02 1.125193e+02 4.015255e+01
      endloop
   endfacet
   facet normal -3.224540e-01 -9.328548e-01 -1.606405e-01
      outer loop
         vertex 1.595288e+02 1.119502e+02 4.075637e+01
         vertex 1.594043e+02 1.120029e+02 4.070007e+01
         vertex 1.595815e+02 1.119650e+02 4.056447e+01
      endloop
   endfacet
   facet normal -3.598875e-01 -9.074997e-01 -2.166225e-01
      outer loop
         vertex 1.595815e+02 1.119650e+02 4.056447e+01
         vertex 1.594043e+02 1.120029e+02 4.070007e+01
         vertex 1.594525e+02 1.120281e+02 4.051430e+01
      endloop
   endfacet
   facet normal -1.930373e-01 -8.211917e-01 -5.370109e-01
      outer loop
         vertex 1.595815e+02 1.119650e+02 4.056447e+01
         vertex 1.594525e+02 1.120281e+02 4.051430e+01
         vertex 1.596762e+02 1.120568e+02 4.039008e+01
      endloop
   endfacet
   facet normal -2.178846e-01 -7.890650e-01 -5.743716e-01
      outer loop
         vertex 1.596762e+02 1.120568e+02 4.039008e+01
         vertex 1.594525e+02 1.120281e+02 4.051430e+01
         vertex 1.595194e+02 1.121333e+02 4.034441e+01
      endloop
   endfacet
   facet normal -2.489941e-02 -5.493571e-01 -8.352166e-01
      outer loop
         vertex 1.596762e+02 1.120568e+02 4.039008e+01
         vertex 1.595194e+02 1.121333e+02 4.034441e+01
         vertex 1.597920e+02 1.122101e+02 4.028575e+01
      endloop
   endfacet
   facet normal -3.480330e-02 -5.255432e-01 -8.500548e-01
      outer loop
         vertex 1.597920e+02 1.122101e+02 4.028575e+01
         vertex 1.595194e+02 1.121333e+02 4.034441e+01
         vertex 1.595899e+02 1.123010e+02 4.023785e+01
      endloop
   endfacet
   facet normal 1.456891e-01 -1.879070e-01 -9.713216e-01
      outer loop
         vertex 1.597920e+02 1.122101e+02 4.028575e+01
         vertex 1.595899e+02 1.123010e+02 4.023785e+01
         vertex 1.598972e+02 1.123789e+02 4.026887e+01
      endloop
   endfacet
   facet normal 1.439785e-01 -1.805007e-01 -9.729798e-01
      outer loop
         vertex 1.598972e+02 1.123789e+02 4.026887e+01
         vertex 1.595899e+02 1.123010e+02 4.023785e+01
         vertex 1.596468e+02 1.124844e+02 4.021226e+01
      endloop
   endfacet
   facet normal -1.171039e-01 -8.297946e-01 5.456442e-01
      outer loop
         vertex 1.644101e+02 1.092510e+02 4.909485e+01
         vertex 1.642657e+02 1.091678e+02 4.893745e+01
         vertex 1.643332e+02 1.091400e+02 4.890965e+01
      endloop
   endfacet
   facet normal -1.032892e-01 -9.817108e-01 1.599223e-01
      outer loop
         vertex 1.644101e+02 1.091045e+02 4.874130e+01
         vertex 1.644101e+02 1.091304e+02 4.889999e+01
         vertex 1.643332e+02 1.091400e+02 4.890965e+01
      endloop
   endfacet
   facet normal -1.332493e-01 -9.802785e-01 1.459407e-01
      outer loop
         vertex 1.644101e+02 1.091045e+02 4.874130e+01
         vertex 1.643332e+02 1.091400e+02 4.890965e+01
         vertex 1.642766e+02 1.091227e+02 4.874130e+01
      endloop
   endfacet
   facet normal -3.026487e-01 -9.323201e-01 1.979469e-01
      outer loop
         vertex 1.642766e+02 1.091227e+02 4.874130e+01
         vertex 1.643332e+02 1.091400e+02 4.890965e+01
         vertex 1.642657e+02 1.091678e+02 4.893745e+01
      endloop
   endfacet
   facet normal -3.874041e-01 -9.028547e-01 1.864711e-01
      outer loop
         vertex 1.642766e+02 1.091227e+02 4.874130e+01
         vertex 1.642657e+02 1.091678e+02 4.893745e+01
         vertex 1.641528e+02 1.091758e+02 4.874130e+01
      endloop
   endfacet
   facet normal -4.069996e-02 -8.496265e-01 5.258120e-01
      outer loop
         vertex 1.644101e+02 1.091304e+02 4.889999e+01
         vertex 1.644101e+02 1.092510e+02 4.909485e+01
         vertex 1.643332e+02 1.091400e+02 4.890965e+01
      endloop
   endfacet
   facet normal 3.000144e-01 -5.733086e-01 -7.624360e-01
      outer loop
         vertex 1.654068e+02 1.092510e+02 4.196360e+01
         vertex 1.645235e+02 1.092510e+02 4.161604e+01
         vertex 1.645555e+02 1.093930e+02 4.152180e+01
      endloop
   endfacet
   facet normal 1.107528e-01 -9.531598e-01 -2.814610e-01
      outer loop
         vertex 1.644514e+02 1.091214e+02 4.182894e+01
         vertex 1.644656e+02 1.091354e+02 4.178699e+01
         vertex 1.653327e+02 1.091354e+02 4.212818e+01
      endloop
   endfacet
   facet normal 1.837938e-01 -8.649006e-01 -4.670833e-01
      outer loop
         vertex 1.653327e+02 1.091354e+02 4.212818e+01
         vertex 1.644656e+02 1.091354e+02 4.178699e+01
         vertex 1.645131e+02 1.092212e+02 4.164682e+01
      endloop
   endfacet
   facet normal 4.760975e-02 -9.915110e-01 -1.209927e-01
      outer loop
         vertex 1.652616e+02 1.091045e+02 4.228598e+01
         vertex 1.644101e+02 1.091045e+02 4.195090e+01
         vertex 1.644514e+02 1.091214e+02 4.182894e+01
      endloop
   endfacet
   facet normal 7.038341e-02 -9.844245e-01 -1.611042e-01
      outer loop
         vertex 1.644514e+02 1.091214e+02 4.182894e+01
         vertex 1.653327e+02 1.091354e+02 4.212818e+01
         vertex 1.652616e+02 1.091045e+02 4.228598e+01
      endloop
   endfacet
   facet normal 8.280554e-02 -9.843594e-01 -1.554985e-01
      outer loop
         vertex 1.652616e+02 1.091045e+02 4.228598e+01
         vertex 1.653327e+02 1.091354e+02 4.212818e+01
         vertex 1.664632e+02 1.091354e+02 4.273018e+01
      endloop
   endfacet
   facet normal 8.280639e-02 -9.843590e-01 -1.555008e-01
      outer loop
         vertex 1.652616e+02 1.091045e+02 4.228598e+01
         vertex 1.664632e+02 1.091354e+02 4.273018e+01
         vertex 1.663719e+02 1.091045e+02 4.287721e+01
      endloop
   endfacet
   facet normal 1.026250e-01 -9.843589e-01 -1.431983e-01
      outer loop
         vertex 1.663719e+02 1.091045e+02 4.287721e+01
         vertex 1.664632e+02 1.091354e+02 4.273018e+01
         vertex 1.675042e+02 1.091354e+02 4.347626e+01
      endloop
   endfacet
   facet normal 1.026243e-01 -9.843591e-01 -1.431971e-01
      outer loop
         vertex 1.663719e+02 1.091045e+02 4.287721e+01
         vertex 1.675042e+02 1.091354e+02 4.347626e+01
         vertex 1.673943e+02 1.091045e+02 4.360994e+01
      endloop
   endfacet
   facet normal 1.206433e-01 -9.843590e-01 -1.283842e-01
      outer loop
         vertex 1.673943e+02 1.091045e+02 4.360994e+01
         vertex 1.675042e+02 1.091354e+02 4.347626e+01
         vertex 1.684375e+02 1.091354e+02 4.435333e+01
      endloop
   endfacet
   facet normal 1.206410e-01 -9.843597e-01 -1.283809e-01
      outer loop
         vertex 1.673943e+02 1.091045e+02 4.360994e+01
         vertex 1.684375e+02 1.091354e+02 4.435333e+01
         vertex 1.683109e+02 1.091045e+02 4.447132e+01
      endloop
   endfacet
   facet normal 1.365449e-01 -9.843598e-01 -1.113165e-01
      outer loop
         vertex 1.683109e+02 1.091045e+02 4.447132e+01
         vertex 1.684375e+02 1.091354e+02 4.435333e+01
         vertex 1.692468e+02 1.091354e+02 4.534602e+01
      endloop
   endfacet
   facet normal 1.365462e-01 -9.843594e-01 -1.113179e-01
      outer loop
         vertex 1.683109e+02 1.091045e+02 4.447132e+01
         vertex 1.692468e+02 1.091354e+02 4.534602e+01
         vertex 1.691057e+02 1.091045e+02 4.544625e+01
      endloop
   endfacet
   facet normal 4.825170e-01 -8.200564e-01 -3.077091e-01
      outer loop
         vertex 1.693940e+02 1.092510e+02 4.524149e+01
         vertex 1.698837e+02 1.092597e+02 4.598602e+01
         vertex 1.697160e+02 1.091439e+02 4.603186e+01
      endloop
   endfacet
   facet normal 7.994441e-01 -2.421803e-01 -5.497616e-01
      outer loop
         vertex 1.695134e+02 1.096045e+02 4.515667e+01
         vertex 1.696866e+02 1.096045e+02 4.540863e+01
         vertex 1.698658e+02 1.094370e+02 4.574297e+01
      endloop
   endfacet
   facet normal 6.370958e-01 -5.997084e-01 -4.842095e-01
      outer loop
         vertex 1.699451e+02 1.093388e+02 4.596893e+01
         vertex 1.698837e+02 1.092597e+02 4.598602e+01
         vertex 1.698658e+02 1.094370e+02 4.574297e+01
      endloop
   endfacet
   facet normal 6.949883e-01 -5.556478e-01 -4.563407e-01
      outer loop
         vertex 1.698658e+02 1.094370e+02 4.574297e+01
         vertex 1.698837e+02 1.092597e+02 4.598602e+01
         vertex 1.694882e+02 1.094315e+02 4.517457e+01
      endloop
   endfacet
   facet normal 8.207553e-01 -1.757260e-01 -5.435817e-01
      outer loop
         vertex 1.698658e+02 1.094370e+02 4.574297e+01
         vertex 1.694882e+02 1.094315e+02 4.517457e+01
         vertex 1.695134e+02 1.096045e+02 4.515667e+01
      endloop
   endfacet
   facet normal 7.630508e-01 -1.754422e-01 -6.220719e-01
      outer loop
         vertex 1.695134e+02 1.096045e+02 4.515667e+01
         vertex 1.694882e+02 1.094315e+02 4.517457e+01
         vertex 1.686541e+02 1.094315e+02 4.415149e+01
      endloop
   endfacet
   facet normal 7.630508e-01 -1.754434e-01 -6.220716e-01
      outer loop
         vertex 1.695134e+02 1.096045e+02 4.515667e+01
         vertex 1.686541e+02 1.094315e+02 4.415149e+01
         vertex 1.686767e+02 1.096045e+02 4.413042e+01
      endloop
   endfacet
   facet normal 6.741772e-01 -1.754412e-01 -7.174297e-01
      outer loop
         vertex 1.686767e+02 1.096045e+02 4.413042e+01
         vertex 1.686541e+02 1.094315e+02 4.415149e+01
         vertex 1.676922e+02 1.094315e+02 4.324758e+01
      endloop
   endfacet
   facet normal 6.741778e-01 -1.754184e-01 -7.174348e-01
      outer loop
         vertex 1.686767e+02 1.096045e+02 4.413042e+01
         vertex 1.676922e+02 1.094315e+02 4.324758e+01
         vertex 1.677118e+02 1.096045e+02 4.322370e+01
      endloop
   endfacet
   facet normal 6.015866e-01 -1.757126e-01 -7.792424e-01
      outer loop
         vertex 1.677118e+02 1.096045e+02 4.322370e+01
         vertex 1.676922e+02 1.094315e+02 4.324758e+01
         vertex 1.672270e+02 1.096045e+02 4.284941e+01
      endloop
   endfacet
   facet normal 5.572987e-01 -2.910526e-01 -7.776288e-01
      outer loop
         vertex 1.672270e+02 1.096045e+02 4.284941e+01
         vertex 1.676922e+02 1.094315e+02 4.324758e+01
         vertex 1.666193e+02 1.094315e+02 4.247867e+01
      endloop
   endfacet
   facet normal 5.486856e-01 -1.756966e-01 -8.173584e-01
      outer loop
         vertex 1.672270e+02 1.096045e+02 4.284941e+01
         vertex 1.666193e+02 1.094315e+02 4.247867e+01
         vertex 1.666356e+02 1.096045e+02 4.245241e+01
      endloop
   endfacet
   facet normal 4.736895e-01 -1.755594e-01 -8.630163e-01
      outer loop
         vertex 1.666356e+02 1.096045e+02 4.245241e+01
         vertex 1.666193e+02 1.094315e+02 4.247867e+01
         vertex 1.656965e+02 1.096045e+02 4.193695e+01
      endloop
   endfacet
   facet normal 4.552803e-01 -2.485139e-01 -8.549624e-01
      outer loop
         vertex 1.656965e+02 1.096045e+02 4.193695e+01
         vertex 1.666193e+02 1.094315e+02 4.247867e+01
         vertex 1.654542e+02 1.094315e+02 4.185825e+01
      endloop
   endfacet
   facet normal 4.155022e-01 -1.757849e-01 -8.924447e-01
      outer loop
         vertex 1.656965e+02 1.096045e+02 4.193695e+01
         vertex 1.654542e+02 1.094315e+02 4.185825e+01
         vertex 1.654669e+02 1.096045e+02 4.183007e+01
      endloop
   endfacet
   facet normal 3.604741e-01 -1.756008e-01 -9.160910e-01
      outer loop
         vertex 1.654669e+02 1.096045e+02 4.183007e+01
         vertex 1.654542e+02 1.094315e+02 4.185825e+01
         vertex 1.645606e+02 1.094315e+02 4.150661e+01
      endloop
   endfacet
   facet normal 3.604735e-01 -1.755959e-01 -9.160922e-01
      outer loop
         vertex 1.654669e+02 1.096045e+02 4.183007e+01
         vertex 1.645606e+02 1.094315e+02 4.150661e+01
         vertex 1.645705e+02 1.096045e+02 4.147734e+01
      endloop
   endfacet
   facet normal 7.067354e-01 -5.387970e-01 -4.585006e-01
      outer loop
         vertex 1.698837e+02 1.092597e+02 4.598602e+01
         vertex 1.693940e+02 1.092510e+02 4.524149e+01
         vertex 1.694882e+02 1.094315e+02 4.517457e+01
      endloop
   endfacet
   facet normal 6.531971e-01 -5.382983e-01 -5.325116e-01
      outer loop
         vertex 1.694882e+02 1.094315e+02 4.517457e+01
         vertex 1.693940e+02 1.092510e+02 4.524149e+01
         vertex 1.685696e+02 1.092510e+02 4.423027e+01
      endloop
   endfacet
   facet normal 6.532013e-01 -5.382869e-01 -5.325179e-01
      outer loop
         vertex 1.694882e+02 1.094315e+02 4.517457e+01
         vertex 1.685696e+02 1.092510e+02 4.423027e+01
         vertex 1.686541e+02 1.094315e+02 4.415149e+01
      endloop
   endfacet
   facet normal 5.771204e-01 -5.382881e-01 -6.141481e-01
      outer loop
         vertex 1.686541e+02 1.094315e+02 4.415149e+01
         vertex 1.685696e+02 1.092510e+02 4.423027e+01
         vertex 1.676188e+02 1.092510e+02 4.333683e+01
      endloop
   endfacet
   facet normal 5.771184e-01 -5.382950e-01 -6.141440e-01
      outer loop
         vertex 1.686541e+02 1.094315e+02 4.415149e+01
         vertex 1.676188e+02 1.092510e+02 4.333683e+01
         vertex 1.676922e+02 1.094315e+02 4.324758e+01
      endloop
   endfacet
   facet normal 4.909205e-01 -5.382957e-01 -6.850071e-01
      outer loop
         vertex 1.676922e+02 1.094315e+02 4.324758e+01
         vertex 1.676188e+02 1.092510e+02 4.333683e+01
         vertex 1.665584e+02 1.092510e+02 4.257683e+01
      endloop
   endfacet
   facet normal 4.909210e-01 -5.382935e-01 -6.850085e-01
      outer loop
         vertex 1.676922e+02 1.094315e+02 4.324758e+01
         vertex 1.665584e+02 1.092510e+02 4.257683e+01
         vertex 1.666193e+02 1.094315e+02 4.247867e+01
      endloop
   endfacet
   facet normal 3.961168e-01 -5.382941e-01 -7.438622e-01
      outer loop
         vertex 1.666193e+02 1.094315e+02 4.247867e+01
         vertex 1.665584e+02 1.092510e+02 4.257683e+01
         vertex 1.654068e+02 1.092510e+02 4.196360e+01
      endloop
   endfacet
   facet normal 3.961162e-01 -5.382987e-01 -7.438592e-01
      outer loop
         vertex 1.666193e+02 1.094315e+02 4.247867e+01
         vertex 1.654068e+02 1.092510e+02 4.196360e+01
         vertex 1.654542e+02 1.094315e+02 4.185825e+01
      endloop
   endfacet
   facet normal 3.154565e-01 -5.388436e-01 -7.811112e-01
      outer loop
         vertex 1.654542e+02 1.094315e+02 4.185825e+01
         vertex 1.654068e+02 1.092510e+02 4.196360e+01
         vertex 1.645555e+02 1.093930e+02 4.152180e+01
      endloop
   endfacet
   facet normal 3.380187e-01 -3.844747e-01 -8.590242e-01
      outer loop
         vertex 1.654542e+02 1.094315e+02 4.185825e+01
         vertex 1.645555e+02 1.093930e+02 4.152180e+01
         vertex 1.645606e+02 1.094315e+02 4.150661e+01
      endloop
   endfacet
   facet normal 1.686257e-01 -9.795334e-01 -1.099072e-01
      outer loop
         vertex 1.695216e+02 1.091045e+02 4.608422e+01
         vertex 1.691057e+02 1.091045e+02 4.544625e+01
         vertex 1.697160e+02 1.091439e+02 4.603186e+01
      endloop
   endfacet
   facet normal 1.508983e-01 -9.843416e-01 -9.111146e-02
      outer loop
         vertex 1.697160e+02 1.091439e+02 4.603186e+01
         vertex 1.691057e+02 1.091045e+02 4.544625e+01
         vertex 1.692468e+02 1.091354e+02 4.534602e+01
      endloop
   endfacet
   facet normal 4.499361e-01 -8.420802e-01 -2.974197e-01
      outer loop
         vertex 1.697160e+02 1.091439e+02 4.603186e+01
         vertex 1.692468e+02 1.091354e+02 4.534602e+01
         vertex 1.693940e+02 1.092510e+02 4.524149e+01
      endloop
   endfacet
   facet normal 4.185219e-01 -8.416802e-01 -3.411947e-01
      outer loop
         vertex 1.693940e+02 1.092510e+02 4.524149e+01
         vertex 1.692468e+02 1.091354e+02 4.534602e+01
         vertex 1.684375e+02 1.091354e+02 4.435333e+01
      endloop
   endfacet
   facet normal 4.185232e-01 -8.416789e-01 -3.411963e-01
      outer loop
         vertex 1.693940e+02 1.092510e+02 4.524149e+01
         vertex 1.684375e+02 1.091354e+02 4.435333e+01
         vertex 1.685696e+02 1.092510e+02 4.423027e+01
      endloop
   endfacet
   facet normal 3.697749e-01 -8.416790e-01 -3.935010e-01
      outer loop
         vertex 1.685696e+02 1.092510e+02 4.423027e+01
         vertex 1.684375e+02 1.091354e+02 4.435333e+01
         vertex 1.675042e+02 1.091354e+02 4.347626e+01
      endloop
   endfacet
   facet normal 3.697720e-01 -8.416824e-01 -3.934963e-01
      outer loop
         vertex 1.685696e+02 1.092510e+02 4.423027e+01
         vertex 1.675042e+02 1.091354e+02 4.347626e+01
         vertex 1.676188e+02 1.092510e+02 4.333683e+01
      endloop
   endfacet
   facet normal 3.145440e-01 -8.416819e-01 -4.389006e-01
      outer loop
         vertex 1.676188e+02 1.092510e+02 4.333683e+01
         vertex 1.675042e+02 1.091354e+02 4.347626e+01
         vertex 1.664632e+02 1.091354e+02 4.273018e+01
      endloop
   endfacet
   facet normal 3.145428e-01 -8.416837e-01 -4.388980e-01
      outer loop
         vertex 1.676188e+02 1.092510e+02 4.333683e+01
         vertex 1.664632e+02 1.091354e+02 4.273018e+01
         vertex 1.665584e+02 1.092510e+02 4.257683e+01
      endloop
   endfacet
   facet normal 2.538014e-01 -8.416829e-01 -4.766075e-01
      outer loop
         vertex 1.665584e+02 1.092510e+02 4.257683e+01
         vertex 1.664632e+02 1.091354e+02 4.273018e+01
         vertex 1.653327e+02 1.091354e+02 4.212818e+01
      endloop
   endfacet
   facet normal 2.538033e-01 -8.416788e-01 -4.766137e-01
      outer loop
         vertex 1.665584e+02 1.092510e+02 4.257683e+01
         vertex 1.653327e+02 1.091354e+02 4.212818e+01
         vertex 1.654068e+02 1.092510e+02 4.196360e+01
      endloop
   endfacet
   facet normal 2.048824e-01 -8.420805e-01 -4.989225e-01
      outer loop
         vertex 1.654068e+02 1.092510e+02 4.196360e+01
         vertex 1.653327e+02 1.091354e+02 4.212818e+01
         vertex 1.645131e+02 1.092212e+02 4.164682e+01
      endloop
   endfacet
   facet normal 2.474101e-01 -7.371975e-01 -6.287512e-01
      outer loop
         vertex 1.654068e+02 1.092510e+02 4.196360e+01
         vertex 1.645131e+02 1.092212e+02 4.164682e+01
         vertex 1.645235e+02 1.092510e+02 4.161604e+01
      endloop
   endfacet
   facet normal 9.597059e-02 -2.588121e-01 9.611482e-01
      outer loop
         vertex 1.489830e+02 1.098545e+02 6.337164e+01
         vertex 1.489901e+02 1.101045e+02 6.343826e+01
         vertex 1.479983e+02 1.101045e+02 6.353729e+01
      endloop
   endfacet
   facet normal 1.432203e-01 -2.587955e-01 9.552554e-01
      outer loop
         vertex 1.543779e+02 1.101045e+02 6.271098e+01
         vertex 1.516893e+02 1.101045e+02 6.311407e+01
         vertex 1.516803e+02 1.098545e+02 6.304769e+01
      endloop
   endfacet
   facet normal 1.606980e-01 -2.588206e-01 9.524642e-01
      outer loop
         vertex 1.550514e+02 1.101045e+02 6.259734e+01
         vertex 1.543779e+02 1.101045e+02 6.271098e+01
         vertex 1.550400e+02 1.098545e+02 6.253132e+01
      endloop
   endfacet
   facet normal 1.451825e-01 -2.942831e-01 9.446266e-01
      outer loop
         vertex 1.550400e+02 1.098545e+02 6.253132e+01
         vertex 1.543779e+02 1.101045e+02 6.271098e+01
         vertex 1.516803e+02 1.098545e+02 6.304769e+01
      endloop
   endfacet
   facet normal 1.203071e-01 -6.105643e-01 7.827755e-01
      outer loop
         vertex 1.550400e+02 1.098545e+02 6.253132e+01
         vertex 1.516803e+02 1.098545e+02 6.304769e+01
         vertex 1.550262e+02 1.097493e+02 6.245138e+01
      endloop
   endfacet
   facet normal 1.024603e-01 -7.070843e-01 6.996668e-01
      outer loop
         vertex 1.550262e+02 1.097493e+02 6.245138e+01
         vertex 1.516803e+02 1.098545e+02 6.304769e+01
         vertex 1.516558e+02 1.096715e+02 6.286632e+01
      endloop
   endfacet
   facet normal 9.220221e-02 -7.947355e-01 5.999118e-01
      outer loop
         vertex 1.550262e+02 1.097493e+02 6.245138e+01
         vertex 1.516558e+02 1.096715e+02 6.286632e+01
         vertex 1.550089e+02 1.096715e+02 6.235098e+01
      endloop
   endfacet
   facet normal 6.671498e-02 -8.984008e-01 4.340796e-01
      outer loop
         vertex 1.550089e+02 1.096715e+02 6.235098e+01
         vertex 1.516558e+02 1.096715e+02 6.286632e+01
         vertex 1.549984e+02 1.096412e+02 6.228995e+01
      endloop
   endfacet
   facet normal 1.151847e-01 -2.587953e-01 9.590399e-01
      outer loop
         vertex 1.516893e+02 1.101045e+02 6.311407e+01
         vertex 1.489901e+02 1.101045e+02 6.343826e+01
         vertex 1.516803e+02 1.098545e+02 6.304769e+01
      endloop
   endfacet
   facet normal 1.151854e-01 -2.587895e-01 9.590413e-01
      outer loop
         vertex 1.516803e+02 1.098545e+02 6.304769e+01
         vertex 1.489901e+02 1.101045e+02 6.343826e+01
         vertex 1.489830e+02 1.098545e+02 6.337164e+01
      endloop
   endfacet
   facet normal 8.432544e-02 -7.070687e-01 7.020991e-01
      outer loop
         vertex 1.516803e+02 1.098545e+02 6.304769e+01
         vertex 1.489830e+02 1.098545e+02 6.337164e+01
         vertex 1.516558e+02 1.096715e+02 6.286632e+01
      endloop
   endfacet
   facet normal 8.432500e-02 -7.070704e-01 7.020974e-01
      outer loop
         vertex 1.516558e+02 1.096715e+02 6.286632e+01
         vertex 1.489830e+02 1.098545e+02 6.337164e+01
         vertex 1.489639e+02 1.096715e+02 6.318963e+01
      endloop
   endfacet
   facet normal 2.911398e-02 -9.814626e-01 1.894297e-01
      outer loop
         vertex 1.516224e+02 1.096045e+02 6.261857e+01
         vertex 1.549664e+02 1.096045e+02 6.210462e+01
         vertex 1.549984e+02 1.096412e+02 6.228995e+01
      endloop
   endfacet
   facet normal 9.596890e-02 -2.588179e-01 9.611469e-01
      outer loop
         vertex 1.479983e+02 1.101045e+02 6.353729e+01
         vertex 1.479920e+02 1.098545e+02 6.347059e+01
         vertex 1.489830e+02 1.098545e+02 6.337164e+01
      endloop
   endfacet
   facet normal 7.785953e-02 -6.211958e-01 7.797780e-01
      outer loop
         vertex 1.489830e+02 1.098545e+02 6.337164e+01
         vertex 1.479920e+02 1.098545e+02 6.347059e+01
         vertex 1.479835e+02 1.097400e+02 6.338021e+01
      endloop
   endfacet
   facet normal 8.702829e-02 -7.070479e-01 7.017901e-01
      outer loop
         vertex 1.489830e+02 1.098545e+02 6.337164e+01
         vertex 1.479835e+02 1.097400e+02 6.338021e+01
         vertex 1.489639e+02 1.096715e+02 6.318963e+01
      endloop
   endfacet
   facet normal 5.923334e-02 -8.028530e-01 5.932272e-01
      outer loop
         vertex 1.489639e+02 1.096715e+02 6.318963e+01
         vertex 1.479835e+02 1.097400e+02 6.338021e+01
         vertex 1.479748e+02 1.096715e+02 6.328839e+01
      endloop
   endfacet
   facet normal 4.182350e-02 -9.070844e-01 4.188660e-01
      outer loop
         vertex 1.489639e+02 1.096715e+02 6.318963e+01
         vertex 1.479748e+02 1.096715e+02 6.328839e+01
         vertex 1.479672e+02 1.096340e+02 6.320802e+01
      endloop
   endfacet
   facet normal 3.546184e-02 -9.659255e-01 2.563794e-01
      outer loop
         vertex 1.549984e+02 1.096412e+02 6.228995e+01
         vertex 1.516558e+02 1.096715e+02 6.286632e+01
         vertex 1.516224e+02 1.096045e+02 6.261857e+01
      endloop
   endfacet
   facet normal 3.086659e-02 -9.659189e-01 2.569979e-01
      outer loop
         vertex 1.516224e+02 1.096045e+02 6.261857e+01
         vertex 1.516558e+02 1.096715e+02 6.286632e+01
         vertex 1.489639e+02 1.096715e+02 6.318963e+01
      endloop
   endfacet
   facet normal 3.086664e-02 -9.659188e-01 2.569982e-01
      outer loop
         vertex 1.516224e+02 1.096045e+02 6.261857e+01
         vertex 1.489639e+02 1.096715e+02 6.318963e+01
         vertex 1.489377e+02 1.096045e+02 6.294101e+01
      endloop
   endfacet
   facet normal 4.102507e-02 -9.658310e-01 2.559051e-01
      outer loop
         vertex 1.489377e+02 1.096045e+02 6.294101e+01
         vertex 1.489639e+02 1.096715e+02 6.318963e+01
         vertex 1.479672e+02 1.096340e+02 6.320802e+01
      endloop
   endfacet
   facet normal 1.707242e-02 -9.851264e-01 1.709812e-01
      outer loop
         vertex 1.489377e+02 1.096045e+02 6.294101e+01
         vertex 1.479672e+02 1.096340e+02 6.320802e+01
         vertex 1.479513e+02 1.096045e+02 6.303950e+01
      endloop
   endfacet
   facet normal 3.943102e-01 -9.189774e-01 -1.754445e-16
      outer loop
         vertex 1.552237e+02 1.096758e+02 5.265551e+01
         vertex 1.552237e+02 1.096758e+02 6.210462e+01
         vertex 1.550999e+02 1.096227e+02 6.210462e+01
      endloop
   endfacet
   facet normal 3.943102e-01 -9.189774e-01 -1.754445e-16
      outer loop
         vertex 1.552237e+02 1.096758e+02 5.265551e+01
         vertex 1.550999e+02 1.096227e+02 6.210462e+01
         vertex 1.550999e+02 1.096227e+02 5.265551e+01
      endloop
   endfacet
   facet normal 1.346949e-01 -9.908871e-01 -1.428345e-16
      outer loop
         vertex 1.550999e+02 1.096227e+02 5.265551e+01
         vertex 1.550999e+02 1.096227e+02 6.210462e+01
         vertex 1.549664e+02 1.096045e+02 6.210462e+01
      endloop
   endfacet
   facet normal 1.346949e-01 -9.908871e-01 -1.428345e-16
      outer loop
         vertex 1.550999e+02 1.096227e+02 5.265551e+01
         vertex 1.549664e+02 1.096045e+02 6.210462e+01
         vertex 1.549664e+02 1.096045e+02 5.265551e+01
      endloop
   endfacet
   facet normal 2.794296e-01 -1.602910e-01 -9.466921e-01
      outer loop
         vertex 1.550514e+02 1.101045e+02 3.929947e+01
         vertex 1.588626e+02 1.123789e+02 4.003930e+01
         vertex 1.551414e+02 1.099389e+02 3.935407e+01
      endloop
   endfacet
   facet normal 2.794934e-01 -1.603988e-01 -9.466550e-01
      outer loop
         vertex 1.551414e+02 1.099389e+02 3.935407e+01
         vertex 1.588626e+02 1.123789e+02 4.003930e+01
         vertex 1.589415e+02 1.122299e+02 4.008787e+01
      endloop
   endfacet
   facet normal 4.334220e-01 -4.733044e-01 -7.668953e-01
      outer loop
         vertex 1.551414e+02 1.099389e+02 3.935407e+01
         vertex 1.589415e+02 1.122299e+02 4.008787e+01
         vertex 1.552044e+02 1.097987e+02 3.947617e+01
      endloop
   endfacet
   facet normal 4.229262e-01 -4.526056e-01 -7.850361e-01
      outer loop
         vertex 1.552044e+02 1.097987e+02 3.947617e+01
         vertex 1.589415e+02 1.122299e+02 4.008787e+01
         vertex 1.590007e+02 1.120910e+02 4.019981e+01
      endloop
   endfacet
   facet normal 5.203092e-01 -7.136559e-01 -4.690135e-01
      outer loop
         vertex 1.552044e+02 1.097987e+02 3.947617e+01
         vertex 1.590007e+02 1.120910e+02 4.019981e+01
         vertex 1.552307e+02 1.097057e+02 3.964694e+01
      endloop
   endfacet
   facet normal 5.122738e-01 -6.916664e-01 -5.090905e-01
      outer loop
         vertex 1.552307e+02 1.097057e+02 3.964694e+01
         vertex 1.590007e+02 1.120910e+02 4.019981e+01
         vertex 1.590254e+02 1.119928e+02 4.035813e+01
      endloop
   endfacet
   facet normal 5.306073e-01 -8.348916e-01 -1.463282e-01
      outer loop
         vertex 1.552307e+02 1.097057e+02 3.964694e+01
         vertex 1.590254e+02 1.119928e+02 4.035813e+01
         vertex 1.552237e+02 1.096758e+02 3.979219e+01
      endloop
   endfacet
   facet normal 5.312230e-01 -8.293457e-01 -1.731699e-01
      outer loop
         vertex 1.552237e+02 1.096758e+02 3.979219e+01
         vertex 1.590254e+02 1.119928e+02 4.035813e+01
         vertex 1.590143e+02 1.119502e+02 4.052804e+01
      endloop
   endfacet
   facet normal -4.693200e-01 -8.608548e-01 -1.966412e-01
      outer loop
         vertex 1.615892e+02 1.107139e+02 4.125086e+01
         vertex 1.595288e+02 1.119502e+02 4.075637e+01
         vertex 1.616456e+02 1.107271e+02 4.105863e+01
      endloop
   endfacet
   facet normal -4.695713e-01 -8.609920e-01 -1.954368e-01
      outer loop
         vertex 1.616456e+02 1.107271e+02 4.105863e+01
         vertex 1.595288e+02 1.119502e+02 4.075637e+01
         vertex 1.595815e+02 1.119650e+02 4.056447e+01
      endloop
   endfacet
   facet normal -3.155870e-01 -7.554379e-01 -5.742111e-01
      outer loop
         vertex 1.616456e+02 1.107271e+02 4.105863e+01
         vertex 1.595815e+02 1.119650e+02 4.056447e+01
         vertex 1.617444e+02 1.108184e+02 4.088420e+01
      endloop
   endfacet
   facet normal -3.170955e-01 -7.573476e-01 -5.708547e-01
      outer loop
         vertex 1.617444e+02 1.108184e+02 4.088420e+01
         vertex 1.595815e+02 1.119650e+02 4.056447e+01
         vertex 1.596762e+02 1.120568e+02 4.039008e+01
      endloop
   endfacet
   facet normal -9.530424e-02 -5.021264e-01 -8.595267e-01
      outer loop
         vertex 1.617444e+02 1.108184e+02 4.088420e+01
         vertex 1.596762e+02 1.120568e+02 4.039008e+01
         vertex 1.618630e+02 1.109727e+02 4.078093e+01
      endloop
   endfacet
   facet normal -9.871041e-02 -5.076795e-01 -8.558725e-01
      outer loop
         vertex 1.618630e+02 1.109727e+02 4.078093e+01
         vertex 1.596762e+02 1.120568e+02 4.039008e+01
         vertex 1.597920e+02 1.122101e+02 4.028575e+01
      endloop
   endfacet
   facet normal 1.329704e-01 -1.683155e-01 -9.767235e-01
      outer loop
         vertex 1.618630e+02 1.109727e+02 4.078093e+01
         vertex 1.597920e+02 1.122101e+02 4.028575e+01
         vertex 1.619687e+02 1.111427e+02 4.076604e+01
      endloop
   endfacet
   facet normal 1.282526e-01 -1.774885e-01 -9.757300e-01
      outer loop
         vertex 1.619687e+02 1.111427e+02 4.076604e+01
         vertex 1.597920e+02 1.122101e+02 4.028575e+01
         vertex 1.598972e+02 1.123789e+02 4.026887e+01
      endloop
   endfacet
   facet normal -4.656004e-01 -8.627988e-01 -1.969629e-01
      outer loop
         vertex 1.636377e+02 1.094848e+02 4.179250e+01
         vertex 1.615892e+02 1.107139e+02 4.125086e+01
         vertex 1.636979e+02 1.094963e+02 4.160005e+01
      endloop
   endfacet
   facet normal -4.658703e-01 -8.629244e-01 -1.957713e-01
      outer loop
         vertex 1.636979e+02 1.094963e+02 4.160005e+01
         vertex 1.615892e+02 1.107139e+02 4.125086e+01
         vertex 1.616456e+02 1.107271e+02 4.105863e+01
      endloop
   endfacet
   facet normal -3.038883e-01 -7.596388e-01 -5.749789e-01
      outer loop
         vertex 1.636979e+02 1.094963e+02 4.160005e+01
         vertex 1.616456e+02 1.107271e+02 4.105863e+01
         vertex 1.638006e+02 1.095872e+02 4.142565e+01
      endloop
   endfacet
   facet normal -3.054493e-01 -7.615196e-01 -5.716542e-01
      outer loop
         vertex 1.638006e+02 1.095872e+02 4.142565e+01
         vertex 1.616456e+02 1.107271e+02 4.105863e+01
         vertex 1.617444e+02 1.108184e+02 4.088420e+01
      endloop
   endfacet
   facet normal -7.657797e-02 -5.057653e-01 -8.592655e-01
      outer loop
         vertex 1.638006e+02 1.095872e+02 4.142565e+01
         vertex 1.617444e+02 1.108184e+02 4.088420e+01
         vertex 1.639220e+02 1.097423e+02 4.132351e+01
      endloop
   endfacet
   facet normal -8.003204e-02 -5.112891e-01 -8.556742e-01
      outer loop
         vertex 1.639220e+02 1.097423e+02 4.132351e+01
         vertex 1.617444e+02 1.108184e+02 4.088420e+01
         vertex 1.618630e+02 1.109727e+02 4.078093e+01
      endloop
   endfacet
   facet normal 1.550985e-01 -1.696255e-01 -9.732274e-01
      outer loop
         vertex 1.639220e+02 1.097423e+02 4.132351e+01
         vertex 1.618630e+02 1.109727e+02 4.078093e+01
         vertex 1.640283e+02 1.099136e+02 4.131061e+01
      endloop
   endfacet
   facet normal 1.504030e-01 -1.787748e-01 -9.723263e-01
      outer loop
         vertex 1.640283e+02 1.099136e+02 4.131061e+01
         vertex 1.618630e+02 1.109727e+02 4.078093e+01
         vertex 1.619687e+02 1.111427e+02 4.076604e+01
      endloop
   endfacet
   facet normal -3.943203e-01 -9.189731e-01 -4.963428e-17
      outer loop
         vertex 1.641528e+02 1.091758e+02 4.874130e+01
         vertex 1.641528e+02 1.091758e+02 4.195090e+01
         vertex 1.642766e+02 1.091227e+02 4.195090e+01
      endloop
   endfacet
   facet normal -3.943203e-01 -9.189731e-01 -4.963428e-17
      outer loop
         vertex 1.641528e+02 1.091758e+02 4.874130e+01
         vertex 1.642766e+02 1.091227e+02 4.195090e+01
         vertex 1.642766e+02 1.091227e+02 4.874130e+01
      endloop
   endfacet
   facet normal -1.346914e-01 -9.908876e-01 -9.985954e-17
      outer loop
         vertex 1.642766e+02 1.091227e+02 4.874130e+01
         vertex 1.642766e+02 1.091227e+02 4.195090e+01
         vertex 1.644101e+02 1.091045e+02 4.195090e+01
      endloop
   endfacet
   facet normal -1.346914e-01 -9.908876e-01 -9.985954e-17
      outer loop
         vertex 1.642766e+02 1.091227e+02 4.874130e+01
         vertex 1.644101e+02 1.091045e+02 4.195090e+01
         vertex 1.644101e+02 1.091045e+02 4.874130e+01
      endloop
   endfacet
   facet normal -3.877940e-01 -9.037634e-01 -1.811839e-01
      outer loop
         vertex 1.642766e+02 1.091227e+02 4.195090e+01
         vertex 1.641528e+02 1.091758e+02 4.195090e+01
         vertex 1.642253e+02 1.091845e+02 4.175233e+01
      endloop
   endfacet
   facet normal 1.884641e-01 -1.742640e-01 -9.664954e-01
      outer loop
         vertex 1.644565e+02 1.094206e+02 4.148826e+01
         vertex 1.645705e+02 1.096045e+02 4.147734e+01
         vertex 1.645606e+02 1.094315e+02 4.150661e+01
      endloop
   endfacet
   facet normal 1.988289e-01 -3.828941e-01 -9.021414e-01
      outer loop
         vertex 1.645606e+02 1.094315e+02 4.150661e+01
         vertex 1.645555e+02 1.093930e+02 4.152180e+01
         vertex 1.644565e+02 1.094206e+02 4.148826e+01
      endloop
   endfacet
   facet normal 1.178721e-01 -5.672709e-01 -8.150521e-01
      outer loop
         vertex 1.644565e+02 1.094206e+02 4.148826e+01
         vertex 1.645555e+02 1.093930e+02 4.152180e+01
         vertex 1.645235e+02 1.092510e+02 4.161604e+01
      endloop
   endfacet
   facet normal 6.549621e-02 -5.836691e-01 -8.093458e-01
      outer loop
         vertex 1.644565e+02 1.094206e+02 4.148826e+01
         vertex 1.645235e+02 1.092510e+02 4.161604e+01
         vertex 1.643337e+02 1.092713e+02 4.158605e+01
      endloop
   endfacet
   facet normal -1.324988e-01 -9.747578e-01 -1.796977e-01
      outer loop
         vertex 1.644101e+02 1.091045e+02 4.195090e+01
         vertex 1.642766e+02 1.091227e+02 4.195090e+01
         vertex 1.644514e+02 1.091214e+02 4.182894e+01
      endloop
   endfacet
   facet normal -1.809650e-01 -9.513410e-01 -2.494031e-01
      outer loop
         vertex 1.644514e+02 1.091214e+02 4.182894e+01
         vertex 1.642766e+02 1.091227e+02 4.195090e+01
         vertex 1.642253e+02 1.091845e+02 4.175233e+01
      endloop
   endfacet
   facet normal -1.373477e-01 -9.243710e-01 -3.559127e-01
      outer loop
         vertex 1.644514e+02 1.091214e+02 4.182894e+01
         vertex 1.642253e+02 1.091845e+02 4.175233e+01
         vertex 1.644656e+02 1.091354e+02 4.178699e+01
      endloop
   endfacet
   facet normal -1.005227e-01 -8.536256e-01 -5.110953e-01
      outer loop
         vertex 1.644656e+02 1.091354e+02 4.178699e+01
         vertex 1.642253e+02 1.091845e+02 4.175233e+01
         vertex 1.643337e+02 1.092713e+02 4.158605e+01
      endloop
   endfacet
   facet normal -5.420929e-02 -8.433871e-01 -5.345649e-01
      outer loop
         vertex 1.644656e+02 1.091354e+02 4.178699e+01
         vertex 1.643337e+02 1.092713e+02 4.158605e+01
         vertex 1.645131e+02 1.092212e+02 4.164682e+01
      endloop
   endfacet
   facet normal 3.149106e-02 -7.239561e-01 -6.891269e-01
      outer loop
         vertex 1.645131e+02 1.092212e+02 4.164682e+01
         vertex 1.643337e+02 1.092713e+02 4.158605e+01
         vertex 1.645235e+02 1.092510e+02 4.161604e+01
      endloop
   endfacet
   facet normal -1.177719e-01 -5.412651e-01 8.325635e-01
      outer loop
         vertex 1.479920e+02 1.098545e+02 6.347059e+01
         vertex 1.479359e+02 1.099148e+02 6.350186e+01
         vertex 1.478760e+02 1.097563e+02 6.339035e+01
      endloop
   endfacet
   facet normal -1.480126e-01 -9.740162e-01 1.714198e-01
      outer loop
         vertex 1.478285e+02 1.096551e+02 6.322112e+01
         vertex 1.478028e+02 1.096271e+02 6.303950e+01
         vertex 1.479513e+02 1.096045e+02 6.303950e+01
      endloop
   endfacet
   facet normal -1.309161e-01 -9.743445e-01 1.830675e-01
      outer loop
         vertex 1.479513e+02 1.096045e+02 6.303950e+01
         vertex 1.479672e+02 1.096340e+02 6.320802e+01
         vertex 1.478285e+02 1.096551e+02 6.322112e+01
      endloop
   endfacet
   facet normal -9.627598e-02 -8.986489e-01 4.279733e-01
      outer loop
         vertex 1.478285e+02 1.096551e+02 6.322112e+01
         vertex 1.479672e+02 1.096340e+02 6.320802e+01
         vertex 1.479748e+02 1.096715e+02 6.328839e+01
      endloop
   endfacet
   facet normal -1.550898e-01 -8.281113e-01 5.386825e-01
      outer loop
         vertex 1.478285e+02 1.096551e+02 6.322112e+01
         vertex 1.479748e+02 1.096715e+02 6.328839e+01
         vertex 1.478760e+02 1.097563e+02 6.339035e+01
      endloop
   endfacet
   facet normal -6.451662e-02 -7.969895e-01 6.005376e-01
      outer loop
         vertex 1.478760e+02 1.097563e+02 6.339035e+01
         vertex 1.479748e+02 1.096715e+02 6.328839e+01
         vertex 1.479835e+02 1.097400e+02 6.338021e+01
      endloop
   endfacet
   facet normal -1.989084e-02 -6.184712e-01 7.855556e-01
      outer loop
         vertex 1.478760e+02 1.097563e+02 6.339035e+01
         vertex 1.479835e+02 1.097400e+02 6.338021e+01
         vertex 1.479920e+02 1.098545e+02 6.347059e+01
      endloop
   endfacet
   facet normal -4.295597e-01 -8.837990e-01 1.854125e-01
      outer loop
         vertex 1.476677e+02 1.096928e+02 6.303950e+01
         vertex 1.478028e+02 1.096271e+02 6.303950e+01
         vertex 1.477023e+02 1.097165e+02 6.323304e+01
      endloop
   endfacet
   facet normal -4.138034e-01 -8.890160e-01 1.960032e-01
      outer loop
         vertex 1.477023e+02 1.097165e+02 6.323304e+01
         vertex 1.478028e+02 1.096271e+02 6.303950e+01
         vertex 1.478285e+02 1.096551e+02 6.322112e+01
      endloop
   endfacet
   facet normal -3.223646e-01 -7.698744e-01 5.507944e-01
      outer loop
         vertex 1.477023e+02 1.097165e+02 6.323304e+01
         vertex 1.478285e+02 1.096551e+02 6.322112e+01
         vertex 1.477782e+02 1.098039e+02 6.339959e+01
      endloop
   endfacet
   facet normal -3.223619e-01 -7.698748e-01 5.507954e-01
      outer loop
         vertex 1.477782e+02 1.098039e+02 6.339959e+01
         vertex 1.478285e+02 1.096551e+02 6.322112e+01
         vertex 1.478760e+02 1.097563e+02 6.339035e+01
      endloop
   endfacet
   facet normal -1.747546e-01 -5.215473e-01 8.351342e-01
      outer loop
         vertex 1.477782e+02 1.098039e+02 6.339959e+01
         vertex 1.478760e+02 1.097563e+02 6.339035e+01
         vertex 1.478826e+02 1.099407e+02 6.350689e+01
      endloop
   endfacet
   facet normal -1.747533e-01 -5.215475e-01 8.351344e-01
      outer loop
         vertex 1.478826e+02 1.099407e+02 6.350689e+01
         vertex 1.478760e+02 1.097563e+02 6.339035e+01
         vertex 1.479359e+02 1.099148e+02 6.350186e+01
      endloop
   endfacet
   facet normal 3.073176e-03 -1.845521e-01 9.828179e-01
      outer loop
         vertex 1.478826e+02 1.099407e+02 6.350689e+01
         vertex 1.479359e+02 1.099148e+02 6.350186e+01
         vertex 1.479983e+02 1.101045e+02 6.353729e+01
      endloop
   endfacet
   facet normal 2.462380e-01 -2.556021e-01 9.348981e-01
      outer loop
         vertex 1.479920e+02 1.098545e+02 6.347059e+01
         vertex 1.479983e+02 1.101045e+02 6.353729e+01
         vertex 1.479359e+02 1.099148e+02 6.350186e+01
      endloop
   endfacet
   facet normal 1.171086e-01 -8.297932e-01 -5.456453e-01
      outer loop
         vertex 1.549664e+02 1.097510e+02 5.230196e+01
         vertex 1.551107e+02 1.096678e+02 5.245936e+01
         vertex 1.550433e+02 1.096400e+02 5.248716e+01
      endloop
   endfacet
   facet normal 1.032894e-01 -9.817109e-01 -1.599220e-01
      outer loop
         vertex 1.549664e+02 1.096045e+02 5.265551e+01
         vertex 1.549664e+02 1.096304e+02 5.249682e+01
         vertex 1.550433e+02 1.096400e+02 5.248716e+01
      endloop
   endfacet
   facet normal 1.332528e-01 -9.802783e-01 -1.459389e-01
      outer loop
         vertex 1.549664e+02 1.096045e+02 5.265551e+01
         vertex 1.550433e+02 1.096400e+02 5.248716e+01
         vertex 1.550999e+02 1.096227e+02 5.265551e+01
      endloop
   endfacet
   facet normal 3.026642e-01 -9.323155e-01 -1.979449e-01
      outer loop
         vertex 1.550999e+02 1.096227e+02 5.265551e+01
         vertex 1.550433e+02 1.096400e+02 5.248716e+01
         vertex 1.551107e+02 1.096678e+02 5.245936e+01
      endloop
   endfacet
   facet normal 3.873941e-01 -9.028587e-01 -1.864724e-01
      outer loop
         vertex 1.550999e+02 1.096227e+02 5.265551e+01
         vertex 1.551107e+02 1.096678e+02 5.245936e+01
         vertex 1.552237e+02 1.096758e+02 5.265551e+01
      endloop
   endfacet
   facet normal 4.070010e-02 -8.496265e-01 -5.258120e-01
      outer loop
         vertex 1.549664e+02 1.096304e+02 5.249682e+01
         vertex 1.549664e+02 1.097510e+02 5.230196e+01
         vertex 1.550433e+02 1.096400e+02 5.248716e+01
      endloop
   endfacet
   facet normal 3.373871e-01 -5.235991e-01 -7.823131e-01
      outer loop
         vertex 1.550400e+02 1.098545e+02 3.936548e+01
         vertex 1.550949e+02 1.099189e+02 3.934605e+01
         vertex 1.551186e+02 1.097619e+02 3.946136e+01
      endloop
   endfacet
   facet normal 1.322001e-01 -9.725345e-01 -1.915719e-01
      outer loop
         vertex 1.551188e+02 1.096576e+02 3.962764e+01
         vertex 1.550999e+02 1.096227e+02 3.979219e+01
         vertex 1.549664e+02 1.096045e+02 3.979219e+01
      endloop
   endfacet
   facet normal 1.610677e-01 -9.730528e-01 -1.650013e-01
      outer loop
         vertex 1.549664e+02 1.096045e+02 3.979219e+01
         vertex 1.549984e+02 1.096412e+02 3.960686e+01
         vertex 1.551188e+02 1.096576e+02 3.962764e+01
      endloop
   endfacet
   facet normal 1.921510e-01 -8.919613e-01 -4.092469e-01
      outer loop
         vertex 1.551188e+02 1.096576e+02 3.962764e+01
         vertex 1.549984e+02 1.096412e+02 3.960686e+01
         vertex 1.550089e+02 1.096715e+02 3.954583e+01
      endloop
   endfacet
   facet normal 2.774262e-01 -8.138336e-01 -5.105973e-01
      outer loop
         vertex 1.551188e+02 1.096576e+02 3.962764e+01
         vertex 1.550089e+02 1.096715e+02 3.954583e+01
         vertex 1.551186e+02 1.097619e+02 3.946136e+01
      endloop
   endfacet
   facet normal 2.071612e-01 -7.902964e-01 -5.766419e-01
      outer loop
         vertex 1.551186e+02 1.097619e+02 3.946136e+01
         vertex 1.550089e+02 1.096715e+02 3.954583e+01
         vertex 1.550262e+02 1.097493e+02 3.944543e+01
      endloop
   endfacet
   facet normal 2.146980e-01 -6.085862e-01 -7.638898e-01
      outer loop
         vertex 1.551186e+02 1.097619e+02 3.946136e+01
         vertex 1.550262e+02 1.097493e+02 3.944543e+01
         vertex 1.550400e+02 1.098545e+02 3.936548e+01
      endloop
   endfacet
   facet normal 3.887127e-01 -9.059318e-01 -1.678985e-01
      outer loop
         vertex 1.552237e+02 1.096758e+02 3.979219e+01
         vertex 1.550999e+02 1.096227e+02 3.979219e+01
         vertex 1.552307e+02 1.097057e+02 3.964694e+01
      endloop
   endfacet
   facet normal 4.114788e-01 -8.999748e-01 -1.439809e-01
      outer loop
         vertex 1.552307e+02 1.097057e+02 3.964694e+01
         vertex 1.550999e+02 1.096227e+02 3.979219e+01
         vertex 1.551188e+02 1.096576e+02 3.962764e+01
      endloop
   endfacet
   facet normal 4.145836e-01 -7.707522e-01 -4.837990e-01
      outer loop
         vertex 1.552307e+02 1.097057e+02 3.964694e+01
         vertex 1.551188e+02 1.096576e+02 3.962764e+01
         vertex 1.552044e+02 1.097987e+02 3.947617e+01
      endloop
   endfacet
   facet normal 4.145942e-01 -7.707510e-01 -4.837919e-01
      outer loop
         vertex 1.552044e+02 1.097987e+02 3.947617e+01
         vertex 1.551188e+02 1.096576e+02 3.962764e+01
         vertex 1.551186e+02 1.097619e+02 3.946136e+01
      endloop
   endfacet
   facet normal 3.565159e-01 -5.174720e-01 -7.778940e-01
      outer loop
         vertex 1.552044e+02 1.097987e+02 3.947617e+01
         vertex 1.551186e+02 1.097619e+02 3.946136e+01
         vertex 1.551414e+02 1.099389e+02 3.935407e+01
      endloop
   endfacet
   facet normal 3.565022e-01 -5.174735e-01 -7.778994e-01
      outer loop
         vertex 1.551414e+02 1.099389e+02 3.935407e+01
         vertex 1.551186e+02 1.097619e+02 3.946136e+01
         vertex 1.550949e+02 1.099189e+02 3.934605e+01
      endloop
   endfacet
   facet normal 2.426746e-01 -1.822771e-01 -9.528295e-01
      outer loop
         vertex 1.551414e+02 1.099389e+02 3.935407e+01
         vertex 1.550949e+02 1.099189e+02 3.934605e+01
         vertex 1.550514e+02 1.101045e+02 3.929947e+01
      endloop
   endfacet
   facet normal -4.520122e-02 -2.531156e-01 -9.663795e-01
      outer loop
         vertex 1.550400e+02 1.098545e+02 3.936548e+01
         vertex 1.550514e+02 1.101045e+02 3.929947e+01
         vertex 1.550949e+02 1.099189e+02 3.934605e+01
      endloop
   endfacet
   facet normal -4.565712e-01 -8.658333e-01 -2.046350e-01
      outer loop
         vertex 1.641528e+02 1.091758e+02 4.195090e+01
         vertex 1.636377e+02 1.094848e+02 4.179250e+01
         vertex 1.642253e+02 1.091845e+02 4.175233e+01
      endloop
   endfacet
   facet normal -4.569624e-01 -8.679445e-01 -1.945704e-01
      outer loop
         vertex 1.642253e+02 1.091845e+02 4.175233e+01
         vertex 1.636377e+02 1.094848e+02 4.179250e+01
         vertex 1.636979e+02 1.094963e+02 4.160005e+01
      endloop
   endfacet
   facet normal -2.826228e-01 -7.623531e-01 -5.821873e-01
      outer loop
         vertex 1.642253e+02 1.091845e+02 4.175233e+01
         vertex 1.636979e+02 1.094963e+02 4.160005e+01
         vertex 1.643337e+02 1.092713e+02 4.158605e+01
      endloop
   endfacet
   facet normal -2.852987e-01 -7.706858e-01 -5.697789e-01
      outer loop
         vertex 1.643337e+02 1.092713e+02 4.158605e+01
         vertex 1.636979e+02 1.094963e+02 4.160005e+01
         vertex 1.638006e+02 1.095872e+02 4.142565e+01
      endloop
   endfacet
   facet normal -5.001576e-02 -5.179425e-01 -8.539520e-01
      outer loop
         vertex 1.643337e+02 1.092713e+02 4.158605e+01
         vertex 1.638006e+02 1.095872e+02 4.142565e+01
         vertex 1.644565e+02 1.094206e+02 4.148826e+01
      endloop
   endfacet
   facet normal -5.098112e-02 -5.210181e-01 -8.520218e-01
      outer loop
         vertex 1.644565e+02 1.094206e+02 4.148826e+01
         vertex 1.638006e+02 1.095872e+02 4.142565e+01
         vertex 1.639220e+02 1.097423e+02 4.132351e+01
      endloop
   endfacet
   facet normal 1.915977e-01 -1.761503e-01 -9.655369e-01
      outer loop
         vertex 1.644565e+02 1.094206e+02 4.148826e+01
         vertex 1.639220e+02 1.097423e+02 4.132351e+01
         vertex 1.645705e+02 1.096045e+02 4.147734e+01
      endloop
   endfacet
   facet normal 1.883083e-01 -1.895216e-01 -9.636501e-01
      outer loop
         vertex 1.645705e+02 1.096045e+02 4.147734e+01
         vertex 1.639220e+02 1.097423e+02 4.132351e+01
         vertex 1.640283e+02 1.099136e+02 4.131061e+01
      endloop
   endfacet
   facet normal -5.470989e-01 -8.151069e-01 1.904821e-01
      outer loop
         vertex 1.442441e+02 1.120512e+02 6.329866e+01
         vertex 1.476677e+02 1.096928e+02 6.303950e+01
         vertex 1.442720e+02 1.120762e+02 6.348578e+01
      endloop
   endfacet
   facet normal -5.456394e-01 -8.143735e-01 1.976702e-01
      outer loop
         vertex 1.442720e+02 1.120762e+02 6.348578e+01
         vertex 1.476677e+02 1.096928e+02 6.303950e+01
         vertex 1.477023e+02 1.097165e+02 6.323304e+01
      endloop
   endfacet
   facet normal -4.421633e-01 -7.025062e-01 5.576528e-01
      outer loop
         vertex 1.442720e+02 1.120762e+02 6.348578e+01
         vertex 1.477023e+02 1.097165e+02 6.323304e+01
         vertex 1.443443e+02 1.121670e+02 6.365749e+01
      endloop
   endfacet
   facet normal -4.380794e-01 -6.983595e-01 5.660215e-01
      outer loop
         vertex 1.443443e+02 1.121670e+02 6.365749e+01
         vertex 1.477023e+02 1.097165e+02 6.323304e+01
         vertex 1.477782e+02 1.098039e+02 6.339959e+01
      endloop
   endfacet
   facet normal -2.582653e-01 -4.675548e-01 8.453943e-01
      outer loop
         vertex 1.443443e+02 1.121670e+02 6.365749e+01
         vertex 1.477782e+02 1.098039e+02 6.339959e+01
         vertex 1.444482e+02 1.123086e+02 6.376754e+01
      endloop
   endfacet
   facet normal -2.576459e-01 -4.668188e-01 8.459899e-01
      outer loop
         vertex 1.444482e+02 1.123086e+02 6.376754e+01
         vertex 1.477782e+02 1.098039e+02 6.339959e+01
         vertex 1.478826e+02 1.099407e+02 6.350689e+01
      endloop
   endfacet
   facet normal -3.955578e-02 -1.658367e-01 9.853596e-01
      outer loop
         vertex 1.444482e+02 1.123086e+02 6.376754e+01
         vertex 1.478826e+02 1.099407e+02 6.350689e+01
         vertex 1.445562e+02 1.124630e+02 6.379785e+01
      endloop
   endfacet
   facet normal -3.420696e-02 -1.589367e-01 9.866960e-01
      outer loop
         vertex 1.445562e+02 1.124630e+02 6.379785e+01
         vertex 1.478826e+02 1.099407e+02 6.350689e+01
         vertex 1.479983e+02 1.101045e+02 6.353729e+01
      endloop
   endfacet
   facet normal -1.502364e-01 -9.886501e-01 -9.710563e-17
      outer loop
         vertex 1.479513e+02 1.096045e+02 5.265551e+01
         vertex 1.479513e+02 1.096045e+02 6.303950e+01
         vertex 1.478028e+02 1.096271e+02 6.303950e+01
      endloop
   endfacet
   facet normal -1.502364e-01 -9.886501e-01 -9.710563e-17
      outer loop
         vertex 1.479513e+02 1.096045e+02 5.265551e+01
         vertex 1.478028e+02 1.096271e+02 6.303950e+01
         vertex 1.478028e+02 1.096271e+02 5.265551e+01
      endloop
   endfacet
   facet normal -4.371394e-01 -8.993938e-01 -4.040565e-17
      outer loop
         vertex 1.478028e+02 1.096271e+02 5.265551e+01
         vertex 1.478028e+02 1.096271e+02 6.303950e+01
         vertex 1.476677e+02 1.096928e+02 6.303950e+01
      endloop
   endfacet
   facet normal -4.371394e-01 -8.993938e-01 -4.040565e-17
      outer loop
         vertex 1.478028e+02 1.096271e+02 5.265551e+01
         vertex 1.476677e+02 1.096928e+02 6.303950e+01
         vertex 1.476677e+02 1.096928e+02 5.265551e+01
      endloop
   endfacet
   facet normal 1.138744e-03 -8.314691e-01 -5.555698e-01
      outer loop
         vertex 1.479513e+02 1.096426e+02 5.246417e+01
         vertex 1.479513e+02 1.097510e+02 5.230196e+01
         vertex 1.549664e+02 1.096304e+02 5.249682e+01
      endloop
   endfacet
   facet normal 4.980729e-16 -8.503311e-01 -5.262481e-01
      outer loop
         vertex 1.549664e+02 1.096304e+02 5.249682e+01
         vertex 1.479513e+02 1.097510e+02 5.230196e+01
         vertex 1.549664e+02 1.097510e+02 5.230196e+01
      endloop
   endfacet
   facet normal -3.734873e-05 -9.392642e-01 -3.431951e-01
      outer loop
         vertex 1.479513e+02 1.096426e+02 5.246417e+01
         vertex 1.549664e+02 1.096304e+02 5.249682e+01
         vertex 1.479513e+02 1.096280e+02 5.250397e+01
      endloop
   endfacet
   facet normal 1.643055e-04 -9.869899e-01 -1.607820e-01
      outer loop
         vertex 1.479513e+02 1.096280e+02 5.250397e+01
         vertex 1.549664e+02 1.096304e+02 5.249682e+01
         vertex 1.549664e+02 1.096045e+02 5.265551e+01
      endloop
   endfacet
   facet normal 6.519063e-16 -9.881705e-01 -1.533594e-01
      outer loop
         vertex 1.479513e+02 1.096280e+02 5.250397e+01
         vertex 1.549664e+02 1.096045e+02 5.265551e+01
         vertex 1.479513e+02 1.096045e+02 5.265551e+01
      endloop
   endfacet
   facet normal 1.473971e-01 -8.113434e-01 -5.656819e-01
      outer loop
         vertex 1.549664e+02 1.097510e+02 5.230196e+01
         vertex 1.566331e+02 1.107510e+02 5.130196e+01
         vertex 1.567766e+02 1.106681e+02 5.145826e+01
      endloop
   endfacet
   facet normal 1.481568e-01 -8.119107e-01 -5.646685e-01
      outer loop
         vertex 1.549664e+02 1.097510e+02 5.230196e+01
         vertex 1.567766e+02 1.106681e+02 5.145826e+01
         vertex 1.551107e+02 1.096678e+02 5.245936e+01
      endloop
   endfacet
   facet normal 4.117023e-01 -8.885024e-01 -2.026441e-01
      outer loop
         vertex 1.551107e+02 1.096678e+02 5.245936e+01
         vertex 1.567766e+02 1.106681e+02 5.145826e+01
         vertex 1.568903e+02 1.106758e+02 5.165551e+01
      endloop
   endfacet
   facet normal 4.122829e-01 -8.885203e-01 -2.013813e-01
      outer loop
         vertex 1.551107e+02 1.096678e+02 5.245936e+01
         vertex 1.568903e+02 1.106758e+02 5.165551e+01
         vertex 1.552237e+02 1.096758e+02 5.265551e+01
      endloop
   endfacet
   facet normal 3.943102e-01 -9.189774e-01 -1.754445e-16
      outer loop
         vertex 1.552237e+02 1.096758e+02 3.979219e+01
         vertex 1.552237e+02 1.096758e+02 4.924130e+01
         vertex 1.550999e+02 1.096227e+02 4.924130e+01
      endloop
   endfacet
   facet normal 3.943102e-01 -9.189774e-01 -1.754445e-16
      outer loop
         vertex 1.552237e+02 1.096758e+02 3.979219e+01
         vertex 1.550999e+02 1.096227e+02 4.924130e+01
         vertex 1.550999e+02 1.096227e+02 3.979219e+01
      endloop
   endfacet
   facet normal 1.346949e-01 -9.908871e-01 -1.428345e-16
      outer loop
         vertex 1.550999e+02 1.096227e+02 3.979219e+01
         vertex 1.550999e+02 1.096227e+02 4.924130e+01
         vertex 1.549664e+02 1.096045e+02 4.924130e+01
      endloop
   endfacet
   facet normal 1.346949e-01 -9.908871e-01 -1.428345e-16
      outer loop
         vertex 1.550999e+02 1.096227e+02 3.979219e+01
         vertex 1.549664e+02 1.096045e+02 4.924130e+01
         vertex 1.549664e+02 1.096045e+02 3.979219e+01
      endloop
   endfacet
   facet normal 1.606981e-01 -2.588192e-01 -9.524646e-01
      outer loop
         vertex 1.543670e+02 1.098545e+02 3.925193e+01
         vertex 1.543779e+02 1.101045e+02 3.918583e+01
         vertex 1.550514e+02 1.101045e+02 3.929947e+01
      endloop
   endfacet
   facet normal 1.151847e-01 -2.587953e-01 -9.590399e-01
      outer loop
         vertex 1.489901e+02 1.101045e+02 3.845855e+01
         vertex 1.516893e+02 1.101045e+02 3.878274e+01
         vertex 1.516803e+02 1.098545e+02 3.884912e+01
      endloop
   endfacet
   facet normal 9.597044e-02 -2.588178e-01 -9.611467e-01
      outer loop
         vertex 1.479983e+02 1.101045e+02 3.835952e+01
         vertex 1.489901e+02 1.101045e+02 3.845855e+01
         vertex 1.479920e+02 1.098545e+02 3.842621e+01
      endloop
   endfacet
   facet normal 1.082970e-01 -3.101815e-01 -9.444889e-01
      outer loop
         vertex 1.479920e+02 1.098545e+02 3.842621e+01
         vertex 1.489901e+02 1.101045e+02 3.845855e+01
         vertex 1.516803e+02 1.098545e+02 3.884912e+01
      endloop
   endfacet
   facet normal 8.927697e-02 -6.211248e-01 -7.786100e-01
      outer loop
         vertex 1.479920e+02 1.098545e+02 3.842621e+01
         vertex 1.516803e+02 1.098545e+02 3.884912e+01
         vertex 1.479835e+02 1.097400e+02 3.851660e+01
      endloop
   endfacet
   facet normal 8.504944e-02 -7.070739e-01 -7.020065e-01
      outer loop
         vertex 1.479835e+02 1.097400e+02 3.851660e+01
         vertex 1.516803e+02 1.098545e+02 3.884912e+01
         vertex 1.516558e+02 1.096715e+02 3.903049e+01
      endloop
   endfacet
   facet normal 6.792203e-02 -8.027999e-01 -5.923672e-01
      outer loop
         vertex 1.479835e+02 1.097400e+02 3.851660e+01
         vertex 1.516558e+02 1.096715e+02 3.903049e+01
         vertex 1.479748e+02 1.096715e+02 3.860842e+01
      endloop
   endfacet
   facet normal 4.796000e-02 -9.070545e-01 -4.182727e-01
      outer loop
         vertex 1.479748e+02 1.096715e+02 3.860842e+01
         vertex 1.516558e+02 1.096715e+02 3.903049e+01
         vertex 1.479672e+02 1.096340e+02 3.868879e+01
      endloop
   endfacet
   facet normal 1.432203e-01 -2.587955e-01 -9.552554e-01
      outer loop
         vertex 1.516893e+02 1.101045e+02 3.878274e+01
         vertex 1.543779e+02 1.101045e+02 3.918583e+01
         vertex 1.516803e+02 1.098545e+02 3.884912e+01
      endloop
   endfacet
   facet normal 1.432203e-01 -2.587950e-01 -9.552555e-01
      outer loop
         vertex 1.516803e+02 1.098545e+02 3.884912e+01
         vertex 1.543779e+02 1.101045e+02 3.918583e+01
         vertex 1.543670e+02 1.098545e+02 3.925193e+01
      endloop
   endfacet
   facet normal 1.048495e-01 -7.070687e-01 -6.993285e-01
      outer loop
         vertex 1.516803e+02 1.098545e+02 3.884912e+01
         vertex 1.543670e+02 1.098545e+02 3.925193e+01
         vertex 1.516558e+02 1.096715e+02 3.903049e+01
      endloop
   endfacet
   facet normal 1.048495e-01 -7.070694e-01 -6.993278e-01
      outer loop
         vertex 1.516558e+02 1.096715e+02 3.903049e+01
         vertex 1.543670e+02 1.098545e+02 3.925193e+01
         vertex 1.543372e+02 1.096715e+02 3.943250e+01
      endloop
   endfacet
   facet normal 1.957784e-02 -9.851210e-01 -1.707437e-01
      outer loop
         vertex 1.516224e+02 1.096045e+02 3.927824e+01
         vertex 1.479513e+02 1.096045e+02 3.885731e+01
         vertex 1.479672e+02 1.096340e+02 3.868879e+01
      endloop
   endfacet
   facet normal 1.606985e-01 -2.588206e-01 -9.524641e-01
      outer loop
         vertex 1.550514e+02 1.101045e+02 3.929947e+01
         vertex 1.550400e+02 1.098545e+02 3.936548e+01
         vertex 1.543670e+02 1.098545e+02 3.925193e+01
      endloop
   endfacet
   facet normal 1.317496e-01 -6.106260e-01 -7.808828e-01
      outer loop
         vertex 1.543670e+02 1.098545e+02 3.925193e+01
         vertex 1.550400e+02 1.098545e+02 3.936548e+01
         vertex 1.550262e+02 1.097493e+02 3.944543e+01
      endloop
   endfacet
   facet normal 9.297553e-02 -7.069304e-01 -7.011454e-01
      outer loop
         vertex 1.543670e+02 1.098545e+02 3.925193e+01
         vertex 1.550262e+02 1.097493e+02 3.944543e+01
         vertex 1.543372e+02 1.096715e+02 3.943250e+01
      endloop
   endfacet
   facet normal 1.009668e-01 -7.947827e-01 -5.984365e-01
      outer loop
         vertex 1.543372e+02 1.096715e+02 3.943250e+01
         vertex 1.550262e+02 1.097493e+02 3.944543e+01
         vertex 1.550089e+02 1.096715e+02 3.954583e+01
      endloop
   endfacet
   facet normal 7.305473e-02 -8.984287e-01 -4.329998e-01
      outer loop
         vertex 1.543372e+02 1.096715e+02 3.943250e+01
         vertex 1.550089e+02 1.096715e+02 3.954583e+01
         vertex 1.549984e+02 1.096412e+02 3.960686e+01
      endloop
   endfacet
   facet normal 3.358397e-02 -9.659253e-01 -2.566328e-01
      outer loop
         vertex 1.479672e+02 1.096340e+02 3.868879e+01
         vertex 1.516558e+02 1.096715e+02 3.903049e+01
         vertex 1.516224e+02 1.096045e+02 3.927824e+01
      endloop
   endfacet
   facet normal 3.837938e-02 -9.659189e-01 -2.559838e-01
      outer loop
         vertex 1.516224e+02 1.096045e+02 3.927824e+01
         vertex 1.516558e+02 1.096715e+02 3.903049e+01
         vertex 1.543372e+02 1.096715e+02 3.943250e+01
      endloop
   endfacet
   facet normal 3.837939e-02 -9.659189e-01 -2.559839e-01
      outer loop
         vertex 1.516224e+02 1.096045e+02 3.927824e+01
         vertex 1.543372e+02 1.096715e+02 3.943250e+01
         vertex 1.542965e+02 1.096045e+02 3.967917e+01
      endloop
   endfacet
   facet normal 2.391120e-02 -9.657614e-01 -2.583275e-01
      outer loop
         vertex 1.542965e+02 1.096045e+02 3.967917e+01
         vertex 1.543372e+02 1.096715e+02 3.943250e+01
         vertex 1.549984e+02 1.096412e+02 3.960686e+01
      endloop
   endfacet
   facet normal 3.187975e-02 -9.814684e-01 -1.889538e-01
      outer loop
         vertex 1.542965e+02 1.096045e+02 3.967917e+01
         vertex 1.549984e+02 1.096412e+02 3.960686e+01
         vertex 1.549664e+02 1.096045e+02 3.979219e+01
      endloop
   endfacet
   facet normal -6.552916e-01 -9.708051e-02 7.491117e-01
      outer loop
         vertex 1.413340e+02 1.144607e+02 6.284987e+01
         vertex 1.409698e+02 1.146865e+02 6.256053e+01
         vertex 1.411809e+02 1.144010e+02 6.270815e+01
      endloop
   endfacet
   facet normal -3.851627e-01 -4.546378e-01 8.030904e-01
      outer loop
         vertex 1.439462e+02 1.126290e+02 6.376081e+01
         vertex 1.434474e+02 1.129478e+02 6.370207e+01
         vertex 1.433706e+02 1.128134e+02 6.358915e+01
      endloop
   endfacet
   facet normal -5.598258e-01 -8.093150e-01 1.777758e-01
      outer loop
         vertex 1.436153e+02 1.124844e+02 6.329054e+01
         vertex 1.442441e+02 1.120512e+02 6.329866e+01
         vertex 1.438000e+02 1.123986e+02 6.348136e+01
      endloop
   endfacet
   facet normal -5.547904e-01 -8.097888e-01 1.909181e-01
      outer loop
         vertex 1.438000e+02 1.123986e+02 6.348136e+01
         vertex 1.442441e+02 1.120512e+02 6.329866e+01
         vertex 1.442720e+02 1.120762e+02 6.348578e+01
      endloop
   endfacet
   facet normal -4.711235e-01 -6.822179e-01 5.591256e-01
      outer loop
         vertex 1.438000e+02 1.123986e+02 6.348136e+01
         vertex 1.442720e+02 1.120762e+02 6.348578e+01
         vertex 1.443443e+02 1.121670e+02 6.365749e+01
      endloop
   endfacet
   facet normal -5.890517e-01 -7.823892e-01 2.022008e-01
      outer loop
         vertex 1.433305e+02 1.127192e+02 6.342773e+01
         vertex 1.424193e+02 1.133417e+02 6.318190e+01
         vertex 1.429932e+02 1.129130e+02 6.319470e+01
      endloop
   endfacet
   facet normal -5.923852e-01 -7.878602e-01 1.683928e-01
      outer loop
         vertex 1.429932e+02 1.129130e+02 6.319470e+01
         vertex 1.424193e+02 1.133417e+02 6.318190e+01
         vertex 1.424440e+02 1.132913e+02 6.303282e+01
      endloop
   endfacet
   facet normal -5.991588e-01 -7.885342e-01 1.386455e-01
      outer loop
         vertex 1.419871e+02 1.136370e+02 6.299374e+01
         vertex 1.418245e+02 1.137181e+02 6.275182e+01
         vertex 1.424193e+02 1.133417e+02 6.318190e+01
      endloop
   endfacet
   facet normal -6.102309e-01 -7.746052e-01 1.661475e-01
      outer loop
         vertex 1.424193e+02 1.133417e+02 6.318190e+01
         vertex 1.418245e+02 1.137181e+02 6.275182e+01
         vertex 1.423915e+02 1.133274e+02 6.301329e+01
      endloop
   endfacet
   facet normal -6.004772e-01 -7.823910e-01 1.652013e-01
      outer loop
         vertex 1.424193e+02 1.133417e+02 6.318190e+01
         vertex 1.423915e+02 1.133274e+02 6.301329e+01
         vertex 1.424440e+02 1.132913e+02 6.303282e+01
      endloop
   endfacet
   facet normal -6.146856e-01 -7.735732e-01 1.540975e-01
      outer loop
         vertex 1.419871e+02 1.136370e+02 6.299374e+01
         vertex 1.415766e+02 1.139175e+02 6.276449e+01
         vertex 1.418245e+02 1.137181e+02 6.275182e+01
      endloop
   endfacet
   facet normal -6.181050e-01 -7.760072e-01 1.255352e-01
      outer loop
         vertex 1.418245e+02 1.137181e+02 6.275182e+01
         vertex 1.415766e+02 1.139175e+02 6.276449e+01
         vertex 1.411922e+02 1.141803e+02 6.249569e+01
      endloop
   endfacet
   facet normal -6.202236e-01 -7.722822e-01 1.374879e-01
      outer loop
         vertex 1.418245e+02 1.137181e+02 6.275182e+01
         vertex 1.411922e+02 1.141803e+02 6.249569e+01
         vertex 1.413024e+02 1.140777e+02 6.241689e+01
      endloop
   endfacet
   facet normal -6.289445e-01 -7.681485e-01 1.199029e-01
      outer loop
         vertex 1.413024e+02 1.140777e+02 6.241689e+01
         vertex 1.411922e+02 1.141803e+02 6.249569e+01
         vertex 1.408380e+02 1.144223e+02 6.218870e+01
      endloop
   endfacet
   facet normal -6.271926e-01 -7.706988e-01 1.124851e-01
      outer loop
         vertex 1.413024e+02 1.140777e+02 6.241689e+01
         vertex 1.408380e+02 1.144223e+02 6.218870e+01
         vertex 1.408357e+02 1.143992e+02 6.201743e+01
      endloop
   endfacet
   facet normal -6.394039e-01 -7.607711e-01 1.113106e-01
      outer loop
         vertex 1.408357e+02 1.143992e+02 6.201743e+01
         vertex 1.408380e+02 1.144223e+02 6.218870e+01
         vertex 1.405179e+02 1.146411e+02 6.184536e+01
      endloop
   endfacet
   facet normal -6.351093e-01 -7.665213e-01 9.529558e-02
      outer loop
         vertex 1.408357e+02 1.143992e+02 6.201743e+01
         vertex 1.405179e+02 1.146411e+02 6.184536e+01
         vertex 1.404326e+02 1.146769e+02 6.156458e+01
      endloop
   endfacet
   facet normal -6.491154e-01 -7.539344e-01 1.011536e-01
      outer loop
         vertex 1.405179e+02 1.146411e+02 6.184536e+01
         vertex 1.402340e+02 1.148352e+02 6.147003e+01
         vertex 1.404326e+02 1.146769e+02 6.156458e+01
      endloop
   endfacet
   facet normal -6.430265e-01 -7.622108e-01 7.450854e-02
      outer loop
         vertex 1.404326e+02 1.146769e+02 6.156458e+01
         vertex 1.402340e+02 1.148352e+02 6.147003e+01
         vertex 1.399881e+02 1.150033e+02 6.106756e+01
      endloop
   endfacet
   facet normal -6.550480e-01 -7.497904e-01 9.341610e-02
      outer loop
         vertex 1.404326e+02 1.146769e+02 6.156458e+01
         vertex 1.399881e+02 1.150033e+02 6.106756e+01
         vertex 1.400976e+02 1.149077e+02 6.106788e+01
      endloop
   endfacet
   facet normal -6.563084e-01 -7.513167e-01 6.915608e-02
      outer loop
         vertex 1.400976e+02 1.149077e+02 6.106788e+01
         vertex 1.399881e+02 1.150033e+02 6.106756e+01
         vertex 1.397821e+02 1.151442e+02 6.064260e+01
      endloop
   endfacet
   facet normal -6.579639e-01 -7.496663e-01 7.130210e-02
      outer loop
         vertex 1.400976e+02 1.149077e+02 6.106788e+01
         vertex 1.397821e+02 1.151442e+02 6.064260e+01
         vertex 1.398554e+02 1.150745e+02 6.058707e+01
      endloop
   endfacet
   facet normal -6.643266e-01 -7.452387e-01 5.735341e-02
      outer loop
         vertex 1.398554e+02 1.150745e+02 6.058707e+01
         vertex 1.397821e+02 1.151442e+02 6.064260e+01
         vertex 1.396180e+02 1.152564e+02 6.019966e+01
      endloop
   endfacet
   facet normal -6.566727e-01 -7.525677e-01 4.922206e-02
      outer loop
         vertex 1.398554e+02 1.150745e+02 6.058707e+01
         vertex 1.396180e+02 1.152564e+02 6.019966e+01
         vertex 1.396595e+02 1.152095e+02 6.003681e+01
      endloop
   endfacet
   facet normal -6.695486e-01 -7.415362e-01 4.276419e-02
      outer loop
         vertex 1.396595e+02 1.152095e+02 6.003681e+01
         vertex 1.396180e+02 1.152564e+02 6.019966e+01
         vertex 1.394978e+02 1.153385e+02 5.974308e+01
      endloop
   endfacet
   facet normal -6.555138e-01 -7.546148e-01 2.929501e-02
      outer loop
         vertex 1.396595e+02 1.152095e+02 6.003681e+01
         vertex 1.394978e+02 1.153385e+02 5.974308e+01
         vertex 1.395372e+02 1.152937e+02 5.947060e+01
      endloop
   endfacet
   facet normal -6.687608e-01 -7.430410e-01 2.547662e-02
      outer loop
         vertex 1.395372e+02 1.152937e+02 5.947060e+01
         vertex 1.394978e+02 1.153385e+02 5.974308e+01
         vertex 1.394239e+02 1.153891e+02 5.927712e+01
      endloop
   endfacet
   facet normal -6.556926e-01 -7.549331e-01 1.196574e-02
      outer loop
         vertex 1.395372e+02 1.152937e+02 5.947060e+01
         vertex 1.394239e+02 1.153891e+02 5.927712e+01
         vertex 1.394896e+02 1.153265e+02 5.893144e+01
      endloop
   endfacet
   facet normal -6.660840e-01 -7.458301e-01 8.342819e-03
      outer loop
         vertex 1.394896e+02 1.153265e+02 5.893144e+01
         vertex 1.394239e+02 1.153891e+02 5.927712e+01
         vertex 1.393987e+02 1.154063e+02 5.880596e+01
      endloop
   endfacet
   facet normal -6.611838e-01 -7.502213e-01 2.000502e-03
      outer loop
         vertex 1.394896e+02 1.153265e+02 5.893144e+01
         vertex 1.393987e+02 1.154063e+02 5.880596e+01
         vertex 1.394879e+02 1.153277e+02 5.880596e+01
      endloop
   endfacet
   facet normal -9.699567e-01 -2.393162e-01 4.372356e-02
      outer loop
         vertex 1.392716e+02 1.157394e+02 5.880596e+01
         vertex 1.393289e+02 1.155069e+02 5.880596e+01
         vertex 1.392986e+02 1.157227e+02 5.931353e+01
      endloop
   endfacet
   facet normal -9.701740e-01 -2.384995e-01 4.336327e-02
      outer loop
         vertex 1.392986e+02 1.157227e+02 5.931353e+01
         vertex 1.393289e+02 1.155069e+02 5.880596e+01
         vertex 1.393549e+02 1.154895e+02 5.929118e+01
      endloop
   endfacet
   facet normal -9.608768e-01 -2.445602e-01 1.300236e-01
      outer loop
         vertex 1.392986e+02 1.157227e+02 5.931353e+01
         vertex 1.393549e+02 1.154895e+02 5.929118e+01
         vertex 1.393826e+02 1.156706e+02 5.983618e+01
      endloop
   endfacet
   facet normal -9.632009e-01 -2.366166e-01 1.275017e-01
      outer loop
         vertex 1.393826e+02 1.156706e+02 5.983618e+01
         vertex 1.393549e+02 1.154895e+02 5.929118e+01
         vertex 1.394309e+02 1.154387e+02 5.977103e+01
      endloop
   endfacet
   facet normal -9.438503e-01 -2.555765e-01 2.093498e-01
      outer loop
         vertex 1.393826e+02 1.156706e+02 5.983618e+01
         vertex 1.394309e+02 1.154387e+02 5.977103e+01
         vertex 1.395082e+02 1.155928e+02 6.030740e+01
      endloop
   endfacet
   facet normal -9.479567e-01 -2.425981e-01 2.062140e-01
      outer loop
         vertex 1.395082e+02 1.155928e+02 6.030740e+01
         vertex 1.394309e+02 1.154387e+02 5.977103e+01
         vertex 1.395543e+02 1.153562e+02 6.024136e+01
      endloop
   endfacet
   facet normal -9.253136e-01 -2.581548e-01 2.777606e-01
      outer loop
         vertex 1.395082e+02 1.155928e+02 6.030740e+01
         vertex 1.395543e+02 1.153562e+02 6.024136e+01
         vertex 1.397228e+02 1.152437e+02 6.069792e+01
      endloop
   endfacet
   facet normal -7.853949e-01 -3.591601e-01 5.041417e-01
      outer loop
         vertex 1.408054e+02 1.145212e+02 6.229530e+01
         vertex 1.408062e+02 1.146419e+02 6.238254e+01
         vertex 1.404772e+02 1.147401e+02 6.193993e+01
      endloop
   endfacet
   facet normal -7.790323e-01 -3.871037e-01 4.932133e-01
      outer loop
         vertex 1.404772e+02 1.147401e+02 6.193993e+01
         vertex 1.408062e+02 1.146419e+02 6.238254e+01
         vertex 1.404677e+02 1.148597e+02 6.201880e+01
      endloop
   endfacet
   facet normal -8.243920e-01 -3.557643e-01 4.402381e-01
      outer loop
         vertex 1.404772e+02 1.147401e+02 6.193993e+01
         vertex 1.404677e+02 1.148597e+02 6.201880e+01
         vertex 1.401861e+02 1.149343e+02 6.155191e+01
      endloop
   endfacet
   facet normal -8.173246e-01 -3.813925e-01 4.318799e-01
      outer loop
         vertex 1.401861e+02 1.149343e+02 6.155191e+01
         vertex 1.404677e+02 1.148597e+02 6.201880e+01
         vertex 1.401676e+02 1.150529e+02 6.162152e+01
      endloop
   endfacet
   facet normal -8.562127e-01 -3.545264e-01 3.757803e-01
      outer loop
         vertex 1.401861e+02 1.149343e+02 6.155191e+01
         vertex 1.401676e+02 1.150529e+02 6.162152e+01
         vertex 1.399340e+02 1.151026e+02 6.113630e+01
      endloop
   endfacet
   facet normal -8.491880e-01 -3.766766e-01 3.701277e-01
      outer loop
         vertex 1.399340e+02 1.151026e+02 6.113630e+01
         vertex 1.401676e+02 1.150529e+02 6.162152e+01
         vertex 1.399078e+02 1.152202e+02 6.119579e+01
      endloop
   endfacet
   facet normal -8.819468e-01 -3.541135e-01 3.110844e-01
      outer loop
         vertex 1.399340e+02 1.151026e+02 6.113630e+01
         vertex 1.399078e+02 1.152202e+02 6.119579e+01
         vertex 1.397228e+02 1.152437e+02 6.069792e+01
      endloop
   endfacet
   facet normal -8.756505e-01 -3.720700e-01 3.078962e-01
      outer loop
         vertex 1.397228e+02 1.152437e+02 6.069792e+01
         vertex 1.399078e+02 1.152202e+02 6.119579e+01
         vertex 1.396903e+02 1.153604e+02 6.074649e+01
      endloop
   endfacet
   facet normal -9.187465e-01 -3.397030e-01 2.012627e-01
      outer loop
         vertex 1.397228e+02 1.152437e+02 6.069792e+01
         vertex 1.396903e+02 1.153604e+02 6.074649e+01
         vertex 1.395082e+02 1.155928e+02 6.030740e+01
      endloop
   endfacet
   facet normal -4.508669e-01 -4.089277e-01 7.934086e-01
      outer loop
         vertex 1.433706e+02 1.128134e+02 6.358915e+01
         vertex 1.434474e+02 1.129478e+02 6.370207e+01
         vertex 1.428938e+02 1.131303e+02 6.348156e+01
      endloop
   endfacet
   facet normal -4.539520e-01 -4.423952e-01 7.734430e-01
      outer loop
         vertex 1.428938e+02 1.131303e+02 6.348156e+01
         vertex 1.434474e+02 1.129478e+02 6.370207e+01
         vertex 1.429572e+02 1.132615e+02 6.359379e+01
      endloop
   endfacet
   facet normal -5.162204e-01 -3.989399e-01 7.578677e-01
      outer loop
         vertex 1.428938e+02 1.131303e+02 6.348156e+01
         vertex 1.429572e+02 1.132615e+02 6.359379e+01
         vertex 1.424305e+02 1.134385e+02 6.332824e+01
      endloop
   endfacet
   facet normal -5.175830e-01 -4.315148e-01 7.388524e-01
      outer loop
         vertex 1.424305e+02 1.134385e+02 6.332824e+01
         vertex 1.429572e+02 1.132615e+02 6.359379e+01
         vertex 1.424807e+02 1.135668e+02 6.343827e+01
      endloop
   endfacet
   facet normal -5.771939e-01 -3.899117e-01 7.175069e-01
      outer loop
         vertex 1.424305e+02 1.134385e+02 6.332824e+01
         vertex 1.424807e+02 1.135668e+02 6.343827e+01
         vertex 1.419856e+02 1.137347e+02 6.313128e+01
      endloop
   endfacet
   facet normal -5.768605e-01 -4.214767e-01 6.997066e-01
      outer loop
         vertex 1.419856e+02 1.137347e+02 6.313128e+01
         vertex 1.424807e+02 1.135668e+02 6.343827e+01
         vertex 1.420226e+02 1.138605e+02 6.323760e+01
      endloop
   endfacet
   facet normal -6.344407e-01 -3.814038e-01 6.723215e-01
      outer loop
         vertex 1.419856e+02 1.137347e+02 6.313128e+01
         vertex 1.420226e+02 1.138605e+02 6.323760e+01
         vertex 1.415636e+02 1.140158e+02 6.289249e+01
      endloop
   endfacet
   facet normal -6.324644e-01 -4.120178e-01 6.559193e-01
      outer loop
         vertex 1.415636e+02 1.140158e+02 6.289249e+01
         vertex 1.420226e+02 1.138605e+02 6.323760e+01
         vertex 1.415879e+02 1.141396e+02 6.299366e+01
      endloop
   endfacet
   facet normal -6.883736e-01 -3.732853e-01 6.219324e-01
      outer loop
         vertex 1.415636e+02 1.140158e+02 6.289249e+01
         vertex 1.415879e+02 1.141396e+02 6.299366e+01
         vertex 1.411688e+02 1.142789e+02 6.261341e+01
      endloop
   endfacet
   facet normal -6.848163e-01 -4.030426e-01 6.071106e-01
      outer loop
         vertex 1.411688e+02 1.142789e+02 6.261341e+01
         vertex 1.415879e+02 1.141396e+02 6.299366e+01
         vertex 1.411809e+02 1.144010e+02 6.270815e+01
      endloop
   endfacet
   facet normal -7.390605e-01 -3.656110e-01 5.657899e-01
      outer loop
         vertex 1.411688e+02 1.142789e+02 6.261341e+01
         vertex 1.411809e+02 1.144010e+02 6.270815e+01
         vertex 1.408054e+02 1.145212e+02 6.229530e+01
      endloop
   endfacet
   facet normal -6.238788e-01 -1.955987e-01 7.566481e-01
      outer loop
         vertex 1.413340e+02 1.144607e+02 6.284987e+01
         vertex 1.411809e+02 1.144010e+02 6.270815e+01
         vertex 1.416432e+02 1.142690e+02 6.305522e+01
      endloop
   endfacet
   facet normal -6.163436e-01 -1.075406e-01 7.800997e-01
      outer loop
         vertex 1.416432e+02 1.142690e+02 6.305522e+01
         vertex 1.411809e+02 1.144010e+02 6.270815e+01
         vertex 1.415879e+02 1.141396e+02 6.299366e+01
      endloop
   endfacet
   facet normal -5.622085e-01 -1.467358e-01 8.138736e-01
      outer loop
         vertex 1.416432e+02 1.142690e+02 6.305522e+01
         vertex 1.415879e+02 1.141396e+02 6.299366e+01
         vertex 1.418563e+02 1.141369e+02 6.317860e+01
      endloop
   endfacet
   facet normal -5.607575e-01 -1.643034e-01 8.115143e-01
      outer loop
         vertex 1.418563e+02 1.141369e+02 6.317860e+01
         vertex 1.415879e+02 1.141396e+02 6.299366e+01
         vertex 1.420226e+02 1.138605e+02 6.323760e+01
      endloop
   endfacet
   facet normal -4.678476e-01 -9.402488e-02 8.787935e-01
      outer loop
         vertex 1.418563e+02 1.141369e+02 6.317860e+01
         vertex 1.420226e+02 1.138605e+02 6.323760e+01
         vertex 1.424534e+02 1.137667e+02 6.345687e+01
      endloop
   endfacet
   facet normal -4.738209e-01 -1.454749e-01 8.685222e-01
      outer loop
         vertex 1.424534e+02 1.137667e+02 6.345687e+01
         vertex 1.420226e+02 1.138605e+02 6.323760e+01
         vertex 1.424807e+02 1.135668e+02 6.343827e+01
      endloop
   endfacet
   facet normal -4.252404e-01 -1.412129e-01 8.939964e-01
      outer loop
         vertex 1.424534e+02 1.137667e+02 6.345687e+01
         vertex 1.424807e+02 1.135668e+02 6.343827e+01
         vertex 1.425578e+02 1.137020e+02 6.349632e+01
      endloop
   endfacet
   facet normal -3.966261e-01 -1.616754e-01 9.036309e-01
      outer loop
         vertex 1.425578e+02 1.137020e+02 6.349632e+01
         vertex 1.424807e+02 1.135668e+02 6.343827e+01
         vertex 1.428847e+02 1.134993e+02 6.360354e+01
      endloop
   endfacet
   facet normal -3.963233e-01 -1.579044e-01 9.044302e-01
      outer loop
         vertex 1.428847e+02 1.134993e+02 6.360354e+01
         vertex 1.424807e+02 1.135668e+02 6.343827e+01
         vertex 1.429572e+02 1.132615e+02 6.359379e+01
      endloop
   endfacet
   facet normal -2.723277e-01 -1.221495e-01 9.544198e-01
      outer loop
         vertex 1.428847e+02 1.134993e+02 6.360354e+01
         vertex 1.429572e+02 1.132615e+02 6.359379e+01
         vertex 1.436874e+02 1.130016e+02 6.376888e+01
      endloop
   endfacet
   facet normal -2.542543e-01 -6.422665e-02 9.650024e-01
      outer loop
         vertex 1.436874e+02 1.130016e+02 6.376888e+01
         vertex 1.429572e+02 1.132615e+02 6.359379e+01
         vertex 1.434474e+02 1.129478e+02 6.370207e+01
      endloop
   endfacet
   facet normal -2.171129e-01 -2.139901e-01 9.524023e-01
      outer loop
         vertex 1.436874e+02 1.130016e+02 6.376888e+01
         vertex 1.434474e+02 1.129478e+02 6.370207e+01
         vertex 1.440191e+02 1.127960e+02 6.379829e+01
      endloop
   endfacet
   facet normal -1.983539e-01 -1.313614e-01 9.712878e-01
      outer loop
         vertex 1.440191e+02 1.127960e+02 6.379829e+01
         vertex 1.434474e+02 1.129478e+02 6.370207e+01
         vertex 1.439462e+02 1.126290e+02 6.376081e+01
      endloop
   endfacet
   facet normal -1.065847e-01 -1.731887e-01 9.791044e-01
      outer loop
         vertex 1.440191e+02 1.127960e+02 6.379829e+01
         vertex 1.439462e+02 1.126290e+02 6.376081e+01
         vertex 1.445562e+02 1.124630e+02 6.379785e+01
      endloop
   endfacet
   facet normal -7.339987e-01 -3.946079e-01 5.527481e-01
      outer loop
         vertex 1.408054e+02 1.145212e+02 6.229530e+01
         vertex 1.411809e+02 1.144010e+02 6.270815e+01
         vertex 1.408062e+02 1.146419e+02 6.238254e+01
      endloop
   endfacet
   facet normal -7.051579e-01 -1.646867e-01 6.896598e-01
      outer loop
         vertex 1.408062e+02 1.146419e+02 6.238254e+01
         vertex 1.411809e+02 1.144010e+02 6.270815e+01
         vertex 1.409698e+02 1.146865e+02 6.256053e+01
      endloop
   endfacet
   facet normal -7.348808e-01 -9.592576e-03 6.781285e-01
      outer loop
         vertex 1.408062e+02 1.146419e+02 6.238254e+01
         vertex 1.409698e+02 1.146865e+02 6.256053e+01
         vertex 1.404677e+02 1.148597e+02 6.201880e+01
      endloop
   endfacet
   facet normal -7.450353e-01 -9.508927e-02 6.602124e-01
      outer loop
         vertex 1.404677e+02 1.148597e+02 6.201880e+01
         vertex 1.409698e+02 1.146865e+02 6.256053e+01
         vertex 1.404063e+02 1.150359e+02 6.197496e+01
      endloop
   endfacet
   facet normal -8.226395e-01 -1.499149e-01 5.484431e-01
      outer loop
         vertex 1.404677e+02 1.148597e+02 6.201880e+01
         vertex 1.404063e+02 1.150359e+02 6.197496e+01
         vertex 1.401676e+02 1.150529e+02 6.162152e+01
      endloop
   endfacet
   facet normal -8.194331e-01 -1.776601e-01 5.449462e-01
      outer loop
         vertex 1.401676e+02 1.150529e+02 6.162152e+01
         vertex 1.404063e+02 1.150359e+02 6.197496e+01
         vertex 1.402426e+02 1.151374e+02 6.176187e+01
      endloop
   endfacet
   facet normal -8.630540e-01 -6.570939e-02 5.008194e-01
      outer loop
         vertex 1.401676e+02 1.150529e+02 6.162152e+01
         vertex 1.402426e+02 1.151374e+02 6.176187e+01
         vertex 1.399078e+02 1.152202e+02 6.119579e+01
      endloop
   endfacet
   facet normal -8.599897e-01 -1.564631e-01 4.857334e-01
      outer loop
         vertex 1.399078e+02 1.152202e+02 6.119579e+01
         vertex 1.402426e+02 1.151374e+02 6.176187e+01
         vertex 1.399107e+02 1.153432e+02 6.124045e+01
      endloop
   endfacet
   facet normal -9.077163e-01 -1.244824e-01 4.006934e-01
      outer loop
         vertex 1.399078e+02 1.152202e+02 6.119579e+01
         vertex 1.399107e+02 1.153432e+02 6.124045e+01
         vertex 1.396903e+02 1.153604e+02 6.074649e+01
      endloop
   endfacet
   facet normal -9.023929e-01 -1.680368e-01 3.968006e-01
      outer loop
         vertex 1.396903e+02 1.153604e+02 6.074649e+01
         vertex 1.399107e+02 1.153432e+02 6.124045e+01
         vertex 1.397056e+02 1.154704e+02 6.082789e+01
      endloop
   endfacet
   facet normal -9.375373e-01 -1.129689e-01 3.290317e-01
      outer loop
         vertex 1.396903e+02 1.153604e+02 6.074649e+01
         vertex 1.397056e+02 1.154704e+02 6.082789e+01
         vertex 1.395082e+02 1.155928e+02 6.030740e+01
      endloop
   endfacet
   facet normal -5.766753e-01 -7.989867e-01 1.704869e-01
      outer loop
         vertex 1.429932e+02 1.129130e+02 6.319470e+01
         vertex 1.436153e+02 1.124844e+02 6.329054e+01
         vertex 1.433305e+02 1.127192e+02 6.342773e+01
      endloop
   endfacet
   facet normal -5.684430e-01 -8.004594e-01 1.900982e-01
      outer loop
         vertex 1.433305e+02 1.127192e+02 6.342773e+01
         vertex 1.436153e+02 1.124844e+02 6.329054e+01
         vertex 1.438000e+02 1.123986e+02 6.348136e+01
      endloop
   endfacet
   facet normal -5.158731e-01 -6.649623e-01 5.400926e-01
      outer loop
         vertex 1.433305e+02 1.127192e+02 6.342773e+01
         vertex 1.438000e+02 1.123986e+02 6.348136e+01
         vertex 1.438559e+02 1.124911e+02 6.364867e+01
      endloop
   endfacet
   facet normal -4.713399e-01 -6.956292e-01 5.421611e-01
      outer loop
         vertex 1.438559e+02 1.124911e+02 6.364867e+01
         vertex 1.438000e+02 1.123986e+02 6.348136e+01
         vertex 1.443443e+02 1.121670e+02 6.365749e+01
      endloop
   endfacet
   facet normal -3.041743e-01 -4.353783e-01 8.473038e-01
      outer loop
         vertex 1.438559e+02 1.124911e+02 6.364867e+01
         vertex 1.443443e+02 1.121670e+02 6.365749e+01
         vertex 1.444482e+02 1.123086e+02 6.376754e+01
      endloop
   endfacet
   facet normal -8.214034e-01 -5.698611e-01 2.355280e-02
      outer loop
         vertex 1.393289e+02 1.155069e+02 5.880596e+01
         vertex 1.393987e+02 1.154063e+02 5.880596e+01
         vertex 1.393549e+02 1.154895e+02 5.929118e+01
      endloop
   endfacet
   facet normal -8.224671e-01 -5.683395e-01 2.319569e-02
      outer loop
         vertex 1.393549e+02 1.154895e+02 5.929118e+01
         vertex 1.393987e+02 1.154063e+02 5.880596e+01
         vertex 1.394239e+02 1.153891e+02 5.927712e+01
      endloop
   endfacet
   facet normal -8.177098e-01 -5.714796e-01 6.900507e-02
      outer loop
         vertex 1.393549e+02 1.154895e+02 5.929118e+01
         vertex 1.394239e+02 1.153891e+02 5.927712e+01
         vertex 1.394309e+02 1.154387e+02 5.977103e+01
      endloop
   endfacet
   facet normal -8.206722e-01 -5.672636e-01 6.862293e-02
      outer loop
         vertex 1.394309e+02 1.154387e+02 5.977103e+01
         vertex 1.394239e+02 1.153891e+02 5.927712e+01
         vertex 1.394978e+02 1.153385e+02 5.974308e+01
      endloop
   endfacet
   facet normal -8.115412e-01 -5.733804e-01 1.124087e-01
      outer loop
         vertex 1.394309e+02 1.154387e+02 5.977103e+01
         vertex 1.394978e+02 1.153385e+02 5.974308e+01
         vertex 1.395543e+02 1.153562e+02 6.024136e+01
      endloop
   endfacet
   facet normal -8.159445e-01 -5.670425e-01 1.126828e-01
      outer loop
         vertex 1.395543e+02 1.153562e+02 6.024136e+01
         vertex 1.394978e+02 1.153385e+02 5.974308e+01
         vertex 1.396180e+02 1.152564e+02 6.019966e+01
      endloop
   endfacet
   facet normal -8.027765e-01 -5.759946e-01 1.542079e-01
      outer loop
         vertex 1.395543e+02 1.153562e+02 6.024136e+01
         vertex 1.396180e+02 1.152564e+02 6.019966e+01
         vertex 1.397228e+02 1.152437e+02 6.069792e+01
      endloop
   endfacet
   facet normal -8.081559e-01 -5.680590e-01 1.555414e-01
      outer loop
         vertex 1.397228e+02 1.152437e+02 6.069792e+01
         vertex 1.396180e+02 1.152564e+02 6.019966e+01
         vertex 1.397821e+02 1.151442e+02 6.064260e+01
      endloop
   endfacet
   facet normal -7.911976e-01 -5.797301e-01 1.947291e-01
      outer loop
         vertex 1.397228e+02 1.152437e+02 6.069792e+01
         vertex 1.397821e+02 1.151442e+02 6.064260e+01
         vertex 1.399340e+02 1.151026e+02 6.113630e+01
      endloop
   endfacet
   facet normal -7.971553e-01 -5.706176e-01 1.973297e-01
      outer loop
         vertex 1.399340e+02 1.151026e+02 6.113630e+01
         vertex 1.397821e+02 1.151442e+02 6.064260e+01
         vertex 1.399881e+02 1.150033e+02 6.106756e+01
      endloop
   endfacet
   facet normal -7.765558e-01 -5.849122e-01 2.341769e-01
      outer loop
         vertex 1.399340e+02 1.151026e+02 6.113630e+01
         vertex 1.399881e+02 1.150033e+02 6.106756e+01
         vertex 1.401861e+02 1.149343e+02 6.155191e+01
      endloop
   endfacet
   facet normal -7.828211e-01 -5.748619e-01 2.381700e-01
      outer loop
         vertex 1.401861e+02 1.149343e+02 6.155191e+01
         vertex 1.399881e+02 1.150033e+02 6.106756e+01
         vertex 1.402340e+02 1.148352e+02 6.147003e+01
      endloop
   endfacet
   facet normal -7.585774e-01 -5.917397e-01 2.727719e-01
      outer loop
         vertex 1.401861e+02 1.149343e+02 6.155191e+01
         vertex 1.402340e+02 1.148352e+02 6.147003e+01
         vertex 1.404772e+02 1.147401e+02 6.193993e+01
      endloop
   endfacet
   facet normal -7.649766e-01 -5.808315e-01 2.782906e-01
      outer loop
         vertex 1.404772e+02 1.147401e+02 6.193993e+01
         vertex 1.402340e+02 1.148352e+02 6.147003e+01
         vertex 1.405179e+02 1.146411e+02 6.184536e+01
      endloop
   endfacet
   facet normal -7.369067e-01 -6.003217e-01 3.107770e-01
      outer loop
         vertex 1.404772e+02 1.147401e+02 6.193993e+01
         vertex 1.405179e+02 1.146411e+02 6.184536e+01
         vertex 1.408054e+02 1.145212e+02 6.229530e+01
      endloop
   endfacet
   facet normal -7.433768e-01 -5.883953e-01 3.180910e-01
      outer loop
         vertex 1.408054e+02 1.145212e+02 6.229530e+01
         vertex 1.405179e+02 1.146411e+02 6.184536e+01
         vertex 1.408380e+02 1.144223e+02 6.218870e+01
      endloop
   endfacet
   facet normal -7.116151e-01 -6.102749e-01 3.480925e-01
      outer loop
         vertex 1.408054e+02 1.145212e+02 6.229530e+01
         vertex 1.408380e+02 1.144223e+02 6.218870e+01
         vertex 1.411688e+02 1.142789e+02 6.261341e+01
      endloop
   endfacet
   facet normal -7.180411e-01 -5.971509e-01 3.575302e-01
      outer loop
         vertex 1.411688e+02 1.142789e+02 6.261341e+01
         vertex 1.408380e+02 1.144223e+02 6.218870e+01
         vertex 1.411922e+02 1.141803e+02 6.249569e+01
      endloop
   endfacet
   facet normal -6.843530e-01 -6.201532e-01 3.834985e-01
      outer loop
         vertex 1.411688e+02 1.142789e+02 6.261341e+01
         vertex 1.411922e+02 1.141803e+02 6.249569e+01
         vertex 1.415636e+02 1.140158e+02 6.289249e+01
      endloop
   endfacet
   facet normal -6.903697e-01 -6.061473e-01 3.949369e-01
      outer loop
         vertex 1.415636e+02 1.140158e+02 6.289249e+01
         vertex 1.411922e+02 1.141803e+02 6.249569e+01
         vertex 1.415766e+02 1.139175e+02 6.276449e+01
      endloop
   endfacet
   facet normal -6.553713e-01 -6.299233e-01 4.167554e-01
      outer loop
         vertex 1.415636e+02 1.140158e+02 6.289249e+01
         vertex 1.415766e+02 1.139175e+02 6.276449e+01
         vertex 1.419856e+02 1.137347e+02 6.313128e+01
      endloop
   endfacet
   facet normal -6.606361e-01 -6.154719e-01 4.298305e-01
      outer loop
         vertex 1.419856e+02 1.137347e+02 6.313128e+01
         vertex 1.415766e+02 1.139175e+02 6.276449e+01
         vertex 1.419871e+02 1.136370e+02 6.299374e+01
      endloop
   endfacet
   facet normal -6.243227e-01 -6.401231e-01 4.477316e-01
      outer loop
         vertex 1.419856e+02 1.137347e+02 6.313128e+01
         vertex 1.419871e+02 1.136370e+02 6.299374e+01
         vertex 1.424305e+02 1.134385e+02 6.332824e+01
      endloop
   endfacet
   facet normal -6.286164e-01 -6.255763e-01 4.620559e-01
      outer loop
         vertex 1.424305e+02 1.134385e+02 6.332824e+01
         vertex 1.419871e+02 1.136370e+02 6.299374e+01
         vertex 1.424193e+02 1.133417e+02 6.318190e+01
      endloop
   endfacet
   facet normal -5.908511e-01 -6.512837e-01 4.761560e-01
      outer loop
         vertex 1.424305e+02 1.134385e+02 6.332824e+01
         vertex 1.424193e+02 1.133417e+02 6.318190e+01
         vertex 1.428938e+02 1.131303e+02 6.348156e+01
      endloop
   endfacet
   facet normal -5.838242e-01 -6.785285e-01 4.458120e-01
      outer loop
         vertex 1.428938e+02 1.131303e+02 6.348156e+01
         vertex 1.424193e+02 1.133417e+02 6.318190e+01
         vertex 1.433305e+02 1.127192e+02 6.342773e+01
      endloop
   endfacet
   facet normal -5.514611e-01 -6.536432e-01 5.183062e-01
      outer loop
         vertex 1.428938e+02 1.131303e+02 6.348156e+01
         vertex 1.433305e+02 1.127192e+02 6.342773e+01
         vertex 1.433706e+02 1.128134e+02 6.358915e+01
      endloop
   endfacet
   facet normal -5.149358e-01 -6.785939e-01 5.237856e-01
      outer loop
         vertex 1.433706e+02 1.128134e+02 6.358915e+01
         vertex 1.433305e+02 1.127192e+02 6.342773e+01
         vertex 1.438559e+02 1.124911e+02 6.364867e+01
      endloop
   endfacet
   facet normal -3.804000e-01 -4.206743e-01 8.236073e-01
      outer loop
         vertex 1.433706e+02 1.128134e+02 6.358915e+01
         vertex 1.438559e+02 1.124911e+02 6.364867e+01
         vertex 1.439462e+02 1.126290e+02 6.376081e+01
      endloop
   endfacet
   facet normal -3.104384e-01 -4.690729e-01 8.268003e-01
      outer loop
         vertex 1.439462e+02 1.126290e+02 6.376081e+01
         vertex 1.438559e+02 1.124911e+02 6.364867e+01
         vertex 1.444482e+02 1.123086e+02 6.376754e+01
      endloop
   endfacet
   facet normal -9.468183e-02 -1.276239e-01 9.872930e-01
      outer loop
         vertex 1.439462e+02 1.126290e+02 6.376081e+01
         vertex 1.444482e+02 1.123086e+02 6.376754e+01
         vertex 1.445562e+02 1.124630e+02 6.379785e+01
      endloop
   endfacet
   facet normal -4.253793e-01 -8.751979e-01 -2.303932e-01
      outer loop
         vertex 1.478028e+02 1.096271e+02 5.265551e+01
         vertex 1.476677e+02 1.096928e+02 5.265551e+01
         vertex 1.478648e+02 1.096400e+02 5.249200e+01
      endloop
   endfacet
   facet normal -3.620339e-01 -9.217417e-01 -1.390095e-01
      outer loop
         vertex 1.478648e+02 1.096400e+02 5.249200e+01
         vertex 1.476677e+02 1.096928e+02 5.265551e+01
         vertex 1.477910e+02 1.096741e+02 5.245787e+01
      endloop
   endfacet
   facet normal -1.317560e-01 -8.287495e-01 -5.438884e-01
      outer loop
         vertex 1.478648e+02 1.096400e+02 5.249200e+01
         vertex 1.477910e+02 1.096741e+02 5.245787e+01
         vertex 1.479513e+02 1.097510e+02 5.230196e+01
      endloop
   endfacet
   facet normal -1.484986e-01 -9.772142e-01 -1.516591e-01
      outer loop
         vertex 1.479513e+02 1.096045e+02 5.265551e+01
         vertex 1.478028e+02 1.096271e+02 5.265551e+01
         vertex 1.479513e+02 1.096280e+02 5.250397e+01
      endloop
   endfacet
   facet normal -1.192086e-01 -9.852207e-01 -1.230018e-01
      outer loop
         vertex 1.479513e+02 1.096280e+02 5.250397e+01
         vertex 1.478028e+02 1.096271e+02 5.265551e+01
         vertex 1.478648e+02 1.096400e+02 5.249200e+01
      endloop
   endfacet
   facet normal -8.213268e-02 -9.360908e-01 -3.420355e-01
      outer loop
         vertex 1.479513e+02 1.096280e+02 5.250397e+01
         vertex 1.478648e+02 1.096400e+02 5.249200e+01
         vertex 1.479513e+02 1.096426e+02 5.246417e+01
      endloop
   endfacet
   facet normal -1.521304e-01 -8.217917e-01 -5.491036e-01
      outer loop
         vertex 1.479513e+02 1.096426e+02 5.246417e+01
         vertex 1.478648e+02 1.096400e+02 5.249200e+01
         vertex 1.479513e+02 1.097510e+02 5.230196e+01
      endloop
   endfacet
   facet normal 3.735322e-01 -9.100259e-01 -1.797959e-01
      outer loop
         vertex 1.568903e+02 1.106758e+02 5.165551e+01
         vertex 1.567766e+02 1.106681e+02 5.145826e+01
         vertex 1.569797e+02 1.107718e+02 5.135499e+01
      endloop
   endfacet
   facet normal 4.184474e-01 -8.938116e-01 -1.612532e-01
      outer loop
         vertex 1.568903e+02 1.106758e+02 5.165551e+01
         vertex 1.569797e+02 1.107718e+02 5.135499e+01
         vertex 1.570972e+02 1.107999e+02 5.150432e+01
      endloop
   endfacet
   facet normal 3.753325e-01 -9.187405e-01 -1.226433e-01
      outer loop
         vertex 1.570972e+02 1.107999e+02 5.150432e+01
         vertex 1.569797e+02 1.107718e+02 5.135499e+01
         vertex 1.571295e+02 1.108497e+02 5.122982e+01
      endloop
   endfacet
   facet normal 4.034747e-01 -9.074437e-01 -1.172778e-01
      outer loop
         vertex 1.570972e+02 1.107999e+02 5.150432e+01
         vertex 1.571295e+02 1.108497e+02 5.122982e+01
         vertex 1.572851e+02 1.109126e+02 5.127849e+01
      endloop
   endfacet
   facet normal 3.903703e-01 -9.186389e-01 -6.094026e-02
      outer loop
         vertex 1.572851e+02 1.109126e+02 5.127849e+01
         vertex 1.571295e+02 1.108497e+02 5.122982e+01
         vertex 1.572236e+02 1.108988e+02 5.109216e+01
      endloop
   endfacet
   facet normal 4.032800e-01 -9.127195e-01 -6.563848e-02
      outer loop
         vertex 1.572851e+02 1.109126e+02 5.127849e+01
         vertex 1.572236e+02 1.108988e+02 5.109216e+01
         vertex 1.573465e+02 1.109495e+02 5.114337e+01
      endloop
   endfacet
   facet normal 3.883889e-01 -9.212455e-01 -2.146540e-02
      outer loop
         vertex 1.573465e+02 1.109495e+02 5.114337e+01
         vertex 1.572236e+02 1.108988e+02 5.109216e+01
         vertex 1.572563e+02 1.109160e+02 5.094840e+01
      endloop
   endfacet
   facet normal 4.020184e-01 -9.151783e-01 -2.880806e-02
      outer loop
         vertex 1.573465e+02 1.109495e+02 5.114337e+01
         vertex 1.572563e+02 1.109160e+02 5.094840e+01
         vertex 1.573773e+02 1.109679e+02 5.098619e+01
      endloop
   endfacet
   facet normal 3.888739e-01 -9.210440e-01 2.133070e-02
      outer loop
         vertex 1.573773e+02 1.109679e+02 5.098619e+01
         vertex 1.572563e+02 1.109160e+02 5.094840e+01
         vertex 1.572236e+02 1.108988e+02 5.080465e+01
      endloop
   endfacet
   facet normal 3.800919e-01 -9.244599e-01 3.006765e-02
      outer loop
         vertex 1.573773e+02 1.109679e+02 5.098619e+01
         vertex 1.572236e+02 1.108988e+02 5.080465e+01
         vertex 1.573292e+02 1.109391e+02 5.070707e+01
      endloop
   endfacet
   facet normal 3.988000e-01 -9.154441e-01 5.404320e-02
      outer loop
         vertex 1.573292e+02 1.109391e+02 5.070707e+01
         vertex 1.572236e+02 1.108988e+02 5.080465e+01
         vertex 1.571295e+02 1.108497e+02 5.066698e+01
      endloop
   endfacet
   facet normal 3.924537e-01 -9.157174e-01 8.626545e-02
      outer loop
         vertex 1.573292e+02 1.109391e+02 5.070707e+01
         vertex 1.571295e+02 1.108497e+02 5.066698e+01
         vertex 1.572513e+02 1.108923e+02 5.056524e+01
      endloop
   endfacet
   facet normal 3.971369e-01 -9.130361e-01 9.299133e-02
      outer loop
         vertex 1.572513e+02 1.108923e+02 5.056524e+01
         vertex 1.571295e+02 1.108497e+02 5.066698e+01
         vertex 1.569797e+02 1.107718e+02 5.054182e+01
      endloop
   endfacet
   facet normal 3.904672e-01 -9.086659e-01 1.478566e-01
      outer loop
         vertex 1.572513e+02 1.108923e+02 5.056524e+01
         vertex 1.569797e+02 1.107718e+02 5.054182e+01
         vertex 1.570407e+02 1.107660e+02 5.034485e+01
      endloop
   endfacet
   facet normal 4.014228e-01 -8.945698e-01 1.964803e-01
      outer loop
         vertex 1.567766e+02 1.106681e+02 5.043855e+01
         vertex 1.568903e+02 1.106758e+02 5.024130e+01
         vertex 1.570407e+02 1.107660e+02 5.034485e+01
      endloop
   endfacet
   facet normal 3.894697e-01 -9.091418e-01 1.475620e-01
      outer loop
         vertex 1.570407e+02 1.107660e+02 5.034485e+01
         vertex 1.569797e+02 1.107718e+02 5.054182e+01
         vertex 1.567766e+02 1.106681e+02 5.043855e+01
      endloop
   endfacet
   facet normal 1.922541e-01 -8.552313e-01 4.812669e-01
      outer loop
         vertex 1.567766e+02 1.106681e+02 5.043855e+01
         vertex 1.569797e+02 1.107718e+02 5.054182e+01
         vertex 1.568395e+02 1.108129e+02 5.067079e+01
      endloop
   endfacet
   facet normal 6.700786e-02 -8.546630e-01 5.148408e-01
      outer loop
         vertex 1.567766e+02 1.106681e+02 5.043855e+01
         vertex 1.568395e+02 1.108129e+02 5.067079e+01
         vertex 1.566331e+02 1.107510e+02 5.059485e+01
      endloop
   endfacet
   facet normal 1.346665e-01 -8.188568e-01 -5.579771e-01
      outer loop
         vertex 1.567766e+02 1.106681e+02 5.145826e+01
         vertex 1.566331e+02 1.107510e+02 5.130196e+01
         vertex 1.569797e+02 1.107718e+02 5.135499e+01
      endloop
   endfacet
   facet normal 1.178445e-01 -9.020305e-01 -4.152754e-01
      outer loop
         vertex 1.569797e+02 1.107718e+02 5.135499e+01
         vertex 1.566331e+02 1.107510e+02 5.130196e+01
         vertex 1.568395e+02 1.108129e+02 5.122602e+01
      endloop
   endfacet
   facet normal 1.199610e-01 -9.008609e-01 -4.172039e-01
      outer loop
         vertex 1.569797e+02 1.107718e+02 5.135499e+01
         vertex 1.568395e+02 1.108129e+02 5.122602e+01
         vertex 1.571295e+02 1.108497e+02 5.122982e+01
      endloop
   endfacet
   facet normal 1.248481e-01 -9.544041e-01 -2.711563e-01
      outer loop
         vertex 1.571295e+02 1.108497e+02 5.122982e+01
         vertex 1.568395e+02 1.108129e+02 5.122602e+01
         vertex 1.570196e+02 1.108669e+02 5.111878e+01
      endloop
   endfacet
   facet normal 1.156527e-01 -9.579489e-01 -2.625993e-01
      outer loop
         vertex 1.571295e+02 1.108497e+02 5.122982e+01
         vertex 1.570196e+02 1.108669e+02 5.111878e+01
         vertex 1.572236e+02 1.108988e+02 5.109216e+01
      endloop
   endfacet
   facet normal 1.358676e-01 -9.813736e-01 -1.358152e-01
      outer loop
         vertex 1.572236e+02 1.108988e+02 5.109216e+01
         vertex 1.570196e+02 1.108669e+02 5.111878e+01
         vertex 1.571022e+02 1.108917e+02 5.102229e+01
      endloop
   endfacet
   facet normal 1.115389e-01 -9.894223e-01 -9.275049e-02
      outer loop
         vertex 1.572236e+02 1.108988e+02 5.109216e+01
         vertex 1.571022e+02 1.108917e+02 5.102229e+01
         vertex 1.572563e+02 1.109160e+02 5.094840e+01
      endloop
   endfacet
   facet normal 1.362785e-01 -9.898102e-01 -4.127933e-02
      outer loop
         vertex 1.572563e+02 1.109160e+02 5.094840e+01
         vertex 1.571022e+02 1.108917e+02 5.102229e+01
         vertex 1.571212e+02 1.108974e+02 5.094840e+01
      endloop
   endfacet
   facet normal 1.358788e-01 -9.869071e-01 8.689884e-02
      outer loop
         vertex 1.572563e+02 1.109160e+02 5.094840e+01
         vertex 1.571212e+02 1.108974e+02 5.094840e+01
         vertex 1.572236e+02 1.108988e+02 5.080465e+01
      endloop
   endfacet
   facet normal 8.969788e-02 -9.945068e-01 5.394879e-02
      outer loop
         vertex 1.572236e+02 1.108988e+02 5.080465e+01
         vertex 1.571212e+02 1.108974e+02 5.094840e+01
         vertex 1.571020e+02 1.108916e+02 5.087405e+01
      endloop
   endfacet
   facet normal 1.813087e-01 -9.589354e-01 2.181059e-01
      outer loop
         vertex 1.572236e+02 1.108988e+02 5.080465e+01
         vertex 1.571020e+02 1.108916e+02 5.087405e+01
         vertex 1.571295e+02 1.108497e+02 5.066698e+01
      endloop
   endfacet
   facet normal 6.259092e-02 -9.765714e-01 2.058898e-01
      outer loop
         vertex 1.571295e+02 1.108497e+02 5.066698e+01
         vertex 1.571020e+02 1.108916e+02 5.087405e+01
         vertex 1.570077e+02 1.108633e+02 5.076853e+01
      endloop
   endfacet
   facet normal 1.872804e-01 -9.187017e-01 3.477258e-01
      outer loop
         vertex 1.571295e+02 1.108497e+02 5.066698e+01
         vertex 1.570077e+02 1.108633e+02 5.076853e+01
         vertex 1.569797e+02 1.107718e+02 5.054182e+01
      endloop
   endfacet
   facet normal 2.602276e-02 -9.280959e-01 3.714308e-01
      outer loop
         vertex 1.569797e+02 1.107718e+02 5.054182e+01
         vertex 1.570077e+02 1.108633e+02 5.076853e+01
         vertex 1.569431e+02 1.108440e+02 5.072466e+01
      endloop
   endfacet
   facet normal 7.922142e-02 -9.217645e-01 3.795709e-01
      outer loop
         vertex 1.569797e+02 1.107718e+02 5.054182e+01
         vertex 1.569431e+02 1.108440e+02 5.072466e+01
         vertex 1.568395e+02 1.108129e+02 5.067079e+01
      endloop
   endfacet
   facet normal 4.070010e-02 -8.496265e-01 5.258120e-01
      outer loop
         vertex 1.549664e+02 1.097510e+02 4.959485e+01
         vertex 1.549664e+02 1.096304e+02 4.939999e+01
         vertex 1.550433e+02 1.096400e+02 4.940965e+01
      endloop
   endfacet
   facet normal 3.238425e-01 -9.343667e-01 1.486102e-01
      outer loop
         vertex 1.552237e+02 1.096758e+02 4.924130e+01
         vertex 1.551107e+02 1.096678e+02 4.943745e+01
         vertex 1.550433e+02 1.096400e+02 4.940965e+01
      endloop
   endfacet
   facet normal 3.844960e-01 -8.961044e-01 2.217199e-01
      outer loop
         vertex 1.552237e+02 1.096758e+02 4.924130e+01
         vertex 1.550433e+02 1.096400e+02 4.940965e+01
         vertex 1.550999e+02 1.096227e+02 4.924130e+01
      endloop
   endfacet
   facet normal 1.065036e-01 -9.847718e-01 1.374097e-01
      outer loop
         vertex 1.550999e+02 1.096227e+02 4.924130e+01
         vertex 1.550433e+02 1.096400e+02 4.940965e+01
         vertex 1.549664e+02 1.096304e+02 4.939999e+01
      endloop
   endfacet
   facet normal 1.329737e-01 -9.782251e-01 1.593542e-01
      outer loop
         vertex 1.550999e+02 1.096227e+02 4.924130e+01
         vertex 1.549664e+02 1.096304e+02 4.939999e+01
         vertex 1.549664e+02 1.096045e+02 4.924130e+01
      endloop
   endfacet
   facet normal 1.171086e-01 -8.297932e-01 5.456453e-01
      outer loop
         vertex 1.551107e+02 1.096678e+02 4.943745e+01
         vertex 1.549664e+02 1.097510e+02 4.959485e+01
         vertex 1.550433e+02 1.096400e+02 4.940965e+01
      endloop
   endfacet
   facet normal -4.285747e-01 -8.817724e-01 -1.969803e-01
      outer loop
         vertex 1.478028e+02 1.096271e+02 3.885731e+01
         vertex 1.476677e+02 1.096928e+02 3.885731e+01
         vertex 1.478285e+02 1.096551e+02 3.867569e+01
      endloop
   endfacet
   facet normal -4.157764e-01 -8.907022e-01 -1.837924e-01
      outer loop
         vertex 1.478285e+02 1.096551e+02 3.867569e+01
         vertex 1.476677e+02 1.096928e+02 3.885731e+01
         vertex 1.477023e+02 1.097165e+02 3.866377e+01
      endloop
   endfacet
   facet normal -3.223642e-01 -7.698738e-01 -5.507955e-01
      outer loop
         vertex 1.478285e+02 1.096551e+02 3.867569e+01
         vertex 1.477023e+02 1.097165e+02 3.866377e+01
         vertex 1.478760e+02 1.097563e+02 3.850645e+01
      endloop
   endfacet
   facet normal -3.223624e-01 -7.698756e-01 -5.507940e-01
      outer loop
         vertex 1.478760e+02 1.097563e+02 3.850645e+01
         vertex 1.477023e+02 1.097165e+02 3.866377e+01
         vertex 1.477782e+02 1.098039e+02 3.849722e+01
      endloop
   endfacet
   facet normal -1.747545e-01 -5.215471e-01 -8.351344e-01
      outer loop
         vertex 1.478760e+02 1.097563e+02 3.850645e+01
         vertex 1.477782e+02 1.098039e+02 3.849722e+01
         vertex 1.479359e+02 1.099148e+02 3.839495e+01
      endloop
   endfacet
   facet normal -1.747536e-01 -5.215480e-01 -8.351341e-01
      outer loop
         vertex 1.479359e+02 1.099148e+02 3.839495e+01
         vertex 1.477782e+02 1.098039e+02 3.849722e+01
         vertex 1.478826e+02 1.099407e+02 3.838992e+01
      endloop
   endfacet
   facet normal 3.073176e-03 -1.845521e-01 -9.828179e-01
      outer loop
         vertex 1.479359e+02 1.099148e+02 3.839495e+01
         vertex 1.478826e+02 1.099407e+02 3.838992e+01
         vertex 1.479983e+02 1.101045e+02 3.835952e+01
      endloop
   endfacet
   facet normal -1.476659e-01 -9.717346e-01 -1.841920e-01
      outer loop
         vertex 1.479513e+02 1.096045e+02 3.885731e+01
         vertex 1.478028e+02 1.096271e+02 3.885731e+01
         vertex 1.479672e+02 1.096340e+02 3.868879e+01
      endloop
   endfacet
   facet normal -1.325234e-01 -9.765594e-01 -1.696150e-01
      outer loop
         vertex 1.479672e+02 1.096340e+02 3.868879e+01
         vertex 1.478028e+02 1.096271e+02 3.885731e+01
         vertex 1.478285e+02 1.096551e+02 3.867569e+01
      endloop
   endfacet
   facet normal -9.627598e-02 -8.986489e-01 -4.279733e-01
      outer loop
         vertex 1.479672e+02 1.096340e+02 3.868879e+01
         vertex 1.478285e+02 1.096551e+02 3.867569e+01
         vertex 1.479748e+02 1.096715e+02 3.860842e+01
      endloop
   endfacet
   facet normal -1.550898e-01 -8.281113e-01 -5.386825e-01
      outer loop
         vertex 1.479748e+02 1.096715e+02 3.860842e+01
         vertex 1.478285e+02 1.096551e+02 3.867569e+01
         vertex 1.478760e+02 1.097563e+02 3.850645e+01
      endloop
   endfacet
   facet normal -6.451662e-02 -7.969895e-01 -6.005376e-01
      outer loop
         vertex 1.479748e+02 1.096715e+02 3.860842e+01
         vertex 1.478760e+02 1.097563e+02 3.850645e+01
         vertex 1.479835e+02 1.097400e+02 3.851660e+01
      endloop
   endfacet
   facet normal -9.751581e-03 -5.729196e-01 -8.195535e-01
      outer loop
         vertex 1.479835e+02 1.097400e+02 3.851660e+01
         vertex 1.478760e+02 1.097563e+02 3.850645e+01
         vertex 1.479359e+02 1.099148e+02 3.839495e+01
      endloop
   endfacet
   facet normal -2.087933e-01 -5.962187e-01 -7.751959e-01
      outer loop
         vertex 1.479835e+02 1.097400e+02 3.851660e+01
         vertex 1.479359e+02 1.099148e+02 3.839495e+01
         vertex 1.479920e+02 1.098545e+02 3.842621e+01
      endloop
   endfacet
   facet normal 2.462380e-01 -2.556021e-01 -9.348981e-01
      outer loop
         vertex 1.479920e+02 1.098545e+02 3.842621e+01
         vertex 1.479359e+02 1.099148e+02 3.839495e+01
         vertex 1.479983e+02 1.101045e+02 3.835952e+01
      endloop
   endfacet
   facet normal -9.929097e-01 -1.188707e-01 1.438409e-16
      outer loop
         vertex 1.392716e+02 1.157394e+02 5.880596e+01
         vertex 1.392716e+02 1.157394e+02 4.309085e+01
         vertex 1.392857e+02 1.156214e+02 4.309085e+01
      endloop
   endfacet
   facet normal -9.708848e-01 -2.395452e-01 9.261113e-04
      outer loop
         vertex 1.392716e+02 1.157394e+02 5.880596e+01
         vertex 1.392857e+02 1.156214e+02 4.309085e+01
         vertex 1.393289e+02 1.155069e+02 5.880596e+01
      endloop
   endfacet
   facet normal -9.355258e-01 -3.532583e-01 1.059828e-16
      outer loop
         vertex 1.393289e+02 1.155069e+02 5.880596e+01
         vertex 1.392857e+02 1.156214e+02 4.309085e+01
         vertex 1.393289e+02 1.155069e+02 4.309085e+01
      endloop
   endfacet
   facet normal -8.216314e-01 -5.700192e-01 6.126817e-17
      outer loop
         vertex 1.393289e+02 1.155069e+02 5.880596e+01
         vertex 1.393289e+02 1.155069e+02 4.309085e+01
         vertex 1.393987e+02 1.154063e+02 5.880596e+01
      endloop
   endfacet
   facet normal -7.480565e-01 -6.636344e-01 -9.259891e-04
      outer loop
         vertex 1.393987e+02 1.154063e+02 5.880596e+01
         vertex 1.393289e+02 1.155069e+02 4.309085e+01
         vertex 1.394879e+02 1.153277e+02 4.309085e+01
      endloop
   endfacet
   facet normal -6.611851e-01 -7.502228e-01 1.360409e-17
      outer loop
         vertex 1.393987e+02 1.154063e+02 5.880596e+01
         vertex 1.394879e+02 1.153277e+02 4.309085e+01
         vertex 1.394879e+02 1.153277e+02 5.880596e+01
      endloop
   endfacet
   facet normal -8.237100e-02 -7.619486e-01 -6.423779e-01
      outer loop
         vertex 1.464997e+02 1.107510e+02 5.130196e+01
         vertex 1.479513e+02 1.097510e+02 5.230196e+01
         vertex 1.464179e+02 1.107014e+02 5.137118e+01
      endloop
   endfacet
   facet normal -1.599989e-01 -8.102532e-01 -5.638175e-01
      outer loop
         vertex 1.464179e+02 1.107014e+02 5.137118e+01
         vertex 1.479513e+02 1.097510e+02 5.230196e+01
         vertex 1.477910e+02 1.096741e+02 5.245787e+01
      endloop
   endfacet
   facet normal -2.429007e-01 -8.392483e-01 -4.864788e-01
      outer loop
         vertex 1.464179e+02 1.107014e+02 5.137118e+01
         vertex 1.477910e+02 1.096741e+02 5.245787e+01
         vertex 1.463402e+02 1.106743e+02 5.145677e+01
      endloop
   endfacet
   facet normal -4.567460e-01 -8.660421e-01 -2.033573e-01
      outer loop
         vertex 1.463402e+02 1.106743e+02 5.145677e+01
         vertex 1.477910e+02 1.096741e+02 5.245787e+01
         vertex 1.476677e+02 1.096928e+02 5.265551e+01
      endloop
   endfacet
   facet normal -4.558805e-01 -8.662352e-01 -2.044738e-01
      outer loop
         vertex 1.463402e+02 1.106743e+02 5.145677e+01
         vertex 1.476677e+02 1.096928e+02 5.265551e+01
         vertex 1.462160e+02 1.106928e+02 5.165551e+01
      endloop
   endfacet
   facet normal 2.873456e-01 -9.578270e-01 -1.741315e-06
      outer loop
         vertex 1.570077e+02 1.108633e+02 5.076853e+01
         vertex 1.571020e+02 1.108916e+02 5.087405e+01
         vertex 1.571212e+02 1.108974e+02 5.094840e+01
      endloop
   endfacet
   facet normal 4.296178e-16 -7.749670e-01 -6.320017e-01
      outer loop
         vertex 1.566331e+02 1.107510e+02 5.130196e+01
         vertex 1.464997e+02 1.107510e+02 5.130196e+01
         vertex 1.568395e+02 1.108129e+02 5.122602e+01
      endloop
   endfacet
   facet normal 1.748513e-09 -7.749671e-01 -6.320016e-01
      outer loop
         vertex 1.568395e+02 1.108129e+02 5.122602e+01
         vertex 1.464997e+02 1.107510e+02 5.130196e+01
         vertex 1.463199e+02 1.108129e+02 5.122602e+01
      endloop
   endfacet
   facet normal 1.256835e-09 -8.908568e-01 -4.542842e-01
      outer loop
         vertex 1.568395e+02 1.108129e+02 5.122602e+01
         vertex 1.463199e+02 1.108129e+02 5.122602e+01
         vertex 1.461681e+02 1.108652e+02 5.112350e+01
      endloop
   endfacet
   facet normal 6.566704e-16 -8.290659e-01 5.591509e-01
      outer loop
         vertex 1.461946e+02 1.108561e+02 5.075068e+01
         vertex 1.464997e+02 1.107510e+02 5.059485e+01
         vertex 1.566331e+02 1.107510e+02 5.059485e+01
      endloop
   endfacet
   facet normal 1.572752e-03 -7.770558e-01 6.294298e-01
      outer loop
         vertex 1.566331e+02 1.107510e+02 5.059485e+01
         vertex 1.568395e+02 1.108129e+02 5.067079e+01
         vertex 1.461946e+02 1.108561e+02 5.075068e+01
      endloop
   endfacet
   facet normal 2.359152e-04 -8.663057e-01 4.995141e-01
      outer loop
         vertex 1.461946e+02 1.108561e+02 5.075068e+01
         vertex 1.568395e+02 1.108129e+02 5.067079e+01
         vertex 1.569431e+02 1.108440e+02 5.072466e+01
      endloop
   endfacet
   facet normal -3.898417e-04 -9.588553e-01 2.838949e-01
      outer loop
         vertex 1.461946e+02 1.108561e+02 5.075068e+01
         vertex 1.569431e+02 1.108440e+02 5.072466e+01
         vertex 1.460947e+02 1.108904e+02 5.086669e+01
      endloop
   endfacet
   facet normal 1.344555e-03 -9.155479e-01 4.022068e-01
      outer loop
         vertex 1.460947e+02 1.108904e+02 5.086669e+01
         vertex 1.569431e+02 1.108440e+02 5.072466e+01
         vertex 1.570077e+02 1.108633e+02 5.076853e+01
      endloop
   endfacet
   facet normal -1.713901e-03 -9.964232e-01 8.448634e-02
      outer loop
         vertex 1.460947e+02 1.108904e+02 5.086669e+01
         vertex 1.570077e+02 1.108633e+02 5.076853e+01
         vertex 1.460745e+02 1.108974e+02 5.094840e+01
      endloop
   endfacet
   facet normal 7.131022e-16 -9.825430e-01 1.860359e-01
      outer loop
         vertex 1.460745e+02 1.108974e+02 5.094840e+01
         vertex 1.570077e+02 1.108633e+02 5.076853e+01
         vertex 1.571212e+02 1.108974e+02 5.094840e+01
      endloop
   endfacet
   facet normal 6.662027e-16 -9.971899e-01 -7.491573e-02
      outer loop
         vertex 1.460745e+02 1.108974e+02 5.094840e+01
         vertex 1.571212e+02 1.108974e+02 5.094840e+01
         vertex 1.460902e+02 1.108920e+02 5.102041e+01
      endloop
   endfacet
   facet normal -1.272942e-05 -9.970423e-01 -7.685469e-02
      outer loop
         vertex 1.460902e+02 1.108920e+02 5.102041e+01
         vertex 1.571212e+02 1.108974e+02 5.094840e+01
         vertex 1.571022e+02 1.108917e+02 5.102229e+01
      endloop
   endfacet
   facet normal 1.789531e-05 -9.677634e-01 -2.518612e-01
      outer loop
         vertex 1.460902e+02 1.108920e+02 5.102041e+01
         vertex 1.571022e+02 1.108917e+02 5.102229e+01
         vertex 1.461681e+02 1.108652e+02 5.112350e+01
      endloop
   endfacet
   facet normal 4.749409e-05 -9.685378e-01 -2.488665e-01
      outer loop
         vertex 1.461681e+02 1.108652e+02 5.112350e+01
         vertex 1.571022e+02 1.108917e+02 5.102229e+01
         vertex 1.570196e+02 1.108669e+02 5.111878e+01
      endloop
   endfacet
   facet normal -5.198019e-05 -8.930362e-01 -4.499848e-01
      outer loop
         vertex 1.461681e+02 1.108652e+02 5.112350e+01
         vertex 1.570196e+02 1.108669e+02 5.111878e+01
         vertex 1.568395e+02 1.108129e+02 5.122602e+01
      endloop
   endfacet
   facet normal 1.482665e-01 -8.118449e-01 5.647344e-01
      outer loop
         vertex 1.566331e+02 1.107510e+02 5.059485e+01
         vertex 1.549664e+02 1.097510e+02 4.959485e+01
         vertex 1.551107e+02 1.096678e+02 4.943745e+01
      endloop
   endfacet
   facet normal 1.472867e-01 -8.114096e-01 5.656157e-01
      outer loop
         vertex 1.566331e+02 1.107510e+02 5.059485e+01
         vertex 1.551107e+02 1.096678e+02 4.943745e+01
         vertex 1.567766e+02 1.106681e+02 5.043855e+01
      endloop
   endfacet
   facet normal 4.123928e-01 -8.884544e-01 2.014472e-01
      outer loop
         vertex 1.567766e+02 1.106681e+02 5.043855e+01
         vertex 1.551107e+02 1.096678e+02 4.943745e+01
         vertex 1.552237e+02 1.096758e+02 4.924130e+01
      endloop
   endfacet
   facet normal 4.115931e-01 -8.885680e-01 2.025786e-01
      outer loop
         vertex 1.567766e+02 1.106681e+02 5.043855e+01
         vertex 1.552237e+02 1.096758e+02 4.924130e+01
         vertex 1.568903e+02 1.106758e+02 5.024130e+01
      endloop
   endfacet
   facet normal 7.008369e-16 -9.881705e-01 1.533594e-01
      outer loop
         vertex 1.479513e+02 1.096045e+02 4.924130e+01
         vertex 1.549664e+02 1.096045e+02 4.924130e+01
         vertex 1.479513e+02 1.096280e+02 4.939284e+01
      endloop
   endfacet
   facet normal 1.643055e-04 -9.869899e-01 1.607820e-01
      outer loop
         vertex 1.479513e+02 1.096280e+02 4.939284e+01
         vertex 1.549664e+02 1.096045e+02 4.924130e+01
         vertex 1.549664e+02 1.096304e+02 4.939999e+01
      endloop
   endfacet
   facet normal -3.734873e-05 -9.392642e-01 3.431951e-01
      outer loop
         vertex 1.479513e+02 1.096280e+02 4.939284e+01
         vertex 1.549664e+02 1.096304e+02 4.939999e+01
         vertex 1.479513e+02 1.096426e+02 4.943264e+01
      endloop
   endfacet
   facet normal 9.694396e-04 -8.503307e-01 5.262478e-01
      outer loop
         vertex 1.479513e+02 1.096426e+02 4.943264e+01
         vertex 1.549664e+02 1.096304e+02 4.939999e+01
         vertex 1.549664e+02 1.097510e+02 4.959485e+01
      endloop
   endfacet
   facet normal 6.577444e-16 -8.314696e-01 5.555702e-01
      outer loop
         vertex 1.479513e+02 1.096426e+02 4.943264e+01
         vertex 1.549664e+02 1.097510e+02 4.959485e+01
         vertex 1.479513e+02 1.097510e+02 4.959485e+01
      endloop
   endfacet
   facet normal -1.502364e-01 -9.886501e-01 -9.710563e-17
      outer loop
         vertex 1.479513e+02 1.096045e+02 3.885731e+01
         vertex 1.479513e+02 1.096045e+02 4.924130e+01
         vertex 1.478028e+02 1.096271e+02 4.924130e+01
      endloop
   endfacet
   facet normal -1.502364e-01 -9.886501e-01 -9.710563e-17
      outer loop
         vertex 1.479513e+02 1.096045e+02 3.885731e+01
         vertex 1.478028e+02 1.096271e+02 4.924130e+01
         vertex 1.478028e+02 1.096271e+02 3.885731e+01
      endloop
   endfacet
   facet normal -4.371394e-01 -8.993938e-01 -4.040565e-17
      outer loop
         vertex 1.478028e+02 1.096271e+02 3.885731e+01
         vertex 1.478028e+02 1.096271e+02 4.924130e+01
         vertex 1.476677e+02 1.096928e+02 4.924130e+01
      endloop
   endfacet
   facet normal -4.371394e-01 -8.993938e-01 -4.040565e-17
      outer loop
         vertex 1.478028e+02 1.096271e+02 3.885731e+01
         vertex 1.476677e+02 1.096928e+02 4.924130e+01
         vertex 1.476677e+02 1.096928e+02 3.885731e+01
      endloop
   endfacet
   facet normal -5.459157e-01 -8.141820e-01 -1.976962e-01
      outer loop
         vertex 1.476677e+02 1.096928e+02 3.885731e+01
         vertex 1.442441e+02 1.120512e+02 3.859815e+01
         vertex 1.477023e+02 1.097165e+02 3.866377e+01
      endloop
   endfacet
   facet normal -5.468106e-01 -8.153043e-01 -1.904655e-01
      outer loop
         vertex 1.477023e+02 1.097165e+02 3.866377e+01
         vertex 1.442441e+02 1.120512e+02 3.859815e+01
         vertex 1.442720e+02 1.120762e+02 3.841103e+01
      endloop
   endfacet
   facet normal -4.384926e-01 -6.980705e-01 -5.660582e-01
      outer loop
         vertex 1.477023e+02 1.097165e+02 3.866377e+01
         vertex 1.442720e+02 1.120762e+02 3.841103e+01
         vertex 1.477782e+02 1.098039e+02 3.849722e+01
      endloop
   endfacet
   facet normal -4.417544e-01 -7.027837e-01 -5.576272e-01
      outer loop
         vertex 1.477782e+02 1.098039e+02 3.849722e+01
         vertex 1.442720e+02 1.120762e+02 3.841103e+01
         vertex 1.443443e+02 1.121670e+02 3.823932e+01
      endloop
   endfacet
   facet normal -2.576917e-01 -4.667867e-01 -8.459936e-01
      outer loop
         vertex 1.477782e+02 1.098039e+02 3.849722e+01
         vertex 1.443443e+02 1.121670e+02 3.823932e+01
         vertex 1.478826e+02 1.099407e+02 3.838992e+01
      endloop
   endfacet
   facet normal -2.582200e-01 -4.675856e-01 -8.453911e-01
      outer loop
         vertex 1.478826e+02 1.099407e+02 3.838992e+01
         vertex 1.443443e+02 1.121670e+02 3.823932e+01
         vertex 1.444482e+02 1.123086e+02 3.812927e+01
      endloop
   endfacet
   facet normal -3.453747e-02 -1.587079e-01 -9.867213e-01
      outer loop
         vertex 1.478826e+02 1.099407e+02 3.838992e+01
         vertex 1.444482e+02 1.123086e+02 3.812927e+01
         vertex 1.479983e+02 1.101045e+02 3.835952e+01
      endloop
   endfacet
   facet normal -3.920335e-02 -1.660782e-01 -9.853330e-01
      outer loop
         vertex 1.479983e+02 1.101045e+02 3.835952e+01
         vertex 1.444482e+02 1.123086e+02 3.812927e+01
         vertex 1.445562e+02 1.124630e+02 3.809896e+01
      endloop
   endfacet
   facet normal -6.520007e-01 -7.553642e-01 -6.572620e-02
      outer loop
         vertex 1.398119e+02 1.151045e+02 4.141427e+01
         vertex 1.397821e+02 1.151442e+02 4.125421e+01
         vertex 1.399881e+02 1.150033e+02 4.082925e+01
      endloop
   endfacet
   facet normal -7.517732e-01 -6.542349e-01 -8.254556e-02
      outer loop
         vertex 1.395543e+02 1.153562e+02 4.165544e+01
         vertex 1.396325e+02 1.152281e+02 4.195916e+01
         vertex 1.394309e+02 1.154387e+02 4.212578e+01
      endloop
   endfacet
   facet normal -7.425514e-01 -6.675651e-01 -5.453658e-02
      outer loop
         vertex 1.394309e+02 1.154387e+02 4.212578e+01
         vertex 1.396325e+02 1.152281e+02 4.195916e+01
         vertex 1.395241e+02 1.153028e+02 4.252096e+01
      endloop
   endfacet
   facet normal -7.511995e-01 -6.582326e-01 -4.928608e-02
      outer loop
         vertex 1.394309e+02 1.154387e+02 4.212578e+01
         vertex 1.395241e+02 1.153028e+02 4.252096e+01
         vertex 1.393549e+02 1.154895e+02 4.260563e+01
      endloop
   endfacet
   facet normal -7.450422e-01 -6.667704e-01 -1.814744e-02
      outer loop
         vertex 1.393549e+02 1.154895e+02 4.260563e+01
         vertex 1.395241e+02 1.153028e+02 4.252096e+01
         vertex 1.394879e+02 1.153277e+02 4.309085e+01
      endloop
   endfacet
   facet normal -7.479577e-01 -6.635468e-01 -1.627308e-02
      outer loop
         vertex 1.393549e+02 1.154895e+02 4.260563e+01
         vertex 1.394879e+02 1.153277e+02 4.309085e+01
         vertex 1.393289e+02 1.155069e+02 4.309085e+01
      endloop
   endfacet
   facet normal -6.612201e-01 -7.469224e-01 -6.996344e-02
      outer loop
         vertex 1.398119e+02 1.151045e+02 4.141427e+01
         vertex 1.399881e+02 1.150033e+02 4.082925e+01
         vertex 1.400575e+02 1.149353e+02 4.089945e+01
      endloop
   endfacet
   facet normal -6.526599e-01 -7.529509e-01 -8.426186e-02
      outer loop
         vertex 1.400575e+02 1.149353e+02 4.089945e+01
         vertex 1.399881e+02 1.150033e+02 4.082925e+01
         vertex 1.402340e+02 1.148352e+02 4.042678e+01
      endloop
   endfacet
   facet normal -6.479719e-01 -7.572812e-01 -8.159379e-02
      outer loop
         vertex 1.400575e+02 1.149353e+02 4.089945e+01
         vertex 1.402340e+02 1.148352e+02 4.042678e+01
         vertex 1.403744e+02 1.147170e+02 4.040897e+01
      endloop
   endfacet
   facet normal -6.482479e-01 -7.548297e-01 -1.000346e-01
      outer loop
         vertex 1.403744e+02 1.147170e+02 4.040897e+01
         vertex 1.402340e+02 1.148352e+02 4.042678e+01
         vertex 1.405179e+02 1.146411e+02 4.005145e+01
      endloop
   endfacet
   facet normal -6.370222e-01 -7.651744e-01 -9.333210e-02
      outer loop
         vertex 1.403744e+02 1.147170e+02 4.040897e+01
         vertex 1.405179e+02 1.146411e+02 4.005145e+01
         vertex 1.407561e+02 1.144540e+02 3.995944e+01
      endloop
   endfacet
   facet normal -5.743533e-01 -7.982608e-01 -1.813778e-01
      outer loop
         vertex 1.434447e+02 1.126019e+02 3.862373e+01
         vertex 1.433311e+02 1.126802e+02 3.863905e+01
         vertex 1.433305e+02 1.127192e+02 3.846908e+01
      endloop
   endfacet
   facet normal -5.829031e-01 -7.923552e-01 -1.799924e-01
      outer loop
         vertex 1.433305e+02 1.127192e+02 3.846908e+01
         vertex 1.433311e+02 1.126802e+02 3.863905e+01
         vertex 1.428316e+02 1.130243e+02 3.874188e+01
      endloop
   endfacet
   facet normal -5.890718e-01 -7.822896e-01 -2.025276e-01
      outer loop
         vertex 1.433305e+02 1.127192e+02 3.846908e+01
         vertex 1.428316e+02 1.130243e+02 3.874188e+01
         vertex 1.424193e+02 1.133417e+02 3.871491e+01
      endloop
   endfacet
   facet normal -5.960318e-01 -7.874621e-01 -1.570020e-01
      outer loop
         vertex 1.424193e+02 1.133417e+02 3.871491e+01
         vertex 1.428316e+02 1.130243e+02 3.874188e+01
         vertex 1.422460e+02 1.134277e+02 3.894166e+01
      endloop
   endfacet
   facet normal -6.047802e-01 -7.786817e-01 -1.670201e-01
      outer loop
         vertex 1.424193e+02 1.133417e+02 3.871491e+01
         vertex 1.422460e+02 1.134277e+02 3.894166e+01
         vertex 1.419871e+02 1.136370e+02 3.890307e+01
      endloop
   endfacet
   facet normal -6.092796e-01 -7.798859e-01 -1.433745e-01
      outer loop
         vertex 1.419871e+02 1.136370e+02 3.890307e+01
         vertex 1.422460e+02 1.134277e+02 3.894166e+01
         vertex 1.416992e+02 1.138044e+02 3.921635e+01
      endloop
   endfacet
   facet normal -6.134383e-01 -7.754503e-01 -1.495672e-01
      outer loop
         vertex 1.419871e+02 1.136370e+02 3.890307e+01
         vertex 1.416992e+02 1.138044e+02 3.921635e+01
         vertex 1.415766e+02 1.139175e+02 3.913232e+01
      endloop
   endfacet
   facet normal -6.220914e-01 -7.717438e-01 -1.319613e-01
      outer loop
         vertex 1.415766e+02 1.139175e+02 3.913232e+01
         vertex 1.416992e+02 1.138044e+02 3.921635e+01
         vertex 1.411996e+02 1.141486e+02 3.955875e+01
      endloop
   endfacet
   facet normal -6.186527e-01 -7.753363e-01 -1.269744e-01
      outer loop
         vertex 1.415766e+02 1.139175e+02 3.913232e+01
         vertex 1.411996e+02 1.141486e+02 3.955875e+01
         vertex 1.411922e+02 1.141803e+02 3.940112e+01
      endloop
   endfacet
   facet normal -6.361647e-01 -7.616225e-01 -1.233923e-01
      outer loop
         vertex 1.411922e+02 1.141803e+02 3.940112e+01
         vertex 1.411996e+02 1.141486e+02 3.955875e+01
         vertex 1.407561e+02 1.144540e+02 3.995944e+01
      endloop
   endfacet
   facet normal -6.213213e-01 -7.765595e-01 -1.044757e-01
      outer loop
         vertex 1.411922e+02 1.141803e+02 3.940112e+01
         vertex 1.407561e+02 1.144540e+02 3.995944e+01
         vertex 1.408380e+02 1.144223e+02 3.970811e+01
      endloop
   endfacet
   facet normal -6.403068e-01 -7.597955e-01 -1.127741e-01
      outer loop
         vertex 1.408380e+02 1.144223e+02 3.970811e+01
         vertex 1.407561e+02 1.144540e+02 3.995944e+01
         vertex 1.405179e+02 1.146411e+02 4.005145e+01
      endloop
   endfacet
   facet normal -5.519767e-01 -8.117464e-01 -1.907602e-01
      outer loop
         vertex 1.442720e+02 1.120762e+02 3.841103e+01
         vertex 1.442441e+02 1.120512e+02 3.859815e+01
         vertex 1.440708e+02 1.121706e+02 3.859158e+01
      endloop
   endfacet
   facet normal -3.705283e-01 -4.278081e-01 -8.244325e-01
      outer loop
         vertex 1.434474e+02 1.129478e+02 3.819474e+01
         vertex 1.439462e+02 1.126290e+02 3.813600e+01
         vertex 1.438559e+02 1.124911e+02 3.824814e+01
      endloop
   endfacet
   facet normal -9.636739e-01 -1.352313e-01 -2.303151e-01
      outer loop
         vertex 1.393902e+02 1.155540e+02 4.210091e+01
         vertex 1.393782e+02 1.156734e+02 4.208118e+01
         vertex 1.395170e+02 1.154722e+02 4.161847e+01
      endloop
   endfacet
   facet normal -9.627666e-01 -1.551438e-01 -2.213842e-01
      outer loop
         vertex 1.395170e+02 1.154722e+02 4.161847e+01
         vertex 1.393782e+02 1.156734e+02 4.208118e+01
         vertex 1.394831e+02 1.156083e+02 4.167024e+01
      endloop
   endfacet
   facet normal -9.403470e-01 -1.115268e-01 -3.214177e-01
      outer loop
         vertex 1.395170e+02 1.154722e+02 4.161847e+01
         vertex 1.394831e+02 1.156083e+02 4.167024e+01
         vertex 1.396903e+02 1.153604e+02 4.115032e+01
      endloop
   endfacet
   facet normal -9.385535e-01 -7.999344e-02 -3.357356e-01
      outer loop
         vertex 1.396903e+02 1.153604e+02 4.115032e+01
         vertex 1.394831e+02 1.156083e+02 4.167024e+01
         vertex 1.397344e+02 1.154525e+02 4.100487e+01
      endloop
   endfacet
   facet normal -9.065550e-01 -1.731164e-01 -3.849529e-01
      outer loop
         vertex 1.396903e+02 1.153604e+02 4.115032e+01
         vertex 1.397344e+02 1.154525e+02 4.100487e+01
         vertex 1.399078e+02 1.152202e+02 4.070102e+01
      endloop
   endfacet
   facet normal -9.010102e-01 -1.319823e-01 -4.132327e-01
      outer loop
         vertex 1.399078e+02 1.152202e+02 4.070102e+01
         vertex 1.397344e+02 1.154525e+02 4.100487e+01
         vertex 1.399059e+02 1.153461e+02 4.066494e+01
      endloop
   endfacet
   facet normal -8.690342e-01 -1.483303e-01 -4.719932e-01
      outer loop
         vertex 1.399078e+02 1.152202e+02 4.070102e+01
         vertex 1.399059e+02 1.153461e+02 4.066494e+01
         vertex 1.401676e+02 1.150529e+02 4.027529e+01
      endloop
   endfacet
   facet normal -8.637774e-01 -1.208125e-01 -4.891758e-01
      outer loop
         vertex 1.401676e+02 1.150529e+02 4.027529e+01
         vertex 1.399059e+02 1.153461e+02 4.066494e+01
         vertex 1.401788e+02 1.151769e+02 4.022482e+01
      endloop
   endfacet
   facet normal -8.225368e-01 -1.488334e-01 -5.488914e-01
      outer loop
         vertex 1.401676e+02 1.150529e+02 4.027529e+01
         vertex 1.401788e+02 1.151769e+02 4.022482e+01
         vertex 1.404677e+02 1.148597e+02 3.987801e+01
      endloop
   endfacet
   facet normal -8.229454e-01 -1.503181e-01 -5.478735e-01
      outer loop
         vertex 1.404677e+02 1.148597e+02 3.987801e+01
         vertex 1.401788e+02 1.151769e+02 4.022482e+01
         vertex 1.404058e+02 1.150362e+02 3.992248e+01
      endloop
   endfacet
   facet normal -9.348721e-01 -3.530114e-01 -3.737890e-02
      outer loop
         vertex 1.393289e+02 1.155069e+02 4.309085e+01
         vertex 1.392857e+02 1.156214e+02 4.309085e+01
         vertex 1.393549e+02 1.154895e+02 4.260563e+01
      endloop
   endfacet
   facet normal -9.353640e-01 -3.516591e-01 -3.781665e-02
      outer loop
         vertex 1.393549e+02 1.154895e+02 4.260563e+01
         vertex 1.392857e+02 1.156214e+02 4.309085e+01
         vertex 1.393123e+02 1.156043e+02 4.259316e+01
      endloop
   endfacet
   facet normal -9.278443e-01 -3.566248e-01 -1.091961e-01
      outer loop
         vertex 1.393549e+02 1.154895e+02 4.260563e+01
         vertex 1.393123e+02 1.156043e+02 4.259316e+01
         vertex 1.394309e+02 1.154387e+02 4.212578e+01
      endloop
   endfacet
   facet normal -9.293086e-01 -3.521835e-01 -1.111408e-01
      outer loop
         vertex 1.394309e+02 1.154387e+02 4.212578e+01
         vertex 1.393123e+02 1.156043e+02 4.259316e+01
         vertex 1.393902e+02 1.155540e+02 4.210091e+01
      endloop
   endfacet
   facet normal -9.154588e-01 -3.614734e-01 -1.768394e-01
      outer loop
         vertex 1.394309e+02 1.154387e+02 4.212578e+01
         vertex 1.393902e+02 1.155540e+02 4.210091e+01
         vertex 1.395543e+02 1.153562e+02 4.165544e+01
      endloop
   endfacet
   facet normal -9.177328e-01 -3.534358e-01 -1.812446e-01
      outer loop
         vertex 1.395543e+02 1.153562e+02 4.165544e+01
         vertex 1.393902e+02 1.155540e+02 4.210091e+01
         vertex 1.395170e+02 1.154722e+02 4.161847e+01
      endloop
   endfacet
   facet normal -8.986350e-01 -3.664180e-01 -2.412322e-01
      outer loop
         vertex 1.395543e+02 1.153562e+02 4.165544e+01
         vertex 1.395170e+02 1.154722e+02 4.161847e+01
         vertex 1.397228e+02 1.152437e+02 4.119888e+01
      endloop
   endfacet
   facet normal -9.012526e-01 -3.546599e-01 -2.489178e-01
      outer loop
         vertex 1.397228e+02 1.152437e+02 4.119888e+01
         vertex 1.395170e+02 1.154722e+02 4.161847e+01
         vertex 1.396903e+02 1.153604e+02 4.115032e+01
      endloop
   endfacet
   facet normal -8.776550e-01 -3.708524e-01 -3.036283e-01
      outer loop
         vertex 1.397228e+02 1.152437e+02 4.119888e+01
         vertex 1.396903e+02 1.153604e+02 4.115032e+01
         vertex 1.399340e+02 1.151026e+02 4.076051e+01
      endloop
   endfacet
   facet normal -8.799010e-01 -3.556743e-01 -3.150714e-01
      outer loop
         vertex 1.399340e+02 1.151026e+02 4.076051e+01
         vertex 1.396903e+02 1.153604e+02 4.115032e+01
         vertex 1.399078e+02 1.152202e+02 4.070102e+01
      endloop
   endfacet
   facet normal -8.521770e-01 -3.748096e-01 -3.651193e-01
      outer loop
         vertex 1.399340e+02 1.151026e+02 4.076051e+01
         vertex 1.399078e+02 1.152202e+02 4.070102e+01
         vertex 1.401861e+02 1.149343e+02 4.034490e+01
      endloop
   endfacet
   facet normal -8.532259e-01 -3.567798e-01 -3.804125e-01
      outer loop
         vertex 1.401861e+02 1.149343e+02 4.034490e+01
         vertex 1.399078e+02 1.152202e+02 4.070102e+01
         vertex 1.401676e+02 1.150529e+02 4.027529e+01
      endloop
   endfacet
   facet normal -8.213703e-01 -3.788246e-01 -4.264302e-01
      outer loop
         vertex 1.401861e+02 1.149343e+02 4.034490e+01
         vertex 1.401676e+02 1.150529e+02 4.027529e+01
         vertex 1.404772e+02 1.147401e+02 3.995687e+01
      endloop
   endfacet
   facet normal -8.204137e-01 -3.587393e-01 -4.452275e-01
      outer loop
         vertex 1.404772e+02 1.147401e+02 3.995687e+01
         vertex 1.401676e+02 1.150529e+02 4.027529e+01
         vertex 1.404677e+02 1.148597e+02 3.987801e+01
      endloop
   endfacet
   facet normal -7.840830e-01 -3.838717e-01 -4.877052e-01
      outer loop
         vertex 1.404772e+02 1.147401e+02 3.995687e+01
         vertex 1.404677e+02 1.148597e+02 3.987801e+01
         vertex 1.408054e+02 1.145212e+02 3.960151e+01
      endloop
   endfacet
   facet normal -7.804938e-01 -3.627935e-01 -5.091270e-01
      outer loop
         vertex 1.408054e+02 1.145212e+02 3.960151e+01
         vertex 1.404677e+02 1.148597e+02 3.987801e+01
         vertex 1.408062e+02 1.146419e+02 3.951427e+01
      endloop
   endfacet
   facet normal -7.398992e-01 -3.908154e-01 -5.475514e-01
      outer loop
         vertex 1.408054e+02 1.145212e+02 3.960151e+01
         vertex 1.408062e+02 1.146419e+02 3.951427e+01
         vertex 1.411688e+02 1.142789e+02 3.928340e+01
      endloop
   endfacet
   facet normal -7.333997e-01 -3.697732e-01 -5.704320e-01
      outer loop
         vertex 1.411688e+02 1.142789e+02 3.928340e+01
         vertex 1.408062e+02 1.146419e+02 3.951427e+01
         vertex 1.411809e+02 1.144010e+02 3.918866e+01
      endloop
   endfacet
   facet normal -6.914969e-01 -3.987107e-01 -6.023801e-01
      outer loop
         vertex 1.411688e+02 1.142789e+02 3.928340e+01
         vertex 1.411809e+02 1.144010e+02 3.918866e+01
         vertex 1.415636e+02 1.140158e+02 3.900432e+01
      endloop
   endfacet
   facet normal -6.820186e-01 -3.779424e-01 -6.261071e-01
      outer loop
         vertex 1.415636e+02 1.140158e+02 3.900432e+01
         vertex 1.411809e+02 1.144010e+02 3.918866e+01
         vertex 1.415879e+02 1.141396e+02 3.890315e+01
      endloop
   endfacet
   facet normal -6.399219e-01 -4.071288e-01 -6.517254e-01
      outer loop
         vertex 1.415636e+02 1.140158e+02 3.900432e+01
         vertex 1.415879e+02 1.141396e+02 3.890315e+01
         vertex 1.419856e+02 1.137347e+02 3.876553e+01
      endloop
   endfacet
   facet normal -6.273858e-01 -3.865706e-01 -6.759809e-01
      outer loop
         vertex 1.419856e+02 1.137347e+02 3.876553e+01
         vertex 1.415879e+02 1.141396e+02 3.890315e+01
         vertex 1.420226e+02 1.138605e+02 3.865921e+01
      endloop
   endfacet
   facet normal -5.851045e-01 -4.160200e-01 -6.961179e-01
      outer loop
         vertex 1.419856e+02 1.137347e+02 3.876553e+01
         vertex 1.420226e+02 1.138605e+02 3.865921e+01
         vertex 1.424305e+02 1.134385e+02 3.856857e+01
      endloop
   endfacet
   facet normal -5.694194e-01 -3.956011e-01 -7.205979e-01
      outer loop
         vertex 1.424305e+02 1.134385e+02 3.856857e+01
         vertex 1.420226e+02 1.138605e+02 3.865921e+01
         vertex 1.424807e+02 1.135668e+02 3.845854e+01
      endloop
   endfacet
   facet normal -5.266281e-01 -4.254900e-01 -7.359491e-01
      outer loop
         vertex 1.424305e+02 1.134385e+02 3.856857e+01
         vertex 1.424807e+02 1.135668e+02 3.845854e+01
         vertex 1.428938e+02 1.131303e+02 3.841525e+01
      endloop
   endfacet
   facet normal -5.077027e-01 -4.051586e-01 -7.603187e-01
      outer loop
         vertex 1.428938e+02 1.131303e+02 3.841525e+01
         vertex 1.424807e+02 1.135668e+02 3.845854e+01
         vertex 1.429572e+02 1.132615e+02 3.830302e+01
      endloop
   endfacet
   facet normal -5.543844e-01 -8.091409e-01 -1.948050e-01
      outer loop
         vertex 1.440708e+02 1.121706e+02 3.859158e+01
         vertex 1.438000e+02 1.123986e+02 3.841545e+01
         vertex 1.442720e+02 1.120762e+02 3.841103e+01
      endloop
   endfacet
   facet normal -4.773932e-01 -6.916342e-01 -5.419759e-01
      outer loop
         vertex 1.442720e+02 1.120762e+02 3.841103e+01
         vertex 1.438000e+02 1.123986e+02 3.841545e+01
         vertex 1.438559e+02 1.124911e+02 3.824814e+01
      endloop
   endfacet
   facet normal -4.654483e-01 -6.862942e-01 -5.588901e-01
      outer loop
         vertex 1.442720e+02 1.120762e+02 3.841103e+01
         vertex 1.438559e+02 1.124911e+02 3.824814e+01
         vertex 1.443443e+02 1.121670e+02 3.823932e+01
      endloop
   endfacet
   facet normal -3.213598e-01 -4.618405e-01 -8.266990e-01
      outer loop
         vertex 1.443443e+02 1.121670e+02 3.823932e+01
         vertex 1.438559e+02 1.124911e+02 3.824814e+01
         vertex 1.439462e+02 1.126290e+02 3.813600e+01
      endloop
   endfacet
   facet normal -2.939114e-01 -4.427495e-01 -8.471062e-01
      outer loop
         vertex 1.443443e+02 1.121670e+02 3.823932e+01
         vertex 1.439462e+02 1.126290e+02 3.813600e+01
         vertex 1.444482e+02 1.123086e+02 3.812927e+01
      endloop
   endfacet
   facet normal -3.956557e-01 -4.476491e-01 -8.019145e-01
      outer loop
         vertex 1.434474e+02 1.129478e+02 3.819474e+01
         vertex 1.438559e+02 1.124911e+02 3.824814e+01
         vertex 1.433706e+02 1.128134e+02 3.830766e+01
      endloop
   endfacet
   facet normal -5.104915e-01 -6.688290e-01 -5.404314e-01
      outer loop
         vertex 1.433706e+02 1.128134e+02 3.830766e+01
         vertex 1.438559e+02 1.124911e+02 3.824814e+01
         vertex 1.438000e+02 1.123986e+02 3.841545e+01
      endloop
   endfacet
   facet normal -5.206551e-01 -6.748209e-01 -5.230057e-01
      outer loop
         vertex 1.433706e+02 1.128134e+02 3.830766e+01
         vertex 1.438000e+02 1.123986e+02 3.841545e+01
         vertex 1.433305e+02 1.127192e+02 3.846908e+01
      endloop
   endfacet
   facet normal -5.690272e-01 -8.051555e-01 -1.671305e-01
      outer loop
         vertex 1.433305e+02 1.127192e+02 3.846908e+01
         vertex 1.438000e+02 1.123986e+02 3.841545e+01
         vertex 1.440708e+02 1.121706e+02 3.859158e+01
      endloop
   endfacet
   facet normal -5.633128e-01 -8.033007e-01 -1.933562e-01
      outer loop
         vertex 1.433305e+02 1.127192e+02 3.846908e+01
         vertex 1.440708e+02 1.121706e+02 3.859158e+01
         vertex 1.434447e+02 1.126019e+02 3.862373e+01
      endloop
   endfacet
   facet normal -9.917240e-01 -1.187288e-01 -4.885647e-02
      outer loop
         vertex 1.392857e+02 1.156214e+02 4.309085e+01
         vertex 1.392716e+02 1.157394e+02 4.309085e+01
         vertex 1.393123e+02 1.156043e+02 4.259316e+01
      endloop
   endfacet
   facet normal -9.835995e-01 -1.774616e-01 -3.223874e-02
      outer loop
         vertex 1.393123e+02 1.156043e+02 4.259316e+01
         vertex 1.392716e+02 1.157394e+02 4.309085e+01
         vertex 1.392845e+02 1.157314e+02 4.273966e+01
      endloop
   endfacet
   facet normal -9.875292e-01 -4.003100e-02 -1.522617e-01
      outer loop
         vertex 1.393123e+02 1.156043e+02 4.259316e+01
         vertex 1.392845e+02 1.157314e+02 4.273966e+01
         vertex 1.393902e+02 1.155540e+02 4.210091e+01
      endloop
   endfacet
   facet normal -9.763301e-01 -1.863703e-01 -1.097524e-01
      outer loop
         vertex 1.393902e+02 1.155540e+02 4.210091e+01
         vertex 1.392845e+02 1.157314e+02 4.273966e+01
         vertex 1.393506e+02 1.156905e+02 4.222175e+01
      endloop
   endfacet
   facet normal -9.760693e-01 -1.275292e-01 -1.761394e-01
      outer loop
         vertex 1.393902e+02 1.155540e+02 4.210091e+01
         vertex 1.393506e+02 1.156905e+02 4.222175e+01
         vertex 1.393782e+02 1.156734e+02 4.208118e+01
      endloop
   endfacet
   facet normal -7.931482e-01 -1.278932e-01 -5.954488e-01
      outer loop
         vertex 1.404058e+02 1.150362e+02 3.992248e+01
         vertex 1.404887e+02 1.149848e+02 3.982310e+01
         vertex 1.404677e+02 1.148597e+02 3.987801e+01
      endloop
   endfacet
   facet normal -7.828762e-01 -1.348605e-01 -6.073858e-01
      outer loop
         vertex 1.404677e+02 1.148597e+02 3.987801e+01
         vertex 1.404887e+02 1.149848e+02 3.982310e+01
         vertex 1.405322e+02 1.149579e+02 3.977309e+01
      endloop
   endfacet
   facet normal -7.682849e-01 -1.581924e-01 -6.202527e-01
      outer loop
         vertex 1.404677e+02 1.148597e+02 3.987801e+01
         vertex 1.405322e+02 1.149579e+02 3.977309e+01
         vertex 1.408062e+02 1.146419e+02 3.951427e+01
      endloop
   endfacet
   facet normal -7.476958e-01 -1.123013e-01 -6.544764e-01
      outer loop
         vertex 1.408062e+02 1.146419e+02 3.951427e+01
         vertex 1.405322e+02 1.149579e+02 3.977309e+01
         vertex 1.408381e+02 1.147682e+02 3.945607e+01
      endloop
   endfacet
   facet normal -7.003987e-01 -1.447737e-01 -6.989150e-01
      outer loop
         vertex 1.408062e+02 1.146419e+02 3.951427e+01
         vertex 1.408381e+02 1.147682e+02 3.945607e+01
         vertex 1.411809e+02 1.144010e+02 3.918866e+01
      endloop
   endfacet
   facet normal -6.601830e-01 -7.171718e-02 -7.476731e-01
      outer loop
         vertex 1.411809e+02 1.144010e+02 3.918866e+01
         vertex 1.408381e+02 1.147682e+02 3.945607e+01
         vertex 1.413412e+02 1.144563e+02 3.904181e+01
      endloop
   endfacet
   facet normal -6.349793e-01 -1.640615e-01 -7.549074e-01
      outer loop
         vertex 1.411809e+02 1.144010e+02 3.918866e+01
         vertex 1.413412e+02 1.144563e+02 3.904181e+01
         vertex 1.415879e+02 1.141396e+02 3.890315e+01
      endloop
   endfacet
   facet normal -5.992712e-01 -1.202408e-01 -7.914645e-01
      outer loop
         vertex 1.415879e+02 1.141396e+02 3.890315e+01
         vertex 1.413412e+02 1.144563e+02 3.904181e+01
         vertex 1.416432e+02 1.142690e+02 3.884159e+01
      endloop
   endfacet
   facet normal -5.557229e-01 -1.512305e-01 -8.174970e-01
      outer loop
         vertex 1.415879e+02 1.141396e+02 3.890315e+01
         vertex 1.416432e+02 1.142690e+02 3.884159e+01
         vertex 1.420226e+02 1.138605e+02 3.865921e+01
      endloop
   endfacet
   facet normal -4.803470e-01 -5.540213e-02 -8.753270e-01
      outer loop
         vertex 1.420226e+02 1.138605e+02 3.865921e+01
         vertex 1.416432e+02 1.142690e+02 3.884159e+01
         vertex 1.423488e+02 1.138315e+02 3.848205e+01
      endloop
   endfacet
   facet normal -4.820339e-01 -1.635955e-01 -8.607438e-01
      outer loop
         vertex 1.420226e+02 1.138605e+02 3.865921e+01
         vertex 1.423488e+02 1.138315e+02 3.848205e+01
         vertex 1.424807e+02 1.135668e+02 3.845854e+01
      endloop
   endfacet
   facet normal -4.322709e-01 -1.360932e-01 -8.914149e-01
      outer loop
         vertex 1.424807e+02 1.135668e+02 3.845854e+01
         vertex 1.423488e+02 1.138315e+02 3.848205e+01
         vertex 1.425578e+02 1.137020e+02 3.840049e+01
      endloop
   endfacet
   facet normal -3.978179e-01 -1.608349e-01 -9.032569e-01
      outer loop
         vertex 1.424807e+02 1.135668e+02 3.845854e+01
         vertex 1.425578e+02 1.137020e+02 3.840049e+01
         vertex 1.429572e+02 1.132615e+02 3.830302e+01
      endloop
   endfacet
   facet normal -2.860704e-01 -4.761756e-02 -9.570247e-01
      outer loop
         vertex 1.429572e+02 1.132615e+02 3.830302e+01
         vertex 1.425578e+02 1.137020e+02 3.840049e+01
         vertex 1.434343e+02 1.131586e+02 3.816553e+01
      endloop
   endfacet
   facet normal -8.121885e-02 -1.370368e-01 -9.872307e-01
      outer loop
         vertex 1.445562e+02 1.124630e+02 3.809896e+01
         vertex 1.444482e+02 1.123086e+02 3.812927e+01
         vertex 1.440479e+02 1.127781e+02 3.809703e+01
      endloop
   endfacet
   facet normal -1.226948e-01 -1.717248e-01 -9.774746e-01
      outer loop
         vertex 1.440479e+02 1.127781e+02 3.809703e+01
         vertex 1.444482e+02 1.123086e+02 3.812927e+01
         vertex 1.439462e+02 1.126290e+02 3.813600e+01
      endloop
   endfacet
   facet normal -1.873194e-01 -1.267388e-01 -9.740887e-01
      outer loop
         vertex 1.440479e+02 1.127781e+02 3.809703e+01
         vertex 1.439462e+02 1.126290e+02 3.813600e+01
         vertex 1.434343e+02 1.131586e+02 3.816553e+01
      endloop
   endfacet
   facet normal -2.078140e-01 -1.469402e-01 -9.670687e-01
      outer loop
         vertex 1.434343e+02 1.131586e+02 3.816553e+01
         vertex 1.439462e+02 1.126290e+02 3.813600e+01
         vertex 1.434474e+02 1.129478e+02 3.819474e+01
      endloop
   endfacet
   facet normal -3.034109e-01 -1.492925e-01 -9.410917e-01
      outer loop
         vertex 1.434343e+02 1.131586e+02 3.816553e+01
         vertex 1.434474e+02 1.129478e+02 3.819474e+01
         vertex 1.429572e+02 1.132615e+02 3.830302e+01
      endloop
   endfacet
   facet normal -4.416219e-01 -4.156480e-01 -7.951143e-01
      outer loop
         vertex 1.429572e+02 1.132615e+02 3.830302e+01
         vertex 1.434474e+02 1.129478e+02 3.819474e+01
         vertex 1.433706e+02 1.128134e+02 3.830766e+01
      endloop
   endfacet
   facet normal -4.637748e-01 -4.358389e-01 -7.713349e-01
      outer loop
         vertex 1.429572e+02 1.132615e+02 3.830302e+01
         vertex 1.433706e+02 1.128134e+02 3.830766e+01
         vertex 1.428938e+02 1.131303e+02 3.841525e+01
      endloop
   endfacet
   facet normal -5.514611e-01 -6.536432e-01 -5.183062e-01
      outer loop
         vertex 1.428938e+02 1.131303e+02 3.841525e+01
         vertex 1.433706e+02 1.128134e+02 3.830766e+01
         vertex 1.433305e+02 1.127192e+02 3.846908e+01
      endloop
   endfacet
   facet normal -5.950313e-01 -6.867311e-01 -4.175383e-01
      outer loop
         vertex 1.428938e+02 1.131303e+02 3.841525e+01
         vertex 1.433305e+02 1.127192e+02 3.846908e+01
         vertex 1.424305e+02 1.134385e+02 3.856857e+01
      endloop
   endfacet
   facet normal -5.794516e-01 -6.585835e-01 -4.801079e-01
      outer loop
         vertex 1.424305e+02 1.134385e+02 3.856857e+01
         vertex 1.433305e+02 1.127192e+02 3.846908e+01
         vertex 1.424193e+02 1.133417e+02 3.871491e+01
      endloop
   endfacet
   facet normal -6.239764e-01 -6.288665e-01 -4.638754e-01
      outer loop
         vertex 1.424305e+02 1.134385e+02 3.856857e+01
         vertex 1.424193e+02 1.133417e+02 3.871491e+01
         vertex 1.419856e+02 1.137347e+02 3.876553e+01
      endloop
   endfacet
   facet normal -6.291677e-01 -6.369704e-01 -4.454399e-01
      outer loop
         vertex 1.419856e+02 1.137347e+02 3.876553e+01
         vertex 1.424193e+02 1.133417e+02 3.871491e+01
         vertex 1.419871e+02 1.136370e+02 3.890307e+01
      endloop
   endfacet
   facet normal -6.563853e-01 -6.184830e-01 -4.320151e-01
      outer loop
         vertex 1.419856e+02 1.137347e+02 3.876553e+01
         vertex 1.419871e+02 1.136370e+02 3.890307e+01
         vertex 1.415636e+02 1.140158e+02 3.900432e+01
      endloop
   endfacet
   facet normal -6.597770e-01 -6.270622e-01 -4.141101e-01
      outer loop
         vertex 1.415636e+02 1.140158e+02 3.900432e+01
         vertex 1.419871e+02 1.136370e+02 3.890307e+01
         vertex 1.415766e+02 1.139175e+02 3.913232e+01
      endloop
   endfacet
   facet normal -6.866085e-01 -6.088214e-01 -3.973730e-01
      outer loop
         vertex 1.415636e+02 1.140158e+02 3.900432e+01
         vertex 1.415766e+02 1.139175e+02 3.913232e+01
         vertex 1.411688e+02 1.142789e+02 3.928340e+01
      endloop
   endfacet
   facet normal -6.882184e-01 -6.176406e-01 -3.806250e-01
      outer loop
         vertex 1.411688e+02 1.142789e+02 3.928340e+01
         vertex 1.415766e+02 1.139175e+02 3.913232e+01
         vertex 1.411922e+02 1.141803e+02 3.940112e+01
      endloop
   endfacet
   facet normal -7.148677e-01 -5.994284e-01 -3.600692e-01
      outer loop
         vertex 1.411688e+02 1.142789e+02 3.928340e+01
         vertex 1.411922e+02 1.141803e+02 3.940112e+01
         vertex 1.408054e+02 1.145212e+02 3.960151e+01
      endloop
   endfacet
   facet normal -7.148429e-01 -6.081689e-01 -3.451525e-01
      outer loop
         vertex 1.408054e+02 1.145212e+02 3.960151e+01
         vertex 1.411922e+02 1.141803e+02 3.940112e+01
         vertex 1.408380e+02 1.144223e+02 3.970811e+01
      endloop
   endfacet
   facet normal -7.408224e-01 -5.902545e-01 -3.205961e-01
      outer loop
         vertex 1.408054e+02 1.145212e+02 3.960151e+01
         vertex 1.408380e+02 1.144223e+02 3.970811e+01
         vertex 1.404772e+02 1.147401e+02 3.995687e+01
      endloop
   endfacet
   facet normal -7.394685e-01 -5.986430e-01 -3.079169e-01
      outer loop
         vertex 1.404772e+02 1.147401e+02 3.995687e+01
         vertex 1.408380e+02 1.144223e+02 3.970811e+01
         vertex 1.405179e+02 1.146411e+02 4.005145e+01
      endloop
   endfacet
   facet normal -7.629331e-01 -5.823360e-01 -2.807452e-01
      outer loop
         vertex 1.404772e+02 1.147401e+02 3.995687e+01
         vertex 1.405179e+02 1.146411e+02 4.005145e+01
         vertex 1.401861e+02 1.149343e+02 4.034490e+01
      endloop
   endfacet
   facet normal -7.605863e-01 -5.904269e-01 -2.700085e-01
      outer loop
         vertex 1.401861e+02 1.149343e+02 4.034490e+01
         vertex 1.405179e+02 1.146411e+02 4.005145e+01
         vertex 1.402340e+02 1.148352e+02 4.042678e+01
      endloop
   endfacet
   facet normal -7.811990e-01 -5.760657e-01 -2.405753e-01
      outer loop
         vertex 1.401861e+02 1.149343e+02 4.034490e+01
         vertex 1.402340e+02 1.148352e+02 4.042678e+01
         vertex 1.399340e+02 1.151026e+02 4.076051e+01
      endloop
   endfacet
   facet normal -7.781073e-01 -5.839109e-01 -2.315105e-01
      outer loop
         vertex 1.399340e+02 1.151026e+02 4.076051e+01
         vertex 1.402340e+02 1.148352e+02 4.042678e+01
         vertex 1.399881e+02 1.150033e+02 4.082925e+01
      endloop
   endfacet
   facet normal -7.959170e-01 -5.715422e-01 -1.996390e-01
      outer loop
         vertex 1.399340e+02 1.151026e+02 4.076051e+01
         vertex 1.399881e+02 1.150033e+02 4.082925e+01
         vertex 1.397228e+02 1.152437e+02 4.119888e+01
      endloop
   endfacet
   facet normal -7.923384e-01 -5.790114e-01 -1.922124e-01
      outer loop
         vertex 1.397228e+02 1.152437e+02 4.119888e+01
         vertex 1.399881e+02 1.150033e+02 4.082925e+01
         vertex 1.397821e+02 1.151442e+02 4.125421e+01
      endloop
   endfacet
   facet normal -8.072812e-01 -5.687171e-01 -1.576637e-01
      outer loop
         vertex 1.397228e+02 1.152437e+02 4.119888e+01
         vertex 1.397821e+02 1.151442e+02 4.125421e+01
         vertex 1.395543e+02 1.153562e+02 4.165544e+01
      endloop
   endfacet
   facet normal -7.168513e-01 -6.961356e-01 -3.897964e-02
      outer loop
         vertex 1.395543e+02 1.153562e+02 4.165544e+01
         vertex 1.397821e+02 1.151442e+02 4.125421e+01
         vertex 1.398119e+02 1.151045e+02 4.141427e+01
      endloop
   endfacet
   facet normal -7.385970e-01 -6.678821e-01 -9.169504e-02
      outer loop
         vertex 1.395543e+02 1.153562e+02 4.165544e+01
         vertex 1.398119e+02 1.151045e+02 4.141427e+01
         vertex 1.396325e+02 1.152281e+02 4.195916e+01
      endloop
   endfacet
   facet normal -2.224596e-01 -8.529217e-01 -4.722672e-01
      outer loop
         vertex 1.464179e+02 1.107014e+02 5.137118e+01
         vertex 1.463402e+02 1.106743e+02 5.145677e+01
         vertex 1.461641e+02 1.107774e+02 5.135357e+01
      endloop
   endfacet
   facet normal -4.620627e-01 -8.714103e-01 1.647486e-01
      outer loop
         vertex 1.462160e+02 1.106928e+02 5.024130e+01
         vertex 1.461641e+02 1.107774e+02 5.054324e+01
         vertex 1.460358e+02 1.108169e+02 5.039254e+01
      endloop
   endfacet
   facet normal -4.194782e-01 -8.996530e-01 1.210887e-01
      outer loop
         vertex 1.460358e+02 1.108169e+02 5.039254e+01
         vertex 1.461641e+02 1.107774e+02 5.054324e+01
         vertex 1.460343e+02 1.108547e+02 5.066798e+01
      endloop
   endfacet
   facet normal -4.439461e-01 -8.880679e-01 1.193617e-01
      outer loop
         vertex 1.460358e+02 1.108169e+02 5.039254e+01
         vertex 1.460343e+02 1.108547e+02 5.066798e+01
         vertex 1.458653e+02 1.109343e+02 5.063222e+01
      endloop
   endfacet
   facet normal -4.291635e-01 -8.936912e-01 -1.308995e-01
      outer loop
         vertex 1.461641e+02 1.107774e+02 5.135357e+01
         vertex 1.460358e+02 1.108169e+02 5.150426e+01
         vertex 1.458607e+02 1.109376e+02 5.125476e+01
      endloop
   endfacet
   facet normal -4.610245e-01 -8.721629e-01 -1.636711e-01
      outer loop
         vertex 1.460358e+02 1.108169e+02 5.150426e+01
         vertex 1.461641e+02 1.107774e+02 5.135357e+01
         vertex 1.461983e+02 1.107050e+02 5.164304e+01
      endloop
   endfacet
   facet normal -4.198725e-01 -8.909001e-01 -1.732171e-01
      outer loop
         vertex 1.461983e+02 1.107050e+02 5.164304e+01
         vertex 1.461641e+02 1.107774e+02 5.135357e+01
         vertex 1.463402e+02 1.106743e+02 5.145677e+01
      endloop
   endfacet
   facet normal -4.545296e-01 -8.671637e-01 -2.035434e-01
      outer loop
         vertex 1.461983e+02 1.107050e+02 5.164304e+01
         vertex 1.463402e+02 1.106743e+02 5.145677e+01
         vertex 1.462160e+02 1.106928e+02 5.165551e+01
      endloop
   endfacet
   facet normal 1.066936e-02 -8.192098e-01 5.733947e-01
      outer loop
         vertex 1.464997e+02 1.107510e+02 5.059485e+01
         vertex 1.461946e+02 1.108561e+02 5.075068e+01
         vertex 1.464179e+02 1.107014e+02 5.052563e+01
      endloop
   endfacet
   facet normal -2.448293e-01 -8.953056e-01 3.721377e-01
      outer loop
         vertex 1.464179e+02 1.107014e+02 5.052563e+01
         vertex 1.461946e+02 1.108561e+02 5.075068e+01
         vertex 1.462412e+02 1.107858e+02 5.061245e+01
      endloop
   endfacet
   facet normal -1.938598e-01 -8.707183e-01 4.519602e-01
      outer loop
         vertex 1.464179e+02 1.107014e+02 5.052563e+01
         vertex 1.462412e+02 1.107858e+02 5.061245e+01
         vertex 1.463402e+02 1.106743e+02 5.044004e+01
      endloop
   endfacet
   facet normal -6.193298e-02 -7.756959e-01 -6.280606e-01
      outer loop
         vertex 1.464997e+02 1.107510e+02 5.130196e+01
         vertex 1.464179e+02 1.107014e+02 5.137118e+01
         vertex 1.462412e+02 1.107858e+02 5.128436e+01
      endloop
   endfacet
   facet normal -2.412383e-01 -8.938220e-01 -3.780032e-01
      outer loop
         vertex 1.462412e+02 1.107858e+02 5.128436e+01
         vertex 1.464179e+02 1.107014e+02 5.137118e+01
         vertex 1.461641e+02 1.107774e+02 5.135357e+01
      endloop
   endfacet
   facet normal -2.110638e-01 -9.138756e-01 -3.468192e-01
      outer loop
         vertex 1.462412e+02 1.107858e+02 5.128436e+01
         vertex 1.461641e+02 1.107774e+02 5.135357e+01
         vertex 1.460343e+02 1.108547e+02 5.122883e+01
      endloop
   endfacet
   facet normal -4.403336e-01 -8.927810e-01 -9.512286e-02
      outer loop
         vertex 1.460343e+02 1.108547e+02 5.122883e+01
         vertex 1.461641e+02 1.107774e+02 5.135357e+01
         vertex 1.458607e+02 1.109376e+02 5.125476e+01
      endloop
   endfacet
   facet normal -4.371696e-01 -8.974365e-01 -5.908036e-02
      outer loop
         vertex 1.460343e+02 1.108547e+02 5.122883e+01
         vertex 1.458607e+02 1.109376e+02 5.125476e+01
         vertex 1.459528e+02 1.109034e+02 5.109165e+01
      endloop
   endfacet
   facet normal -4.183107e-01 -9.071176e-01 -4.640898e-02
      outer loop
         vertex 1.459528e+02 1.109034e+02 5.109165e+01
         vertex 1.458607e+02 1.109376e+02 5.125476e+01
         vertex 1.457909e+02 1.109856e+02 5.094411e+01
      endloop
   endfacet
   facet normal -4.380798e-01 -8.987128e-01 -2.003628e-02
      outer loop
         vertex 1.459528e+02 1.109034e+02 5.109165e+01
         vertex 1.457909e+02 1.109856e+02 5.094411e+01
         vertex 1.459243e+02 1.109205e+02 5.094840e+01
      endloop
   endfacet
   facet normal -4.393968e-01 -8.972792e-01 4.266653e-02
      outer loop
         vertex 1.459243e+02 1.109205e+02 5.094840e+01
         vertex 1.457909e+02 1.109856e+02 5.094411e+01
         vertex 1.458653e+02 1.109343e+02 5.063222e+01
      endloop
   endfacet
   facet normal -3.893262e-01 -9.205333e-01 3.230469e-02
      outer loop
         vertex 1.459243e+02 1.109205e+02 5.094840e+01
         vertex 1.458653e+02 1.109343e+02 5.063222e+01
         vertex 1.459528e+02 1.109034e+02 5.080516e+01
      endloop
   endfacet
   facet normal -4.360187e-01 -8.979391e-01 5.994255e-02
      outer loop
         vertex 1.459528e+02 1.109034e+02 5.080516e+01
         vertex 1.458653e+02 1.109343e+02 5.063222e+01
         vertex 1.460343e+02 1.108547e+02 5.066798e+01
      endloop
   endfacet
   facet normal -4.172378e-01 -8.911935e-01 1.780077e-01
      outer loop
         vertex 1.462160e+02 1.106928e+02 5.024130e+01
         vertex 1.463402e+02 1.106743e+02 5.044004e+01
         vertex 1.461641e+02 1.107774e+02 5.054324e+01
      endloop
   endfacet
   facet normal -2.708914e-01 -8.717024e-01 4.083538e-01
      outer loop
         vertex 1.461641e+02 1.107774e+02 5.054324e+01
         vertex 1.463402e+02 1.106743e+02 5.044004e+01
         vertex 1.462412e+02 1.107858e+02 5.061245e+01
      endloop
   endfacet
   facet normal -2.110638e-01 -9.138756e-01 3.468192e-01
      outer loop
         vertex 1.461641e+02 1.107774e+02 5.054324e+01
         vertex 1.462412e+02 1.107858e+02 5.061245e+01
         vertex 1.460343e+02 1.108547e+02 5.066798e+01
      endloop
   endfacet
   facet normal -1.943457e-01 -8.995059e-01 3.913040e-01
      outer loop
         vertex 1.460343e+02 1.108547e+02 5.066798e+01
         vertex 1.462412e+02 1.107858e+02 5.061245e+01
         vertex 1.461946e+02 1.108561e+02 5.075068e+01
      endloop
   endfacet
   facet normal -1.280005e-01 -9.561075e-01 2.635798e-01
      outer loop
         vertex 1.460343e+02 1.108547e+02 5.066798e+01
         vertex 1.461946e+02 1.108561e+02 5.075068e+01
         vertex 1.459528e+02 1.109034e+02 5.080516e+01
      endloop
   endfacet
   facet normal -1.563595e-01 -9.755245e-01 1.546080e-01
      outer loop
         vertex 1.459528e+02 1.109034e+02 5.080516e+01
         vertex 1.461946e+02 1.108561e+02 5.075068e+01
         vertex 1.460947e+02 1.108904e+02 5.086669e+01
      endloop
   endfacet
   facet normal -1.301550e-01 -9.872479e-01 9.165842e-02
      outer loop
         vertex 1.459528e+02 1.109034e+02 5.080516e+01
         vertex 1.460947e+02 1.108904e+02 5.086669e+01
         vertex 1.459243e+02 1.109205e+02 5.094840e+01
      endloop
   endfacet
   facet normal -1.517838e-01 -9.873155e-01 4.658149e-02
      outer loop
         vertex 1.459243e+02 1.109205e+02 5.094840e+01
         vertex 1.460947e+02 1.108904e+02 5.086669e+01
         vertex 1.460745e+02 1.108974e+02 5.094840e+01
      endloop
   endfacet
   facet normal -1.513707e-01 -9.846288e-01 -8.713794e-02
      outer loop
         vertex 1.459243e+02 1.109205e+02 5.094840e+01
         vertex 1.460745e+02 1.108974e+02 5.094840e+01
         vertex 1.459528e+02 1.109034e+02 5.109165e+01
      endloop
   endfacet
   facet normal -1.090274e-01 -9.927398e-01 -5.080106e-02
      outer loop
         vertex 1.459528e+02 1.109034e+02 5.109165e+01
         vertex 1.460745e+02 1.108974e+02 5.094840e+01
         vertex 1.460902e+02 1.108920e+02 5.102041e+01
      endloop
   endfacet
   facet normal -1.952407e-01 -9.550090e-01 -2.232462e-01
      outer loop
         vertex 1.459528e+02 1.109034e+02 5.109165e+01
         vertex 1.460902e+02 1.108920e+02 5.102041e+01
         vertex 1.460343e+02 1.108547e+02 5.122883e+01
      endloop
   endfacet
   facet normal -7.768571e-02 -9.775803e-01 -1.957079e-01
      outer loop
         vertex 1.460343e+02 1.108547e+02 5.122883e+01
         vertex 1.460902e+02 1.108920e+02 5.102041e+01
         vertex 1.461681e+02 1.108652e+02 5.112350e+01
      endloop
   endfacet
   facet normal -2.080940e-01 -9.114562e-01 -3.548866e-01
      outer loop
         vertex 1.460343e+02 1.108547e+02 5.122883e+01
         vertex 1.461681e+02 1.108652e+02 5.112350e+01
         vertex 1.462412e+02 1.107858e+02 5.128436e+01
      endloop
   endfacet
   facet normal -1.474631e-02 -8.994267e-01 -4.368228e-01
      outer loop
         vertex 1.462412e+02 1.107858e+02 5.128436e+01
         vertex 1.461681e+02 1.108652e+02 5.112350e+01
         vertex 1.463199e+02 1.108129e+02 5.122602e+01
      endloop
   endfacet
   facet normal -8.125664e-02 -8.579415e-01 -5.072807e-01
      outer loop
         vertex 1.462412e+02 1.107858e+02 5.128436e+01
         vertex 1.463199e+02 1.108129e+02 5.122602e+01
         vertex 1.464997e+02 1.107510e+02 5.130196e+01
      endloop
   endfacet
   facet normal -1.317560e-01 -8.287495e-01 5.438884e-01
      outer loop
         vertex 1.479513e+02 1.097510e+02 4.959485e+01
         vertex 1.477910e+02 1.096741e+02 4.943894e+01
         vertex 1.478648e+02 1.096400e+02 4.940481e+01
      endloop
   endfacet
   facet normal -1.146581e-01 -9.816535e-01 1.523480e-01
      outer loop
         vertex 1.479513e+02 1.096045e+02 4.924130e+01
         vertex 1.479513e+02 1.096280e+02 4.939284e+01
         vertex 1.478648e+02 1.096400e+02 4.940481e+01
      endloop
   endfacet
   facet normal -1.488851e-01 -9.797576e-01 1.338218e-01
      outer loop
         vertex 1.479513e+02 1.096045e+02 4.924130e+01
         vertex 1.478648e+02 1.096400e+02 4.940481e+01
         vertex 1.478028e+02 1.096271e+02 4.924130e+01
      endloop
   endfacet
   facet normal -3.339108e-01 -9.212826e-01 1.993537e-01
      outer loop
         vertex 1.478028e+02 1.096271e+02 4.924130e+01
         vertex 1.478648e+02 1.096400e+02 4.940481e+01
         vertex 1.477910e+02 1.096741e+02 4.943894e+01
      endloop
   endfacet
   facet normal -4.296148e-01 -8.839123e-01 1.847437e-01
      outer loop
         vertex 1.478028e+02 1.096271e+02 4.924130e+01
         vertex 1.477910e+02 1.096741e+02 4.943894e+01
         vertex 1.476677e+02 1.096928e+02 4.924130e+01
      endloop
   endfacet
   facet normal -8.213268e-02 -9.360908e-01 3.420355e-01
      outer loop
         vertex 1.479513e+02 1.096280e+02 4.939284e+01
         vertex 1.479513e+02 1.096426e+02 4.943264e+01
         vertex 1.478648e+02 1.096400e+02 4.940481e+01
      endloop
   endfacet
   facet normal -1.521304e-01 -8.217917e-01 5.491036e-01
      outer loop
         vertex 1.478648e+02 1.096400e+02 4.940481e+01
         vertex 1.479513e+02 1.096426e+02 4.943264e+01
         vertex 1.479513e+02 1.097510e+02 4.959485e+01
      endloop
   endfacet
   facet normal -4.566283e-01 -8.661232e-01 2.032762e-01
      outer loop
         vertex 1.462160e+02 1.106928e+02 5.024130e+01
         vertex 1.476677e+02 1.096928e+02 4.924130e+01
         vertex 1.477910e+02 1.096741e+02 4.943894e+01
      endloop
   endfacet
   facet normal -8.237100e-02 -7.619486e-01 6.423779e-01
      outer loop
         vertex 1.479513e+02 1.097510e+02 4.959485e+01
         vertex 1.464997e+02 1.107510e+02 5.059485e+01
         vertex 1.464179e+02 1.107014e+02 5.052563e+01
      endloop
   endfacet
   facet normal -1.599989e-01 -8.102532e-01 5.638175e-01
      outer loop
         vertex 1.479513e+02 1.097510e+02 4.959485e+01
         vertex 1.464179e+02 1.107014e+02 5.052563e+01
         vertex 1.477910e+02 1.096741e+02 4.943894e+01
      endloop
   endfacet
   facet normal -2.429007e-01 -8.392483e-01 4.864788e-01
      outer loop
         vertex 1.477910e+02 1.096741e+02 4.943894e+01
         vertex 1.464179e+02 1.107014e+02 5.052563e+01
         vertex 1.463402e+02 1.106743e+02 5.044004e+01
      endloop
   endfacet
   facet normal -4.559975e-01 -8.661546e-01 2.045543e-01
      outer loop
         vertex 1.477910e+02 1.096741e+02 4.943894e+01
         vertex 1.463402e+02 1.106743e+02 5.044004e+01
         vertex 1.462160e+02 1.106928e+02 5.024130e+01
      endloop
   endfacet
   facet normal 3.711881e-16 -7.071068e-01 -7.071068e-01
      outer loop
         vertex 1.464997e+02 1.107510e+02 5.130196e+01
         vertex 1.566331e+02 1.107510e+02 5.130196e+01
         vertex 1.479513e+02 1.097510e+02 5.230196e+01
      endloop
   endfacet
   facet normal 3.711881e-16 -7.071068e-01 -7.071068e-01
      outer loop
         vertex 1.479513e+02 1.097510e+02 5.230196e+01
         vertex 1.566331e+02 1.107510e+02 5.130196e+01
         vertex 1.549664e+02 1.097510e+02 5.230196e+01
      endloop
   endfacet
   facet normal 5.967965e-16 -7.071068e-01 7.071068e-01
      outer loop
         vertex 1.549664e+02 1.097510e+02 4.959485e+01
         vertex 1.566331e+02 1.107510e+02 5.059485e+01
         vertex 1.479513e+02 1.097510e+02 4.959485e+01
      endloop
   endfacet
   facet normal 5.967965e-16 -7.071068e-01 7.071068e-01
      outer loop
         vertex 1.479513e+02 1.097510e+02 4.959485e+01
         vertex 1.566331e+02 1.107510e+02 5.059485e+01
         vertex 1.464997e+02 1.107510e+02 5.059485e+01
      endloop
   endfacet
   facet normal 5.967965e-16 -7.071068e-01 7.071068e-01
      outer loop
         vertex 1.695216e+02 1.092510e+02 4.909485e+01
         vertex 1.695216e+02 1.107510e+02 5.059485e+01
         vertex 1.644101e+02 1.092510e+02 4.909485e+01
      endloop
   endfacet
   facet normal 5.967965e-16 -7.071068e-01 7.071068e-01
      outer loop
         vertex 1.644101e+02 1.092510e+02 4.909485e+01
         vertex 1.695216e+02 1.107510e+02 5.059485e+01
         vertex 1.619101e+02 1.107510e+02 5.059485e+01
      endloop
   endfacet
   facet normal 3.711881e-16 -7.071068e-01 -7.071068e-01
      outer loop
         vertex 1.695216e+02 1.092510e+02 5.280196e+01
         vertex 1.644101e+02 1.092510e+02 5.280196e+01
         vertex 1.695216e+02 1.107510e+02 5.130196e+01
      endloop
   endfacet
   facet normal 3.711881e-16 -7.071068e-01 -7.071068e-01
      outer loop
         vertex 1.695216e+02 1.107510e+02 5.130196e+01
         vertex 1.644101e+02 1.092510e+02 5.280196e+01
         vertex 1.619101e+02 1.107510e+02 5.130196e+01
      endloop
   endfacet
   facet normal -5.144980e-01 -8.574916e-01 5.286819e-07
      outer loop
         vertex 1.614459e+02 1.107999e+02 5.039249e+01
         vertex 1.612581e+02 1.109126e+02 5.061832e+01
         vertex 1.595288e+02 1.119502e+02 4.075637e+01
      endloop
   endfacet
   facet normal -5.144926e-01 -8.574948e-01 -9.457762e-07
      outer loop
         vertex 1.614459e+02 1.107999e+02 5.039249e+01
         vertex 1.595288e+02 1.119502e+02 4.075637e+01
         vertex 1.616528e+02 1.106758e+02 5.024130e+01
      endloop
   endfacet
   facet normal -5.144921e-01 -8.574951e-01 -8.723852e-07
      outer loop
         vertex 1.612581e+02 1.109126e+02 5.061832e+01
         vertex 1.611966e+02 1.109495e+02 5.075344e+01
         vertex 1.595288e+02 1.119502e+02 4.075637e+01
      endloop
   endfacet
   facet normal -5.145008e-01 -8.574899e-01 1.080811e-06
      outer loop
         vertex 1.595288e+02 1.119502e+02 4.075637e+01
         vertex 1.611966e+02 1.109495e+02 5.075344e+01
         vertex 1.611658e+02 1.109679e+02 5.091062e+01
      endloop
   endfacet
   facet normal -5.144958e-01 -8.574929e-01 -2.293373e-17
      outer loop
         vertex 1.595288e+02 1.119502e+02 4.075637e+01
         vertex 1.611658e+02 1.109679e+02 5.091062e+01
         vertex 1.595288e+02 1.119502e+02 6.114044e+01
      endloop
   endfacet
   facet normal -5.145054e-01 -8.574871e-01 -2.093432e-06
      outer loop
         vertex 1.595288e+02 1.119502e+02 6.114044e+01
         vertex 1.611658e+02 1.109679e+02 5.091062e+01
         vertex 1.612139e+02 1.109391e+02 5.118974e+01
      endloop
   endfacet
   facet normal -5.144891e-01 -8.574969e-01 1.664363e-06
      outer loop
         vertex 1.595288e+02 1.119502e+02 6.114044e+01
         vertex 1.612139e+02 1.109391e+02 5.118974e+01
         vertex 1.612919e+02 1.108923e+02 5.133157e+01
      endloop
   endfacet
   facet normal -5.144951e-01 -8.574933e-01 1.954541e-07
      outer loop
         vertex 1.612919e+02 1.108923e+02 5.133157e+01
         vertex 1.615024e+02 1.107660e+02 5.155196e+01
         vertex 1.595288e+02 1.119502e+02 6.114044e+01
      endloop
   endfacet
   facet normal -5.144939e-01 -8.574940e-01 5.466891e-07
      outer loop
         vertex 1.595288e+02 1.119502e+02 6.114044e+01
         vertex 1.615024e+02 1.107660e+02 5.155196e+01
         vertex 1.616528e+02 1.106758e+02 5.165551e+01
      endloop
   endfacet
   facet normal -5.144960e-01 -8.574928e-01 -9.784980e-08
      outer loop
         vertex 1.595288e+02 1.119502e+02 6.114044e+01
         vertex 1.616528e+02 1.106758e+02 5.165551e+01
         vertex 1.615892e+02 1.107139e+02 6.064595e+01
      endloop
   endfacet
   facet normal -5.144948e-01 -8.574935e-01 -2.293398e-17
      outer loop
         vertex 1.641528e+02 1.091758e+02 4.195090e+01
         vertex 1.641528e+02 1.091758e+02 4.874130e+01
         vertex 1.636377e+02 1.094848e+02 4.179250e+01
      endloop
   endfacet
   facet normal -5.144955e-01 -8.574931e-01 7.629995e-08
      outer loop
         vertex 1.636377e+02 1.094848e+02 4.179250e+01
         vertex 1.641528e+02 1.091758e+02 4.874130e+01
         vertex 1.616528e+02 1.106758e+02 5.024130e+01
      endloop
   endfacet
   facet normal -5.144955e-01 -8.574931e-01 9.268145e-08
      outer loop
         vertex 1.636377e+02 1.094848e+02 4.179250e+01
         vertex 1.616528e+02 1.106758e+02 5.024130e+01
         vertex 1.615892e+02 1.107139e+02 4.125086e+01
      endloop
   endfacet
   facet normal -5.144960e-01 -8.574928e-01 9.784980e-08
      outer loop
         vertex 1.615892e+02 1.107139e+02 4.125086e+01
         vertex 1.616528e+02 1.106758e+02 5.024130e+01
         vertex 1.595288e+02 1.119502e+02 4.075637e+01
      endloop
   endfacet
   facet normal -5.144955e-01 -8.574931e-01 -9.268145e-08
      outer loop
         vertex 1.615892e+02 1.107139e+02 6.064595e+01
         vertex 1.616528e+02 1.106758e+02 5.165551e+01
         vertex 1.636377e+02 1.094848e+02 6.010431e+01
      endloop
   endfacet
   facet normal -5.144955e-01 -8.574931e-01 -7.629995e-08
      outer loop
         vertex 1.636377e+02 1.094848e+02 6.010431e+01
         vertex 1.616528e+02 1.106758e+02 5.165551e+01
         vertex 1.641528e+02 1.091758e+02 5.315551e+01
      endloop
   endfacet
   facet normal -5.144948e-01 -8.574935e-01 -2.293398e-17
      outer loop
         vertex 1.636377e+02 1.094848e+02 6.010431e+01
         vertex 1.641528e+02 1.091758e+02 5.315551e+01
         vertex 1.641528e+02 1.091758e+02 5.994591e+01
      endloop
   endfacet
   facet normal 5.144918e-01 -8.574953e-01 9.311175e-07
      outer loop
         vertex 1.570972e+02 1.107999e+02 5.150432e+01
         vertex 1.572851e+02 1.109126e+02 5.127849e+01
         vertex 1.590143e+02 1.119502e+02 6.136877e+01
      endloop
   endfacet
   facet normal 5.145088e-01 -8.574851e-01 -3.025143e-06
      outer loop
         vertex 1.572851e+02 1.109126e+02 5.127849e+01
         vertex 1.573465e+02 1.109495e+02 5.114337e+01
         vertex 1.590143e+02 1.119502e+02 6.136877e+01
      endloop
   endfacet
   facet normal 5.144754e-01 -8.575051e-01 4.369610e-06
      outer loop
         vertex 1.590143e+02 1.119502e+02 6.136877e+01
         vertex 1.573465e+02 1.109495e+02 5.114337e+01
         vertex 1.573773e+02 1.109679e+02 5.098619e+01
      endloop
   endfacet
   facet normal 5.144958e-01 -8.574929e-01 -1.870880e-16
      outer loop
         vertex 1.590143e+02 1.119502e+02 6.136877e+01
         vertex 1.573773e+02 1.109679e+02 5.098619e+01
         vertex 1.590143e+02 1.119502e+02 4.052804e+01
      endloop
   endfacet
   facet normal 5.144902e-01 -8.574963e-01 -1.199968e-06
      outer loop
         vertex 1.590143e+02 1.119502e+02 4.052804e+01
         vertex 1.573773e+02 1.109679e+02 5.098619e+01
         vertex 1.573292e+02 1.109391e+02 5.070707e+01
      endloop
   endfacet
   facet normal 5.145028e-01 -8.574887e-01 1.637588e-06
      outer loop
         vertex 1.590143e+02 1.119502e+02 4.052804e+01
         vertex 1.573292e+02 1.109391e+02 5.070707e+01
         vertex 1.572513e+02 1.108923e+02 5.056524e+01
      endloop
   endfacet
   facet normal 5.144955e-01 -8.574931e-01 -1.870880e-16
      outer loop
         vertex 1.552237e+02 1.096758e+02 6.210462e+01
         vertex 1.552237e+02 1.096758e+02 5.265551e+01
         vertex 1.590143e+02 1.119502e+02 6.136877e+01
      endloop
   endfacet
   facet normal 5.144953e-01 -8.574932e-01 1.085303e-07
      outer loop
         vertex 1.590143e+02 1.119502e+02 6.136877e+01
         vertex 1.552237e+02 1.096758e+02 5.265551e+01
         vertex 1.568903e+02 1.106758e+02 5.165551e+01
      endloop
   endfacet
   facet normal 5.144984e-01 -8.574913e-01 -8.200514e-07
      outer loop
         vertex 1.590143e+02 1.119502e+02 6.136877e+01
         vertex 1.568903e+02 1.106758e+02 5.165551e+01
         vertex 1.570972e+02 1.107999e+02 5.150432e+01
      endloop
   endfacet
   facet normal 5.144953e-01 -8.574932e-01 -1.870880e-16
      outer loop
         vertex 1.552237e+02 1.096758e+02 4.924130e+01
         vertex 1.552237e+02 1.096758e+02 3.979219e+01
         vertex 1.568903e+02 1.106758e+02 5.024130e+01
      endloop
   endfacet
   facet normal 5.144955e-01 -8.574931e-01 -5.178100e-08
      outer loop
         vertex 1.568903e+02 1.106758e+02 5.024130e+01
         vertex 1.552237e+02 1.096758e+02 3.979219e+01
         vertex 1.590143e+02 1.119502e+02 4.052804e+01
      endloop
   endfacet
   facet normal 5.144939e-01 -8.574941e-01 -5.355201e-07
      outer loop
         vertex 1.568903e+02 1.106758e+02 5.024130e+01
         vertex 1.590143e+02 1.119502e+02 4.052804e+01
         vertex 1.570407e+02 1.107660e+02 5.034485e+01
      endloop
   endfacet
   facet normal 5.144951e-01 -8.574933e-01 -1.916982e-07
      outer loop
         vertex 1.570407e+02 1.107660e+02 5.034485e+01
         vertex 1.590143e+02 1.119502e+02 4.052804e+01
         vertex 1.572513e+02 1.108923e+02 5.056524e+01
      endloop
   endfacet
   facet normal -4.234887e-01 -2.103759e-03 9.058990e-01
      outer loop
         vertex 1.418563e+02 1.141369e+02 6.317860e+01
         vertex 1.424534e+02 1.137667e+02 6.345687e+01
         vertex 1.424484e+02 1.168545e+02 6.346173e+01
      endloop
   endfacet
   facet normal -2.021998e-01 -7.594228e-04 9.793440e-01
      outer loop
         vertex 1.428847e+02 1.134993e+02 6.360354e+01
         vertex 1.436874e+02 1.130016e+02 6.376888e+01
         vertex 1.436857e+02 1.168545e+02 6.377152e+01
      endloop
   endfacet
   facet normal -3.023544e-02 -6.987901e-04 9.995426e-01
      outer loop
         vertex 1.436857e+02 1.168545e+02 6.377152e+01
         vertex 1.436874e+02 1.130016e+02 6.376888e+01
         vertex 1.445562e+02 1.168545e+02 6.379785e+01
      endloop
   endfacet
   facet normal -8.159689e-02 1.090553e-02 9.966057e-01
      outer loop
         vertex 1.445562e+02 1.168545e+02 6.379785e+01
         vertex 1.436874e+02 1.130016e+02 6.376888e+01
         vertex 1.440191e+02 1.127960e+02 6.379829e+01
      endloop
   endfacet
   facet normal 8.097458e-04 -1.216386e-16 9.999997e-01
      outer loop
         vertex 1.445562e+02 1.168545e+02 6.379785e+01
         vertex 1.440191e+02 1.127960e+02 6.379829e+01
         vertex 1.445562e+02 1.124630e+02 6.379785e+01
      endloop
   endfacet
   facet normal -2.428815e-01 -1.915838e-03 9.700541e-01
      outer loop
         vertex 1.424484e+02 1.168545e+02 6.346173e+01
         vertex 1.424534e+02 1.137667e+02 6.345687e+01
         vertex 1.436857e+02 1.168545e+02 6.377152e+01
      endloop
   endfacet
   facet normal -3.330192e-01 3.689679e-02 9.421979e-01
      outer loop
         vertex 1.436857e+02 1.168545e+02 6.377152e+01
         vertex 1.424534e+02 1.137667e+02 6.345687e+01
         vertex 1.425578e+02 1.137020e+02 6.349632e+01
      endloop
   endfacet
   facet normal -2.984065e-01 2.346978e-02 9.541503e-01
      outer loop
         vertex 1.436857e+02 1.168545e+02 6.377152e+01
         vertex 1.425578e+02 1.137020e+02 6.349632e+01
         vertex 1.428847e+02 1.134993e+02 6.360354e+01
      endloop
   endfacet
   facet normal -4.804148e-01 -5.257564e-04 8.770413e-01
      outer loop
         vertex 1.413298e+02 1.168545e+02 6.284898e+01
         vertex 1.413340e+02 1.144607e+02 6.284987e+01
         vertex 1.424484e+02 1.168545e+02 6.346173e+01
      endloop
   endfacet
   facet normal -5.377975e-01 3.505624e-02 8.423449e-01
      outer loop
         vertex 1.424484e+02 1.168545e+02 6.346173e+01
         vertex 1.413340e+02 1.144607e+02 6.284987e+01
         vertex 1.416432e+02 1.142690e+02 6.305522e+01
      endloop
   endfacet
   facet normal -4.931588e-01 1.684044e-02 8.697763e-01
      outer loop
         vertex 1.424484e+02 1.168545e+02 6.346173e+01
         vertex 1.416432e+02 1.142690e+02 6.305522e+01
         vertex 1.418563e+02 1.141369e+02 6.317860e+01
      endloop
   endfacet
   facet normal -8.482166e-01 -1.100367e-02 5.295351e-01
      outer loop
         vertex 1.397271e+02 1.168545e+02 6.089119e+01
         vertex 1.397056e+02 1.154704e+02 6.082789e+01
         vertex 1.404026e+02 1.168545e+02 6.197313e+01
      endloop
   endfacet
   facet normal -8.854192e-01 6.508712e-02 4.602136e-01
      outer loop
         vertex 1.404026e+02 1.168545e+02 6.197313e+01
         vertex 1.397056e+02 1.154704e+02 6.082789e+01
         vertex 1.399107e+02 1.153432e+02 6.124045e+01
      endloop
   endfacet
   facet normal -8.413663e-01 1.190577e-02 5.403341e-01
      outer loop
         vertex 1.399107e+02 1.153432e+02 6.124045e+01
         vertex 1.402426e+02 1.151374e+02 6.176187e+01
         vertex 1.404026e+02 1.168545e+02 6.197313e+01
      endloop
   endfacet
   facet normal -7.932136e-01 -1.021682e-03 6.089427e-01
      outer loop
         vertex 1.404026e+02 1.168545e+02 6.197313e+01
         vertex 1.402426e+02 1.151374e+02 6.176187e+01
         vertex 1.404063e+02 1.150359e+02 6.197496e+01
      endloop
   endfacet
   facet normal -6.866837e-01 -6.844404e-04 7.269560e-01
      outer loop
         vertex 1.404026e+02 1.168545e+02 6.197313e+01
         vertex 1.404063e+02 1.150359e+02 6.197496e+01
         vertex 1.413298e+02 1.168545e+02 6.284898e+01
      endloop
   endfacet
   facet normal -7.128089e-01 2.509981e-02 7.009090e-01
      outer loop
         vertex 1.413298e+02 1.168545e+02 6.284898e+01
         vertex 1.404063e+02 1.150359e+02 6.197496e+01
         vertex 1.409698e+02 1.146865e+02 6.256053e+01
      endloop
   endfacet
   facet normal -6.223313e-01 -8.126360e-04 7.827535e-01
      outer loop
         vertex 1.413298e+02 1.168545e+02 6.284898e+01
         vertex 1.409698e+02 1.146865e+02 6.256053e+01
         vertex 1.413340e+02 1.144607e+02 6.284987e+01
      endloop
   endfacet
   facet normal -9.962005e-01 -1.024334e-15 8.708949e-02
      outer loop
         vertex 1.393474e+02 1.168545e+02 5.967356e+01
         vertex 1.392716e+02 1.168545e+02 5.880596e+01
         vertex 1.392716e+02 1.157394e+02 5.880596e+01
      endloop
   endfacet
   facet normal -9.982062e-01 2.589957e-02 5.397795e-02
      outer loop
         vertex 1.392716e+02 1.157394e+02 5.880596e+01
         vertex 1.392986e+02 1.157227e+02 5.931353e+01
         vertex 1.393474e+02 1.168545e+02 5.967356e+01
      endloop
   endfacet
   facet normal -9.874270e-01 -7.620955e-03 1.578921e-01
      outer loop
         vertex 1.393474e+02 1.168545e+02 5.967356e+01
         vertex 1.392986e+02 1.157227e+02 5.931353e+01
         vertex 1.393826e+02 1.156706e+02 5.983618e+01
      endloop
   endfacet
   facet normal -9.545795e-01 1.255737e-02 2.976916e-01
      outer loop
         vertex 1.393474e+02 1.168545e+02 5.967356e+01
         vertex 1.393826e+02 1.156706e+02 5.983618e+01
         vertex 1.397271e+02 1.168545e+02 6.089119e+01
      endloop
   endfacet
   facet normal -9.634118e-01 4.494755e-02 2.642299e-01
      outer loop
         vertex 1.397271e+02 1.168545e+02 6.089119e+01
         vertex 1.393826e+02 1.156706e+02 5.983618e+01
         vertex 1.395082e+02 1.155928e+02 6.030740e+01
      endloop
   endfacet
   facet normal -9.351304e-01 -1.634799e-03 3.543000e-01
      outer loop
         vertex 1.397271e+02 1.168545e+02 6.089119e+01
         vertex 1.395082e+02 1.155928e+02 6.030740e+01
         vertex 1.397056e+02 1.154704e+02 6.082789e+01
      endloop
   endfacet
   facet normal -1.000000e+00 -1.017535e-15 1.595293e-16
      outer loop
         vertex 1.392716e+02 1.157394e+02 5.880596e+01
         vertex 1.392716e+02 1.168545e+02 5.880596e+01
         vertex 1.392716e+02 1.157394e+02 4.309085e+01
      endloop
   endfacet
   facet normal -1.000000e+00 -1.017535e-15 1.595293e-16
      outer loop
         vertex 1.392716e+02 1.157394e+02 4.309085e+01
         vertex 1.392716e+02 1.168545e+02 5.880596e+01
         vertex 1.392716e+02 1.168545e+02 4.309085e+01
      endloop
   endfacet
   facet normal -9.358563e-01 -4.685200e-03 -3.523508e-01
      outer loop
         vertex 1.397271e+02 1.168545e+02 4.100561e+01
         vertex 1.397344e+02 1.154525e+02 4.100487e+01
         vertex 1.394831e+02 1.156083e+02 4.167024e+01
      endloop
   endfacet
   facet normal -9.542772e-01 2.812135e-02 -2.975973e-01
      outer loop
         vertex 1.397271e+02 1.168545e+02 4.100561e+01
         vertex 1.394831e+02 1.156083e+02 4.167024e+01
         vertex 1.393474e+02 1.168545e+02 4.222325e+01
      endloop
   endfacet
   facet normal -9.686962e-01 4.633908e-03 -2.482060e-01
      outer loop
         vertex 1.394831e+02 1.156083e+02 4.167024e+01
         vertex 1.393782e+02 1.156734e+02 4.208118e+01
         vertex 1.393474e+02 1.168545e+02 4.222325e+01
      endloop
   endfacet
   facet normal -9.813128e-01 -2.406506e-03 -1.924042e-01
      outer loop
         vertex 1.393474e+02 1.168545e+02 4.222325e+01
         vertex 1.393782e+02 1.156734e+02 4.208118e+01
         vertex 1.393506e+02 1.156905e+02 4.222175e+01
      endloop
   endfacet
   facet normal -9.961972e-01 -2.582079e-03 -8.708920e-02
      outer loop
         vertex 1.393474e+02 1.168545e+02 4.222325e+01
         vertex 1.393506e+02 1.156905e+02 4.222175e+01
         vertex 1.392716e+02 1.168545e+02 4.309085e+01
      endloop
   endfacet
   facet normal -9.912698e-01 2.879458e-02 -1.286663e-01
      outer loop
         vertex 1.392716e+02 1.168545e+02 4.309085e+01
         vertex 1.393506e+02 1.156905e+02 4.222175e+01
         vertex 1.392845e+02 1.157314e+02 4.273966e+01
      endloop
   endfacet
   facet normal -9.993197e-01 -1.012327e-15 -3.687885e-02
      outer loop
         vertex 1.392716e+02 1.168545e+02 4.309085e+01
         vertex 1.392845e+02 1.157314e+02 4.273966e+01
         vertex 1.392716e+02 1.157394e+02 4.309085e+01
      endloop
   endfacet
   facet normal -8.933792e-01 -4.412913e-03 -4.492819e-01
      outer loop
         vertex 1.397344e+02 1.154525e+02 4.100487e+01
         vertex 1.397271e+02 1.168545e+02 4.100561e+01
         vertex 1.399059e+02 1.153461e+02 4.066494e+01
      endloop
   endfacet
   facet normal -8.481138e-01 1.906344e-02 -5.294710e-01
      outer loop
         vertex 1.399059e+02 1.153461e+02 4.066494e+01
         vertex 1.397271e+02 1.168545e+02 4.100561e+01
         vertex 1.404026e+02 1.168545e+02 3.992367e+01
      endloop
   endfacet
   facet normal -8.467139e-01 1.747690e-02 -5.317613e-01
      outer loop
         vertex 1.399059e+02 1.153461e+02 4.066494e+01
         vertex 1.404026e+02 1.168545e+02 3.992367e+01
         vertex 1.401788e+02 1.151769e+02 4.022482e+01
      endloop
   endfacet
   facet normal -6.360992e-01 -1.082904e-03 -7.716065e-01
      outer loop
         vertex 1.413298e+02 1.168545e+02 3.904783e+01
         vertex 1.413412e+02 1.144563e+02 3.904181e+01
         vertex 1.408381e+02 1.147682e+02 3.945607e+01
      endloop
   endfacet
   facet normal -7.102406e-01 2.974821e-02 -7.033302e-01
      outer loop
         vertex 1.408381e+02 1.147682e+02 3.945607e+01
         vertex 1.405322e+02 1.149579e+02 3.977309e+01
         vertex 1.413298e+02 1.168545e+02 3.904783e+01
      endloop
   endfacet
   facet normal -7.392209e-01 5.419216e-02 -6.712792e-01
      outer loop
         vertex 1.413298e+02 1.168545e+02 3.904783e+01
         vertex 1.405322e+02 1.149579e+02 3.977309e+01
         vertex 1.404887e+02 1.149848e+02 3.982310e+01
      endloop
   endfacet
   facet normal -6.866647e-01 7.472044e-03 -7.269359e-01
      outer loop
         vertex 1.413298e+02 1.168545e+02 3.904783e+01
         vertex 1.404887e+02 1.149848e+02 3.982310e+01
         vertex 1.404026e+02 1.168545e+02 3.992367e+01
      endloop
   endfacet
   facet normal -7.681592e-01 -9.449759e-04 -6.402582e-01
      outer loop
         vertex 1.404026e+02 1.168545e+02 3.992367e+01
         vertex 1.404887e+02 1.149848e+02 3.982310e+01
         vertex 1.404058e+02 1.150362e+02 3.992248e+01
      endloop
   endfacet
   facet normal -7.999335e-01 -1.027900e-03 -6.000877e-01
      outer loop
         vertex 1.404026e+02 1.168545e+02 3.992367e+01
         vertex 1.404058e+02 1.150362e+02 3.992248e+01
         vertex 1.401788e+02 1.151769e+02 4.022482e+01
      endloop
   endfacet
   facet normal -5.527984e-01 -5.327941e-04 -8.333148e-01
      outer loop
         vertex 1.413412e+02 1.144563e+02 3.904181e+01
         vertex 1.413298e+02 1.168545e+02 3.904783e+01
         vertex 1.416432e+02 1.142690e+02 3.884159e+01
      endloop
   endfacet
   facet normal -4.803818e-01 1.172821e-02 -8.769811e-01
      outer loop
         vertex 1.416432e+02 1.142690e+02 3.884159e+01
         vertex 1.413298e+02 1.168545e+02 3.904783e+01
         vertex 1.424484e+02 1.168545e+02 3.843508e+01
      endloop
   endfacet
   facet normal -4.534497e-01 1.091775e-03 -8.912812e-01
      outer loop
         vertex 1.416432e+02 1.142690e+02 3.884159e+01
         vertex 1.424484e+02 1.168545e+02 3.843508e+01
         vertex 1.423488e+02 1.138315e+02 3.848205e+01
      endloop
   endfacet
   facet normal -3.648778e-01 -2.444532e-03 -9.310522e-01
      outer loop
         vertex 1.423488e+02 1.138315e+02 3.848205e+01
         vertex 1.424484e+02 1.168545e+02 3.843508e+01
         vertex 1.425578e+02 1.137020e+02 3.840049e+01
      endloop
   endfacet
   facet normal -2.428814e-01 2.215915e-03 -9.700535e-01
      outer loop
         vertex 1.425578e+02 1.137020e+02 3.840049e+01
         vertex 1.424484e+02 1.168545e+02 3.843508e+01
         vertex 1.436857e+02 1.168545e+02 3.812529e+01
      endloop
   endfacet
   facet normal -2.549751e-01 6.815994e-03 -9.669236e-01
      outer loop
         vertex 1.425578e+02 1.137020e+02 3.840049e+01
         vertex 1.436857e+02 1.168545e+02 3.812529e+01
         vertex 1.434343e+02 1.131586e+02 3.816553e+01
      endloop
   endfacet
   facet normal -1.128680e-01 -3.141164e-03 -9.936050e-01
      outer loop
         vertex 1.434343e+02 1.131586e+02 3.816553e+01
         vertex 1.436857e+02 1.168545e+02 3.812529e+01
         vertex 1.440479e+02 1.127781e+02 3.809703e+01
      endloop
   endfacet
   facet normal -3.023518e-02 4.242659e-03 -9.995338e-01
      outer loop
         vertex 1.440479e+02 1.127781e+02 3.809703e+01
         vertex 1.436857e+02 1.168545e+02 3.812529e+01
         vertex 1.445562e+02 1.168545e+02 3.809896e+01
      endloop
   endfacet
   facet normal 3.792849e-03 1.263211e-16 -9.999928e-01
      outer loop
         vertex 1.440479e+02 1.127781e+02 3.809703e+01
         vertex 1.445562e+02 1.168545e+02 3.809896e+01
         vertex 1.445562e+02 1.124630e+02 3.809896e+01
      endloop
   endfacet
   facet normal 3.661620e-01 2.124068e-03 9.305487e-01
      outer loop
         vertex 1.654669e+02 1.096045e+02 6.006674e+01
         vertex 1.656965e+02 1.168545e+02 5.995986e+01
         vertex 1.645705e+02 1.096045e+02 6.041947e+01
      endloop
   endfacet
   facet normal 3.515021e-01 4.757512e-03 9.361750e-01
      outer loop
         vertex 1.645705e+02 1.096045e+02 6.041947e+01
         vertex 1.656965e+02 1.168545e+02 5.995986e+01
         vertex 1.640283e+02 1.168545e+02 6.058620e+01
      endloop
   endfacet
   facet normal 2.939306e-01 1.820317e-16 9.558268e-01
      outer loop
         vertex 1.645705e+02 1.096045e+02 6.041947e+01
         vertex 1.640283e+02 1.168545e+02 6.058620e+01
         vertex 1.640283e+02 1.099136e+02 6.058620e+01
      endloop
   endfacet
   facet normal 8.239727e-01 7.690305e-16 5.666294e-01
      outer loop
         vertex 1.696866e+02 1.096045e+02 5.648818e+01
         vertex 1.696866e+02 1.168545e+02 5.648818e+01
         vertex 1.695134e+02 1.096045e+02 5.674014e+01
      endloop
   endfacet
   facet normal 7.798610e-01 3.115677e-03 6.259450e-01
      outer loop
         vertex 1.695134e+02 1.096045e+02 5.674014e+01
         vertex 1.696866e+02 1.168545e+02 5.648818e+01
         vertex 1.685713e+02 1.168545e+02 5.787780e+01
      endloop
   endfacet
   facet normal 6.563844e-01 4.946517e-03 7.544104e-01
      outer loop
         vertex 1.672270e+02 1.168545e+02 5.904740e+01
         vertex 1.677118e+02 1.096045e+02 5.867311e+01
         vertex 1.685713e+02 1.168545e+02 5.787780e+01
      endloop
   endfacet
   facet normal 6.847957e-01 -1.238133e-03 7.287340e-01
      outer loop
         vertex 1.685713e+02 1.168545e+02 5.787780e+01
         vertex 1.677118e+02 1.096045e+02 5.867311e+01
         vertex 1.686767e+02 1.096045e+02 5.776639e+01
      endloop
   endfacet
   facet normal 7.750716e-01 1.563340e-03 6.318715e-01
      outer loop
         vertex 1.685713e+02 1.168545e+02 5.787780e+01
         vertex 1.686767e+02 1.096045e+02 5.776639e+01
         vertex 1.695134e+02 1.096045e+02 5.674014e+01
      endloop
   endfacet
   facet normal 4.220745e-01 3.184559e-16 9.065611e-01
      outer loop
         vertex 1.654669e+02 1.096045e+02 6.006674e+01
         vertex 1.656965e+02 1.096045e+02 5.995986e+01
         vertex 1.656965e+02 1.168545e+02 5.995986e+01
      endloop
   endfacet
   facet normal 4.811625e-01 3.822453e-16 8.766314e-01
      outer loop
         vertex 1.656965e+02 1.168545e+02 5.995986e+01
         vertex 1.656965e+02 1.096045e+02 5.995986e+01
         vertex 1.666356e+02 1.096045e+02 5.944440e+01
      endloop
   endfacet
   facet normal 5.120725e-01 5.262728e-03 8.589261e-01
      outer loop
         vertex 1.656965e+02 1.168545e+02 5.995986e+01
         vertex 1.666356e+02 1.096045e+02 5.944440e+01
         vertex 1.672270e+02 1.168545e+02 5.904740e+01
      endloop
   endfacet
   facet normal 5.573556e-01 4.654516e-16 8.302739e-01
      outer loop
         vertex 1.672270e+02 1.168545e+02 5.904740e+01
         vertex 1.666356e+02 1.096045e+02 5.944440e+01
         vertex 1.672270e+02 1.096045e+02 5.904740e+01
      endloop
   endfacet
   facet normal 6.110943e-01 5.248738e-16 7.915578e-01
      outer loop
         vertex 1.672270e+02 1.168545e+02 5.904740e+01
         vertex 1.672270e+02 1.096045e+02 5.904740e+01
         vertex 1.677118e+02 1.096045e+02 5.867311e+01
      endloop
   endfacet
   facet normal 2.939306e-01 4.161378e-16 -9.558268e-01
      outer loop
         vertex 1.640283e+02 1.099136e+02 4.131061e+01
         vertex 1.640283e+02 1.168545e+02 4.131061e+01
         vertex 1.645705e+02 1.096045e+02 4.147734e+01
      endloop
   endfacet
   facet normal 3.515021e-01 4.757512e-03 -9.361750e-01
      outer loop
         vertex 1.645705e+02 1.096045e+02 4.147734e+01
         vertex 1.640283e+02 1.168545e+02 4.131061e+01
         vertex 1.656965e+02 1.168545e+02 4.193695e+01
      endloop
   endfacet
   facet normal 3.661620e-01 2.124068e-03 -9.305487e-01
      outer loop
         vertex 1.645705e+02 1.096045e+02 4.147734e+01
         vertex 1.656965e+02 1.168545e+02 4.193695e+01
         vertex 1.654669e+02 1.096045e+02 4.183007e+01
      endloop
   endfacet
   facet normal 4.220745e-01 5.404956e-16 -9.065611e-01
      outer loop
         vertex 1.654669e+02 1.096045e+02 4.183007e+01
         vertex 1.656965e+02 1.168545e+02 4.193695e+01
         vertex 1.656965e+02 1.096045e+02 4.193695e+01
      endloop
   endfacet
   facet normal 4.811625e-01 5.969544e-16 -8.766314e-01
      outer loop
         vertex 1.656965e+02 1.096045e+02 4.193695e+01
         vertex 1.656965e+02 1.168545e+02 4.193695e+01
         vertex 1.666356e+02 1.096045e+02 4.245241e+01
      endloop
   endfacet
   facet normal 5.120725e-01 5.262728e-03 -8.589261e-01
      outer loop
         vertex 1.666356e+02 1.096045e+02 4.245241e+01
         vertex 1.656965e+02 1.168545e+02 4.193695e+01
         vertex 1.672270e+02 1.168545e+02 4.284941e+01
      endloop
   endfacet
   facet normal 5.573556e-01 6.688066e-16 -8.302739e-01
      outer loop
         vertex 1.666356e+02 1.096045e+02 4.245241e+01
         vertex 1.672270e+02 1.168545e+02 4.284941e+01
         vertex 1.672270e+02 1.096045e+02 4.284941e+01
      endloop
   endfacet
   facet normal 6.110943e-01 7.187463e-16 -7.915578e-01
      outer loop
         vertex 1.672270e+02 1.096045e+02 4.284941e+01
         vertex 1.672270e+02 1.168545e+02 4.284941e+01
         vertex 1.677118e+02 1.096045e+02 4.322370e+01
      endloop
   endfacet
   facet normal 6.563844e-01 4.946517e-03 -7.544104e-01
      outer loop
         vertex 1.677118e+02 1.096045e+02 4.322370e+01
         vertex 1.672270e+02 1.168545e+02 4.284941e+01
         vertex 1.685713e+02 1.168545e+02 4.401901e+01
      endloop
   endfacet
   facet normal 6.847957e-01 -1.238133e-03 -7.287340e-01
      outer loop
         vertex 1.677118e+02 1.096045e+02 4.322370e+01
         vertex 1.685713e+02 1.168545e+02 4.401901e+01
         vertex 1.686767e+02 1.096045e+02 4.413042e+01
      endloop
   endfacet
   facet normal 7.750716e-01 1.563340e-03 -6.318715e-01
      outer loop
         vertex 1.686767e+02 1.096045e+02 4.413042e+01
         vertex 1.685713e+02 1.168545e+02 4.401901e+01
         vertex 1.695134e+02 1.096045e+02 4.515667e+01
      endloop
   endfacet
   facet normal 7.798610e-01 3.115677e-03 -6.259450e-01
      outer loop
         vertex 1.695134e+02 1.096045e+02 4.515667e+01
         vertex 1.685713e+02 1.168545e+02 4.401901e+01
         vertex 1.696866e+02 1.168545e+02 4.540863e+01
      endloop
   endfacet
   facet normal 8.239727e-01 9.078124e-16 -5.666294e-01
      outer loop
         vertex 1.695134e+02 1.096045e+02 4.515667e+01
         vertex 1.696866e+02 1.168545e+02 4.540863e+01
         vertex 1.696866e+02 1.096045e+02 4.540863e+01
      endloop
   endfacet
   facet normal -5.673058e-01 -8.235072e-01 4.702539e-07
      outer loop
         vertex 1.403744e+02 1.147170e+02 4.040897e+01
         vertex 1.407561e+02 1.144540e+02 3.995944e+01
         vertex 1.462160e+02 1.106928e+02 5.024130e+01
      endloop
   endfacet
   facet normal -5.673042e-01 -8.235083e-01 -1.223327e-06
      outer loop
         vertex 1.394879e+02 1.153277e+02 4.309085e+01
         vertex 1.395241e+02 1.153028e+02 4.252096e+01
         vertex 1.460358e+02 1.108169e+02 5.039254e+01
      endloop
   endfacet
   facet normal -5.673065e-01 -8.235068e-01 1.697747e-06
      outer loop
         vertex 1.460358e+02 1.108169e+02 5.039254e+01
         vertex 1.458653e+02 1.109343e+02 5.063222e+01
         vertex 1.394879e+02 1.153277e+02 4.309085e+01
      endloop
   endfacet
   facet normal -5.673053e-01 -8.235076e-01 2.038164e-07
      outer loop
         vertex 1.394879e+02 1.153277e+02 4.309085e+01
         vertex 1.458653e+02 1.109343e+02 5.063222e+01
         vertex 1.457909e+02 1.109856e+02 5.094411e+01
      endloop
   endfacet
   facet normal -5.673051e-01 -8.235077e-01 -1.034719e-17
      outer loop
         vertex 1.394879e+02 1.153277e+02 4.309085e+01
         vertex 1.457909e+02 1.109856e+02 5.094411e+01
         vertex 1.394879e+02 1.153277e+02 5.880596e+01
      endloop
   endfacet
   facet normal -5.673056e-01 -8.235073e-01 -6.226294e-07
      outer loop
         vertex 1.394879e+02 1.153277e+02 5.880596e+01
         vertex 1.457909e+02 1.109856e+02 5.094411e+01
         vertex 1.458607e+02 1.109376e+02 5.125476e+01
      endloop
   endfacet
   facet normal -5.673023e-01 -8.235096e-01 3.538803e-06
      outer loop
         vertex 1.394879e+02 1.153277e+02 5.880596e+01
         vertex 1.458607e+02 1.109376e+02 5.125476e+01
         vertex 1.394896e+02 1.153265e+02 5.893144e+01
      endloop
   endfacet
   facet normal -5.673072e-01 -8.235063e-01 -2.489513e-06
      outer loop
         vertex 1.394896e+02 1.153265e+02 5.893144e+01
         vertex 1.458607e+02 1.109376e+02 5.125476e+01
         vertex 1.460358e+02 1.108169e+02 5.150426e+01
      endloop
   endfacet
   facet normal -5.673048e-01 -8.235079e-01 5.654770e-07
      outer loop
         vertex 1.394896e+02 1.153265e+02 5.893144e+01
         vertex 1.460358e+02 1.108169e+02 5.150426e+01
         vertex 1.395372e+02 1.152937e+02 5.947060e+01
      endloop
   endfacet
   facet normal -5.673063e-01 -8.235069e-01 5.419672e-07
      outer loop
         vertex 1.422460e+02 1.134277e+02 3.894166e+01
         vertex 1.428316e+02 1.130243e+02 3.874188e+01
         vertex 1.462160e+02 1.106928e+02 5.024130e+01
      endloop
   endfacet
   facet normal -5.673044e-01 -8.235082e-01 -2.806770e-07
      outer loop
         vertex 1.462160e+02 1.106928e+02 5.024130e+01
         vertex 1.428316e+02 1.130243e+02 3.874188e+01
         vertex 1.433311e+02 1.126802e+02 3.863905e+01
      endloop
   endfacet
   facet normal -5.673064e-01 -8.235068e-01 4.332106e-07
      outer loop
         vertex 1.462160e+02 1.106928e+02 5.024130e+01
         vertex 1.433311e+02 1.126802e+02 3.863905e+01
         vertex 1.434447e+02 1.126019e+02 3.862373e+01
      endloop
   endfacet
   facet normal -5.673044e-01 -8.235081e-01 -9.873207e-07
      outer loop
         vertex 1.395241e+02 1.153028e+02 4.252096e+01
         vertex 1.396325e+02 1.152281e+02 4.195916e+01
         vertex 1.460358e+02 1.108169e+02 5.039254e+01
      endloop
   endfacet
   facet normal -5.673053e-01 -8.235076e-01 -7.305296e-08
      outer loop
         vertex 1.460358e+02 1.108169e+02 5.039254e+01
         vertex 1.396325e+02 1.152281e+02 4.195916e+01
         vertex 1.398119e+02 1.151045e+02 4.141427e+01
      endloop
   endfacet
   facet normal -5.673056e-01 -8.235073e-01 3.128208e-07
      outer loop
         vertex 1.460358e+02 1.108169e+02 5.039254e+01
         vertex 1.398119e+02 1.151045e+02 4.141427e+01
         vertex 1.462160e+02 1.106928e+02 5.024130e+01
      endloop
   endfacet
   facet normal -5.673070e-01 -8.235064e-01 1.762269e-06
      outer loop
         vertex 1.462160e+02 1.106928e+02 5.024130e+01
         vertex 1.398119e+02 1.151045e+02 4.141427e+01
         vertex 1.400575e+02 1.149353e+02 4.089945e+01
      endloop
   endfacet
   facet normal -5.673045e-01 -8.235081e-01 -6.210048e-07
      outer loop
         vertex 1.462160e+02 1.106928e+02 5.024130e+01
         vertex 1.400575e+02 1.149353e+02 4.089945e+01
         vertex 1.403744e+02 1.147170e+02 4.040897e+01
      endloop
   endfacet
   facet normal -5.673073e-01 -8.235062e-01 -1.768710e-06
      outer loop
         vertex 1.404326e+02 1.146769e+02 6.156458e+01
         vertex 1.400976e+02 1.149077e+02 6.106788e+01
         vertex 1.461983e+02 1.107050e+02 5.164305e+01
      endloop
   endfacet
   facet normal -5.673049e-01 -8.235078e-01 5.313888e-07
      outer loop
         vertex 1.461983e+02 1.107050e+02 5.164305e+01
         vertex 1.400976e+02 1.149077e+02 6.106788e+01
         vertex 1.398554e+02 1.150745e+02 6.058707e+01
      endloop
   endfacet
   facet normal -5.673055e-01 -8.235075e-01 -7.033425e-08
      outer loop
         vertex 1.461983e+02 1.107050e+02 5.164305e+01
         vertex 1.398554e+02 1.150745e+02 6.058707e+01
         vertex 1.460358e+02 1.108169e+02 5.150426e+01
      endloop
   endfacet
   facet normal -5.673052e-01 -8.235077e-01 2.235162e-07
      outer loop
         vertex 1.460358e+02 1.108169e+02 5.150426e+01
         vertex 1.398554e+02 1.150745e+02 6.058707e+01
         vertex 1.396595e+02 1.152095e+02 6.003681e+01
      endloop
   endfacet
   facet normal -5.673048e-01 -8.235079e-01 6.385759e-07
      outer loop
         vertex 1.460358e+02 1.108169e+02 5.150426e+01
         vertex 1.396595e+02 1.152095e+02 6.003681e+01
         vertex 1.395372e+02 1.152937e+02 5.947060e+01
      endloop
   endfacet
   facet normal -5.673141e-01 -8.235015e-01 -4.352914e-06
      outer loop
         vertex 1.462160e+02 1.106928e+02 5.165551e+01
         vertex 1.424440e+02 1.132913e+02 6.303282e+01
         vertex 1.423915e+02 1.133274e+02 6.301329e+01
      endloop
   endfacet
   facet normal -5.673055e-01 -8.235074e-01 -1.034710e-17
      outer loop
         vertex 1.476677e+02 1.096928e+02 3.885731e+01
         vertex 1.476677e+02 1.096928e+02 4.924130e+01
         vertex 1.442441e+02 1.120512e+02 3.859815e+01
      endloop
   endfacet
   facet normal -5.673056e-01 -8.235074e-01 4.590584e-08
      outer loop
         vertex 1.442441e+02 1.120512e+02 3.859815e+01
         vertex 1.476677e+02 1.096928e+02 4.924130e+01
         vertex 1.462160e+02 1.106928e+02 5.024130e+01
      endloop
   endfacet
   facet normal -5.673016e-01 -8.235101e-01 -9.406519e-07
      outer loop
         vertex 1.442441e+02 1.120512e+02 3.859815e+01
         vertex 1.462160e+02 1.106928e+02 5.024130e+01
         vertex 1.440708e+02 1.121706e+02 3.859158e+01
      endloop
   endfacet
   facet normal -5.673053e-01 -8.235076e-01 5.136407e-08
      outer loop
         vertex 1.440708e+02 1.121706e+02 3.859158e+01
         vertex 1.462160e+02 1.106928e+02 5.024130e+01
         vertex 1.434447e+02 1.126019e+02 3.862373e+01
      endloop
   endfacet
   facet normal -5.673056e-01 -8.235074e-01 -1.034707e-17
      outer loop
         vertex 1.476677e+02 1.096928e+02 5.265551e+01
         vertex 1.476677e+02 1.096928e+02 6.303950e+01
         vertex 1.462160e+02 1.106928e+02 5.165551e+01
      endloop
   endfacet
   facet normal -5.673055e-01 -8.235074e-01 -2.201767e-08
      outer loop
         vertex 1.462160e+02 1.106928e+02 5.165551e+01
         vertex 1.476677e+02 1.096928e+02 6.303950e+01
         vertex 1.442441e+02 1.120512e+02 6.329866e+01
      endloop
   endfacet
   facet normal -5.673059e-01 -8.235071e-01 -3.126026e-07
      outer loop
         vertex 1.423915e+02 1.133274e+02 6.301329e+01
         vertex 1.418245e+02 1.137181e+02 6.275182e+01
         vertex 1.462160e+02 1.106928e+02 5.165551e+01
      endloop
   endfacet
   facet normal -5.673039e-01 -8.235085e-01 8.848957e-07
      outer loop
         vertex 1.462160e+02 1.106928e+02 5.165551e+01
         vertex 1.418245e+02 1.137181e+02 6.275182e+01
         vertex 1.413024e+02 1.140777e+02 6.241689e+01
      endloop
   endfacet
   facet normal -5.672911e-01 -8.235173e-01 9.461441e-06
      outer loop
         vertex 1.462160e+02 1.106928e+02 5.165551e+01
         vertex 1.413024e+02 1.140777e+02 6.241689e+01
         vertex 1.461983e+02 1.107050e+02 5.164305e+01
      endloop
   endfacet
   facet normal -5.673060e-01 -8.235071e-01 -4.866785e-07
      outer loop
         vertex 1.461983e+02 1.107050e+02 5.164305e+01
         vertex 1.413024e+02 1.140777e+02 6.241689e+01
         vertex 1.408357e+02 1.143992e+02 6.201743e+01
      endloop
   endfacet
   facet normal -5.673044e-01 -8.235082e-01 7.368072e-07
      outer loop
         vertex 1.461983e+02 1.107050e+02 5.164305e+01
         vertex 1.408357e+02 1.143992e+02 6.201743e+01
         vertex 1.404326e+02 1.146769e+02 6.156458e+01
      endloop
   endfacet
   facet normal -5.673059e-01 -8.235072e-01 -1.164830e-07
      outer loop
         vertex 1.442441e+02 1.120512e+02 6.329866e+01
         vertex 1.436153e+02 1.124844e+02 6.329054e+01
         vertex 1.462160e+02 1.106928e+02 5.165551e+01
      endloop
   endfacet
   facet normal -5.673038e-01 -8.235086e-01 5.671728e-07
      outer loop
         vertex 1.462160e+02 1.106928e+02 5.165551e+01
         vertex 1.436153e+02 1.124844e+02 6.329054e+01
         vertex 1.429932e+02 1.129130e+02 6.319470e+01
      endloop
   endfacet
   facet normal -5.673051e-01 -8.235077e-01 4.427602e-08
      outer loop
         vertex 1.462160e+02 1.106928e+02 5.165551e+01
         vertex 1.429932e+02 1.129130e+02 6.319470e+01
         vertex 1.424440e+02 1.132913e+02 6.303282e+01
      endloop
   endfacet
   facet normal -5.673040e-01 -8.235085e-01 -9.444557e-07
      outer loop
         vertex 1.407561e+02 1.144540e+02 3.995944e+01
         vertex 1.411996e+02 1.141486e+02 3.955875e+01
         vertex 1.462160e+02 1.106928e+02 5.024130e+01
      endloop
   endfacet
   facet normal -5.673068e-01 -8.235065e-01 1.017517e-06
      outer loop
         vertex 1.462160e+02 1.106928e+02 5.024130e+01
         vertex 1.411996e+02 1.141486e+02 3.955875e+01
         vertex 1.416992e+02 1.138044e+02 3.921635e+01
      endloop
   endfacet
   facet normal -5.673043e-01 -8.235083e-01 -5.169077e-07
      outer loop
         vertex 1.462160e+02 1.106928e+02 5.024130e+01
         vertex 1.416992e+02 1.138044e+02 3.921635e+01
         vertex 1.422460e+02 1.134277e+02 3.894166e+01
      endloop
   endfacet
   facet normal 6.844685e-16 -1.000000e+00 -1.224627e-16
      outer loop
         vertex 1.644101e+02 1.091045e+02 4.195090e+01
         vertex 1.652616e+02 1.091045e+02 4.228598e+01
         vertex 1.644101e+02 1.091045e+02 4.874130e+01
      endloop
   endfacet
   facet normal 6.844685e-16 -1.000000e+00 -1.224627e-16
      outer loop
         vertex 1.644101e+02 1.091045e+02 4.874130e+01
         vertex 1.652616e+02 1.091045e+02 4.228598e+01
         vertex 1.663719e+02 1.091045e+02 4.287721e+01
      endloop
   endfacet
   facet normal 6.844685e-16 -1.000000e+00 -1.224627e-16
      outer loop
         vertex 1.644101e+02 1.091045e+02 4.874130e+01
         vertex 1.663719e+02 1.091045e+02 4.287721e+01
         vertex 1.673943e+02 1.091045e+02 4.360994e+01
      endloop
   endfacet
   facet normal 6.844685e-16 -1.000000e+00 -1.224627e-16
      outer loop
         vertex 1.695216e+02 1.091045e+02 4.608422e+01
         vertex 1.695216e+02 1.091045e+02 4.874130e+01
         vertex 1.691057e+02 1.091045e+02 4.544625e+01
      endloop
   endfacet
   facet normal 6.844685e-16 -1.000000e+00 -1.224627e-16
      outer loop
         vertex 1.691057e+02 1.091045e+02 4.544625e+01
         vertex 1.695216e+02 1.091045e+02 4.874130e+01
         vertex 1.644101e+02 1.091045e+02 4.874130e+01
      endloop
   endfacet
   facet normal 6.844685e-16 -1.000000e+00 -1.224627e-16
      outer loop
         vertex 1.691057e+02 1.091045e+02 4.544625e+01
         vertex 1.644101e+02 1.091045e+02 4.874130e+01
         vertex 1.683109e+02 1.091045e+02 4.447132e+01
      endloop
   endfacet
   facet normal 6.844685e-16 -1.000000e+00 -1.224627e-16
      outer loop
         vertex 1.683109e+02 1.091045e+02 4.447132e+01
         vertex 1.644101e+02 1.091045e+02 4.874130e+01
         vertex 1.673943e+02 1.091045e+02 4.360994e+01
      endloop
   endfacet
   facet normal -6.844685e-16 1.000000e+00 1.224627e-16
      outer loop
         vertex 1.392716e+02 1.168545e+02 5.880596e+01
         vertex 1.393474e+02 1.168545e+02 5.967356e+01
         vertex 1.499966e+02 1.168545e+02 5.444840e+01
      endloop
   endfacet
   facet normal -6.844685e-16 1.000000e+00 1.224627e-16
      outer loop
         vertex 1.499966e+02 1.168545e+02 5.444840e+01
         vertex 1.393474e+02 1.168545e+02 5.967356e+01
         vertex 1.501339e+02 1.168545e+02 5.496090e+01
      endloop
   endfacet
   facet normal -6.844685e-16 1.000000e+00 1.224627e-16
      outer loop
         vertex 1.515341e+02 1.168545e+02 5.533608e+01
         vertex 1.597138e+02 1.168545e+02 6.166952e+01
         vertex 1.519092e+02 1.168545e+02 5.496090e+01
      endloop
   endfacet
   facet normal -6.844685e-16 1.000000e+00 1.224627e-16
      outer loop
         vertex 1.519092e+02 1.168545e+02 5.496090e+01
         vertex 1.597138e+02 1.168545e+02 6.166952e+01
         vertex 1.640283e+02 1.168545e+02 6.058620e+01
      endloop
   endfacet
   facet normal -6.844685e-16 1.000000e+00 1.224627e-16
      outer loop
         vertex 1.519092e+02 1.168545e+02 5.496090e+01
         vertex 1.640283e+02 1.168545e+02 6.058620e+01
         vertex 1.520466e+02 1.168545e+02 5.444840e+01
      endloop
   endfacet
   facet normal -6.844685e-16 1.000000e+00 1.224627e-16
      outer loop
         vertex 1.520466e+02 1.168545e+02 5.444840e+01
         vertex 1.640283e+02 1.168545e+02 6.058620e+01
         vertex 1.656965e+02 1.168545e+02 5.995986e+01
      endloop
   endfacet
   facet normal -6.844685e-16 1.000000e+00 1.224627e-16
      outer loop
         vertex 1.520466e+02 1.168545e+02 5.444840e+01
         vertex 1.656965e+02 1.168545e+02 5.995986e+01
         vertex 1.672270e+02 1.168545e+02 5.904740e+01
      endloop
   endfacet
   facet normal -6.844685e-16 1.000000e+00 1.224627e-16
      outer loop
         vertex 1.393474e+02 1.168545e+02 5.967356e+01
         vertex 1.397271e+02 1.168545e+02 6.089119e+01
         vertex 1.501339e+02 1.168545e+02 5.496090e+01
      endloop
   endfacet
   facet normal -6.844685e-16 1.000000e+00 1.224627e-16
      outer loop
         vertex 1.501339e+02 1.168545e+02 5.496090e+01
         vertex 1.397271e+02 1.168545e+02 6.089119e+01
         vertex 1.404026e+02 1.168545e+02 6.197313e+01
      endloop
   endfacet
   facet normal -6.844685e-16 1.000000e+00 1.224627e-16
      outer loop
         vertex 1.501339e+02 1.168545e+02 5.496090e+01
         vertex 1.404026e+02 1.168545e+02 6.197313e+01
         vertex 1.413298e+02 1.168545e+02 6.284898e+01
      endloop
   endfacet
   facet normal -6.844685e-16 1.000000e+00 1.224627e-16
      outer loop
         vertex 1.619092e+02 1.168545e+02 5.146090e+01
         vertex 1.615341e+02 1.168545e+02 5.183608e+01
         vertex 1.700216e+02 1.168545e+02 5.538022e+01
      endloop
   endfacet
   facet normal -6.844685e-16 1.000000e+00 1.224627e-16
      outer loop
         vertex 1.700216e+02 1.168545e+02 5.538022e+01
         vertex 1.615341e+02 1.168545e+02 5.183608e+01
         vertex 1.610216e+02 1.168545e+02 5.197340e+01
      endloop
   endfacet
   facet normal -6.844685e-16 1.000000e+00 1.224627e-16
      outer loop
         vertex 1.672270e+02 1.168545e+02 5.904740e+01
         vertex 1.685713e+02 1.168545e+02 5.787780e+01
         vertex 1.520466e+02 1.168545e+02 5.444840e+01
      endloop
   endfacet
   facet normal -6.844685e-16 1.000000e+00 1.224627e-16
      outer loop
         vertex 1.520466e+02 1.168545e+02 5.444840e+01
         vertex 1.685713e+02 1.168545e+02 5.787780e+01
         vertex 1.696866e+02 1.168545e+02 5.648818e+01
      endloop
   endfacet
   facet normal -6.844685e-16 1.000000e+00 1.224627e-16
      outer loop
         vertex 1.520466e+02 1.168545e+02 5.444840e+01
         vertex 1.696866e+02 1.168545e+02 5.648818e+01
         vertex 1.699360e+02 1.168545e+02 5.595896e+01
      endloop
   endfacet
   facet normal -6.844685e-16 1.000000e+00 1.224627e-16
      outer loop
         vertex 1.413298e+02 1.168545e+02 6.284898e+01
         vertex 1.424484e+02 1.168545e+02 6.346173e+01
         vertex 1.501339e+02 1.168545e+02 5.496090e+01
      endloop
   endfacet
   facet normal -6.844685e-16 1.000000e+00 1.224627e-16
      outer loop
         vertex 1.501339e+02 1.168545e+02 5.496090e+01
         vertex 1.424484e+02 1.168545e+02 6.346173e+01
         vertex 1.436857e+02 1.168545e+02 6.377152e+01
      endloop
   endfacet
   facet normal -6.844685e-16 1.000000e+00 1.224627e-16
      outer loop
         vertex 1.501339e+02 1.168545e+02 5.496090e+01
         vertex 1.436857e+02 1.168545e+02 6.377152e+01
         vertex 1.505091e+02 1.168545e+02 5.533608e+01
      endloop
   endfacet
   facet normal -6.844685e-16 1.000000e+00 1.224627e-16
      outer loop
         vertex 1.505091e+02 1.168545e+02 5.533608e+01
         vertex 1.436857e+02 1.168545e+02 6.377152e+01
         vertex 1.445562e+02 1.168545e+02 6.379785e+01
      endloop
   endfacet
   facet normal -6.844685e-16 1.000000e+00 1.224627e-16
      outer loop
         vertex 1.505091e+02 1.168545e+02 5.533608e+01
         vertex 1.445562e+02 1.168545e+02 6.379785e+01
         vertex 1.510216e+02 1.168545e+02 5.547340e+01
      endloop
   endfacet
   facet normal -6.844685e-16 1.000000e+00 1.224627e-16
      outer loop
         vertex 1.510216e+02 1.168545e+02 5.547340e+01
         vertex 1.445562e+02 1.168545e+02 6.379785e+01
         vertex 1.489901e+02 1.168545e+02 6.343826e+01
      endloop
   endfacet
   facet normal -6.844685e-16 1.000000e+00 1.224627e-16
      outer loop
         vertex 1.510216e+02 1.168545e+02 5.547340e+01
         vertex 1.489901e+02 1.168545e+02 6.343826e+01
         vertex 1.515341e+02 1.168545e+02 5.533608e+01
      endloop
   endfacet
   facet normal -6.844685e-16 1.000000e+00 1.224627e-16
      outer loop
         vertex 1.515341e+02 1.168545e+02 5.533608e+01
         vertex 1.489901e+02 1.168545e+02 6.343826e+01
         vertex 1.543779e+02 1.168545e+02 6.271098e+01
      endloop
   endfacet
   facet normal -6.844685e-16 1.000000e+00 1.224627e-16
      outer loop
         vertex 1.515341e+02 1.168545e+02 5.533608e+01
         vertex 1.543779e+02 1.168545e+02 6.271098e+01
         vertex 1.597138e+02 1.168545e+02 6.166952e+01
      endloop
   endfacet
   facet normal -6.844685e-16 1.000000e+00 1.224627e-16
      outer loop
         vertex 1.501339e+02 1.168545e+02 5.393590e+01
         vertex 1.505091e+02 1.168545e+02 5.356073e+01
         vertex 1.501339e+02 1.168545e+02 4.796090e+01
      endloop
   endfacet
   facet normal -6.844685e-16 1.000000e+00 1.224627e-16
      outer loop
         vertex 1.499966e+02 1.168545e+02 5.444840e+01
         vertex 1.501339e+02 1.168545e+02 5.393590e+01
         vertex 1.392716e+02 1.168545e+02 5.880596e+01
      endloop
   endfacet
   facet normal -6.844685e-16 1.000000e+00 1.224627e-16
      outer loop
         vertex 1.392716e+02 1.168545e+02 5.880596e+01
         vertex 1.501339e+02 1.168545e+02 5.393590e+01
         vertex 1.501339e+02 1.168545e+02 4.796090e+01
      endloop
   endfacet
   facet normal -6.844685e-16 1.000000e+00 1.224627e-16
      outer loop
         vertex 1.392716e+02 1.168545e+02 5.880596e+01
         vertex 1.501339e+02 1.168545e+02 4.796090e+01
         vertex 1.392716e+02 1.168545e+02 4.309085e+01
      endloop
   endfacet
   facet normal -6.844685e-16 1.000000e+00 1.224627e-16
      outer loop
         vertex 1.392716e+02 1.168545e+02 4.309085e+01
         vertex 1.501339e+02 1.168545e+02 4.796090e+01
         vertex 1.499966e+02 1.168545e+02 4.744840e+01
      endloop
   endfacet
   facet normal -6.844685e-16 1.000000e+00 1.224627e-16
      outer loop
         vertex 1.392716e+02 1.168545e+02 4.309085e+01
         vertex 1.499966e+02 1.168545e+02 4.744840e+01
         vertex 1.393474e+02 1.168545e+02 4.222325e+01
      endloop
   endfacet
   facet normal -6.844685e-16 1.000000e+00 1.224627e-16
      outer loop
         vertex 1.393474e+02 1.168545e+02 4.222325e+01
         vertex 1.499966e+02 1.168545e+02 4.744840e+01
         vertex 1.501339e+02 1.168545e+02 4.693590e+01
      endloop
   endfacet
   facet normal -6.844685e-16 1.000000e+00 1.224627e-16
      outer loop
         vertex 1.393474e+02 1.168545e+02 4.222325e+01
         vertex 1.501339e+02 1.168545e+02 4.693590e+01
         vertex 1.397271e+02 1.168545e+02 4.100561e+01
      endloop
   endfacet
   facet normal -6.844685e-16 1.000000e+00 1.224627e-16
      outer loop
         vertex 1.519092e+02 1.168545e+02 4.693590e+01
         vertex 1.601339e+02 1.168545e+02 5.043590e+01
         vertex 1.605091e+02 1.168545e+02 5.006073e+01
      endloop
   endfacet
   facet normal -6.844685e-16 1.000000e+00 1.224627e-16
      outer loop
         vertex 1.696866e+02 1.168545e+02 4.540863e+01
         vertex 1.685713e+02 1.168545e+02 4.401901e+01
         vertex 1.619092e+02 1.168545e+02 5.043590e+01
      endloop
   endfacet
   facet normal -6.844685e-16 1.000000e+00 1.224627e-16
      outer loop
         vertex 1.619092e+02 1.168545e+02 5.043590e+01
         vertex 1.685713e+02 1.168545e+02 4.401901e+01
         vertex 1.672270e+02 1.168545e+02 4.284941e+01
      endloop
   endfacet
   facet normal -6.844685e-16 1.000000e+00 1.224627e-16
      outer loop
         vertex 1.619092e+02 1.168545e+02 5.043590e+01
         vertex 1.672270e+02 1.168545e+02 4.284941e+01
         vertex 1.615341e+02 1.168545e+02 5.006073e+01
      endloop
   endfacet
   facet normal -6.844685e-16 1.000000e+00 1.224627e-16
      outer loop
         vertex 1.615341e+02 1.168545e+02 5.006073e+01
         vertex 1.672270e+02 1.168545e+02 4.284941e+01
         vertex 1.656965e+02 1.168545e+02 4.193695e+01
      endloop
   endfacet
   facet normal -6.844685e-16 1.000000e+00 1.224627e-16
      outer loop
         vertex 1.615341e+02 1.168545e+02 5.006073e+01
         vertex 1.656965e+02 1.168545e+02 4.193695e+01
         vertex 1.610216e+02 1.168545e+02 4.992340e+01
      endloop
   endfacet
   facet normal -6.844685e-16 1.000000e+00 1.224627e-16
      outer loop
         vertex 1.610216e+02 1.168545e+02 4.992340e+01
         vertex 1.656965e+02 1.168545e+02 4.193695e+01
         vertex 1.640283e+02 1.168545e+02 4.131061e+01
      endloop
   endfacet
   facet normal -6.844685e-16 1.000000e+00 1.224627e-16
      outer loop
         vertex 1.610216e+02 1.168545e+02 4.992340e+01
         vertex 1.640283e+02 1.168545e+02 4.131061e+01
         vertex 1.605091e+02 1.168545e+02 5.006073e+01
      endloop
   endfacet
   facet normal -6.844685e-16 1.000000e+00 1.224627e-16
      outer loop
         vertex 1.601339e+02 1.168545e+02 5.043590e+01
         vertex 1.519092e+02 1.168545e+02 4.693590e+01
         vertex 1.599966e+02 1.168545e+02 5.094840e+01
      endloop
   endfacet
   facet normal -6.844685e-16 1.000000e+00 1.224627e-16
      outer loop
         vertex 1.599966e+02 1.168545e+02 5.094840e+01
         vertex 1.519092e+02 1.168545e+02 4.693590e+01
         vertex 1.520466e+02 1.168545e+02 4.744840e+01
      endloop
   endfacet
   facet normal -6.844685e-16 1.000000e+00 1.224627e-16
      outer loop
         vertex 1.599966e+02 1.168545e+02 5.094840e+01
         vertex 1.520466e+02 1.168545e+02 4.744840e+01
         vertex 1.601339e+02 1.168545e+02 5.146090e+01
      endloop
   endfacet
   facet normal -6.844685e-16 1.000000e+00 1.224627e-16
      outer loop
         vertex 1.619092e+02 1.168545e+02 5.146090e+01
         vertex 1.700216e+02 1.168545e+02 5.538022e+01
         vertex 1.620466e+02 1.168545e+02 5.094840e+01
      endloop
   endfacet
   facet normal -6.844685e-16 1.000000e+00 1.224627e-16
      outer loop
         vertex 1.620466e+02 1.168545e+02 5.094840e+01
         vertex 1.700216e+02 1.168545e+02 5.538022e+01
         vertex 1.700216e+02 1.168545e+02 4.651659e+01
      endloop
   endfacet
   facet normal -6.844685e-16 1.000000e+00 1.224627e-16
      outer loop
         vertex 1.620466e+02 1.168545e+02 5.094840e+01
         vertex 1.700216e+02 1.168545e+02 4.651659e+01
         vertex 1.619092e+02 1.168545e+02 5.043590e+01
      endloop
   endfacet
   facet normal -6.844685e-16 1.000000e+00 1.224627e-16
      outer loop
         vertex 1.619092e+02 1.168545e+02 5.043590e+01
         vertex 1.700216e+02 1.168545e+02 4.651659e+01
         vertex 1.699360e+02 1.168545e+02 4.593785e+01
      endloop
   endfacet
   facet normal -6.844685e-16 1.000000e+00 1.224627e-16
      outer loop
         vertex 1.619092e+02 1.168545e+02 5.043590e+01
         vertex 1.699360e+02 1.168545e+02 4.593785e+01
         vertex 1.696866e+02 1.168545e+02 4.540863e+01
      endloop
   endfacet
   facet normal -6.844685e-16 1.000000e+00 1.224627e-16
      outer loop
         vertex 1.699360e+02 1.168545e+02 5.595896e+01
         vertex 1.700216e+02 1.168545e+02 5.538022e+01
         vertex 1.520466e+02 1.168545e+02 5.444840e+01
      endloop
   endfacet
   facet normal -6.844685e-16 1.000000e+00 1.224627e-16
      outer loop
         vertex 1.520466e+02 1.168545e+02 5.444840e+01
         vertex 1.700216e+02 1.168545e+02 5.538022e+01
         vertex 1.610216e+02 1.168545e+02 5.197340e+01
      endloop
   endfacet
   facet normal -6.844685e-16 1.000000e+00 1.224627e-16
      outer loop
         vertex 1.520466e+02 1.168545e+02 5.444840e+01
         vertex 1.610216e+02 1.168545e+02 5.197340e+01
         vertex 1.519092e+02 1.168545e+02 5.393590e+01
      endloop
   endfacet
   facet normal -6.844685e-16 1.000000e+00 1.224627e-16
      outer loop
         vertex 1.519092e+02 1.168545e+02 5.393590e+01
         vertex 1.610216e+02 1.168545e+02 5.197340e+01
         vertex 1.605091e+02 1.168545e+02 5.183608e+01
      endloop
   endfacet
   facet normal -6.844685e-16 1.000000e+00 1.224627e-16
      outer loop
         vertex 1.519092e+02 1.168545e+02 5.393590e+01
         vertex 1.605091e+02 1.168545e+02 5.183608e+01
         vertex 1.515341e+02 1.168545e+02 5.356073e+01
      endloop
   endfacet
   facet normal -6.844685e-16 1.000000e+00 1.224627e-16
      outer loop
         vertex 1.605091e+02 1.168545e+02 5.006073e+01
         vertex 1.640283e+02 1.168545e+02 4.131061e+01
         vertex 1.519092e+02 1.168545e+02 4.693590e+01
      endloop
   endfacet
   facet normal -6.844685e-16 1.000000e+00 1.224627e-16
      outer loop
         vertex 1.519092e+02 1.168545e+02 4.693590e+01
         vertex 1.640283e+02 1.168545e+02 4.131061e+01
         vertex 1.597138e+02 1.168545e+02 4.022729e+01
      endloop
   endfacet
   facet normal -6.844685e-16 1.000000e+00 1.224627e-16
      outer loop
         vertex 1.519092e+02 1.168545e+02 4.693590e+01
         vertex 1.597138e+02 1.168545e+02 4.022729e+01
         vertex 1.515341e+02 1.168545e+02 4.656073e+01
      endloop
   endfacet
   facet normal -6.844685e-16 1.000000e+00 1.224627e-16
      outer loop
         vertex 1.515341e+02 1.168545e+02 4.656073e+01
         vertex 1.597138e+02 1.168545e+02 4.022729e+01
         vertex 1.543779e+02 1.168545e+02 3.918583e+01
      endloop
   endfacet
   facet normal -6.844685e-16 1.000000e+00 1.224627e-16
      outer loop
         vertex 1.515341e+02 1.168545e+02 4.656073e+01
         vertex 1.543779e+02 1.168545e+02 3.918583e+01
         vertex 1.510216e+02 1.168545e+02 4.642340e+01
      endloop
   endfacet
   facet normal -6.844685e-16 1.000000e+00 1.224627e-16
      outer loop
         vertex 1.510216e+02 1.168545e+02 4.642340e+01
         vertex 1.543779e+02 1.168545e+02 3.918583e+01
         vertex 1.489901e+02 1.168545e+02 3.845855e+01
      endloop
   endfacet
   facet normal -6.844685e-16 1.000000e+00 1.224627e-16
      outer loop
         vertex 1.510216e+02 1.168545e+02 4.642340e+01
         vertex 1.489901e+02 1.168545e+02 3.845855e+01
         vertex 1.505091e+02 1.168545e+02 4.656073e+01
      endloop
   endfacet
   facet normal -6.844685e-16 1.000000e+00 1.224627e-16
      outer loop
         vertex 1.505091e+02 1.168545e+02 4.656073e+01
         vertex 1.489901e+02 1.168545e+02 3.845855e+01
         vertex 1.445562e+02 1.168545e+02 3.809896e+01
      endloop
   endfacet
   facet normal -6.844685e-16 1.000000e+00 1.224627e-16
      outer loop
         vertex 1.505091e+02 1.168545e+02 4.656073e+01
         vertex 1.445562e+02 1.168545e+02 3.809896e+01
         vertex 1.501339e+02 1.168545e+02 4.693590e+01
      endloop
   endfacet
   facet normal -6.844685e-16 1.000000e+00 1.224627e-16
      outer loop
         vertex 1.501339e+02 1.168545e+02 4.693590e+01
         vertex 1.445562e+02 1.168545e+02 3.809896e+01
         vertex 1.436857e+02 1.168545e+02 3.812529e+01
      endloop
   endfacet
   facet normal -6.844685e-16 1.000000e+00 1.224627e-16
      outer loop
         vertex 1.501339e+02 1.168545e+02 4.693590e+01
         vertex 1.436857e+02 1.168545e+02 3.812529e+01
         vertex 1.424484e+02 1.168545e+02 3.843508e+01
      endloop
   endfacet
   facet normal -6.844685e-16 1.000000e+00 1.224627e-16
      outer loop
         vertex 1.424484e+02 1.168545e+02 3.843508e+01
         vertex 1.413298e+02 1.168545e+02 3.904783e+01
         vertex 1.501339e+02 1.168545e+02 4.693590e+01
      endloop
   endfacet
   facet normal -6.844685e-16 1.000000e+00 1.224627e-16
      outer loop
         vertex 1.501339e+02 1.168545e+02 4.693590e+01
         vertex 1.413298e+02 1.168545e+02 3.904783e+01
         vertex 1.404026e+02 1.168545e+02 3.992367e+01
      endloop
   endfacet
   facet normal -6.844685e-16 1.000000e+00 1.224627e-16
      outer loop
         vertex 1.501339e+02 1.168545e+02 4.693590e+01
         vertex 1.404026e+02 1.168545e+02 3.992367e+01
         vertex 1.397271e+02 1.168545e+02 4.100561e+01
      endloop
   endfacet
   facet normal -6.844685e-16 1.000000e+00 1.224627e-16
      outer loop
         vertex 1.601339e+02 1.168545e+02 5.146090e+01
         vertex 1.520466e+02 1.168545e+02 4.744840e+01
         vertex 1.605091e+02 1.168545e+02 5.183608e+01
      endloop
   endfacet
   facet normal -6.844685e-16 1.000000e+00 1.224627e-16
      outer loop
         vertex 1.605091e+02 1.168545e+02 5.183608e+01
         vertex 1.520466e+02 1.168545e+02 4.744840e+01
         vertex 1.519092e+02 1.168545e+02 4.796090e+01
      endloop
   endfacet
   facet normal -6.844685e-16 1.000000e+00 1.224627e-16
      outer loop
         vertex 1.605091e+02 1.168545e+02 5.183608e+01
         vertex 1.519092e+02 1.168545e+02 4.796090e+01
         vertex 1.515341e+02 1.168545e+02 5.356073e+01
      endloop
   endfacet
   facet normal -6.844685e-16 1.000000e+00 1.224627e-16
      outer loop
         vertex 1.515341e+02 1.168545e+02 5.356073e+01
         vertex 1.519092e+02 1.168545e+02 4.796090e+01
         vertex 1.515341e+02 1.168545e+02 4.833608e+01
      endloop
   endfacet
   facet normal -6.844685e-16 1.000000e+00 1.224627e-16
      outer loop
         vertex 1.515341e+02 1.168545e+02 5.356073e+01
         vertex 1.515341e+02 1.168545e+02 4.833608e+01
         vertex 1.510216e+02 1.168545e+02 5.342340e+01
      endloop
   endfacet
   facet normal -6.844685e-16 1.000000e+00 1.224627e-16
      outer loop
         vertex 1.510216e+02 1.168545e+02 5.342340e+01
         vertex 1.515341e+02 1.168545e+02 4.833608e+01
         vertex 1.510216e+02 1.168545e+02 4.847340e+01
      endloop
   endfacet
   facet normal -6.844685e-16 1.000000e+00 1.224627e-16
      outer loop
         vertex 1.510216e+02 1.168545e+02 5.342340e+01
         vertex 1.510216e+02 1.168545e+02 4.847340e+01
         vertex 1.505091e+02 1.168545e+02 5.356073e+01
      endloop
   endfacet
   facet normal -6.844685e-16 1.000000e+00 1.224627e-16
      outer loop
         vertex 1.505091e+02 1.168545e+02 5.356073e+01
         vertex 1.510216e+02 1.168545e+02 4.847340e+01
         vertex 1.505091e+02 1.168545e+02 4.833608e+01
      endloop
   endfacet
   facet normal -6.844685e-16 1.000000e+00 1.224627e-16
      outer loop
         vertex 1.505091e+02 1.168545e+02 5.356073e+01
         vertex 1.505091e+02 1.168545e+02 4.833608e+01
         vertex 1.501339e+02 1.168545e+02 4.796090e+01
      endloop
   endfacet
   facet normal 1.000000e+00 1.017535e-15 -1.595293e-16
      outer loop
         vertex 1.700216e+02 1.113055e+02 5.136706e+01
         vertex 1.700216e+02 1.113974e+02 5.094840e+01
         vertex 1.700216e+02 1.168545e+02 5.538022e+01
      endloop
   endfacet
   facet normal 1.000000e+00 1.017535e-15 -1.595293e-16
      outer loop
         vertex 1.700216e+02 1.168545e+02 5.538022e+01
         vertex 1.700216e+02 1.113974e+02 5.094840e+01
         vertex 1.700216e+02 1.168545e+02 4.651659e+01
      endloop
   endfacet
   facet normal 1.000000e+00 1.017535e-15 -1.595293e-16
      outer loop
         vertex 1.700216e+02 1.096045e+02 5.538022e+01
         vertex 1.700216e+02 1.096045e+02 5.315551e+01
         vertex 1.700216e+02 1.168545e+02 5.538022e+01
      endloop
   endfacet
   facet normal 1.000000e+00 1.017535e-15 -1.595293e-16
      outer loop
         vertex 1.700216e+02 1.168545e+02 5.538022e+01
         vertex 1.700216e+02 1.096045e+02 5.315551e+01
         vertex 1.700216e+02 1.111045e+02 5.165551e+01
      endloop
   endfacet
   facet normal 1.000000e+00 1.017535e-15 -1.595293e-16
      outer loop
         vertex 1.700216e+02 1.168545e+02 5.538022e+01
         vertex 1.700216e+02 1.111045e+02 5.165551e+01
         vertex 1.700216e+02 1.113055e+02 5.136706e+01
      endloop
   endfacet
   facet normal 1.000000e+00 1.017535e-15 -1.595293e-16
      outer loop
         vertex 1.700216e+02 1.096045e+02 4.874130e+01
         vertex 1.700216e+02 1.096045e+02 4.651659e+01
         vertex 1.700216e+02 1.111045e+02 5.024130e+01
      endloop
   endfacet
   facet normal 1.000000e+00 1.017535e-15 -1.595293e-16
      outer loop
         vertex 1.700216e+02 1.111045e+02 5.024130e+01
         vertex 1.700216e+02 1.096045e+02 4.651659e+01
         vertex 1.700216e+02 1.168545e+02 4.651659e+01
      endloop
   endfacet
   facet normal 1.000000e+00 1.017535e-15 -1.595293e-16
      outer loop
         vertex 1.700216e+02 1.111045e+02 5.024130e+01
         vertex 1.700216e+02 1.168545e+02 4.651659e+01
         vertex 1.700216e+02 1.113055e+02 5.052974e+01
      endloop
   endfacet
   facet normal 1.000000e+00 1.017535e-15 -1.595293e-16
      outer loop
         vertex 1.700216e+02 1.113055e+02 5.052974e+01
         vertex 1.700216e+02 1.168545e+02 4.651659e+01
         vertex 1.700216e+02 1.113974e+02 5.094840e+01
      endloop
   endfacet
   facet normal 2.556230e-01 1.417115e-16 9.667765e-01
      outer loop
         vertex 1.619687e+02 1.111427e+02 6.113077e+01
         vertex 1.640283e+02 1.099136e+02 6.058620e+01
         vertex 1.640283e+02 1.168545e+02 6.058620e+01
      endloop
   endfacet
   facet normal 2.124335e-01 6.389629e-04 9.771753e-01
      outer loop
         vertex 1.591133e+02 1.124845e+02 6.180294e+01
         vertex 1.597138e+02 1.168545e+02 6.166952e+01
         vertex 1.588626e+02 1.123789e+02 6.185750e+01
      endloop
   endfacet
   facet normal 1.915594e-01 4.789536e-03 9.814693e-01
      outer loop
         vertex 1.588626e+02 1.123789e+02 6.185750e+01
         vertex 1.597138e+02 1.168545e+02 6.166952e+01
         vertex 1.543779e+02 1.168545e+02 6.271098e+01
      endloop
   endfacet
   facet normal 1.892123e-01 2.349146e-03 9.819334e-01
      outer loop
         vertex 1.588626e+02 1.123789e+02 6.185750e+01
         vertex 1.543779e+02 1.168545e+02 6.271098e+01
         vertex 1.550514e+02 1.101045e+02 6.259734e+01
      endloop
   endfacet
   facet normal 1.663669e-01 4.852826e-17 9.860639e-01
      outer loop
         vertex 1.550514e+02 1.101045e+02 6.259734e+01
         vertex 1.543779e+02 1.168545e+02 6.271098e+01
         vertex 1.543779e+02 1.101045e+02 6.271098e+01
      endloop
   endfacet
   facet normal 2.153833e-01 2.138598e-04 9.765296e-01
      outer loop
         vertex 1.591133e+02 1.124845e+02 6.180294e+01
         vertex 1.593809e+02 1.125193e+02 6.174389e+01
         vertex 1.597138e+02 1.168545e+02 6.166952e+01
      endloop
   endfacet
   facet normal 2.178613e-01 1.413786e-05 9.759797e-01
      outer loop
         vertex 1.597138e+02 1.168545e+02 6.166952e+01
         vertex 1.593809e+02 1.125193e+02 6.174389e+01
         vertex 1.596481e+02 1.124840e+02 6.168426e+01
      endloop
   endfacet
   facet normal 2.435306e-01 -3.926803e-04 9.698931e-01
      outer loop
         vertex 1.597138e+02 1.168545e+02 6.166952e+01
         vertex 1.596481e+02 1.124840e+02 6.168426e+01
         vertex 1.640283e+02 1.168545e+02 6.058620e+01
      endloop
   endfacet
   facet normal 2.272837e-01 1.684244e-02 9.736829e-01
      outer loop
         vertex 1.640283e+02 1.168545e+02 6.058620e+01
         vertex 1.596481e+02 1.124840e+02 6.168426e+01
         vertex 1.598972e+02 1.123789e+02 6.162794e+01
      endloop
   endfacet
   facet normal 2.373324e-01 7.036410e-03 9.714030e-01
      outer loop
         vertex 1.640283e+02 1.168545e+02 6.058620e+01
         vertex 1.598972e+02 1.123789e+02 6.162794e+01
         vertex 1.619687e+02 1.111427e+02 6.113077e+01
      endloop
   endfacet
   facet normal 1.482716e-01 2.976267e-17 9.889467e-01
      outer loop
         vertex 1.543779e+02 1.101045e+02 6.271098e+01
         vertex 1.543779e+02 1.168545e+02 6.271098e+01
         vertex 1.516893e+02 1.101045e+02 6.311407e+01
      endloop
   endfacet
   facet normal 1.337714e-01 5.897850e-03 9.909947e-01
      outer loop
         vertex 1.516893e+02 1.101045e+02 6.311407e+01
         vertex 1.543779e+02 1.168545e+02 6.271098e+01
         vertex 1.489901e+02 1.168545e+02 6.343826e+01
      endloop
   endfacet
   facet normal 1.192472e-01 -2.505568e-19 9.928646e-01
      outer loop
         vertex 1.516893e+02 1.101045e+02 6.311407e+01
         vertex 1.489901e+02 1.168545e+02 6.343826e+01
         vertex 1.489901e+02 1.101045e+02 6.343826e+01
      endloop
   endfacet
   facet normal 8.083636e-02 -3.980796e-17 9.967274e-01
      outer loop
         vertex 1.445562e+02 1.168545e+02 6.379785e+01
         vertex 1.445562e+02 1.124630e+02 6.379785e+01
         vertex 1.489901e+02 1.168545e+02 6.343826e+01
      endloop
   endfacet
   facet normal 7.767308e-02 3.213911e-03 9.969737e-01
      outer loop
         vertex 1.489901e+02 1.168545e+02 6.343826e+01
         vertex 1.445562e+02 1.124630e+02 6.379785e+01
         vertex 1.479983e+02 1.101045e+02 6.353729e+01
      endloop
   endfacet
   facet normal 9.935587e-02 -2.075852e-17 9.950520e-01
      outer loop
         vertex 1.489901e+02 1.168545e+02 6.343826e+01
         vertex 1.479983e+02 1.101045e+02 6.353729e+01
         vertex 1.489901e+02 1.101045e+02 6.343826e+01
      endloop
   endfacet
   facet normal 2.050486e-01 1.885919e-02 -9.785701e-01
      outer loop
         vertex 1.588626e+02 1.123789e+02 4.003930e+01
         vertex 1.543779e+02 1.168545e+02 3.918583e+01
         vertex 1.591121e+02 1.124841e+02 4.009360e+01
      endloop
   endfacet
   facet normal 1.915603e-01 3.644900e-03 -9.814741e-01
      outer loop
         vertex 1.591121e+02 1.124841e+02 4.009360e+01
         vertex 1.543779e+02 1.168545e+02 3.918583e+01
         vertex 1.597138e+02 1.168545e+02 4.022729e+01
      endloop
   endfacet
   facet normal 2.153651e-01 2.159460e-04 -9.765336e-01
      outer loop
         vertex 1.591121e+02 1.124841e+02 4.009360e+01
         vertex 1.597138e+02 1.168545e+02 4.022729e+01
         vertex 1.593793e+02 1.125193e+02 4.015255e+01
      endloop
   endfacet
   facet normal 2.556230e-01 3.784994e-16 -9.667765e-01
      outer loop
         vertex 1.640283e+02 1.099136e+02 4.131061e+01
         vertex 1.619687e+02 1.111427e+02 4.076603e+01
         vertex 1.640283e+02 1.168545e+02 4.131061e+01
      endloop
   endfacet
   facet normal 2.373324e-01 7.036410e-03 -9.714030e-01
      outer loop
         vertex 1.640283e+02 1.168545e+02 4.131061e+01
         vertex 1.619687e+02 1.111427e+02 4.076603e+01
         vertex 1.598972e+02 1.123789e+02 4.026887e+01
      endloop
   endfacet
   facet normal 2.435305e-01 9.638228e-04 -9.698928e-01
      outer loop
         vertex 1.640283e+02 1.168545e+02 4.131061e+01
         vertex 1.598972e+02 1.123789e+02 4.026887e+01
         vertex 1.597138e+02 1.168545e+02 4.022729e+01
      endloop
   endfacet
   facet normal 2.205465e-01 -2.851424e-05 -9.753765e-01
      outer loop
         vertex 1.597138e+02 1.168545e+02 4.022729e+01
         vertex 1.598972e+02 1.123789e+02 4.026887e+01
         vertex 1.596468e+02 1.124844e+02 4.021226e+01
      endloop
   endfacet
   facet normal 2.178463e-01 1.497909e-05 -9.759831e-01
      outer loop
         vertex 1.597138e+02 1.168545e+02 4.022729e+01
         vertex 1.596468e+02 1.124844e+02 4.021226e+01
         vertex 1.593793e+02 1.125193e+02 4.015255e+01
      endloop
   endfacet
   facet normal 7.548410e-02 1.989209e-16 -9.971470e-01
      outer loop
         vertex 1.445562e+02 1.124630e+02 3.809896e+01
         vertex 1.445562e+02 1.168545e+02 3.809896e+01
         vertex 1.479983e+02 1.101045e+02 3.835952e+01
      endloop
   endfacet
   facet normal 8.083605e-02 2.745526e-03 -9.967236e-01
      outer loop
         vertex 1.479983e+02 1.101045e+02 3.835952e+01
         vertex 1.445562e+02 1.168545e+02 3.809896e+01
         vertex 1.489901e+02 1.168545e+02 3.845855e+01
      endloop
   endfacet
   facet normal 9.935587e-02 2.229548e-16 -9.950520e-01
      outer loop
         vertex 1.479983e+02 1.101045e+02 3.835952e+01
         vertex 1.489901e+02 1.168545e+02 3.845855e+01
         vertex 1.489901e+02 1.101045e+02 3.845855e+01
      endloop
   endfacet
   facet normal 1.192472e-01 2.429270e-16 -9.928646e-01
      outer loop
         vertex 1.489901e+02 1.101045e+02 3.845855e+01
         vertex 1.489901e+02 1.168545e+02 3.845855e+01
         vertex 1.516893e+02 1.101045e+02 3.878274e+01
      endloop
   endfacet
   facet normal 1.337714e-01 5.897850e-03 -9.909947e-01
      outer loop
         vertex 1.516893e+02 1.101045e+02 3.878274e+01
         vertex 1.489901e+02 1.168545e+02 3.845855e+01
         vertex 1.543779e+02 1.168545e+02 3.918583e+01
      endloop
   endfacet
   facet normal 1.482716e-01 2.719806e-16 -9.889467e-01
      outer loop
         vertex 1.516893e+02 1.101045e+02 3.878274e+01
         vertex 1.543779e+02 1.168545e+02 3.918583e+01
         vertex 1.543779e+02 1.101045e+02 3.918583e+01
      endloop
   endfacet
   facet normal 1.869508e-01 3.105326e-16 -9.823693e-01
      outer loop
         vertex 1.543779e+02 1.101045e+02 3.918583e+01
         vertex 1.543779e+02 1.168545e+02 3.918583e+01
         vertex 1.588626e+02 1.123789e+02 4.003930e+01
      endloop
   endfacet
   facet normal 1.662205e-01 4.193763e-02 -9.851964e-01
      outer loop
         vertex 1.543779e+02 1.101045e+02 3.918583e+01
         vertex 1.588626e+02 1.123789e+02 4.003930e+01
         vertex 1.550514e+02 1.101045e+02 3.929947e+01
      endloop
   endfacet
   facet normal 6.844685e-16 -1.000000e+00 -1.224627e-16
      outer loop
         vertex 1.542965e+02 1.096045e+02 3.967917e+01
         vertex 1.549664e+02 1.096045e+02 3.979219e+01
         vertex 1.549664e+02 1.096045e+02 4.924130e+01
      endloop
   endfacet
   facet normal 6.844685e-16 -1.000000e+00 -1.224627e-16
      outer loop
         vertex 1.542965e+02 1.096045e+02 3.967917e+01
         vertex 1.549664e+02 1.096045e+02 4.924130e+01
         vertex 1.516224e+02 1.096045e+02 3.927824e+01
      endloop
   endfacet
   facet normal 6.844685e-16 -1.000000e+00 -1.224627e-16
      outer loop
         vertex 1.516224e+02 1.096045e+02 3.927824e+01
         vertex 1.549664e+02 1.096045e+02 4.924130e+01
         vertex 1.479513e+02 1.096045e+02 4.924130e+01
      endloop
   endfacet
   facet normal 6.844685e-16 -1.000000e+00 -1.224627e-16
      outer loop
         vertex 1.516224e+02 1.096045e+02 3.927824e+01
         vertex 1.479513e+02 1.096045e+02 4.924130e+01
         vertex 1.479513e+02 1.096045e+02 3.885731e+01
      endloop
   endfacet
   facet normal 6.844685e-16 -1.000000e+00 -1.224627e-16
      outer loop
         vertex 1.489377e+02 1.096045e+02 6.294101e+01
         vertex 1.479513e+02 1.096045e+02 6.303950e+01
         vertex 1.479513e+02 1.096045e+02 5.265551e+01
      endloop
   endfacet
   facet normal 6.844685e-16 -1.000000e+00 -1.224627e-16
      outer loop
         vertex 1.489377e+02 1.096045e+02 6.294101e+01
         vertex 1.479513e+02 1.096045e+02 5.265551e+01
         vertex 1.516224e+02 1.096045e+02 6.261857e+01
      endloop
   endfacet
   facet normal 6.844685e-16 -1.000000e+00 -1.224627e-16
      outer loop
         vertex 1.516224e+02 1.096045e+02 6.261857e+01
         vertex 1.479513e+02 1.096045e+02 5.265551e+01
         vertex 1.549664e+02 1.096045e+02 5.265551e+01
      endloop
   endfacet
   facet normal 6.844685e-16 -1.000000e+00 -1.224627e-16
      outer loop
         vertex 1.516224e+02 1.096045e+02 6.261857e+01
         vertex 1.549664e+02 1.096045e+02 5.265551e+01
         vertex 1.549664e+02 1.096045e+02 6.210462e+01
      endloop
   endfacet
   facet normal 6.844685e-16 -1.000000e+00 -1.224627e-16
      outer loop
         vertex 1.652616e+02 1.091045e+02 5.961083e+01
         vertex 1.644101e+02 1.091045e+02 5.994591e+01
         vertex 1.644101e+02 1.091045e+02 5.315551e+01
      endloop
   endfacet
   facet normal 6.844685e-16 -1.000000e+00 -1.224627e-16
      outer loop
         vertex 1.695216e+02 1.091045e+02 5.315551e+01
         vertex 1.695216e+02 1.091045e+02 5.581259e+01
         vertex 1.644101e+02 1.091045e+02 5.315551e+01
      endloop
   endfacet
   facet normal 6.844685e-16 -1.000000e+00 -1.224627e-16
      outer loop
         vertex 1.644101e+02 1.091045e+02 5.315551e+01
         vertex 1.695216e+02 1.091045e+02 5.581259e+01
         vertex 1.691057e+02 1.091045e+02 5.645055e+01
      endloop
   endfacet
   facet normal 6.844685e-16 -1.000000e+00 -1.224627e-16
      outer loop
         vertex 1.644101e+02 1.091045e+02 5.315551e+01
         vertex 1.691057e+02 1.091045e+02 5.645055e+01
         vertex 1.683109e+02 1.091045e+02 5.742549e+01
      endloop
   endfacet
   facet normal 6.844685e-16 -1.000000e+00 -1.224627e-16
      outer loop
         vertex 1.683109e+02 1.091045e+02 5.742549e+01
         vertex 1.673943e+02 1.091045e+02 5.828687e+01
         vertex 1.644101e+02 1.091045e+02 5.315551e+01
      endloop
   endfacet
   facet normal 6.844685e-16 -1.000000e+00 -1.224627e-16
      outer loop
         vertex 1.644101e+02 1.091045e+02 5.315551e+01
         vertex 1.673943e+02 1.091045e+02 5.828687e+01
         vertex 1.663719e+02 1.091045e+02 5.901960e+01
      endloop
   endfacet
   facet normal 6.844685e-16 -1.000000e+00 -1.224627e-16
      outer loop
         vertex 1.644101e+02 1.091045e+02 5.315551e+01
         vertex 1.663719e+02 1.091045e+02 5.901960e+01
         vertex 1.652616e+02 1.091045e+02 5.961083e+01
      endloop
   endfacet
   facet normal 4.703223e-16 -8.204017e-01 -5.717876e-01
      outer loop
         vertex 1.695216e+02 1.108515e+02 5.115773e+01
         vertex 1.695216e+02 1.107510e+02 5.130196e+01
         vertex 1.619101e+02 1.107510e+02 5.130196e+01
      endloop
   endfacet
   facet normal 6.312632e-16 -7.749670e-01 6.320017e-01
      outer loop
         vertex 1.619101e+02 1.107510e+02 5.059485e+01
         vertex 1.695216e+02 1.107510e+02 5.059485e+01
         vertex 1.617036e+02 1.108129e+02 5.067079e+01
      endloop
   endfacet
   facet normal -9.448124e-04 -8.204013e-01 5.717874e-01
      outer loop
         vertex 1.617036e+02 1.108129e+02 5.067079e+01
         vertex 1.695216e+02 1.107510e+02 5.059485e+01
         vertex 1.695216e+02 1.108515e+02 5.073907e+01
      endloop
   endfacet
   facet normal 7.089036e-16 -9.970051e-01 7.733557e-02
      outer loop
         vertex 1.614219e+02 1.108974e+02 5.094840e+01
         vertex 1.614411e+02 1.108916e+02 5.087405e+01
         vertex 1.695216e+02 1.108974e+02 5.094840e+01
      endloop
   endfacet
   facet normal -1.680396e-03 -9.662603e-01 2.575619e-01
      outer loop
         vertex 1.695216e+02 1.108974e+02 5.094840e+01
         vertex 1.614411e+02 1.108916e+02 5.087405e+01
         vertex 1.615354e+02 1.108633e+02 5.076853e+01
      endloop
   endfacet
   facet normal -6.614261e-04 -9.767657e-01 2.143091e-01
      outer loop
         vertex 1.695216e+02 1.108974e+02 5.094840e+01
         vertex 1.615354e+02 1.108633e+02 5.076853e+01
         vertex 1.695216e+02 1.108515e+02 5.073907e+01
      endloop
   endfacet
   facet normal 1.306119e-04 -9.147481e-01 4.040245e-01
      outer loop
         vertex 1.695216e+02 1.108515e+02 5.073907e+01
         vertex 1.615354e+02 1.108633e+02 5.076853e+01
         vertex 1.616000e+02 1.108440e+02 5.072466e+01
      endloop
   endfacet
   facet normal -8.944350e-05 -8.661838e-01 4.997255e-01
      outer loop
         vertex 1.695216e+02 1.108515e+02 5.073907e+01
         vertex 1.616000e+02 1.108440e+02 5.072466e+01
         vertex 1.617036e+02 1.108129e+02 5.067079e+01
      endloop
   endfacet
   facet normal -1.660384e-03 -7.771719e-01 -6.292862e-01
      outer loop
         vertex 1.619101e+02 1.107510e+02 5.130196e+01
         vertex 1.617036e+02 1.108129e+02 5.122602e+01
         vertex 1.695216e+02 1.108515e+02 5.115773e+01
      endloop
   endfacet
   facet normal 4.712336e-04 -8.927530e-01 -4.505462e-01
      outer loop
         vertex 1.695216e+02 1.108515e+02 5.115773e+01
         vertex 1.617036e+02 1.108129e+02 5.122602e+01
         vertex 1.615235e+02 1.108669e+02 5.111878e+01
      endloop
   endfacet
   facet normal -8.413688e-04 -9.767655e-01 -2.143090e-01
      outer loop
         vertex 1.695216e+02 1.108515e+02 5.115773e+01
         vertex 1.615235e+02 1.108669e+02 5.111878e+01
         vertex 1.695216e+02 1.108974e+02 5.094840e+01
      endloop
   endfacet
   facet normal -1.581437e-03 -9.688525e-01 -2.476333e-01
      outer loop
         vertex 1.695216e+02 1.108974e+02 5.094840e+01
         vertex 1.615235e+02 1.108669e+02 5.111878e+01
         vertex 1.614409e+02 1.108917e+02 5.102229e+01
      endloop
   endfacet
   facet normal 6.561250e-16 -9.970426e-01 -7.685144e-02
      outer loop
         vertex 1.695216e+02 1.108974e+02 5.094840e+01
         vertex 1.614409e+02 1.108917e+02 5.102229e+01
         vertex 1.614219e+02 1.108974e+02 5.094840e+01
      endloop
   endfacet
   facet normal -1.346665e-01 -8.188568e-01 5.579771e-01
      outer loop
         vertex 1.615634e+02 1.107718e+02 5.054182e+01
         vertex 1.617665e+02 1.106681e+02 5.043855e+01
         vertex 1.619101e+02 1.107510e+02 5.059485e+01
      endloop
   endfacet
   facet normal -3.735322e-01 -9.100259e-01 1.797959e-01
      outer loop
         vertex 1.617665e+02 1.106681e+02 5.043855e+01
         vertex 1.615634e+02 1.107718e+02 5.054182e+01
         vertex 1.616528e+02 1.106758e+02 5.024130e+01
      endloop
   endfacet
   facet normal -4.184392e-01 -8.938148e-01 1.612567e-01
      outer loop
         vertex 1.616528e+02 1.106758e+02 5.024130e+01
         vertex 1.615634e+02 1.107718e+02 5.054182e+01
         vertex 1.614459e+02 1.107999e+02 5.039249e+01
      endloop
   endfacet
   facet normal -3.753235e-01 -9.187440e-01 1.226450e-01
      outer loop
         vertex 1.614459e+02 1.107999e+02 5.039249e+01
         vertex 1.615634e+02 1.107718e+02 5.054182e+01
         vertex 1.614136e+02 1.108497e+02 5.066698e+01
      endloop
   endfacet
   facet normal -4.034826e-01 -9.074404e-01 1.172762e-01
      outer loop
         vertex 1.614459e+02 1.107999e+02 5.039249e+01
         vertex 1.614136e+02 1.108497e+02 5.066698e+01
         vertex 1.612581e+02 1.109126e+02 5.061832e+01
      endloop
   endfacet
   facet normal -3.903790e-01 -9.186349e-01 6.094344e-02
      outer loop
         vertex 1.612581e+02 1.109126e+02 5.061832e+01
         vertex 1.614136e+02 1.108497e+02 5.066698e+01
         vertex 1.613196e+02 1.108988e+02 5.080465e+01
      endloop
   endfacet
   facet normal -4.032683e-01 -9.127249e-01 6.563420e-02
      outer loop
         vertex 1.612581e+02 1.109126e+02 5.061832e+01
         vertex 1.613196e+02 1.108988e+02 5.080465e+01
         vertex 1.611966e+02 1.109495e+02 5.075344e+01
      endloop
   endfacet
   facet normal -3.883797e-01 -9.212493e-01 2.146794e-02
      outer loop
         vertex 1.611966e+02 1.109495e+02 5.075344e+01
         vertex 1.613196e+02 1.108988e+02 5.080465e+01
         vertex 1.612868e+02 1.109160e+02 5.094840e+01
      endloop
   endfacet
   facet normal -4.020206e-01 -9.151770e-01 2.881699e-02
      outer loop
         vertex 1.611966e+02 1.109495e+02 5.075344e+01
         vertex 1.612868e+02 1.109160e+02 5.094840e+01
         vertex 1.611658e+02 1.109679e+02 5.091062e+01
      endloop
   endfacet
   facet normal -3.888739e-01 -9.210440e-01 -2.133070e-02
      outer loop
         vertex 1.611658e+02 1.109679e+02 5.091062e+01
         vertex 1.612868e+02 1.109160e+02 5.094840e+01
         vertex 1.613196e+02 1.108988e+02 5.109216e+01
      endloop
   endfacet
   facet normal -3.800854e-01 -9.244624e-01 -3.007410e-02
      outer loop
         vertex 1.611658e+02 1.109679e+02 5.091062e+01
         vertex 1.613196e+02 1.108988e+02 5.109216e+01
         vertex 1.612139e+02 1.109391e+02 5.118974e+01
      endloop
   endfacet
   facet normal -3.987977e-01 -9.154444e-01 -5.405573e-02
      outer loop
         vertex 1.612139e+02 1.109391e+02 5.118974e+01
         vertex 1.613196e+02 1.108988e+02 5.109216e+01
         vertex 1.614136e+02 1.108497e+02 5.122982e+01
      endloop
   endfacet
   facet normal -3.924560e-01 -9.157175e-01 -8.625387e-02
      outer loop
         vertex 1.612139e+02 1.109391e+02 5.118974e+01
         vertex 1.614136e+02 1.108497e+02 5.122982e+01
         vertex 1.612919e+02 1.108923e+02 5.133157e+01
      endloop
   endfacet
   facet normal -3.971383e-01 -9.130368e-01 -9.297822e-02
      outer loop
         vertex 1.612919e+02 1.108923e+02 5.133157e+01
         vertex 1.614136e+02 1.108497e+02 5.122982e+01
         vertex 1.615634e+02 1.107718e+02 5.135499e+01
      endloop
   endfacet
   facet normal -3.904672e-01 -9.086659e-01 -1.478566e-01
      outer loop
         vertex 1.612919e+02 1.108923e+02 5.133157e+01
         vertex 1.615634e+02 1.107718e+02 5.135499e+01
         vertex 1.615024e+02 1.107660e+02 5.155196e+01
      endloop
   endfacet
   facet normal -3.894697e-01 -9.091418e-01 -1.475620e-01
      outer loop
         vertex 1.615024e+02 1.107660e+02 5.155196e+01
         vertex 1.615634e+02 1.107718e+02 5.135499e+01
         vertex 1.617665e+02 1.106681e+02 5.145826e+01
      endloop
   endfacet
   facet normal -4.014228e-01 -8.945698e-01 -1.964803e-01
      outer loop
         vertex 1.615024e+02 1.107660e+02 5.155196e+01
         vertex 1.617665e+02 1.106681e+02 5.145826e+01
         vertex 1.616528e+02 1.106758e+02 5.165551e+01
      endloop
   endfacet
   facet normal -6.700699e-02 -8.546634e-01 -5.148402e-01
      outer loop
         vertex 1.619101e+02 1.107510e+02 5.130196e+01
         vertex 1.617665e+02 1.106681e+02 5.145826e+01
         vertex 1.617036e+02 1.108129e+02 5.122602e+01
      endloop
   endfacet
   facet normal -1.922562e-01 -8.552325e-01 -4.812639e-01
      outer loop
         vertex 1.617036e+02 1.108129e+02 5.122602e+01
         vertex 1.617665e+02 1.106681e+02 5.145826e+01
         vertex 1.615634e+02 1.107718e+02 5.135499e+01
      endloop
   endfacet
   facet normal -6.230184e-02 -9.294594e-01 -3.636257e-01
      outer loop
         vertex 1.617036e+02 1.108129e+02 5.122602e+01
         vertex 1.615634e+02 1.107718e+02 5.135499e+01
         vertex 1.615235e+02 1.108669e+02 5.111878e+01
      endloop
   endfacet
   facet normal -1.969404e-01 -9.205615e-01 -3.373143e-01
      outer loop
         vertex 1.615235e+02 1.108669e+02 5.111878e+01
         vertex 1.615634e+02 1.107718e+02 5.135499e+01
         vertex 1.614136e+02 1.108497e+02 5.122982e+01
      endloop
   endfacet
   facet normal -5.419234e-02 -9.773152e-01 -2.047392e-01
      outer loop
         vertex 1.615235e+02 1.108669e+02 5.111878e+01
         vertex 1.614136e+02 1.108497e+02 5.122982e+01
         vertex 1.614409e+02 1.108917e+02 5.102229e+01
      endloop
   endfacet
   facet normal -1.817621e-01 -9.589200e-01 -2.177956e-01
      outer loop
         vertex 1.614409e+02 1.108917e+02 5.102229e+01
         vertex 1.614136e+02 1.108497e+02 5.122982e+01
         vertex 1.613196e+02 1.108988e+02 5.109216e+01
      endloop
   endfacet
   facet normal -8.935167e-02 -9.945513e-01 -5.370189e-02
      outer loop
         vertex 1.614409e+02 1.108917e+02 5.102229e+01
         vertex 1.613196e+02 1.108988e+02 5.109216e+01
         vertex 1.614219e+02 1.108974e+02 5.094840e+01
      endloop
   endfacet
   facet normal -1.358788e-01 -9.869071e-01 -8.689884e-02
      outer loop
         vertex 1.614219e+02 1.108974e+02 5.094840e+01
         vertex 1.613196e+02 1.108988e+02 5.109216e+01
         vertex 1.612868e+02 1.109160e+02 5.094840e+01
      endloop
   endfacet
   facet normal -1.362770e-01 -9.897995e-01 4.153978e-02
      outer loop
         vertex 1.614219e+02 1.108974e+02 5.094840e+01
         vertex 1.612868e+02 1.109160e+02 5.094840e+01
         vertex 1.614411e+02 1.108916e+02 5.087405e+01
      endloop
   endfacet
   facet normal -1.115475e-01 -9.894215e-01 9.274845e-02
      outer loop
         vertex 1.614411e+02 1.108916e+02 5.087405e+01
         vertex 1.612868e+02 1.109160e+02 5.094840e+01
         vertex 1.613196e+02 1.108988e+02 5.080465e+01
      endloop
   endfacet
   facet normal -1.378354e-01 -9.805515e-01 1.397149e-01
      outer loop
         vertex 1.614411e+02 1.108916e+02 5.087405e+01
         vertex 1.613196e+02 1.108988e+02 5.080465e+01
         vertex 1.615354e+02 1.108633e+02 5.076853e+01
      endloop
   endfacet
   facet normal -1.132714e-01 -9.577999e-01 2.641758e-01
      outer loop
         vertex 1.615354e+02 1.108633e+02 5.076853e+01
         vertex 1.613196e+02 1.108988e+02 5.080465e+01
         vertex 1.614136e+02 1.108497e+02 5.066698e+01
      endloop
   endfacet
   facet normal -1.104094e-01 -9.590294e-01 2.609069e-01
      outer loop
         vertex 1.615354e+02 1.108633e+02 5.076853e+01
         vertex 1.614136e+02 1.108497e+02 5.066698e+01
         vertex 1.616000e+02 1.108440e+02 5.072466e+01
      endloop
   endfacet
   facet normal -1.483665e-01 -9.094161e-01 3.885225e-01
      outer loop
         vertex 1.616000e+02 1.108440e+02 5.072466e+01
         vertex 1.614136e+02 1.108497e+02 5.066698e+01
         vertex 1.615634e+02 1.107718e+02 5.054182e+01
      endloop
   endfacet
   facet normal -7.922222e-02 -9.217650e-01 3.795697e-01
      outer loop
         vertex 1.616000e+02 1.108440e+02 5.072466e+01
         vertex 1.615634e+02 1.107718e+02 5.054182e+01
         vertex 1.617036e+02 1.108129e+02 5.067079e+01
      endloop
   endfacet
   facet normal -1.178440e-01 -9.020321e-01 4.152720e-01
      outer loop
         vertex 1.617036e+02 1.108129e+02 5.067079e+01
         vertex 1.615634e+02 1.107718e+02 5.054182e+01
         vertex 1.619101e+02 1.107510e+02 5.059485e+01
      endloop
   endfacet
   facet normal -7.070995e-01 -5.125748e-03 7.070955e-01
      outer loop
         vertex 1.516502e+02 1.116059e+02 5.363879e+01
         vertex 1.519092e+02 1.168545e+02 5.393590e+01
         vertex 1.515341e+02 1.168545e+02 5.356073e+01
      endloop
   endfacet
   facet normal -2.247915e-01 -6.616971e-03 9.743844e-01
      outer loop
         vertex 1.511082e+02 1.116393e+02 5.342708e+01
         vertex 1.513903e+02 1.116228e+02 5.349204e+01
         vertex 1.515341e+02 1.168545e+02 5.356073e+01
      endloop
   endfacet
   facet normal -4.311618e-01 -1.231501e-06 9.022746e-01
      outer loop
         vertex 1.515341e+02 1.168545e+02 5.356073e+01
         vertex 1.513903e+02 1.116228e+02 5.349204e+01
         vertex 1.515340e+02 1.116123e+02 5.356069e+01
      endloop
   endfacet
   facet normal -5.579138e-01 1.045688e-06 8.298989e-01
      outer loop
         vertex 1.515341e+02 1.168545e+02 5.356073e+01
         vertex 1.515340e+02 1.116123e+02 5.356069e+01
         vertex 1.516502e+02 1.116059e+02 5.363879e+01
      endloop
   endfacet
   facet normal -4.270792e-02 -2.211077e-02 9.988429e-01
      outer loop
         vertex 1.511082e+02 1.116393e+02 5.342708e+01
         vertex 1.515341e+02 1.168545e+02 5.356073e+01
         vertex 1.510215e+02 1.116410e+02 5.342340e+01
      endloop
   endfacet
   facet normal -2.588194e-01 2.774069e-06 9.659257e-01
      outer loop
         vertex 1.510215e+02 1.116410e+02 5.342340e+01
         vertex 1.515341e+02 1.168545e+02 5.356073e+01
         vertex 1.510216e+02 1.168545e+02 5.342340e+01
      endloop
   endfacet
   facet normal 9.575911e-02 -1.026362e-06 9.954045e-01
      outer loop
         vertex 1.510215e+02 1.116410e+02 5.342340e+01
         vertex 1.510216e+02 1.168545e+02 5.342340e+01
         vertex 1.508262e+02 1.116344e+02 5.344219e+01
      endloop
   endfacet
   facet normal 2.588144e-01 -6.209153e-03 9.659071e-01
      outer loop
         vertex 1.508262e+02 1.116344e+02 5.344219e+01
         vertex 1.510216e+02 1.168545e+02 5.342340e+01
         vertex 1.505091e+02 1.168545e+02 5.356073e+01
      endloop
   endfacet
   facet normal 3.279652e-01 -1.526057e-03 9.446886e-01
      outer loop
         vertex 1.508262e+02 1.116344e+02 5.344219e+01
         vertex 1.505091e+02 1.168545e+02 5.356073e+01
         vertex 1.505516e+02 1.116152e+02 5.353751e+01
      endloop
   endfacet
   facet normal 7.070906e-01 -6.445923e-03 7.070936e-01
      outer loop
         vertex 1.501339e+02 1.168545e+02 5.393590e+01
         vertex 1.503309e+02 1.116045e+02 5.369105e+01
         vertex 1.505091e+02 1.168545e+02 5.356073e+01
      endloop
   endfacet
   facet normal 5.903282e-01 7.641840e-07 8.071633e-01
      outer loop
         vertex 1.505091e+02 1.168545e+02 5.356073e+01
         vertex 1.503309e+02 1.116045e+02 5.369105e+01
         vertex 1.505091e+02 1.116123e+02 5.356071e+01
      endloop
   endfacet
   facet normal 4.794049e-01 -2.080211e-07 8.775938e-01
      outer loop
         vertex 1.505091e+02 1.168545e+02 5.356073e+01
         vertex 1.505091e+02 1.116123e+02 5.356071e+01
         vertex 1.505516e+02 1.116152e+02 5.353751e+01
      endloop
   endfacet
   facet normal -6.441708e-01 -1.149812e-02 7.647953e-01
      outer loop
         vertex 1.516502e+02 1.116059e+02 5.363879e+01
         vertex 1.517122e+02 1.116045e+02 5.369105e+01
         vertex 1.519092e+02 1.168545e+02 5.393590e+01
      endloop
   endfacet
   facet normal -7.791378e-01 -8.695663e-16 6.268527e-01
      outer loop
         vertex 1.519092e+02 1.168545e+02 5.393590e+01
         vertex 1.517122e+02 1.116045e+02 5.369105e+01
         vertex 1.519092e+02 1.116045e+02 5.393590e+01
      endloop
   endfacet
   facet normal -9.659252e-01 -1.014559e-15 2.588215e-01
      outer loop
         vertex 1.519092e+02 1.168545e+02 5.393590e+01
         vertex 1.519092e+02 1.116045e+02 5.393590e+01
         vertex 1.520466e+02 1.168545e+02 5.444840e+01
      endloop
   endfacet
   facet normal -9.659252e-01 -1.014559e-15 2.588215e-01
      outer loop
         vertex 1.520466e+02 1.168545e+02 5.444840e+01
         vertex 1.519092e+02 1.116045e+02 5.393590e+01
         vertex 1.520466e+02 1.116045e+02 5.444840e+01
      endloop
   endfacet
   facet normal -9.659251e-01 -9.511671e-16 -2.588216e-01
      outer loop
         vertex 1.520466e+02 1.168545e+02 5.444840e+01
         vertex 1.520466e+02 1.116045e+02 5.444840e+01
         vertex 1.519092e+02 1.168545e+02 5.496090e+01
      endloop
   endfacet
   facet normal -9.659251e-01 -9.511671e-16 -2.588216e-01
      outer loop
         vertex 1.519092e+02 1.168545e+02 5.496090e+01
         vertex 1.520466e+02 1.116045e+02 5.444840e+01
         vertex 1.519092e+02 1.116045e+02 5.496090e+01
      endloop
   endfacet
   facet normal -7.071090e-01 -6.329146e-16 -7.071046e-01
      outer loop
         vertex 1.519092e+02 1.168545e+02 5.496090e+01
         vertex 1.519092e+02 1.116045e+02 5.496090e+01
         vertex 1.515341e+02 1.168545e+02 5.533608e+01
      endloop
   endfacet
   facet normal -7.071090e-01 -6.329146e-16 -7.071046e-01
      outer loop
         vertex 1.515341e+02 1.168545e+02 5.533608e+01
         vertex 1.519092e+02 1.116045e+02 5.496090e+01
         vertex 1.515341e+02 1.116045e+02 5.533608e+01
      endloop
   endfacet
   facet normal -2.588194e-01 -1.450681e-16 -9.659257e-01
      outer loop
         vertex 1.515341e+02 1.168545e+02 5.533608e+01
         vertex 1.515341e+02 1.116045e+02 5.533608e+01
         vertex 1.510216e+02 1.168545e+02 5.547340e+01
      endloop
   endfacet
   facet normal -2.588194e-01 -1.450681e-16 -9.659257e-01
      outer loop
         vertex 1.510216e+02 1.168545e+02 5.547340e+01
         vertex 1.515341e+02 1.116045e+02 5.533608e+01
         vertex 1.510216e+02 1.116045e+02 5.547340e+01
      endloop
   endfacet
   facet normal 2.588194e-01 3.816477e-16 -9.659257e-01
      outer loop
         vertex 1.510216e+02 1.168545e+02 5.547340e+01
         vertex 1.510216e+02 1.116045e+02 5.547340e+01
         vertex 1.505091e+02 1.168545e+02 5.533608e+01
      endloop
   endfacet
   facet normal 2.588194e-01 3.816477e-16 -9.659257e-01
      outer loop
         vertex 1.505091e+02 1.168545e+02 5.533608e+01
         vertex 1.510216e+02 1.116045e+02 5.547340e+01
         vertex 1.505091e+02 1.116045e+02 5.533608e+01
      endloop
   endfacet
   facet normal 7.071055e-01 8.060991e-16 -7.071081e-01
      outer loop
         vertex 1.505091e+02 1.168545e+02 5.533608e+01
         vertex 1.505091e+02 1.116045e+02 5.533608e+01
         vertex 1.501339e+02 1.168545e+02 5.496090e+01
      endloop
   endfacet
   facet normal 7.071055e-01 8.060991e-16 -7.071081e-01
      outer loop
         vertex 1.501339e+02 1.168545e+02 5.496090e+01
         vertex 1.505091e+02 1.116045e+02 5.533608e+01
         vertex 1.501339e+02 1.116045e+02 5.496090e+01
      endloop
   endfacet
   facet normal 9.659251e-01 1.014559e-15 -2.588216e-01
      outer loop
         vertex 1.501339e+02 1.168545e+02 5.496090e+01
         vertex 1.501339e+02 1.116045e+02 5.496090e+01
         vertex 1.499966e+02 1.168545e+02 5.444840e+01
      endloop
   endfacet
   facet normal 9.659251e-01 1.014559e-15 -2.588216e-01
      outer loop
         vertex 1.499966e+02 1.168545e+02 5.444840e+01
         vertex 1.501339e+02 1.116045e+02 5.496090e+01
         vertex 1.499966e+02 1.116045e+02 5.444840e+01
      endloop
   endfacet
   facet normal 9.659252e-01 9.511671e-16 2.588215e-01
      outer loop
         vertex 1.499966e+02 1.168545e+02 5.444840e+01
         vertex 1.499966e+02 1.116045e+02 5.444840e+01
         vertex 1.501339e+02 1.168545e+02 5.393590e+01
      endloop
   endfacet
   facet normal 9.659252e-01 9.511671e-16 2.588215e-01
      outer loop
         vertex 1.501339e+02 1.168545e+02 5.393590e+01
         vertex 1.499966e+02 1.116045e+02 5.444840e+01
         vertex 1.501339e+02 1.116045e+02 5.393590e+01
      endloop
   endfacet
   facet normal 7.791378e-01 7.160343e-16 6.268527e-01
      outer loop
         vertex 1.501339e+02 1.168545e+02 5.393590e+01
         vertex 1.501339e+02 1.116045e+02 5.393590e+01
         vertex 1.503309e+02 1.116045e+02 5.369105e+01
      endloop
   endfacet
   facet normal 7.070960e-01 -5.125306e-03 -7.070990e-01
      outer loop
         vertex 1.503930e+02 1.116059e+02 4.825803e+01
         vertex 1.501339e+02 1.168545e+02 4.796090e+01
         vertex 1.505091e+02 1.168545e+02 4.833608e+01
      endloop
   endfacet
   facet normal 2.248164e-01 -6.614607e-03 -9.743787e-01
      outer loop
         vertex 1.509349e+02 1.116393e+02 4.846973e+01
         vertex 1.506527e+02 1.116228e+02 4.840474e+01
         vertex 1.505091e+02 1.168545e+02 4.833608e+01
      endloop
   endfacet
   facet normal 4.311931e-01 -1.230961e-06 -9.022597e-01
      outer loop
         vertex 1.505091e+02 1.168545e+02 4.833608e+01
         vertex 1.506527e+02 1.116228e+02 4.840474e+01
         vertex 1.505091e+02 1.116123e+02 4.833612e+01
      endloop
   endfacet
   facet normal 5.578952e-01 1.045340e-06 -8.299114e-01
      outer loop
         vertex 1.505091e+02 1.168545e+02 4.833608e+01
         vertex 1.505091e+02 1.116123e+02 4.833612e+01
         vertex 1.503930e+02 1.116059e+02 4.825803e+01
      endloop
   endfacet
   facet normal 4.270362e-02 -2.211120e-02 -9.988431e-01
      outer loop
         vertex 1.509349e+02 1.116393e+02 4.846973e+01
         vertex 1.505091e+02 1.168545e+02 4.833608e+01
         vertex 1.510216e+02 1.116410e+02 4.847340e+01
      endloop
   endfacet
   facet normal 2.588194e-01 2.774069e-06 -9.659257e-01
      outer loop
         vertex 1.510216e+02 1.116410e+02 4.847340e+01
         vertex 1.505091e+02 1.168545e+02 4.833608e+01
         vertex 1.510216e+02 1.168545e+02 4.847340e+01
      endloop
   endfacet
   facet normal -9.576092e-02 -1.026381e-06 -9.954044e-01
      outer loop
         vertex 1.510216e+02 1.116410e+02 4.847340e+01
         vertex 1.510216e+02 1.168545e+02 4.847340e+01
         vertex 1.512169e+02 1.116344e+02 4.845462e+01
      endloop
   endfacet
   facet normal -2.588144e-01 -6.208969e-03 -9.659071e-01
      outer loop
         vertex 1.512169e+02 1.116344e+02 4.845462e+01
         vertex 1.510216e+02 1.168545e+02 4.847340e+01
         vertex 1.515341e+02 1.168545e+02 4.833608e+01
      endloop
   endfacet
   facet normal -3.279652e-01 -1.525824e-03 -9.446886e-01
      outer loop
         vertex 1.512169e+02 1.116344e+02 4.845462e+01
         vertex 1.515341e+02 1.168545e+02 4.833608e+01
         vertex 1.514916e+02 1.116152e+02 4.835930e+01
      endloop
   endfacet
   facet normal -7.070941e-01 -6.445628e-03 -7.070901e-01
      outer loop
         vertex 1.519092e+02 1.168545e+02 4.796090e+01
         vertex 1.517122e+02 1.116045e+02 4.820576e+01
         vertex 1.515341e+02 1.168545e+02 4.833608e+01
      endloop
   endfacet
   facet normal -5.903362e-01 7.642574e-07 -8.071574e-01
      outer loop
         vertex 1.515341e+02 1.168545e+02 4.833608e+01
         vertex 1.517122e+02 1.116045e+02 4.820576e+01
         vertex 1.515340e+02 1.116123e+02 4.833610e+01
      endloop
   endfacet
   facet normal -4.793725e-01 -2.082942e-07 -8.776115e-01
      outer loop
         vertex 1.515341e+02 1.168545e+02 4.833608e+01
         vertex 1.515340e+02 1.116123e+02 4.833610e+01
         vertex 1.514916e+02 1.116152e+02 4.835930e+01
      endloop
   endfacet
   facet normal 6.441527e-01 -1.149951e-02 -7.648105e-01
      outer loop
         vertex 1.503930e+02 1.116059e+02 4.825803e+01
         vertex 1.503309e+02 1.116045e+02 4.820576e+01
         vertex 1.501339e+02 1.168545e+02 4.796090e+01
      endloop
   endfacet
   facet normal 7.791378e-01 8.695663e-16 -6.268527e-01
      outer loop
         vertex 1.501339e+02 1.168545e+02 4.796090e+01
         vertex 1.503309e+02 1.116045e+02 4.820576e+01
         vertex 1.501339e+02 1.116045e+02 4.796090e+01
      endloop
   endfacet
   facet normal 9.659252e-01 1.014559e-15 -2.588215e-01
      outer loop
         vertex 1.501339e+02 1.168545e+02 4.796090e+01
         vertex 1.501339e+02 1.116045e+02 4.796090e+01
         vertex 1.499966e+02 1.168545e+02 4.744840e+01
      endloop
   endfacet
   facet normal 9.659252e-01 1.014559e-15 -2.588215e-01
      outer loop
         vertex 1.499966e+02 1.168545e+02 4.744840e+01
         vertex 1.501339e+02 1.116045e+02 4.796090e+01
         vertex 1.499966e+02 1.116045e+02 4.744840e+01
      endloop
   endfacet
   facet normal 9.659251e-01 9.511671e-16 2.588216e-01
      outer loop
         vertex 1.499966e+02 1.168545e+02 4.744840e+01
         vertex 1.499966e+02 1.116045e+02 4.744840e+01
         vertex 1.501339e+02 1.168545e+02 4.693590e+01
      endloop
   endfacet
   facet normal 9.659251e-01 9.511671e-16 2.588216e-01
      outer loop
         vertex 1.501339e+02 1.168545e+02 4.693590e+01
         vertex 1.499966e+02 1.116045e+02 4.744840e+01
         vertex 1.501339e+02 1.116045e+02 4.693590e+01
      endloop
   endfacet
   facet normal 7.071055e-01 6.329106e-16 7.071081e-01
      outer loop
         vertex 1.501339e+02 1.168545e+02 4.693590e+01
         vertex 1.501339e+02 1.116045e+02 4.693590e+01
         vertex 1.505091e+02 1.168545e+02 4.656073e+01
      endloop
   endfacet
   facet normal 7.071055e-01 6.329106e-16 7.071081e-01
      outer loop
         vertex 1.505091e+02 1.168545e+02 4.656073e+01
         vertex 1.501339e+02 1.116045e+02 4.693590e+01
         vertex 1.505091e+02 1.116045e+02 4.656073e+01
      endloop
   endfacet
   facet normal 2.588194e-01 1.450681e-16 9.659257e-01
      outer loop
         vertex 1.505091e+02 1.168545e+02 4.656073e+01
         vertex 1.505091e+02 1.116045e+02 4.656073e+01
         vertex 1.510216e+02 1.168545e+02 4.642340e+01
      endloop
   endfacet
   facet normal 2.588194e-01 1.450681e-16 9.659257e-01
      outer loop
         vertex 1.510216e+02 1.168545e+02 4.642340e+01
         vertex 1.505091e+02 1.116045e+02 4.656073e+01
         vertex 1.510216e+02 1.116045e+02 4.642340e+01
      endloop
   endfacet
   facet normal -2.588194e-01 -3.816477e-16 9.659257e-01
      outer loop
         vertex 1.510216e+02 1.168545e+02 4.642340e+01
         vertex 1.510216e+02 1.116045e+02 4.642340e+01
         vertex 1.515341e+02 1.168545e+02 4.656073e+01
      endloop
   endfacet
   facet normal -2.588194e-01 -3.816477e-16 9.659257e-01
      outer loop
         vertex 1.515341e+02 1.168545e+02 4.656073e+01
         vertex 1.510216e+02 1.116045e+02 4.642340e+01
         vertex 1.515341e+02 1.116045e+02 4.656073e+01
      endloop
   endfacet
   facet normal -7.071090e-01 -8.061023e-16 7.071046e-01
      outer loop
         vertex 1.515341e+02 1.168545e+02 4.656073e+01
         vertex 1.515341e+02 1.116045e+02 4.656073e+01
         vertex 1.519092e+02 1.168545e+02 4.693590e+01
      endloop
   endfacet
   facet normal -7.071090e-01 -8.061023e-16 7.071046e-01
      outer loop
         vertex 1.519092e+02 1.168545e+02 4.693590e+01
         vertex 1.515341e+02 1.116045e+02 4.656073e+01
         vertex 1.519092e+02 1.116045e+02 4.693590e+01
      endloop
   endfacet
   facet normal -9.659251e-01 -1.014559e-15 2.588216e-01
      outer loop
         vertex 1.519092e+02 1.168545e+02 4.693590e+01
         vertex 1.519092e+02 1.116045e+02 4.693590e+01
         vertex 1.520466e+02 1.168545e+02 4.744840e+01
      endloop
   endfacet
   facet normal -9.659251e-01 -1.014559e-15 2.588216e-01
      outer loop
         vertex 1.520466e+02 1.168545e+02 4.744840e+01
         vertex 1.519092e+02 1.116045e+02 4.693590e+01
         vertex 1.520466e+02 1.116045e+02 4.744840e+01
      endloop
   endfacet
   facet normal -9.659252e-01 -9.511671e-16 -2.588215e-01
      outer loop
         vertex 1.520466e+02 1.168545e+02 4.744840e+01
         vertex 1.520466e+02 1.116045e+02 4.744840e+01
         vertex 1.519092e+02 1.168545e+02 4.796090e+01
      endloop
   endfacet
   facet normal -9.659252e-01 -9.511671e-16 -2.588215e-01
      outer loop
         vertex 1.519092e+02 1.168545e+02 4.796090e+01
         vertex 1.520466e+02 1.116045e+02 4.744840e+01
         vertex 1.519092e+02 1.116045e+02 4.796090e+01
      endloop
   endfacet
   facet normal -7.791378e-01 -7.160343e-16 -6.268527e-01
      outer loop
         vertex 1.519092e+02 1.168545e+02 4.796090e+01
         vertex 1.519092e+02 1.116045e+02 4.796090e+01
         vertex 1.517122e+02 1.116045e+02 4.820576e+01
      endloop
   endfacet
endsolid TRY2_ASS - Tip_Support-2