solid TRY2_ASS - Part1-2
   facet normal 9.659258e-01 -2.588190e-01 -7.183670e-18
      outer loop
         vertex 2.973143e+01 8.489507e+01 2.914840e+01
         vertex 2.973143e+01 8.489507e+01 2.292559e+01
         vertex 2.993909e+01 8.567007e+01 2.914840e+01
      endloop
   endfacet
   facet normal 9.659258e-01 -2.588190e-01 -7.183670e-18
      outer loop
         vertex 2.993909e+01 8.567007e+01 2.914840e+01
         vertex 2.973143e+01 8.489507e+01 2.292559e+01
         vertex 2.993909e+01 8.567007e+01 2.292559e+01
      endloop
   endfacet
   facet normal 7.071068e-01 -7.071068e-01 -1.962616e-17
      outer loop
         vertex 2.993909e+01 8.567007e+01 2.914840e+01
         vertex 2.993909e+01 8.567007e+01 2.292559e+01
         vertex 3.050643e+01 8.623741e+01 2.914840e+01
      endloop
   endfacet
   facet normal 7.071068e-01 -7.071068e-01 -1.962616e-17
      outer loop
         vertex 3.050643e+01 8.623741e+01 2.914840e+01
         vertex 2.993909e+01 8.567007e+01 2.292559e+01
         vertex 3.050643e+01 8.623741e+01 2.292559e+01
      endloop
   endfacet
   facet normal 2.588191e-01 -9.659258e-01 -2.680983e-17
      outer loop
         vertex 3.050643e+01 8.623741e+01 2.914840e+01
         vertex 3.050643e+01 8.623741e+01 2.292559e+01
         vertex 3.128143e+01 8.644507e+01 2.914840e+01
      endloop
   endfacet
   facet normal 2.588191e-01 -9.659258e-01 -2.680983e-17
      outer loop
         vertex 3.128143e+01 8.644507e+01 2.914840e+01
         vertex 3.050643e+01 8.623741e+01 2.292559e+01
         vertex 3.128143e+01 8.644507e+01 2.292559e+01
      endloop
   endfacet
   facet normal -2.588191e-01 -9.659258e-01 -2.680983e-17
      outer loop
         vertex 3.128143e+01 8.644507e+01 2.914840e+01
         vertex 3.128143e+01 8.644507e+01 2.292559e+01
         vertex 3.205643e+01 8.623741e+01 2.914840e+01
      endloop
   endfacet
   facet normal -2.588191e-01 -9.659258e-01 -2.680983e-17
      outer loop
         vertex 3.205643e+01 8.623741e+01 2.914840e+01
         vertex 3.128143e+01 8.644507e+01 2.292559e+01
         vertex 3.205643e+01 8.623741e+01 2.292559e+01
      endloop
   endfacet
   facet normal -7.071068e-01 -7.071068e-01 -1.962616e-17
      outer loop
         vertex 3.205643e+01 8.623741e+01 2.914840e+01
         vertex 3.205643e+01 8.623741e+01 2.292559e+01
         vertex 3.262377e+01 8.567007e+01 2.914840e+01
      endloop
   endfacet
   facet normal -7.071068e-01 -7.071068e-01 -1.962616e-17
      outer loop
         vertex 3.262377e+01 8.567007e+01 2.914840e+01
         vertex 3.205643e+01 8.623741e+01 2.292559e+01
         vertex 3.262377e+01 8.567007e+01 2.292559e+01
      endloop
   endfacet
   facet normal -9.659258e-01 -2.588190e-01 -7.183670e-18
      outer loop
         vertex 3.262377e+01 8.567007e+01 2.914840e+01
         vertex 3.262377e+01 8.567007e+01 2.292559e+01
         vertex 3.283143e+01 8.489507e+01 2.914840e+01
      endloop
   endfacet
   facet normal -9.659258e-01 -2.588190e-01 -7.183670e-18
      outer loop
         vertex 3.283143e+01 8.489507e+01 2.914840e+01
         vertex 3.262377e+01 8.567007e+01 2.292559e+01
         vertex 3.283143e+01 8.489507e+01 2.292559e+01
      endloop
   endfacet
   facet normal -9.659258e-01 2.588193e-01 7.183678e-18
      outer loop
         vertex 3.283143e+01 8.489507e+01 2.914840e+01
         vertex 3.283143e+01 8.489507e+01 2.292559e+01
         vertex 3.262377e+01 8.412007e+01 2.914840e+01
      endloop
   endfacet
   facet normal -9.659258e-01 2.588193e-01 7.183678e-18
      outer loop
         vertex 3.262377e+01 8.412007e+01 2.914840e+01
         vertex 3.283143e+01 8.489507e+01 2.292559e+01
         vertex 3.262377e+01 8.412007e+01 2.292559e+01
      endloop
   endfacet
   facet normal -7.071068e-01 7.071068e-01 1.962616e-17
      outer loop
         vertex 3.262377e+01 8.412007e+01 2.914840e+01
         vertex 3.262377e+01 8.412007e+01 2.292559e+01
         vertex 3.205643e+01 8.355273e+01 2.914840e+01
      endloop
   endfacet
   facet normal -7.071068e-01 7.071068e-01 1.962616e-17
      outer loop
         vertex 3.205643e+01 8.355273e+01 2.914840e+01
         vertex 3.262377e+01 8.412007e+01 2.292559e+01
         vertex 3.205643e+01 8.355273e+01 2.292559e+01
      endloop
   endfacet
   facet normal -2.588191e-01 9.659258e-01 2.680983e-17
      outer loop
         vertex 3.205643e+01 8.355273e+01 2.914840e+01
         vertex 3.205643e+01 8.355273e+01 2.292559e+01
         vertex 3.128143e+01 8.334507e+01 2.914840e+01
      endloop
   endfacet
   facet normal -2.588191e-01 9.659258e-01 2.680983e-17
      outer loop
         vertex 3.128143e+01 8.334507e+01 2.914840e+01
         vertex 3.205643e+01 8.355273e+01 2.292559e+01
         vertex 3.128143e+01 8.334507e+01 2.292559e+01
      endloop
   endfacet
   facet normal 2.588191e-01 9.659258e-01 2.680983e-17
      outer loop
         vertex 3.128143e+01 8.334507e+01 2.914840e+01
         vertex 3.128143e+01 8.334507e+01 2.292559e+01
         vertex 3.050643e+01 8.355273e+01 2.914840e+01
      endloop
   endfacet
   facet normal 2.588191e-01 9.659258e-01 2.680983e-17
      outer loop
         vertex 3.050643e+01 8.355273e+01 2.914840e+01
         vertex 3.128143e+01 8.334507e+01 2.292559e+01
         vertex 3.050643e+01 8.355273e+01 2.292559e+01
      endloop
   endfacet
   facet normal 7.071068e-01 7.071068e-01 1.962616e-17
      outer loop
         vertex 3.050643e+01 8.355273e+01 2.914840e+01
         vertex 3.050643e+01 8.355273e+01 2.292559e+01
         vertex 2.993909e+01 8.412007e+01 2.914840e+01
      endloop
   endfacet
   facet normal 7.071068e-01 7.071068e-01 1.962616e-17
      outer loop
         vertex 2.993909e+01 8.412007e+01 2.914840e+01
         vertex 3.050643e+01 8.355273e+01 2.292559e+01
         vertex 2.993909e+01 8.412007e+01 2.292559e+01
      endloop
   endfacet
   facet normal 9.659258e-01 2.588193e-01 7.183678e-18
      outer loop
         vertex 2.993909e+01 8.412007e+01 2.914840e+01
         vertex 2.993909e+01 8.412007e+01 2.292559e+01
         vertex 2.973143e+01 8.489507e+01 2.914840e+01
      endloop
   endfacet
   facet normal 9.659258e-01 2.588193e-01 7.183678e-18
      outer loop
         vertex 2.973143e+01 8.489507e+01 2.914840e+01
         vertex 2.993909e+01 8.412007e+01 2.292559e+01
         vertex 2.973143e+01 8.489507e+01 2.292559e+01
      endloop
   endfacet
   facet normal -1.249869e-03 3.071531e-01 9.516593e-01
      outer loop
         vertex 3.050325e+01 8.779239e+01 8.506840e+01
         vertex 3.128143e+01 8.789507e+01 8.503628e+01
         vertex 2.728143e+01 8.875955e+01 8.475201e+01
      endloop
   endfacet
   facet normal -2.001277e-02 2.801652e-01 9.597432e-01
      outer loop
         vertex 2.868335e+01 8.639507e+01 8.547147e+01
         vertex 2.915777e+01 8.701405e+01 8.530068e+01
         vertex 2.728143e+01 8.875955e+01 8.475201e+01
      endloop
   endfacet
   facet normal -8.356486e-03 2.916702e-01 9.564824e-01
      outer loop
         vertex 2.728143e+01 8.875955e+01 8.475201e+01
         vertex 2.915777e+01 8.701405e+01 8.530068e+01
         vertex 2.978143e+01 8.749315e+01 8.516003e+01
      endloop
   endfacet
   facet normal -3.473901e-03 3.004426e-01 9.537936e-01
      outer loop
         vertex 2.728143e+01 8.875955e+01 8.475201e+01
         vertex 2.978143e+01 8.749315e+01 8.516003e+01
         vertex 3.050325e+01 8.779239e+01 8.506840e+01
      endloop
   endfacet
   facet normal -2.274475e-03 1.809194e-01 9.834953e-01
      outer loop
         vertex 2.868290e+01 8.339586e+01 8.613015e+01
         vertex 2.838281e+01 8.412175e+01 8.599592e+01
         vertex 2.728143e+01 8.315588e+01 8.617105e+01
      endloop
   endfacet
   facet normal -2.023517e-02 2.006667e-01 9.794506e-01
      outer loop
         vertex 2.728143e+01 8.315588e+01 8.617105e+01
         vertex 2.838281e+01 8.412175e+01 8.599592e+01
         vertex 2.828143e+01 8.489507e+01 8.583539e+01
      endloop
   endfacet
   facet normal -1.010371e-01 2.442291e-01 9.644396e-01
      outer loop
         vertex 2.728143e+01 8.315588e+01 8.617105e+01
         vertex 2.828143e+01 8.489507e+01 8.583539e+01
         vertex 2.728143e+01 8.875955e+01 8.475201e+01
      endloop
   endfacet
   facet normal -1.206413e-01 2.388987e-01 9.635212e-01
      outer loop
         vertex 2.728143e+01 8.875955e+01 8.475201e+01
         vertex 2.828143e+01 8.489507e+01 8.583539e+01
         vertex 2.838448e+01 8.567461e+01 8.565501e+01
      endloop
   endfacet
   facet normal -4.733555e-02 2.649837e-01 9.630903e-01
      outer loop
         vertex 2.728143e+01 8.875955e+01 8.475201e+01
         vertex 2.838448e+01 8.567461e+01 8.565501e+01
         vertex 2.868335e+01 8.639507e+01 8.547147e+01
      endloop
   endfacet
   facet normal 1.239199e-03 3.070763e-01 9.516841e-01
      outer loop
         vertex 3.128143e+01 8.789507e+01 8.503628e+01
         vertex 3.205943e+01 8.779243e+01 8.506838e+01
         vertex 3.537421e+01 8.875956e+01 8.475201e+01
      endloop
   endfacet
   facet normal 3.415961e-03 3.003185e-01 9.538329e-01
      outer loop
         vertex 3.205943e+01 8.779243e+01 8.506838e+01
         vertex 3.278143e+01 8.749315e+01 8.516003e+01
         vertex 3.537421e+01 8.875956e+01 8.475201e+01
      endloop
   endfacet
   facet normal 8.175005e-03 2.914508e-01 9.565509e-01
      outer loop
         vertex 3.537421e+01 8.875956e+01 8.475201e+01
         vertex 3.278143e+01 8.749315e+01 8.516003e+01
         vertex 3.340517e+01 8.701397e+01 8.530070e+01
      endloop
   endfacet
   facet normal -1.430715e-02 3.144858e-01 9.491543e-01
      outer loop
         vertex 3.537421e+01 8.875956e+01 8.475201e+01
         vertex 3.340517e+01 8.701397e+01 8.530070e+01
         vertex 3.536915e+01 8.803931e+01 8.499057e+01
      endloop
   endfacet
   facet normal 9.515262e-03 2.727522e-01 9.620373e-01
      outer loop
         vertex 3.536915e+01 8.803931e+01 8.499057e+01
         vertex 3.340517e+01 8.701397e+01 8.530070e+01
         vertex 3.387951e+01 8.639507e+01 8.547147e+01
      endloop
   endfacet
   facet normal 1.463920e-02 2.684453e-01 9.631837e-01
      outer loop
         vertex 3.536915e+01 8.803931e+01 8.499057e+01
         vertex 3.387951e+01 8.639507e+01 8.547147e+01
         vertex 3.535493e+01 8.553650e+01 8.568834e+01
      endloop
   endfacet
   facet normal 1.587679e-03 2.474598e-01 9.688969e-01
      outer loop
         vertex 3.387951e+01 8.639507e+01 8.547147e+01
         vertex 3.417884e+01 8.567288e+01 8.565543e+01
         vertex 3.535493e+01 8.553650e+01 8.568834e+01
      endloop
   endfacet
   facet normal -1.136973e-03 2.252667e-01 9.742965e-01
      outer loop
         vertex 3.535493e+01 8.553650e+01 8.568834e+01
         vertex 3.417884e+01 8.567288e+01 8.565543e+01
         vertex 3.428143e+01 8.489507e+01 8.583539e+01
      endloop
   endfacet
   facet normal 6.157357e-03 2.136535e-01 9.768901e-01
      outer loop
         vertex 3.535493e+01 8.553650e+01 8.568834e+01
         vertex 3.428143e+01 8.489507e+01 8.583539e+01
         vertex 3.534916e+01 8.420867e+01 8.597878e+01
      endloop
   endfacet
   facet normal -7.739244e-04 2.033350e-01 9.791089e-01
      outer loop
         vertex 3.534916e+01 8.420867e+01 8.597878e+01
         vertex 3.428143e+01 8.489507e+01 8.583539e+01
         vertex 3.417981e+01 8.412088e+01 8.599609e+01
      endloop
   endfacet
   facet normal 1.072460e-03 1.796530e-01 9.837295e-01
      outer loop
         vertex 3.534916e+01 8.420867e+01 8.597878e+01
         vertex 3.417981e+01 8.412088e+01 8.599609e+01
         vertex 3.534533e+01 8.315588e+01 8.617105e+01
      endloop
   endfacet
   facet normal 2.173264e-03 1.809394e-01 9.834918e-01
      outer loop
         vertex 3.417981e+01 8.412088e+01 8.599609e+01
         vertex 3.387951e+01 8.339507e+01 8.613028e+01
         vertex 3.534533e+01 8.315588e+01 8.617105e+01
      endloop
   endfacet
   facet normal -4.293976e-05 1.677560e-01 9.858285e-01
      outer loop
         vertex 3.534533e+01 8.315588e+01 8.617105e+01
         vertex 3.387951e+01 8.339507e+01 8.613028e+01
         vertex 3.371170e+01 8.313616e+01 8.617434e+01
      endloop
   endfacet
   facet normal 2.684899e-04 1.426233e-01 9.897770e-01
      outer loop
         vertex 3.534533e+01 8.315588e+01 8.617105e+01
         vertex 3.371170e+01 8.313616e+01 8.617434e+01
         vertex 3.534089e+01 8.161545e+01 8.639302e+01
      endloop
   endfacet
   facet normal 7.862975e-03 1.505854e-01 9.885657e-01
      outer loop
         vertex 3.534089e+01 8.161545e+01 8.639302e+01
         vertex 3.371170e+01 8.313616e+01 8.617434e+01
         vertex 3.329964e+01 8.267543e+01 8.624779e+01
      endloop
   endfacet
   facet normal -2.748117e-02 8.355680e-02 9.961240e-01
      outer loop
         vertex 3.534089e+01 8.161545e+01 8.639302e+01
         vertex 3.329964e+01 8.267543e+01 8.624779e+01
         vertex 3.533659e+01 7.901870e+01 8.661072e+01
      endloop
   endfacet
   facet normal -1.351171e-01 2.304697e-02 9.905616e-01
      outer loop
         vertex 3.533659e+01 7.901870e+01 8.661072e+01
         vertex 3.329964e+01 8.267543e+01 8.624779e+01
         vertex 3.533590e+01 7.739507e+01 8.664840e+01
      endloop
   endfacet
   facet normal 4.034669e-02 9.104970e-02 9.950287e-01
      outer loop
         vertex 3.329964e+01 8.267543e+01 8.624779e+01
         vertex 3.278143e+01 8.229699e+01 8.630344e+01
         vertex 3.533590e+01 7.739507e+01 8.664840e+01
      endloop
   endfacet
   facet normal 2.263898e-02 8.191718e-02 9.963820e-01
      outer loop
         vertex 3.533590e+01 7.739507e+01 8.664840e+01
         vertex 3.278143e+01 8.229699e+01 8.630344e+01
         vertex 3.205857e+01 8.199748e+01 8.634448e+01
      endloop
   endfacet
   facet normal -5.886796e-10 6.589160e-02 9.978268e-01
      outer loop
         vertex 3.533590e+01 7.739507e+01 8.664840e+01
         vertex 3.205857e+01 8.199748e+01 8.634448e+01
         vertex 2.728143e+01 7.739507e+01 8.664840e+01
      endloop
   endfacet
   facet normal 9.922724e-03 5.563014e-02 9.984021e-01
      outer loop
         vertex 2.728143e+01 7.739507e+01 8.664840e+01
         vertex 3.205857e+01 8.199748e+01 8.634448e+01
         vertex 3.128143e+01 8.189507e+01 8.635791e+01
      endloop
   endfacet
   facet normal -7.839995e-03 7.135583e-02 9.974201e-01
      outer loop
         vertex 2.728143e+01 7.739507e+01 8.664840e+01
         vertex 3.128143e+01 8.189507e+01 8.635791e+01
         vertex 3.050365e+01 8.199765e+01 8.634446e+01
      endloop
   endfacet
   facet normal -2.273257e-02 8.171438e-02 9.963965e-01
      outer loop
         vertex 3.050365e+01 8.199765e+01 8.634446e+01
         vertex 2.978143e+01 8.229699e+01 8.630344e+01
         vertex 2.728143e+01 7.739507e+01 8.664840e+01
      endloop
   endfacet
   facet normal -4.059667e-02 9.073021e-02 9.950477e-01
      outer loop
         vertex 2.728143e+01 7.739507e+01 8.664840e+01
         vertex 2.978143e+01 8.229699e+01 8.630344e+01
         vertex 2.926256e+01 8.267603e+01 8.624770e+01
      endloop
   endfacet
   facet normal -1.855568e-02 8.256523e-02 9.964129e-01
      outer loop
         vertex 2.728143e+01 7.739507e+01 8.664840e+01
         vertex 2.926256e+01 8.267603e+01 8.624770e+01
         vertex 2.728143e+01 8.315588e+01 8.617105e+01
      endloop
   endfacet
   facet normal 0.000000e+00 1.577473e-01 9.874795e-01
      outer loop
         vertex 2.728143e+01 8.315588e+01 8.617105e+01
         vertex 2.926256e+01 8.267603e+01 8.624770e+01
         vertex 2.883700e+01 8.315588e+01 8.617105e+01
      endloop
   endfacet
   facet normal 0.000000e+00 1.680262e-01 9.857825e-01
      outer loop
         vertex 2.728143e+01 8.315588e+01 8.617105e+01
         vertex 2.883700e+01 8.315588e+01 8.617105e+01
         vertex 2.868290e+01 8.339586e+01 8.613015e+01
      endloop
   endfacet
   facet normal -2.949801e-03 5.181190e-01 -8.553035e-01
      outer loop
         vertex 3.538485e+01 9.646524e+01 2.230000e+01
         vertex 3.535441e+01 9.457283e+01 2.115374e+01
         vertex 2.728143e+01 9.405323e+01 2.086682e+01
      endloop
   endfacet
   facet normal -8.431540e-02 5.909184e-01 -8.023131e-01
      outer loop
         vertex 3.528143e+01 9.889252e+01 2.402849e+01
         vertex 3.542214e+01 9.829359e+01 2.357258e+01
         vertex 3.528143e+01 9.739507e+01 2.292559e+01
      endloop
   endfacet
   facet normal 1.435840e-01 5.633769e-01 -8.136278e-01
      outer loop
         vertex 3.528143e+01 9.739507e+01 2.292559e+01
         vertex 3.542214e+01 9.829359e+01 2.357258e+01
         vertex 3.538485e+01 9.646524e+01 2.230000e+01
      endloop
   endfacet
   facet normal 0.000000e+00 5.582166e-01 -8.296953e-01
      outer loop
         vertex 3.528143e+01 9.739507e+01 2.292559e+01
         vertex 3.538485e+01 9.646524e+01 2.230000e+01
         vertex 2.728143e+01 9.739507e+01 2.292559e+01
      endloop
   endfacet
   facet normal -5.543008e-03 5.245053e-01 -8.513891e-01
      outer loop
         vertex 2.728143e+01 9.739507e+01 2.292559e+01
         vertex 3.538485e+01 9.646524e+01 2.230000e+01
         vertex 2.728143e+01 9.405323e+01 2.086682e+01
      endloop
   endfacet
   facet normal -2.133550e-06 -5.979125e-01 -8.015614e-01
      outer loop
         vertex 3.543646e+01 5.589761e+01 2.402850e+01
         vertex 3.528143e+01 5.589762e+01 2.402849e+01
         vertex 3.540995e+01 5.704743e+01 2.317081e+01
      endloop
   endfacet
   facet normal -6.767875e-02 -5.916704e-01 -8.033341e-01
      outer loop
         vertex 3.540995e+01 5.704743e+01 2.317081e+01
         vertex 3.528143e+01 5.589762e+01 2.402849e+01
         vertex 3.528143e+01 5.739507e+01 2.292559e+01
      endloop
   endfacet
   facet normal 8.758142e-02 -5.523684e-01 -8.289865e-01
      outer loop
         vertex 3.540995e+01 5.704743e+01 2.317081e+01
         vertex 3.528143e+01 5.739507e+01 2.292559e+01
         vertex 3.537540e+01 5.886592e+01 2.195546e+01
      endloop
   endfacet
   facet normal -0.000000e+00 -5.505909e-01 -8.347752e-01
      outer loop
         vertex 3.537540e+01 5.886592e+01 2.195546e+01
         vertex 3.528143e+01 5.739507e+01 2.292559e+01
         vertex 2.728143e+01 5.739507e+01 2.292559e+01
      endloop
   endfacet
   facet normal -6.731572e-03 -5.245015e-01 -8.513829e-01
      outer loop
         vertex 3.537540e+01 5.886592e+01 2.195546e+01
         vertex 2.728143e+01 5.739507e+01 2.292559e+01
         vertex 2.728143e+01 6.073691e+01 2.086682e+01
      endloop
   endfacet
   facet normal -5.373488e-06 -6.227594e-01 -7.824134e-01
      outer loop
         vertex 3.543646e+01 5.589761e+01 2.402850e+01
         vertex 3.545194e+01 5.530198e+01 2.450259e+01
         vertex 3.528143e+01 5.589762e+01 2.402849e+01
      endloop
   endfacet
   facet normal -2.068138e-01 -6.448531e-01 -7.357938e-01
      outer loop
         vertex 3.528143e+01 5.589762e+01 2.402849e+01
         vertex 3.545194e+01 5.530198e+01 2.450259e+01
         vertex 3.550324e+01 5.363267e+01 2.595116e+01
      endloop
   endfacet
   facet normal -4.741656e-01 -5.963028e-01 -6.477576e-01
      outer loop
         vertex 3.528143e+01 5.589762e+01 2.402849e+01
         vertex 3.550324e+01 5.363267e+01 2.595116e+01
         vertex 3.528143e+01 5.164473e+01 2.794355e+01
      endloop
   endfacet
   facet normal -8.163054e-02 -7.009762e-01 -7.084976e-01
      outer loop
         vertex 3.528143e+01 5.164473e+01 2.794355e+01
         vertex 3.550324e+01 5.363267e+01 2.595116e+01
         vertex 3.556560e+01 5.206477e+01 2.749523e+01
      endloop
   endfacet
   facet normal 2.736717e-06 -7.297512e-01 -6.837127e-01
      outer loop
         vertex 3.556560e+01 5.206477e+01 2.749523e+01
         vertex 3.558543e+01 5.164470e+01 2.794359e+01
         vertex 3.528143e+01 5.164473e+01 2.794355e+01
      endloop
   endfacet
   facet normal -2.961351e-06 -7.507771e-01 -6.605556e-01
      outer loop
         vertex 3.528143e+01 5.164473e+01 2.794355e+01
         vertex 3.558543e+01 5.164470e+01 2.794359e+01
         vertex 3.564195e+01 5.060433e+01 2.912606e+01
      endloop
   endfacet
   facet normal -2.540978e-01 -7.632398e-01 -5.940534e-01
      outer loop
         vertex 3.528143e+01 5.164473e+01 2.794355e+01
         vertex 3.564195e+01 5.060433e+01 2.912606e+01
         vertex 3.528143e+01 4.809424e+01 3.250522e+01
      endloop
   endfacet
   facet normal -2.188959e-01 -7.719689e-01 -5.967818e-01
      outer loop
         vertex 3.528143e+01 4.809424e+01 3.250522e+01
         vertex 3.564195e+01 5.060433e+01 2.912606e+01
         vertex 3.573666e+01 4.925046e+01 3.084262e+01
      endloop
   endfacet
   facet normal 3.752564e-06 -8.209932e-01 -5.709380e-01
      outer loop
         vertex 3.528143e+01 4.809424e+01 3.250522e+01
         vertex 3.573666e+01 4.925046e+01 3.084262e+01
         vertex 3.584608e+01 4.809421e+01 3.250527e+01
      endloop
   endfacet
   facet normal -2.082708e-02 -8.901795e-01 -4.551337e-01
      outer loop
         vertex 3.586982e+01 4.543137e+01 3.738931e+01
         vertex 3.528143e+01 4.534300e+01 3.758906e+01
         vertex 3.597362e+01 4.709961e+01 3.412171e+01
      endloop
   endfacet
   facet normal -1.505221e-01 -8.694536e-01 -4.705247e-01
      outer loop
         vertex 3.597362e+01 4.709961e+01 3.412171e+01
         vertex 3.528143e+01 4.534300e+01 3.758906e+01
         vertex 3.528143e+01 4.809424e+01 3.250522e+01
      endloop
   endfacet
   facet normal -8.008409e-03 -8.531884e-01 -5.215415e-01
      outer loop
         vertex 3.597362e+01 4.709961e+01 3.412171e+01
         vertex 3.528143e+01 4.809424e+01 3.250522e+01
         vertex 3.585619e+01 4.800353e+01 3.264479e+01
      endloop
   endfacet
   facet normal 6.875598e-07 -8.384653e-01 -5.449549e-01
      outer loop
         vertex 3.585619e+01 4.800353e+01 3.264479e+01
         vertex 3.528143e+01 4.809424e+01 3.250522e+01
         vertex 3.584608e+01 4.809421e+01 3.250527e+01
      endloop
   endfacet
   facet normal 5.462671e-08 -9.145156e-01 -4.045505e-01
      outer loop
         vertex 3.586982e+01 4.543137e+01 3.738931e+01
         vertex 3.586477e+01 4.534301e+01 3.758905e+01
         vertex 3.528143e+01 4.534300e+01 3.758906e+01
      endloop
   endfacet
   facet normal 1.716338e-06 -9.346153e-01 -3.556603e-01
      outer loop
         vertex 3.528143e+01 4.534300e+01 3.758906e+01
         vertex 3.586477e+01 4.534301e+01 3.758905e+01
         vertex 3.580056e+01 4.410499e+01 4.084235e+01
      endloop
   endfacet
   facet normal -2.155476e-01 -9.235842e-01 -3.170669e-01
      outer loop
         vertex 3.528143e+01 4.534300e+01 3.758906e+01
         vertex 3.580056e+01 4.410499e+01 4.084235e+01
         vertex 3.528143e+01 4.346606e+01 4.305641e+01
      endloop
   endfacet
   facet normal -4.862079e-06 -9.607932e-01 -2.772661e-01
      outer loop
         vertex 3.580056e+01 4.410499e+01 4.084235e+01
         vertex 3.577419e+01 4.346607e+01 4.305638e+01
         vertex 3.528143e+01 4.346606e+01 4.305641e+01
      endloop
   endfacet
   facet normal -1.115708e-06 -9.739998e-01 -2.265490e-01
      outer loop
         vertex 3.528143e+01 4.346606e+01 4.305641e+01
         vertex 3.577419e+01 4.346607e+01 4.305638e+01
         vertex 3.576422e+01 4.315705e+01 4.438493e+01
      endloop
   endfacet
   facet normal -1.756221e-01 -9.710310e-01 -1.620362e-01
      outer loop
         vertex 3.528143e+01 4.346606e+01 4.305641e+01
         vertex 3.576422e+01 4.315705e+01 4.438493e+01
         vertex 3.528143e+01 4.251461e+01 4.875813e+01
      endloop
   endfacet
   facet normal -1.009924e-01 -9.826590e-01 -1.555054e-01
      outer loop
         vertex 3.528143e+01 4.251461e+01 4.875813e+01
         vertex 3.576422e+01 4.315705e+01 4.438493e+01
         vertex 3.575610e+01 4.258563e+01 4.800113e+01
      endloop
   endfacet
   facet normal -6.146052e-06 -9.956287e-01 -9.340008e-02
      outer loop
         vertex 3.575610e+01 4.258563e+01 4.800113e+01
         vertex 3.575753e+01 4.251461e+01 4.875814e+01
         vertex 3.528143e+01 4.251461e+01 4.875813e+01
      endloop
   endfacet
   facet normal -7.100464e-06 -9.991689e-01 -4.076201e-02
      outer loop
         vertex 3.528143e+01 4.251461e+01 4.875813e+01
         vertex 3.575753e+01 4.251461e+01 4.875814e+01
         vertex 3.577220e+01 4.239509e+01 5.168780e+01
      endloop
   endfacet
   facet normal -2.366220e-01 -9.716018e-01 -2.696737e-17
      outer loop
         vertex 3.528143e+01 4.251461e+01 4.875813e+01
         vertex 3.577220e+01 4.239509e+01 5.168780e+01
         vertex 3.528143e+01 4.251461e+01 5.453868e+01
      endloop
   endfacet
   facet normal -1.480863e-01 -9.761703e-01 1.586256e-01
      outer loop
         vertex 3.587642e+01 4.316915e+01 5.896867e+01
         vertex 3.528143e+01 4.346606e+01 6.024040e+01
         vertex 3.581110e+01 4.259199e+01 5.535592e+01
      endloop
   endfacet
   facet normal -1.092040e-01 -9.804623e-01 1.636100e-01
      outer loop
         vertex 3.581110e+01 4.259199e+01 5.535592e+01
         vertex 3.528143e+01 4.346606e+01 6.024040e+01
         vertex 3.528143e+01 4.251461e+01 5.453868e+01
      endloop
   endfacet
   facet normal -3.975765e-06 -9.955473e-01 9.426328e-02
      outer loop
         vertex 3.581110e+01 4.259199e+01 5.535592e+01
         vertex 3.528143e+01 4.251461e+01 5.453868e+01
         vertex 3.580034e+01 4.251461e+01 5.453870e+01
      endloop
   endfacet
   facet normal -1.766702e-06 -9.991223e-01 4.188757e-02
      outer loop
         vertex 3.580034e+01 4.251461e+01 5.453870e+01
         vertex 3.528143e+01 4.251461e+01 5.453868e+01
         vertex 3.577220e+01 4.239509e+01 5.168780e+01
      endloop
   endfacet
   facet normal 4.458898e-06 -9.738106e-01 2.273606e-01
      outer loop
         vertex 3.587642e+01 4.316915e+01 5.896867e+01
         vertex 3.590790e+01 4.346609e+01 6.024053e+01
         vertex 3.528143e+01 4.346606e+01 6.024040e+01
      endloop
   endfacet
   facet normal -6.380615e-06 -9.612000e-01 2.758525e-01
      outer loop
         vertex 3.528143e+01 4.346606e+01 6.024040e+01
         vertex 3.590790e+01 4.346609e+01 6.024053e+01
         vertex 3.597405e+01 4.407334e+01 6.235646e+01
      endloop
   endfacet
   facet normal -1.606152e-01 -9.335378e-01 3.204839e-01
      outer loop
         vertex 3.528143e+01 4.346606e+01 6.024040e+01
         vertex 3.597405e+01 4.407334e+01 6.235646e+01
         vertex 3.528143e+01 4.534300e+01 6.570774e+01
      endloop
   endfacet
   facet normal -1.270959e-01 -9.359720e-01 3.283337e-01
      outer loop
         vertex 3.528143e+01 4.534300e+01 6.570774e+01
         vertex 3.597405e+01 4.407334e+01 6.235646e+01
         vertex 3.602779e+01 4.457601e+01 6.381020e+01
      endloop
   endfacet
   facet normal 6.061897e-06 -9.271256e-01 3.747508e-01
      outer loop
         vertex 3.528143e+01 4.534300e+01 6.570774e+01
         vertex 3.602779e+01 4.457601e+01 6.381020e+01
         vertex 3.611638e+01 4.534309e+01 6.570795e+01
      endloop
   endfacet
   facet normal -5.276434e-06 -9.106262e-01 4.132312e-01
      outer loop
         vertex 3.611638e+01 4.534309e+01 6.570795e+01
         vertex 3.616174e+01 4.570826e+01 6.651265e+01
         vertex 3.528143e+01 4.534300e+01 6.570774e+01
      endloop
   endfacet
   facet normal -2.124040e-02 -9.014777e-01 4.323041e-01
      outer loop
         vertex 3.528143e+01 4.534300e+01 6.570774e+01
         vertex 3.616174e+01 4.570826e+01 6.651265e+01
         vertex 3.611560e+01 4.601002e+01 6.713965e+01
      endloop
   endfacet
   facet normal -1.130224e-01 -8.738385e-01 4.728976e-01
      outer loop
         vertex 3.528143e+01 4.534300e+01 6.570774e+01
         vertex 3.611560e+01 4.601002e+01 6.713965e+01
         vertex 3.528143e+01 4.809424e+01 7.079159e+01
      endloop
   endfacet
   facet normal -1.646800e-01 -8.723752e-01 4.602629e-01
      outer loop
         vertex 3.528143e+01 4.809424e+01 7.079159e+01
         vertex 3.611560e+01 4.601002e+01 6.713965e+01
         vertex 3.596142e+01 4.723894e+01 6.941376e+01
      endloop
   endfacet
   facet normal -4.375092e-06 -8.496143e-01 5.274045e-01
      outer loop
         vertex 3.528143e+01 4.809424e+01 7.079159e+01
         vertex 3.596142e+01 4.723894e+01 6.941376e+01
         vertex 3.587853e+01 4.809416e+01 7.079147e+01
      endloop
   endfacet
   facet normal 4.537243e-06 -8.295682e-01 5.584055e-01
      outer loop
         vertex 3.587853e+01 4.809416e+01 7.079147e+01
         vertex 3.583405e+01 4.863171e+01 7.159005e+01
         vertex 3.528143e+01 4.809424e+01 7.079159e+01
      endloop
   endfacet
   facet normal -8.238794e-02 -7.994001e-01 5.951233e-01
      outer loop
         vertex 3.528143e+01 4.809424e+01 7.079159e+01
         vertex 3.583405e+01 4.863171e+01 7.159005e+01
         vertex 3.572990e+01 5.018709e+01 7.366490e+01
      endloop
   endfacet
   facet normal -2.448790e-01 -7.651141e-01 5.955122e-01
      outer loop
         vertex 3.528143e+01 4.809424e+01 7.079159e+01
         vertex 3.572990e+01 5.018709e+01 7.366490e+01
         vertex 3.528143e+01 5.164473e+01 7.535326e+01
      endloop
   endfacet
   facet normal -3.435544e-06 -7.569319e-01 6.534937e-01
      outer loop
         vertex 3.528143e+01 5.164473e+01 7.535326e+01
         vertex 3.572990e+01 5.018709e+01 7.366490e+01
         vertex 3.565618e+01 5.164471e+01 7.535323e+01
      endloop
   endfacet
   facet normal 1.091339e-07 -7.320110e-01 6.812928e-01
      outer loop
         vertex 3.528143e+01 5.164473e+01 7.535326e+01
         vertex 3.565618e+01 5.164471e+01 7.535323e+01
         vertex 3.564481e+01 5.190542e+01 7.563336e+01
      endloop
   endfacet
   facet normal -2.580277e-02 -7.148532e-01 6.987983e-01
      outer loop
         vertex 3.564481e+01 5.190542e+01 7.563336e+01
         vertex 3.560646e+01 5.287311e+01 7.662186e+01
         vertex 3.528143e+01 5.164473e+01 7.535326e+01
      endloop
   endfacet
   facet normal -2.870913e-01 -6.503546e-01 7.032905e-01
      outer loop
         vertex 3.528143e+01 5.164473e+01 7.535326e+01
         vertex 3.560646e+01 5.287311e+01 7.662186e+01
         vertex 3.554489e+01 5.479062e+01 7.836991e+01
      endloop
   endfacet
   facet normal -3.192952e-01 -6.418294e-01 6.972127e-01
      outer loop
         vertex 3.528143e+01 5.164473e+01 7.535326e+01
         vertex 3.554489e+01 5.479062e+01 7.836991e+01
         vertex 3.528143e+01 5.589762e+01 7.926832e+01
      endloop
   endfacet
   facet normal -6.251017e-08 -5.010569e-01 8.654143e-01
      outer loop
         vertex 3.545402e+01 5.899382e+01 8.142078e+01
         vertex 3.542803e+01 6.073690e+01 8.242998e+01
         vertex 2.728143e+01 6.073691e+01 8.242999e+01
      endloop
   endfacet
   facet normal -7.132769e-07 -6.301582e-01 7.764667e-01
      outer loop
         vertex 3.554489e+01 5.479062e+01 7.836991e+01
         vertex 3.551606e+01 5.589761e+01 7.926831e+01
         vertex 3.528143e+01 5.589762e+01 7.926832e+01
      endloop
   endfacet
   facet normal 3.054258e-06 -6.009539e-01 7.992837e-01
      outer loop
         vertex 3.528143e+01 5.589762e+01 7.926832e+01
         vertex 3.551606e+01 5.589761e+01 7.926831e+01
         vertex 3.549476e+01 5.683162e+01 7.997056e+01
      endloop
   endfacet
   facet normal -5.402017e-02 -5.921642e-01 8.040046e-01
      outer loop
         vertex 3.528143e+01 5.589762e+01 7.926832e+01
         vertex 3.549476e+01 5.683162e+01 7.997056e+01
         vertex 3.528143e+01 5.739507e+01 8.037122e+01
      endloop
   endfacet
   facet normal 9.287308e-02 -5.534092e-01 8.277155e-01
      outer loop
         vertex 3.528143e+01 5.739507e+01 8.037122e+01
         vertex 3.549476e+01 5.683162e+01 7.997056e+01
         vertex 3.545402e+01 5.899382e+01 8.142078e+01
      endloop
   endfacet
   facet normal 0.000000e+00 -5.487939e-01 8.359577e-01
      outer loop
         vertex 3.528143e+01 5.739507e+01 8.037122e+01
         vertex 3.545402e+01 5.899382e+01 8.142078e+01
         vertex 2.728143e+01 5.739507e+01 8.037122e+01
      endloop
   endfacet
   facet normal -6.733125e-03 -5.245015e-01 8.513829e-01
      outer loop
         vertex 2.728143e+01 5.739507e+01 8.037122e+01
         vertex 3.545402e+01 5.899382e+01 8.142078e+01
         vertex 2.728143e+01 6.073691e+01 8.242999e+01
      endloop
   endfacet
   facet normal 1.179603e-01 5.662628e-01 8.157400e-01
      outer loop
         vertex 3.546312e+01 9.633087e+01 8.108368e+01
         vertex 3.550591e+01 9.846124e+01 7.959865e+01
         vertex 3.528143e+01 9.739507e+01 8.037122e+01
      endloop
   endfacet
   facet normal -4.546988e-02 5.924168e-01 8.043475e-01
      outer loop
         vertex 3.528143e+01 9.739507e+01 8.037122e+01
         vertex 3.550591e+01 9.846124e+01 7.959865e+01
         vertex 3.528143e+01 9.889252e+01 7.926832e+01
      endloop
   endfacet
   facet normal 0.000000e+00 5.563193e-01 8.309686e-01
      outer loop
         vertex 3.528143e+01 9.739507e+01 8.037122e+01
         vertex 2.728143e+01 9.739507e+01 8.037122e+01
         vertex 3.546312e+01 9.633087e+01 8.108368e+01
      endloop
   endfacet
   facet normal -5.916277e-03 5.245042e-01 8.513873e-01
      outer loop
         vertex 3.546312e+01 9.633087e+01 8.108368e+01
         vertex 2.728143e+01 9.739507e+01 8.037122e+01
         vertex 2.728143e+01 9.405323e+01 8.242999e+01
      endloop
   endfacet
   facet normal -5.955614e-03 5.246077e-01 8.513233e-01
      outer loop
         vertex 3.546312e+01 9.633087e+01 8.108368e+01
         vertex 2.728143e+01 9.405323e+01 8.242999e+01
         vertex 3.544409e+01 9.517054e+01 8.179858e+01
      endloop
   endfacet
   facet normal 3.471746e-08 4.919914e-01 8.706000e-01
      outer loop
         vertex 3.544409e+01 9.517054e+01 8.179858e+01
         vertex 2.728143e+01 9.405323e+01 8.242999e+01
         vertex 3.542803e+01 9.405324e+01 8.242998e+01
      endloop
   endfacet
   facet normal -2.278864e-06 6.080686e-01 7.938845e-01
      outer loop
         vertex 3.550591e+01 9.846124e+01 7.959865e+01
         vertex 3.551606e+01 9.889253e+01 7.926831e+01
         vertex 3.528143e+01 9.889252e+01 7.926832e+01
      endloop
   endfacet
   facet normal -4.807347e-06 6.370788e-01 7.707986e-01
      outer loop
         vertex 3.528143e+01 9.889252e+01 7.926832e+01
         vertex 3.551606e+01 9.889253e+01 7.926831e+01
         vertex 3.555862e+01 1.004740e+02 7.796123e+01
      endloop
   endfacet
   facet normal -3.671858e-01 6.299718e-01 6.843319e-01
      outer loop
         vertex 3.528143e+01 9.889252e+01 7.926832e+01
         vertex 3.555862e+01 1.004740e+02 7.796123e+01
         vertex 3.528143e+01 1.031454e+02 7.535326e+01
      endloop
   endfacet
   facet normal -1.608752e-01 6.808583e-01 7.145287e-01
      outer loop
         vertex 3.528143e+01 1.031454e+02 7.535326e+01
         vertex 3.555862e+01 1.004740e+02 7.796123e+01
         vertex 3.562353e+01 1.023656e+02 7.617331e+01
      endloop
   endfacet
   facet normal 2.780857e-06 7.246802e-01 6.890853e-01
      outer loop
         vertex 3.528143e+01 1.031454e+02 7.535326e+01
         vertex 3.562353e+01 1.023656e+02 7.617331e+01
         vertex 3.565618e+01 1.031455e+02 7.535321e+01
      endloop
   endfacet
   facet normal -3.544100e-06 7.499804e-01 6.614601e-01
      outer loop
         vertex 3.565618e+01 1.031455e+02 7.535321e+01
         vertex 3.570396e+01 1.041314e+02 7.423528e+01
         vertex 3.528143e+01 1.031454e+02 7.535326e+01
      endloop
   endfacet
   facet normal -1.690522e-01 7.700068e-01 6.152324e-01
      outer loop
         vertex 3.528143e+01 1.031454e+02 7.535326e+01
         vertex 3.570396e+01 1.041314e+02 7.423528e+01
         vertex 3.575743e+01 1.050622e+02 7.308500e+01
      endloop
   endfacet
   facet normal -2.434140e-01 7.654051e-01 5.957387e-01
      outer loop
         vertex 3.528143e+01 1.031454e+02 7.535326e+01
         vertex 3.575743e+01 1.050622e+02 7.308500e+01
         vertex 3.528143e+01 1.066959e+02 7.079159e+01
      endloop
   endfacet
   facet normal -1.530431e-02 8.128884e-01 5.822183e-01
      outer loop
         vertex 3.528143e+01 1.066959e+02 7.079159e+01
         vertex 3.575743e+01 1.050622e+02 7.308500e+01
         vertex 3.586774e+01 1.065713e+02 7.098102e+01
      endloop
   endfacet
   facet normal 2.061057e-06 8.353945e-01 5.496508e-01
      outer loop
         vertex 3.586774e+01 1.065713e+02 7.098102e+01
         vertex 3.587853e+01 1.066959e+02 7.079154e+01
         vertex 3.528143e+01 1.066959e+02 7.079159e+01
      endloop
   endfacet
   facet normal -1.204064e-06 8.551475e-01 5.183847e-01
      outer loop
         vertex 3.528143e+01 1.066959e+02 7.079159e+01
         vertex 3.587853e+01 1.066959e+02 7.079154e+01
         vertex 3.600278e+01 1.079204e+02 6.877154e+01
      endloop
   endfacet
   facet normal -1.581231e-01 8.684095e-01 4.699596e-01
      outer loop
         vertex 3.528143e+01 1.066959e+02 7.079159e+01
         vertex 3.600278e+01 1.079204e+02 6.877154e+01
         vertex 3.528143e+01 1.094471e+02 6.570774e+01
      endloop
   endfacet
   facet normal -4.615329e-02 8.897002e-01 4.542063e-01
      outer loop
         vertex 3.528143e+01 1.094471e+02 6.570774e+01
         vertex 3.600278e+01 1.079204e+02 6.877154e+01
         vertex 3.616174e+01 1.090819e+02 6.651265e+01
      endloop
   endfacet
   facet normal -3.295389e-06 9.106270e-01 4.132294e-01
      outer loop
         vertex 3.528143e+01 1.094471e+02 6.570774e+01
         vertex 3.616174e+01 1.090819e+02 6.651265e+01
         vertex 3.611638e+01 1.094471e+02 6.570789e+01
      endloop
   endfacet
   facet normal 2.789776e-06 9.233386e-01 3.839869e-01
      outer loop
         vertex 3.611638e+01 1.094471e+02 6.570789e+01
         vertex 3.605566e+01 1.099648e+02 6.446302e+01
         vertex 3.528143e+01 1.094471e+02 6.570774e+01
      endloop
   endfacet
   facet normal -8.353120e-02 9.374666e-01 3.379036e-01
      outer loop
         vertex 3.528143e+01 1.094471e+02 6.570774e+01
         vertex 3.605566e+01 1.099648e+02 6.446302e+01
         vertex 3.597405e+01 1.107168e+02 6.235646e+01
      endloop
   endfacet
   facet normal -1.606152e-01 9.335378e-01 3.204839e-01
      outer loop
         vertex 3.528143e+01 1.094471e+02 6.570774e+01
         vertex 3.597405e+01 1.107168e+02 6.235646e+01
         vertex 3.528143e+01 1.113241e+02 6.024040e+01
      endloop
   endfacet
   facet normal -5.022946e-06 9.612001e-01 2.758521e-01
      outer loop
         vertex 3.528143e+01 1.113241e+02 6.024040e+01
         vertex 3.597405e+01 1.107168e+02 6.235646e+01
         vertex 3.590789e+01 1.113241e+02 6.024046e+01
      endloop
   endfacet
   facet normal -8.929870e-07 9.714117e-01 2.374010e-01
      outer loop
         vertex 3.590789e+01 1.113241e+02 6.024046e+01
         vertex 3.589322e+01 1.114625e+02 5.967399e+01
         vertex 3.528143e+01 1.113241e+02 6.024040e+01
      endloop
   endfacet
   facet normal -4.728594e-02 9.809057e-01 1.886480e-01
      outer loop
         vertex 3.528143e+01 1.113241e+02 6.024040e+01
         vertex 3.589322e+01 1.114625e+02 5.967399e+01
         vertex 3.583283e+01 1.120191e+02 5.676484e+01
      endloop
   endfacet
   facet normal -2.015520e-01 9.661190e-01 1.612165e-01
      outer loop
         vertex 3.528143e+01 1.113241e+02 6.024040e+01
         vertex 3.583283e+01 1.120191e+02 5.676484e+01
         vertex 3.528143e+01 1.122755e+02 5.453868e+01
      endloop
   endfacet
   facet normal -4.467350e-06 9.934301e-01 1.144407e-01
      outer loop
         vertex 3.528143e+01 1.122755e+02 5.453868e+01
         vertex 3.583283e+01 1.120191e+02 5.676484e+01
         vertex 3.580034e+01 1.122755e+02 5.453870e+01
      endloop
   endfacet
   facet normal -2.829073e-06 9.973704e-01 7.247271e-02
      outer loop
         vertex 3.528143e+01 1.122755e+02 5.453868e+01
         vertex 3.580034e+01 1.122755e+02 5.453870e+01
         vertex 3.579199e+01 1.123270e+02 5.383090e+01
      endloop
   endfacet
   facet normal -7.229424e-06 9.986484e-01 -5.197408e-02
      outer loop
         vertex 3.575753e+01 1.122755e+02 4.875813e+01
         vertex 3.528143e+01 1.122755e+02 4.875813e+01
         vertex 3.576691e+01 1.123871e+02 5.090214e+01
      endloop
   endfacet
   facet normal 3.655383e-02 9.975172e-01 -6.019395e-02
      outer loop
         vertex 3.576691e+01 1.123871e+02 5.090214e+01
         vertex 3.528143e+01 1.122755e+02 4.875813e+01
         vertex 3.528143e+01 1.123700e+02 5.032340e+01
      endloop
   endfacet
   facet normal -6.026839e-02 9.979610e-01 2.101401e-02
      outer loop
         vertex 3.576691e+01 1.123871e+02 5.090214e+01
         vertex 3.528143e+01 1.123700e+02 5.032340e+01
         vertex 3.579199e+01 1.123270e+02 5.383090e+01
      endloop
   endfacet
   facet normal 8.639868e-02 9.962606e-01 -3.562906e-04
      outer loop
         vertex 3.579199e+01 1.123270e+02 5.383090e+01
         vertex 3.528143e+01 1.123700e+02 5.032340e+01
         vertex 3.528143e+01 1.123709e+02 5.294840e+01
      endloop
   endfacet
   facet normal -1.754412e-02 9.980521e-01 5.986861e-02
      outer loop
         vertex 3.579199e+01 1.123270e+02 5.383090e+01
         vertex 3.528143e+01 1.123709e+02 5.294840e+01
         vertex 3.528143e+01 1.122755e+02 5.453868e+01
      endloop
   endfacet
   facet normal -6.735978e-06 9.955984e-01 -9.372245e-02
      outer loop
         vertex 3.575753e+01 1.122755e+02 4.875813e+01
         vertex 3.575607e+01 1.122021e+02 4.797850e+01
         vertex 3.528143e+01 1.122755e+02 4.875813e+01
      endloop
   endfacet
   facet normal -8.786701e-02 9.853382e-01 -1.462463e-01
      outer loop
         vertex 3.528143e+01 1.122755e+02 4.875813e+01
         vertex 3.575607e+01 1.122021e+02 4.797850e+01
         vertex 3.576070e+01 1.117694e+02 4.506004e+01
      endloop
   endfacet
   facet normal -2.226295e-01 9.616068e-01 -1.604636e-01
      outer loop
         vertex 3.528143e+01 1.122755e+02 4.875813e+01
         vertex 3.576070e+01 1.117694e+02 4.506004e+01
         vertex 3.528143e+01 1.113241e+02 4.305641e+01
      endloop
   endfacet
   facet normal 8.191770e-07 9.761813e-01 -2.169564e-01
      outer loop
         vertex 3.528143e+01 1.113241e+02 4.305641e+01
         vertex 3.576070e+01 1.117694e+02 4.506004e+01
         vertex 3.577419e+01 1.113241e+02 4.305640e+01
      endloop
   endfacet
   facet normal -4.946183e-07 9.661718e-01 -2.578992e-01
      outer loop
         vertex 3.577419e+01 1.113241e+02 4.305640e+01
         vertex 3.578303e+01 1.110925e+02 4.218891e+01
         vertex 3.528143e+01 1.113241e+02 4.305641e+01
      endloop
   endfacet
   facet normal -9.988886e-02 9.454351e-01 -3.101204e-01
      outer loop
         vertex 3.528143e+01 1.113241e+02 4.305641e+01
         vertex 3.578303e+01 1.110925e+02 4.218891e+01
         vertex 3.582490e+01 1.101837e+02 3.940483e+01
      endloop
   endfacet
   facet normal -1.933261e-01 9.279740e-01 -3.185739e-01
      outer loop
         vertex 3.528143e+01 1.113241e+02 4.305641e+01
         vertex 3.582490e+01 1.101837e+02 3.940483e+01
         vertex 3.528143e+01 1.094471e+02 3.758906e+01
      endloop
   endfacet
   facet normal 3.698907e-06 9.266582e-01 -3.759050e-01
      outer loop
         vertex 3.582490e+01 1.101837e+02 3.940483e+01
         vertex 3.586477e+01 1.094471e+02 3.758902e+01
         vertex 3.528143e+01 1.094471e+02 3.758906e+01
      endloop
   endfacet
   facet normal -1.865553e-07 9.101239e-01 -4.143363e-01
      outer loop
         vertex 3.528143e+01 1.094471e+02 3.758906e+01
         vertex 3.586477e+01 1.094471e+02 3.758902e+01
         vertex 3.588819e+01 1.090455e+02 3.670688e+01
      endloop
   endfacet
   facet normal -1.092074e-01 8.742137e-01 -4.731007e-01
      outer loop
         vertex 3.528143e+01 1.094471e+02 3.758906e+01
         vertex 3.588819e+01 1.090455e+02 3.670688e+01
         vertex 3.528143e+01 1.066959e+02 3.250522e+01
      endloop
   endfacet
   facet normal -1.719887e-01 8.701654e-01 -4.617705e-01
      outer loop
         vertex 3.528143e+01 1.066959e+02 3.250522e+01
         vertex 3.588819e+01 1.090455e+02 3.670688e+01
         vertex 3.597362e+01 1.076905e+02 3.412171e+01
      endloop
   endfacet
   facet normal -2.642687e-05 8.516938e-01 -5.240398e-01
      outer loop
         vertex 3.528143e+01 1.066959e+02 3.250522e+01
         vertex 3.597362e+01 1.076905e+02 3.412171e+01
         vertex 3.584610e+01 1.066962e+02 3.250566e+01
      endloop
   endfacet
   facet normal 1.556503e-05 8.270816e-01 -5.620818e-01
      outer loop
         vertex 3.584610e+01 1.066962e+02 3.250566e+01
         vertex 3.577452e+01 1.059801e+02 3.145201e+01
         vertex 3.528143e+01 1.066959e+02 3.250522e+01
      endloop
   endfacet
   facet normal -1.142625e-01 7.959767e-01 -5.944453e-01
      outer loop
         vertex 3.528143e+01 1.066959e+02 3.250522e+01
         vertex 3.577452e+01 1.059801e+02 3.145201e+01
         vertex 3.567073e+01 1.046417e+02 2.967970e+01
      endloop
   endfacet
   facet normal -2.818917e-01 7.571379e-01 -5.893041e-01
      outer loop
         vertex 3.528143e+01 1.066959e+02 3.250522e+01
         vertex 3.567073e+01 1.046417e+02 2.967970e+01
         vertex 3.528143e+01 1.031454e+02 2.794355e+01
      endloop
   endfacet
   facet normal -9.169540e-03 7.584891e-01 -6.516212e-01
      outer loop
         vertex 3.528143e+01 1.031454e+02 2.794355e+01
         vertex 3.567073e+01 1.046417e+02 2.967970e+01
         vertex 3.558826e+01 1.032029e+02 2.800619e+01
      endloop
   endfacet
   facet normal -1.105964e-06 7.365502e-01 -6.763829e-01
      outer loop
         vertex 3.528143e+01 1.031454e+02 2.794355e+01
         vertex 3.558826e+01 1.032029e+02 2.800619e+01
         vertex 3.558543e+01 1.031454e+02 2.794356e+01
      endloop
   endfacet
   facet normal -2.883934e-07 7.149079e-01 -6.992186e-01
      outer loop
         vertex 3.558543e+01 1.031454e+02 2.794356e+01
         vertex 3.552167e+01 1.016654e+02 2.643033e+01
         vertex 3.528143e+01 1.031454e+02 2.794355e+01
      endloop
   endfacet
   facet normal -4.077859e-01 6.195646e-01 -6.707089e-01
      outer loop
         vertex 3.528143e+01 1.031454e+02 2.794355e+01
         vertex 3.552167e+01 1.016654e+02 2.643033e+01
         vertex 3.546718e+01 1.000293e+02 2.495210e+01
      endloop
   endfacet
   facet normal -4.375324e-01 6.090133e-01 -6.615649e-01
      outer loop
         vertex 3.528143e+01 1.031454e+02 2.794355e+01
         vertex 3.546718e+01 1.000293e+02 2.495210e+01
         vertex 3.528143e+01 9.889252e+01 2.402849e+01
      endloop
   endfacet
   facet normal -4.661879e-06 6.305898e-01 -7.761163e-01
      outer loop
         vertex 3.528143e+01 9.889252e+01 2.402849e+01
         vertex 3.546718e+01 1.000293e+02 2.495210e+01
         vertex 3.543646e+01 9.889253e+01 2.402850e+01
      endloop
   endfacet
   facet normal -8.571267e-07 6.056920e-01 -7.956992e-01
      outer loop
         vertex 3.528143e+01 9.889252e+01 2.402849e+01
         vertex 3.543646e+01 9.889253e+01 2.402850e+01
         vertex 3.542214e+01 9.829359e+01 2.357258e+01
      endloop
   endfacet
   facet normal -1.437940e-07 3.123763e-01 9.499584e-01
      outer loop
         vertex 3.128143e+01 8.789507e+01 8.503628e+01
         vertex 3.537421e+01 8.875956e+01 8.475201e+01
         vertex 2.728143e+01 8.875955e+01 8.475201e+01
      endloop
   endfacet
   facet normal -1.608480e-07 3.494243e-01 9.369646e-01
      outer loop
         vertex 2.728143e+01 8.875955e+01 8.475201e+01
         vertex 3.537421e+01 8.875956e+01 8.475201e+01
         vertex 3.538828e+01 9.048182e+01 8.410972e+01
      endloop
   endfacet
   facet normal -1.278284e-02 4.016625e-01 9.156985e-01
      outer loop
         vertex 2.728143e+01 8.875955e+01 8.475201e+01
         vertex 3.538828e+01 9.048182e+01 8.410972e+01
         vertex 2.728143e+01 9.405323e+01 8.242999e+01
      endloop
   endfacet
   facet normal -9.294372e-03 4.082323e-01 9.128307e-01
      outer loop
         vertex 2.728143e+01 9.405323e+01 8.242999e+01
         vertex 3.538828e+01 9.048182e+01 8.410972e+01
         vertex 3.541298e+01 9.286040e+01 8.304624e+01
      endloop
   endfacet
   facet normal 8.467967e-08 4.589920e-01 8.884404e-01
      outer loop
         vertex 2.728143e+01 9.405323e+01 8.242999e+01
         vertex 3.541298e+01 9.286040e+01 8.304624e+01
         vertex 3.542803e+01 9.405324e+01 8.242998e+01
      endloop
   endfacet
   facet normal -2.271644e-02 -8.170623e-02 9.963975e-01
      outer loop
         vertex 2.978143e+01 7.249315e+01 8.630344e+01
         vertex 3.050505e+01 7.279287e+01 8.634451e+01
         vertex 2.728143e+01 7.739507e+01 8.664840e+01
      endloop
   endfacet
   facet normal -7.827784e-03 -7.134503e-02 9.974210e-01
      outer loop
         vertex 2.728143e+01 7.739507e+01 8.664840e+01
         vertex 3.050505e+01 7.279287e+01 8.634451e+01
         vertex 3.128143e+01 7.289507e+01 8.635791e+01
      endloop
   endfacet
   facet normal 5.755269e-10 -6.441941e-02 9.979229e-01
      outer loop
         vertex 2.728143e+01 7.739507e+01 8.664840e+01
         vertex 3.128143e+01 7.289507e+01 8.635791e+01
         vertex 3.533590e+01 7.739507e+01 8.664840e+01
      endloop
   endfacet
   facet normal 7.814771e-03 -7.142768e-02 9.974152e-01
      outer loop
         vertex 3.533590e+01 7.739507e+01 8.664840e+01
         vertex 3.128143e+01 7.289507e+01 8.635791e+01
         vertex 3.205760e+01 7.279293e+01 8.634452e+01
      endloop
   endfacet
   facet normal 2.262755e-02 -8.191127e-02 9.963827e-01
      outer loop
         vertex 3.533590e+01 7.739507e+01 8.664840e+01
         vertex 3.205760e+01 7.279293e+01 8.634452e+01
         vertex 3.278143e+01 7.249315e+01 8.630344e+01
      endloop
   endfacet
   facet normal -1.360869e-07 -1.577612e-01 9.874773e-01
      outer loop
         vertex 3.330186e+01 7.211269e+01 8.624749e+01
         vertex 3.372586e+01 7.163426e+01 8.617105e+01
         vertex 3.534533e+01 7.163426e+01 8.617105e+01
      endloop
   endfacet
   facet normal 1.207195e-03 -1.527307e-01 9.882671e-01
      outer loop
         vertex 3.534533e+01 7.163426e+01 8.617105e+01
         vertex 3.534277e+01 7.246538e+01 8.629950e+01
         vertex 3.330186e+01 7.211269e+01 8.624749e+01
      endloop
   endfacet
   facet normal -4.318167e-03 -1.213951e-01 9.925949e-01
      outer loop
         vertex 3.330186e+01 7.211269e+01 8.624749e+01
         vertex 3.534277e+01 7.246538e+01 8.629950e+01
         vertex 3.533942e+01 7.382926e+01 8.646629e+01
      endloop
   endfacet
   facet normal 7.599660e-03 -1.353095e-01 9.907742e-01
      outer loop
         vertex 3.330186e+01 7.211269e+01 8.624749e+01
         vertex 3.533942e+01 7.382926e+01 8.646629e+01
         vertex 3.278143e+01 7.249315e+01 8.630344e+01
      endloop
   endfacet
   facet normal -2.960565e-02 -6.489373e-02 9.974529e-01
      outer loop
         vertex 3.278143e+01 7.249315e+01 8.630344e+01
         vertex 3.533942e+01 7.382926e+01 8.646629e+01
         vertex 3.533614e+01 7.642210e+01 8.663488e+01
      endloop
   endfacet
   facet normal -1.076750e-01 -1.384725e-02 9.940897e-01
      outer loop
         vertex 3.278143e+01 7.249315e+01 8.630344e+01
         vertex 3.533614e+01 7.642210e+01 8.663488e+01
         vertex 3.533590e+01 7.739507e+01 8.664840e+01
      endloop
   endfacet
   facet normal -1.449426e-07 -1.680273e-01 9.857823e-01
      outer loop
         vertex 3.372586e+01 7.163426e+01 8.617105e+01
         vertex 3.387996e+01 7.139429e+01 8.613015e+01
         vertex 3.534533e+01 7.163426e+01 8.617105e+01
      endloop
   endfacet
   facet normal 2.178066e-03 -1.809380e-01 9.834921e-01
      outer loop
         vertex 3.534533e+01 7.163426e+01 8.617105e+01
         vertex 3.387996e+01 7.139429e+01 8.613015e+01
         vertex 3.417968e+01 7.066976e+01 8.599619e+01
      endloop
   endfacet
   facet normal 9.642820e-03 -1.896535e-01 9.818037e-01
      outer loop
         vertex 3.534533e+01 7.163426e+01 8.617105e+01
         vertex 3.417968e+01 7.066976e+01 8.599619e+01
         vertex 3.535206e+01 6.988133e+01 8.583237e+01
      endloop
   endfacet
   facet normal 1.508148e-04 -2.032133e-01 9.791345e-01
      outer loop
         vertex 3.535206e+01 6.988133e+01 8.583237e+01
         vertex 3.417968e+01 7.066976e+01 8.599619e+01
         vertex 3.428143e+01 6.989507e+01 8.583539e+01
      endloop
   endfacet
   facet normal -4.925586e-04 -2.508883e-01 9.680159e-01
      outer loop
         vertex 3.535206e+01 6.988133e+01 8.583237e+01
         vertex 3.428143e+01 6.989507e+01 8.583539e+01
         vertex 3.536524e+01 6.735903e+01 8.517865e+01
      endloop
   endfacet
   facet normal 4.797969e-02 -2.311367e-01 9.717375e-01
      outer loop
         vertex 3.428143e+01 6.989507e+01 8.583539e+01
         vertex 3.417904e+01 6.911798e+01 8.565561e+01
         vertex 3.536524e+01 6.735903e+01 8.517865e+01
      endloop
   endfacet
   facet normal 1.461373e-02 -2.524864e-01 9.674901e-01
      outer loop
         vertex 3.536524e+01 6.735903e+01 8.517865e+01
         vertex 3.417904e+01 6.911798e+01 8.565561e+01
         vertex 3.387951e+01 6.839507e+01 8.547147e+01
      endloop
   endfacet
   facet normal -2.569334e-02 -3.058364e-01 9.517373e-01
      outer loop
         vertex 3.536524e+01 6.735903e+01 8.517865e+01
         vertex 3.387951e+01 6.839507e+01 8.547147e+01
         vertex 3.537421e+01 6.603058e+01 8.475201e+01
      endloop
   endfacet
   facet normal 1.945047e-02 -2.797733e-01 9.598690e-01
      outer loop
         vertex 3.537421e+01 6.603058e+01 8.475201e+01
         vertex 3.387951e+01 6.839507e+01 8.547147e+01
         vertex 3.340499e+01 6.777599e+01 8.530065e+01
      endloop
   endfacet
   facet normal 8.174190e-03 -2.914523e-01 9.565504e-01
      outer loop
         vertex 3.537421e+01 6.603058e+01 8.475201e+01
         vertex 3.340499e+01 6.777599e+01 8.530065e+01
         vertex 3.278143e+01 6.729699e+01 8.516003e+01
      endloop
   endfacet
   facet normal 3.416321e-03 -3.003178e-01 9.538331e-01
      outer loop
         vertex 3.278143e+01 6.729699e+01 8.516003e+01
         vertex 3.206026e+01 6.699793e+01 8.506845e+01
         vertex 3.537421e+01 6.603058e+01 8.475201e+01
      endloop
   endfacet
   facet normal 1.241530e-03 -3.070663e-01 9.516873e-01
      outer loop
         vertex 3.537421e+01 6.603058e+01 8.475201e+01
         vertex 3.206026e+01 6.699793e+01 8.506845e+01
         vertex 3.128143e+01 6.689507e+01 8.503628e+01
      endloop
   endfacet
   facet normal -1.437940e-07 -3.123763e-01 9.499584e-01
      outer loop
         vertex 3.537421e+01 6.603058e+01 8.475201e+01
         vertex 3.128143e+01 6.689507e+01 8.503628e+01
         vertex 2.728143e+01 6.603059e+01 8.475201e+01
      endloop
   endfacet
   facet normal -1.254132e-03 -3.071353e-01 9.516650e-01
      outer loop
         vertex 3.128143e+01 6.689507e+01 8.503628e+01
         vertex 3.050162e+01 6.699819e+01 8.506853e+01
         vertex 2.728143e+01 6.603059e+01 8.475201e+01
      endloop
   endfacet
   facet normal -3.475066e-03 -3.004405e-01 9.537942e-01
      outer loop
         vertex 2.728143e+01 6.603059e+01 8.475201e+01
         vertex 3.050162e+01 6.699819e+01 8.506853e+01
         vertex 2.978143e+01 6.729699e+01 8.516003e+01
      endloop
   endfacet
   facet normal -8.351535e-03 -2.916791e-01 9.564798e-01
      outer loop
         vertex 2.728143e+01 6.603059e+01 8.475201e+01
         vertex 2.978143e+01 6.729699e+01 8.516003e+01
         vertex 2.915869e+01 6.777517e+01 8.530041e+01
      endloop
   endfacet
   facet normal -1.999560e-02 -2.801747e-01 9.597408e-01
      outer loop
         vertex 2.915869e+01 6.777517e+01 8.530041e+01
         vertex 2.868335e+01 6.839507e+01 8.547147e+01
         vertex 2.728143e+01 6.603059e+01 8.475201e+01
      endloop
   endfacet
   facet normal -4.742245e-02 -2.649350e-01 9.630995e-01
      outer loop
         vertex 2.728143e+01 6.603059e+01 8.475201e+01
         vertex 2.868335e+01 6.839507e+01 8.547147e+01
         vertex 2.838355e+01 6.911898e+01 8.565585e+01
      endloop
   endfacet
   facet normal -1.064831e-01 -2.440897e-01 9.638888e-01
      outer loop
         vertex 2.728143e+01 6.603059e+01 8.475201e+01
         vertex 2.838355e+01 6.911898e+01 8.565585e+01
         vertex 2.728143e+01 7.163426e+01 8.617105e+01
      endloop
   endfacet
   facet normal -8.373970e-02 -2.350423e-01 9.683712e-01
      outer loop
         vertex 2.728143e+01 7.163426e+01 8.617105e+01
         vertex 2.838355e+01 6.911898e+01 8.565585e+01
         vertex 2.828143e+01 6.989507e+01 8.583539e+01
      endloop
   endfacet
   facet normal -2.014401e-02 -2.006167e-01 9.794627e-01
      outer loop
         vertex 2.728143e+01 7.163426e+01 8.617105e+01
         vertex 2.828143e+01 6.989507e+01 8.583539e+01
         vertex 2.838374e+01 7.067184e+01 8.599659e+01
      endloop
   endfacet
   facet normal -2.259492e-03 -1.808654e-01 9.835053e-01
      outer loop
         vertex 2.838374e+01 7.067184e+01 8.599659e+01
         vertex 2.868335e+01 7.139507e+01 8.613028e+01
         vertex 2.728143e+01 7.163426e+01 8.617105e+01
      endloop
   endfacet
   facet normal 4.372115e-05 -1.677617e-01 9.858276e-01
      outer loop
         vertex 2.728143e+01 7.163426e+01 8.617105e+01
         vertex 2.868335e+01 7.139507e+01 8.613028e+01
         vertex 2.885109e+01 7.165389e+01 8.617432e+01
      endloop
   endfacet
   facet normal -1.043947e-03 -8.257940e-02 9.965839e-01
      outer loop
         vertex 2.728143e+01 7.163426e+01 8.617105e+01
         vertex 2.885109e+01 7.165389e+01 8.617432e+01
         vertex 2.728143e+01 7.739507e+01 8.664840e+01
      endloop
   endfacet
   facet normal -6.541611e-02 -9.987045e-02 9.928477e-01
      outer loop
         vertex 2.728143e+01 7.739507e+01 8.664840e+01
         vertex 2.885109e+01 7.165389e+01 8.617432e+01
         vertex 2.926132e+01 7.211299e+01 8.624753e+01
      endloop
   endfacet
   facet normal -4.062694e-02 -9.074547e-02 9.950451e-01
      outer loop
         vertex 2.728143e+01 7.739507e+01 8.664840e+01
         vertex 2.926132e+01 7.211299e+01 8.624753e+01
         vertex 2.978143e+01 7.249315e+01 8.630344e+01
      endloop
   endfacet
   facet normal -2.420434e-08 -4.682607e-01 8.835904e-01
      outer loop
         vertex 3.542803e+01 6.073690e+01 8.242998e+01
         vertex 3.542098e+01 6.127619e+01 8.271578e+01
         vertex 2.728143e+01 6.073691e+01 8.242999e+01
      endloop
   endfacet
   facet normal -2.126410e-03 -4.430142e-01 8.965121e-01
      outer loop
         vertex 2.728143e+01 6.073691e+01 8.242999e+01
         vertex 3.542098e+01 6.127619e+01 8.271578e+01
         vertex 3.540634e+01 6.251029e+01 8.332558e+01
      endloop
   endfacet
   facet normal -1.326684e-02 -4.016600e-01 9.156928e-01
      outer loop
         vertex 2.728143e+01 6.073691e+01 8.242999e+01
         vertex 3.540634e+01 6.251029e+01 8.332558e+01
         vertex 2.728143e+01 6.603059e+01 8.475201e+01
      endloop
   endfacet
   facet normal -8.058253e-03 -3.914503e-01 9.201640e-01
      outer loop
         vertex 2.728143e+01 6.603059e+01 8.475201e+01
         vertex 3.540634e+01 6.251029e+01 8.332558e+01
         vertex 3.538311e+01 6.490098e+01 8.434241e+01
      endloop
   endfacet
   facet normal -1.569183e-07 -3.408873e-01 9.401042e-01
      outer loop
         vertex 2.728143e+01 6.603059e+01 8.475201e+01
         vertex 3.538311e+01 6.490098e+01 8.434241e+01
         vertex 3.537421e+01 6.603058e+01 8.475201e+01
      endloop
   endfacet
   facet normal -8.987097e-05 -4.475335e-01 -8.942672e-01
      outer loop
         vertex 3.532350e+01 6.272125e+01 1.987296e+01
         vertex 3.534695e+01 6.075705e+01 2.085593e+01
         vertex 2.728143e+01 6.073691e+01 2.086682e+01
      endloop
   endfacet
   facet normal 0.000000e+00 -4.756225e-01 -8.796495e-01
      outer loop
         vertex 2.728143e+01 6.073691e+01 2.086682e+01
         vertex 3.534695e+01 6.075705e+01 2.085593e+01
         vertex 3.534722e+01 6.073691e+01 2.086682e+01
      endloop
   endfacet
   facet normal 0.000000e+00 -5.029166e-01 -8.643349e-01
      outer loop
         vertex 2.728143e+01 6.073691e+01 2.086682e+01
         vertex 3.534722e+01 6.073691e+01 2.086682e+01
         vertex 3.537540e+01 5.886592e+01 2.195546e+01
      endloop
   endfacet
   facet normal -1.250170e-03 -3.071518e-01 -9.516597e-01
      outer loop
         vertex 3.050342e+01 6.699771e+01 1.822843e+01
         vertex 3.128143e+01 6.689507e+01 1.826053e+01
         vertex 2.728143e+01 6.603059e+01 1.854480e+01
      endloop
   endfacet
   facet normal -2.001319e-02 -2.801650e-01 -9.597432e-01
      outer loop
         vertex 2.868335e+01 6.839507e+01 1.782534e+01
         vertex 2.915769e+01 6.777617e+01 1.799611e+01
         vertex 2.728143e+01 6.603059e+01 1.854480e+01
      endloop
   endfacet
   facet normal -8.357500e-03 -2.916684e-01 -9.564830e-01
      outer loop
         vertex 2.728143e+01 6.603059e+01 1.854480e+01
         vertex 2.915769e+01 6.777617e+01 1.799611e+01
         vertex 2.978143e+01 6.729699e+01 1.813678e+01
      endloop
   endfacet
   facet normal -3.473069e-03 -3.004441e-01 -9.537931e-01
      outer loop
         vertex 2.728143e+01 6.603059e+01 1.854480e+01
         vertex 2.978143e+01 6.729699e+01 1.813678e+01
         vertex 3.050342e+01 6.699771e+01 1.822843e+01
      endloop
   endfacet
   facet normal -2.265982e-03 -1.809023e-01 -9.834985e-01
      outer loop
         vertex 2.868335e+01 7.139507e+01 1.716653e+01
         vertex 2.838304e+01 7.066926e+01 1.730072e+01
         vertex 2.728143e+01 7.163426e+01 1.712576e+01
      endloop
   endfacet
   facet normal -2.020929e-02 -2.006525e-01 -9.794540e-01
      outer loop
         vertex 2.728143e+01 7.163426e+01 1.712576e+01
         vertex 2.838304e+01 7.066926e+01 1.730072e+01
         vertex 2.828143e+01 6.989507e+01 1.746142e+01
      endloop
   endfacet
   facet normal -1.010371e-01 -2.442291e-01 -9.644396e-01
      outer loop
         vertex 2.728143e+01 7.163426e+01 1.712576e+01
         vertex 2.828143e+01 6.989507e+01 1.746142e+01
         vertex 2.728143e+01 6.603059e+01 1.854480e+01
      endloop
   endfacet
   facet normal -1.208027e-01 -2.388544e-01 -9.635120e-01
      outer loop
         vertex 2.728143e+01 6.603059e+01 1.854480e+01
         vertex 2.828143e+01 6.989507e+01 1.746142e+01
         vertex 2.838402e+01 6.911726e+01 1.764138e+01
      endloop
   endfacet
   facet normal -4.737661e-02 -2.649607e-01 -9.630946e-01
      outer loop
         vertex 2.728143e+01 6.603059e+01 1.854480e+01
         vertex 2.838402e+01 6.911726e+01 1.764138e+01
         vertex 2.868335e+01 6.839507e+01 1.782534e+01
      endloop
   endfacet
   facet normal -1.741267e-02 -3.904473e-01 -9.204606e-01
      outer loop
         vertex 3.532350e+01 6.272125e+01 1.987296e+01
         vertex 2.728143e+01 6.073691e+01 2.086682e+01
         vertex 3.530423e+01 6.475681e+01 1.900987e+01
      endloop
   endfacet
   facet normal -1.069121e-02 -4.016724e-01 -9.157210e-01
      outer loop
         vertex 3.530423e+01 6.475681e+01 1.900987e+01
         vertex 2.728143e+01 6.073691e+01 2.086682e+01
         vertex 2.728143e+01 6.603059e+01 1.854480e+01
      endloop
   endfacet
   facet normal -1.195853e-07 -3.429624e-01 -9.393491e-01
      outer loop
         vertex 3.530423e+01 6.475681e+01 1.900987e+01
         vertex 2.728143e+01 6.603059e+01 1.854480e+01
         vertex 3.529433e+01 6.603059e+01 1.854480e+01
      endloop
   endfacet
   facet normal -1.089205e-07 -3.123765e-01 -9.499584e-01
      outer loop
         vertex 3.529433e+01 6.603059e+01 1.854480e+01
         vertex 2.728143e+01 6.603059e+01 1.854480e+01
         vertex 3.128143e+01 6.689507e+01 1.826053e+01
      endloop
   endfacet
   facet normal 1.248266e-03 -3.071421e-01 -9.516629e-01
      outer loop
         vertex 3.529433e+01 6.603059e+01 1.854480e+01
         vertex 3.128143e+01 6.689507e+01 1.826053e+01
         vertex 3.205960e+01 6.699775e+01 1.822841e+01
      endloop
   endfacet
   facet normal 3.465720e-03 -3.004246e-01 -9.537993e-01
      outer loop
         vertex 3.205960e+01 6.699775e+01 1.822841e+01
         vertex 3.278143e+01 6.729699e+01 1.813678e+01
         vertex 3.529433e+01 6.603059e+01 1.854480e+01
      endloop
   endfacet
   facet normal 8.330461e-03 -2.916392e-01 -9.564921e-01
      outer loop
         vertex 3.529433e+01 6.603059e+01 1.854480e+01
         vertex 3.278143e+01 6.729699e+01 1.813678e+01
         vertex 3.340509e+01 6.777609e+01 1.799613e+01
      endloop
   endfacet
   facet normal -1.371818e-02 -3.133208e-01 -9.495483e-01
      outer loop
         vertex 3.529433e+01 6.603059e+01 1.854480e+01
         vertex 3.340509e+01 6.777609e+01 1.799613e+01
         vertex 3.528887e+01 6.683231e+01 1.828033e+01
      endloop
   endfacet
   facet normal 8.776561e-03 -2.722291e-01 -9.621924e-01
      outer loop
         vertex 3.528887e+01 6.683231e+01 1.828033e+01
         vertex 3.340509e+01 6.777609e+01 1.799613e+01
         vertex 3.387951e+01 6.839507e+01 1.782534e+01
      endloop
   endfacet
   facet normal 9.317728e-03 -2.717768e-01 -9.623152e-01
      outer loop
         vertex 3.528887e+01 6.683231e+01 1.828033e+01
         vertex 3.387951e+01 6.839507e+01 1.782534e+01
         vertex 3.527702e+01 6.893855e+01 1.768538e+01
      endloop
   endfacet
   facet normal -1.245748e-03 -2.463799e-01 -9.691725e-01
      outer loop
         vertex 3.387951e+01 6.839507e+01 1.782534e+01
         vertex 3.417838e+01 6.911553e+01 1.764180e+01
         vertex 3.527702e+01 6.893855e+01 1.768538e+01
      endloop
   endfacet
   facet normal 2.281173e-03 -2.257208e-01 -9.741894e-01
      outer loop
         vertex 3.527702e+01 6.893855e+01 1.768538e+01
         vertex 3.417838e+01 6.911553e+01 1.764180e+01
         vertex 3.428143e+01 6.989507e+01 1.746142e+01
      endloop
   endfacet
   facet normal 1.703503e-02 -2.110965e-01 -9.773168e-01
      outer loop
         vertex 3.527702e+01 6.893855e+01 1.768538e+01
         vertex 3.428143e+01 6.989507e+01 1.746142e+01
         vertex 3.526819e+01 7.107523e+01 1.722371e+01
      endloop
   endfacet
   facet normal 6.240029e-03 -2.024640e-01 -9.792698e-01
      outer loop
         vertex 3.526819e+01 7.107523e+01 1.722371e+01
         vertex 3.428143e+01 6.989507e+01 1.746142e+01
         vertex 3.418005e+01 7.066839e+01 1.730089e+01
      endloop
   endfacet
   facet normal -5.330862e-03 -1.725992e-01 -9.849777e-01
      outer loop
         vertex 3.526819e+01 7.107523e+01 1.722371e+01
         vertex 3.418005e+01 7.066839e+01 1.730089e+01
         vertex 3.526633e+01 7.163426e+01 1.712576e+01
      endloop
   endfacet
   facet normal 2.277094e-02 -8.162272e-02 -9.964031e-01
      outer loop
         vertex 3.278143e+01 7.249315e+01 1.699337e+01
         vertex 3.205921e+01 7.279249e+01 1.695235e+01
         vertex 3.525738e+01 7.739507e+01 1.664840e+01
      endloop
   endfacet
   facet normal 4.070329e-02 -9.058555e-02 -9.950565e-01
      outer loop
         vertex 3.278143e+01 7.249315e+01 1.699337e+01
         vertex 3.525738e+01 7.739507e+01 1.664840e+01
         vertex 3.330030e+01 7.211411e+01 1.704910e+01
      endloop
   endfacet
   facet normal 2.297536e-03 -1.809102e-01 -9.834969e-01
      outer loop
         vertex 3.418005e+01 7.066839e+01 1.730089e+01
         vertex 3.387996e+01 7.139428e+01 1.716666e+01
         vertex 3.526633e+01 7.163426e+01 1.712576e+01
      endloop
   endfacet
   facet normal -5.079164e-08 -1.680263e-01 -9.857825e-01
      outer loop
         vertex 3.526633e+01 7.163426e+01 1.712576e+01
         vertex 3.387996e+01 7.139428e+01 1.716666e+01
         vertex 3.372586e+01 7.163426e+01 1.712576e+01
      endloop
   endfacet
   facet normal -4.282120e-08 -1.416589e-01 -9.899155e-01
      outer loop
         vertex 3.526633e+01 7.163426e+01 1.712576e+01
         vertex 3.372586e+01 7.163426e+01 1.712576e+01
         vertex 3.526198e+01 7.324241e+01 1.689563e+01
      endloop
   endfacet
   facet normal 8.933708e-03 -1.500105e-01 -9.886440e-01
      outer loop
         vertex 3.526198e+01 7.324241e+01 1.689563e+01
         vertex 3.372586e+01 7.163426e+01 1.712576e+01
         vertex 3.330030e+01 7.211411e+01 1.704910e+01
      endloop
   endfacet
   facet normal -2.769414e-02 -8.730185e-02 -9.957969e-01
      outer loop
         vertex 3.526198e+01 7.324241e+01 1.689563e+01
         vertex 3.330030e+01 7.211411e+01 1.704910e+01
         vertex 3.525836e+01 7.544052e+01 1.670302e+01
      endloop
   endfacet
   facet normal -1.280534e-01 -2.776659e-02 -9.913785e-01
      outer loop
         vertex 3.525836e+01 7.544052e+01 1.670302e+01
         vertex 3.330030e+01 7.211411e+01 1.704910e+01
         vertex 3.525738e+01 7.739507e+01 1.664840e+01
      endloop
   endfacet
   facet normal -7.834219e-03 -7.135072e-02 -9.974205e-01
      outer loop
         vertex 3.128143e+01 7.289507e+01 1.693889e+01
         vertex 3.050429e+01 7.279266e+01 1.695232e+01
         vertex 2.728143e+01 7.739507e+01 1.664840e+01
      endloop
   endfacet
   facet normal -2.272537e-02 -8.171074e-02 -9.963970e-01
      outer loop
         vertex 3.050429e+01 7.279266e+01 1.695232e+01
         vertex 2.978143e+01 7.249315e+01 1.699337e+01
         vertex 2.728143e+01 7.739507e+01 1.664840e+01
      endloop
   endfacet
   facet normal -4.058605e-02 -9.072487e-02 -9.950486e-01
      outer loop
         vertex 2.728143e+01 7.739507e+01 1.664840e+01
         vertex 2.978143e+01 7.249315e+01 1.699337e+01
         vertex 2.926322e+01 7.211471e+01 1.704901e+01
      endloop
   endfacet
   facet normal -1.856939e-02 -8.256521e-02 -9.964126e-01
      outer loop
         vertex 2.728143e+01 7.739507e+01 1.664840e+01
         vertex 2.926322e+01 7.211471e+01 1.704901e+01
         vertex 2.728143e+01 7.163426e+01 1.712576e+01
      endloop
   endfacet
   facet normal -8.950385e-05 -1.573740e-01 -9.875391e-01
      outer loop
         vertex 2.728143e+01 7.163426e+01 1.712576e+01
         vertex 2.926322e+01 7.211471e+01 1.704901e+01
         vertex 2.885116e+01 7.165398e+01 1.712247e+01
      endloop
   endfacet
   facet normal 4.455171e-05 -1.677570e-01 -9.858284e-01
      outer loop
         vertex 2.728143e+01 7.163426e+01 1.712576e+01
         vertex 2.885116e+01 7.165398e+01 1.712247e+01
         vertex 2.868335e+01 7.139507e+01 1.716653e+01
      endloop
   endfacet
   facet normal -2.271386e-02 8.170492e-02 -9.963977e-01
      outer loop
         vertex 2.978143e+01 8.229699e+01 1.699337e+01
         vertex 3.050526e+01 8.199721e+01 1.695229e+01
         vertex 2.728143e+01 7.739507e+01 1.664840e+01
      endloop
   endfacet
   facet normal 4.787427e-10 6.588809e-02 -9.978270e-01
      outer loop
         vertex 2.728143e+01 7.739507e+01 1.664840e+01
         vertex 3.050526e+01 8.199721e+01 1.695229e+01
         vertex 3.525738e+01 7.739507e+01 1.664840e+01
      endloop
   endfacet
   facet normal -4.680713e-10 -6.441941e-02 -9.979229e-01
      outer loop
         vertex 2.728143e+01 7.739507e+01 1.664840e+01
         vertex 3.525738e+01 7.739507e+01 1.664840e+01
         vertex 3.128143e+01 7.289507e+01 1.693889e+01
      endloop
   endfacet
   facet normal 7.844964e-03 -7.131850e-02 -9.974227e-01
      outer loop
         vertex 3.128143e+01 7.289507e+01 1.693889e+01
         vertex 3.525738e+01 7.739507e+01 1.664840e+01
         vertex 3.205921e+01 7.279249e+01 1.695235e+01
      endloop
   endfacet
   facet normal -9.901283e-03 5.570186e-02 -9.983984e-01
      outer loop
         vertex 3.050526e+01 8.199721e+01 1.695229e+01
         vertex 3.128143e+01 8.189507e+01 1.693889e+01
         vertex 3.525738e+01 7.739507e+01 1.664840e+01
      endloop
   endfacet
   facet normal 7.832737e-03 7.130775e-02 -9.974236e-01
      outer loop
         vertex 3.525738e+01 7.739507e+01 1.664840e+01
         vertex 3.128143e+01 8.189507e+01 1.693889e+01
         vertex 3.205781e+01 8.199727e+01 1.695230e+01
      endloop
   endfacet
   facet normal -8.910597e-02 3.820414e-03 -9.960148e-01
      outer loop
         vertex 3.525738e+01 7.739507e+01 1.664840e+01
         vertex 3.205781e+01 8.199727e+01 1.695230e+01
         vertex 3.525740e+01 7.766354e+01 1.664943e+01
      endloop
   endfacet
   facet normal 2.122017e-02 8.528212e-02 -9.961308e-01
      outer loop
         vertex 3.525740e+01 7.766354e+01 1.664943e+01
         vertex 3.205781e+01 8.199727e+01 1.695230e+01
         vertex 3.278143e+01 8.229699e+01 1.699337e+01
      endloop
   endfacet
   facet normal -6.518236e-02 3.918357e-02 -9.971038e-01
      outer loop
         vertex 3.525740e+01 7.766354e+01 1.664943e+01
         vertex 3.278143e+01 8.229699e+01 1.699337e+01
         vertex 3.525897e+01 7.987067e+01 1.673606e+01
      endloop
   endfacet
   facet normal 1.703167e-02 1.226244e-01 -9.923070e-01
      outer loop
         vertex 3.525897e+01 7.987067e+01 1.673606e+01
         vertex 3.278143e+01 8.229699e+01 1.699337e+01
         vertex 3.330154e+01 8.267715e+01 1.704928e+01
      endloop
   endfacet
   facet normal -1.276959e-02 1.021051e-01 -9.946917e-01
      outer loop
         vertex 3.525897e+01 7.987067e+01 1.673606e+01
         vertex 3.330154e+01 8.267715e+01 1.704928e+01
         vertex 3.526321e+01 8.206213e+01 1.696096e+01
      endloop
   endfacet
   facet normal 2.190857e-03 1.489824e-01 -9.888374e-01
      outer loop
         vertex 3.526321e+01 8.206213e+01 1.696096e+01
         vertex 3.330154e+01 8.267715e+01 1.704928e+01
         vertex 3.526633e+01 8.315588e+01 1.712576e+01
      endloop
   endfacet
   facet normal 9.024600e-05 1.573957e-01 -9.875356e-01
      outer loop
         vertex 3.330154e+01 8.267715e+01 1.704928e+01
         vertex 3.371177e+01 8.313625e+01 1.712249e+01
         vertex 3.526633e+01 8.315588e+01 1.712576e+01
      endloop
   endfacet
   facet normal -4.425057e-05 1.677621e-01 -9.858275e-01
      outer loop
         vertex 3.526633e+01 8.315588e+01 1.712576e+01
         vertex 3.371177e+01 8.313625e+01 1.712249e+01
         vertex 3.387951e+01 8.339507e+01 1.716653e+01
      endloop
   endfacet
   facet normal 2.141731e-03 1.800658e-01 -9.836522e-01
      outer loop
         vertex 3.526633e+01 8.315588e+01 1.712576e+01
         vertex 3.387951e+01 8.339507e+01 1.716653e+01
         vertex 3.527008e+01 8.423796e+01 1.732385e+01
      endloop
   endfacet
   facet normal 1.432727e-03 1.811969e-01 -9.834458e-01
      outer loop
         vertex 3.387951e+01 8.339507e+01 1.716653e+01
         vertex 3.417912e+01 8.411830e+01 1.730021e+01
         vertex 3.527008e+01 8.423796e+01 1.732385e+01
      endloop
   endfacet
   facet normal -1.090012e-03 2.033397e-01 -9.791077e-01
      outer loop
         vertex 3.527008e+01 8.423796e+01 1.732385e+01
         vertex 3.417912e+01 8.411830e+01 1.730021e+01
         vertex 3.428143e+01 8.489507e+01 1.746142e+01
      endloop
   endfacet
   facet normal 1.495541e-02 2.263951e-01 -9.739207e-01
      outer loop
         vertex 3.527008e+01 8.423796e+01 1.732385e+01
         vertex 3.428143e+01 8.489507e+01 1.746142e+01
         vertex 3.527976e+01 8.639800e+01 1.782612e+01
      endloop
   endfacet
   facet normal 1.384780e-02 2.270952e-01 -9.737741e-01
      outer loop
         vertex 3.527976e+01 8.639800e+01 1.782612e+01
         vertex 3.428143e+01 8.489507e+01 1.746142e+01
         vertex 3.417931e+01 8.567116e+01 1.764096e+01
      endloop
   endfacet
   facet normal -2.909416e-02 2.878932e-01 -9.572205e-01
      outer loop
         vertex 3.527976e+01 8.639800e+01 1.782612e+01
         vertex 3.417931e+01 8.567116e+01 1.764096e+01
         vertex 3.529272e+01 8.853165e+01 1.846744e+01
      endloop
   endfacet
   facet normal 4.108147e-02 2.625494e-01 -9.640436e-01
      outer loop
         vertex 3.529272e+01 8.853165e+01 1.846744e+01
         vertex 3.417931e+01 8.567116e+01 1.764096e+01
         vertex 3.387951e+01 8.639507e+01 1.782534e+01
      endloop
   endfacet
   facet normal -5.623412e-02 3.212879e-01 -9.453104e-01
      outer loop
         vertex 3.529272e+01 8.853165e+01 1.846744e+01
         vertex 3.387951e+01 8.639507e+01 1.782534e+01
         vertex 3.529433e+01 8.875955e+01 1.854480e+01
      endloop
   endfacet
   facet normal 1.991593e-02 2.801186e-01 -9.597588e-01
      outer loop
         vertex 3.529433e+01 8.875955e+01 1.854480e+01
         vertex 3.387951e+01 8.639507e+01 1.782534e+01
         vertex 3.340417e+01 8.701497e+01 1.799640e+01
      endloop
   endfacet
   facet normal 8.325665e-03 2.916483e-01 -9.564894e-01
      outer loop
         vertex 3.529433e+01 8.875955e+01 1.854480e+01
         vertex 3.340417e+01 8.701497e+01 1.799640e+01
         vertex 3.278143e+01 8.749315e+01 1.813678e+01
      endloop
   endfacet
   facet normal 3.466978e-03 3.004227e-01 -9.537999e-01
      outer loop
         vertex 3.278143e+01 8.749315e+01 1.813678e+01
         vertex 3.206124e+01 8.779195e+01 1.822828e+01
         vertex 3.529433e+01 8.875955e+01 1.854480e+01
      endloop
   endfacet
   facet normal 1.252576e-03 3.071246e-01 -9.516685e-01
      outer loop
         vertex 3.529433e+01 8.875955e+01 1.854480e+01
         vertex 3.206124e+01 8.779195e+01 1.822828e+01
         vertex 3.128143e+01 8.789507e+01 1.826053e+01
      endloop
   endfacet
   facet normal -3.630688e-08 3.123768e-01 -9.499583e-01
      outer loop
         vertex 3.529433e+01 8.875955e+01 1.854480e+01
         vertex 3.128143e+01 8.789507e+01 1.826053e+01
         vertex 2.728143e+01 8.875955e+01 1.854480e+01
      endloop
   endfacet
   facet normal -1.252528e-03 3.071420e-01 -9.516629e-01
      outer loop
         vertex 3.128143e+01 8.789507e+01 1.826053e+01
         vertex 3.050260e+01 8.779221e+01 1.822836e+01
         vertex 2.728143e+01 8.875955e+01 1.854480e+01
      endloop
   endfacet
   facet normal -3.473449e-03 3.004434e-01 -9.537933e-01
      outer loop
         vertex 2.728143e+01 8.875955e+01 1.854480e+01
         vertex 3.050260e+01 8.779221e+01 1.822836e+01
         vertex 2.978143e+01 8.749315e+01 1.813678e+01
      endloop
   endfacet
   facet normal -8.356660e-03 2.916699e-01 -9.564825e-01
      outer loop
         vertex 2.728143e+01 8.875955e+01 1.854480e+01
         vertex 2.978143e+01 8.749315e+01 1.813678e+01
         vertex 2.915787e+01 8.701415e+01 1.799616e+01
      endloop
   endfacet
   facet normal -2.000958e-02 2.801670e-01 -9.597427e-01
      outer loop
         vertex 2.915787e+01 8.701415e+01 1.799616e+01
         vertex 2.868335e+01 8.639507e+01 1.782534e+01
         vertex 2.728143e+01 8.875955e+01 1.854480e+01
      endloop
   endfacet
   facet normal -4.739544e-02 2.649502e-01 -9.630966e-01
      outer loop
         vertex 2.728143e+01 8.875955e+01 1.854480e+01
         vertex 2.868335e+01 8.639507e+01 1.782534e+01
         vertex 2.838382e+01 8.567216e+01 1.764120e+01
      endloop
   endfacet
   facet normal -1.064675e-01 2.440901e-01 -9.638904e-01
      outer loop
         vertex 2.728143e+01 8.875955e+01 1.854480e+01
         vertex 2.838382e+01 8.567216e+01 1.764120e+01
         vertex 2.728143e+01 8.315588e+01 1.712576e+01
      endloop
   endfacet
   facet normal -8.380072e-02 2.350748e-01 -9.683580e-01
      outer loop
         vertex 2.728143e+01 8.315588e+01 1.712576e+01
         vertex 2.838382e+01 8.567216e+01 1.764120e+01
         vertex 2.828143e+01 8.489507e+01 1.746142e+01
      endloop
   endfacet
   facet normal -2.019876e-02 2.006467e-01 -9.794554e-01
      outer loop
         vertex 2.728143e+01 8.315588e+01 1.712576e+01
         vertex 2.828143e+01 8.489507e+01 1.746142e+01
         vertex 2.838318e+01 8.412038e+01 1.730062e+01
      endloop
   endfacet
   facet normal -2.270997e-03 1.809008e-01 -9.834987e-01
      outer loop
         vertex 2.838318e+01 8.412038e+01 1.730062e+01
         vertex 2.868290e+01 8.339585e+01 1.716666e+01
         vertex 2.728143e+01 8.315588e+01 1.712576e+01
      endloop
   endfacet
   facet normal 0.000000e+00 1.680272e-01 -9.857824e-01
      outer loop
         vertex 2.728143e+01 8.315588e+01 1.712576e+01
         vertex 2.868290e+01 8.339585e+01 1.716666e+01
         vertex 2.883700e+01 8.315588e+01 1.712576e+01
      endloop
   endfacet
   facet normal 0.000000e+00 8.257945e-02 -9.965845e-01
      outer loop
         vertex 2.728143e+01 8.315588e+01 1.712576e+01
         vertex 2.883700e+01 8.315588e+01 1.712576e+01
         vertex 2.728143e+01 7.739507e+01 1.664840e+01
      endloop
   endfacet
   facet normal -6.602818e-02 1.000940e-01 -9.927847e-01
      outer loop
         vertex 2.728143e+01 7.739507e+01 1.664840e+01
         vertex 2.883700e+01 8.315588e+01 1.712576e+01
         vertex 2.926100e+01 8.267745e+01 1.704932e+01
      endloop
   endfacet
   facet normal -4.063393e-02 9.074899e-02 -9.950445e-01
      outer loop
         vertex 2.728143e+01 7.739507e+01 1.664840e+01
         vertex 2.926100e+01 8.267745e+01 1.704932e+01
         vertex 2.978143e+01 8.229699e+01 1.699337e+01
      endloop
   endfacet
   facet normal 6.942972e-08 4.833874e-01 -8.754065e-01
      outer loop
         vertex 3.535441e+01 9.457283e+01 2.115374e+01
         vertex 3.534722e+01 9.405323e+01 2.086683e+01
         vertex 2.728143e+01 9.405323e+01 2.086682e+01
      endloop
   endfacet
   facet normal 9.551701e-08 4.555883e-01 -8.901906e-01
      outer loop
         vertex 2.728143e+01 9.405323e+01 2.086682e+01
         vertex 3.534722e+01 9.405323e+01 2.086683e+01
         vertex 3.532954e+01 9.261963e+01 2.013313e+01
      endloop
   endfacet
   facet normal -1.193113e-02 4.016668e-01 -9.157082e-01
      outer loop
         vertex 2.728143e+01 9.405323e+01 2.086682e+01
         vertex 3.532954e+01 9.261963e+01 2.013313e+01
         vertex 2.728143e+01 8.875955e+01 1.854480e+01
      endloop
   endfacet
   facet normal -1.468026e-02 4.065030e-01 -9.135315e-01
      outer loop
         vertex 2.728143e+01 8.875955e+01 1.854480e+01
         vertex 3.532954e+01 9.261963e+01 2.013313e+01
         vertex 3.530920e+01 9.060603e+01 1.923744e+01
      endloop
   endfacet
   facet normal -4.082125e-08 3.512175e-01 -9.362939e-01
      outer loop
         vertex 2.728143e+01 8.875955e+01 1.854480e+01
         vertex 3.530920e+01 9.060603e+01 1.923744e+01
         vertex 3.529433e+01 8.875955e+01 1.854480e+01
      endloop
   endfacet
   facet normal 9.659258e-01 -2.588190e-01 -7.183670e-18
      outer loop
         vertex 2.973143e+01 8.489507e+01 8.037122e+01
         vertex 2.973143e+01 8.489507e+01 7.414841e+01
         vertex 2.993909e+01 8.567007e+01 8.037122e+01
      endloop
   endfacet
   facet normal 9.659258e-01 -2.588190e-01 -7.183670e-18
      outer loop
         vertex 2.993909e+01 8.567007e+01 8.037122e+01
         vertex 2.973143e+01 8.489507e+01 7.414841e+01
         vertex 2.993909e+01 8.567007e+01 7.414841e+01
      endloop
   endfacet
   facet normal 7.071068e-01 -7.071068e-01 -1.962616e-17
      outer loop
         vertex 2.993909e+01 8.567007e+01 8.037122e+01
         vertex 2.993909e+01 8.567007e+01 7.414841e+01
         vertex 3.050643e+01 8.623741e+01 8.037122e+01
      endloop
   endfacet
   facet normal 7.071068e-01 -7.071068e-01 -1.962616e-17
      outer loop
         vertex 3.050643e+01 8.623741e+01 8.037122e+01
         vertex 2.993909e+01 8.567007e+01 7.414841e+01
         vertex 3.050643e+01 8.623741e+01 7.414841e+01
      endloop
   endfacet
   facet normal 2.588191e-01 -9.659258e-01 -2.680983e-17
      outer loop
         vertex 3.050643e+01 8.623741e+01 8.037122e+01
         vertex 3.050643e+01 8.623741e+01 7.414841e+01
         vertex 3.128143e+01 8.644507e+01 8.037122e+01
      endloop
   endfacet
   facet normal 2.588191e-01 -9.659258e-01 -2.680983e-17
      outer loop
         vertex 3.128143e+01 8.644507e+01 8.037122e+01
         vertex 3.050643e+01 8.623741e+01 7.414841e+01
         vertex 3.128143e+01 8.644507e+01 7.414841e+01
      endloop
   endfacet
   facet normal -2.588191e-01 -9.659258e-01 -2.680983e-17
      outer loop
         vertex 3.128143e+01 8.644507e+01 8.037122e+01
         vertex 3.128143e+01 8.644507e+01 7.414841e+01
         vertex 3.205643e+01 8.623741e+01 8.037122e+01
      endloop
   endfacet
   facet normal -2.588191e-01 -9.659258e-01 -2.680983e-17
      outer loop
         vertex 3.205643e+01 8.623741e+01 8.037122e+01
         vertex 3.128143e+01 8.644507e+01 7.414841e+01
         vertex 3.205643e+01 8.623741e+01 7.414841e+01
      endloop
   endfacet
   facet normal -7.071068e-01 -7.071068e-01 -1.962616e-17
      outer loop
         vertex 3.205643e+01 8.623741e+01 8.037122e+01
         vertex 3.205643e+01 8.623741e+01 7.414841e+01
         vertex 3.262377e+01 8.567007e+01 8.037122e+01
      endloop
   endfacet
   facet normal -7.071068e-01 -7.071068e-01 -1.962616e-17
      outer loop
         vertex 3.262377e+01 8.567007e+01 8.037122e+01
         vertex 3.205643e+01 8.623741e+01 7.414841e+01
         vertex 3.262377e+01 8.567007e+01 7.414841e+01
      endloop
   endfacet
   facet normal -9.659258e-01 -2.588190e-01 -7.183670e-18
      outer loop
         vertex 3.262377e+01 8.567007e+01 8.037122e+01
         vertex 3.262377e+01 8.567007e+01 7.414841e+01
         vertex 3.283143e+01 8.489507e+01 8.037122e+01
      endloop
   endfacet
   facet normal -9.659258e-01 -2.588190e-01 -7.183670e-18
      outer loop
         vertex 3.283143e+01 8.489507e+01 8.037122e+01
         vertex 3.262377e+01 8.567007e+01 7.414841e+01
         vertex 3.283143e+01 8.489507e+01 7.414841e+01
      endloop
   endfacet
   facet normal -9.659258e-01 2.588193e-01 7.183678e-18
      outer loop
         vertex 3.283143e+01 8.489507e+01 8.037122e+01
         vertex 3.283143e+01 8.489507e+01 7.414841e+01
         vertex 3.262377e+01 8.412007e+01 8.037122e+01
      endloop
   endfacet
   facet normal -9.659258e-01 2.588193e-01 7.183678e-18
      outer loop
         vertex 3.262377e+01 8.412007e+01 8.037122e+01
         vertex 3.283143e+01 8.489507e+01 7.414841e+01
         vertex 3.262377e+01 8.412007e+01 7.414841e+01
      endloop
   endfacet
   facet normal -7.071068e-01 7.071068e-01 1.962616e-17
      outer loop
         vertex 3.262377e+01 8.412007e+01 8.037122e+01
         vertex 3.262377e+01 8.412007e+01 7.414841e+01
         vertex 3.205643e+01 8.355273e+01 8.037122e+01
      endloop
   endfacet
   facet normal -7.071068e-01 7.071068e-01 1.962616e-17
      outer loop
         vertex 3.205643e+01 8.355273e+01 8.037122e+01
         vertex 3.262377e+01 8.412007e+01 7.414841e+01
         vertex 3.205643e+01 8.355273e+01 7.414841e+01
      endloop
   endfacet
   facet normal -2.588191e-01 9.659258e-01 2.680983e-17
      outer loop
         vertex 3.205643e+01 8.355273e+01 8.037122e+01
         vertex 3.205643e+01 8.355273e+01 7.414841e+01
         vertex 3.128143e+01 8.334507e+01 8.037122e+01
      endloop
   endfacet
   facet normal -2.588191e-01 9.659258e-01 2.680983e-17
      outer loop
         vertex 3.128143e+01 8.334507e+01 8.037122e+01
         vertex 3.205643e+01 8.355273e+01 7.414841e+01
         vertex 3.128143e+01 8.334507e+01 7.414841e+01
      endloop
   endfacet
   facet normal 2.588191e-01 9.659258e-01 2.680983e-17
      outer loop
         vertex 3.128143e+01 8.334507e+01 8.037122e+01
         vertex 3.128143e+01 8.334507e+01 7.414841e+01
         vertex 3.050643e+01 8.355273e+01 8.037122e+01
      endloop
   endfacet
   facet normal 2.588191e-01 9.659258e-01 2.680983e-17
      outer loop
         vertex 3.050643e+01 8.355273e+01 8.037122e+01
         vertex 3.128143e+01 8.334507e+01 7.414841e+01
         vertex 3.050643e+01 8.355273e+01 7.414841e+01
      endloop
   endfacet
   facet normal 7.071068e-01 7.071068e-01 1.962616e-17
      outer loop
         vertex 3.050643e+01 8.355273e+01 8.037122e+01
         vertex 3.050643e+01 8.355273e+01 7.414841e+01
         vertex 2.993909e+01 8.412007e+01 8.037122e+01
      endloop
   endfacet
   facet normal 7.071068e-01 7.071068e-01 1.962616e-17
      outer loop
         vertex 2.993909e+01 8.412007e+01 8.037122e+01
         vertex 3.050643e+01 8.355273e+01 7.414841e+01
         vertex 2.993909e+01 8.412007e+01 7.414841e+01
      endloop
   endfacet
   facet normal 9.659258e-01 2.588193e-01 7.183678e-18
      outer loop
         vertex 2.993909e+01 8.412007e+01 8.037122e+01
         vertex 2.993909e+01 8.412007e+01 7.414841e+01
         vertex 2.973143e+01 8.489507e+01 8.037122e+01
      endloop
   endfacet
   facet normal 9.659258e-01 2.588193e-01 7.183678e-18
      outer loop
         vertex 2.973143e+01 8.489507e+01 8.037122e+01
         vertex 2.993909e+01 8.412007e+01 7.414841e+01
         vertex 2.973143e+01 8.489507e+01 7.414841e+01
      endloop
   endfacet
   facet normal -1.000000e+00 0.000000e+00 0.000000e+00
      outer loop
         vertex 3.528143e+01 4.534300e+01 3.758906e+01
         vertex 3.528143e+01 4.346606e+01 4.305641e+01
         vertex 3.528143e+01 4.739507e+01 4.434840e+01
      endloop
   endfacet
   facet normal -1.000000e+00 0.000000e+00 0.000000e+00
      outer loop
         vertex 3.528143e+01 9.679699e+01 4.454840e+01
         vertex 3.528143e+01 9.789507e+01 4.345033e+01
         vertex 3.528143e+01 9.389507e+01 2.914840e+01
      endloop
   endfacet
   facet normal -1.000000e+00 0.000000e+00 0.000000e+00
      outer loop
         vertex 3.528143e+01 1.066959e+02 3.250522e+01
         vertex 3.528143e+01 9.739507e+01 2.914840e+01
         vertex 3.528143e+01 1.094471e+02 3.758906e+01
      endloop
   endfacet
   facet normal -1.000000e+00 0.000000e+00 0.000000e+00
      outer loop
         vertex 3.528143e+01 1.094471e+02 3.758906e+01
         vertex 3.528143e+01 9.739507e+01 2.914840e+01
         vertex 3.528143e+01 1.113241e+02 4.305641e+01
      endloop
   endfacet
   facet normal -1.000000e+00 0.000000e+00 0.000000e+00
      outer loop
         vertex 3.528143e+01 1.066959e+02 3.250522e+01
         vertex 3.528143e+01 1.031454e+02 2.794355e+01
         vertex 3.528143e+01 9.739507e+01 2.914840e+01
      endloop
   endfacet
   facet normal -1.000000e+00 0.000000e+00 0.000000e+00
      outer loop
         vertex 3.528143e+01 9.739507e+01 2.914840e+01
         vertex 3.528143e+01 1.031454e+02 2.794355e+01
         vertex 3.528143e+01 9.889252e+01 2.402849e+01
      endloop
   endfacet
   facet normal -1.000000e+00 0.000000e+00 0.000000e+00
      outer loop
         vertex 3.528143e+01 9.739507e+01 2.914840e+01
         vertex 3.528143e+01 9.889252e+01 2.402849e+01
         vertex 3.528143e+01 9.739507e+01 2.292559e+01
      endloop
   endfacet
   facet normal -1.000000e+00 0.000000e+00 0.000000e+00
      outer loop
         vertex 3.528143e+01 9.389507e+01 2.914840e+01
         vertex 3.528143e+01 9.789507e+01 4.345033e+01
         vertex 3.528143e+01 9.739507e+01 2.914840e+01
      endloop
   endfacet
   facet normal -1.000000e+00 0.000000e+00 0.000000e+00
      outer loop
         vertex 3.528143e+01 9.679699e+01 4.754840e+01
         vertex 3.528143e+01 9.639507e+01 4.604840e+01
         vertex 3.528143e+01 9.389507e+01 4.434840e+01
      endloop
   endfacet
   facet normal -1.000000e+00 0.000000e+00 0.000000e+00
      outer loop
         vertex 3.528143e+01 9.789507e+01 4.345033e+01
         vertex 3.528143e+01 9.939507e+01 4.304840e+01
         vertex 3.528143e+01 9.739507e+01 2.914840e+01
      endloop
   endfacet
   facet normal -1.000000e+00 0.000000e+00 0.000000e+00
      outer loop
         vertex 3.528143e+01 9.739507e+01 2.914840e+01
         vertex 3.528143e+01 9.939507e+01 4.304840e+01
         vertex 3.528143e+01 1.008951e+02 4.345033e+01
      endloop
   endfacet
   facet normal -1.000000e+00 0.000000e+00 0.000000e+00
      outer loop
         vertex 3.528143e+01 9.739507e+01 2.914840e+01
         vertex 3.528143e+01 1.008951e+02 4.345033e+01
         vertex 3.528143e+01 1.113241e+02 4.305641e+01
      endloop
   endfacet
   facet normal -1.000000e+00 0.000000e+00 0.000000e+00
      outer loop
         vertex 3.528143e+01 1.113241e+02 4.305641e+01
         vertex 3.528143e+01 1.008951e+02 4.345033e+01
         vertex 3.528143e+01 1.019931e+02 4.454840e+01
      endloop
   endfacet
   facet normal -1.000000e+00 0.000000e+00 0.000000e+00
      outer loop
         vertex 3.528143e+01 1.113241e+02 4.305641e+01
         vertex 3.528143e+01 1.019931e+02 4.454840e+01
         vertex 3.528143e+01 1.122755e+02 4.875813e+01
      endloop
   endfacet
   facet normal -1.000000e+00 0.000000e+00 0.000000e+00
      outer loop
         vertex 3.528143e+01 1.122755e+02 4.875813e+01
         vertex 3.528143e+01 1.019931e+02 4.454840e+01
         vertex 3.528143e+01 1.023951e+02 4.604840e+01
      endloop
   endfacet
   facet normal -1.000000e+00 0.000000e+00 0.000000e+00
      outer loop
         vertex 3.528143e+01 1.122755e+02 4.875813e+01
         vertex 3.528143e+01 1.023951e+02 4.604840e+01
         vertex 3.528143e+01 1.123700e+02 5.032340e+01
      endloop
   endfacet
   facet normal -1.000000e+00 0.000000e+00 0.000000e+00
      outer loop
         vertex 3.528143e+01 1.023951e+02 4.604840e+01
         vertex 3.528143e+01 1.019931e+02 4.754840e+01
         vertex 3.528143e+01 1.123700e+02 5.032340e+01
      endloop
   endfacet
   facet normal -1.000000e+00 0.000000e+00 0.000000e+00
      outer loop
         vertex 3.528143e+01 1.123700e+02 5.032340e+01
         vertex 3.528143e+01 1.019931e+02 4.754840e+01
         vertex 3.528143e+01 1.008951e+02 4.864648e+01
      endloop
   endfacet
   facet normal -1.000000e+00 0.000000e+00 0.000000e+00
      outer loop
         vertex 3.528143e+01 1.123700e+02 5.032340e+01
         vertex 3.528143e+01 1.008951e+02 4.864648e+01
         vertex 3.528143e+01 9.939507e+01 4.904840e+01
      endloop
   endfacet
   facet normal -1.000000e+00 0.000000e+00 0.000000e+00
      outer loop
         vertex 3.528143e+01 9.389507e+01 5.032340e+01
         vertex 3.528143e+01 9.939507e+01 4.904840e+01
         vertex 3.528143e+01 9.789507e+01 4.864648e+01
      endloop
   endfacet
   facet normal -1.000000e+00 0.000000e+00 0.000000e+00
      outer loop
         vertex 3.528143e+01 9.389507e+01 5.892340e+01
         vertex 3.528143e+01 9.679699e+01 5.874840e+01
         vertex 3.528143e+01 9.639507e+01 5.724840e+01
      endloop
   endfacet
   facet normal -1.000000e+00 0.000000e+00 0.000000e+00
      outer loop
         vertex 3.528143e+01 1.113241e+02 6.024040e+01
         vertex 3.528143e+01 1.122755e+02 5.453868e+01
         vertex 3.528143e+01 1.023951e+02 5.724840e+01
      endloop
   endfacet
   facet normal -1.000000e+00 0.000000e+00 0.000000e+00
      outer loop
         vertex 3.528143e+01 9.639507e+01 5.724840e+01
         vertex 3.528143e+01 9.679699e+01 5.574840e+01
         vertex 3.528143e+01 9.389507e+01 5.294840e+01
      endloop
   endfacet
   facet normal -1.000000e+00 0.000000e+00 0.000000e+00
      outer loop
         vertex 3.528143e+01 9.389507e+01 5.294840e+01
         vertex 3.528143e+01 9.679699e+01 5.574840e+01
         vertex 3.528143e+01 9.789507e+01 5.465033e+01
      endloop
   endfacet
   facet normal -1.000000e+00 0.000000e+00 0.000000e+00
      outer loop
         vertex 3.528143e+01 9.389507e+01 5.294840e+01
         vertex 3.528143e+01 9.789507e+01 5.465033e+01
         vertex 3.528143e+01 9.939507e+01 5.424840e+01
      endloop
   endfacet
   facet normal -1.000000e+00 0.000000e+00 0.000000e+00
      outer loop
         vertex 3.528143e+01 1.023951e+02 5.724840e+01
         vertex 3.528143e+01 1.122755e+02 5.453868e+01
         vertex 3.528143e+01 1.019931e+02 5.574840e+01
      endloop
   endfacet
   facet normal -1.000000e+00 0.000000e+00 0.000000e+00
      outer loop
         vertex 3.528143e+01 1.019931e+02 5.574840e+01
         vertex 3.528143e+01 1.122755e+02 5.453868e+01
         vertex 3.528143e+01 1.123709e+02 5.294840e+01
      endloop
   endfacet
   facet normal -1.000000e+00 0.000000e+00 0.000000e+00
      outer loop
         vertex 3.528143e+01 1.019931e+02 5.574840e+01
         vertex 3.528143e+01 1.123709e+02 5.294840e+01
         vertex 3.528143e+01 1.008951e+02 5.465033e+01
      endloop
   endfacet
   facet normal -1.000000e+00 0.000000e+00 0.000000e+00
      outer loop
         vertex 3.528143e+01 9.939507e+01 4.904840e+01
         vertex 3.528143e+01 9.389507e+01 5.032340e+01
         vertex 3.528143e+01 1.123700e+02 5.032340e+01
      endloop
   endfacet
   facet normal -1.000000e+00 0.000000e+00 0.000000e+00
      outer loop
         vertex 3.528143e+01 1.123700e+02 5.032340e+01
         vertex 3.528143e+01 9.389507e+01 5.032340e+01
         vertex 3.528143e+01 9.389507e+01 5.294840e+01
      endloop
   endfacet
   facet normal -1.000000e+00 0.000000e+00 0.000000e+00
      outer loop
         vertex 3.528143e+01 1.123700e+02 5.032340e+01
         vertex 3.528143e+01 9.389507e+01 5.294840e+01
         vertex 3.528143e+01 1.123709e+02 5.294840e+01
      endloop
   endfacet
   facet normal -1.000000e+00 0.000000e+00 0.000000e+00
      outer loop
         vertex 3.528143e+01 1.123709e+02 5.294840e+01
         vertex 3.528143e+01 9.389507e+01 5.294840e+01
         vertex 3.528143e+01 9.939507e+01 5.424840e+01
      endloop
   endfacet
   facet normal -1.000000e+00 0.000000e+00 0.000000e+00
      outer loop
         vertex 3.528143e+01 1.123709e+02 5.294840e+01
         vertex 3.528143e+01 9.939507e+01 5.424840e+01
         vertex 3.528143e+01 1.008951e+02 5.465033e+01
      endloop
   endfacet
   facet normal -1.000000e+00 0.000000e+00 0.000000e+00
      outer loop
         vertex 3.528143e+01 9.679699e+01 5.874840e+01
         vertex 3.528143e+01 9.389507e+01 5.892340e+01
         vertex 3.528143e+01 9.789507e+01 5.984648e+01
      endloop
   endfacet
   facet normal -1.000000e+00 0.000000e+00 0.000000e+00
      outer loop
         vertex 3.528143e+01 1.019931e+02 5.874840e+01
         vertex 3.528143e+01 1.008951e+02 5.984648e+01
         vertex 3.528143e+01 9.739507e+01 7.414841e+01
      endloop
   endfacet
   facet normal -1.000000e+00 0.000000e+00 0.000000e+00
      outer loop
         vertex 3.528143e+01 9.739507e+01 7.414841e+01
         vertex 3.528143e+01 1.008951e+02 5.984648e+01
         vertex 3.528143e+01 9.939507e+01 6.024840e+01
      endloop
   endfacet
   facet normal -1.000000e+00 0.000000e+00 0.000000e+00
      outer loop
         vertex 3.528143e+01 9.739507e+01 7.414841e+01
         vertex 3.528143e+01 9.939507e+01 6.024840e+01
         vertex 3.528143e+01 9.389507e+01 7.414841e+01
      endloop
   endfacet
   facet normal -1.000000e+00 0.000000e+00 0.000000e+00
      outer loop
         vertex 3.528143e+01 9.739507e+01 8.037122e+01
         vertex 3.528143e+01 9.889252e+01 7.926832e+01
         vertex 3.528143e+01 9.739507e+01 7.414841e+01
      endloop
   endfacet
   facet normal -1.000000e+00 0.000000e+00 0.000000e+00
      outer loop
         vertex 3.528143e+01 9.739507e+01 7.414841e+01
         vertex 3.528143e+01 9.889252e+01 7.926832e+01
         vertex 3.528143e+01 1.031454e+02 7.535326e+01
      endloop
   endfacet
   facet normal -1.000000e+00 0.000000e+00 0.000000e+00
      outer loop
         vertex 3.528143e+01 9.739507e+01 7.414841e+01
         vertex 3.528143e+01 1.031454e+02 7.535326e+01
         vertex 3.528143e+01 1.066959e+02 7.079159e+01
      endloop
   endfacet
   facet normal -1.000000e+00 0.000000e+00 0.000000e+00
      outer loop
         vertex 3.528143e+01 1.023951e+02 5.724840e+01
         vertex 3.528143e+01 1.019931e+02 5.874840e+01
         vertex 3.528143e+01 1.113241e+02 6.024040e+01
      endloop
   endfacet
   facet normal -1.000000e+00 0.000000e+00 0.000000e+00
      outer loop
         vertex 3.528143e+01 1.113241e+02 6.024040e+01
         vertex 3.528143e+01 1.019931e+02 5.874840e+01
         vertex 3.528143e+01 9.739507e+01 7.414841e+01
      endloop
   endfacet
   facet normal -1.000000e+00 0.000000e+00 0.000000e+00
      outer loop
         vertex 3.528143e+01 1.113241e+02 6.024040e+01
         vertex 3.528143e+01 9.739507e+01 7.414841e+01
         vertex 3.528143e+01 1.094471e+02 6.570774e+01
      endloop
   endfacet
   facet normal -1.000000e+00 0.000000e+00 0.000000e+00
      outer loop
         vertex 3.528143e+01 1.094471e+02 6.570774e+01
         vertex 3.528143e+01 9.739507e+01 7.414841e+01
         vertex 3.528143e+01 1.066959e+02 7.079159e+01
      endloop
   endfacet
   facet normal -1.000000e+00 0.000000e+00 0.000000e+00
      outer loop
         vertex 3.528143e+01 9.939507e+01 6.024840e+01
         vertex 3.528143e+01 9.789507e+01 5.984648e+01
         vertex 3.528143e+01 9.389507e+01 7.414841e+01
      endloop
   endfacet
   facet normal -1.000000e+00 0.000000e+00 0.000000e+00
      outer loop
         vertex 3.528143e+01 9.389507e+01 7.414841e+01
         vertex 3.528143e+01 9.789507e+01 5.984648e+01
         vertex 3.528143e+01 9.389507e+01 5.892340e+01
      endloop
   endfacet
   facet normal -1.000000e+00 0.000000e+00 0.000000e+00
      outer loop
         vertex 3.528143e+01 9.389507e+01 7.414841e+01
         vertex 3.528143e+01 9.389507e+01 5.892340e+01
         vertex 3.528143e+01 8.289507e+01 7.414841e+01
      endloop
   endfacet
   facet normal -1.000000e+00 0.000000e+00 0.000000e+00
      outer loop
         vertex 3.528143e+01 8.289507e+01 7.414841e+01
         vertex 3.528143e+01 9.389507e+01 5.892340e+01
         vertex 3.528143e+01 8.289507e+01 5.892340e+01
      endloop
   endfacet
   facet normal -1.000000e+00 0.000000e+00 0.000000e+00
      outer loop
         vertex 3.528143e+01 8.289507e+01 7.414841e+01
         vertex 3.528143e+01 8.289507e+01 5.892340e+01
         vertex 3.528143e+01 7.189507e+01 7.414841e+01
      endloop
   endfacet
   facet normal -1.000000e+00 0.000000e+00 0.000000e+00
      outer loop
         vertex 3.528143e+01 7.189507e+01 7.414841e+01
         vertex 3.528143e+01 8.289507e+01 5.892340e+01
         vertex 3.528143e+01 7.189507e+01 5.892340e+01
      endloop
   endfacet
   facet normal -1.000000e+00 0.000000e+00 0.000000e+00
      outer loop
         vertex 3.528143e+01 7.189507e+01 7.414841e+01
         vertex 3.528143e+01 7.189507e+01 5.892340e+01
         vertex 3.528143e+01 6.089507e+01 7.414841e+01
      endloop
   endfacet
   facet normal -1.000000e+00 0.000000e+00 0.000000e+00
      outer loop
         vertex 3.528143e+01 6.089507e+01 7.414841e+01
         vertex 3.528143e+01 7.189507e+01 5.892340e+01
         vertex 3.528143e+01 6.089507e+01 5.892340e+01
      endloop
   endfacet
   facet normal -1.000000e+00 0.000000e+00 0.000000e+00
      outer loop
         vertex 3.528143e+01 4.809424e+01 7.079159e+01
         vertex 3.528143e+01 5.164473e+01 7.535326e+01
         vertex 3.528143e+01 5.739507e+01 7.414841e+01
      endloop
   endfacet
   facet normal -1.000000e+00 0.000000e+00 0.000000e+00
      outer loop
         vertex 3.528143e+01 5.739507e+01 7.414841e+01
         vertex 3.528143e+01 5.164473e+01 7.535326e+01
         vertex 3.528143e+01 5.589762e+01 7.926832e+01
      endloop
   endfacet
   facet normal -1.000000e+00 0.000000e+00 0.000000e+00
      outer loop
         vertex 3.528143e+01 5.739507e+01 7.414841e+01
         vertex 3.528143e+01 5.589762e+01 7.926832e+01
         vertex 3.528143e+01 5.739507e+01 8.037122e+01
      endloop
   endfacet
   facet normal -1.000000e+00 0.000000e+00 0.000000e+00
      outer loop
         vertex 3.528143e+01 5.539507e+01 6.024840e+01
         vertex 3.528143e+01 5.739507e+01 7.414841e+01
         vertex 3.528143e+01 5.689507e+01 5.984648e+01
      endloop
   endfacet
   facet normal -1.000000e+00 0.000000e+00 0.000000e+00
      outer loop
         vertex 3.528143e+01 5.689507e+01 5.984648e+01
         vertex 3.528143e+01 5.739507e+01 7.414841e+01
         vertex 3.528143e+01 6.089507e+01 7.414841e+01
      endloop
   endfacet
   facet normal -1.000000e+00 0.000000e+00 0.000000e+00
      outer loop
         vertex 3.528143e+01 5.689507e+01 5.984648e+01
         vertex 3.528143e+01 6.089507e+01 7.414841e+01
         vertex 3.528143e+01 5.799315e+01 5.874840e+01
      endloop
   endfacet
   facet normal -1.000000e+00 0.000000e+00 0.000000e+00
      outer loop
         vertex 3.528143e+01 5.799315e+01 5.874840e+01
         vertex 3.528143e+01 6.089507e+01 7.414841e+01
         vertex 3.528143e+01 6.089507e+01 5.892340e+01
      endloop
   endfacet
   facet normal -1.000000e+00 0.000000e+00 0.000000e+00
      outer loop
         vertex 3.528143e+01 5.799315e+01 5.874840e+01
         vertex 3.528143e+01 6.089507e+01 5.892340e+01
         vertex 3.528143e+01 5.839507e+01 5.724840e+01
      endloop
   endfacet
   facet normal -1.000000e+00 0.000000e+00 0.000000e+00
      outer loop
         vertex 3.528143e+01 5.539507e+01 6.024840e+01
         vertex 3.528143e+01 5.389507e+01 5.984648e+01
         vertex 3.528143e+01 5.739507e+01 7.414841e+01
      endloop
   endfacet
   facet normal -1.000000e+00 0.000000e+00 0.000000e+00
      outer loop
         vertex 3.528143e+01 5.739507e+01 7.414841e+01
         vertex 3.528143e+01 5.389507e+01 5.984648e+01
         vertex 3.528143e+01 4.739507e+01 5.892340e+01
      endloop
   endfacet
   facet normal -1.000000e+00 0.000000e+00 0.000000e+00
      outer loop
         vertex 3.528143e+01 5.739507e+01 7.414841e+01
         vertex 3.528143e+01 4.739507e+01 5.892340e+01
         vertex 3.528143e+01 4.809424e+01 7.079159e+01
      endloop
   endfacet
   facet normal -1.000000e+00 0.000000e+00 0.000000e+00
      outer loop
         vertex 3.528143e+01 4.809424e+01 7.079159e+01
         vertex 3.528143e+01 4.739507e+01 5.892340e+01
         vertex 3.528143e+01 4.534300e+01 6.570774e+01
      endloop
   endfacet
   facet normal -1.000000e+00 0.000000e+00 0.000000e+00
      outer loop
         vertex 3.528143e+01 4.534300e+01 6.570774e+01
         vertex 3.528143e+01 4.739507e+01 5.892340e+01
         vertex 3.528143e+01 4.346606e+01 6.024040e+01
      endloop
   endfacet
   facet normal -1.000000e+00 0.000000e+00 0.000000e+00
      outer loop
         vertex 3.528143e+01 4.346606e+01 6.024040e+01
         vertex 3.528143e+01 4.739507e+01 5.892340e+01
         vertex 3.528143e+01 4.739507e+01 5.294840e+01
      endloop
   endfacet
   facet normal -1.000000e+00 0.000000e+00 0.000000e+00
      outer loop
         vertex 3.528143e+01 4.346606e+01 6.024040e+01
         vertex 3.528143e+01 4.739507e+01 5.294840e+01
         vertex 3.528143e+01 4.251461e+01 5.453868e+01
      endloop
   endfacet
   facet normal -1.000000e+00 0.000000e+00 0.000000e+00
      outer loop
         vertex 3.528143e+01 5.689507e+01 4.345033e+01
         vertex 3.528143e+01 5.799315e+01 4.454840e+01
         vertex 3.528143e+01 6.089507e+01 4.434840e+01
      endloop
   endfacet
   facet normal -1.000000e+00 0.000000e+00 0.000000e+00
      outer loop
         vertex 3.528143e+01 5.739507e+01 2.292559e+01
         vertex 3.528143e+01 5.589762e+01 2.402849e+01
         vertex 3.528143e+01 5.739507e+01 2.914840e+01
      endloop
   endfacet
   facet normal -1.000000e+00 0.000000e+00 0.000000e+00
      outer loop
         vertex 3.528143e+01 5.739507e+01 2.914840e+01
         vertex 3.528143e+01 5.589762e+01 2.402849e+01
         vertex 3.528143e+01 5.164473e+01 2.794355e+01
      endloop
   endfacet
   facet normal -1.000000e+00 0.000000e+00 0.000000e+00
      outer loop
         vertex 3.528143e+01 5.739507e+01 2.914840e+01
         vertex 3.528143e+01 5.164473e+01 2.794355e+01
         vertex 3.528143e+01 4.739507e+01 4.434840e+01
      endloop
   endfacet
   facet normal -1.000000e+00 0.000000e+00 0.000000e+00
      outer loop
         vertex 3.528143e+01 4.739507e+01 4.434840e+01
         vertex 3.528143e+01 5.164473e+01 2.794355e+01
         vertex 3.528143e+01 4.809424e+01 3.250522e+01
      endloop
   endfacet
   facet normal -1.000000e+00 0.000000e+00 0.000000e+00
      outer loop
         vertex 3.528143e+01 4.739507e+01 4.434840e+01
         vertex 3.528143e+01 4.809424e+01 3.250522e+01
         vertex 3.528143e+01 4.534300e+01 3.758906e+01
      endloop
   endfacet
   facet normal -1.000000e+00 0.000000e+00 0.000000e+00
      outer loop
         vertex 3.528143e+01 6.089507e+01 2.914840e+01
         vertex 3.528143e+01 5.739507e+01 2.914840e+01
         vertex 3.528143e+01 5.539507e+01 4.304840e+01
      endloop
   endfacet
   facet normal -1.000000e+00 0.000000e+00 0.000000e+00
      outer loop
         vertex 3.528143e+01 9.639507e+01 4.604840e+01
         vertex 3.528143e+01 9.679699e+01 4.454840e+01
         vertex 3.528143e+01 9.389507e+01 4.434840e+01
      endloop
   endfacet
   facet normal -1.000000e+00 0.000000e+00 0.000000e+00
      outer loop
         vertex 3.528143e+01 9.389507e+01 4.434840e+01
         vertex 3.528143e+01 9.679699e+01 4.454840e+01
         vertex 3.528143e+01 9.389507e+01 2.914840e+01
      endloop
   endfacet
   facet normal -1.000000e+00 0.000000e+00 0.000000e+00
      outer loop
         vertex 3.528143e+01 9.389507e+01 4.434840e+01
         vertex 3.528143e+01 9.389507e+01 2.914840e+01
         vertex 3.528143e+01 8.289507e+01 4.434840e+01
      endloop
   endfacet
   facet normal -1.000000e+00 0.000000e+00 0.000000e+00
      outer loop
         vertex 3.528143e+01 8.289507e+01 4.434840e+01
         vertex 3.528143e+01 9.389507e+01 2.914840e+01
         vertex 3.528143e+01 8.289507e+01 2.914840e+01
      endloop
   endfacet
   facet normal -1.000000e+00 0.000000e+00 0.000000e+00
      outer loop
         vertex 3.528143e+01 8.289507e+01 4.434840e+01
         vertex 3.528143e+01 8.289507e+01 2.914840e+01
         vertex 3.528143e+01 7.189507e+01 4.434840e+01
      endloop
   endfacet
   facet normal -1.000000e+00 0.000000e+00 0.000000e+00
      outer loop
         vertex 3.528143e+01 7.189507e+01 4.434840e+01
         vertex 3.528143e+01 8.289507e+01 2.914840e+01
         vertex 3.528143e+01 7.189507e+01 2.914840e+01
      endloop
   endfacet
   facet normal -1.000000e+00 0.000000e+00 0.000000e+00
      outer loop
         vertex 3.528143e+01 7.189507e+01 4.434840e+01
         vertex 3.528143e+01 7.189507e+01 2.914840e+01
         vertex 3.528143e+01 6.089507e+01 4.434840e+01
      endloop
   endfacet
   facet normal -1.000000e+00 0.000000e+00 0.000000e+00
      outer loop
         vertex 3.528143e+01 6.089507e+01 4.434840e+01
         vertex 3.528143e+01 7.189507e+01 2.914840e+01
         vertex 3.528143e+01 6.089507e+01 2.914840e+01
      endloop
   endfacet
   facet normal -1.000000e+00 0.000000e+00 0.000000e+00
      outer loop
         vertex 3.528143e+01 6.089507e+01 4.434840e+01
         vertex 3.528143e+01 6.089507e+01 2.914840e+01
         vertex 3.528143e+01 5.689507e+01 4.345033e+01
      endloop
   endfacet
   facet normal -1.000000e+00 0.000000e+00 0.000000e+00
      outer loop
         vertex 3.528143e+01 5.689507e+01 4.345033e+01
         vertex 3.528143e+01 6.089507e+01 2.914840e+01
         vertex 3.528143e+01 5.539507e+01 4.304840e+01
      endloop
   endfacet
   facet normal -1.000000e+00 0.000000e+00 0.000000e+00
      outer loop
         vertex 3.528143e+01 9.639507e+01 5.724840e+01
         vertex 3.528143e+01 9.389507e+01 5.294840e+01
         vertex 3.528143e+01 9.389507e+01 5.892340e+01
      endloop
   endfacet
   facet normal -1.000000e+00 0.000000e+00 0.000000e+00
      outer loop
         vertex 3.528143e+01 9.389507e+01 5.892340e+01
         vertex 3.528143e+01 9.389507e+01 5.294840e+01
         vertex 3.528143e+01 9.139507e+01 5.459840e+01
      endloop
   endfacet
   facet normal -1.000000e+00 0.000000e+00 0.000000e+00
      outer loop
         vertex 3.528143e+01 9.389507e+01 5.892340e+01
         vertex 3.528143e+01 9.139507e+01 5.459840e+01
         vertex 3.528143e+01 9.099315e+01 5.609840e+01
      endloop
   endfacet
   facet normal -1.000000e+00 0.000000e+00 0.000000e+00
      outer loop
         vertex 3.528143e+01 8.689507e+01 5.719648e+01
         vertex 3.528143e+01 8.289507e+01 5.892340e+01
         vertex 3.528143e+01 8.839507e+01 5.759840e+01
      endloop
   endfacet
   facet normal -1.000000e+00 0.000000e+00 0.000000e+00
      outer loop
         vertex 3.528143e+01 8.839507e+01 5.759840e+01
         vertex 3.528143e+01 8.289507e+01 5.892340e+01
         vertex 3.528143e+01 9.389507e+01 5.892340e+01
      endloop
   endfacet
   facet normal -1.000000e+00 0.000000e+00 0.000000e+00
      outer loop
         vertex 3.528143e+01 8.839507e+01 5.759840e+01
         vertex 3.528143e+01 9.389507e+01 5.892340e+01
         vertex 3.528143e+01 8.989507e+01 5.719648e+01
      endloop
   endfacet
   facet normal -1.000000e+00 0.000000e+00 0.000000e+00
      outer loop
         vertex 3.528143e+01 8.989507e+01 5.719648e+01
         vertex 3.528143e+01 9.389507e+01 5.892340e+01
         vertex 3.528143e+01 9.099315e+01 5.609840e+01
      endloop
   endfacet
   facet normal -1.000000e+00 0.000000e+00 0.000000e+00
      outer loop
         vertex 3.528143e+01 8.579699e+01 5.609840e+01
         vertex 3.528143e+01 8.539507e+01 5.459840e+01
         vertex 3.528143e+01 8.289507e+01 5.294840e+01
      endloop
   endfacet
   facet normal -1.000000e+00 0.000000e+00 0.000000e+00
      outer loop
         vertex 3.528143e+01 8.289507e+01 5.294840e+01
         vertex 3.528143e+01 8.539507e+01 5.459840e+01
         vertex 3.528143e+01 8.579699e+01 5.309840e+01
      endloop
   endfacet
   facet normal -1.000000e+00 0.000000e+00 0.000000e+00
      outer loop
         vertex 3.528143e+01 8.289507e+01 5.294840e+01
         vertex 3.528143e+01 8.579699e+01 5.309840e+01
         vertex 3.528143e+01 8.289507e+01 5.032340e+01
      endloop
   endfacet
   facet normal -1.000000e+00 0.000000e+00 0.000000e+00
      outer loop
         vertex 3.528143e+01 8.579699e+01 5.309840e+01
         vertex 3.528143e+01 8.689507e+01 5.200033e+01
         vertex 3.528143e+01 8.289507e+01 5.032340e+01
      endloop
   endfacet
   facet normal -1.000000e+00 0.000000e+00 0.000000e+00
      outer loop
         vertex 3.528143e+01 8.289507e+01 5.032340e+01
         vertex 3.528143e+01 8.689507e+01 5.200033e+01
         vertex 3.528143e+01 8.839507e+01 5.159840e+01
      endloop
   endfacet
   facet normal -1.000000e+00 0.000000e+00 0.000000e+00
      outer loop
         vertex 3.528143e+01 8.289507e+01 5.032340e+01
         vertex 3.528143e+01 8.839507e+01 5.159840e+01
         vertex 3.528143e+01 9.389507e+01 5.032340e+01
      endloop
   endfacet
   facet normal -1.000000e+00 0.000000e+00 0.000000e+00
      outer loop
         vertex 3.528143e+01 9.389507e+01 5.032340e+01
         vertex 3.528143e+01 8.839507e+01 5.159840e+01
         vertex 3.528143e+01 8.989507e+01 5.200033e+01
      endloop
   endfacet
   facet normal -1.000000e+00 0.000000e+00 0.000000e+00
      outer loop
         vertex 3.528143e+01 9.389507e+01 5.032340e+01
         vertex 3.528143e+01 8.989507e+01 5.200033e+01
         vertex 3.528143e+01 9.389507e+01 5.294840e+01
      endloop
   endfacet
   facet normal -1.000000e+00 0.000000e+00 0.000000e+00
      outer loop
         vertex 3.528143e+01 9.389507e+01 5.294840e+01
         vertex 3.528143e+01 8.989507e+01 5.200033e+01
         vertex 3.528143e+01 9.099315e+01 5.309840e+01
      endloop
   endfacet
   facet normal -1.000000e+00 0.000000e+00 0.000000e+00
      outer loop
         vertex 3.528143e+01 9.389507e+01 5.294840e+01
         vertex 3.528143e+01 9.099315e+01 5.309840e+01
         vertex 3.528143e+01 9.139507e+01 5.459840e+01
      endloop
   endfacet
   facet normal -1.000000e+00 0.000000e+00 0.000000e+00
      outer loop
         vertex 3.528143e+01 7.479699e+01 5.014840e+01
         vertex 3.528143e+01 7.189507e+01 5.032340e+01
         vertex 3.528143e+01 7.589507e+01 5.124648e+01
      endloop
   endfacet
   facet normal -1.000000e+00 0.000000e+00 0.000000e+00
      outer loop
         vertex 3.528143e+01 7.589507e+01 5.124648e+01
         vertex 3.528143e+01 7.189507e+01 5.032340e+01
         vertex 3.528143e+01 7.189507e+01 5.294840e+01
      endloop
   endfacet
   facet normal -1.000000e+00 0.000000e+00 0.000000e+00
      outer loop
         vertex 3.528143e+01 7.589507e+01 5.124648e+01
         vertex 3.528143e+01 7.189507e+01 5.294840e+01
         vertex 3.528143e+01 7.739507e+01 5.164840e+01
      endloop
   endfacet
   facet normal -1.000000e+00 0.000000e+00 0.000000e+00
      outer loop
         vertex 3.528143e+01 7.739507e+01 5.164840e+01
         vertex 3.528143e+01 7.189507e+01 5.294840e+01
         vertex 3.528143e+01 8.289507e+01 5.294840e+01
      endloop
   endfacet
   facet normal -1.000000e+00 0.000000e+00 0.000000e+00
      outer loop
         vertex 3.528143e+01 7.439507e+01 4.864840e+01
         vertex 3.528143e+01 7.479699e+01 4.714840e+01
         vertex 3.528143e+01 7.189507e+01 4.434840e+01
      endloop
   endfacet
   facet normal -1.000000e+00 0.000000e+00 0.000000e+00
      outer loop
         vertex 3.528143e+01 7.889507e+01 4.605033e+01
         vertex 3.528143e+01 8.289507e+01 4.434840e+01
         vertex 3.528143e+01 7.739507e+01 4.564840e+01
      endloop
   endfacet
   facet normal -1.000000e+00 0.000000e+00 0.000000e+00
      outer loop
         vertex 3.528143e+01 7.739507e+01 4.564840e+01
         vertex 3.528143e+01 8.289507e+01 4.434840e+01
         vertex 3.528143e+01 7.189507e+01 4.434840e+01
      endloop
   endfacet
   facet normal -1.000000e+00 0.000000e+00 0.000000e+00
      outer loop
         vertex 3.528143e+01 7.739507e+01 4.564840e+01
         vertex 3.528143e+01 7.189507e+01 4.434840e+01
         vertex 3.528143e+01 7.589507e+01 4.605033e+01
      endloop
   endfacet
   facet normal -1.000000e+00 0.000000e+00 0.000000e+00
      outer loop
         vertex 3.528143e+01 7.589507e+01 4.605033e+01
         vertex 3.528143e+01 7.189507e+01 4.434840e+01
         vertex 3.528143e+01 7.479699e+01 4.714840e+01
      endloop
   endfacet
   facet normal -1.000000e+00 0.000000e+00 0.000000e+00
      outer loop
         vertex 3.528143e+01 7.999315e+01 4.714840e+01
         vertex 3.528143e+01 8.039507e+01 4.864840e+01
         vertex 3.528143e+01 8.289507e+01 5.032340e+01
      endloop
   endfacet
   facet normal -1.000000e+00 0.000000e+00 0.000000e+00
      outer loop
         vertex 3.528143e+01 8.289507e+01 5.032340e+01
         vertex 3.528143e+01 8.039507e+01 4.864840e+01
         vertex 3.528143e+01 7.999315e+01 5.014840e+01
      endloop
   endfacet
   facet normal -1.000000e+00 0.000000e+00 0.000000e+00
      outer loop
         vertex 3.528143e+01 8.289507e+01 5.032340e+01
         vertex 3.528143e+01 7.999315e+01 5.014840e+01
         vertex 3.528143e+01 8.289507e+01 5.294840e+01
      endloop
   endfacet
   facet normal -1.000000e+00 0.000000e+00 0.000000e+00
      outer loop
         vertex 3.528143e+01 8.289507e+01 5.294840e+01
         vertex 3.528143e+01 7.999315e+01 5.014840e+01
         vertex 3.528143e+01 7.889507e+01 5.124648e+01
      endloop
   endfacet
   facet normal -1.000000e+00 0.000000e+00 0.000000e+00
      outer loop
         vertex 3.528143e+01 8.289507e+01 5.294840e+01
         vertex 3.528143e+01 7.889507e+01 5.124648e+01
         vertex 3.528143e+01 7.739507e+01 5.164840e+01
      endloop
   endfacet
   facet normal -1.000000e+00 0.000000e+00 0.000000e+00
      outer loop
         vertex 3.528143e+01 6.379699e+01 5.609840e+01
         vertex 3.528143e+01 6.339507e+01 5.459840e+01
         vertex 3.528143e+01 6.089507e+01 5.294840e+01
      endloop
   endfacet
   facet normal -1.000000e+00 0.000000e+00 0.000000e+00
      outer loop
         vertex 3.528143e+01 6.939507e+01 5.459840e+01
         vertex 3.528143e+01 6.899315e+01 5.609840e+01
         vertex 3.528143e+01 7.189507e+01 5.892340e+01
      endloop
   endfacet
   facet normal -1.000000e+00 0.000000e+00 0.000000e+00
      outer loop
         vertex 3.528143e+01 6.899315e+01 5.609840e+01
         vertex 3.528143e+01 6.789507e+01 5.719648e+01
         vertex 3.528143e+01 7.189507e+01 5.892340e+01
      endloop
   endfacet
   facet normal -1.000000e+00 0.000000e+00 0.000000e+00
      outer loop
         vertex 3.528143e+01 7.189507e+01 5.892340e+01
         vertex 3.528143e+01 6.789507e+01 5.719648e+01
         vertex 3.528143e+01 6.639507e+01 5.759840e+01
      endloop
   endfacet
   facet normal -1.000000e+00 0.000000e+00 0.000000e+00
      outer loop
         vertex 3.528143e+01 7.189507e+01 5.892340e+01
         vertex 3.528143e+01 6.639507e+01 5.759840e+01
         vertex 3.528143e+01 6.089507e+01 5.892340e+01
      endloop
   endfacet
   facet normal -1.000000e+00 0.000000e+00 0.000000e+00
      outer loop
         vertex 3.528143e+01 6.089507e+01 5.892340e+01
         vertex 3.528143e+01 6.639507e+01 5.759840e+01
         vertex 3.528143e+01 6.489507e+01 5.719648e+01
      endloop
   endfacet
   facet normal -1.000000e+00 0.000000e+00 0.000000e+00
      outer loop
         vertex 3.528143e+01 6.089507e+01 5.892340e+01
         vertex 3.528143e+01 6.489507e+01 5.719648e+01
         vertex 3.528143e+01 6.379699e+01 5.609840e+01
      endloop
   endfacet
   facet normal -1.000000e+00 0.000000e+00 0.000000e+00
      outer loop
         vertex 3.528143e+01 6.379699e+01 5.309840e+01
         vertex 3.528143e+01 6.489507e+01 5.200033e+01
         vertex 3.528143e+01 6.089507e+01 5.032340e+01
      endloop
   endfacet
   facet normal -1.000000e+00 0.000000e+00 0.000000e+00
      outer loop
         vertex 3.528143e+01 6.089507e+01 5.032340e+01
         vertex 3.528143e+01 6.489507e+01 5.200033e+01
         vertex 3.528143e+01 6.639507e+01 5.159840e+01
      endloop
   endfacet
   facet normal -1.000000e+00 0.000000e+00 0.000000e+00
      outer loop
         vertex 3.528143e+01 6.089507e+01 5.032340e+01
         vertex 3.528143e+01 6.639507e+01 5.159840e+01
         vertex 3.528143e+01 7.189507e+01 5.032340e+01
      endloop
   endfacet
   facet normal -1.000000e+00 0.000000e+00 0.000000e+00
      outer loop
         vertex 3.528143e+01 7.189507e+01 5.032340e+01
         vertex 3.528143e+01 6.639507e+01 5.159840e+01
         vertex 3.528143e+01 6.789507e+01 5.200033e+01
      endloop
   endfacet
   facet normal -1.000000e+00 0.000000e+00 0.000000e+00
      outer loop
         vertex 3.528143e+01 7.189507e+01 5.032340e+01
         vertex 3.528143e+01 6.789507e+01 5.200033e+01
         vertex 3.528143e+01 7.189507e+01 5.294840e+01
      endloop
   endfacet
   facet normal -1.000000e+00 0.000000e+00 0.000000e+00
      outer loop
         vertex 3.528143e+01 7.189507e+01 5.294840e+01
         vertex 3.528143e+01 6.789507e+01 5.200033e+01
         vertex 3.528143e+01 6.899315e+01 5.309840e+01
      endloop
   endfacet
   facet normal -1.000000e+00 0.000000e+00 0.000000e+00
      outer loop
         vertex 3.528143e+01 5.279699e+01 5.574840e+01
         vertex 3.528143e+01 4.739507e+01 5.294840e+01
         vertex 3.528143e+01 5.239507e+01 5.724840e+01
      endloop
   endfacet
   facet normal -1.000000e+00 0.000000e+00 0.000000e+00
      outer loop
         vertex 3.528143e+01 5.239507e+01 5.724840e+01
         vertex 3.528143e+01 4.739507e+01 5.294840e+01
         vertex 3.528143e+01 4.739507e+01 5.892340e+01
      endloop
   endfacet
   facet normal -1.000000e+00 0.000000e+00 0.000000e+00
      outer loop
         vertex 3.528143e+01 5.239507e+01 5.724840e+01
         vertex 3.528143e+01 4.739507e+01 5.892340e+01
         vertex 3.528143e+01 5.279699e+01 5.874840e+01
      endloop
   endfacet
   facet normal -1.000000e+00 0.000000e+00 0.000000e+00
      outer loop
         vertex 3.528143e+01 5.279699e+01 5.874840e+01
         vertex 3.528143e+01 4.739507e+01 5.892340e+01
         vertex 3.528143e+01 5.389507e+01 5.984648e+01
      endloop
   endfacet
   facet normal -1.000000e+00 0.000000e+00 0.000000e+00
      outer loop
         vertex 3.528143e+01 6.379699e+01 5.609840e+01
         vertex 3.528143e+01 6.089507e+01 5.294840e+01
         vertex 3.528143e+01 6.089507e+01 5.892340e+01
      endloop
   endfacet
   facet normal -1.000000e+00 0.000000e+00 0.000000e+00
      outer loop
         vertex 3.528143e+01 6.089507e+01 5.892340e+01
         vertex 3.528143e+01 6.089507e+01 5.294840e+01
         vertex 3.528143e+01 5.799315e+01 5.574840e+01
      endloop
   endfacet
   facet normal -1.000000e+00 0.000000e+00 0.000000e+00
      outer loop
         vertex 3.528143e+01 6.089507e+01 5.892340e+01
         vertex 3.528143e+01 5.799315e+01 5.574840e+01
         vertex 3.528143e+01 5.839507e+01 5.724840e+01
      endloop
   endfacet
   facet normal -1.000000e+00 0.000000e+00 0.000000e+00
      outer loop
         vertex 3.528143e+01 5.279699e+01 5.574840e+01
         vertex 3.528143e+01 5.389507e+01 5.465033e+01
         vertex 3.528143e+01 4.739507e+01 5.294840e+01
      endloop
   endfacet
   facet normal -1.000000e+00 0.000000e+00 0.000000e+00
      outer loop
         vertex 3.528143e+01 4.739507e+01 5.294840e+01
         vertex 3.528143e+01 5.389507e+01 5.465033e+01
         vertex 3.528143e+01 5.539507e+01 5.424840e+01
      endloop
   endfacet
   facet normal -1.000000e+00 0.000000e+00 0.000000e+00
      outer loop
         vertex 3.528143e+01 4.739507e+01 5.294840e+01
         vertex 3.528143e+01 5.539507e+01 5.424840e+01
         vertex 3.528143e+01 6.089507e+01 5.294840e+01
      endloop
   endfacet
   facet normal -1.000000e+00 0.000000e+00 0.000000e+00
      outer loop
         vertex 3.528143e+01 6.089507e+01 5.294840e+01
         vertex 3.528143e+01 5.539507e+01 5.424840e+01
         vertex 3.528143e+01 5.689507e+01 5.465033e+01
      endloop
   endfacet
   facet normal -1.000000e+00 0.000000e+00 0.000000e+00
      outer loop
         vertex 3.528143e+01 6.089507e+01 5.294840e+01
         vertex 3.528143e+01 5.689507e+01 5.465033e+01
         vertex 3.528143e+01 5.799315e+01 5.574840e+01
      endloop
   endfacet
   facet normal -1.000000e+00 0.000000e+00 0.000000e+00
      outer loop
         vertex 3.528143e+01 4.346606e+01 4.305641e+01
         vertex 3.528143e+01 4.251461e+01 4.875813e+01
         vertex 3.528143e+01 4.739507e+01 4.434840e+01
      endloop
   endfacet
   facet normal -1.000000e+00 0.000000e+00 0.000000e+00
      outer loop
         vertex 3.528143e+01 4.739507e+01 4.434840e+01
         vertex 3.528143e+01 4.251461e+01 4.875813e+01
         vertex 3.528143e+01 4.739507e+01 5.032340e+01
      endloop
   endfacet
   facet normal -1.000000e+00 0.000000e+00 0.000000e+00
      outer loop
         vertex 3.528143e+01 4.739507e+01 4.434840e+01
         vertex 3.528143e+01 4.739507e+01 5.032340e+01
         vertex 3.528143e+01 5.279699e+01 4.754840e+01
      endloop
   endfacet
   facet normal -1.000000e+00 0.000000e+00 0.000000e+00
      outer loop
         vertex 3.528143e+01 5.279699e+01 4.754840e+01
         vertex 3.528143e+01 5.239507e+01 4.604840e+01
         vertex 3.528143e+01 4.739507e+01 4.434840e+01
      endloop
   endfacet
   facet normal -1.000000e+00 0.000000e+00 0.000000e+00
      outer loop
         vertex 3.528143e+01 4.739507e+01 4.434840e+01
         vertex 3.528143e+01 5.239507e+01 4.604840e+01
         vertex 3.528143e+01 5.279699e+01 4.454840e+01
      endloop
   endfacet
   facet normal -1.000000e+00 0.000000e+00 0.000000e+00
      outer loop
         vertex 3.528143e+01 4.739507e+01 4.434840e+01
         vertex 3.528143e+01 5.279699e+01 4.454840e+01
         vertex 3.528143e+01 5.739507e+01 2.914840e+01
      endloop
   endfacet
   facet normal -1.000000e+00 0.000000e+00 0.000000e+00
      outer loop
         vertex 3.528143e+01 5.739507e+01 2.914840e+01
         vertex 3.528143e+01 5.279699e+01 4.454840e+01
         vertex 3.528143e+01 5.389507e+01 4.345033e+01
      endloop
   endfacet
   facet normal -1.000000e+00 0.000000e+00 0.000000e+00
      outer loop
         vertex 3.528143e+01 5.739507e+01 2.914840e+01
         vertex 3.528143e+01 5.389507e+01 4.345033e+01
         vertex 3.528143e+01 5.539507e+01 4.304840e+01
      endloop
   endfacet
   facet normal -1.000000e+00 0.000000e+00 0.000000e+00
      outer loop
         vertex 3.528143e+01 5.839507e+01 4.604840e+01
         vertex 3.528143e+01 5.799315e+01 4.754840e+01
         vertex 3.528143e+01 6.089507e+01 5.032340e+01
      endloop
   endfacet
   facet normal -1.000000e+00 0.000000e+00 0.000000e+00
      outer loop
         vertex 3.528143e+01 5.799315e+01 4.754840e+01
         vertex 3.528143e+01 5.689507e+01 4.864648e+01
         vertex 3.528143e+01 6.089507e+01 5.032340e+01
      endloop
   endfacet
   facet normal -1.000000e+00 0.000000e+00 0.000000e+00
      outer loop
         vertex 3.528143e+01 6.089507e+01 5.032340e+01
         vertex 3.528143e+01 5.689507e+01 4.864648e+01
         vertex 3.528143e+01 5.539507e+01 4.904840e+01
      endloop
   endfacet
   facet normal -1.000000e+00 0.000000e+00 0.000000e+00
      outer loop
         vertex 3.528143e+01 6.089507e+01 5.032340e+01
         vertex 3.528143e+01 5.539507e+01 4.904840e+01
         vertex 3.528143e+01 4.739507e+01 5.032340e+01
      endloop
   endfacet
   facet normal -1.000000e+00 0.000000e+00 0.000000e+00
      outer loop
         vertex 3.528143e+01 4.739507e+01 5.032340e+01
         vertex 3.528143e+01 5.539507e+01 4.904840e+01
         vertex 3.528143e+01 5.389507e+01 4.864648e+01
      endloop
   endfacet
   facet normal -1.000000e+00 0.000000e+00 0.000000e+00
      outer loop
         vertex 3.528143e+01 4.739507e+01 5.032340e+01
         vertex 3.528143e+01 5.389507e+01 4.864648e+01
         vertex 3.528143e+01 5.279699e+01 4.754840e+01
      endloop
   endfacet
   facet normal -1.000000e+00 0.000000e+00 0.000000e+00
      outer loop
         vertex 3.528143e+01 9.789507e+01 4.864648e+01
         vertex 3.528143e+01 9.679699e+01 4.754840e+01
         vertex 3.528143e+01 9.389507e+01 5.032340e+01
      endloop
   endfacet
   facet normal -1.000000e+00 0.000000e+00 0.000000e+00
      outer loop
         vertex 3.528143e+01 9.389507e+01 5.032340e+01
         vertex 3.528143e+01 9.679699e+01 4.754840e+01
         vertex 3.528143e+01 9.389507e+01 4.434840e+01
      endloop
   endfacet
   facet normal -1.000000e+00 0.000000e+00 0.000000e+00
      outer loop
         vertex 3.528143e+01 9.389507e+01 5.032340e+01
         vertex 3.528143e+01 9.389507e+01 4.434840e+01
         vertex 3.528143e+01 8.289507e+01 5.032340e+01
      endloop
   endfacet
   facet normal -1.000000e+00 0.000000e+00 0.000000e+00
      outer loop
         vertex 3.528143e+01 8.289507e+01 5.032340e+01
         vertex 3.528143e+01 9.389507e+01 4.434840e+01
         vertex 3.528143e+01 8.289507e+01 4.434840e+01
      endloop
   endfacet
   facet normal -1.000000e+00 0.000000e+00 0.000000e+00
      outer loop
         vertex 3.528143e+01 8.289507e+01 5.032340e+01
         vertex 3.528143e+01 8.289507e+01 4.434840e+01
         vertex 3.528143e+01 7.999315e+01 4.714840e+01
      endloop
   endfacet
   facet normal -1.000000e+00 0.000000e+00 0.000000e+00
      outer loop
         vertex 3.528143e+01 7.999315e+01 4.714840e+01
         vertex 3.528143e+01 8.289507e+01 4.434840e+01
         vertex 3.528143e+01 7.889507e+01 4.605033e+01
      endloop
   endfacet
   facet normal -1.000000e+00 0.000000e+00 0.000000e+00
      outer loop
         vertex 3.528143e+01 8.689507e+01 5.719648e+01
         vertex 3.528143e+01 8.579699e+01 5.609840e+01
         vertex 3.528143e+01 8.289507e+01 5.892340e+01
      endloop
   endfacet
   facet normal -1.000000e+00 0.000000e+00 0.000000e+00
      outer loop
         vertex 3.528143e+01 8.289507e+01 5.892340e+01
         vertex 3.528143e+01 8.579699e+01 5.609840e+01
         vertex 3.528143e+01 8.289507e+01 5.294840e+01
      endloop
   endfacet
   facet normal -1.000000e+00 0.000000e+00 0.000000e+00
      outer loop
         vertex 3.528143e+01 8.289507e+01 5.892340e+01
         vertex 3.528143e+01 8.289507e+01 5.294840e+01
         vertex 3.528143e+01 7.189507e+01 5.892340e+01
      endloop
   endfacet
   facet normal -1.000000e+00 0.000000e+00 0.000000e+00
      outer loop
         vertex 3.528143e+01 7.189507e+01 5.892340e+01
         vertex 3.528143e+01 8.289507e+01 5.294840e+01
         vertex 3.528143e+01 7.189507e+01 5.294840e+01
      endloop
   endfacet
   facet normal -1.000000e+00 0.000000e+00 0.000000e+00
      outer loop
         vertex 3.528143e+01 7.189507e+01 5.892340e+01
         vertex 3.528143e+01 7.189507e+01 5.294840e+01
         vertex 3.528143e+01 6.939507e+01 5.459840e+01
      endloop
   endfacet
   facet normal -1.000000e+00 0.000000e+00 0.000000e+00
      outer loop
         vertex 3.528143e+01 6.939507e+01 5.459840e+01
         vertex 3.528143e+01 7.189507e+01 5.294840e+01
         vertex 3.528143e+01 6.899315e+01 5.309840e+01
      endloop
   endfacet
   facet normal -1.000000e+00 0.000000e+00 0.000000e+00
      outer loop
         vertex 3.528143e+01 7.479699e+01 5.014840e+01
         vertex 3.528143e+01 7.439507e+01 4.864840e+01
         vertex 3.528143e+01 7.189507e+01 5.032340e+01
      endloop
   endfacet
   facet normal -1.000000e+00 0.000000e+00 0.000000e+00
      outer loop
         vertex 3.528143e+01 7.189507e+01 5.032340e+01
         vertex 3.528143e+01 7.439507e+01 4.864840e+01
         vertex 3.528143e+01 7.189507e+01 4.434840e+01
      endloop
   endfacet
   facet normal -1.000000e+00 0.000000e+00 0.000000e+00
      outer loop
         vertex 3.528143e+01 7.189507e+01 5.032340e+01
         vertex 3.528143e+01 7.189507e+01 4.434840e+01
         vertex 3.528143e+01 6.089507e+01 5.032340e+01
      endloop
   endfacet
   facet normal -1.000000e+00 0.000000e+00 0.000000e+00
      outer loop
         vertex 3.528143e+01 6.089507e+01 5.032340e+01
         vertex 3.528143e+01 7.189507e+01 4.434840e+01
         vertex 3.528143e+01 6.089507e+01 4.434840e+01
      endloop
   endfacet
   facet normal -1.000000e+00 0.000000e+00 0.000000e+00
      outer loop
         vertex 3.528143e+01 6.089507e+01 5.032340e+01
         vertex 3.528143e+01 6.089507e+01 4.434840e+01
         vertex 3.528143e+01 5.839507e+01 4.604840e+01
      endloop
   endfacet
   facet normal -1.000000e+00 0.000000e+00 0.000000e+00
      outer loop
         vertex 3.528143e+01 5.839507e+01 4.604840e+01
         vertex 3.528143e+01 6.089507e+01 4.434840e+01
         vertex 3.528143e+01 5.799315e+01 4.454840e+01
      endloop
   endfacet
   facet normal -1.000000e+00 0.000000e+00 0.000000e+00
      outer loop
         vertex 3.528143e+01 6.339507e+01 5.459840e+01
         vertex 3.528143e+01 6.379699e+01 5.309840e+01
         vertex 3.528143e+01 6.089507e+01 5.294840e+01
      endloop
   endfacet
   facet normal -1.000000e+00 0.000000e+00 0.000000e+00
      outer loop
         vertex 3.528143e+01 6.089507e+01 5.294840e+01
         vertex 3.528143e+01 6.379699e+01 5.309840e+01
         vertex 3.528143e+01 6.089507e+01 5.032340e+01
      endloop
   endfacet
   facet normal -1.000000e+00 0.000000e+00 0.000000e+00
      outer loop
         vertex 3.528143e+01 6.089507e+01 5.294840e+01
         vertex 3.528143e+01 6.089507e+01 5.032340e+01
         vertex 3.528143e+01 4.739507e+01 5.294840e+01
      endloop
   endfacet
   facet normal -1.000000e+00 0.000000e+00 0.000000e+00
      outer loop
         vertex 3.528143e+01 4.739507e+01 5.294840e+01
         vertex 3.528143e+01 6.089507e+01 5.032340e+01
         vertex 3.528143e+01 4.739507e+01 5.032340e+01
      endloop
   endfacet
   facet normal -1.000000e+00 0.000000e+00 0.000000e+00
      outer loop
         vertex 3.528143e+01 4.739507e+01 5.294840e+01
         vertex 3.528143e+01 4.739507e+01 5.032340e+01
         vertex 3.528143e+01 4.251461e+01 5.453868e+01
      endloop
   endfacet
   facet normal -1.000000e+00 0.000000e+00 0.000000e+00
      outer loop
         vertex 3.528143e+01 4.251461e+01 5.453868e+01
         vertex 3.528143e+01 4.739507e+01 5.032340e+01
         vertex 3.528143e+01 4.251461e+01 4.875813e+01
      endloop
   endfacet
   facet normal -0.000000e+00 -2.588191e-01 -9.659258e-01
      outer loop
         vertex 4.228143e+01 5.539507e+01 5.849840e+01
         vertex 3.728143e+01 5.539507e+01 5.849840e+01
         vertex 4.228143e+01 5.602007e+01 5.833094e+01
      endloop
   endfacet
   facet normal -0.000000e+00 -2.588191e-01 -9.659258e-01
      outer loop
         vertex 4.228143e+01 5.602007e+01 5.833094e+01
         vertex 3.728143e+01 5.539507e+01 5.849840e+01
         vertex 3.728143e+01 5.602007e+01 5.833094e+01
      endloop
   endfacet
   facet normal -0.000000e+00 -7.071061e-01 -7.071075e-01
      outer loop
         vertex 4.228143e+01 5.602007e+01 5.833094e+01
         vertex 3.728143e+01 5.602007e+01 5.833094e+01
         vertex 4.228143e+01 5.647760e+01 5.787340e+01
      endloop
   endfacet
   facet normal -0.000000e+00 -7.071061e-01 -7.071075e-01
      outer loop
         vertex 4.228143e+01 5.647760e+01 5.787340e+01
         vertex 3.728143e+01 5.602007e+01 5.833094e+01
         vertex 3.728143e+01 5.647760e+01 5.787340e+01
      endloop
   endfacet
   facet normal -0.000000e+00 -9.659257e-01 -2.588194e-01
      outer loop
         vertex 4.228143e+01 5.647760e+01 5.787340e+01
         vertex 3.728143e+01 5.647760e+01 5.787340e+01
         vertex 4.228143e+01 5.664507e+01 5.724840e+01
      endloop
   endfacet
   facet normal -0.000000e+00 -9.659257e-01 -2.588194e-01
      outer loop
         vertex 4.228143e+01 5.664507e+01 5.724840e+01
         vertex 3.728143e+01 5.647760e+01 5.787340e+01
         vertex 3.728143e+01 5.664507e+01 5.724840e+01
      endloop
   endfacet
   facet normal 0.000000e+00 -9.659257e-01 2.588196e-01
      outer loop
         vertex 4.228143e+01 5.664507e+01 5.724840e+01
         vertex 3.728143e+01 5.664507e+01 5.724840e+01
         vertex 4.228143e+01 5.647760e+01 5.662340e+01
      endloop
   endfacet
   facet normal 0.000000e+00 -9.659257e-01 2.588196e-01
      outer loop
         vertex 4.228143e+01 5.647760e+01 5.662340e+01
         vertex 3.728143e+01 5.664507e+01 5.724840e+01
         vertex 3.728143e+01 5.647760e+01 5.662340e+01
      endloop
   endfacet
   facet normal 0.000000e+00 -7.071061e-01 7.071075e-01
      outer loop
         vertex 4.228143e+01 5.647760e+01 5.662340e+01
         vertex 3.728143e+01 5.647760e+01 5.662340e+01
         vertex 4.228143e+01 5.602007e+01 5.616587e+01
      endloop
   endfacet
   facet normal 0.000000e+00 -7.071061e-01 7.071075e-01
      outer loop
         vertex 4.228143e+01 5.602007e+01 5.616587e+01
         vertex 3.728143e+01 5.647760e+01 5.662340e+01
         vertex 3.728143e+01 5.602007e+01 5.616587e+01
      endloop
   endfacet
   facet normal 0.000000e+00 -2.588191e-01 9.659258e-01
      outer loop
         vertex 4.228143e+01 5.602007e+01 5.616587e+01
         vertex 3.728143e+01 5.602007e+01 5.616587e+01
         vertex 4.228143e+01 5.539507e+01 5.599840e+01
      endloop
   endfacet
   facet normal 0.000000e+00 -2.588191e-01 9.659258e-01
      outer loop
         vertex 4.228143e+01 5.539507e+01 5.599840e+01
         vertex 3.728143e+01 5.602007e+01 5.616587e+01
         vertex 3.728143e+01 5.539507e+01 5.599840e+01
      endloop
   endfacet
   facet normal 0.000000e+00 2.588191e-01 9.659258e-01
      outer loop
         vertex 4.228143e+01 5.539507e+01 5.599840e+01
         vertex 3.728143e+01 5.539507e+01 5.599840e+01
         vertex 4.228143e+01 5.477007e+01 5.616587e+01
      endloop
   endfacet
   facet normal 0.000000e+00 2.588191e-01 9.659258e-01
      outer loop
         vertex 4.228143e+01 5.477007e+01 5.616587e+01
         vertex 3.728143e+01 5.539507e+01 5.599840e+01
         vertex 3.728143e+01 5.477007e+01 5.616587e+01
      endloop
   endfacet
   facet normal 0.000000e+00 7.071061e-01 7.071075e-01
      outer loop
         vertex 4.228143e+01 5.477007e+01 5.616587e+01
         vertex 3.728143e+01 5.477007e+01 5.616587e+01
         vertex 4.228143e+01 5.431254e+01 5.662340e+01
      endloop
   endfacet
   facet normal 0.000000e+00 7.071061e-01 7.071075e-01
      outer loop
         vertex 4.228143e+01 5.431254e+01 5.662340e+01
         vertex 3.728143e+01 5.477007e+01 5.616587e+01
         vertex 3.728143e+01 5.431254e+01 5.662340e+01
      endloop
   endfacet
   facet normal 0.000000e+00 9.659257e-01 2.588196e-01
      outer loop
         vertex 4.228143e+01 5.431254e+01 5.662340e+01
         vertex 3.728143e+01 5.431254e+01 5.662340e+01
         vertex 4.228143e+01 5.414507e+01 5.724840e+01
      endloop
   endfacet
   facet normal 0.000000e+00 9.659257e-01 2.588196e-01
      outer loop
         vertex 4.228143e+01 5.414507e+01 5.724840e+01
         vertex 3.728143e+01 5.431254e+01 5.662340e+01
         vertex 3.728143e+01 5.414507e+01 5.724840e+01
      endloop
   endfacet
   facet normal 0.000000e+00 9.659257e-01 -2.588194e-01
      outer loop
         vertex 4.228143e+01 5.414507e+01 5.724840e+01
         vertex 3.728143e+01 5.414507e+01 5.724840e+01
         vertex 4.228143e+01 5.431254e+01 5.787340e+01
      endloop
   endfacet
   facet normal 0.000000e+00 9.659257e-01 -2.588194e-01
      outer loop
         vertex 4.228143e+01 5.431254e+01 5.787340e+01
         vertex 3.728143e+01 5.414507e+01 5.724840e+01
         vertex 3.728143e+01 5.431254e+01 5.787340e+01
      endloop
   endfacet
   facet normal 0.000000e+00 7.071061e-01 -7.071075e-01
      outer loop
         vertex 4.228143e+01 5.431254e+01 5.787340e+01
         vertex 3.728143e+01 5.431254e+01 5.787340e+01
         vertex 4.228143e+01 5.477007e+01 5.833094e+01
      endloop
   endfacet
   facet normal 0.000000e+00 7.071061e-01 -7.071075e-01
      outer loop
         vertex 4.228143e+01 5.477007e+01 5.833094e+01
         vertex 3.728143e+01 5.431254e+01 5.787340e+01
         vertex 3.728143e+01 5.477007e+01 5.833094e+01
      endloop
   endfacet
   facet normal 0.000000e+00 2.588191e-01 -9.659258e-01
      outer loop
         vertex 4.228143e+01 5.477007e+01 5.833094e+01
         vertex 3.728143e+01 5.477007e+01 5.833094e+01
         vertex 4.228143e+01 5.539507e+01 5.849840e+01
      endloop
   endfacet
   facet normal 0.000000e+00 2.588191e-01 -9.659258e-01
      outer loop
         vertex 4.228143e+01 5.539507e+01 5.849840e+01
         vertex 3.728143e+01 5.477007e+01 5.833094e+01
         vertex 3.728143e+01 5.539507e+01 5.849840e+01
      endloop
   endfacet
   facet normal -0.000000e+00 -2.588191e-01 -9.659258e-01
      outer loop
         vertex 4.228143e+01 9.939507e+01 4.729840e+01
         vertex 3.728143e+01 9.939507e+01 4.729840e+01
         vertex 4.228143e+01 1.000201e+02 4.713094e+01
      endloop
   endfacet
   facet normal -0.000000e+00 -2.588191e-01 -9.659258e-01
      outer loop
         vertex 4.228143e+01 1.000201e+02 4.713094e+01
         vertex 3.728143e+01 9.939507e+01 4.729840e+01
         vertex 3.728143e+01 1.000201e+02 4.713094e+01
      endloop
   endfacet
   facet normal -0.000000e+00 -7.071061e-01 -7.071075e-01
      outer loop
         vertex 4.228143e+01 1.000201e+02 4.713094e+01
         vertex 3.728143e+01 1.000201e+02 4.713094e+01
         vertex 4.228143e+01 1.004776e+02 4.667340e+01
      endloop
   endfacet
   facet normal -0.000000e+00 -7.071061e-01 -7.071075e-01
      outer loop
         vertex 4.228143e+01 1.004776e+02 4.667340e+01
         vertex 3.728143e+01 1.000201e+02 4.713094e+01
         vertex 3.728143e+01 1.004776e+02 4.667340e+01
      endloop
   endfacet
   facet normal -0.000000e+00 -9.659257e-01 -2.588196e-01
      outer loop
         vertex 4.228143e+01 1.004776e+02 4.667340e+01
         vertex 3.728143e+01 1.004776e+02 4.667340e+01
         vertex 4.228143e+01 1.006451e+02 4.604840e+01
      endloop
   endfacet
   facet normal -0.000000e+00 -9.659257e-01 -2.588196e-01
      outer loop
         vertex 4.228143e+01 1.006451e+02 4.604840e+01
         vertex 3.728143e+01 1.004776e+02 4.667340e+01
         vertex 3.728143e+01 1.006451e+02 4.604840e+01
      endloop
   endfacet
   facet normal 0.000000e+00 -9.659257e-01 2.588194e-01
      outer loop
         vertex 4.228143e+01 1.006451e+02 4.604840e+01
         vertex 3.728143e+01 1.006451e+02 4.604840e+01
         vertex 4.228143e+01 1.004776e+02 4.542340e+01
      endloop
   endfacet
   facet normal 0.000000e+00 -9.659257e-01 2.588194e-01
      outer loop
         vertex 4.228143e+01 1.004776e+02 4.542340e+01
         vertex 3.728143e+01 1.006451e+02 4.604840e+01
         vertex 3.728143e+01 1.004776e+02 4.542340e+01
      endloop
   endfacet
   facet normal 0.000000e+00 -7.071061e-01 7.071075e-01
      outer loop
         vertex 4.228143e+01 1.004776e+02 4.542340e+01
         vertex 3.728143e+01 1.004776e+02 4.542340e+01
         vertex 4.228143e+01 1.000201e+02 4.496587e+01
      endloop
   endfacet
   facet normal 0.000000e+00 -7.071061e-01 7.071075e-01
      outer loop
         vertex 4.228143e+01 1.000201e+02 4.496587e+01
         vertex 3.728143e+01 1.004776e+02 4.542340e+01
         vertex 3.728143e+01 1.000201e+02 4.496587e+01
      endloop
   endfacet
   facet normal 0.000000e+00 -2.588191e-01 9.659258e-01
      outer loop
         vertex 4.228143e+01 1.000201e+02 4.496587e+01
         vertex 3.728143e+01 1.000201e+02 4.496587e+01
         vertex 4.228143e+01 9.939507e+01 4.479840e+01
      endloop
   endfacet
   facet normal 0.000000e+00 -2.588191e-01 9.659258e-01
      outer loop
         vertex 4.228143e+01 9.939507e+01 4.479840e+01
         vertex 3.728143e+01 1.000201e+02 4.496587e+01
         vertex 3.728143e+01 9.939507e+01 4.479840e+01
      endloop
   endfacet
   facet normal 0.000000e+00 2.588191e-01 9.659258e-01
      outer loop
         vertex 4.228143e+01 9.939507e+01 4.479840e+01
         vertex 3.728143e+01 9.939507e+01 4.479840e+01
         vertex 4.228143e+01 9.877007e+01 4.496587e+01
      endloop
   endfacet
   facet normal 0.000000e+00 2.588191e-01 9.659258e-01
      outer loop
         vertex 4.228143e+01 9.877007e+01 4.496587e+01
         vertex 3.728143e+01 9.939507e+01 4.479840e+01
         vertex 3.728143e+01 9.877007e+01 4.496587e+01
      endloop
   endfacet
   facet normal 0.000000e+00 7.071061e-01 7.071075e-01
      outer loop
         vertex 4.228143e+01 9.877007e+01 4.496587e+01
         vertex 3.728143e+01 9.877007e+01 4.496587e+01
         vertex 4.228143e+01 9.831254e+01 4.542340e+01
      endloop
   endfacet
   facet normal 0.000000e+00 7.071061e-01 7.071075e-01
      outer loop
         vertex 4.228143e+01 9.831254e+01 4.542340e+01
         vertex 3.728143e+01 9.877007e+01 4.496587e+01
         vertex 3.728143e+01 9.831254e+01 4.542340e+01
      endloop
   endfacet
   facet normal 0.000000e+00 9.659257e-01 2.588194e-01
      outer loop
         vertex 4.228143e+01 9.831254e+01 4.542340e+01
         vertex 3.728143e+01 9.831254e+01 4.542340e+01
         vertex 4.228143e+01 9.814507e+01 4.604840e+01
      endloop
   endfacet
   facet normal 0.000000e+00 9.659257e-01 2.588194e-01
      outer loop
         vertex 4.228143e+01 9.814507e+01 4.604840e+01
         vertex 3.728143e+01 9.831254e+01 4.542340e+01
         vertex 3.728143e+01 9.814507e+01 4.604840e+01
      endloop
   endfacet
   facet normal 0.000000e+00 9.659257e-01 -2.588196e-01
      outer loop
         vertex 4.228143e+01 9.814507e+01 4.604840e+01
         vertex 3.728143e+01 9.814507e+01 4.604840e+01
         vertex 4.228143e+01 9.831254e+01 4.667340e+01
      endloop
   endfacet
   facet normal 0.000000e+00 9.659257e-01 -2.588196e-01
      outer loop
         vertex 4.228143e+01 9.831254e+01 4.667340e+01
         vertex 3.728143e+01 9.814507e+01 4.604840e+01
         vertex 3.728143e+01 9.831254e+01 4.667340e+01
      endloop
   endfacet
   facet normal 0.000000e+00 7.071061e-01 -7.071075e-01
      outer loop
         vertex 4.228143e+01 9.831254e+01 4.667340e+01
         vertex 3.728143e+01 9.831254e+01 4.667340e+01
         vertex 4.228143e+01 9.877007e+01 4.713094e+01
      endloop
   endfacet
   facet normal 0.000000e+00 7.071061e-01 -7.071075e-01
      outer loop
         vertex 4.228143e+01 9.877007e+01 4.713094e+01
         vertex 3.728143e+01 9.831254e+01 4.667340e+01
         vertex 3.728143e+01 9.877007e+01 4.713094e+01
      endloop
   endfacet
   facet normal 0.000000e+00 2.588191e-01 -9.659258e-01
      outer loop
         vertex 4.228143e+01 9.877007e+01 4.713094e+01
         vertex 3.728143e+01 9.877007e+01 4.713094e+01
         vertex 4.228143e+01 9.939507e+01 4.729840e+01
      endloop
   endfacet
   facet normal 0.000000e+00 2.588191e-01 -9.659258e-01
      outer loop
         vertex 4.228143e+01 9.939507e+01 4.729840e+01
         vertex 3.728143e+01 9.877007e+01 4.713094e+01
         vertex 3.728143e+01 9.939507e+01 4.729840e+01
      endloop
   endfacet
   facet normal -0.000000e+00 -2.588191e-01 -9.659258e-01
      outer loop
         vertex 4.228143e+01 9.939507e+01 5.849840e+01
         vertex 3.728143e+01 9.939507e+01 5.849840e+01
         vertex 4.228143e+01 1.000201e+02 5.833094e+01
      endloop
   endfacet
   facet normal -0.000000e+00 -2.588191e-01 -9.659258e-01
      outer loop
         vertex 4.228143e+01 1.000201e+02 5.833094e+01
         vertex 3.728143e+01 9.939507e+01 5.849840e+01
         vertex 3.728143e+01 1.000201e+02 5.833094e+01
      endloop
   endfacet
   facet normal -0.000000e+00 -7.071061e-01 -7.071075e-01
      outer loop
         vertex 4.228143e+01 1.000201e+02 5.833094e+01
         vertex 3.728143e+01 1.000201e+02 5.833094e+01
         vertex 4.228143e+01 1.004776e+02 5.787340e+01
      endloop
   endfacet
   facet normal -0.000000e+00 -7.071061e-01 -7.071075e-01
      outer loop
         vertex 4.228143e+01 1.004776e+02 5.787340e+01
         vertex 3.728143e+01 1.000201e+02 5.833094e+01
         vertex 3.728143e+01 1.004776e+02 5.787340e+01
      endloop
   endfacet
   facet normal -0.000000e+00 -9.659257e-01 -2.588194e-01
      outer loop
         vertex 4.228143e+01 1.004776e+02 5.787340e+01
         vertex 3.728143e+01 1.004776e+02 5.787340e+01
         vertex 4.228143e+01 1.006451e+02 5.724840e+01
      endloop
   endfacet
   facet normal -0.000000e+00 -9.659257e-01 -2.588194e-01
      outer loop
         vertex 4.228143e+01 1.006451e+02 5.724840e+01
         vertex 3.728143e+01 1.004776e+02 5.787340e+01
         vertex 3.728143e+01 1.006451e+02 5.724840e+01
      endloop
   endfacet
   facet normal 0.000000e+00 -9.659257e-01 2.588196e-01
      outer loop
         vertex 4.228143e+01 1.006451e+02 5.724840e+01
         vertex 3.728143e+01 1.006451e+02 5.724840e+01
         vertex 4.228143e+01 1.004776e+02 5.662340e+01
      endloop
   endfacet
   facet normal 0.000000e+00 -9.659257e-01 2.588196e-01
      outer loop
         vertex 4.228143e+01 1.004776e+02 5.662340e+01
         vertex 3.728143e+01 1.006451e+02 5.724840e+01
         vertex 3.728143e+01 1.004776e+02 5.662340e+01
      endloop
   endfacet
   facet normal 0.000000e+00 -7.071061e-01 7.071075e-01
      outer loop
         vertex 4.228143e+01 1.004776e+02 5.662340e+01
         vertex 3.728143e+01 1.004776e+02 5.662340e+01
         vertex 4.228143e+01 1.000201e+02 5.616587e+01
      endloop
   endfacet
   facet normal 0.000000e+00 -7.071061e-01 7.071075e-01
      outer loop
         vertex 4.228143e+01 1.000201e+02 5.616587e+01
         vertex 3.728143e+01 1.004776e+02 5.662340e+01
         vertex 3.728143e+01 1.000201e+02 5.616587e+01
      endloop
   endfacet
   facet normal 0.000000e+00 -2.588191e-01 9.659258e-01
      outer loop
         vertex 4.228143e+01 1.000201e+02 5.616587e+01
         vertex 3.728143e+01 1.000201e+02 5.616587e+01
         vertex 4.228143e+01 9.939507e+01 5.599840e+01
      endloop
   endfacet
   facet normal 0.000000e+00 -2.588191e-01 9.659258e-01
      outer loop
         vertex 4.228143e+01 9.939507e+01 5.599840e+01
         vertex 3.728143e+01 1.000201e+02 5.616587e+01
         vertex 3.728143e+01 9.939507e+01 5.599840e+01
      endloop
   endfacet
   facet normal 0.000000e+00 2.588191e-01 9.659258e-01
      outer loop
         vertex 4.228143e+01 9.939507e+01 5.599840e+01
         vertex 3.728143e+01 9.939507e+01 5.599840e+01
         vertex 4.228143e+01 9.877007e+01 5.616587e+01
      endloop
   endfacet
   facet normal 0.000000e+00 2.588191e-01 9.659258e-01
      outer loop
         vertex 4.228143e+01 9.877007e+01 5.616587e+01
         vertex 3.728143e+01 9.939507e+01 5.599840e+01
         vertex 3.728143e+01 9.877007e+01 5.616587e+01
      endloop
   endfacet
   facet normal 0.000000e+00 7.071061e-01 7.071075e-01
      outer loop
         vertex 4.228143e+01 9.877007e+01 5.616587e+01
         vertex 3.728143e+01 9.877007e+01 5.616587e+01
         vertex 4.228143e+01 9.831254e+01 5.662340e+01
      endloop
   endfacet
   facet normal 0.000000e+00 7.071061e-01 7.071075e-01
      outer loop
         vertex 4.228143e+01 9.831254e+01 5.662340e+01
         vertex 3.728143e+01 9.877007e+01 5.616587e+01
         vertex 3.728143e+01 9.831254e+01 5.662340e+01
      endloop
   endfacet
   facet normal 0.000000e+00 9.659257e-01 2.588196e-01
      outer loop
         vertex 4.228143e+01 9.831254e+01 5.662340e+01
         vertex 3.728143e+01 9.831254e+01 5.662340e+01
         vertex 4.228143e+01 9.814507e+01 5.724840e+01
      endloop
   endfacet
   facet normal 0.000000e+00 9.659257e-01 2.588196e-01
      outer loop
         vertex 4.228143e+01 9.814507e+01 5.724840e+01
         vertex 3.728143e+01 9.831254e+01 5.662340e+01
         vertex 3.728143e+01 9.814507e+01 5.724840e+01
      endloop
   endfacet
   facet normal 0.000000e+00 9.659257e-01 -2.588194e-01
      outer loop
         vertex 4.228143e+01 9.814507e+01 5.724840e+01
         vertex 3.728143e+01 9.814507e+01 5.724840e+01
         vertex 4.228143e+01 9.831254e+01 5.787340e+01
      endloop
   endfacet
   facet normal 0.000000e+00 9.659257e-01 -2.588194e-01
      outer loop
         vertex 4.228143e+01 9.831254e+01 5.787340e+01
         vertex 3.728143e+01 9.814507e+01 5.724840e+01
         vertex 3.728143e+01 9.831254e+01 5.787340e+01
      endloop
   endfacet
   facet normal 0.000000e+00 7.071061e-01 -7.071075e-01
      outer loop
         vertex 4.228143e+01 9.831254e+01 5.787340e+01
         vertex 3.728143e+01 9.831254e+01 5.787340e+01
         vertex 4.228143e+01 9.877007e+01 5.833094e+01
      endloop
   endfacet
   facet normal 0.000000e+00 7.071061e-01 -7.071075e-01
      outer loop
         vertex 4.228143e+01 9.877007e+01 5.833094e+01
         vertex 3.728143e+01 9.831254e+01 5.787340e+01
         vertex 3.728143e+01 9.877007e+01 5.833094e+01
      endloop
   endfacet
   facet normal 0.000000e+00 2.588191e-01 -9.659258e-01
      outer loop
         vertex 4.228143e+01 9.877007e+01 5.833094e+01
         vertex 3.728143e+01 9.877007e+01 5.833094e+01
         vertex 4.228143e+01 9.939507e+01 5.849840e+01
      endloop
   endfacet
   facet normal 0.000000e+00 2.588191e-01 -9.659258e-01
      outer loop
         vertex 4.228143e+01 9.939507e+01 5.849840e+01
         vertex 3.728143e+01 9.877007e+01 5.833094e+01
         vertex 3.728143e+01 9.939507e+01 5.849840e+01
      endloop
   endfacet
   facet normal -0.000000e+00 -2.588194e-01 -9.659257e-01
      outer loop
         vertex 4.228143e+01 8.839507e+01 5.589840e+01
         vertex 3.728143e+01 8.839507e+01 5.589840e+01
         vertex 4.228143e+01 8.902007e+01 5.573094e+01
      endloop
   endfacet
   facet normal -0.000000e+00 -2.588194e-01 -9.659257e-01
      outer loop
         vertex 4.228143e+01 8.902007e+01 5.573094e+01
         vertex 3.728143e+01 8.839507e+01 5.589840e+01
         vertex 3.728143e+01 8.902007e+01 5.573094e+01
      endloop
   endfacet
   facet normal -0.000000e+00 -7.071068e-01 -7.071068e-01
      outer loop
         vertex 4.228143e+01 8.902007e+01 5.573094e+01
         vertex 3.728143e+01 8.902007e+01 5.573094e+01
         vertex 4.228143e+01 8.947760e+01 5.527340e+01
      endloop
   endfacet
   facet normal -0.000000e+00 -7.071068e-01 -7.071068e-01
      outer loop
         vertex 4.228143e+01 8.947760e+01 5.527340e+01
         vertex 3.728143e+01 8.902007e+01 5.573094e+01
         vertex 3.728143e+01 8.947760e+01 5.527340e+01
      endloop
   endfacet
   facet normal -0.000000e+00 -9.659260e-01 -2.588182e-01
      outer loop
         vertex 4.228143e+01 8.947760e+01 5.527340e+01
         vertex 3.728143e+01 8.947760e+01 5.527340e+01
         vertex 4.228143e+01 8.964507e+01 5.464840e+01
      endloop
   endfacet
   facet normal -0.000000e+00 -9.659260e-01 -2.588182e-01
      outer loop
         vertex 4.228143e+01 8.964507e+01 5.464840e+01
         vertex 3.728143e+01 8.947760e+01 5.527340e+01
         vertex 3.728143e+01 8.964507e+01 5.464840e+01
      endloop
   endfacet
   facet normal 0.000000e+00 -9.659261e-01 2.588181e-01
      outer loop
         vertex 4.228143e+01 8.964507e+01 5.464840e+01
         vertex 3.728143e+01 8.964507e+01 5.464840e+01
         vertex 4.228143e+01 8.947760e+01 5.402340e+01
      endloop
   endfacet
   facet normal 0.000000e+00 -9.659261e-01 2.588181e-01
      outer loop
         vertex 4.228143e+01 8.947760e+01 5.402340e+01
         vertex 3.728143e+01 8.964507e+01 5.464840e+01
         vertex 3.728143e+01 8.947760e+01 5.402340e+01
      endloop
   endfacet
   facet normal 0.000000e+00 -7.071067e-01 7.071069e-01
      outer loop
         vertex 4.228143e+01 8.947760e+01 5.402340e+01
         vertex 3.728143e+01 8.947760e+01 5.402340e+01
         vertex 4.228143e+01 8.902007e+01 5.356587e+01
      endloop
   endfacet
   facet normal 0.000000e+00 -7.071067e-01 7.071069e-01
      outer loop
         vertex 4.228143e+01 8.902007e+01 5.356587e+01
         vertex 3.728143e+01 8.947760e+01 5.402340e+01
         vertex 3.728143e+01 8.902007e+01 5.356587e+01
      endloop
   endfacet
   facet normal 0.000000e+00 -2.588189e-01 9.659259e-01
      outer loop
         vertex 4.228143e+01 8.902007e+01 5.356587e+01
         vertex 3.728143e+01 8.902007e+01 5.356587e+01
         vertex 4.228143e+01 8.839507e+01 5.339840e+01
      endloop
   endfacet
   facet normal 0.000000e+00 -2.588189e-01 9.659259e-01
      outer loop
         vertex 4.228143e+01 8.839507e+01 5.339840e+01
         vertex 3.728143e+01 8.902007e+01 5.356587e+01
         vertex 3.728143e+01 8.839507e+01 5.339840e+01
      endloop
   endfacet
   facet normal 0.000000e+00 2.588189e-01 9.659259e-01
      outer loop
         vertex 4.228143e+01 8.839507e+01 5.339840e+01
         vertex 3.728143e+01 8.839507e+01 5.339840e+01
         vertex 4.228143e+01 8.777007e+01 5.356587e+01
      endloop
   endfacet
   facet normal 0.000000e+00 2.588189e-01 9.659259e-01
      outer loop
         vertex 4.228143e+01 8.777007e+01 5.356587e+01
         vertex 3.728143e+01 8.839507e+01 5.339840e+01
         vertex 3.728143e+01 8.777007e+01 5.356587e+01
      endloop
   endfacet
   facet normal 0.000000e+00 7.071067e-01 7.071069e-01
      outer loop
         vertex 4.228143e+01 8.777007e+01 5.356587e+01
         vertex 3.728143e+01 8.777007e+01 5.356587e+01
         vertex 4.228143e+01 8.731254e+01 5.402340e+01
      endloop
   endfacet
   facet normal 0.000000e+00 7.071067e-01 7.071069e-01
      outer loop
         vertex 4.228143e+01 8.731254e+01 5.402340e+01
         vertex 3.728143e+01 8.777007e+01 5.356587e+01
         vertex 3.728143e+01 8.731254e+01 5.402340e+01
      endloop
   endfacet
   facet normal 0.000000e+00 9.659261e-01 2.588181e-01
      outer loop
         vertex 4.228143e+01 8.731254e+01 5.402340e+01
         vertex 3.728143e+01 8.731254e+01 5.402340e+01
         vertex 4.228143e+01 8.714507e+01 5.464840e+01
      endloop
   endfacet
   facet normal 0.000000e+00 9.659261e-01 2.588181e-01
      outer loop
         vertex 4.228143e+01 8.714507e+01 5.464840e+01
         vertex 3.728143e+01 8.731254e+01 5.402340e+01
         vertex 3.728143e+01 8.714507e+01 5.464840e+01
      endloop
   endfacet
   facet normal 0.000000e+00 9.659260e-01 -2.588182e-01
      outer loop
         vertex 4.228143e+01 8.714507e+01 5.464840e+01
         vertex 3.728143e+01 8.714507e+01 5.464840e+01
         vertex 4.228143e+01 8.731254e+01 5.527340e+01
      endloop
   endfacet
   facet normal 0.000000e+00 9.659260e-01 -2.588182e-01
      outer loop
         vertex 4.228143e+01 8.731254e+01 5.527340e+01
         vertex 3.728143e+01 8.714507e+01 5.464840e+01
         vertex 3.728143e+01 8.731254e+01 5.527340e+01
      endloop
   endfacet
   facet normal 0.000000e+00 7.071068e-01 -7.071068e-01
      outer loop
         vertex 4.228143e+01 8.731254e+01 5.527340e+01
         vertex 3.728143e+01 8.731254e+01 5.527340e+01
         vertex 4.228143e+01 8.777007e+01 5.573094e+01
      endloop
   endfacet
   facet normal 0.000000e+00 7.071068e-01 -7.071068e-01
      outer loop
         vertex 4.228143e+01 8.777007e+01 5.573094e+01
         vertex 3.728143e+01 8.731254e+01 5.527340e+01
         vertex 3.728143e+01 8.777007e+01 5.573094e+01
      endloop
   endfacet
   facet normal 0.000000e+00 2.588194e-01 -9.659257e-01
      outer loop
         vertex 4.228143e+01 8.777007e+01 5.573094e+01
         vertex 3.728143e+01 8.777007e+01 5.573094e+01
         vertex 4.228143e+01 8.839507e+01 5.589840e+01
      endloop
   endfacet
   facet normal 0.000000e+00 2.588194e-01 -9.659257e-01
      outer loop
         vertex 4.228143e+01 8.839507e+01 5.589840e+01
         vertex 3.728143e+01 8.777007e+01 5.573094e+01
         vertex 3.728143e+01 8.839507e+01 5.589840e+01
      endloop
   endfacet
   facet normal 1.584810e-17 -2.588190e-01 -9.659258e-01
      outer loop
         vertex 4.228143e+01 7.739507e+01 4.989840e+01
         vertex 3.728143e+01 7.739507e+01 4.989840e+01
         vertex 4.228143e+01 7.802007e+01 4.973094e+01
      endloop
   endfacet
   facet normal -0.000000e+00 -2.588190e-01 -9.659258e-01
      outer loop
         vertex 4.228143e+01 7.802007e+01 4.973094e+01
         vertex 3.728143e+01 7.739507e+01 4.989840e+01
         vertex 3.728143e+01 7.802007e+01 4.973094e+01
      endloop
   endfacet
   facet normal -0.000000e+00 -7.071067e-01 -7.071069e-01
      outer loop
         vertex 4.228143e+01 7.802007e+01 4.973094e+01
         vertex 3.728143e+01 7.802007e+01 4.973094e+01
         vertex 4.228143e+01 7.847760e+01 4.927340e+01
      endloop
   endfacet
   facet normal -0.000000e+00 -7.071067e-01 -7.071069e-01
      outer loop
         vertex 4.228143e+01 7.847760e+01 4.927340e+01
         vertex 3.728143e+01 7.802007e+01 4.973094e+01
         vertex 3.728143e+01 7.847760e+01 4.927340e+01
      endloop
   endfacet
   facet normal -0.000000e+00 -9.659258e-01 -2.588190e-01
      outer loop
         vertex 4.228143e+01 7.847760e+01 4.927340e+01
         vertex 3.728143e+01 7.847760e+01 4.927340e+01
         vertex 4.228143e+01 7.864507e+01 4.864840e+01
      endloop
   endfacet
   facet normal -0.000000e+00 -9.659258e-01 -2.588190e-01
      outer loop
         vertex 4.228143e+01 7.864507e+01 4.864840e+01
         vertex 3.728143e+01 7.847760e+01 4.927340e+01
         vertex 3.728143e+01 7.864507e+01 4.864840e+01
      endloop
   endfacet
   facet normal 0.000000e+00 -9.659258e-01 2.588190e-01
      outer loop
         vertex 4.228143e+01 7.864507e+01 4.864840e+01
         vertex 3.728143e+01 7.864507e+01 4.864840e+01
         vertex 4.228143e+01 7.847760e+01 4.802340e+01
      endloop
   endfacet
   facet normal 0.000000e+00 -9.659258e-01 2.588190e-01
      outer loop
         vertex 4.228143e+01 7.847760e+01 4.802340e+01
         vertex 3.728143e+01 7.864507e+01 4.864840e+01
         vertex 3.728143e+01 7.847760e+01 4.802340e+01
      endloop
   endfacet
   facet normal 0.000000e+00 -7.071068e-01 7.071068e-01
      outer loop
         vertex 4.228143e+01 7.847760e+01 4.802340e+01
         vertex 3.728143e+01 7.847760e+01 4.802340e+01
         vertex 4.228143e+01 7.802007e+01 4.756587e+01
      endloop
   endfacet
   facet normal 0.000000e+00 -7.071068e-01 7.071068e-01
      outer loop
         vertex 4.228143e+01 7.802007e+01 4.756587e+01
         vertex 3.728143e+01 7.847760e+01 4.802340e+01
         vertex 3.728143e+01 7.802007e+01 4.756587e+01
      endloop
   endfacet
   facet normal 0.000000e+00 -2.588195e-01 9.659257e-01
      outer loop
         vertex 4.228143e+01 7.802007e+01 4.756587e+01
         vertex 3.728143e+01 7.802007e+01 4.756587e+01
         vertex 4.228143e+01 7.739507e+01 4.739840e+01
      endloop
   endfacet
   facet normal 0.000000e+00 -2.588195e-01 9.659257e-01
      outer loop
         vertex 4.228143e+01 7.739507e+01 4.739840e+01
         vertex 3.728143e+01 7.802007e+01 4.756587e+01
         vertex 3.728143e+01 7.739507e+01 4.739840e+01
      endloop
   endfacet
   facet normal 0.000000e+00 2.588195e-01 9.659257e-01
      outer loop
         vertex 4.228143e+01 7.739507e+01 4.739840e+01
         vertex 3.728143e+01 7.739507e+01 4.739840e+01
         vertex 4.228143e+01 7.677007e+01 4.756587e+01
      endloop
   endfacet
   facet normal 0.000000e+00 2.588195e-01 9.659257e-01
      outer loop
         vertex 4.228143e+01 7.677007e+01 4.756587e+01
         vertex 3.728143e+01 7.739507e+01 4.739840e+01
         vertex 3.728143e+01 7.677007e+01 4.756587e+01
      endloop
   endfacet
   facet normal 0.000000e+00 7.071068e-01 7.071068e-01
      outer loop
         vertex 4.228143e+01 7.677007e+01 4.756587e+01
         vertex 3.728143e+01 7.677007e+01 4.756587e+01
         vertex 4.228143e+01 7.631254e+01 4.802340e+01
      endloop
   endfacet
   facet normal 0.000000e+00 7.071068e-01 7.071068e-01
      outer loop
         vertex 4.228143e+01 7.631254e+01 4.802340e+01
         vertex 3.728143e+01 7.677007e+01 4.756587e+01
         vertex 3.728143e+01 7.631254e+01 4.802340e+01
      endloop
   endfacet
   facet normal 0.000000e+00 9.659258e-01 2.588190e-01
      outer loop
         vertex 4.228143e+01 7.631254e+01 4.802340e+01
         vertex 3.728143e+01 7.631254e+01 4.802340e+01
         vertex 4.228143e+01 7.614507e+01 4.864840e+01
      endloop
   endfacet
   facet normal 0.000000e+00 9.659258e-01 2.588190e-01
      outer loop
         vertex 4.228143e+01 7.614507e+01 4.864840e+01
         vertex 3.728143e+01 7.631254e+01 4.802340e+01
         vertex 3.728143e+01 7.614507e+01 4.864840e+01
      endloop
   endfacet
   facet normal 0.000000e+00 9.659258e-01 -2.588190e-01
      outer loop
         vertex 4.228143e+01 7.614507e+01 4.864840e+01
         vertex 3.728143e+01 7.614507e+01 4.864840e+01
         vertex 4.228143e+01 7.631254e+01 4.927340e+01
      endloop
   endfacet
   facet normal 0.000000e+00 9.659258e-01 -2.588190e-01
      outer loop
         vertex 4.228143e+01 7.631254e+01 4.927340e+01
         vertex 3.728143e+01 7.614507e+01 4.864840e+01
         vertex 3.728143e+01 7.631254e+01 4.927340e+01
      endloop
   endfacet
   facet normal 0.000000e+00 7.071067e-01 -7.071069e-01
      outer loop
         vertex 4.228143e+01 7.631254e+01 4.927340e+01
         vertex 3.728143e+01 7.631254e+01 4.927340e+01
         vertex 4.228143e+01 7.677007e+01 4.973094e+01
      endloop
   endfacet
   facet normal 0.000000e+00 7.071067e-01 -7.071069e-01
      outer loop
         vertex 4.228143e+01 7.677007e+01 4.973094e+01
         vertex 3.728143e+01 7.631254e+01 4.927340e+01
         vertex 3.728143e+01 7.677007e+01 4.973094e+01
      endloop
   endfacet
   facet normal 0.000000e+00 2.588190e-01 -9.659258e-01
      outer loop
         vertex 4.228143e+01 7.677007e+01 4.973094e+01
         vertex 3.728143e+01 7.677007e+01 4.973094e+01
         vertex 4.228143e+01 7.739507e+01 4.989840e+01
      endloop
   endfacet
   facet normal -1.584810e-17 2.588190e-01 -9.659258e-01
      outer loop
         vertex 4.228143e+01 7.739507e+01 4.989840e+01
         vertex 3.728143e+01 7.677007e+01 4.973094e+01
         vertex 3.728143e+01 7.739507e+01 4.989840e+01
      endloop
   endfacet
   facet normal -0.000000e+00 -2.588194e-01 -9.659257e-01
      outer loop
         vertex 4.228143e+01 6.639507e+01 5.589840e+01
         vertex 3.728143e+01 6.639507e+01 5.589840e+01
         vertex 4.228143e+01 6.702007e+01 5.573094e+01
      endloop
   endfacet
   facet normal -0.000000e+00 -2.588194e-01 -9.659257e-01
      outer loop
         vertex 4.228143e+01 6.702007e+01 5.573094e+01
         vertex 3.728143e+01 6.639507e+01 5.589840e+01
         vertex 3.728143e+01 6.702007e+01 5.573094e+01
      endloop
   endfacet
   facet normal -0.000000e+00 -7.071068e-01 -7.071068e-01
      outer loop
         vertex 4.228143e+01 6.702007e+01 5.573094e+01
         vertex 3.728143e+01 6.702007e+01 5.573094e+01
         vertex 4.228143e+01 6.747760e+01 5.527340e+01
      endloop
   endfacet
   facet normal -0.000000e+00 -7.071068e-01 -7.071068e-01
      outer loop
         vertex 4.228143e+01 6.747760e+01 5.527340e+01
         vertex 3.728143e+01 6.702007e+01 5.573094e+01
         vertex 3.728143e+01 6.747760e+01 5.527340e+01
      endloop
   endfacet
   facet normal -0.000000e+00 -9.659260e-01 -2.588182e-01
      outer loop
         vertex 4.228143e+01 6.747760e+01 5.527340e+01
         vertex 3.728143e+01 6.747760e+01 5.527340e+01
         vertex 4.228143e+01 6.764507e+01 5.464840e+01
      endloop
   endfacet
   facet normal -0.000000e+00 -9.659260e-01 -2.588182e-01
      outer loop
         vertex 4.228143e+01 6.764507e+01 5.464840e+01
         vertex 3.728143e+01 6.747760e+01 5.527340e+01
         vertex 3.728143e+01 6.764507e+01 5.464840e+01
      endloop
   endfacet
   facet normal 0.000000e+00 -9.659261e-01 2.588181e-01
      outer loop
         vertex 4.228143e+01 6.764507e+01 5.464840e+01
         vertex 3.728143e+01 6.764507e+01 5.464840e+01
         vertex 4.228143e+01 6.747760e+01 5.402340e+01
      endloop
   endfacet
   facet normal 0.000000e+00 -9.659261e-01 2.588181e-01
      outer loop
         vertex 4.228143e+01 6.747760e+01 5.402340e+01
         vertex 3.728143e+01 6.764507e+01 5.464840e+01
         vertex 3.728143e+01 6.747760e+01 5.402340e+01
      endloop
   endfacet
   facet normal 0.000000e+00 -7.071067e-01 7.071069e-01
      outer loop
         vertex 4.228143e+01 6.747760e+01 5.402340e+01
         vertex 3.728143e+01 6.747760e+01 5.402340e+01
         vertex 4.228143e+01 6.702007e+01 5.356587e+01
      endloop
   endfacet
   facet normal 0.000000e+00 -7.071067e-01 7.071069e-01
      outer loop
         vertex 4.228143e+01 6.702007e+01 5.356587e+01
         vertex 3.728143e+01 6.747760e+01 5.402340e+01
         vertex 3.728143e+01 6.702007e+01 5.356587e+01
      endloop
   endfacet
   facet normal 0.000000e+00 -2.588189e-01 9.659259e-01
      outer loop
         vertex 4.228143e+01 6.702007e+01 5.356587e+01
         vertex 3.728143e+01 6.702007e+01 5.356587e+01
         vertex 4.228143e+01 6.639507e+01 5.339840e+01
      endloop
   endfacet
   facet normal 0.000000e+00 -2.588189e-01 9.659259e-01
      outer loop
         vertex 4.228143e+01 6.639507e+01 5.339840e+01
         vertex 3.728143e+01 6.702007e+01 5.356587e+01
         vertex 3.728143e+01 6.639507e+01 5.339840e+01
      endloop
   endfacet
   facet normal 0.000000e+00 2.588189e-01 9.659259e-01
      outer loop
         vertex 4.228143e+01 6.639507e+01 5.339840e+01
         vertex 3.728143e+01 6.639507e+01 5.339840e+01
         vertex 4.228143e+01 6.577007e+01 5.356587e+01
      endloop
   endfacet
   facet normal 0.000000e+00 2.588189e-01 9.659259e-01
      outer loop
         vertex 4.228143e+01 6.577007e+01 5.356587e+01
         vertex 3.728143e+01 6.639507e+01 5.339840e+01
         vertex 3.728143e+01 6.577007e+01 5.356587e+01
      endloop
   endfacet
   facet normal 0.000000e+00 7.071067e-01 7.071069e-01
      outer loop
         vertex 4.228143e+01 6.577007e+01 5.356587e+01
         vertex 3.728143e+01 6.577007e+01 5.356587e+01
         vertex 4.228143e+01 6.531254e+01 5.402340e+01
      endloop
   endfacet
   facet normal 0.000000e+00 7.071067e-01 7.071069e-01
      outer loop
         vertex 4.228143e+01 6.531254e+01 5.402340e+01
         vertex 3.728143e+01 6.577007e+01 5.356587e+01
         vertex 3.728143e+01 6.531254e+01 5.402340e+01
      endloop
   endfacet
   facet normal 0.000000e+00 9.659261e-01 2.588181e-01
      outer loop
         vertex 4.228143e+01 6.531254e+01 5.402340e+01
         vertex 3.728143e+01 6.531254e+01 5.402340e+01
         vertex 4.228143e+01 6.514507e+01 5.464840e+01
      endloop
   endfacet
   facet normal 0.000000e+00 9.659261e-01 2.588181e-01
      outer loop
         vertex 4.228143e+01 6.514507e+01 5.464840e+01
         vertex 3.728143e+01 6.531254e+01 5.402340e+01
         vertex 3.728143e+01 6.514507e+01 5.464840e+01
      endloop
   endfacet
   facet normal 0.000000e+00 9.659260e-01 -2.588182e-01
      outer loop
         vertex 4.228143e+01 6.514507e+01 5.464840e+01
         vertex 3.728143e+01 6.514507e+01 5.464840e+01
         vertex 4.228143e+01 6.531254e+01 5.527340e+01
      endloop
   endfacet
   facet normal 0.000000e+00 9.659260e-01 -2.588182e-01
      outer loop
         vertex 4.228143e+01 6.531254e+01 5.527340e+01
         vertex 3.728143e+01 6.514507e+01 5.464840e+01
         vertex 3.728143e+01 6.531254e+01 5.527340e+01
      endloop
   endfacet
   facet normal 0.000000e+00 7.071068e-01 -7.071068e-01
      outer loop
         vertex 4.228143e+01 6.531254e+01 5.527340e+01
         vertex 3.728143e+01 6.531254e+01 5.527340e+01
         vertex 4.228143e+01 6.577007e+01 5.573094e+01
      endloop
   endfacet
   facet normal 0.000000e+00 7.071068e-01 -7.071068e-01
      outer loop
         vertex 4.228143e+01 6.577007e+01 5.573094e+01
         vertex 3.728143e+01 6.531254e+01 5.527340e+01
         vertex 3.728143e+01 6.577007e+01 5.573094e+01
      endloop
   endfacet
   facet normal 0.000000e+00 2.588194e-01 -9.659257e-01
      outer loop
         vertex 4.228143e+01 6.577007e+01 5.573094e+01
         vertex 3.728143e+01 6.577007e+01 5.573094e+01
         vertex 4.228143e+01 6.639507e+01 5.589840e+01
      endloop
   endfacet
   facet normal 0.000000e+00 2.588194e-01 -9.659257e-01
      outer loop
         vertex 4.228143e+01 6.639507e+01 5.589840e+01
         vertex 3.728143e+01 6.577007e+01 5.573094e+01
         vertex 3.728143e+01 6.639507e+01 5.589840e+01
      endloop
   endfacet
   facet normal -0.000000e+00 -2.588191e-01 -9.659258e-01
      outer loop
         vertex 4.228143e+01 5.539507e+01 4.729840e+01
         vertex 3.728143e+01 5.539507e+01 4.729840e+01
         vertex 4.228143e+01 5.602007e+01 4.713094e+01
      endloop
   endfacet
   facet normal -0.000000e+00 -2.588191e-01 -9.659258e-01
      outer loop
         vertex 4.228143e+01 5.602007e+01 4.713094e+01
         vertex 3.728143e+01 5.539507e+01 4.729840e+01
         vertex 3.728143e+01 5.602007e+01 4.713094e+01
      endloop
   endfacet
   facet normal -0.000000e+00 -7.071061e-01 -7.071075e-01
      outer loop
         vertex 4.228143e+01 5.602007e+01 4.713094e+01
         vertex 3.728143e+01 5.602007e+01 4.713094e+01
         vertex 4.228143e+01 5.647760e+01 4.667340e+01
      endloop
   endfacet
   facet normal -0.000000e+00 -7.071061e-01 -7.071075e-01
      outer loop
         vertex 4.228143e+01 5.647760e+01 4.667340e+01
         vertex 3.728143e+01 5.602007e+01 4.713094e+01
         vertex 3.728143e+01 5.647760e+01 4.667340e+01
      endloop
   endfacet
   facet normal -0.000000e+00 -9.659257e-01 -2.588196e-01
      outer loop
         vertex 4.228143e+01 5.647760e+01 4.667340e+01
         vertex 3.728143e+01 5.647760e+01 4.667340e+01
         vertex 4.228143e+01 5.664507e+01 4.604840e+01
      endloop
   endfacet
   facet normal -0.000000e+00 -9.659257e-01 -2.588196e-01
      outer loop
         vertex 4.228143e+01 5.664507e+01 4.604840e+01
         vertex 3.728143e+01 5.647760e+01 4.667340e+01
         vertex 3.728143e+01 5.664507e+01 4.604840e+01
      endloop
   endfacet
   facet normal 0.000000e+00 -9.659257e-01 2.588194e-01
      outer loop
         vertex 4.228143e+01 5.664507e+01 4.604840e+01
         vertex 3.728143e+01 5.664507e+01 4.604840e+01
         vertex 4.228143e+01 5.647760e+01 4.542340e+01
      endloop
   endfacet
   facet normal 0.000000e+00 -9.659257e-01 2.588194e-01
      outer loop
         vertex 4.228143e+01 5.647760e+01 4.542340e+01
         vertex 3.728143e+01 5.664507e+01 4.604840e+01
         vertex 3.728143e+01 5.647760e+01 4.542340e+01
      endloop
   endfacet
   facet normal 0.000000e+00 -7.071061e-01 7.071075e-01
      outer loop
         vertex 4.228143e+01 5.647760e+01 4.542340e+01
         vertex 3.728143e+01 5.647760e+01 4.542340e+01
         vertex 4.228143e+01 5.602007e+01 4.496587e+01
      endloop
   endfacet
   facet normal 0.000000e+00 -7.071061e-01 7.071075e-01
      outer loop
         vertex 4.228143e+01 5.602007e+01 4.496587e+01
         vertex 3.728143e+01 5.647760e+01 4.542340e+01
         vertex 3.728143e+01 5.602007e+01 4.496587e+01
      endloop
   endfacet
   facet normal 0.000000e+00 -2.588191e-01 9.659258e-01
      outer loop
         vertex 4.228143e+01 5.602007e+01 4.496587e+01
         vertex 3.728143e+01 5.602007e+01 4.496587e+01
         vertex 4.228143e+01 5.539507e+01 4.479840e+01
      endloop
   endfacet
   facet normal 0.000000e+00 -2.588191e-01 9.659258e-01
      outer loop
         vertex 4.228143e+01 5.539507e+01 4.479840e+01
         vertex 3.728143e+01 5.602007e+01 4.496587e+01
         vertex 3.728143e+01 5.539507e+01 4.479840e+01
      endloop
   endfacet
   facet normal 0.000000e+00 2.588191e-01 9.659258e-01
      outer loop
         vertex 4.228143e+01 5.539507e+01 4.479840e+01
         vertex 3.728143e+01 5.539507e+01 4.479840e+01
         vertex 4.228143e+01 5.477007e+01 4.496587e+01
      endloop
   endfacet
   facet normal 0.000000e+00 2.588191e-01 9.659258e-01
      outer loop
         vertex 4.228143e+01 5.477007e+01 4.496587e+01
         vertex 3.728143e+01 5.539507e+01 4.479840e+01
         vertex 3.728143e+01 5.477007e+01 4.496587e+01
      endloop
   endfacet
   facet normal 0.000000e+00 7.071061e-01 7.071075e-01
      outer loop
         vertex 4.228143e+01 5.477007e+01 4.496587e+01
         vertex 3.728143e+01 5.477007e+01 4.496587e+01
         vertex 4.228143e+01 5.431254e+01 4.542340e+01
      endloop
   endfacet
   facet normal 0.000000e+00 7.071061e-01 7.071075e-01
      outer loop
         vertex 4.228143e+01 5.431254e+01 4.542340e+01
         vertex 3.728143e+01 5.477007e+01 4.496587e+01
         vertex 3.728143e+01 5.431254e+01 4.542340e+01
      endloop
   endfacet
   facet normal 0.000000e+00 9.659257e-01 2.588194e-01
      outer loop
         vertex 4.228143e+01 5.431254e+01 4.542340e+01
         vertex 3.728143e+01 5.431254e+01 4.542340e+01
         vertex 4.228143e+01 5.414507e+01 4.604840e+01
      endloop
   endfacet
   facet normal 0.000000e+00 9.659257e-01 2.588194e-01
      outer loop
         vertex 4.228143e+01 5.414507e+01 4.604840e+01
         vertex 3.728143e+01 5.431254e+01 4.542340e+01
         vertex 3.728143e+01 5.414507e+01 4.604840e+01
      endloop
   endfacet
   facet normal 0.000000e+00 9.659257e-01 -2.588196e-01
      outer loop
         vertex 4.228143e+01 5.414507e+01 4.604840e+01
         vertex 3.728143e+01 5.414507e+01 4.604840e+01
         vertex 4.228143e+01 5.431254e+01 4.667340e+01
      endloop
   endfacet
   facet normal 0.000000e+00 9.659257e-01 -2.588196e-01
      outer loop
         vertex 4.228143e+01 5.431254e+01 4.667340e+01
         vertex 3.728143e+01 5.414507e+01 4.604840e+01
         vertex 3.728143e+01 5.431254e+01 4.667340e+01
      endloop
   endfacet
   facet normal 0.000000e+00 7.071061e-01 -7.071075e-01
      outer loop
         vertex 4.228143e+01 5.431254e+01 4.667340e+01
         vertex 3.728143e+01 5.431254e+01 4.667340e+01
         vertex 4.228143e+01 5.477007e+01 4.713094e+01
      endloop
   endfacet
   facet normal 0.000000e+00 7.071061e-01 -7.071075e-01
      outer loop
         vertex 4.228143e+01 5.477007e+01 4.713094e+01
         vertex 3.728143e+01 5.431254e+01 4.667340e+01
         vertex 3.728143e+01 5.477007e+01 4.713094e+01
      endloop
   endfacet
   facet normal 0.000000e+00 2.588191e-01 -9.659258e-01
      outer loop
         vertex 4.228143e+01 5.477007e+01 4.713094e+01
         vertex 3.728143e+01 5.477007e+01 4.713094e+01
         vertex 4.228143e+01 5.539507e+01 4.729840e+01
      endloop
   endfacet
   facet normal 0.000000e+00 2.588191e-01 -9.659258e-01
      outer loop
         vertex 4.228143e+01 5.539507e+01 4.729840e+01
         vertex 3.728143e+01 5.477007e+01 4.713094e+01
         vertex 3.728143e+01 5.539507e+01 4.729840e+01
      endloop
   endfacet
   facet normal 1.000000e+00 0.000000e+00 0.000000e+00
      outer loop
         vertex 4.228143e+01 1.000201e+02 4.496587e+01
         vertex 4.228143e+01 9.939507e+01 4.479840e+01
         vertex 4.228143e+01 1.029221e+02 4.247340e+01
      endloop
   endfacet
   facet normal 1.000000e+00 0.000000e+00 0.000000e+00
      outer loop
         vertex 4.228143e+01 7.101331e+01 4.014840e+01
         vertex 4.228143e+01 7.189507e+01 4.014840e+01
         vertex 4.228143e+01 7.189507e+01 4.247340e+01
      endloop
   endfacet
   facet normal 1.000000e+00 0.000000e+00 0.000000e+00
      outer loop
         vertex 4.228143e+01 5.186802e+01 5.196577e+01
         vertex 4.228143e+01 5.186802e+01 5.164840e+01
         vertex 4.228143e+01 5.300654e+01 5.164840e+01
      endloop
   endfacet
   facet normal 1.000000e+00 0.000000e+00 0.000000e+00
      outer loop
         vertex 4.228143e+01 5.299235e+01 4.014840e+01
         vertex 4.228143e+01 5.300654e+01 4.014840e+01
         vertex 4.228143e+01 5.300654e+01 4.247340e+01
      endloop
   endfacet
   facet normal 1.000000e+00 -0.000000e+00 0.000000e+00
      outer loop
         vertex 4.228143e+01 9.939507e+01 5.599840e+01
         vertex 4.228143e+01 9.877007e+01 5.616587e+01
         vertex 4.228143e+01 9.389507e+01 5.594840e+01
      endloop
   endfacet
   facet normal 1.000000e+00 0.000000e+00 0.000000e+00
      outer loop
         vertex 4.228143e+01 9.389507e+01 5.594840e+01
         vertex 4.228143e+01 9.877007e+01 5.616587e+01
         vertex 4.228143e+01 9.831254e+01 5.662340e+01
      endloop
   endfacet
   facet normal 1.000000e+00 0.000000e+00 0.000000e+00
      outer loop
         vertex 4.228143e+01 9.389507e+01 5.594840e+01
         vertex 4.228143e+01 9.831254e+01 5.662340e+01
         vertex 4.228143e+01 9.814507e+01 5.724840e+01
      endloop
   endfacet
   facet normal 1.000000e+00 0.000000e+00 0.000000e+00
      outer loop
         vertex 4.228143e+01 9.814507e+01 5.724840e+01
         vertex 4.228143e+01 9.831254e+01 5.787340e+01
         vertex 4.228143e+01 8.745594e+01 6.661469e+01
      endloop
   endfacet
   facet normal 1.000000e+00 0.000000e+00 0.000000e+00
      outer loop
         vertex 4.228143e+01 8.745594e+01 6.661469e+01
         vertex 4.228143e+01 9.831254e+01 5.787340e+01
         vertex 4.228143e+01 9.415127e+01 6.646375e+01
      endloop
   endfacet
   facet normal 1.000000e+00 0.000000e+00 0.000000e+00
      outer loop
         vertex 4.228143e+01 9.415127e+01 6.646375e+01
         vertex 4.228143e+01 9.831254e+01 5.787340e+01
         vertex 4.228143e+01 9.877007e+01 5.833094e+01
      endloop
   endfacet
   facet normal 1.000000e+00 0.000000e+00 0.000000e+00
      outer loop
         vertex 4.228143e+01 9.415127e+01 6.646375e+01
         vertex 4.228143e+01 9.877007e+01 5.833094e+01
         vertex 4.228143e+01 9.647699e+01 6.634501e+01
      endloop
   endfacet
   facet normal 1.000000e+00 0.000000e+00 0.000000e+00
      outer loop
         vertex 4.228143e+01 9.647699e+01 6.634501e+01
         vertex 4.228143e+01 9.877007e+01 5.833094e+01
         vertex 4.228143e+01 9.939507e+01 5.849840e+01
      endloop
   endfacet
   facet normal 1.000000e+00 0.000000e+00 0.000000e+00
      outer loop
         vertex 4.228143e+01 9.647699e+01 6.634501e+01
         vertex 4.228143e+01 9.939507e+01 5.849840e+01
         vertex 4.228143e+01 9.933435e+01 6.607521e+01
      endloop
   endfacet
   facet normal 1.000000e+00 0.000000e+00 0.000000e+00
      outer loop
         vertex 4.228143e+01 1.029212e+02 6.317146e+01
         vertex 4.228143e+01 1.000201e+02 5.833094e+01
         vertex 4.228143e+01 1.029221e+02 6.312549e+01
      endloop
   endfacet
   facet normal 1.000000e+00 0.000000e+00 0.000000e+00
      outer loop
         vertex 4.228143e+01 1.029221e+02 6.312549e+01
         vertex 4.228143e+01 1.000201e+02 5.833094e+01
         vertex 4.228143e+01 1.004776e+02 5.787340e+01
      endloop
   endfacet
   facet normal 1.000000e+00 0.000000e+00 0.000000e+00
      outer loop
         vertex 4.228143e+01 1.029221e+02 6.312549e+01
         vertex 4.228143e+01 1.004776e+02 5.787340e+01
         vertex 4.228143e+01 1.029221e+02 5.755110e+01
      endloop
   endfacet
   facet normal 1.000000e+00 -0.000000e+00 0.000000e+00
      outer loop
         vertex 4.228143e+01 1.029221e+02 5.755110e+01
         vertex 4.228143e+01 1.004776e+02 5.787340e+01
         vertex 4.228143e+01 1.006451e+02 5.724840e+01
      endloop
   endfacet
   facet normal 1.000000e+00 0.000000e+00 0.000000e+00
      outer loop
         vertex 4.228143e+01 1.029221e+02 5.755110e+01
         vertex 4.228143e+01 1.006451e+02 5.724840e+01
         vertex 4.228143e+01 1.029221e+02 5.594840e+01
      endloop
   endfacet
   facet normal 1.000000e+00 0.000000e+00 0.000000e+00
      outer loop
         vertex 4.228143e+01 1.029221e+02 5.594840e+01
         vertex 4.228143e+01 1.006451e+02 5.724840e+01
         vertex 4.228143e+01 1.004776e+02 5.662340e+01
      endloop
   endfacet
   facet normal 1.000000e+00 0.000000e+00 0.000000e+00
      outer loop
         vertex 4.228143e+01 1.029221e+02 5.594840e+01
         vertex 4.228143e+01 1.004776e+02 5.662340e+01
         vertex 4.228143e+01 1.000201e+02 5.616587e+01
      endloop
   endfacet
   facet normal 1.000000e+00 -0.000000e+00 0.000000e+00
      outer loop
         vertex 4.228143e+01 1.029212e+02 6.317146e+01
         vertex 4.228143e+01 1.028326e+02 6.530834e+01
         vertex 4.228143e+01 1.000201e+02 5.833094e+01
      endloop
   endfacet
   facet normal 1.000000e+00 0.000000e+00 0.000000e+00
      outer loop
         vertex 4.228143e+01 1.000201e+02 5.833094e+01
         vertex 4.228143e+01 1.028326e+02 6.530834e+01
         vertex 4.228143e+01 1.015744e+02 6.566921e+01
      endloop
   endfacet
   facet normal 1.000000e+00 0.000000e+00 0.000000e+00
      outer loop
         vertex 4.228143e+01 1.000201e+02 5.833094e+01
         vertex 4.228143e+01 1.015744e+02 6.566921e+01
         vertex 4.228143e+01 9.939507e+01 5.849840e+01
      endloop
   endfacet
   facet normal 1.000000e+00 0.000000e+00 0.000000e+00
      outer loop
         vertex 4.228143e+01 9.939507e+01 5.849840e+01
         vertex 4.228143e+01 1.015744e+02 6.566921e+01
         vertex 4.228143e+01 9.977069e+01 6.601388e+01
      endloop
   endfacet
   facet normal 1.000000e+00 0.000000e+00 0.000000e+00
      outer loop
         vertex 4.228143e+01 9.939507e+01 5.849840e+01
         vertex 4.228143e+01 9.977069e+01 6.601388e+01
         vertex 4.228143e+01 9.933435e+01 6.607521e+01
      endloop
   endfacet
   facet normal 1.000000e+00 0.000000e+00 0.000000e+00
      outer loop
         vertex 4.228143e+01 9.334948e+01 4.014840e+01
         vertex 4.228143e+01 9.389507e+01 4.014840e+01
         vertex 4.228143e+01 9.389507e+01 4.247340e+01
      endloop
   endfacet
   facet normal 1.000000e+00 0.000000e+00 0.000000e+00
      outer loop
         vertex 4.228143e+01 9.389507e+01 4.247340e+01
         vertex 4.228143e+01 9.389507e+01 4.014840e+01
         vertex 4.228143e+01 9.654036e+01 4.014840e+01
      endloop
   endfacet
   facet normal 1.000000e+00 0.000000e+00 0.000000e+00
      outer loop
         vertex 4.228143e+01 9.389507e+01 4.247340e+01
         vertex 4.228143e+01 9.654036e+01 4.014840e+01
         vertex 4.228143e+01 1.029221e+02 4.247340e+01
      endloop
   endfacet
   facet normal 1.000000e+00 0.000000e+00 0.000000e+00
      outer loop
         vertex 4.228143e+01 9.654036e+01 4.014840e+01
         vertex 4.228143e+01 9.973124e+01 4.014840e+01
         vertex 4.228143e+01 1.029221e+02 4.247340e+01
      endloop
   endfacet
   facet normal 1.000000e+00 0.000000e+00 0.000000e+00
      outer loop
         vertex 4.228143e+01 1.029221e+02 4.247340e+01
         vertex 4.228143e+01 9.973124e+01 4.014840e+01
         vertex 4.228143e+01 1.013267e+02 4.014840e+01
      endloop
   endfacet
   facet normal 1.000000e+00 0.000000e+00 0.000000e+00
      outer loop
         vertex 4.228143e+01 1.029221e+02 4.247340e+01
         vertex 4.228143e+01 1.013267e+02 4.014840e+01
         vertex 4.228143e+01 1.029221e+02 4.157951e+01
      endloop
   endfacet
   facet normal 1.000000e+00 0.000000e+00 0.000000e+00
      outer loop
         vertex 4.228143e+01 1.029221e+02 4.157951e+01
         vertex 4.228143e+01 1.013267e+02 4.014840e+01
         vertex 4.228143e+01 1.017978e+02 4.014840e+01
      endloop
   endfacet
   facet normal 1.000000e+00 3.347338e-15 -2.629796e-15
      outer loop
         vertex 4.228143e+01 1.029221e+02 4.157951e+01
         vertex 4.228143e+01 1.017978e+02 4.014840e+01
         vertex 4.228143e+01 1.028587e+02 4.102467e+01
      endloop
   endfacet
   facet normal 1.000000e+00 -7.521101e-13 5.161887e-12
      outer loop
         vertex 4.228143e+01 1.021535e+02 4.020023e+01
         vertex 4.228143e+01 1.024725e+02 4.037127e+01
         vertex 4.228143e+01 1.017978e+02 4.014840e+01
      endloop
   endfacet
   facet normal 1.000000e+00 2.579773e-12 -4.925365e-12
      outer loop
         vertex 4.228143e+01 1.017978e+02 4.014840e+01
         vertex 4.228143e+01 1.024725e+02 4.037127e+01
         vertex 4.228143e+01 1.026859e+02 4.061305e+01
      endloop
   endfacet
   facet normal 1.000000e+00 5.961727e-15 -5.795095e-15
      outer loop
         vertex 4.228143e+01 1.017978e+02 4.014840e+01
         vertex 4.228143e+01 1.026859e+02 4.061305e+01
         vertex 4.228143e+01 1.028587e+02 4.102467e+01
      endloop
   endfacet
   facet normal 1.000000e+00 0.000000e+00 0.000000e+00
      outer loop
         vertex 4.228143e+01 5.186802e+01 4.247340e+01
         vertex 4.228143e+01 5.186802e+01 4.157951e+01
         vertex 4.228143e+01 5.300654e+01 4.247340e+01
      endloop
   endfacet
   facet normal 1.000000e+00 0.000000e+00 0.000000e+00
      outer loop
         vertex 4.228143e+01 5.300654e+01 4.247340e+01
         vertex 4.228143e+01 5.186802e+01 4.157951e+01
         vertex 4.228143e+01 5.193845e+01 4.099793e+01
      endloop
   endfacet
   facet normal 1.000000e+00 5.944813e-13 -4.303452e-13
      outer loop
         vertex 4.228143e+01 5.300654e+01 4.247340e+01
         vertex 4.228143e+01 5.193845e+01 4.099793e+01
         vertex 4.228143e+01 5.210795e+01 4.060727e+01
      endloop
   endfacet
   facet normal 1.000000e+00 -8.850407e-13 2.820877e-13
      outer loop
         vertex 4.228143e+01 5.210795e+01 4.060727e+01
         vertex 4.228143e+01 5.233270e+01 4.035923e+01
         vertex 4.228143e+01 5.300654e+01 4.247340e+01
      endloop
   endfacet
   facet normal 1.000000e+00 -5.814192e-14 1.853149e-14
      outer loop
         vertex 4.228143e+01 5.300654e+01 4.247340e+01
         vertex 4.228143e+01 5.233270e+01 4.035923e+01
         vertex 4.228143e+01 5.262958e+01 4.020249e+01
      endloop
   endfacet
   facet normal 1.000000e+00 5.553986e-14 -3.391859e-16
      outer loop
         vertex 4.228143e+01 5.300654e+01 4.247340e+01
         vertex 4.228143e+01 5.262958e+01 4.020249e+01
         vertex 4.228143e+01 5.299235e+01 4.014840e+01
      endloop
   endfacet
   facet normal 1.000000e+00 7.870900e-16 -3.262385e-17
      outer loop
         vertex 4.228143e+01 5.251580e+01 6.548355e+01
         vertex 4.228143e+01 5.195754e+01 6.530834e+01
         vertex 4.228143e+01 5.186897e+01 6.317146e+01
      endloop
   endfacet
   facet normal 1.000000e+00 0.000000e+00 0.000000e+00
      outer loop
         vertex 4.228143e+01 5.300654e+01 5.594840e+01
         vertex 4.228143e+01 5.431254e+01 5.662340e+01
         vertex 4.228143e+01 5.414507e+01 5.724840e+01
      endloop
   endfacet
   facet normal 1.000000e+00 7.242950e-16 -1.505646e-17
      outer loop
         vertex 4.228143e+01 5.186897e+01 6.317146e+01
         vertex 4.228143e+01 5.186802e+01 6.312549e+01
         vertex 4.228143e+01 5.251580e+01 6.548355e+01
      endloop
   endfacet
   facet normal 1.000000e+00 4.244083e-16 6.732538e-17
      outer loop
         vertex 4.228143e+01 5.251580e+01 6.548355e+01
         vertex 4.228143e+01 5.186802e+01 6.312549e+01
         vertex 4.228143e+01 5.300654e+01 5.594840e+01
      endloop
   endfacet
   facet normal 1.000000e+00 -1.068390e-17 4.493248e-17
      outer loop
         vertex 4.228143e+01 5.251580e+01 6.548355e+01
         vertex 4.228143e+01 5.300654e+01 5.594840e+01
         vertex 4.228143e+01 5.407192e+01 6.585356e+01
      endloop
   endfacet
   facet normal 1.000000e+00 -5.699240e-17 4.991330e-17
      outer loop
         vertex 4.228143e+01 5.407192e+01 6.585356e+01
         vertex 4.228143e+01 5.300654e+01 5.594840e+01
         vertex 4.228143e+01 5.414507e+01 5.724840e+01
      endloop
   endfacet
   facet normal 1.000000e+00 -8.950539e-16 4.278902e-17
      outer loop
         vertex 4.228143e+01 5.407192e+01 6.585356e+01
         vertex 4.228143e+01 5.414507e+01 5.724840e+01
         vertex 4.228143e+01 5.456064e+01 6.594129e+01
      endloop
   endfacet
   facet normal 1.000000e+00 0.000000e+00 0.000000e+00
      outer loop
         vertex 4.228143e+01 5.456064e+01 6.594129e+01
         vertex 4.228143e+01 5.414507e+01 5.724840e+01
         vertex 4.228143e+01 5.431254e+01 5.787340e+01
      endloop
   endfacet
   facet normal 1.000000e+00 0.000000e+00 0.000000e+00
      outer loop
         vertex 4.228143e+01 5.664507e+01 5.724840e+01
         vertex 4.228143e+01 5.647760e+01 5.662340e+01
         vertex 4.228143e+01 6.089507e+01 5.594840e+01
      endloop
   endfacet
   facet normal 1.000000e+00 0.000000e+00 0.000000e+00
      outer loop
         vertex 4.228143e+01 5.664507e+01 5.724840e+01
         vertex 4.228143e+01 6.089507e+01 5.594840e+01
         vertex 4.228143e+01 5.647760e+01 5.787340e+01
      endloop
   endfacet
   facet normal 1.000000e+00 0.000000e+00 0.000000e+00
      outer loop
         vertex 4.228143e+01 5.647760e+01 5.662340e+01
         vertex 4.228143e+01 5.602007e+01 5.616587e+01
         vertex 4.228143e+01 6.089507e+01 5.594840e+01
      endloop
   endfacet
   facet normal 1.000000e+00 0.000000e+00 0.000000e+00
      outer loop
         vertex 4.228143e+01 6.089507e+01 5.594840e+01
         vertex 4.228143e+01 5.602007e+01 5.616587e+01
         vertex 4.228143e+01 5.539507e+01 5.599840e+01
      endloop
   endfacet
   facet normal 1.000000e+00 0.000000e+00 0.000000e+00
      outer loop
         vertex 4.228143e+01 6.089507e+01 5.594840e+01
         vertex 4.228143e+01 5.539507e+01 5.599840e+01
         vertex 4.228143e+01 5.300654e+01 5.594840e+01
      endloop
   endfacet
   facet normal 1.000000e+00 0.000000e+00 0.000000e+00
      outer loop
         vertex 4.228143e+01 5.300654e+01 5.594840e+01
         vertex 4.228143e+01 5.539507e+01 5.599840e+01
         vertex 4.228143e+01 5.477007e+01 5.616587e+01
      endloop
   endfacet
   facet normal 1.000000e+00 0.000000e+00 0.000000e+00
      outer loop
         vertex 4.228143e+01 5.300654e+01 5.594840e+01
         vertex 4.228143e+01 5.477007e+01 5.616587e+01
         vertex 4.228143e+01 5.431254e+01 5.662340e+01
      endloop
   endfacet
   facet normal 1.000000e+00 0.000000e+00 0.000000e+00
      outer loop
         vertex 4.228143e+01 5.431254e+01 5.787340e+01
         vertex 4.228143e+01 5.477007e+01 5.833094e+01
         vertex 4.228143e+01 5.456064e+01 6.594129e+01
      endloop
   endfacet
   facet normal 1.000000e+00 0.000000e+00 0.000000e+00
      outer loop
         vertex 4.228143e+01 5.456064e+01 6.594129e+01
         vertex 4.228143e+01 5.477007e+01 5.833094e+01
         vertex 4.228143e+01 5.539507e+01 5.849840e+01
      endloop
   endfacet
   facet normal 1.000000e+00 0.000000e+00 0.000000e+00
      outer loop
         vertex 4.228143e+01 5.456064e+01 6.594129e+01
         vertex 4.228143e+01 5.539507e+01 5.849840e+01
         vertex 4.228143e+01 5.673075e+01 6.621936e+01
      endloop
   endfacet
   facet normal 1.000000e+00 0.000000e+00 0.000000e+00
      outer loop
         vertex 4.228143e+01 5.673075e+01 6.621936e+01
         vertex 4.228143e+01 5.539507e+01 5.849840e+01
         vertex 4.228143e+01 5.602007e+01 5.833094e+01
      endloop
   endfacet
   facet normal 1.000000e+00 0.000000e+00 0.000000e+00
      outer loop
         vertex 4.228143e+01 5.673075e+01 6.621936e+01
         vertex 4.228143e+01 5.602007e+01 5.833094e+01
         vertex 4.228143e+01 5.914516e+01 6.639457e+01
      endloop
   endfacet
   facet normal 1.000000e+00 0.000000e+00 0.000000e+00
      outer loop
         vertex 4.228143e+01 5.914516e+01 6.639457e+01
         vertex 4.228143e+01 5.602007e+01 5.833094e+01
         vertex 4.228143e+01 6.181324e+01 6.650504e+01
      endloop
   endfacet
   facet normal 1.000000e+00 -0.000000e+00 0.000000e+00
      outer loop
         vertex 4.228143e+01 9.814507e+01 5.724840e+01
         vertex 4.228143e+01 8.745594e+01 6.661469e+01
         vertex 4.228143e+01 9.389507e+01 5.594840e+01
      endloop
   endfacet
   facet normal 1.000000e+00 -1.256223e-16 -7.583696e-17
      outer loop
         vertex 4.228143e+01 9.389507e+01 5.594840e+01
         vertex 4.228143e+01 8.745594e+01 6.661469e+01
         vertex 4.228143e+01 8.398468e+01 6.664615e+01
      endloop
   endfacet
   facet normal 1.000000e+00 -1.125197e-33 4.053948e-17
      outer loop
         vertex 4.228143e+01 9.389507e+01 5.594840e+01
         vertex 4.228143e+01 8.398468e+01 6.664615e+01
         vertex 4.228143e+01 8.289507e+01 5.594840e+01
      endloop
   endfacet
   facet normal 1.000000e+00 6.591780e-17 3.382544e-17
      outer loop
         vertex 4.228143e+01 8.289507e+01 5.594840e+01
         vertex 4.228143e+01 8.398468e+01 6.664615e+01
         vertex 4.228143e+01 7.739507e+01 6.666661e+01
      endloop
   endfacet
   facet normal 1.000000e+00 0.000000e+00 0.000000e+00
      outer loop
         vertex 4.228143e+01 8.289507e+01 5.594840e+01
         vertex 4.228143e+01 7.739507e+01 6.666661e+01
         vertex 4.228143e+01 7.189507e+01 5.594840e+01
      endloop
   endfacet
   facet normal 1.000000e+00 -5.119040e-17 2.626814e-17
      outer loop
         vertex 4.228143e+01 7.189507e+01 5.594840e+01
         vertex 4.228143e+01 7.739507e+01 6.666661e+01
         vertex 4.228143e+01 6.890501e+01 6.663125e+01
      endloop
   endfacet
   facet normal 1.000000e+00 6.013072e-17 5.742622e-17
      outer loop
         vertex 4.228143e+01 7.189507e+01 5.594840e+01
         vertex 4.228143e+01 6.890501e+01 6.663125e+01
         vertex 4.228143e+01 6.181324e+01 6.650504e+01
      endloop
   endfacet
   facet normal 1.000000e+00 0.000000e+00 0.000000e+00
      outer loop
         vertex 4.228143e+01 5.186802e+01 6.312549e+01
         vertex 4.228143e+01 5.186802e+01 5.755110e+01
         vertex 4.228143e+01 5.300654e+01 5.594840e+01
      endloop
   endfacet
   facet normal 1.000000e+00 0.000000e+00 0.000000e+00
      outer loop
         vertex 4.228143e+01 5.300654e+01 5.594840e+01
         vertex 4.228143e+01 5.186802e+01 5.755110e+01
         vertex 4.228143e+01 5.186802e+01 5.594840e+01
      endloop
   endfacet
   facet normal 1.000000e+00 -0.000000e+00 0.000000e+00
      outer loop
         vertex 4.228143e+01 5.300654e+01 5.594840e+01
         vertex 4.228143e+01 5.186802e+01 5.594840e+01
         vertex 4.228143e+01 5.186802e+01 5.196577e+01
      endloop
   endfacet
   facet normal 1.000000e+00 0.000000e+00 0.000000e+00
      outer loop
         vertex 4.228143e+01 5.186802e+01 4.247340e+01
         vertex 4.228143e+01 5.300654e+01 4.247340e+01
         vertex 4.228143e+01 5.186802e+01 4.734840e+01
      endloop
   endfacet
   facet normal 1.000000e+00 0.000000e+00 0.000000e+00
      outer loop
         vertex 4.228143e+01 5.186802e+01 4.734840e+01
         vertex 4.228143e+01 5.300654e+01 4.247340e+01
         vertex 4.228143e+01 5.300654e+01 4.734840e+01
      endloop
   endfacet
   facet normal 1.000000e+00 0.000000e+00 0.000000e+00
      outer loop
         vertex 4.228143e+01 5.186802e+01 4.734840e+01
         vertex 4.228143e+01 5.300654e+01 4.734840e+01
         vertex 4.228143e+01 5.186802e+01 5.164840e+01
      endloop
   endfacet
   facet normal 1.000000e+00 -0.000000e+00 0.000000e+00
      outer loop
         vertex 4.228143e+01 5.539507e+01 4.479840e+01
         vertex 4.228143e+01 5.477007e+01 4.496587e+01
         vertex 4.228143e+01 5.300654e+01 4.247340e+01
      endloop
   endfacet
   facet normal 1.000000e+00 0.000000e+00 0.000000e+00
      outer loop
         vertex 4.228143e+01 5.300654e+01 4.247340e+01
         vertex 4.228143e+01 5.477007e+01 4.496587e+01
         vertex 4.228143e+01 5.431254e+01 4.542340e+01
      endloop
   endfacet
   facet normal 1.000000e+00 0.000000e+00 0.000000e+00
      outer loop
         vertex 4.228143e+01 5.300654e+01 4.247340e+01
         vertex 4.228143e+01 5.431254e+01 4.542340e+01
         vertex 4.228143e+01 5.300654e+01 4.734840e+01
      endloop
   endfacet
   facet normal 1.000000e+00 0.000000e+00 0.000000e+00
      outer loop
         vertex 4.228143e+01 5.300654e+01 4.734840e+01
         vertex 4.228143e+01 5.431254e+01 4.542340e+01
         vertex 4.228143e+01 5.414507e+01 4.604840e+01
      endloop
   endfacet
   facet normal 1.000000e+00 0.000000e+00 0.000000e+00
      outer loop
         vertex 4.228143e+01 5.300654e+01 4.734840e+01
         vertex 4.228143e+01 5.414507e+01 4.604840e+01
         vertex 4.228143e+01 5.431254e+01 4.667340e+01
      endloop
   endfacet
   facet normal 1.000000e+00 0.000000e+00 0.000000e+00
      outer loop
         vertex 4.228143e+01 5.431254e+01 4.667340e+01
         vertex 4.228143e+01 5.477007e+01 4.713094e+01
         vertex 4.228143e+01 5.300654e+01 4.734840e+01
      endloop
   endfacet
   facet normal 1.000000e+00 0.000000e+00 0.000000e+00
      outer loop
         vertex 4.228143e+01 5.300654e+01 4.734840e+01
         vertex 4.228143e+01 5.477007e+01 4.713094e+01
         vertex 4.228143e+01 5.539507e+01 4.729840e+01
      endloop
   endfacet
   facet normal 1.000000e+00 0.000000e+00 0.000000e+00
      outer loop
         vertex 4.228143e+01 5.300654e+01 4.734840e+01
         vertex 4.228143e+01 5.539507e+01 4.729840e+01
         vertex 4.228143e+01 6.089507e+01 4.734840e+01
      endloop
   endfacet
   facet normal 1.000000e+00 0.000000e+00 0.000000e+00
      outer loop
         vertex 4.228143e+01 5.539507e+01 4.729840e+01
         vertex 4.228143e+01 5.602007e+01 4.713094e+01
         vertex 4.228143e+01 6.089507e+01 4.734840e+01
      endloop
   endfacet
   facet normal 1.000000e+00 0.000000e+00 0.000000e+00
      outer loop
         vertex 4.228143e+01 6.089507e+01 4.734840e+01
         vertex 4.228143e+01 5.602007e+01 4.713094e+01
         vertex 4.228143e+01 5.647760e+01 4.667340e+01
      endloop
   endfacet
   facet normal 1.000000e+00 0.000000e+00 0.000000e+00
      outer loop
         vertex 4.228143e+01 6.089507e+01 4.734840e+01
         vertex 4.228143e+01 5.647760e+01 4.667340e+01
         vertex 4.228143e+01 5.664507e+01 4.604840e+01
      endloop
   endfacet
   facet normal 1.000000e+00 0.000000e+00 0.000000e+00
      outer loop
         vertex 4.228143e+01 5.539507e+01 4.479840e+01
         vertex 4.228143e+01 5.300654e+01 4.247340e+01
         vertex 4.228143e+01 5.602007e+01 4.496587e+01
      endloop
   endfacet
   facet normal 1.000000e+00 0.000000e+00 0.000000e+00
      outer loop
         vertex 4.228143e+01 5.602007e+01 4.496587e+01
         vertex 4.228143e+01 5.300654e+01 4.247340e+01
         vertex 4.228143e+01 6.089507e+01 4.247340e+01
      endloop
   endfacet
   facet normal 1.000000e+00 0.000000e+00 0.000000e+00
      outer loop
         vertex 4.228143e+01 5.602007e+01 4.496587e+01
         vertex 4.228143e+01 6.089507e+01 4.247340e+01
         vertex 4.228143e+01 5.647760e+01 4.542340e+01
      endloop
   endfacet
   facet normal 1.000000e+00 0.000000e+00 0.000000e+00
      outer loop
         vertex 4.228143e+01 5.300654e+01 4.014840e+01
         vertex 4.228143e+01 5.346346e+01 4.014840e+01
         vertex 4.228143e+01 5.300654e+01 4.247340e+01
      endloop
   endfacet
   facet normal 1.000000e+00 0.000000e+00 0.000000e+00
      outer loop
         vertex 4.228143e+01 5.300654e+01 4.247340e+01
         vertex 4.228143e+01 5.346346e+01 4.014840e+01
         vertex 4.228143e+01 5.505890e+01 4.014840e+01
      endloop
   endfacet
   facet normal 1.000000e+00 0.000000e+00 0.000000e+00
      outer loop
         vertex 4.228143e+01 5.300654e+01 4.247340e+01
         vertex 4.228143e+01 5.505890e+01 4.014840e+01
         vertex 4.228143e+01 6.089507e+01 4.247340e+01
      endloop
   endfacet
   facet normal 1.000000e+00 0.000000e+00 0.000000e+00
      outer loop
         vertex 4.228143e+01 6.089507e+01 4.247340e+01
         vertex 4.228143e+01 5.505890e+01 4.014840e+01
         vertex 4.228143e+01 5.824978e+01 4.014840e+01
      endloop
   endfacet
   facet normal 1.000000e+00 0.000000e+00 0.000000e+00
      outer loop
         vertex 4.228143e+01 6.089507e+01 4.247340e+01
         vertex 4.228143e+01 5.824978e+01 4.014840e+01
         vertex 4.228143e+01 6.089507e+01 4.014840e+01
      endloop
   endfacet
   facet normal 1.000000e+00 0.000000e+00 0.000000e+00
      outer loop
         vertex 4.228143e+01 6.514507e+01 5.464840e+01
         vertex 4.228143e+01 6.531254e+01 5.527340e+01
         vertex 4.228143e+01 6.089507e+01 5.594840e+01
      endloop
   endfacet
   facet normal 1.000000e+00 0.000000e+00 0.000000e+00
      outer loop
         vertex 4.228143e+01 6.089507e+01 5.594840e+01
         vertex 4.228143e+01 6.531254e+01 5.527340e+01
         vertex 4.228143e+01 6.577007e+01 5.573094e+01
      endloop
   endfacet
   facet normal 1.000000e+00 0.000000e+00 0.000000e+00
      outer loop
         vertex 4.228143e+01 6.089507e+01 5.594840e+01
         vertex 4.228143e+01 6.577007e+01 5.573094e+01
         vertex 4.228143e+01 6.639507e+01 5.589840e+01
      endloop
   endfacet
   facet normal 1.000000e+00 0.000000e+00 0.000000e+00
      outer loop
         vertex 4.228143e+01 5.186802e+01 5.196577e+01
         vertex 4.228143e+01 5.300654e+01 5.164840e+01
         vertex 4.228143e+01 5.300654e+01 5.594840e+01
      endloop
   endfacet
   facet normal 1.000000e+00 0.000000e+00 0.000000e+00
      outer loop
         vertex 4.228143e+01 5.300654e+01 5.594840e+01
         vertex 4.228143e+01 5.300654e+01 5.164840e+01
         vertex 4.228143e+01 6.089507e+01 5.164840e+01
      endloop
   endfacet
   facet normal 1.000000e+00 0.000000e+00 0.000000e+00
      outer loop
         vertex 4.228143e+01 5.300654e+01 5.594840e+01
         vertex 4.228143e+01 6.089507e+01 5.164840e+01
         vertex 4.228143e+01 6.089507e+01 5.594840e+01
      endloop
   endfacet
   facet normal 1.000000e+00 0.000000e+00 0.000000e+00
      outer loop
         vertex 4.228143e+01 6.089507e+01 5.594840e+01
         vertex 4.228143e+01 6.089507e+01 5.164840e+01
         vertex 4.228143e+01 6.531254e+01 5.402340e+01
      endloop
   endfacet
   facet normal 1.000000e+00 0.000000e+00 0.000000e+00
      outer loop
         vertex 4.228143e+01 6.089507e+01 5.594840e+01
         vertex 4.228143e+01 6.531254e+01 5.402340e+01
         vertex 4.228143e+01 6.514507e+01 5.464840e+01
      endloop
   endfacet
   facet normal 1.000000e+00 0.000000e+00 0.000000e+00
      outer loop
         vertex 4.228143e+01 6.764507e+01 5.464840e+01
         vertex 4.228143e+01 6.747760e+01 5.402340e+01
         vertex 4.228143e+01 7.189507e+01 5.164840e+01
      endloop
   endfacet
   facet normal 1.000000e+00 0.000000e+00 0.000000e+00
      outer loop
         vertex 4.228143e+01 5.602007e+01 5.833094e+01
         vertex 4.228143e+01 5.647760e+01 5.787340e+01
         vertex 4.228143e+01 6.181324e+01 6.650504e+01
      endloop
   endfacet
   facet normal 1.000000e+00 0.000000e+00 0.000000e+00
      outer loop
         vertex 4.228143e+01 6.181324e+01 6.650504e+01
         vertex 4.228143e+01 5.647760e+01 5.787340e+01
         vertex 4.228143e+01 6.089507e+01 5.594840e+01
      endloop
   endfacet
   facet normal 1.000000e+00 0.000000e+00 0.000000e+00
      outer loop
         vertex 4.228143e+01 6.181324e+01 6.650504e+01
         vertex 4.228143e+01 6.089507e+01 5.594840e+01
         vertex 4.228143e+01 7.189507e+01 5.594840e+01
      endloop
   endfacet
   facet normal 1.000000e+00 -0.000000e+00 0.000000e+00
      outer loop
         vertex 4.228143e+01 7.189507e+01 5.594840e+01
         vertex 4.228143e+01 6.089507e+01 5.594840e+01
         vertex 4.228143e+01 6.639507e+01 5.589840e+01
      endloop
   endfacet
   facet normal 1.000000e+00 0.000000e+00 0.000000e+00
      outer loop
         vertex 4.228143e+01 6.639507e+01 5.589840e+01
         vertex 4.228143e+01 6.702007e+01 5.573094e+01
         vertex 4.228143e+01 7.189507e+01 5.594840e+01
      endloop
   endfacet
   facet normal 1.000000e+00 0.000000e+00 0.000000e+00
      outer loop
         vertex 4.228143e+01 7.189507e+01 5.594840e+01
         vertex 4.228143e+01 6.702007e+01 5.573094e+01
         vertex 4.228143e+01 6.747760e+01 5.527340e+01
      endloop
   endfacet
   facet normal 1.000000e+00 0.000000e+00 0.000000e+00
      outer loop
         vertex 4.228143e+01 7.189507e+01 5.594840e+01
         vertex 4.228143e+01 6.747760e+01 5.527340e+01
         vertex 4.228143e+01 6.764507e+01 5.464840e+01
      endloop
   endfacet
   facet normal 1.000000e+00 0.000000e+00 0.000000e+00
      outer loop
         vertex 4.228143e+01 6.747760e+01 5.402340e+01
         vertex 4.228143e+01 6.702007e+01 5.356587e+01
         vertex 4.228143e+01 7.189507e+01 5.164840e+01
      endloop
   endfacet
   facet normal 1.000000e+00 0.000000e+00 0.000000e+00
      outer loop
         vertex 4.228143e+01 7.189507e+01 5.164840e+01
         vertex 4.228143e+01 6.702007e+01 5.356587e+01
         vertex 4.228143e+01 6.639507e+01 5.339840e+01
      endloop
   endfacet
   facet normal 1.000000e+00 0.000000e+00 0.000000e+00
      outer loop
         vertex 4.228143e+01 7.189507e+01 5.164840e+01
         vertex 4.228143e+01 6.639507e+01 5.339840e+01
         vertex 4.228143e+01 6.089507e+01 5.164840e+01
      endloop
   endfacet
   facet normal 1.000000e+00 0.000000e+00 0.000000e+00
      outer loop
         vertex 4.228143e+01 6.089507e+01 5.164840e+01
         vertex 4.228143e+01 6.639507e+01 5.339840e+01
         vertex 4.228143e+01 6.577007e+01 5.356587e+01
      endloop
   endfacet
   facet normal 1.000000e+00 0.000000e+00 0.000000e+00
      outer loop
         vertex 4.228143e+01 6.089507e+01 5.164840e+01
         vertex 4.228143e+01 6.577007e+01 5.356587e+01
         vertex 4.228143e+01 6.531254e+01 5.402340e+01
      endloop
   endfacet
   facet normal 1.000000e+00 0.000000e+00 0.000000e+00
      outer loop
         vertex 4.228143e+01 6.089507e+01 4.014840e+01
         vertex 4.228143e+01 6.144066e+01 4.014840e+01
         vertex 4.228143e+01 6.089507e+01 4.247340e+01
      endloop
   endfacet
   facet normal 1.000000e+00 0.000000e+00 0.000000e+00
      outer loop
         vertex 4.228143e+01 6.089507e+01 4.247340e+01
         vertex 4.228143e+01 6.144066e+01 4.014840e+01
         vertex 4.228143e+01 6.463154e+01 4.014840e+01
      endloop
   endfacet
   facet normal 1.000000e+00 0.000000e+00 0.000000e+00
      outer loop
         vertex 4.228143e+01 6.089507e+01 4.247340e+01
         vertex 4.228143e+01 6.463154e+01 4.014840e+01
         vertex 4.228143e+01 7.189507e+01 4.247340e+01
      endloop
   endfacet
   facet normal 1.000000e+00 0.000000e+00 0.000000e+00
      outer loop
         vertex 4.228143e+01 7.189507e+01 4.247340e+01
         vertex 4.228143e+01 6.463154e+01 4.014840e+01
         vertex 4.228143e+01 6.782243e+01 4.014840e+01
      endloop
   endfacet
   facet normal 1.000000e+00 0.000000e+00 0.000000e+00
      outer loop
         vertex 4.228143e+01 7.189507e+01 4.247340e+01
         vertex 4.228143e+01 6.782243e+01 4.014840e+01
         vertex 4.228143e+01 7.101331e+01 4.014840e+01
      endloop
   endfacet
   facet normal 1.000000e+00 -0.000000e+00 0.000000e+00
      outer loop
         vertex 4.228143e+01 7.631254e+01 4.802340e+01
         vertex 4.228143e+01 7.614507e+01 4.864840e+01
         vertex 4.228143e+01 7.189507e+01 4.734840e+01
      endloop
   endfacet
   facet normal 1.000000e+00 0.000000e+00 0.000000e+00
      outer loop
         vertex 4.228143e+01 8.289507e+01 5.164840e+01
         vertex 4.228143e+01 7.847760e+01 4.927340e+01
         vertex 4.228143e+01 8.289507e+01 4.734840e+01
      endloop
   endfacet
   facet normal 1.000000e+00 0.000000e+00 0.000000e+00
      outer loop
         vertex 4.228143e+01 8.289507e+01 4.734840e+01
         vertex 4.228143e+01 7.847760e+01 4.927340e+01
         vertex 4.228143e+01 7.864507e+01 4.864840e+01
      endloop
   endfacet
   facet normal 1.000000e+00 0.000000e+00 0.000000e+00
      outer loop
         vertex 4.228143e+01 8.289507e+01 4.734840e+01
         vertex 4.228143e+01 7.864507e+01 4.864840e+01
         vertex 4.228143e+01 7.847760e+01 4.802340e+01
      endloop
   endfacet
   facet normal 1.000000e+00 0.000000e+00 0.000000e+00
      outer loop
         vertex 4.228143e+01 7.847760e+01 4.802340e+01
         vertex 4.228143e+01 7.802007e+01 4.756587e+01
         vertex 4.228143e+01 8.289507e+01 4.734840e+01
      endloop
   endfacet
   facet normal 1.000000e+00 0.000000e+00 0.000000e+00
      outer loop
         vertex 4.228143e+01 8.289507e+01 4.734840e+01
         vertex 4.228143e+01 7.802007e+01 4.756587e+01
         vertex 4.228143e+01 7.739507e+01 4.739840e+01
      endloop
   endfacet
   facet normal 1.000000e+00 0.000000e+00 0.000000e+00
      outer loop
         vertex 4.228143e+01 8.289507e+01 4.734840e+01
         vertex 4.228143e+01 7.739507e+01 4.739840e+01
         vertex 4.228143e+01 7.189507e+01 4.734840e+01
      endloop
   endfacet
   facet normal 1.000000e+00 0.000000e+00 0.000000e+00
      outer loop
         vertex 4.228143e+01 7.189507e+01 4.734840e+01
         vertex 4.228143e+01 7.739507e+01 4.739840e+01
         vertex 4.228143e+01 7.677007e+01 4.756587e+01
      endloop
   endfacet
   facet normal 1.000000e+00 0.000000e+00 0.000000e+00
      outer loop
         vertex 4.228143e+01 7.189507e+01 4.734840e+01
         vertex 4.228143e+01 7.677007e+01 4.756587e+01
         vertex 4.228143e+01 7.631254e+01 4.802340e+01
      endloop
   endfacet
   facet normal 1.000000e+00 0.000000e+00 0.000000e+00
      outer loop
         vertex 4.228143e+01 5.186802e+01 5.164840e+01
         vertex 4.228143e+01 5.300654e+01 4.734840e+01
         vertex 4.228143e+01 5.300654e+01 5.164840e+01
      endloop
   endfacet
   facet normal 1.000000e+00 0.000000e+00 0.000000e+00
      outer loop
         vertex 4.228143e+01 5.300654e+01 5.164840e+01
         vertex 4.228143e+01 5.300654e+01 4.734840e+01
         vertex 4.228143e+01 6.089507e+01 4.734840e+01
      endloop
   endfacet
   facet normal 1.000000e+00 0.000000e+00 0.000000e+00
      outer loop
         vertex 4.228143e+01 5.300654e+01 5.164840e+01
         vertex 4.228143e+01 6.089507e+01 4.734840e+01
         vertex 4.228143e+01 6.089507e+01 5.164840e+01
      endloop
   endfacet
   facet normal 1.000000e+00 0.000000e+00 0.000000e+00
      outer loop
         vertex 4.228143e+01 6.089507e+01 5.164840e+01
         vertex 4.228143e+01 6.089507e+01 4.734840e+01
         vertex 4.228143e+01 7.189507e+01 4.734840e+01
      endloop
   endfacet
   facet normal 1.000000e+00 0.000000e+00 0.000000e+00
      outer loop
         vertex 4.228143e+01 6.089507e+01 5.164840e+01
         vertex 4.228143e+01 7.189507e+01 4.734840e+01
         vertex 4.228143e+01 7.189507e+01 5.164840e+01
      endloop
   endfacet
   facet normal 1.000000e+00 0.000000e+00 0.000000e+00
      outer loop
         vertex 4.228143e+01 7.189507e+01 5.164840e+01
         vertex 4.228143e+01 7.189507e+01 4.734840e+01
         vertex 4.228143e+01 7.614507e+01 4.864840e+01
      endloop
   endfacet
   facet normal 1.000000e+00 0.000000e+00 0.000000e+00
      outer loop
         vertex 4.228143e+01 7.189507e+01 5.164840e+01
         vertex 4.228143e+01 7.614507e+01 4.864840e+01
         vertex 4.228143e+01 7.631254e+01 4.927340e+01
      endloop
   endfacet
   facet normal 1.000000e+00 0.000000e+00 0.000000e+00
      outer loop
         vertex 4.228143e+01 7.631254e+01 4.927340e+01
         vertex 4.228143e+01 7.677007e+01 4.973094e+01
         vertex 4.228143e+01 7.189507e+01 5.164840e+01
      endloop
   endfacet
   facet normal 1.000000e+00 0.000000e+00 0.000000e+00
      outer loop
         vertex 4.228143e+01 7.189507e+01 5.164840e+01
         vertex 4.228143e+01 7.677007e+01 4.973094e+01
         vertex 4.228143e+01 7.739507e+01 4.989840e+01
      endloop
   endfacet
   facet normal 1.000000e+00 0.000000e+00 0.000000e+00
      outer loop
         vertex 4.228143e+01 7.189507e+01 5.164840e+01
         vertex 4.228143e+01 7.739507e+01 4.989840e+01
         vertex 4.228143e+01 8.289507e+01 5.164840e+01
      endloop
   endfacet
   facet normal 1.000000e+00 0.000000e+00 0.000000e+00
      outer loop
         vertex 4.228143e+01 8.289507e+01 5.164840e+01
         vertex 4.228143e+01 7.739507e+01 4.989840e+01
         vertex 4.228143e+01 7.802007e+01 4.973094e+01
      endloop
   endfacet
   facet normal 1.000000e+00 0.000000e+00 0.000000e+00
      outer loop
         vertex 4.228143e+01 8.289507e+01 5.164840e+01
         vertex 4.228143e+01 7.802007e+01 4.973094e+01
         vertex 4.228143e+01 7.847760e+01 4.927340e+01
      endloop
   endfacet
   facet normal 1.000000e+00 0.000000e+00 0.000000e+00
      outer loop
         vertex 4.228143e+01 7.189507e+01 4.014840e+01
         vertex 4.228143e+01 7.420419e+01 4.014840e+01
         vertex 4.228143e+01 7.189507e+01 4.247340e+01
      endloop
   endfacet
   facet normal 1.000000e+00 0.000000e+00 0.000000e+00
      outer loop
         vertex 4.228143e+01 7.189507e+01 4.247340e+01
         vertex 4.228143e+01 7.420419e+01 4.014840e+01
         vertex 4.228143e+01 7.739507e+01 4.014840e+01
      endloop
   endfacet
   facet normal 1.000000e+00 0.000000e+00 0.000000e+00
      outer loop
         vertex 4.228143e+01 7.189507e+01 4.247340e+01
         vertex 4.228143e+01 7.739507e+01 4.014840e+01
         vertex 4.228143e+01 8.289507e+01 4.247340e+01
      endloop
   endfacet
   facet normal 1.000000e+00 0.000000e+00 0.000000e+00
      outer loop
         vertex 4.228143e+01 8.289507e+01 4.247340e+01
         vertex 4.228143e+01 7.739507e+01 4.014840e+01
         vertex 4.228143e+01 8.058595e+01 4.014840e+01
      endloop
   endfacet
   facet normal 1.000000e+00 0.000000e+00 0.000000e+00
      outer loop
         vertex 4.228143e+01 8.289507e+01 4.247340e+01
         vertex 4.228143e+01 8.058595e+01 4.014840e+01
         vertex 4.228143e+01 8.289507e+01 4.014840e+01
      endloop
   endfacet
   facet normal 1.000000e+00 -0.000000e+00 0.000000e+00
      outer loop
         vertex 4.228143e+01 8.777007e+01 5.356587e+01
         vertex 4.228143e+01 8.731254e+01 5.402340e+01
         vertex 4.228143e+01 8.289507e+01 5.164840e+01
      endloop
   endfacet
   facet normal 1.000000e+00 0.000000e+00 0.000000e+00
      outer loop
         vertex 4.228143e+01 8.777007e+01 5.356587e+01
         vertex 4.228143e+01 8.289507e+01 5.164840e+01
         vertex 4.228143e+01 8.839507e+01 5.339840e+01
      endloop
   endfacet
   facet normal 1.000000e+00 0.000000e+00 0.000000e+00
      outer loop
         vertex 4.228143e+01 8.714507e+01 5.464840e+01
         vertex 4.228143e+01 8.731254e+01 5.527340e+01
         vertex 4.228143e+01 8.289507e+01 5.594840e+01
      endloop
   endfacet
   facet normal 1.000000e+00 0.000000e+00 0.000000e+00
      outer loop
         vertex 4.228143e+01 6.764507e+01 5.464840e+01
         vertex 4.228143e+01 7.189507e+01 5.164840e+01
         vertex 4.228143e+01 7.189507e+01 5.594840e+01
      endloop
   endfacet
   facet normal 1.000000e+00 0.000000e+00 0.000000e+00
      outer loop
         vertex 4.228143e+01 7.189507e+01 5.594840e+01
         vertex 4.228143e+01 7.189507e+01 5.164840e+01
         vertex 4.228143e+01 8.289507e+01 5.164840e+01
      endloop
   endfacet
   facet normal 1.000000e+00 0.000000e+00 0.000000e+00
      outer loop
         vertex 4.228143e+01 7.189507e+01 5.594840e+01
         vertex 4.228143e+01 8.289507e+01 5.164840e+01
         vertex 4.228143e+01 8.289507e+01 5.594840e+01
      endloop
   endfacet
   facet normal 1.000000e+00 0.000000e+00 0.000000e+00
      outer loop
         vertex 4.228143e+01 8.289507e+01 5.594840e+01
         vertex 4.228143e+01 8.289507e+01 5.164840e+01
         vertex 4.228143e+01 8.731254e+01 5.402340e+01
      endloop
   endfacet
   facet normal 1.000000e+00 0.000000e+00 0.000000e+00
      outer loop
         vertex 4.228143e+01 8.289507e+01 5.594840e+01
         vertex 4.228143e+01 8.731254e+01 5.402340e+01
         vertex 4.228143e+01 8.714507e+01 5.464840e+01
      endloop
   endfacet
   facet normal 1.000000e+00 0.000000e+00 0.000000e+00
      outer loop
         vertex 4.228143e+01 8.902007e+01 5.573094e+01
         vertex 4.228143e+01 9.389507e+01 5.594840e+01
         vertex 4.228143e+01 8.839507e+01 5.589840e+01
      endloop
   endfacet
   facet normal 1.000000e+00 0.000000e+00 0.000000e+00
      outer loop
         vertex 4.228143e+01 8.839507e+01 5.589840e+01
         vertex 4.228143e+01 9.389507e+01 5.594840e+01
         vertex 4.228143e+01 8.289507e+01 5.594840e+01
      endloop
   endfacet
   facet normal 1.000000e+00 -0.000000e+00 0.000000e+00
      outer loop
         vertex 4.228143e+01 8.839507e+01 5.589840e+01
         vertex 4.228143e+01 8.289507e+01 5.594840e+01
         vertex 4.228143e+01 8.777007e+01 5.573094e+01
      endloop
   endfacet
   facet normal 1.000000e+00 -0.000000e+00 0.000000e+00
      outer loop
         vertex 4.228143e+01 8.777007e+01 5.573094e+01
         vertex 4.228143e+01 8.289507e+01 5.594840e+01
         vertex 4.228143e+01 8.731254e+01 5.527340e+01
      endloop
   endfacet
   facet normal 1.000000e+00 0.000000e+00 0.000000e+00
      outer loop
         vertex 4.228143e+01 8.902007e+01 5.573094e+01
         vertex 4.228143e+01 8.947760e+01 5.527340e+01
         vertex 4.228143e+01 9.389507e+01 5.594840e+01
      endloop
   endfacet
   facet normal 1.000000e+00 0.000000e+00 0.000000e+00
      outer loop
         vertex 4.228143e+01 9.389507e+01 5.594840e+01
         vertex 4.228143e+01 8.947760e+01 5.527340e+01
         vertex 4.228143e+01 8.964507e+01 5.464840e+01
      endloop
   endfacet
   facet normal 1.000000e+00 0.000000e+00 0.000000e+00
      outer loop
         vertex 4.228143e+01 9.389507e+01 5.594840e+01
         vertex 4.228143e+01 8.964507e+01 5.464840e+01
         vertex 4.228143e+01 9.389507e+01 5.164840e+01
      endloop
   endfacet
   facet normal 1.000000e+00 0.000000e+00 0.000000e+00
      outer loop
         vertex 4.228143e+01 9.389507e+01 5.164840e+01
         vertex 4.228143e+01 8.964507e+01 5.464840e+01
         vertex 4.228143e+01 8.947760e+01 5.402340e+01
      endloop
   endfacet
   facet normal 1.000000e+00 0.000000e+00 0.000000e+00
      outer loop
         vertex 4.228143e+01 9.389507e+01 5.164840e+01
         vertex 4.228143e+01 8.947760e+01 5.402340e+01
         vertex 4.228143e+01 8.902007e+01 5.356587e+01
      endloop
   endfacet
   facet normal 1.000000e+00 0.000000e+00 0.000000e+00
      outer loop
         vertex 4.228143e+01 8.289507e+01 4.734840e+01
         vertex 4.228143e+01 9.389507e+01 4.734840e+01
         vertex 4.228143e+01 8.289507e+01 5.164840e+01
      endloop
   endfacet
   facet normal 1.000000e+00 0.000000e+00 0.000000e+00
      outer loop
         vertex 4.228143e+01 8.289507e+01 5.164840e+01
         vertex 4.228143e+01 9.389507e+01 4.734840e+01
         vertex 4.228143e+01 9.389507e+01 5.164840e+01
      endloop
   endfacet
   facet normal 1.000000e+00 0.000000e+00 0.000000e+00
      outer loop
         vertex 4.228143e+01 8.289507e+01 5.164840e+01
         vertex 4.228143e+01 9.389507e+01 5.164840e+01
         vertex 4.228143e+01 8.839507e+01 5.339840e+01
      endloop
   endfacet
   facet normal 1.000000e+00 0.000000e+00 0.000000e+00
      outer loop
         vertex 4.228143e+01 8.839507e+01 5.339840e+01
         vertex 4.228143e+01 9.389507e+01 5.164840e+01
         vertex 4.228143e+01 8.902007e+01 5.356587e+01
      endloop
   endfacet
   facet normal 1.000000e+00 0.000000e+00 0.000000e+00
      outer loop
         vertex 4.228143e+01 8.289507e+01 4.014840e+01
         vertex 4.228143e+01 8.377683e+01 4.014840e+01
         vertex 4.228143e+01 8.289507e+01 4.247340e+01
      endloop
   endfacet
   facet normal 1.000000e+00 0.000000e+00 0.000000e+00
      outer loop
         vertex 4.228143e+01 8.289507e+01 4.247340e+01
         vertex 4.228143e+01 8.377683e+01 4.014840e+01
         vertex 4.228143e+01 8.696771e+01 4.014840e+01
      endloop
   endfacet
   facet normal 1.000000e+00 0.000000e+00 0.000000e+00
      outer loop
         vertex 4.228143e+01 8.289507e+01 4.247340e+01
         vertex 4.228143e+01 8.696771e+01 4.014840e+01
         vertex 4.228143e+01 9.389507e+01 4.247340e+01
      endloop
   endfacet
   facet normal 1.000000e+00 0.000000e+00 0.000000e+00
      outer loop
         vertex 4.228143e+01 9.389507e+01 4.247340e+01
         vertex 4.228143e+01 8.696771e+01 4.014840e+01
         vertex 4.228143e+01 9.015860e+01 4.014840e+01
      endloop
   endfacet
   facet normal 1.000000e+00 0.000000e+00 0.000000e+00
      outer loop
         vertex 4.228143e+01 9.389507e+01 4.247340e+01
         vertex 4.228143e+01 9.015860e+01 4.014840e+01
         vertex 4.228143e+01 9.334948e+01 4.014840e+01
      endloop
   endfacet
   facet normal 1.000000e+00 0.000000e+00 0.000000e+00
      outer loop
         vertex 4.228143e+01 1.000201e+02 5.616587e+01
         vertex 4.228143e+01 9.939507e+01 5.599840e+01
         vertex 4.228143e+01 1.029221e+02 5.594840e+01
      endloop
   endfacet
   facet normal 1.000000e+00 0.000000e+00 0.000000e+00
      outer loop
         vertex 4.228143e+01 1.029221e+02 5.594840e+01
         vertex 4.228143e+01 9.939507e+01 5.599840e+01
         vertex 4.228143e+01 9.389507e+01 5.594840e+01
      endloop
   endfacet
   facet normal 1.000000e+00 0.000000e+00 -0.000000e+00
      outer loop
         vertex 4.228143e+01 1.029221e+02 5.594840e+01
         vertex 4.228143e+01 9.389507e+01 5.594840e+01
         vertex 4.228143e+01 1.029221e+02 5.196577e+01
      endloop
   endfacet
   facet normal 1.000000e+00 -0.000000e+00 0.000000e+00
      outer loop
         vertex 4.228143e+01 1.029221e+02 5.196577e+01
         vertex 4.228143e+01 9.389507e+01 5.594840e+01
         vertex 4.228143e+01 9.389507e+01 5.164840e+01
      endloop
   endfacet
   facet normal 1.000000e+00 0.000000e+00 0.000000e+00
      outer loop
         vertex 4.228143e+01 1.029221e+02 4.247340e+01
         vertex 4.228143e+01 9.939507e+01 4.479840e+01
         vertex 4.228143e+01 9.389507e+01 4.247340e+01
      endloop
   endfacet
   facet normal 1.000000e+00 0.000000e+00 0.000000e+00
      outer loop
         vertex 4.228143e+01 9.389507e+01 4.247340e+01
         vertex 4.228143e+01 9.939507e+01 4.479840e+01
         vertex 4.228143e+01 9.877007e+01 4.496587e+01
      endloop
   endfacet
   facet normal 1.000000e+00 0.000000e+00 0.000000e+00
      outer loop
         vertex 4.228143e+01 9.389507e+01 4.247340e+01
         vertex 4.228143e+01 9.877007e+01 4.496587e+01
         vertex 4.228143e+01 9.831254e+01 4.542340e+01
      endloop
   endfacet
   facet normal 1.000000e+00 -0.000000e+00 0.000000e+00
      outer loop
         vertex 4.228143e+01 9.831254e+01 4.542340e+01
         vertex 4.228143e+01 9.389507e+01 4.734840e+01
         vertex 4.228143e+01 9.389507e+01 4.247340e+01
      endloop
   endfacet
   facet normal 1.000000e+00 0.000000e+00 0.000000e+00
      outer loop
         vertex 4.228143e+01 9.389507e+01 4.247340e+01
         vertex 4.228143e+01 9.389507e+01 4.734840e+01
         vertex 4.228143e+01 8.289507e+01 4.734840e+01
      endloop
   endfacet
   facet normal 1.000000e+00 0.000000e+00 0.000000e+00
      outer loop
         vertex 4.228143e+01 9.389507e+01 4.247340e+01
         vertex 4.228143e+01 8.289507e+01 4.734840e+01
         vertex 4.228143e+01 8.289507e+01 4.247340e+01
      endloop
   endfacet
   facet normal 1.000000e+00 0.000000e+00 0.000000e+00
      outer loop
         vertex 4.228143e+01 8.289507e+01 4.247340e+01
         vertex 4.228143e+01 8.289507e+01 4.734840e+01
         vertex 4.228143e+01 7.189507e+01 4.734840e+01
      endloop
   endfacet
   facet normal 1.000000e+00 0.000000e+00 0.000000e+00
      outer loop
         vertex 4.228143e+01 8.289507e+01 4.247340e+01
         vertex 4.228143e+01 7.189507e+01 4.734840e+01
         vertex 4.228143e+01 7.189507e+01 4.247340e+01
      endloop
   endfacet
   facet normal 1.000000e+00 0.000000e+00 0.000000e+00
      outer loop
         vertex 4.228143e+01 7.189507e+01 4.247340e+01
         vertex 4.228143e+01 7.189507e+01 4.734840e+01
         vertex 4.228143e+01 6.089507e+01 4.734840e+01
      endloop
   endfacet
   facet normal 1.000000e+00 0.000000e+00 0.000000e+00
      outer loop
         vertex 4.228143e+01 7.189507e+01 4.247340e+01
         vertex 4.228143e+01 6.089507e+01 4.734840e+01
         vertex 4.228143e+01 6.089507e+01 4.247340e+01
      endloop
   endfacet
   facet normal 1.000000e+00 0.000000e+00 0.000000e+00
      outer loop
         vertex 4.228143e+01 6.089507e+01 4.247340e+01
         vertex 4.228143e+01 6.089507e+01 4.734840e+01
         vertex 4.228143e+01 5.664507e+01 4.604840e+01
      endloop
   endfacet
   facet normal 1.000000e+00 0.000000e+00 0.000000e+00
      outer loop
         vertex 4.228143e+01 6.089507e+01 4.247340e+01
         vertex 4.228143e+01 5.664507e+01 4.604840e+01
         vertex 4.228143e+01 5.647760e+01 4.542340e+01
      endloop
   endfacet
   facet normal 1.000000e+00 0.000000e+00 0.000000e+00
      outer loop
         vertex 4.228143e+01 9.939507e+01 4.729840e+01
         vertex 4.228143e+01 1.000201e+02 4.713094e+01
         vertex 4.228143e+01 1.029221e+02 4.734840e+01
      endloop
   endfacet
   facet normal 1.000000e+00 0.000000e+00 0.000000e+00
      outer loop
         vertex 4.228143e+01 9.831254e+01 4.542340e+01
         vertex 4.228143e+01 9.814507e+01 4.604840e+01
         vertex 4.228143e+01 9.389507e+01 4.734840e+01
      endloop
   endfacet
   facet normal 1.000000e+00 0.000000e+00 0.000000e+00
      outer loop
         vertex 4.228143e+01 9.389507e+01 4.734840e+01
         vertex 4.228143e+01 9.814507e+01 4.604840e+01
         vertex 4.228143e+01 9.831254e+01 4.667340e+01
      endloop
   endfacet
   facet normal 1.000000e+00 0.000000e+00 0.000000e+00
      outer loop
         vertex 4.228143e+01 9.389507e+01 4.734840e+01
         vertex 4.228143e+01 9.831254e+01 4.667340e+01
         vertex 4.228143e+01 9.877007e+01 4.713094e+01
      endloop
   endfacet
   facet normal 1.000000e+00 0.000000e+00 0.000000e+00
      outer loop
         vertex 4.228143e+01 9.877007e+01 4.713094e+01
         vertex 4.228143e+01 9.939507e+01 4.729840e+01
         vertex 4.228143e+01 9.389507e+01 4.734840e+01
      endloop
   endfacet
   facet normal 1.000000e+00 0.000000e+00 0.000000e+00
      outer loop
         vertex 4.228143e+01 9.389507e+01 4.734840e+01
         vertex 4.228143e+01 9.939507e+01 4.729840e+01
         vertex 4.228143e+01 1.029221e+02 4.734840e+01
      endloop
   endfacet
   facet normal 1.000000e+00 0.000000e+00 0.000000e+00
      outer loop
         vertex 4.228143e+01 9.389507e+01 4.734840e+01
         vertex 4.228143e+01 1.029221e+02 4.734840e+01
         vertex 4.228143e+01 9.389507e+01 5.164840e+01
      endloop
   endfacet
   facet normal 1.000000e+00 0.000000e+00 0.000000e+00
      outer loop
         vertex 4.228143e+01 9.389507e+01 5.164840e+01
         vertex 4.228143e+01 1.029221e+02 4.734840e+01
         vertex 4.228143e+01 1.029221e+02 5.164840e+01
      endloop
   endfacet
   facet normal 1.000000e+00 0.000000e+00 0.000000e+00
      outer loop
         vertex 4.228143e+01 9.389507e+01 5.164840e+01
         vertex 4.228143e+01 1.029221e+02 5.164840e+01
         vertex 4.228143e+01 1.029221e+02 5.196577e+01
      endloop
   endfacet
   facet normal 1.000000e+00 0.000000e+00 0.000000e+00
      outer loop
         vertex 4.228143e+01 1.000201e+02 4.713094e+01
         vertex 4.228143e+01 1.004776e+02 4.667340e+01
         vertex 4.228143e+01 1.029221e+02 4.734840e+01
      endloop
   endfacet
   facet normal 1.000000e+00 0.000000e+00 0.000000e+00
      outer loop
         vertex 4.228143e+01 1.029221e+02 4.734840e+01
         vertex 4.228143e+01 1.004776e+02 4.667340e+01
         vertex 4.228143e+01 1.006451e+02 4.604840e+01
      endloop
   endfacet
   facet normal 1.000000e+00 0.000000e+00 0.000000e+00
      outer loop
         vertex 4.228143e+01 1.029221e+02 4.734840e+01
         vertex 4.228143e+01 1.006451e+02 4.604840e+01
         vertex 4.228143e+01 1.029221e+02 4.247340e+01
      endloop
   endfacet
   facet normal 1.000000e+00 0.000000e+00 0.000000e+00
      outer loop
         vertex 4.228143e+01 1.029221e+02 4.247340e+01
         vertex 4.228143e+01 1.006451e+02 4.604840e+01
         vertex 4.228143e+01 1.004776e+02 4.542340e+01
      endloop
   endfacet
   facet normal 1.000000e+00 0.000000e+00 0.000000e+00
      outer loop
         vertex 4.228143e+01 1.029221e+02 4.247340e+01
         vertex 4.228143e+01 1.004776e+02 4.542340e+01
         vertex 4.228143e+01 1.000201e+02 4.496587e+01
      endloop
   endfacet
   facet normal 9.684233e-01 3.925874e-02 2.462011e-01
      outer loop
         vertex 3.776870e+01 8.383458e+01 8.414561e+01
         vertex 3.776475e+01 8.229971e+01 8.440588e+01
         vertex 3.998824e+01 8.144641e+01 7.579590e+01
      endloop
   endfacet
   facet normal 9.514427e-01 1.108579e-01 2.871712e-01
      outer loop
         vertex 3.998824e+01 9.650416e+01 7.203399e+01
         vertex 3.998824e+01 9.297053e+01 7.339809e+01
         vertex 4.111759e+01 9.154726e+01 7.020582e+01
      endloop
   endfacet
   facet normal 9.507644e-01 8.776096e-02 2.972290e-01
      outer loop
         vertex 4.111759e+01 9.154726e+01 7.020582e+01
         vertex 3.998824e+01 9.297053e+01 7.339809e+01
         vertex 3.998824e+01 8.926352e+01 7.449264e+01
      endloop
   endfacet
   facet normal 5.398032e-01 2.100459e-01 8.151646e-01
      outer loop
         vertex 4.144865e+01 1.019550e+02 6.724806e+01
         vertex 4.132794e+01 1.026511e+02 6.714861e+01
         vertex 4.111759e+01 1.028042e+02 6.724847e+01
      endloop
   endfacet
   facet normal 9.442783e-01 1.167382e-02 3.289411e-01
      outer loop
         vertex 4.168227e+01 9.083562e+01 6.860968e+01
         vertex 4.216838e+01 9.024408e+01 6.723520e+01
         vertex 4.209463e+01 9.418453e+01 6.730707e+01
      endloop
   endfacet
   facet normal 9.433678e-01 4.471857e-03 3.317186e-01
      outer loop
         vertex 4.216838e+01 9.024408e+01 6.723520e+01
         vertex 4.168227e+01 9.083562e+01 6.860968e+01
         vertex 4.219323e+01 8.746297e+01 6.720201e+01
      endloop
   endfacet
   facet normal 9.484067e-01 -5.049866e-02 3.130089e-01
      outer loop
         vertex 4.111759e+01 6.324289e+01 7.020582e+01
         vertex 4.139993e+01 6.359870e+01 6.940775e+01
         vertex 4.111759e+01 6.668610e+01 7.076132e+01
      endloop
   endfacet
   facet normal 9.484069e-01 -5.049839e-02 3.130083e-01
      outer loop
         vertex 4.111759e+01 6.668610e+01 7.076132e+01
         vertex 4.139993e+01 6.359870e+01 6.940775e+01
         vertex 4.168227e+01 6.395452e+01 6.860968e+01
      endloop
   endfacet
   facet normal 9.551689e-01 -3.419114e-02 2.940804e-01
      outer loop
         vertex 4.111759e+01 6.668610e+01 7.076132e+01
         vertex 4.168227e+01 6.395452e+01 6.860968e+01
         vertex 4.111759e+01 7.020315e+01 7.117023e+01
      endloop
   endfacet
   facet normal 9.478148e-01 -4.375765e-02 3.158042e-01
      outer loop
         vertex 4.111759e+01 7.020315e+01 7.117023e+01
         vertex 4.168227e+01 6.395452e+01 6.860968e+01
         vertex 4.196460e+01 6.431034e+01 6.781161e+01
      endloop
   endfacet
   facet normal 9.674757e-01 -6.035796e-03 2.528920e-01
      outer loop
         vertex 4.111759e+01 7.739507e+01 7.150910e+01
         vertex 4.111759e+01 7.377710e+01 7.142275e+01
         vertex 4.221070e+01 7.099775e+01 6.717458e+01
      endloop
   endfacet
   facet normal 9.653182e-01 -1.840108e-02 2.604268e-01
      outer loop
         vertex 4.221070e+01 7.099775e+01 6.717458e+01
         vertex 4.111759e+01 7.377710e+01 7.142275e+01
         vertex 4.111759e+01 7.020315e+01 7.117023e+01
      endloop
   endfacet
   facet normal 9.646626e-01 -2.147631e-03 2.634797e-01
      outer loop
         vertex 4.221070e+01 7.099775e+01 6.717458e+01
         vertex 4.111759e+01 7.020315e+01 7.117023e+01
         vertex 4.220228e+01 6.889988e+01 6.718830e+01
      endloop
   endfacet
   facet normal 9.636118e-01 -1.364650e-02 2.669570e-01
      outer loop
         vertex 4.220228e+01 6.889988e+01 6.718830e+01
         vertex 4.111759e+01 7.020315e+01 7.117023e+01
         vertex 4.196460e+01 6.431034e+01 6.781161e+01
      endloop
   endfacet
   facet normal 9.488422e-01 -6.263386e-03 3.156886e-01
      outer loop
         vertex 4.220228e+01 6.889988e+01 6.718830e+01
         vertex 4.196460e+01 6.431034e+01 6.781161e+01
         vertex 4.212410e+01 6.178893e+01 6.728220e+01
      endloop
   endfacet
   facet normal 9.271476e-01 -1.991414e-02 3.741668e-01
      outer loop
         vertex 4.212410e+01 6.178893e+01 6.728220e+01
         vertex 4.196460e+01 6.431034e+01 6.781161e+01
         vertex 4.204220e+01 5.909386e+01 6.734169e+01
      endloop
   endfacet
   facet normal 8.670155e-01 -7.729455e-02 4.922497e-01
      outer loop
         vertex 4.139993e+01 5.705601e+01 6.826283e+01
         vertex 4.166628e+01 5.432150e+01 6.736432e+01
         vertex 4.168227e+01 5.747588e+01 6.783147e+01
      endloop
   endfacet
   facet normal 8.146696e-01 -8.899614e-02 5.730560e-01
      outer loop
         vertex 4.168227e+01 5.747588e+01 6.783147e+01
         vertex 4.166628e+01 5.432150e+01 6.736432e+01
         vertex 4.189926e+01 5.661870e+01 6.738986e+01
      endloop
   endfacet
   facet normal 8.564917e-01 -4.794766e-02 5.139290e-01
      outer loop
         vertex 4.168227e+01 5.747588e+01 6.783147e+01
         vertex 4.189926e+01 5.661870e+01 6.738986e+01
         vertex 4.196460e+01 5.789575e+01 6.740011e+01
      endloop
   endfacet
   facet normal 7.124191e-01 -1.915463e-01 6.751067e-01
      outer loop
         vertex 4.159453e+01 5.378818e+01 6.733520e+01
         vertex 4.111759e+01 5.350319e+01 6.775764e+01
         vertex 4.132794e+01 5.213901e+01 6.714861e+01
      endloop
   endfacet
   facet normal 5.631797e-01 -2.629042e-01 7.833965e-01
      outer loop
         vertex 4.132794e+01 5.213901e+01 6.714861e+01
         vertex 4.111759e+01 5.350319e+01 6.775764e+01
         vertex 4.111759e+01 5.198597e+01 6.724847e+01
      endloop
   endfacet
   facet normal 5.620782e-01 -2.603100e-01 7.850521e-01
      outer loop
         vertex 4.132794e+01 5.213901e+01 6.714861e+01
         vertex 4.111759e+01 5.198597e+01 6.724847e+01
         vertex 4.123090e+01 5.193532e+01 6.715055e+01
      endloop
   endfacet
   facet normal 6.687451e-01 -4.638692e-01 5.810382e-01
      outer loop
         vertex 3.998824e+01 5.041020e+01 6.757103e+01
         vertex 3.961480e+01 4.892718e+01 6.681689e+01
         vertex 4.064676e+01 5.076380e+01 6.709541e+01
      endloop
   endfacet
   facet normal 7.274585e-01 -5.926811e-01 3.457358e-01
      outer loop
         vertex 3.798749e+01 4.647433e+01 6.627274e+01
         vertex 3.799654e+01 4.648507e+01 6.627211e+01
         vertex 3.799956e+01 4.684122e+01 6.687630e+01
      endloop
   endfacet
   facet normal 7.260805e-01 -5.939341e-01 3.464813e-01
      outer loop
         vertex 3.799956e+01 4.684122e+01 6.687630e+01
         vertex 3.799654e+01 4.648507e+01 6.627211e+01
         vertex 3.799841e+01 4.648755e+01 6.627246e+01
      endloop
   endfacet
   facet normal 7.259542e-01 -5.940491e-01 3.465489e-01
      outer loop
         vertex 3.799956e+01 4.684122e+01 6.687630e+01
         vertex 3.799841e+01 4.648755e+01 6.627246e+01
         vertex 3.800056e+01 4.649053e+01 6.627306e+01
      endloop
   endfacet
   facet normal 8.970923e-01 -2.857272e-01 3.370243e-01
      outer loop
         vertex 3.885890e+01 5.327721e+01 7.214506e+01
         vertex 3.797225e+01 5.132875e+01 7.285325e+01
         vertex 3.885890e+01 5.170163e+01 7.080929e+01
      endloop
   endfacet
   facet normal 8.788489e-01 -3.574191e-01 3.160319e-01
      outer loop
         vertex 3.885890e+01 5.170163e+01 7.080929e+01
         vertex 3.797225e+01 5.132875e+01 7.285325e+01
         vertex 3.800086e+01 4.972414e+01 7.095893e+01
      endloop
   endfacet
   facet normal 8.643881e-01 -3.475629e-01 3.633638e-01
      outer loop
         vertex 3.885890e+01 5.170163e+01 7.080929e+01
         vertex 3.800086e+01 4.972414e+01 7.095893e+01
         vertex 3.885890e+01 5.021879e+01 6.939093e+01
      endloop
   endfacet
   facet normal 8.431777e-01 -4.269862e-01 3.267020e-01
      outer loop
         vertex 3.885890e+01 5.021879e+01 6.939093e+01
         vertex 3.800086e+01 4.972414e+01 7.095893e+01
         vertex 3.801518e+01 4.823008e+01 6.896931e+01
      endloop
   endfacet
   facet normal 8.120502e-01 -4.285091e-01 3.961747e-01
      outer loop
         vertex 3.885890e+01 5.021879e+01 6.939093e+01
         vertex 3.801518e+01 4.823008e+01 6.896931e+01
         vertex 3.885890e+01 4.883443e+01 6.789359e+01
      endloop
   endfacet
   facet normal 7.953238e-01 -4.998145e-01 3.429949e-01
      outer loop
         vertex 3.885890e+01 4.883443e+01 6.789359e+01
         vertex 3.801518e+01 4.823008e+01 6.896931e+01
         vertex 3.801348e+01 4.765345e+01 6.813297e+01
      endloop
   endfacet
   facet normal 7.999841e-01 -5.079272e-01 3.194297e-01
      outer loop
         vertex 3.885890e+01 4.883443e+01 6.789359e+01
         vertex 3.801348e+01 4.765345e+01 6.813297e+01
         vertex 3.799956e+01 4.684122e+01 6.687630e+01
      endloop
   endfacet
   facet normal 9.349356e-01 -2.147557e-01 2.824454e-01
      outer loop
         vertex 3.788989e+01 5.588787e+01 7.715645e+01
         vertex 3.789889e+01 5.532271e+01 7.669695e+01
         vertex 3.885890e+01 5.668430e+01 7.455447e+01
      endloop
   endfacet
   facet normal 9.345556e-01 -2.243384e-01 2.761850e-01
      outer loop
         vertex 3.885890e+01 5.668430e+01 7.455447e+01
         vertex 3.789889e+01 5.532271e+01 7.669695e+01
         vertex 3.792132e+01 5.401141e+01 7.555592e+01
      endloop
   endfacet
   facet normal 9.293972e-01 -2.131028e-01 3.013439e-01
      outer loop
         vertex 3.885890e+01 5.668430e+01 7.455447e+01
         vertex 3.792132e+01 5.401141e+01 7.555592e+01
         vertex 3.885890e+01 5.327721e+01 7.214506e+01
      endloop
   endfacet
   facet normal 9.101140e-01 -2.755261e-01 3.094801e-01
      outer loop
         vertex 3.885890e+01 5.327721e+01 7.214506e+01
         vertex 3.792132e+01 5.401141e+01 7.555592e+01
         vertex 3.793894e+01 5.305408e+01 7.465179e+01
      endloop
   endfacet
   facet normal 9.037504e-01 -3.004224e-01 3.049287e-01
      outer loop
         vertex 3.885890e+01 5.327721e+01 7.214506e+01
         vertex 3.793894e+01 5.305408e+01 7.465179e+01
         vertex 3.797225e+01 5.132875e+01 7.285325e+01
      endloop
   endfacet
   facet normal 9.366230e-01 -2.001303e-01 2.875504e-01
      outer loop
         vertex 3.788989e+01 5.588787e+01 7.715645e+01
         vertex 3.885890e+01 5.668430e+01 7.455447e+01
         vertex 3.786170e+01 5.786421e+01 7.862378e+01
      endloop
   endfacet
   facet normal 9.489655e-01 -1.516599e-01 2.765209e-01
      outer loop
         vertex 3.786170e+01 5.786421e+01 7.862378e+01
         vertex 3.885890e+01 5.668430e+01 7.455447e+01
         vertex 3.885890e+01 6.039634e+01 7.659036e+01
      endloop
   endfacet
   facet normal 9.507618e-01 -1.624970e-01 2.639068e-01
      outer loop
         vertex 3.786170e+01 5.786421e+01 7.862378e+01
         vertex 3.885890e+01 6.039634e+01 7.659036e+01
         vertex 3.784635e+01 5.912008e+01 7.945236e+01
      endloop
   endfacet
   facet normal 9.572927e-01 -1.180616e-01 2.639170e-01
      outer loop
         vertex 3.780713e+01 6.330062e+01 8.170460e+01
         vertex 3.781659e+01 6.212438e+01 8.114409e+01
         vertex 3.885890e+01 6.039634e+01 7.659036e+01
      endloop
   endfacet
   facet normal 9.526784e-01 -1.384755e-01 2.706074e-01
      outer loop
         vertex 3.885890e+01 6.039634e+01 7.659036e+01
         vertex 3.781659e+01 6.212438e+01 8.114409e+01
         vertex 3.783730e+01 5.994231e+01 7.995457e+01
      endloop
   endfacet
   facet normal 9.511073e-01 -1.533019e-01 2.681294e-01
      outer loop
         vertex 3.885890e+01 6.039634e+01 7.659036e+01
         vertex 3.783730e+01 5.994231e+01 7.995457e+01
         vertex 3.784635e+01 5.912008e+01 7.945236e+01
      endloop
   endfacet
   facet normal 9.640148e-01 -5.442143e-02 2.602187e-01
      outer loop
         vertex 3.998824e+01 6.552662e+01 7.449264e+01
         vertex 3.998824e+01 6.937912e+01 7.529834e+01
         vertex 3.779175e+01 6.557356e+01 8.263965e+01
      endloop
   endfacet
   facet normal 9.684942e-01 -3.301364e-02 2.468383e-01
      outer loop
         vertex 3.776420e+01 7.273722e+01 8.444102e+01
         vertex 3.776475e+01 7.249046e+01 8.440588e+01
         vertex 3.998824e+01 7.334373e+01 7.579590e+01
      endloop
   endfacet
   facet normal 9.683870e-01 -4.159884e-02 2.459598e-01
      outer loop
         vertex 3.998824e+01 7.334373e+01 7.579590e+01
         vertex 3.776475e+01 7.249046e+01 8.440588e+01
         vertex 3.777071e+01 7.029309e+01 8.401078e+01
      endloop
   endfacet
   facet normal 9.678357e-01 -3.132840e-02 2.496250e-01
      outer loop
         vertex 3.998824e+01 7.334373e+01 7.579590e+01
         vertex 3.777071e+01 7.029309e+01 8.401078e+01
         vertex 3.998824e+01 6.937912e+01 7.529834e+01
      endloop
   endfacet
   facet normal 9.658430e-01 -5.988414e-02 2.521134e-01
      outer loop
         vertex 3.998824e+01 6.937912e+01 7.529834e+01
         vertex 3.777071e+01 7.029309e+01 8.401078e+01
         vertex 3.777970e+01 6.790474e+01 8.340902e+01
      endloop
   endfacet
   facet normal 9.654593e-01 -7.714588e-02 2.488711e-01
      outer loop
         vertex 3.998824e+01 6.937912e+01 7.529834e+01
         vertex 3.777970e+01 6.790474e+01 8.340902e+01
         vertex 3.779175e+01 6.557356e+01 8.263965e+01
      endloop
   endfacet
   facet normal 9.685615e-01 -2.767412e-02 2.472302e-01
      outer loop
         vertex 3.776420e+01 7.273722e+01 8.444102e+01
         vertex 3.998824e+01 7.334373e+01 7.579590e+01
         vertex 3.776181e+01 7.402627e+01 8.459468e+01
      endloop
   endfacet
   facet normal 9.692027e-01 -1.033309e-02 2.460473e-01
      outer loop
         vertex 3.776181e+01 7.402627e+01 8.459468e+01
         vertex 3.998824e+01 7.334373e+01 7.579590e+01
         vertex 3.998824e+01 7.739507e+01 7.596604e+01
      endloop
   endfacet
   facet normal 9.695451e-01 -1.457782e-02 2.444784e-01
      outer loop
         vertex 3.776181e+01 7.402627e+01 8.459468e+01
         vertex 3.998824e+01 7.739507e+01 7.596604e+01
         vertex 3.775948e+01 7.647586e+01 8.475001e+01
      endloop
   endfacet
   facet normal 9.685108e-01 3.068362e-02 2.470735e-01
      outer loop
         vertex 3.776475e+01 8.229971e+01 8.440588e+01
         vertex 3.776286e+01 8.138245e+01 8.452718e+01
         vertex 3.998824e+01 8.144641e+01 7.579590e+01
      endloop
   endfacet
   facet normal 9.688129e-01 1.898547e-02 2.470648e-01
      outer loop
         vertex 3.998824e+01 8.144641e+01 7.579590e+01
         vertex 3.776286e+01 8.138245e+01 8.452718e+01
         vertex 3.775979e+01 7.892896e+01 8.472776e+01
      endloop
   endfacet
   facet normal 9.695221e-01 1.028021e-02 2.447882e-01
      outer loop
         vertex 3.998824e+01 8.144641e+01 7.579590e+01
         vertex 3.775979e+01 7.892896e+01 8.472776e+01
         vertex 3.998824e+01 7.739507e+01 7.596604e+01
      endloop
   endfacet
   facet normal 9.693508e-01 5.252840e-03 2.456247e-01
      outer loop
         vertex 3.998824e+01 7.739507e+01 7.596604e+01
         vertex 3.775979e+01 7.892896e+01 8.472776e+01
         vertex 3.775931e+01 7.739508e+01 8.476248e+01
      endloop
   endfacet
   facet normal 9.693593e-01 -3.152486e-03 2.456269e-01
      outer loop
         vertex 3.998824e+01 7.739507e+01 7.596604e+01
         vertex 3.775931e+01 7.739508e+01 8.476248e+01
         vertex 3.775948e+01 7.647586e+01 8.475001e+01
      endloop
   endfacet
   facet normal 9.686627e-01 4.876510e-02 2.435457e-01
      outer loop
         vertex 3.776870e+01 8.383458e+01 8.414561e+01
         vertex 3.998824e+01 8.144641e+01 7.579590e+01
         vertex 3.777268e+01 8.509113e+01 8.387817e+01
      endloop
   endfacet
   facet normal 9.674732e-01 3.150156e-02 2.510047e-01
      outer loop
         vertex 3.777268e+01 8.509113e+01 8.387817e+01
         vertex 3.998824e+01 8.144641e+01 7.579590e+01
         vertex 3.998824e+01 8.541102e+01 7.529834e+01
      endloop
   endfacet
   facet normal 9.657748e-01 6.256139e-02 2.517242e-01
      outer loop
         vertex 3.777268e+01 8.509113e+01 8.387817e+01
         vertex 3.998824e+01 8.541102e+01 7.529834e+01
         vertex 3.778031e+01 8.702211e+01 8.336897e+01
      endloop
   endfacet
   facet normal 9.510323e-01 1.555383e-01 2.671056e-01
      outer loop
         vertex 3.885890e+01 9.439380e+01 7.659036e+01
         vertex 3.784635e+01 9.566999e+01 7.945241e+01
         vertex 3.784285e+01 9.536043e+01 7.964511e+01
      endloop
   endfacet
   facet normal 9.514569e-01 1.489825e-01 2.693213e-01
      outer loop
         vertex 3.784285e+01 9.536043e+01 7.964511e+01
         vertex 3.783116e+01 9.424855e+01 8.030148e+01
         vertex 3.885890e+01 9.439380e+01 7.659036e+01
      endloop
   endfacet
   facet normal 9.540316e-01 1.314368e-01 2.693476e-01
      outer loop
         vertex 3.885890e+01 9.439380e+01 7.659036e+01
         vertex 3.783116e+01 9.424855e+01 8.030148e+01
         vertex 3.781144e+01 9.204258e+01 8.144780e+01
      endloop
   endfacet
   facet normal 9.583066e-01 1.142032e-01 2.619276e-01
      outer loop
         vertex 3.885890e+01 9.439380e+01 7.659036e+01
         vertex 3.781144e+01 9.204258e+01 8.144780e+01
         vertex 3.780723e+01 9.150282e+01 8.169856e+01
      endloop
   endfacet
   facet normal 9.506642e-01 1.647015e-01 2.628896e-01
      outer loop
         vertex 3.784635e+01 9.566999e+01 7.945241e+01
         vertex 3.885890e+01 9.439380e+01 7.659036e+01
         vertex 3.786815e+01 9.741117e+01 7.828270e+01
      endloop
   endfacet
   facet normal 9.474685e-01 1.538091e-01 2.804394e-01
      outer loop
         vertex 3.786815e+01 9.741117e+01 7.828270e+01
         vertex 3.885890e+01 9.439380e+01 7.659036e+01
         vertex 3.885890e+01 9.810584e+01 7.455447e+01
      endloop
   endfacet
   facet normal 9.353628e-01 2.066194e-01 2.870624e-01
      outer loop
         vertex 3.786815e+01 9.741117e+01 7.828270e+01
         vertex 3.885890e+01 9.810584e+01 7.455447e+01
         vertex 3.789722e+01 9.936446e+01 7.678207e+01
      endloop
   endfacet
   facet normal 9.002787e-01 2.513447e-01 3.554210e-01
      outer loop
         vertex 3.885890e+01 1.015129e+02 7.214506e+01
         vertex 3.796298e+01 1.029839e+02 7.337417e+01
         vertex 3.885890e+01 9.810584e+01 7.455447e+01
      endloop
   endfacet
   facet normal 9.398664e-01 2.330334e-01 2.496931e-01
      outer loop
         vertex 3.885890e+01 9.810584e+01 7.455447e+01
         vertex 3.796298e+01 1.029839e+02 7.337417e+01
         vertex 3.792935e+01 1.012215e+02 7.514556e+01
      endloop
   endfacet
   facet normal 9.342776e-01 2.264959e-01 2.753635e-01
      outer loop
         vertex 3.885890e+01 9.810584e+01 7.455447e+01
         vertex 3.792935e+01 1.012215e+02 7.514556e+01
         vertex 3.789722e+01 9.936446e+01 7.678207e+01
      endloop
   endfacet
   facet normal 7.166899e-01 5.918359e-01 3.688981e-01
      outer loop
         vertex 3.800056e+01 1.082996e+02 6.627306e+01
         vertex 3.799841e+01 1.083026e+02 6.627246e+01
         vertex 3.801456e+01 1.069691e+02 6.838038e+01
      endloop
   endfacet
   facet normal 7.178547e-01 5.908266e-01 3.682507e-01
      outer loop
         vertex 3.801456e+01 1.069691e+02 6.838038e+01
         vertex 3.799841e+01 1.083026e+02 6.627246e+01
         vertex 3.799654e+01 1.083051e+02 6.627211e+01
      endloop
   endfacet
   facet normal 7.221824e-01 5.870501e-01 3.658207e-01
      outer loop
         vertex 3.801456e+01 1.069691e+02 6.838038e+01
         vertex 3.799654e+01 1.083051e+02 6.627211e+01
         vertex 3.798749e+01 1.083158e+02 6.627274e+01
      endloop
   endfacet
   facet normal 5.620782e-01 2.603100e-01 7.850521e-01
      outer loop
         vertex 4.132794e+01 1.026511e+02 6.714861e+01
         vertex 4.123090e+01 1.028548e+02 6.715055e+01
         vertex 4.111759e+01 1.028042e+02 6.724847e+01
      endloop
   endfacet
   facet normal 5.403500e-01 3.063146e-01 7.837048e-01
      outer loop
         vertex 4.111759e+01 1.028042e+02 6.724847e+01
         vertex 4.123090e+01 1.028548e+02 6.715055e+01
         vertex 4.064676e+01 1.040263e+02 6.709541e+01
      endloop
   endfacet
   facet normal 6.636654e-01 3.391701e-01 6.667172e-01
      outer loop
         vertex 4.111759e+01 1.028042e+02 6.724847e+01
         vertex 4.064676e+01 1.040263e+02 6.709541e+01
         vertex 4.055292e+01 1.035921e+02 6.740975e+01
      endloop
   endfacet
   facet normal 5.392661e-01 4.141973e-01 7.332344e-01
      outer loop
         vertex 4.055292e+01 1.035921e+02 6.740975e+01
         vertex 4.064676e+01 1.040263e+02 6.709541e+01
         vertex 3.961480e+01 1.058630e+02 6.681689e+01
      endloop
   endfacet
   facet normal 7.526986e-01 4.390268e-01 4.906121e-01
      outer loop
         vertex 4.055292e+01 1.035921e+02 6.740975e+01
         vertex 3.961480e+01 1.058630e+02 6.681689e+01
         vertex 3.998824e+01 1.043799e+02 6.757103e+01
      endloop
   endfacet
   facet normal 5.305746e-01 4.865603e-01 6.940819e-01
      outer loop
         vertex 3.998824e+01 1.043799e+02 6.757103e+01
         vertex 3.961480e+01 1.058630e+02 6.681689e+01
         vertex 3.887772e+01 1.070231e+02 6.656702e+01
      endloop
   endfacet
   facet normal 8.684947e-01 6.098019e-02 4.919333e-01
      outer loop
         vertex 4.200288e+01 9.654343e+01 6.736098e+01
         vertex 4.177795e+01 9.950885e+01 6.739050e+01
         vertex 4.168227e+01 9.731426e+01 6.783147e+01
      endloop
   endfacet
   facet normal 7.587814e-01 9.635491e-02 6.441789e-01
      outer loop
         vertex 4.168227e+01 9.731426e+01 6.783147e+01
         vertex 4.177795e+01 9.950885e+01 6.739050e+01
         vertex 4.172655e+01 9.997417e+01 6.738144e+01
      endloop
   endfacet
   facet normal 8.644554e-01 6.983615e-02 4.978350e-01
      outer loop
         vertex 4.168227e+01 9.731426e+01 6.783147e+01
         vertex 4.172655e+01 9.997417e+01 6.738144e+01
         vertex 4.111759e+01 9.815399e+01 6.869419e+01
      endloop
   endfacet
   facet normal 7.706538e-01 1.825160e-01 6.105577e-01
      outer loop
         vertex 4.111759e+01 9.815399e+01 6.869419e+01
         vertex 4.172655e+01 9.997417e+01 6.738144e+01
         vertex 4.111759e+01 1.012870e+02 6.775764e+01
      endloop
   endfacet
   facet normal 8.838748e-01 1.339608e-01 4.481293e-01
      outer loop
         vertex 4.111759e+01 9.815399e+01 6.869419e+01
         vertex 4.111759e+01 1.012870e+02 6.775764e+01
         vertex 4.055292e+01 9.899373e+01 6.955690e+01
      endloop
   endfacet
   facet normal 7.816577e-01 2.543492e-01 5.694890e-01
      outer loop
         vertex 4.055292e+01 9.899373e+01 6.955690e+01
         vertex 4.111759e+01 1.012870e+02 6.775764e+01
         vertex 4.055292e+01 1.021081e+02 6.816596e+01
      endloop
   endfacet
   facet normal 8.612178e-01 2.072597e-01 4.640553e-01
      outer loop
         vertex 4.055292e+01 9.899373e+01 6.955690e+01
         vertex 4.055292e+01 1.021081e+02 6.816596e+01
         vertex 3.998824e+01 1.014124e+02 6.952462e+01
      endloop
   endfacet
   facet normal 8.107210e-01 3.108314e-01 4.961001e-01
      outer loop
         vertex 3.998824e+01 1.014124e+02 6.952462e+01
         vertex 4.055292e+01 1.021081e+02 6.816596e+01
         vertex 3.998824e+01 1.029292e+02 6.857429e+01
      endloop
   endfacet
   facet normal 8.107206e-01 3.108317e-01 4.961005e-01
      outer loop
         vertex 3.998824e+01 1.014124e+02 6.952462e+01
         vertex 3.998824e+01 1.029292e+02 6.857429e+01
         vertex 3.885890e+01 1.045714e+02 6.939093e+01
      endloop
   endfacet
   facet normal 8.416589e-01 3.965112e-01 3.665913e-01
      outer loop
         vertex 3.885890e+01 1.045714e+02 6.939093e+01
         vertex 3.998824e+01 1.029292e+02 6.857429e+01
         vertex 3.885890e+01 1.059557e+02 6.789359e+01
      endloop
   endfacet
   facet normal 8.492245e-01 3.877165e-01 3.584602e-01
      outer loop
         vertex 3.885890e+01 1.045714e+02 6.939093e+01
         vertex 3.885890e+01 1.059557e+02 6.789359e+01
         vertex 3.800697e+01 1.055019e+02 7.040271e+01
      endloop
   endfacet
   facet normal 7.946780e-01 4.899178e-01 3.584235e-01
      outer loop
         vertex 3.800697e+01 1.055019e+02 7.040271e+01
         vertex 3.885890e+01 1.059557e+02 6.789359e+01
         vertex 3.801456e+01 1.069691e+02 6.838038e+01
      endloop
   endfacet
   facet normal 8.791536e-01 1.164390e-01 4.620941e-01
      outer loop
         vertex 4.055292e+01 9.899373e+01 6.955690e+01
         vertex 4.111759e+01 9.490247e+01 6.951351e+01
         vertex 4.111759e+01 9.815399e+01 6.869419e+01
      endloop
   endfacet
   facet normal 9.573130e-01 7.062820e-02 2.802917e-01
      outer loop
         vertex 4.111759e+01 9.815399e+01 6.869419e+01
         vertex 4.111759e+01 9.490247e+01 6.951351e+01
         vertex 4.168227e+01 9.083562e+01 6.860968e+01
      endloop
   endfacet
   facet normal 8.611846e-01 6.062021e-02 5.046645e-01
      outer loop
         vertex 4.111759e+01 9.815399e+01 6.869419e+01
         vertex 4.168227e+01 9.083562e+01 6.860968e+01
         vertex 4.168227e+01 9.731426e+01 6.783147e+01
      endloop
   endfacet
   facet normal 9.080405e-01 4.995695e-02 4.158927e-01
      outer loop
         vertex 4.168227e+01 9.731426e+01 6.783147e+01
         vertex 4.168227e+01 9.083562e+01 6.860968e+01
         vertex 4.209463e+01 9.418453e+01 6.730707e+01
      endloop
   endfacet
   facet normal 8.414224e-01 2.038614e-02 5.399933e-01
      outer loop
         vertex 4.168227e+01 9.731426e+01 6.783147e+01
         vertex 4.209463e+01 9.418453e+01 6.730707e+01
         vertex 4.200288e+01 9.654343e+01 6.736098e+01
      endloop
   endfacet
   facet normal 8.945570e-01 -1.822687e-01 4.081004e-01
      outer loop
         vertex 4.055292e+01 5.268209e+01 6.816596e+01
         vertex 4.055292e+01 5.579641e+01 6.955690e+01
         vertex 3.998824e+01 5.495668e+01 7.041962e+01
      endloop
   endfacet
   facet normal 6.639861e-01 -3.394969e-01 6.662314e-01
      outer loop
         vertex 4.055292e+01 5.268209e+01 6.816596e+01
         vertex 3.998824e+01 5.041020e+01 6.757103e+01
         vertex 4.055292e+01 5.119809e+01 6.740975e+01
      endloop
   endfacet
   facet normal 6.636670e-01 -3.391690e-01 6.667162e-01
      outer loop
         vertex 4.055292e+01 5.119809e+01 6.740975e+01
         vertex 3.998824e+01 5.041020e+01 6.757103e+01
         vertex 4.064676e+01 5.076380e+01 6.709541e+01
      endloop
   endfacet
   facet normal 6.433585e-01 -3.527696e-01 6.794435e-01
      outer loop
         vertex 4.055292e+01 5.119809e+01 6.740975e+01
         vertex 4.064676e+01 5.076380e+01 6.709541e+01
         vertex 4.123090e+01 5.193532e+01 6.715055e+01
      endloop
   endfacet
   facet normal 5.682360e-01 -2.465511e-01 7.850608e-01
      outer loop
         vertex 4.123090e+01 5.193532e+01 6.715055e+01
         vertex 4.111759e+01 5.198597e+01 6.724847e+01
         vertex 4.055292e+01 5.119809e+01 6.740975e+01
      endloop
   endfacet
   facet normal 5.814592e-01 -2.588449e-01 7.713006e-01
      outer loop
         vertex 4.055292e+01 5.119809e+01 6.740975e+01
         vertex 4.111759e+01 5.198597e+01 6.724847e+01
         vertex 4.111759e+01 5.350319e+01 6.775764e+01
      endloop
   endfacet
   facet normal 7.936390e-01 -2.762254e-01 5.420670e-01
      outer loop
         vertex 4.055292e+01 5.119809e+01 6.740975e+01
         vertex 4.111759e+01 5.350319e+01 6.775764e+01
         vertex 4.055292e+01 5.268209e+01 6.816596e+01
      endloop
   endfacet
   facet normal 7.427491e-01 -1.917716e-01 6.415197e-01
      outer loop
         vertex 4.055292e+01 5.268209e+01 6.816596e+01
         vertex 4.111759e+01 5.350319e+01 6.775764e+01
         vertex 4.111759e+01 5.663615e+01 6.869419e+01
      endloop
   endfacet
   facet normal 8.945570e-01 -1.822686e-01 4.081003e-01
      outer loop
         vertex 4.055292e+01 5.268209e+01 6.816596e+01
         vertex 4.111759e+01 5.663615e+01 6.869419e+01
         vertex 4.055292e+01 5.579641e+01 6.955690e+01
      endloop
   endfacet
   facet normal 7.003907e-01 -1.325140e-01 7.013507e-01
      outer loop
         vertex 4.159453e+01 5.378818e+01 6.733520e+01
         vertex 4.166628e+01 5.432150e+01 6.736432e+01
         vertex 4.111759e+01 5.350319e+01 6.775764e+01
      endloop
   endfacet
   facet normal 7.167668e-01 -1.536755e-01 6.801685e-01
      outer loop
         vertex 4.111759e+01 5.350319e+01 6.775764e+01
         vertex 4.166628e+01 5.432150e+01 6.736432e+01
         vertex 4.139993e+01 5.705601e+01 6.826283e+01
      endloop
   endfacet
   facet normal 8.838743e-01 -1.339610e-01 4.481301e-01
      outer loop
         vertex 4.111759e+01 5.350319e+01 6.775764e+01
         vertex 4.139993e+01 5.705601e+01 6.826283e+01
         vertex 4.111759e+01 5.663615e+01 6.869419e+01
      endloop
   endfacet
   facet normal 8.791531e-01 -1.164392e-01 4.620949e-01
      outer loop
         vertex 4.111759e+01 5.663615e+01 6.869419e+01
         vertex 4.139993e+01 5.705601e+01 6.826283e+01
         vertex 4.111759e+01 5.988767e+01 6.951351e+01
      endloop
   endfacet
   facet normal 8.791536e-01 -1.164390e-01 4.620941e-01
      outer loop
         vertex 4.111759e+01 5.663615e+01 6.869419e+01
         vertex 4.111759e+01 5.988767e+01 6.951351e+01
         vertex 4.055292e+01 5.579641e+01 6.955690e+01
      endloop
   endfacet
   facet normal 9.326546e-01 -1.251355e-01 3.383734e-01
      outer loop
         vertex 4.055292e+01 5.579641e+01 6.955690e+01
         vertex 4.111759e+01 5.988767e+01 6.951351e+01
         vertex 4.055292e+01 5.908683e+01 7.077375e+01
      endloop
   endfacet
   facet normal 8.897017e-01 -1.583546e-01 4.281995e-01
      outer loop
         vertex 4.055292e+01 5.579641e+01 6.955690e+01
         vertex 4.055292e+01 5.908683e+01 7.077375e+01
         vertex 3.998824e+01 5.495668e+01 7.041962e+01
      endloop
   endfacet
   facet normal 9.345759e-01 -1.552225e-01 3.201154e-01
      outer loop
         vertex 3.998824e+01 5.495668e+01 7.041962e+01
         vertex 4.055292e+01 5.908683e+01 7.077375e+01
         vertex 3.998824e+01 5.828598e+01 7.203399e+01
      endloop
   endfacet
   facet normal 9.507644e-01 -8.776096e-02 2.972290e-01
      outer loop
         vertex 3.998824e+01 6.181961e+01 7.339809e+01
         vertex 4.111759e+01 6.324289e+01 7.020582e+01
         vertex 3.998824e+01 6.552662e+01 7.449264e+01
      endloop
   endfacet
   facet normal 9.599281e-01 -4.463581e-02 2.766689e-01
      outer loop
         vertex 3.998824e+01 6.552662e+01 7.449264e+01
         vertex 4.111759e+01 6.324289e+01 7.020582e+01
         vertex 4.111759e+01 6.668610e+01 7.076132e+01
      endloop
   endfacet
   facet normal 9.603400e-01 -5.707919e-02 2.729269e-01
      outer loop
         vertex 3.998824e+01 6.552662e+01 7.449264e+01
         vertex 4.111759e+01 6.668610e+01 7.076132e+01
         vertex 3.998824e+01 6.937912e+01 7.529834e+01
      endloop
   endfacet
   facet normal 9.656302e-01 -3.001728e-02 2.581807e-01
      outer loop
         vertex 3.998824e+01 6.937912e+01 7.529834e+01
         vertex 4.111759e+01 6.668610e+01 7.076132e+01
         vertex 4.111759e+01 7.020315e+01 7.117023e+01
      endloop
   endfacet
   facet normal 9.656758e-01 -3.234540e-02 2.577284e-01
      outer loop
         vertex 3.998824e+01 6.937912e+01 7.529834e+01
         vertex 4.111759e+01 7.020315e+01 7.117023e+01
         vertex 3.998824e+01 7.334373e+01 7.579590e+01
      endloop
   endfacet
   facet normal 9.685053e-01 -1.754943e-02 2.483736e-01
      outer loop
         vertex 3.998824e+01 7.334373e+01 7.579590e+01
         vertex 4.111759e+01 7.020315e+01 7.117023e+01
         vertex 4.111759e+01 7.377710e+01 7.142275e+01
      endloop
   endfacet
   facet normal 9.684323e-01 -1.045950e-02 2.490573e-01
      outer loop
         vertex 3.998824e+01 7.334373e+01 7.579590e+01
         vertex 4.111759e+01 7.377710e+01 7.142275e+01
         vertex 3.998824e+01 7.739507e+01 7.596604e+01
      endloop
   endfacet
   facet normal 9.693475e-01 -5.862330e-03 2.456240e-01
      outer loop
         vertex 3.998824e+01 7.739507e+01 7.596604e+01
         vertex 4.111759e+01 7.377710e+01 7.142275e+01
         vertex 4.111759e+01 7.739507e+01 7.150910e+01
      endloop
   endfacet
   facet normal 9.693126e-01 1.031494e-02 2.456151e-01
      outer loop
         vertex 3.998824e+01 7.739507e+01 7.596604e+01
         vertex 4.111759e+01 7.739507e+01 7.150910e+01
         vertex 3.998824e+01 8.144641e+01 7.579590e+01
      endloop
   endfacet
   facet normal 9.711906e-01 -5.155919e-02 2.326596e-01
      outer loop
         vertex 4.189926e+01 5.661870e+01 6.738986e+01
         vertex 4.204220e+01 5.909386e+01 6.734169e+01
         vertex 4.196460e+01 5.789575e+01 6.740011e+01
      endloop
   endfacet
   facet normal 8.669763e-01 -3.190406e-02 4.973271e-01
      outer loop
         vertex 4.196460e+01 5.789575e+01 6.740011e+01
         vertex 4.204220e+01 5.909386e+01 6.734169e+01
         vertex 4.196460e+01 6.431034e+01 6.781161e+01
      endloop
   endfacet
   facet normal 8.509194e-01 -3.362919e-02 5.242187e-01
      outer loop
         vertex 4.196460e+01 5.789575e+01 6.740011e+01
         vertex 4.196460e+01 6.431034e+01 6.781161e+01
         vertex 4.168227e+01 5.747588e+01 6.783147e+01
      endloop
   endfacet
   facet normal 9.472895e-01 -3.820917e-02 3.180921e-01
      outer loop
         vertex 4.168227e+01 5.747588e+01 6.783147e+01
         vertex 4.196460e+01 6.431034e+01 6.781161e+01
         vertex 4.168227e+01 6.395452e+01 6.860968e+01
      endloop
   endfacet
   facet normal 8.611851e-01 -6.062011e-02 5.046637e-01
      outer loop
         vertex 4.168227e+01 5.747588e+01 6.783147e+01
         vertex 4.168227e+01 6.395452e+01 6.860968e+01
         vertex 4.139993e+01 5.705601e+01 6.826283e+01
      endloop
   endfacet
   facet normal 9.487331e-01 -5.448338e-02 3.113471e-01
      outer loop
         vertex 4.139993e+01 5.705601e+01 6.826283e+01
         vertex 4.168227e+01 6.395452e+01 6.860968e+01
         vertex 4.139993e+01 6.359870e+01 6.940775e+01
      endloop
   endfacet
   facet normal 9.349209e-01 -6.116766e-02 3.495446e-01
      outer loop
         vertex 4.139993e+01 5.705601e+01 6.826283e+01
         vertex 4.139993e+01 6.359870e+01 6.940775e+01
         vertex 4.111759e+01 5.988767e+01 6.951351e+01
      endloop
   endfacet
   facet normal 9.494033e-01 -6.346541e-02 3.075802e-01
      outer loop
         vertex 4.111759e+01 5.988767e+01 6.951351e+01
         vertex 4.139993e+01 6.359870e+01 6.940775e+01
         vertex 4.111759e+01 6.324289e+01 7.020582e+01
      endloop
   endfacet
   facet normal 9.270401e-01 -7.577264e-02 3.672262e-01
      outer loop
         vertex 4.111759e+01 5.988767e+01 6.951351e+01
         vertex 4.111759e+01 6.324289e+01 7.020582e+01
         vertex 4.055292e+01 5.908683e+01 7.077375e+01
      endloop
   endfacet
   facet normal 9.508003e-01 -8.861652e-02 2.968602e-01
      outer loop
         vertex 4.055292e+01 5.908683e+01 7.077375e+01
         vertex 4.111759e+01 6.324289e+01 7.020582e+01
         vertex 3.998824e+01 6.181961e+01 7.339809e+01
      endloop
   endfacet
   facet normal 9.330114e-01 -1.295923e-01 3.357016e-01
      outer loop
         vertex 4.055292e+01 5.908683e+01 7.077375e+01
         vertex 3.998824e+01 6.181961e+01 7.339809e+01
         vertex 3.998824e+01 5.828598e+01 7.203399e+01
      endloop
   endfacet
   facet normal 7.729865e-01 -4.658355e-01 4.306845e-01
      outer loop
         vertex 3.885890e+01 4.883443e+01 6.789359e+01
         vertex 3.942357e+01 4.962232e+01 6.773231e+01
         vertex 3.885890e+01 5.021879e+01 6.939093e+01
      endloop
   endfacet
   facet normal 8.327597e-01 -3.662145e-01 4.152087e-01
      outer loop
         vertex 3.885890e+01 5.021879e+01 6.939093e+01
         vertex 3.942357e+01 4.962232e+01 6.773231e+01
         vertex 3.998824e+01 5.186099e+01 6.857429e+01
      endloop
   endfacet
   facet normal 8.366830e-01 -3.785726e-01 3.957832e-01
      outer loop
         vertex 3.885890e+01 5.021879e+01 6.939093e+01
         vertex 3.998824e+01 5.186099e+01 6.857429e+01
         vertex 3.885890e+01 5.170163e+01 7.080929e+01
      endloop
   endfacet
   facet normal 8.684819e-01 -2.631995e-01 4.200776e-01
      outer loop
         vertex 3.885890e+01 5.170163e+01 7.080929e+01
         vertex 3.998824e+01 5.186099e+01 6.857429e+01
         vertex 3.998824e+01 5.337776e+01 6.952462e+01
      endloop
   endfacet
   facet normal 8.772458e-01 -3.104289e-01 3.661607e-01
      outer loop
         vertex 3.885890e+01 5.170163e+01 7.080929e+01
         vertex 3.998824e+01 5.337776e+01 6.952462e+01
         vertex 3.885890e+01 5.327721e+01 7.214506e+01
      endloop
   endfacet
   facet normal 9.605130e-01 -1.002722e-01 2.595387e-01
      outer loop
         vertex 3.779175e+01 6.557356e+01 8.263965e+01
         vertex 3.780713e+01 6.330062e+01 8.170460e+01
         vertex 3.998824e+01 6.552662e+01 7.449264e+01
      endloop
   endfacet
   facet normal 9.603836e-01 -1.060327e-01 2.577216e-01
      outer loop
         vertex 3.998824e+01 6.552662e+01 7.449264e+01
         vertex 3.780713e+01 6.330062e+01 8.170460e+01
         vertex 3.885890e+01 6.039634e+01 7.659036e+01
      endloop
   endfacet
   facet normal 9.507644e-01 -8.776096e-02 2.972290e-01
      outer loop
         vertex 3.998824e+01 6.552662e+01 7.449264e+01
         vertex 3.885890e+01 6.039634e+01 7.659036e+01
         vertex 3.998824e+01 6.181961e+01 7.339809e+01
      endloop
   endfacet
   facet normal 9.512542e-01 -1.483072e-01 2.704078e-01
      outer loop
         vertex 3.998824e+01 6.181961e+01 7.339809e+01
         vertex 3.885890e+01 6.039634e+01 7.659036e+01
         vertex 3.885890e+01 5.668430e+01 7.455447e+01
      endloop
   endfacet
   facet normal 9.330114e-01 -1.295922e-01 3.357015e-01
      outer loop
         vertex 3.998824e+01 6.181961e+01 7.339809e+01
         vertex 3.885890e+01 5.668430e+01 7.455447e+01
         vertex 3.998824e+01 5.828598e+01 7.203399e+01
      endloop
   endfacet
   facet normal 9.352070e-01 -2.044537e-01 2.891133e-01
      outer loop
         vertex 3.998824e+01 5.828598e+01 7.203399e+01
         vertex 3.885890e+01 5.668430e+01 7.455447e+01
         vertex 3.885890e+01 5.327721e+01 7.214506e+01
      endloop
   endfacet
   facet normal 8.965055e-01 -1.932986e-01 3.986397e-01
      outer loop
         vertex 3.998824e+01 5.828598e+01 7.203399e+01
         vertex 3.885890e+01 5.327721e+01 7.214506e+01
         vertex 3.998824e+01 5.495668e+01 7.041962e+01
      endloop
   endfacet
   facet normal 8.998119e-01 -2.151420e-01 3.795424e-01
      outer loop
         vertex 3.998824e+01 5.495668e+01 7.041962e+01
         vertex 3.885890e+01 5.327721e+01 7.214506e+01
         vertex 3.998824e+01 5.337776e+01 6.952462e+01
      endloop
   endfacet
   facet normal 8.295783e-01 -2.753593e-01 4.857747e-01
      outer loop
         vertex 3.998824e+01 5.495668e+01 7.041962e+01
         vertex 3.998824e+01 5.337776e+01 6.952462e+01
         vertex 4.055292e+01 5.268209e+01 6.816596e+01
      endloop
   endfacet
   facet normal 8.107210e-01 -3.108314e-01 4.961001e-01
      outer loop
         vertex 4.055292e+01 5.268209e+01 6.816596e+01
         vertex 3.998824e+01 5.337776e+01 6.952462e+01
         vertex 3.998824e+01 5.186099e+01 6.857429e+01
      endloop
   endfacet
   facet normal 8.179525e-01 -3.272082e-01 4.731685e-01
      outer loop
         vertex 4.055292e+01 5.268209e+01 6.816596e+01
         vertex 3.998824e+01 5.186099e+01 6.857429e+01
         vertex 3.998824e+01 5.041020e+01 6.757103e+01
      endloop
   endfacet
   facet normal 7.169789e-01 -3.964902e-01 5.733557e-01
      outer loop
         vertex 3.998824e+01 5.041020e+01 6.757103e+01
         vertex 3.998824e+01 5.186099e+01 6.857429e+01
         vertex 3.942357e+01 4.962232e+01 6.773231e+01
      endloop
   endfacet
   facet normal 7.526976e-01 -4.390272e-01 4.906133e-01
      outer loop
         vertex 3.998824e+01 5.041020e+01 6.757103e+01
         vertex 3.942357e+01 4.962232e+01 6.773231e+01
         vertex 3.961480e+01 4.892718e+01 6.681689e+01
      endloop
   endfacet
   facet normal 7.526977e-01 -4.390271e-01 4.906133e-01
      outer loop
         vertex 3.961480e+01 4.892718e+01 6.681689e+01
         vertex 3.942357e+01 4.962232e+01 6.773231e+01
         vertex 3.885890e+01 4.883443e+01 6.789359e+01
      endloop
   endfacet
   facet normal 7.070777e-01 -5.459911e-01 4.493715e-01
      outer loop
         vertex 3.961480e+01 4.892718e+01 6.681689e+01
         vertex 3.885890e+01 4.883443e+01 6.789359e+01
         vertex 3.887772e+01 4.776700e+01 6.656702e+01
      endloop
   endfacet
   facet normal 7.200404e-01 -5.356125e-01 4.412042e-01
      outer loop
         vertex 3.887772e+01 4.776700e+01 6.656702e+01
         vertex 3.885890e+01 4.883443e+01 6.789359e+01
         vertex 3.799956e+01 4.684122e+01 6.687630e+01
      endloop
   endfacet
   facet normal 7.358786e-01 -5.829623e-01 3.444382e-01
      outer loop
         vertex 3.887772e+01 4.776700e+01 6.656702e+01
         vertex 3.799956e+01 4.684122e+01 6.687630e+01
         vertex 3.811325e+01 4.665004e+01 6.630984e+01
      endloop
   endfacet
   facet normal 7.268085e-01 -5.932679e-01 3.460961e-01
      outer loop
         vertex 3.811325e+01 4.665004e+01 6.630984e+01
         vertex 3.799956e+01 4.684122e+01 6.687630e+01
         vertex 3.800056e+01 4.649053e+01 6.627306e+01
      endloop
   endfacet
   facet normal 7.299708e-01 1.473543e-01 6.674049e-01
      outer loop
         vertex 4.172655e+01 9.997417e+01 6.738144e+01
         vertex 4.144865e+01 1.019550e+02 6.724806e+01
         vertex 4.111759e+01 1.012870e+02 6.775764e+01
      endloop
   endfacet
   facet normal 6.328218e-01 2.463482e-01 7.340634e-01
      outer loop
         vertex 4.111759e+01 1.012870e+02 6.775764e+01
         vertex 4.144865e+01 1.019550e+02 6.724806e+01
         vertex 4.111759e+01 1.028042e+02 6.724847e+01
      endloop
   endfacet
   facet normal 7.540893e-01 2.089566e-01 6.226447e-01
      outer loop
         vertex 4.111759e+01 1.012870e+02 6.775764e+01
         vertex 4.111759e+01 1.028042e+02 6.724847e+01
         vertex 4.055292e+01 1.021081e+02 6.816596e+01
      endloop
   endfacet
   facet normal 6.639842e-01 3.394977e-01 6.662329e-01
      outer loop
         vertex 4.055292e+01 1.021081e+02 6.816596e+01
         vertex 4.111759e+01 1.028042e+02 6.724847e+01
         vertex 4.055292e+01 1.035921e+02 6.740975e+01
      endloop
   endfacet
   facet normal 7.936391e-01 2.762254e-01 5.420669e-01
      outer loop
         vertex 4.055292e+01 1.021081e+02 6.816596e+01
         vertex 4.055292e+01 1.035921e+02 6.740975e+01
         vertex 3.998824e+01 1.029292e+02 6.857429e+01
      endloop
   endfacet
   facet normal 7.169799e-01 3.964896e-01 5.733548e-01
      outer loop
         vertex 3.998824e+01 1.029292e+02 6.857429e+01
         vertex 4.055292e+01 1.035921e+02 6.740975e+01
         vertex 3.998824e+01 1.043799e+02 6.757103e+01
      endloop
   endfacet
   facet normal 7.169790e-01 3.964902e-01 5.733557e-01
      outer loop
         vertex 3.998824e+01 1.029292e+02 6.857429e+01
         vertex 3.998824e+01 1.043799e+02 6.757103e+01
         vertex 3.885890e+01 1.059557e+02 6.789359e+01
      endloop
   endfacet
   facet normal 7.825502e-01 4.795837e-01 3.970072e-01
      outer loop
         vertex 3.885890e+01 1.059557e+02 6.789359e+01
         vertex 3.998824e+01 1.043799e+02 6.757103e+01
         vertex 3.887772e+01 1.070231e+02 6.656702e+01
      endloop
   endfacet
   facet normal 7.908215e-01 4.713123e-01 3.904690e-01
      outer loop
         vertex 3.885890e+01 1.059557e+02 6.789359e+01
         vertex 3.887772e+01 1.070231e+02 6.656702e+01
         vertex 3.801456e+01 1.069691e+02 6.838038e+01
      endloop
   endfacet
   facet normal 7.275802e-01 5.817071e-01 3.636536e-01
      outer loop
         vertex 3.801456e+01 1.069691e+02 6.838038e+01
         vertex 3.887772e+01 1.070231e+02 6.656702e+01
         vertex 3.811325e+01 1.081401e+02 6.630984e+01
      endloop
   endfacet
   facet normal 7.170072e-01 5.915610e-01 3.687224e-01
      outer loop
         vertex 3.801456e+01 1.069691e+02 6.838038e+01
         vertex 3.811325e+01 1.081401e+02 6.630984e+01
         vertex 3.800056e+01 1.082996e+02 6.627306e+01
      endloop
   endfacet
   facet normal 8.481519e-01 4.043407e-01 3.422673e-01
      outer loop
         vertex 3.800697e+01 1.055019e+02 7.040271e+01
         vertex 3.798118e+01 1.039299e+02 7.232376e+01
         vertex 3.885890e+01 1.045714e+02 6.939093e+01
      endloop
   endfacet
   facet normal 8.858715e-01 3.206783e-01 3.352569e-01
      outer loop
         vertex 3.885890e+01 1.045714e+02 6.939093e+01
         vertex 3.798118e+01 1.039299e+02 7.232376e+01
         vertex 3.885890e+01 1.030885e+02 7.080929e+01
      endloop
   endfacet
   facet normal 8.794818e-01 3.289742e-01 3.439299e-01
      outer loop
         vertex 3.885890e+01 1.045714e+02 6.939093e+01
         vertex 3.885890e+01 1.030885e+02 7.080929e+01
         vertex 3.998824e+01 1.014124e+02 6.952462e+01
      endloop
   endfacet
   facet normal 8.646957e-01 2.476975e-01 4.369751e-01
      outer loop
         vertex 3.998824e+01 1.014124e+02 6.952462e+01
         vertex 3.885890e+01 1.030885e+02 7.080929e+01
         vertex 3.998824e+01 9.983346e+01 7.041962e+01
      endloop
   endfacet
   facet normal 8.998119e-01 2.151421e-01 3.795425e-01
      outer loop
         vertex 3.998824e+01 1.014124e+02 6.952462e+01
         vertex 3.998824e+01 9.983346e+01 7.041962e+01
         vertex 4.055292e+01 9.899373e+01 6.955690e+01
      endloop
   endfacet
   facet normal 8.965054e-01 1.932986e-01 3.986398e-01
      outer loop
         vertex 4.055292e+01 9.899373e+01 6.955690e+01
         vertex 3.998824e+01 9.983346e+01 7.041962e+01
         vertex 3.998824e+01 9.650416e+01 7.203399e+01
      endloop
   endfacet
   facet normal 9.326545e-01 1.251355e-01 3.383736e-01
      outer loop
         vertex 4.055292e+01 9.899373e+01 6.955690e+01
         vertex 3.998824e+01 9.650416e+01 7.203399e+01
         vertex 4.111759e+01 9.490247e+01 6.951351e+01
      endloop
   endfacet
   facet normal 9.270401e-01 7.577267e-02 3.672264e-01
      outer loop
         vertex 4.111759e+01 9.490247e+01 6.951351e+01
         vertex 3.998824e+01 9.650416e+01 7.203399e+01
         vertex 4.111759e+01 9.154726e+01 7.020582e+01
      endloop
   endfacet
   facet normal 9.494034e-01 6.346535e-02 3.075799e-01
      outer loop
         vertex 4.111759e+01 9.490247e+01 6.951351e+01
         vertex 4.111759e+01 9.154726e+01 7.020582e+01
         vertex 4.168227e+01 9.083562e+01 6.860968e+01
      endloop
   endfacet
   facet normal 9.507643e-01 8.776118e-02 2.972291e-01
      outer loop
         vertex 4.168227e+01 9.083562e+01 6.860968e+01
         vertex 4.111759e+01 9.154726e+01 7.020582e+01
         vertex 3.998824e+01 8.926352e+01 7.449264e+01
      endloop
   endfacet
   facet normal 9.586602e-01 2.701072e-02 2.832684e-01
      outer loop
         vertex 4.168227e+01 9.083562e+01 6.860968e+01
         vertex 3.998824e+01 8.926352e+01 7.449264e+01
         vertex 4.219323e+01 8.746297e+01 6.720201e+01
      endloop
   endfacet
   facet normal 9.594453e-01 5.770623e-02 2.759251e-01
      outer loop
         vertex 4.219323e+01 8.746297e+01 6.720201e+01
         vertex 3.998824e+01 8.926352e+01 7.449264e+01
         vertex 3.998824e+01 8.541102e+01 7.529834e+01
      endloop
   endfacet
   facet normal 9.646821e-01 2.672501e-03 2.634034e-01
      outer loop
         vertex 4.219323e+01 8.746297e+01 6.720201e+01
         vertex 3.998824e+01 8.541102e+01 7.529834e+01
         vertex 4.221006e+01 8.398816e+01 6.717566e+01
      endloop
   endfacet
   facet normal 9.654904e-01 3.243114e-02 2.584117e-01
      outer loop
         vertex 4.221006e+01 8.398816e+01 6.717566e+01
         vertex 3.998824e+01 8.541102e+01 7.529834e+01
         vertex 3.998824e+01 8.144641e+01 7.579590e+01
      endloop
   endfacet
   facet normal 9.682636e-01 1.234983e-03 2.499280e-01
      outer loop
         vertex 4.221006e+01 8.398816e+01 6.717566e+01
         vertex 3.998824e+01 8.144641e+01 7.579590e+01
         vertex 4.221793e+01 8.059186e+01 6.716193e+01
      endloop
   endfacet
   facet normal 9.683601e-01 5.953722e-03 2.494859e-01
      outer loop
         vertex 4.221793e+01 8.059186e+01 6.716193e+01
         vertex 3.998824e+01 8.144641e+01 7.579590e+01
         vertex 4.111759e+01 7.739507e+01 7.150910e+01
      endloop
   endfacet
   facet normal 9.693641e-01 3.621859e-04 2.456281e-01
      outer loop
         vertex 4.221793e+01 8.059186e+01 6.716193e+01
         vertex 4.111759e+01 7.739507e+01 7.150910e+01
         vertex 4.222016e+01 7.739507e+01 6.715786e+01
      endloop
   endfacet
   facet normal 9.693638e-01 -7.914797e-04 2.456281e-01
      outer loop
         vertex 4.222016e+01 7.739507e+01 6.715786e+01
         vertex 4.111759e+01 7.739507e+01 7.150910e+01
         vertex 4.221070e+01 7.099775e+01 6.717458e+01
      endloop
   endfacet
   facet normal 8.830755e-01 3.409664e-01 3.223655e-01
      outer loop
         vertex 3.798118e+01 1.039299e+02 7.232376e+01
         vertex 3.796298e+01 1.029839e+02 7.337417e+01
         vertex 3.885890e+01 1.030885e+02 7.080929e+01
      endloop
   endfacet
   facet normal 9.035087e-01 2.771436e-01 3.268997e-01
      outer loop
         vertex 3.885890e+01 1.030885e+02 7.080929e+01
         vertex 3.796298e+01 1.029839e+02 7.337417e+01
         vertex 3.885890e+01 1.015129e+02 7.214506e+01
      endloop
   endfacet
   facet normal 9.049763e-01 2.751339e-01 3.245292e-01
      outer loop
         vertex 3.885890e+01 1.030885e+02 7.080929e+01
         vertex 3.885890e+01 1.015129e+02 7.214506e+01
         vertex 3.998824e+01 9.983346e+01 7.041962e+01
      endloop
   endfacet
   facet normal 9.033402e-01 2.476557e-01 3.502044e-01
      outer loop
         vertex 3.998824e+01 9.983346e+01 7.041962e+01
         vertex 3.885890e+01 1.015129e+02 7.214506e+01
         vertex 3.885890e+01 9.810584e+01 7.455447e+01
      endloop
   endfacet
   facet normal 9.345759e-01 1.552225e-01 3.201154e-01
      outer loop
         vertex 3.998824e+01 9.983346e+01 7.041962e+01
         vertex 3.885890e+01 9.810584e+01 7.455447e+01
         vertex 3.998824e+01 9.650416e+01 7.203399e+01
      endloop
   endfacet
   facet normal 9.351067e-01 1.704076e-01 3.107035e-01
      outer loop
         vertex 3.998824e+01 9.650416e+01 7.203399e+01
         vertex 3.885890e+01 9.810584e+01 7.455447e+01
         vertex 3.885890e+01 9.439380e+01 7.659036e+01
      endloop
   endfacet
   facet normal 9.514427e-01 1.108579e-01 2.871712e-01
      outer loop
         vertex 3.998824e+01 9.650416e+01 7.203399e+01
         vertex 3.885890e+01 9.439380e+01 7.659036e+01
         vertex 3.998824e+01 9.297053e+01 7.339809e+01
      endloop
   endfacet
   facet normal 9.514498e-01 1.390759e-01 2.745927e-01
      outer loop
         vertex 3.998824e+01 9.297053e+01 7.339809e+01
         vertex 3.885890e+01 9.439380e+01 7.659036e+01
         vertex 3.780723e+01 9.150282e+01 8.169856e+01
      endloop
   endfacet
   facet normal 9.606693e-01 7.863708e-02 2.663282e-01
      outer loop
         vertex 3.998824e+01 9.297053e+01 7.339809e+01
         vertex 3.780723e+01 9.150282e+01 8.169856e+01
         vertex 3.998824e+01 8.926352e+01 7.449264e+01
      endloop
   endfacet
   facet normal 9.604634e-01 1.025082e-01 2.588477e-01
      outer loop
         vertex 3.998824e+01 8.926352e+01 7.449264e+01
         vertex 3.780723e+01 9.150282e+01 8.169856e+01
         vertex 3.779521e+01 8.977944e+01 8.242564e+01
      endloop
   endfacet
   facet normal 9.633046e-01 5.494588e-02 2.627264e-01
      outer loop
         vertex 3.998824e+01 8.926352e+01 7.449264e+01
         vertex 3.779521e+01 8.977944e+01 8.242564e+01
         vertex 3.998824e+01 8.541102e+01 7.529834e+01
      endloop
   endfacet
   facet normal 9.655208e-01 8.112561e-02 2.473624e-01
      outer loop
         vertex 3.998824e+01 8.541102e+01 7.529834e+01
         vertex 3.779521e+01 8.977944e+01 8.242564e+01
         vertex 3.778235e+01 8.746177e+01 8.323595e+01
      endloop
   endfacet
   facet normal 9.656355e-01 7.115012e-02 2.499715e-01
      outer loop
         vertex 3.998824e+01 8.541102e+01 7.529834e+01
         vertex 3.778235e+01 8.746177e+01 8.323595e+01
         vertex 3.778031e+01 8.702211e+01 8.336897e+01
      endloop
   endfacet
   facet normal 8.137046e-01 -5.807982e-01 2.362988e-02
      outer loop
         vertex 4.228143e+01 5.195754e+01 6.530834e+01
         vertex 4.227636e+01 5.195654e+01 6.545808e+01
         vertex 4.178834e+01 5.127986e+01 6.563121e+01
      endloop
   endfacet
   facet normal 8.455182e-01 -5.334885e-01 2.211240e-02
      outer loop
         vertex 4.113373e+01 5.003630e+01 6.284067e+01
         vertex 4.228143e+01 5.186897e+01 6.317146e+01
         vertex 4.228143e+01 5.195754e+01 6.530834e+01
      endloop
   endfacet
   facet normal 8.206533e-01 -5.681936e-01 6.069720e-02
      outer loop
         vertex 4.228143e+01 5.195754e+01 6.530834e+01
         vertex 4.178834e+01 5.127986e+01 6.563121e+01
         vertex 4.113373e+01 5.003630e+01 6.284067e+01
      endloop
   endfacet
   facet normal 8.071502e-01 -5.859655e-01 7.178458e-02
      outer loop
         vertex 4.113373e+01 5.003630e+01 6.284067e+01
         vertex 4.178834e+01 5.127986e+01 6.563121e+01
         vertex 4.107768e+01 5.032433e+01 6.582210e+01
      endloop
   endfacet
   facet normal 8.401560e-01 -5.380927e-01 6.778015e-02
      outer loop
         vertex 4.113373e+01 5.003630e+01 6.284067e+01
         vertex 4.107768e+01 5.032433e+01 6.582210e+01
         vertex 3.977972e+01 4.787315e+01 6.245137e+01
      endloop
   endfacet
   facet normal 7.932985e-01 -5.953425e-01 1.274552e-01
      outer loop
         vertex 3.977972e+01 4.787315e+01 6.245137e+01
         vertex 4.107768e+01 5.032433e+01 6.582210e+01
         vertex 3.986139e+01 4.874381e+01 6.600989e+01
      endloop
   endfacet
   facet normal 8.329883e-01 -5.415485e-01 1.133826e-01
      outer loop
         vertex 3.977972e+01 4.787315e+01 6.245137e+01
         vertex 3.986139e+01 4.874381e+01 6.600989e+01
         vertex 3.804141e+01 4.509505e+01 6.195318e+01
      endloop
   endfacet
   facet normal 7.627300e-01 -6.107389e-01 2.126992e-01
      outer loop
         vertex 3.818098e+01 4.661829e+01 6.607112e+01
         vertex 3.805814e+01 4.646434e+01 6.606956e+01
         vertex 3.805000e+01 4.551517e+01 6.337334e+01
      endloop
   endfacet
   facet normal 7.717756e-01 -6.044678e-01 1.974367e-01
      outer loop
         vertex 3.986139e+01 4.874381e+01 6.600989e+01
         vertex 3.818098e+01 4.661829e+01 6.607112e+01
         vertex 3.804141e+01 4.509505e+01 6.195318e+01
      endloop
   endfacet
   facet normal 9.315480e-01 -3.501751e-01 9.795773e-02
      outer loop
         vertex 3.804141e+01 4.509505e+01 6.195318e+01
         vertex 3.818098e+01 4.661829e+01 6.607112e+01
         vertex 3.805000e+01 4.551517e+01 6.337334e+01
      endloop
   endfacet
   facet normal 8.357112e-01 5.406981e-01 9.608483e-02
      outer loop
         vertex 4.228143e+01 1.029212e+02 6.317146e+01
         vertex 4.112967e+01 1.047603e+02 6.283950e+01
         vertex 4.014870e+01 1.059789e+02 6.451430e+01
      endloop
   endfacet
   facet normal 8.358135e-01 5.405043e-01 9.628573e-02
      outer loop
         vertex 4.014870e+01 1.059789e+02 6.451430e+01
         vertex 4.112967e+01 1.047603e+02 6.283950e+01
         vertex 3.977972e+01 1.069170e+02 6.245137e+01
      endloop
   endfacet
   facet normal 8.134697e-01 5.703543e-01 1.138557e-01
      outer loop
         vertex 4.014870e+01 1.059789e+02 6.451430e+01
         vertex 3.977972e+01 1.069170e+02 6.245137e+01
         vertex 3.805327e+01 1.090674e+02 6.401389e+01
      endloop
   endfacet
   facet normal 8.234284e-01 5.441040e-01 1.609863e-01
      outer loop
         vertex 3.805327e+01 1.090674e+02 6.401389e+01
         vertex 3.977972e+01 1.069170e+02 6.245137e+01
         vertex 3.804174e+01 1.096946e+02 6.195313e+01
      endloop
   endfacet
   facet normal 8.137046e-01 5.807982e-01 2.362988e-02
      outer loop
         vertex 4.227636e+01 1.028336e+02 6.545808e+01
         vertex 4.228143e+01 1.028326e+02 6.530834e+01
         vertex 4.178834e+01 1.035103e+02 6.563121e+01
      endloop
   endfacet
   facet normal 8.137940e-01 5.806548e-01 2.406739e-02
      outer loop
         vertex 4.178834e+01 1.035103e+02 6.563121e+01
         vertex 4.228143e+01 1.028326e+02 6.530834e+01
         vertex 4.228143e+01 1.029212e+02 6.317146e+01
      endloop
   endfacet
   facet normal 8.040644e-01 5.942429e-01 1.886263e-02
      outer loop
         vertex 4.178834e+01 1.035103e+02 6.563121e+01
         vertex 4.228143e+01 1.029212e+02 6.317146e+01
         vertex 4.107768e+01 1.044658e+02 6.582210e+01
      endloop
   endfacet
   facet normal 7.927690e-01 6.095030e-01 4.840266e-03
      outer loop
         vertex 4.107768e+01 1.044658e+02 6.582210e+01
         vertex 4.228143e+01 1.029212e+02 6.317146e+01
         vertex 3.986139e+01 1.060463e+02 6.600989e+01
      endloop
   endfacet
   facet normal 8.397383e-01 5.252557e-01 1.376444e-01
      outer loop
         vertex 3.986139e+01 1.060463e+02 6.600989e+01
         vertex 4.228143e+01 1.029212e+02 6.317146e+01
         vertex 4.014870e+01 1.059789e+02 6.451430e+01
      endloop
   endfacet
   facet normal 7.802842e-01 6.133606e-01 1.222515e-01
      outer loop
         vertex 3.986139e+01 1.060463e+02 6.600989e+01
         vertex 4.014870e+01 1.059789e+02 6.451430e+01
         vertex 3.818098e+01 1.081718e+02 6.607112e+01
      endloop
   endfacet
   facet normal 7.955243e-01 5.720813e-01 1.996599e-01
      outer loop
         vertex 3.818098e+01 1.081718e+02 6.607112e+01
         vertex 4.014870e+01 1.059789e+02 6.451430e+01
         vertex 3.805327e+01 1.090674e+02 6.401389e+01
      endloop
   endfacet
   facet normal 7.617421e-01 6.100069e-01 2.182672e-01
      outer loop
         vertex 3.818098e+01 1.081718e+02 6.607112e+01
         vertex 3.805327e+01 1.090674e+02 6.401389e+01
         vertex 3.805814e+01 1.083258e+02 6.606956e+01
      endloop
   endfacet
   facet normal 8.769764e-01 -4.794356e-01 3.246384e-02
      outer loop
         vertex 3.800011e+01 4.387413e+01 5.518647e+01
         vertex 4.011450e+01 4.780864e+01 5.617470e+01
         vertex 4.011450e+01 4.802525e+01 5.937359e+01
      endloop
   endfacet
   facet normal 7.859952e-01 -5.838244e-01 -2.033730e-01
      outer loop
         vertex 3.802164e+01 4.799658e+01 3.470198e+01
         vertex 3.864967e+01 4.852104e+01 3.562362e+01
         vertex 3.903103e+01 4.786252e+01 3.898791e+01
      endloop
   endfacet
   facet normal 8.131621e-01 -5.762365e-01 -8.196871e-02
      outer loop
         vertex 4.119796e+01 5.053285e+01 4.171243e+01
         vertex 4.011450e+01 4.919768e+01 4.035017e+01
         vertex 4.096742e+01 5.055500e+01 3.926968e+01
      endloop
   endfacet
   facet normal 7.810693e-01 -6.071145e-01 -1.460915e-01
      outer loop
         vertex 4.096742e+01 5.055500e+01 3.926968e+01
         vertex 4.011450e+01 4.919768e+01 4.035017e+01
         vertex 3.966139e+01 4.938230e+01 3.716043e+01
      endloop
   endfacet
   facet normal 8.067827e-01 -5.378372e-01 -2.446073e-01
      outer loop
         vertex 3.801994e+01 4.799512e+01 3.469959e+01
         vertex 3.800033e+01 4.649904e+01 3.792449e+01
         vertex 3.801842e+01 4.799375e+01 3.469762e+01
      endloop
   endfacet
   facet normal 8.099703e-01 -5.338719e-01 -2.427526e-01
      outer loop
         vertex 3.801842e+01 4.799375e+01 3.469762e+01
         vertex 3.800033e+01 4.649904e+01 3.792449e+01
         vertex 3.801033e+01 4.798519e+01 3.468943e+01
      endloop
   endfacet
   facet normal 8.056485e-01 -5.392368e-01 -2.452635e-01
      outer loop
         vertex 3.801994e+01 4.799512e+01 3.469959e+01
         vertex 3.802164e+01 4.799658e+01 3.470198e+01
         vertex 3.800033e+01 4.649904e+01 3.792449e+01
      endloop
   endfacet
   facet normal 8.524755e-01 -4.762087e-01 -2.156638e-01
      outer loop
         vertex 3.800033e+01 4.649904e+01 3.792449e+01
         vertex 3.802164e+01 4.799658e+01 3.470198e+01
         vertex 3.903103e+01 4.786252e+01 3.898791e+01
      endloop
   endfacet
   facet normal 8.465341e-01 -5.021905e-01 -1.765922e-01
      outer loop
         vertex 3.800033e+01 4.649904e+01 3.792449e+01
         vertex 3.903103e+01 4.786252e+01 3.898791e+01
         vertex 3.798819e+01 4.544387e+01 4.086694e+01
      endloop
   endfacet
   facet normal 8.697542e-01 -4.760415e-01 -1.300466e-01
      outer loop
         vertex 3.798819e+01 4.544387e+01 4.086694e+01
         vertex 3.903103e+01 4.786252e+01 3.898791e+01
         vertex 4.011450e+01 4.862557e+01 4.344099e+01
      endloop
   endfacet
   facet normal 8.858216e-01 -4.505530e-01 -1.110047e-01
      outer loop
         vertex 3.798673e+01 4.531958e+01 4.127152e+01
         vertex 4.011450e+01 4.819467e+01 4.658156e+01
         vertex 3.797838e+01 4.446427e+01 4.467644e+01
      endloop
   endfacet
   facet normal 8.764457e-01 -4.795041e-01 -4.380332e-02
      outer loop
         vertex 3.797838e+01 4.446427e+01 4.467644e+01
         vertex 4.011450e+01 4.819467e+01 4.658156e+01
         vertex 4.011450e+01 4.790446e+01 4.975841e+01
      endloop
   endfacet
   facet normal 8.900455e-01 -4.506072e-01 -6.908110e-02
      outer loop
         vertex 3.797838e+01 4.446427e+01 4.467644e+01
         vertex 4.011450e+01 4.790446e+01 4.975841e+01
         vertex 3.797813e+01 4.393288e+01 4.813937e+01
      endloop
   endfacet
   facet normal 8.838257e-01 -4.674024e-01 -1.967467e-02
      outer loop
         vertex 3.797813e+01 4.393288e+01 4.813937e+01
         vertex 4.011450e+01 4.790446e+01 4.975841e+01
         vertex 4.011450e+01 4.776962e+01 5.296154e+01
      endloop
   endfacet
   facet normal 8.878430e-01 -4.592998e-01 -2.790133e-02
      outer loop
         vertex 3.797813e+01 4.393288e+01 4.813937e+01
         vertex 4.011450e+01 4.776962e+01 5.296154e+01
         vertex 3.798574e+01 4.373320e+01 5.166871e+01
      endloop
   endfacet
   facet normal 8.620052e-01 -5.029296e-01 6.331587e-02
      outer loop
         vertex 3.800011e+01 4.387413e+01 5.518647e+01
         vertex 4.011450e+01 4.802525e+01 5.937359e+01
         vertex 3.802022e+01 4.434645e+01 5.866438e+01
      endloop
   endfacet
   facet normal 8.612556e-01 -5.035209e-01 6.859654e-02
      outer loop
         vertex 3.802022e+01 4.434645e+01 5.866438e+01
         vertex 4.011450e+01 4.802525e+01 5.937359e+01
         vertex 3.978307e+01 4.787510e+01 6.243268e+01
      endloop
   endfacet
   facet normal 8.322703e-01 -5.416886e-01 1.178964e-01
      outer loop
         vertex 3.802022e+01 4.434645e+01 5.866438e+01
         vertex 3.978307e+01 4.787510e+01 6.243268e+01
         vertex 3.804285e+01 4.509591e+01 6.194814e+01
      endloop
   endfacet
   facet normal 8.478066e-01 -5.303056e-01 -1.471894e-17
      outer loop
         vertex 4.228143e+01 5.186802e+01 5.755110e+01
         vertex 4.228143e+01 5.186802e+01 6.312549e+01
         vertex 4.113827e+01 5.004044e+01 6.280891e+01
      endloop
   endfacet
   facet normal 7.945161e-01 -5.726098e-01 -2.021438e-01
      outer loop
         vertex 3.864967e+01 4.852104e+01 3.562362e+01
         vertex 3.966139e+01 4.938230e+01 3.716043e+01
         vertex 3.903103e+01 4.786252e+01 3.898791e+01
      endloop
   endfacet
   facet normal 8.368338e-01 -5.266891e-01 -1.493579e-01
      outer loop
         vertex 3.903103e+01 4.786252e+01 3.898791e+01
         vertex 3.966139e+01 4.938230e+01 3.716043e+01
         vertex 4.011450e+01 4.919768e+01 4.035017e+01
      endloop
   endfacet
   facet normal 8.214758e-01 -5.607183e-01 -1.037905e-01
      outer loop
         vertex 3.903103e+01 4.786252e+01 3.898791e+01
         vertex 4.011450e+01 4.919768e+01 4.035017e+01
         vertex 4.011450e+01 4.862557e+01 4.344099e+01
      endloop
   endfacet
   facet normal 8.214758e-01 -5.607183e-01 -1.037905e-01
      outer loop
         vertex 4.011450e+01 4.862557e+01 4.344099e+01
         vertex 4.011450e+01 4.919768e+01 4.035017e+01
         vertex 4.119796e+01 5.053285e+01 4.171243e+01
      endloop
   endfacet
   facet normal 8.484678e-01 -5.269197e-01 -4.957868e-02
      outer loop
         vertex 4.011450e+01 4.862557e+01 4.344099e+01
         vertex 4.119796e+01 5.053285e+01 4.171243e+01
         vertex 4.119796e+01 5.024679e+01 4.475265e+01
      endloop
   endfacet
   facet normal 7.702728e-01 -6.328727e-01 -7.843447e-02
      outer loop
         vertex 4.096742e+01 5.055500e+01 3.926968e+01
         vertex 4.228143e+01 5.186802e+01 4.157951e+01
         vertex 4.119796e+01 5.053285e+01 4.171243e+01
      endloop
   endfacet
   facet normal 7.764998e-01 -6.301174e-01 -1.748927e-17
      outer loop
         vertex 4.119796e+01 5.053285e+01 4.171243e+01
         vertex 4.228143e+01 5.186802e+01 4.157951e+01
         vertex 4.228143e+01 5.186802e+01 4.247340e+01
      endloop
   endfacet
   facet normal 7.909573e-01 -6.091806e-01 -5.731874e-02
      outer loop
         vertex 4.119796e+01 5.053285e+01 4.171243e+01
         vertex 4.228143e+01 5.186802e+01 4.247340e+01
         vertex 4.119796e+01 5.024679e+01 4.475265e+01
      endloop
   endfacet
   facet normal 8.314227e-01 -5.556405e-01 -1.542212e-17
      outer loop
         vertex 4.119796e+01 5.024679e+01 4.475265e+01
         vertex 4.228143e+01 5.186802e+01 4.247340e+01
         vertex 4.228143e+01 5.186802e+01 4.734840e+01
      endloop
   endfacet
   facet normal 8.530708e-01 -5.208888e-01 -3.074073e-02
      outer loop
         vertex 4.119796e+01 5.024679e+01 4.475265e+01
         vertex 4.228143e+01 5.186802e+01 4.734840e+01
         vertex 4.119796e+01 4.988624e+01 5.086209e+01
      endloop
   endfacet
   facet normal 8.774307e-01 -4.797035e-01 -1.331445e-17
      outer loop
         vertex 4.119796e+01 4.988624e+01 5.086209e+01
         vertex 4.228143e+01 5.186802e+01 4.734840e+01
         vertex 4.228143e+01 5.186802e+01 5.164840e+01
      endloop
   endfacet
   facet normal 8.791301e-01 -4.763300e-01 1.549118e-02
      outer loop
         vertex 3.800011e+01 4.387413e+01 5.518647e+01
         vertex 3.798574e+01 4.373320e+01 5.166871e+01
         vertex 4.011450e+01 4.780864e+01 5.617470e+01
      endloop
   endfacet
   facet normal 8.837613e-01 -4.679035e-01 5.681948e-03
      outer loop
         vertex 4.011450e+01 4.780864e+01 5.617470e+01
         vertex 3.798574e+01 4.373320e+01 5.166871e+01
         vertex 4.011450e+01 4.776962e+01 5.296154e+01
      endloop
   endfacet
   facet normal 8.923359e-01 -4.513387e-01 5.480795e-03
      outer loop
         vertex 4.011450e+01 4.780864e+01 5.617470e+01
         vertex 4.011450e+01 4.776962e+01 5.296154e+01
         vertex 4.119796e+01 4.988624e+01 5.086209e+01
      endloop
   endfacet
   facet normal 8.818653e-01 -4.710842e-01 -1.982964e-02
      outer loop
         vertex 4.119796e+01 4.988624e+01 5.086209e+01
         vertex 4.011450e+01 4.776962e+01 5.296154e+01
         vertex 4.011450e+01 4.790446e+01 4.975841e+01
      endloop
   endfacet
   facet normal 8.834861e-01 -4.676438e-01 -2.759842e-02
      outer loop
         vertex 4.119796e+01 4.988624e+01 5.086209e+01
         vertex 4.011450e+01 4.790446e+01 4.975841e+01
         vertex 4.119796e+01 5.024679e+01 4.475265e+01
      endloop
   endfacet
   facet normal 8.660966e-01 -4.978039e-01 -4.547503e-02
      outer loop
         vertex 4.119796e+01 5.024679e+01 4.475265e+01
         vertex 4.011450e+01 4.790446e+01 4.975841e+01
         vertex 4.011450e+01 4.819467e+01 4.658156e+01
      endloop
   endfacet
   facet normal 8.547799e-01 -5.141736e-01 -7.054684e-02
      outer loop
         vertex 4.119796e+01 5.024679e+01 4.475265e+01
         vertex 4.011450e+01 4.819467e+01 4.658156e+01
         vertex 4.011450e+01 4.862557e+01 4.344099e+01
      endloop
   endfacet
   facet normal 8.590132e-01 -5.072017e-01 -6.959026e-02
      outer loop
         vertex 4.011450e+01 4.862557e+01 4.344099e+01
         vertex 4.011450e+01 4.819467e+01 4.658156e+01
         vertex 3.798673e+01 4.531958e+01 4.127152e+01
      endloop
   endfacet
   facet normal 8.720067e-01 -4.687827e-01 -1.408797e-01
      outer loop
         vertex 4.011450e+01 4.862557e+01 4.344099e+01
         vertex 3.798673e+01 4.531958e+01 4.127152e+01
         vertex 3.798819e+01 4.544387e+01 4.086694e+01
      endloop
   endfacet
   facet normal 8.774307e-01 -4.797035e-01 -1.331445e-17
      outer loop
         vertex 4.228143e+01 5.186802e+01 5.164840e+01
         vertex 4.228143e+01 5.186802e+01 5.196577e+01
         vertex 4.119796e+01 4.988624e+01 5.086209e+01
      endloop
   endfacet
   facet normal 8.774307e-01 -4.797035e-01 -1.331445e-17
      outer loop
         vertex 4.119796e+01 4.988624e+01 5.086209e+01
         vertex 4.228143e+01 5.186802e+01 5.196577e+01
         vertex 4.228143e+01 5.186802e+01 5.594840e+01
      endloop
   endfacet
   facet normal 8.820696e-01 -4.710992e-01 -4.340654e-03
      outer loop
         vertex 4.119796e+01 4.988624e+01 5.086209e+01
         vertex 4.228143e+01 5.186802e+01 5.594840e+01
         vertex 4.011450e+01 4.780864e+01 5.617470e+01
      endloop
   endfacet
   facet normal 8.821784e-01 -4.709153e-01 -1.307053e-17
      outer loop
         vertex 4.011450e+01 4.780864e+01 5.617470e+01
         vertex 4.228143e+01 5.186802e+01 5.594840e+01
         vertex 4.228143e+01 5.186802e+01 5.755110e+01
      endloop
   endfacet
   facet normal 8.771016e-01 -4.792075e-01 3.244839e-02
      outer loop
         vertex 4.011450e+01 4.780864e+01 5.617470e+01
         vertex 4.228143e+01 5.186802e+01 5.755110e+01
         vertex 4.011450e+01 4.802525e+01 5.937359e+01
      endloop
   endfacet
   facet normal 8.753517e-01 -4.829655e-01 2.244403e-02
      outer loop
         vertex 4.011450e+01 4.802525e+01 5.937359e+01
         vertex 4.228143e+01 5.186802e+01 5.755110e+01
         vertex 4.113827e+01 5.004044e+01 6.280891e+01
      endloop
   endfacet
   facet normal 8.407970e-01 -5.374686e-01 6.471378e-02
      outer loop
         vertex 4.011450e+01 4.802525e+01 5.937359e+01
         vertex 4.113827e+01 5.004044e+01 6.280891e+01
         vertex 3.978307e+01 4.787510e+01 6.243268e+01
      endloop
   endfacet
   facet normal 9.396128e-01 -2.234911e-01 -2.591900e-01
      outer loop
         vertex 3.790829e+01 5.329954e+01 2.856338e+01
         vertex 3.789917e+01 5.365893e+01 2.822043e+01
         vertex 3.882499e+01 5.462908e+01 3.074018e+01
      endloop
   endfacet
   facet normal 8.520053e-01 3.670145e-01 -3.733462e-01
      outer loop
         vertex 3.979366e+01 1.048272e+02 3.668218e+01
         vertex 3.882499e+01 1.046698e+02 3.431685e+01
         vertex 3.872655e+01 1.059657e+02 3.536611e+01
      endloop
   endfacet
   facet normal 8.899335e-01 3.259282e-01 -3.190441e-01
      outer loop
         vertex 3.872655e+01 1.059657e+02 3.536611e+01
         vertex 3.882499e+01 1.046698e+02 3.431685e+01
         vertex 3.800769e+01 1.047777e+02 3.214731e+01
      endloop
   endfacet
   facet normal 8.395839e-01 4.212605e-01 -3.429846e-01
      outer loop
         vertex 3.872655e+01 1.059657e+02 3.536611e+01
         vertex 3.800769e+01 1.047777e+02 3.214731e+01
         vertex 3.806283e+01 1.066395e+02 3.456900e+01
      endloop
   endfacet
   facet normal 9.122319e-01 2.842215e-01 -2.950442e-01
      outer loop
         vertex 3.796304e+01 1.034035e+02 3.054609e+01
         vertex 3.882499e+01 1.032392e+02 3.305280e+01
         vertex 3.792084e+01 1.019630e+02 2.902794e+01
      endloop
   endfacet
   facet normal 9.382149e-01 2.078623e-01 -2.766697e-01
      outer loop
         vertex 3.792084e+01 1.019630e+02 2.902794e+01
         vertex 3.882499e+01 1.032392e+02 3.305280e+01
         vertex 3.882499e+01 1.001611e+02 3.074018e+01
      endloop
   endfacet
   facet normal 9.565576e-01 1.645842e-01 -2.406441e-01
      outer loop
         vertex 3.782017e+01 9.718372e+01 2.498397e+01
         vertex 3.784938e+01 9.885784e+01 2.624509e+01
         vertex 3.882499e+01 9.682214e+01 2.873084e+01
      endloop
   endfacet
   facet normal 9.568074e-01 1.759719e-01 -2.314162e-01
      outer loop
         vertex 3.882499e+01 9.682214e+01 2.873084e+01
         vertex 3.784938e+01 9.885784e+01 2.624509e+01
         vertex 3.788285e+01 1.004495e+02 2.759379e+01
      endloop
   endfacet
   facet normal 9.492884e-01 1.621162e-01 -2.693880e-01
      outer loop
         vertex 3.882499e+01 9.682214e+01 2.873084e+01
         vertex 3.788285e+01 1.004495e+02 2.759379e+01
         vertex 3.882499e+01 1.001611e+02 3.074018e+01
      endloop
   endfacet
   facet normal 9.402592e-01 2.179337e-01 -2.615676e-01
      outer loop
         vertex 3.882499e+01 1.001611e+02 3.074018e+01
         vertex 3.788285e+01 1.004495e+02 2.759379e+01
         vertex 3.789917e+01 1.011313e+02 2.822055e+01
      endloop
   endfacet
   facet normal 9.393010e-01 2.260683e-01 -2.580830e-01
      outer loop
         vertex 3.882499e+01 1.001611e+02 3.074018e+01
         vertex 3.789917e+01 1.011313e+02 2.822055e+01
         vertex 3.792084e+01 1.019630e+02 2.902794e+01
      endloop
   endfacet
   facet normal 9.719640e-01 5.729707e-02 -2.280416e-01
      outer loop
         vertex 3.997713e+01 8.865356e+01 3.051515e+01
         vertex 3.775611e+01 9.176955e+01 2.183156e+01
         vertex 3.997713e+01 9.222328e+01 3.141207e+01
      endloop
   endfacet
   facet normal 9.675078e-01 1.064575e-01 -2.293368e-01
      outer loop
         vertex 3.997713e+01 9.222328e+01 3.141207e+01
         vertex 3.775611e+01 9.176955e+01 2.183156e+01
         vertex 3.777380e+01 9.362626e+01 2.276808e+01
      endloop
   endfacet
   facet normal 9.664476e-01 1.206565e-01 -2.267620e-01
      outer loop
         vertex 3.997713e+01 9.222328e+01 3.141207e+01
         vertex 3.777380e+01 9.362626e+01 2.276808e+01
         vertex 3.779498e+01 9.543142e+01 2.381884e+01
      endloop
   endfacet
   facet normal 9.752826e-01 3.883394e-02 -2.175217e-01
      outer loop
         vertex 3.997713e+01 8.497654e+01 2.985870e+01
         vertex 3.772921e+01 8.789782e+01 2.030140e+01
         vertex 3.997713e+01 8.865356e+01 3.051515e+01
      endloop
   endfacet
   facet normal 9.728621e-01 7.312613e-02 -2.195263e-01
      outer loop
         vertex 3.997713e+01 8.865356e+01 3.051515e+01
         vertex 3.772921e+01 8.789782e+01 2.030140e+01
         vertex 3.774135e+01 8.986043e+01 2.100899e+01
      endloop
   endfacet
   facet normal 9.721945e-01 8.628474e-02 -2.176987e-01
      outer loop
         vertex 3.997713e+01 8.865356e+01 3.051515e+01
         vertex 3.774135e+01 8.986043e+01 2.100899e+01
         vertex 3.775611e+01 9.176955e+01 2.183156e+01
      endloop
   endfacet
   facet normal 9.772164e-01 2.263628e-02 -2.110348e-01
      outer loop
         vertex 3.997713e+01 8.121726e+01 2.945546e+01
         vertex 3.771232e+01 8.384406e+01 1.924978e+01
         vertex 3.997713e+01 8.497654e+01 2.985870e+01
      endloop
   endfacet
   facet normal 9.759914e-01 4.484076e-02 -2.131436e-01
      outer loop
         vertex 3.997713e+01 8.497654e+01 2.985870e+01
         vertex 3.771232e+01 8.384406e+01 1.924978e+01
         vertex 3.771956e+01 8.588234e+01 1.971177e+01
      endloop
   endfacet
   facet normal 9.755991e-01 5.733576e-02 -2.119409e-01
      outer loop
         vertex 3.997713e+01 8.497654e+01 2.985870e+01
         vertex 3.771956e+01 8.588234e+01 1.971177e+01
         vertex 3.772921e+01 8.789782e+01 2.030140e+01
      endloop
   endfacet
   facet normal 9.781133e-01 7.466575e-03 -2.079391e-01
      outer loop
         vertex 3.997713e+01 7.739507e+01 2.931822e+01
         vertex 3.770386e+01 7.972731e+01 1.870883e+01
         vertex 3.997713e+01 8.121726e+01 2.945546e+01
      endloop
   endfacet
   facet normal 9.776157e-01 1.946094e-02 -2.094967e-01
      outer loop
         vertex 3.997713e+01 8.121726e+01 2.945546e+01
         vertex 3.770386e+01 7.972731e+01 1.870883e+01
         vertex 3.770711e+01 8.179240e+01 1.891585e+01
      endloop
   endfacet
   facet normal 9.774499e-01 3.150572e-02 -2.088038e-01
      outer loop
         vertex 3.997713e+01 8.121726e+01 2.945546e+01
         vertex 3.770711e+01 8.179240e+01 1.891585e+01
         vertex 3.771232e+01 8.384406e+01 1.924978e+01
      endloop
   endfacet
   facet normal 9.774586e-01 -2.865201e-02 -2.091738e-01
      outer loop
         vertex 3.771089e+01 7.143942e+01 1.915764e+01
         vertex 3.770617e+01 7.348258e+01 1.885571e+01
         vertex 3.997713e+01 7.357288e+01 2.945546e+01
      endloop
   endfacet
   facet normal 9.777042e-01 -1.661030e-02 -2.093290e-01
      outer loop
         vertex 3.997713e+01 7.357288e+01 2.945546e+01
         vertex 3.770617e+01 7.348258e+01 1.885571e+01
         vertex 3.770339e+01 7.555371e+01 1.867842e+01
      endloop
   endfacet
   facet normal 9.781552e-01 -7.459506e-03 -2.077422e-01
      outer loop
         vertex 3.997713e+01 7.357288e+01 2.945546e+01
         vertex 3.770339e+01 7.555371e+01 1.867842e+01
         vertex 3.997713e+01 7.739507e+01 2.931822e+01
      endloop
   endfacet
   facet normal 9.780703e-01 -4.563602e-03 -2.082252e-01
      outer loop
         vertex 3.997713e+01 7.739507e+01 2.931822e+01
         vertex 3.770339e+01 7.555371e+01 1.867842e+01
         vertex 3.770266e+01 7.764801e+01 1.862908e+01
      endloop
   endfacet
   facet normal 9.781112e-01 7.412243e-03 -2.079506e-01
      outer loop
         vertex 3.997713e+01 7.739507e+01 2.931822e+01
         vertex 3.770266e+01 7.764801e+01 1.862908e+01
         vertex 3.770386e+01 7.972731e+01 1.870883e+01
      endloop
   endfacet
   facet normal 9.733455e-01 -4.030720e-02 -2.257739e-01
      outer loop
         vertex 3.997713e+01 6.613658e+01 3.051515e+01
         vertex 3.774439e+01 6.450281e+01 2.118112e+01
         vertex 3.997713e+01 6.981360e+01 2.985870e+01
      endloop
   endfacet
   facet normal 9.758046e-01 -7.417995e-02 -2.056761e-01
      outer loop
         vertex 3.997713e+01 6.981360e+01 2.985870e+01
         vertex 3.774439e+01 6.450281e+01 2.118112e+01
         vertex 3.773771e+01 6.547192e+01 2.079990e+01
      endloop
   endfacet
   facet normal 9.755685e-01 -6.594329e-02 -2.095653e-01
      outer loop
         vertex 3.773771e+01 6.547192e+01 2.079990e+01
         vertex 3.772635e+01 6.743463e+01 2.012940e+01
         vertex 3.997713e+01 6.981360e+01 2.985870e+01
      endloop
   endfacet
   facet normal 9.756581e-01 -5.643887e-02 -2.119101e-01
      outer loop
         vertex 3.997713e+01 6.981360e+01 2.985870e+01
         vertex 3.772635e+01 6.743463e+01 2.012940e+01
         vertex 3.772070e+01 6.863862e+01 1.978274e+01
      endloop
   endfacet
   facet normal 9.761410e-01 -2.315804e-02 -2.158991e-01
      outer loop
         vertex 3.997713e+01 6.981360e+01 2.985870e+01
         vertex 3.772070e+01 6.863862e+01 1.978274e+01
         vertex 3.997713e+01 7.357288e+01 2.945546e+01
      endloop
   endfacet
   facet normal 9.778716e-01 -4.801945e-02 -2.036205e-01
      outer loop
         vertex 3.997713e+01 7.357288e+01 2.945546e+01
         vertex 3.772070e+01 6.863862e+01 1.978274e+01
         vertex 3.771751e+01 6.942358e+01 1.958233e+01
      endloop
   endfacet
   facet normal 9.775568e-01 -4.034907e-02 -2.067720e-01
      outer loop
         vertex 3.997713e+01 7.357288e+01 2.945546e+01
         vertex 3.771751e+01 6.942358e+01 1.958233e+01
         vertex 3.771089e+01 7.143942e+01 1.915764e+01
      endloop
   endfacet
   facet normal 9.665303e-01 -1.206314e-01 -2.264226e-01
      outer loop
         vertex 3.778846e+01 5.987556e+01 2.350313e+01
         vertex 3.777998e+01 6.059777e+01 2.308213e+01
         vertex 3.997713e+01 6.256686e+01 3.141207e+01
      endloop
   endfacet
   facet normal 9.669511e-01 -1.138278e-01 -2.281419e-01
      outer loop
         vertex 3.997713e+01 6.256686e+01 3.141207e+01
         vertex 3.777998e+01 6.059777e+01 2.308213e+01
         vertex 3.776853e+01 6.167752e+01 2.249490e+01
      endloop
   endfacet
   facet normal 9.703396e-01 -5.890931e-02 -2.344583e-01
      outer loop
         vertex 3.997713e+01 6.256686e+01 3.141207e+01
         vertex 3.776853e+01 6.167752e+01 2.249490e+01
         vertex 3.997713e+01 6.613658e+01 3.051515e+01
      endloop
   endfacet
   facet normal 9.720177e-01 -9.512499e-02 -2.147854e-01
      outer loop
         vertex 3.997713e+01 6.613658e+01 3.051515e+01
         vertex 3.776853e+01 6.167752e+01 2.249490e+01
         vertex 3.775175e+01 6.354320e+01 2.159269e+01
      endloop
   endfacet
   facet normal 9.722679e-01 -8.584199e-02 -2.175460e-01
      outer loop
         vertex 3.997713e+01 6.613658e+01 3.051515e+01
         vertex 3.775175e+01 6.354320e+01 2.159269e+01
         vertex 3.774439e+01 6.450281e+01 2.118112e+01
      endloop
   endfacet
   facet normal 9.661008e-01 -1.297080e-01 -2.232151e-01
      outer loop
         vertex 3.778846e+01 5.987556e+01 2.350313e+01
         vertex 3.997713e+01 6.256686e+01 3.141207e+01
         vertex 3.781203e+01 5.813542e+01 2.461630e+01
      endloop
   endfacet
   facet normal 9.638849e-01 -8.272793e-02 -2.531442e-01
      outer loop
         vertex 3.781203e+01 5.813542e+01 2.461630e+01
         vertex 3.997713e+01 6.256686e+01 3.141207e+01
         vertex 3.997713e+01 5.912556e+01 3.253669e+01
      endloop
   endfacet
   facet normal 9.571474e-01 -1.595278e-01 -2.417016e-01
      outer loop
         vertex 3.781203e+01 5.813542e+01 2.461630e+01
         vertex 3.997713e+01 5.912556e+01 3.253669e+01
         vertex 3.783965e+01 5.645556e+01 2.583441e+01
      endloop
   endfacet
   facet normal 9.459185e-01 -1.223329e-01 -3.004545e-01
      outer loop
         vertex 3.882499e+01 5.462908e+01 3.074018e+01
         vertex 3.789917e+01 5.365893e+01 2.822043e+01
         vertex 3.997713e+01 5.912556e+01 3.253669e+01
      endloop
   endfacet
   facet normal 9.562309e-01 -1.835521e-01 -2.278841e-01
      outer loop
         vertex 3.997713e+01 5.912556e+01 3.253669e+01
         vertex 3.789917e+01 5.365893e+01 2.822043e+01
         vertex 3.787176e+01 5.483651e+01 2.715694e+01
      endloop
   endfacet
   facet normal 9.561717e-01 -1.736269e-01 -2.357738e-01
      outer loop
         vertex 3.997713e+01 5.912556e+01 3.253669e+01
         vertex 3.787176e+01 5.483651e+01 2.715694e+01
         vertex 3.783965e+01 5.645556e+01 2.583441e+01
      endloop
   endfacet
   facet normal 9.390205e-01 -2.321987e-01 -2.536222e-01
      outer loop
         vertex 3.790829e+01 5.329954e+01 2.856338e+01
         vertex 3.882499e+01 5.462908e+01 3.074018e+01
         vertex 3.794895e+01 5.184626e+01 3.004446e+01
      endloop
   endfacet
   facet normal 9.306319e-01 -2.198176e-01 -2.925824e-01
      outer loop
         vertex 3.794895e+01 5.184626e+01 3.004446e+01
         vertex 3.882499e+01 5.462908e+01 3.074018e+01
         vertex 3.882499e+01 5.155093e+01 3.305280e+01
      endloop
   endfacet
   facet normal 9.067137e-01 -3.026270e-01 -2.937467e-01
      outer loop
         vertex 3.794895e+01 5.184626e+01 3.004446e+01
         vertex 3.882499e+01 5.155093e+01 3.305280e+01
         vertex 3.799256e+01 5.046939e+01 3.159757e+01
      endloop
   endfacet
   facet normal 8.471962e-01 -1.488203e-01 -5.100109e-01
      outer loop
         vertex 4.112928e+01 5.234909e+01 3.820455e+01
         vertex 4.115694e+01 5.154694e+01 3.848456e+01
         vertex 3.979366e+01 4.996292e+01 3.668218e+01
      endloop
   endfacet
   facet normal 8.285263e-01 1.554174e-17 -5.599502e-01
      outer loop
         vertex 4.228143e+01 5.299235e+01 4.014840e+01
         vertex 4.115694e+01 5.154694e+01 3.848456e+01
         vertex 4.228143e+01 5.300654e+01 4.014840e+01
      endloop
   endfacet
   facet normal 8.717162e-01 -1.344311e-01 -4.712102e-01
      outer loop
         vertex 4.228143e+01 5.300654e+01 4.014840e+01
         vertex 4.115694e+01 5.154694e+01 3.848456e+01
         vertex 4.112928e+01 5.234909e+01 3.820455e+01
      endloop
   endfacet
   facet normal 8.602459e-01 1.415200e-17 -5.098794e-01
      outer loop
         vertex 4.228143e+01 5.300654e+01 4.014840e+01
         vertex 4.112928e+01 5.234909e+01 3.820455e+01
         vertex 4.228143e+01 5.346346e+01 4.014840e+01
      endloop
   endfacet
   facet normal 8.602459e-01 1.415200e-17 -5.098794e-01
      outer loop
         vertex 4.228143e+01 5.346346e+01 4.014840e+01
         vertex 4.112928e+01 5.234909e+01 3.820455e+01
         vertex 4.228143e+01 5.505890e+01 4.014840e+01
      endloop
   endfacet
   facet normal 9.571041e-01 8.042020e-18 -2.897443e-01
      outer loop
         vertex 3.997713e+01 5.912556e+01 3.253669e+01
         vertex 4.228143e+01 6.089507e+01 4.014840e+01
         vertex 4.228143e+01 5.824978e+01 4.014840e+01
      endloop
   endfacet
   facet normal 9.128087e-01 -9.698047e-02 -3.967054e-01
      outer loop
         vertex 4.112928e+01 5.704288e+01 3.701233e+01
         vertex 4.228143e+01 5.505890e+01 4.014840e+01
         vertex 4.112928e+01 5.388958e+01 3.778320e+01
      endloop
   endfacet
   facet normal 9.136701e-01 -1.072341e-01 -3.920558e-01
      outer loop
         vertex 4.112928e+01 5.388958e+01 3.778320e+01
         vertex 4.228143e+01 5.505890e+01 4.014840e+01
         vertex 4.112928e+01 5.234909e+01 3.820455e+01
      endloop
   endfacet
   facet normal 8.831369e-01 -1.237652e-01 -4.524947e-01
      outer loop
         vertex 4.112928e+01 5.388958e+01 3.778320e+01
         vertex 4.112928e+01 5.234909e+01 3.820455e+01
         vertex 3.997713e+01 5.123471e+01 3.626070e+01
      endloop
   endfacet
   facet normal 8.888797e-01 -2.544876e-01 -3.809579e-01
      outer loop
         vertex 3.997713e+01 5.123471e+01 3.626070e+01
         vertex 4.112928e+01 5.234909e+01 3.820455e+01
         vertex 3.979366e+01 4.996292e+01 3.668218e+01
      endloop
   endfacet
   facet normal 8.490143e-01 -2.725047e-01 -4.526764e-01
      outer loop
         vertex 3.997713e+01 5.123471e+01 3.626070e+01
         vertex 3.979366e+01 4.996292e+01 3.668218e+01
         vertex 3.872655e+01 4.882445e+01 3.536611e+01
      endloop
   endfacet
   facet normal 9.765536e-01 2.295935e-02 -2.140467e-01
      outer loop
         vertex 3.997713e+01 8.497654e+01 2.985870e+01
         vertex 4.228143e+01 8.289507e+01 4.014840e+01
         vertex 3.997713e+01 8.121726e+01 2.945546e+01
      endloop
   endfacet
   facet normal 9.775592e-01 5.847015e-18 -2.106609e-01
      outer loop
         vertex 3.997713e+01 8.121726e+01 2.945546e+01
         vertex 4.228143e+01 8.289507e+01 4.014840e+01
         vertex 4.228143e+01 8.058595e+01 4.014840e+01
      endloop
   endfacet
   facet normal 9.776230e-01 7.548801e-03 -2.102290e-01
      outer loop
         vertex 3.997713e+01 8.121726e+01 2.945546e+01
         vertex 4.228143e+01 8.058595e+01 4.014840e+01
         vertex 3.997713e+01 7.739507e+01 2.931822e+01
      endloop
   endfacet
   facet normal 9.781059e-01 5.776148e-18 -2.081077e-01
      outer loop
         vertex 3.997713e+01 7.739507e+01 2.931822e+01
         vertex 4.228143e+01 8.058595e+01 4.014840e+01
         vertex 4.228143e+01 7.739507e+01 4.014840e+01
      endloop
   endfacet
   facet normal 9.780786e-01 -7.472420e-03 -2.081018e-01
      outer loop
         vertex 3.997713e+01 7.739507e+01 2.931822e+01
         vertex 4.228143e+01 7.739507e+01 4.014840e+01
         vertex 3.997713e+01 7.357288e+01 2.945546e+01
      endloop
   endfacet
   facet normal 8.602459e-01 1.415200e-17 -5.098794e-01
      outer loop
         vertex 4.228143e+01 1.017978e+02 4.014840e+01
         vertex 4.228143e+01 1.013267e+02 4.014840e+01
         vertex 4.112928e+01 1.024411e+02 3.820455e+01
      endloop
   endfacet
   facet normal 8.831367e-01 1.237653e-01 -4.524949e-01
      outer loop
         vertex 4.112928e+01 1.024411e+02 3.820455e+01
         vertex 4.228143e+01 1.013267e+02 4.014840e+01
         vertex 4.112928e+01 1.009006e+02 3.778320e+01
      endloop
   endfacet
   facet normal 9.136702e-01 1.072341e-01 -3.920557e-01
      outer loop
         vertex 4.112928e+01 1.024411e+02 3.820455e+01
         vertex 4.112928e+01 1.009006e+02 3.778320e+01
         vertex 3.997713e+01 1.020699e+02 3.541800e+01
      endloop
   endfacet
   facet normal 9.128087e-01 9.698045e-02 -3.967053e-01
      outer loop
         vertex 3.997713e+01 1.020699e+02 3.541800e+01
         vertex 4.112928e+01 1.009006e+02 3.778320e+01
         vertex 4.112928e+01 9.774726e+01 3.701233e+01
      endloop
   endfacet
   facet normal 9.455175e-01 1.443909e-01 -2.918011e-01
      outer loop
         vertex 3.997713e+01 1.020699e+02 3.541800e+01
         vertex 4.112928e+01 9.774726e+01 3.701233e+01
         vertex 3.997713e+01 9.895416e+01 3.387626e+01
      endloop
   endfacet
   facet normal 9.445901e-01 6.644767e-02 -3.214564e-01
      outer loop
         vertex 3.997713e+01 9.895416e+01 3.387626e+01
         vertex 4.112928e+01 9.774726e+01 3.701233e+01
         vertex 4.112928e+01 9.450703e+01 3.634255e+01
      endloop
   endfacet
   facet normal 9.602117e-01 1.053260e-01 -2.586501e-01
      outer loop
         vertex 3.997713e+01 9.895416e+01 3.387626e+01
         vertex 4.112928e+01 9.450703e+01 3.634255e+01
         vertex 3.997713e+01 9.566458e+01 3.253669e+01
      endloop
   endfacet
   facet normal 8.990094e-01 1.215498e-17 -4.379292e-01
      outer loop
         vertex 4.228143e+01 1.013267e+02 4.014840e+01
         vertex 4.228143e+01 9.973124e+01 4.014840e+01
         vertex 4.112928e+01 1.009006e+02 3.778320e+01
      endloop
   endfacet
   facet normal 8.990094e-01 1.215498e-17 -4.379292e-01
      outer loop
         vertex 4.112928e+01 1.009006e+02 3.778320e+01
         vertex 4.228143e+01 9.973124e+01 4.014840e+01
         vertex 4.228143e+01 9.654036e+01 4.014840e+01
      endloop
   endfacet
   facet normal 9.451239e-01 7.758490e-02 -3.173665e-01
      outer loop
         vertex 4.112928e+01 1.009006e+02 3.778320e+01
         vertex 4.228143e+01 9.654036e+01 4.014840e+01
         vertex 4.112928e+01 9.774726e+01 3.701233e+01
      endloop
   endfacet
   facet normal 9.386581e-01 9.571487e-18 -3.448492e-01
      outer loop
         vertex 4.112928e+01 9.774726e+01 3.701233e+01
         vertex 4.228143e+01 9.654036e+01 4.014840e+01
         vertex 4.228143e+01 9.389507e+01 4.014840e+01
      endloop
   endfacet
   facet normal 9.580407e-01 5.802260e-02 -2.806981e-01
      outer loop
         vertex 4.112928e+01 9.774726e+01 3.701233e+01
         vertex 4.228143e+01 9.389507e+01 4.014840e+01
         vertex 4.112928e+01 9.450703e+01 3.634255e+01
      endloop
   endfacet
   facet normal 9.571041e-01 8.042019e-18 -2.897443e-01
      outer loop
         vertex 4.112928e+01 9.450703e+01 3.634255e+01
         vertex 4.228143e+01 9.389507e+01 4.014840e+01
         vertex 4.228143e+01 9.334948e+01 4.014840e+01
      endloop
   endfacet
   facet normal 9.571041e-01 8.042019e-18 -2.897443e-01
      outer loop
         vertex 4.112928e+01 9.450703e+01 3.634255e+01
         vertex 4.228143e+01 9.334948e+01 4.014840e+01
         vertex 4.228143e+01 9.015860e+01 4.014840e+01
      endloop
   endfacet
   facet normal 9.605084e-01 8.643438e-02 -2.644858e-01
      outer loop
         vertex 3.997713e+01 9.566458e+01 3.253669e+01
         vertex 4.112928e+01 9.450703e+01 3.634255e+01
         vertex 3.997713e+01 9.222328e+01 3.141207e+01
      endloop
   endfacet
   facet normal 9.684756e-01 4.164691e-02 -2.456025e-01
      outer loop
         vertex 3.997713e+01 9.222328e+01 3.141207e+01
         vertex 4.112928e+01 9.450703e+01 3.634255e+01
         vertex 4.228143e+01 9.015860e+01 4.014840e+01
      endloop
   endfacet
   facet normal 9.685930e-01 6.059216e-02 -2.411561e-01
      outer loop
         vertex 3.997713e+01 9.222328e+01 3.141207e+01
         vertex 4.228143e+01 9.015860e+01 4.014840e+01
         vertex 3.997713e+01 8.865356e+01 3.051515e+01
      endloop
   endfacet
   facet normal 9.725631e-01 6.457034e-18 -2.326392e-01
      outer loop
         vertex 3.997713e+01 8.865356e+01 3.051515e+01
         vertex 4.228143e+01 9.015860e+01 4.014840e+01
         vertex 4.228143e+01 8.696771e+01 4.014840e+01
      endloop
   endfacet
   facet normal 9.733458e-01 4.030696e-02 -2.257726e-01
      outer loop
         vertex 3.997713e+01 8.865356e+01 3.051515e+01
         vertex 4.228143e+01 8.696771e+01 4.014840e+01
         vertex 3.997713e+01 8.497654e+01 2.985870e+01
      endloop
   endfacet
   facet normal 9.758304e-01 6.065402e-18 -2.185292e-01
      outer loop
         vertex 3.997713e+01 8.497654e+01 2.985870e+01
         vertex 4.228143e+01 8.696771e+01 4.014840e+01
         vertex 4.228143e+01 8.377683e+01 4.014840e+01
      endloop
   endfacet
   facet normal 9.758304e-01 6.065402e-18 -2.185292e-01
      outer loop
         vertex 3.997713e+01 8.497654e+01 2.985870e+01
         vertex 4.228143e+01 8.377683e+01 4.014840e+01
         vertex 4.228143e+01 8.289507e+01 4.014840e+01
      endloop
   endfacet
   facet normal 9.052381e-01 3.096431e-01 -2.909727e-01
      outer loop
         vertex 3.796304e+01 1.034035e+02 3.054609e+01
         vertex 3.800769e+01 1.047777e+02 3.214731e+01
         vertex 3.882499e+01 1.032392e+02 3.305280e+01
      endloop
   endfacet
   facet normal 9.009791e-01 2.872787e-01 -3.251272e-01
      outer loop
         vertex 3.882499e+01 1.032392e+02 3.305280e+01
         vertex 3.800769e+01 1.047777e+02 3.214731e+01
         vertex 3.882499e+01 1.046698e+02 3.431685e+01
      endloop
   endfacet
   facet normal 8.853967e-01 3.077876e-01 -3.483382e-01
      outer loop
         vertex 3.882499e+01 1.032392e+02 3.305280e+01
         vertex 3.882499e+01 1.046698e+02 3.431685e+01
         vertex 3.997713e+01 1.035554e+02 3.626070e+01
      endloop
   endfacet
   facet normal 8.888795e-01 2.544877e-01 -3.809584e-01
      outer loop
         vertex 3.997713e+01 1.035554e+02 3.626070e+01
         vertex 3.882499e+01 1.046698e+02 3.431685e+01
         vertex 3.979366e+01 1.048272e+02 3.668218e+01
      endloop
   endfacet
   facet normal 8.666929e-01 2.650814e-01 -4.225817e-01
      outer loop
         vertex 3.997713e+01 1.035554e+02 3.626070e+01
         vertex 3.979366e+01 1.048272e+02 3.668218e+01
         vertex 4.115694e+01 1.032432e+02 3.848456e+01
      endloop
   endfacet
   facet normal 9.660521e-01 1.332733e-01 -2.213177e-01
      outer loop
         vertex 3.779498e+01 9.543142e+01 2.381884e+01
         vertex 3.782017e+01 9.718372e+01 2.498397e+01
         vertex 3.997713e+01 9.222328e+01 3.141207e+01
      endloop
   endfacet
   facet normal 9.636771e-01 9.616584e-02 -2.491558e-01
      outer loop
         vertex 3.997713e+01 9.222328e+01 3.141207e+01
         vertex 3.782017e+01 9.718372e+01 2.498397e+01
         vertex 3.882499e+01 9.682214e+01 2.873084e+01
      endloop
   endfacet
   facet normal 9.605084e-01 8.643434e-02 -2.644857e-01
      outer loop
         vertex 3.997713e+01 9.222328e+01 3.141207e+01
         vertex 3.882499e+01 9.682214e+01 2.873084e+01
         vertex 3.997713e+01 9.566458e+01 3.253669e+01
      endloop
   endfacet
   facet normal 9.581800e-01 1.475546e-01 -2.451911e-01
      outer loop
         vertex 3.997713e+01 9.566458e+01 3.253669e+01
         vertex 3.882499e+01 9.682214e+01 2.873084e+01
         vertex 3.882499e+01 1.001611e+02 3.074018e+01
      endloop
   endfacet
   facet normal 9.459233e-01 1.223417e-01 -3.004357e-01
      outer loop
         vertex 3.997713e+01 9.566458e+01 3.253669e+01
         vertex 3.882499e+01 1.001611e+02 3.074018e+01
         vertex 3.997713e+01 9.895416e+01 3.387626e+01
      endloop
   endfacet
   facet normal 9.419469e-01 2.016806e-01 -2.684417e-01
      outer loop
         vertex 3.997713e+01 9.895416e+01 3.387626e+01
         vertex 3.882499e+01 1.001611e+02 3.074018e+01
         vertex 3.882499e+01 1.032392e+02 3.305280e+01
      endloop
   endfacet
   facet normal 9.164353e-01 1.774812e-01 -3.586737e-01
      outer loop
         vertex 3.997713e+01 9.895416e+01 3.387626e+01
         vertex 3.882499e+01 1.032392e+02 3.305280e+01
         vertex 3.997713e+01 1.020699e+02 3.541800e+01
      endloop
   endfacet
   facet normal 9.161976e-01 1.977222e-01 -3.485510e-01
      outer loop
         vertex 3.997713e+01 1.020699e+02 3.541800e+01
         vertex 3.882499e+01 1.032392e+02 3.305280e+01
         vertex 3.997713e+01 1.035554e+02 3.626070e+01
      endloop
   endfacet
   facet normal 8.893138e-01 2.256347e-01 -3.977561e-01
      outer loop
         vertex 3.997713e+01 1.020699e+02 3.541800e+01
         vertex 3.997713e+01 1.035554e+02 3.626070e+01
         vertex 4.112928e+01 1.024411e+02 3.820455e+01
      endloop
   endfacet
   facet normal 8.835046e-01 1.269337e-01 -4.508962e-01
      outer loop
         vertex 4.112928e+01 1.024411e+02 3.820455e+01
         vertex 3.997713e+01 1.035554e+02 3.626070e+01
         vertex 4.115694e+01 1.032432e+02 3.848456e+01
      endloop
   endfacet
   facet normal 8.713185e-01 1.346769e-01 -4.718751e-01
      outer loop
         vertex 4.112928e+01 1.024411e+02 3.820455e+01
         vertex 4.115694e+01 1.032432e+02 3.848456e+01
         vertex 4.228143e+01 1.017978e+02 4.014840e+01
      endloop
   endfacet
   facet normal 8.388091e-01 -4.276051e-01 -3.369764e-01
      outer loop
         vertex 3.806283e+01 4.815066e+01 3.456900e+01
         vertex 3.803542e+01 4.915942e+01 3.322070e+01
         vertex 3.872655e+01 4.882445e+01 3.536611e+01
      endloop
   endfacet
   facet normal 8.788121e-01 -3.388119e-01 -3.359996e-01
      outer loop
         vertex 3.872655e+01 4.882445e+01 3.536611e+01
         vertex 3.803542e+01 4.915942e+01 3.322070e+01
         vertex 3.882499e+01 5.012034e+01 3.431685e+01
      endloop
   endfacet
   facet normal 8.822273e-01 -3.349382e-01 -3.308949e-01
      outer loop
         vertex 3.872655e+01 4.882445e+01 3.536611e+01
         vertex 3.882499e+01 5.012034e+01 3.431685e+01
         vertex 3.997713e+01 5.123471e+01 3.626070e+01
      endloop
   endfacet
   facet normal 8.893136e-01 -2.256349e-01 -3.977564e-01
      outer loop
         vertex 3.997713e+01 5.123471e+01 3.626070e+01
         vertex 3.882499e+01 5.012034e+01 3.431685e+01
         vertex 3.997713e+01 5.272025e+01 3.541800e+01
      endloop
   endfacet
   facet normal 9.161977e-01 -1.977221e-01 -3.485509e-01
      outer loop
         vertex 3.997713e+01 5.123471e+01 3.626070e+01
         vertex 3.997713e+01 5.272025e+01 3.541800e+01
         vertex 4.112928e+01 5.388958e+01 3.778320e+01
      endloop
   endfacet
   facet normal 9.164353e-01 -1.774812e-01 -3.586736e-01
      outer loop
         vertex 4.112928e+01 5.388958e+01 3.778320e+01
         vertex 3.997713e+01 5.272025e+01 3.541800e+01
         vertex 3.997713e+01 5.583598e+01 3.387626e+01
      endloop
   endfacet
   facet normal 9.451239e-01 -7.758489e-02 -3.173664e-01
      outer loop
         vertex 4.112928e+01 5.388958e+01 3.778320e+01
         vertex 3.997713e+01 5.583598e+01 3.387626e+01
         vertex 4.112928e+01 5.704288e+01 3.701233e+01
      endloop
   endfacet
   facet normal 8.774816e-01 -3.616343e-01 -3.150343e-01
      outer loop
         vertex 3.803542e+01 4.915942e+01 3.322070e+01
         vertex 3.799256e+01 5.046939e+01 3.159757e+01
         vertex 3.882499e+01 5.012034e+01 3.431685e+01
      endloop
   endfacet
   facet normal 9.082294e-01 -2.770883e-01 -3.135943e-01
      outer loop
         vertex 3.882499e+01 5.012034e+01 3.431685e+01
         vertex 3.799256e+01 5.046939e+01 3.159757e+01
         vertex 3.882499e+01 5.155093e+01 3.305280e+01
      endloop
   endfacet
   facet normal 9.110980e-01 -2.729282e-01 -3.088861e-01
      outer loop
         vertex 3.882499e+01 5.012034e+01 3.431685e+01
         vertex 3.882499e+01 5.155093e+01 3.305280e+01
         vertex 3.997713e+01 5.272025e+01 3.541800e+01
      endloop
   endfacet
   facet normal 9.138708e-01 -2.438733e-01 -3.246011e-01
      outer loop
         vertex 3.997713e+01 5.272025e+01 3.541800e+01
         vertex 3.882499e+01 5.155093e+01 3.305280e+01
         vertex 3.882499e+01 5.462908e+01 3.074018e+01
      endloop
   endfacet
   facet normal 9.455175e-01 -1.443909e-01 -2.918011e-01
      outer loop
         vertex 3.997713e+01 5.272025e+01 3.541800e+01
         vertex 3.882499e+01 5.462908e+01 3.074018e+01
         vertex 3.997713e+01 5.583598e+01 3.387626e+01
      endloop
   endfacet
   facet normal 9.459233e-01 -1.223417e-01 -3.004357e-01
      outer loop
         vertex 3.997713e+01 5.583598e+01 3.387626e+01
         vertex 3.882499e+01 5.462908e+01 3.074018e+01
         vertex 3.997713e+01 5.912556e+01 3.253669e+01
      endloop
   endfacet
   facet normal 9.459233e-01 -1.223417e-01 -3.004357e-01
      outer loop
         vertex 3.997713e+01 5.583598e+01 3.387626e+01
         vertex 3.997713e+01 5.912556e+01 3.253669e+01
         vertex 4.112928e+01 5.704288e+01 3.701233e+01
      endloop
   endfacet
   facet normal 9.459233e-01 -1.223418e-01 -3.004357e-01
      outer loop
         vertex 4.112928e+01 5.704288e+01 3.701233e+01
         vertex 3.997713e+01 5.912556e+01 3.253669e+01
         vertex 4.228143e+01 5.824978e+01 4.014840e+01
      endloop
   endfacet
   facet normal 9.386581e-01 9.571487e-18 -3.448492e-01
      outer loop
         vertex 4.112928e+01 5.704288e+01 3.701233e+01
         vertex 4.228143e+01 5.824978e+01 4.014840e+01
         vertex 4.228143e+01 5.505890e+01 4.014840e+01
      endloop
   endfacet
   facet normal 9.775592e-01 5.847015e-18 -2.106609e-01
      outer loop
         vertex 4.228143e+01 7.739507e+01 4.014840e+01
         vertex 4.228143e+01 7.420419e+01 4.014840e+01
         vertex 3.997713e+01 7.357288e+01 2.945546e+01
      endloop
   endfacet
   facet normal 9.775592e-01 5.847015e-18 -2.106609e-01
      outer loop
         vertex 3.997713e+01 7.357288e+01 2.945546e+01
         vertex 4.228143e+01 7.420419e+01 4.014840e+01
         vertex 4.228143e+01 7.189507e+01 4.014840e+01
      endloop
   endfacet
   facet normal 9.765536e-01 -2.295935e-02 -2.140467e-01
      outer loop
         vertex 3.997713e+01 7.357288e+01 2.945546e+01
         vertex 4.228143e+01 7.189507e+01 4.014840e+01
         vertex 3.997713e+01 6.981360e+01 2.985870e+01
      endloop
   endfacet
   facet normal 9.758304e-01 6.065402e-18 -2.185292e-01
      outer loop
         vertex 3.997713e+01 6.981360e+01 2.985870e+01
         vertex 4.228143e+01 7.189507e+01 4.014840e+01
         vertex 4.228143e+01 7.101331e+01 4.014840e+01
      endloop
   endfacet
   facet normal 9.760584e-01 -3.822720e-02 -2.141232e-01
      outer loop
         vertex 3.997713e+01 6.981360e+01 2.985870e+01
         vertex 4.228143e+01 7.101331e+01 4.014840e+01
         vertex 3.997713e+01 6.613658e+01 3.051515e+01
      endloop
   endfacet
   facet normal 9.725631e-01 6.457034e-18 -2.326392e-01
      outer loop
         vertex 3.997713e+01 6.613658e+01 3.051515e+01
         vertex 4.228143e+01 7.101331e+01 4.014840e+01
         vertex 4.228143e+01 6.782243e+01 4.014840e+01
      endloop
   endfacet
   facet normal 9.732096e-01 -5.602753e-02 -2.229889e-01
      outer loop
         vertex 3.997713e+01 6.613658e+01 3.051515e+01
         vertex 4.228143e+01 6.782243e+01 4.014840e+01
         vertex 3.997713e+01 6.256686e+01 3.141207e+01
      endloop
   endfacet
   facet normal 9.669311e-01 7.078718e-18 -2.550377e-01
      outer loop
         vertex 3.997713e+01 6.256686e+01 3.141207e+01
         vertex 4.228143e+01 6.782243e+01 4.014840e+01
         vertex 4.228143e+01 6.463154e+01 4.014840e+01
      endloop
   endfacet
   facet normal 9.683878e-01 -7.748759e-02 -2.371090e-01
      outer loop
         vertex 3.997713e+01 6.256686e+01 3.141207e+01
         vertex 4.228143e+01 6.463154e+01 4.014840e+01
         vertex 3.997713e+01 5.912556e+01 3.253669e+01
      endloop
   endfacet
   facet normal 9.571041e-01 8.042020e-18 -2.897443e-01
      outer loop
         vertex 3.997713e+01 5.912556e+01 3.253669e+01
         vertex 4.228143e+01 6.463154e+01 4.014840e+01
         vertex 4.228143e+01 6.144066e+01 4.014840e+01
      endloop
   endfacet
   facet normal 9.571041e-01 8.042020e-18 -2.897443e-01
      outer loop
         vertex 3.997713e+01 5.912556e+01 3.253669e+01
         vertex 4.228143e+01 6.144066e+01 4.014840e+01
         vertex 4.228143e+01 6.089507e+01 4.014840e+01
      endloop
   endfacet
   facet normal 8.923362e-01 4.513380e-01 5.479447e-03
      outer loop
         vertex 4.011515e+01 1.070193e+02 5.296209e+01
         vertex 4.011515e+01 1.069803e+02 5.617511e+01
         vertex 4.119829e+01 1.049033e+02 5.086242e+01
      endloop
   endfacet
   facet normal 8.407992e-01 5.374673e-01 6.469621e-02
      outer loop
         vertex 4.113420e+01 1.047562e+02 6.280778e+01
         vertex 4.011515e+01 1.067637e+02 5.937387e+01
         vertex 3.978307e+01 1.069150e+02 6.243268e+01
      endloop
   endfacet
   facet normal 8.593693e-01 5.067830e-01 6.823017e-02
      outer loop
         vertex 3.978307e+01 1.069150e+02 6.243268e+01
         vertex 4.011515e+01 1.067637e+02 5.937387e+01
         vertex 3.802469e+01 1.103124e+02 5.934579e+01
      endloop
   endfacet
   facet normal 8.313449e-01 5.419884e-01 1.229395e-01
      outer loop
         vertex 3.978307e+01 1.069150e+02 6.243268e+01
         vertex 3.802469e+01 1.103124e+02 5.934579e+01
         vertex 3.804285e+01 1.096942e+02 6.194814e+01
      endloop
   endfacet
   facet normal 8.899080e-01 4.549937e-01 -3.231764e-02
      outer loop
         vertex 3.797811e+01 1.108550e+02 4.811772e+01
         vertex 3.798356e+01 1.110431e+02 5.091621e+01
         vertex 4.011515e+01 1.070193e+02 5.296209e+01
      endloop
   endfacet
   facet normal 8.833542e-01 4.687037e-01 1.475080e-03
      outer loop
         vertex 4.011515e+01 1.070193e+02 5.296209e+01
         vertex 3.798356e+01 1.110431e+02 5.091621e+01
         vertex 3.799339e+01 1.110157e+02 5.372256e+01
      endloop
   endfacet
   facet normal 8.836721e-01 4.680718e-01 5.682602e-03
      outer loop
         vertex 4.011515e+01 1.070193e+02 5.296209e+01
         vertex 3.799339e+01 1.110157e+02 5.372256e+01
         vertex 4.011515e+01 1.069803e+02 5.617511e+01
      endloop
   endfacet
   facet normal 8.749102e-01 4.828278e-01 3.754228e-02
      outer loop
         vertex 4.011515e+01 1.069803e+02 5.617511e+01
         vertex 3.799339e+01 1.110157e+02 5.372256e+01
         vertex 3.800726e+01 1.107715e+02 5.654067e+01
      endloop
   endfacet
   facet normal 8.748619e-01 4.832664e-01 3.271443e-02
      outer loop
         vertex 4.011515e+01 1.069803e+02 5.617511e+01
         vertex 3.800726e+01 1.107715e+02 5.654067e+01
         vertex 4.011515e+01 1.067637e+02 5.937387e+01
      endloop
   endfacet
   facet normal 8.612590e-01 5.031811e-01 7.100552e-02
      outer loop
         vertex 4.011515e+01 1.067637e+02 5.937387e+01
         vertex 3.800726e+01 1.107715e+02 5.654067e+01
         vertex 3.801889e+01 1.104811e+02 5.845691e+01
      endloop
   endfacet
   facet normal 8.577662e-01 5.060147e-01 9.047786e-02
      outer loop
         vertex 4.011515e+01 1.067637e+02 5.937387e+01
         vertex 3.801889e+01 1.104811e+02 5.845691e+01
         vertex 3.802469e+01 1.103124e+02 5.934579e+01
      endloop
   endfacet
   facet normal 8.882344e-01 4.563831e-01 -5.247890e-02
      outer loop
         vertex 4.011515e+01 1.068845e+02 4.975908e+01
         vertex 3.797763e+01 1.107943e+02 4.758198e+01
         vertex 3.797811e+01 1.108550e+02 4.811772e+01
      endloop
   endfacet
   facet normal 8.908981e-01 4.490421e-01 -6.827784e-02
      outer loop
         vertex 3.797763e+01 1.107943e+02 4.758198e+01
         vertex 4.011515e+01 1.068845e+02 4.975908e+01
         vertex 3.797772e+01 1.104507e+02 4.532353e+01
      endloop
   endfacet
   facet normal 8.797365e-01 4.734910e-01 -4.324205e-02
      outer loop
         vertex 3.797772e+01 1.104507e+02 4.532353e+01
         vertex 4.011515e+01 1.068845e+02 4.975908e+01
         vertex 4.011515e+01 1.065944e+02 4.658231e+01
      endloop
   endfacet
   facet normal 8.837502e-01 4.570687e-01 -1.003683e-01
      outer loop
         vertex 3.797772e+01 1.104507e+02 4.532353e+01
         vertex 4.011515e+01 1.065944e+02 4.658231e+01
         vertex 3.798264e+01 1.098362e+02 4.256830e+01
      endloop
   endfacet
   facet normal 8.696818e-01 4.890339e-01 -6.707827e-02
      outer loop
         vertex 3.798264e+01 1.098362e+02 4.256830e+01
         vertex 4.011515e+01 1.065944e+02 4.658231e+01
         vertex 4.011515e+01 1.061636e+02 4.344178e+01
      endloop
   endfacet
   facet normal 8.703677e-01 4.721213e-01 -1.398624e-01
      outer loop
         vertex 3.798264e+01 1.098362e+02 4.256830e+01
         vertex 4.011515e+01 1.061636e+02 4.344178e+01
         vertex 3.799205e+01 1.090232e+02 3.988271e+01
      endloop
   endfacet
   facet normal 8.074630e-01 5.346105e-01 -2.493895e-01
      outer loop
         vertex 3.802164e+01 1.067936e+02 3.470198e+01
         vertex 3.801994e+01 1.067950e+02 3.469959e+01
         vertex 3.800306e+01 1.080140e+02 3.725803e+01
      endloop
   endfacet
   facet normal 8.083730e-01 5.334865e-01 -2.488480e-01
      outer loop
         vertex 3.800306e+01 1.080140e+02 3.725803e+01
         vertex 3.801994e+01 1.067950e+02 3.469959e+01
         vertex 3.801842e+01 1.067964e+02 3.469762e+01
      endloop
   endfacet
   facet normal 8.108938e-01 5.303519e-01 -2.473422e-01
      outer loop
         vertex 3.800306e+01 1.080140e+02 3.725803e+01
         vertex 3.801842e+01 1.067964e+02 3.469762e+01
         vertex 3.801033e+01 1.068049e+02 3.468943e+01
      endloop
   endfacet
   facet normal 8.488385e-01 4.923247e-01 -1.925866e-01
      outer loop
         vertex 3.903201e+01 1.069264e+02 3.898915e+01
         vertex 4.011515e+01 1.055916e+02 4.035100e+01
         vertex 3.864967e+01 1.062691e+02 3.562362e+01
      endloop
   endfacet
   facet normal 7.595033e-01 6.342384e-01 -1.445559e-01
      outer loop
         vertex 3.864967e+01 1.062691e+02 3.562362e+01
         vertex 4.011515e+01 1.055916e+02 4.035100e+01
         vertex 3.966139e+01 1.054078e+02 3.716043e+01
      endloop
   endfacet
   facet normal 7.306161e-01 6.786480e-01 -7.507994e-02
      outer loop
         vertex 4.096742e+01 1.042351e+02 3.926968e+01
         vertex 3.966139e+01 1.054078e+02 3.716043e+01
         vertex 4.119829e+01 1.042569e+02 4.171284e+01
      endloop
   endfacet
   facet normal 8.368337e-01 5.266892e-01 -1.493579e-01
      outer loop
         vertex 4.119829e+01 1.042569e+02 4.171284e+01
         vertex 3.966139e+01 1.054078e+02 3.716043e+01
         vertex 4.011515e+01 1.055916e+02 4.035100e+01
      endloop
   endfacet
   facet normal 8.024228e-01 5.941332e-01 -5.588644e-02
      outer loop
         vertex 4.119829e+01 1.042569e+02 4.171284e+01
         vertex 4.011515e+01 1.055916e+02 4.035100e+01
         vertex 4.119829e+01 1.045429e+02 4.475305e+01
      endloop
   endfacet
   facet normal 8.409805e-01 5.372082e-01 6.449095e-02
      outer loop
         vertex 4.113420e+01 1.047562e+02 6.280778e+01
         vertex 4.228143e+01 1.029221e+02 6.312549e+01
         vertex 4.011515e+01 1.067637e+02 5.937387e+01
      endloop
   endfacet
   facet normal 8.710544e-01 4.911865e-01 1.363316e-17
      outer loop
         vertex 4.011515e+01 1.067637e+02 5.937387e+01
         vertex 4.228143e+01 1.029221e+02 6.312549e+01
         vertex 4.228143e+01 1.029221e+02 5.755110e+01
      endloop
   endfacet
   facet normal 8.771031e-01 4.792054e-01 3.243952e-02
      outer loop
         vertex 4.011515e+01 1.067637e+02 5.937387e+01
         vertex 4.228143e+01 1.029221e+02 5.755110e+01
         vertex 4.011515e+01 1.069803e+02 5.617511e+01
      endloop
   endfacet
   facet normal 8.821784e-01 4.709154e-01 1.307053e-17
      outer loop
         vertex 4.011515e+01 1.069803e+02 5.617511e+01
         vertex 4.228143e+01 1.029221e+02 5.755110e+01
         vertex 4.228143e+01 1.029221e+02 5.594840e+01
      endloop
   endfacet
   facet normal 8.820693e-01 4.710996e-01 -4.339413e-03
      outer loop
         vertex 4.011515e+01 1.069803e+02 5.617511e+01
         vertex 4.228143e+01 1.029221e+02 5.594840e+01
         vertex 4.119829e+01 1.049033e+02 5.086242e+01
      endloop
   endfacet
   facet normal 8.837563e-01 4.675337e-01 -1.967493e-02
      outer loop
         vertex 3.797811e+01 1.108550e+02 4.811772e+01
         vertex 4.011515e+01 1.070193e+02 5.296209e+01
         vertex 4.011515e+01 1.068845e+02 4.975908e+01
      endloop
   endfacet
   facet normal 8.818642e-01 4.710865e-01 -1.982443e-02
      outer loop
         vertex 4.011515e+01 1.068845e+02 4.975908e+01
         vertex 4.011515e+01 1.070193e+02 5.296209e+01
         vertex 4.119829e+01 1.049033e+02 5.086242e+01
      endloop
   endfacet
   facet normal 8.863379e-01 4.611200e-01 -4.211225e-02
      outer loop
         vertex 4.011515e+01 1.068845e+02 4.975908e+01
         vertex 4.119829e+01 1.049033e+02 5.086242e+01
         vertex 4.011515e+01 1.065944e+02 4.658231e+01
      endloop
   endfacet
   facet normal 8.731532e-01 4.865998e-01 -2.870868e-02
      outer loop
         vertex 4.011515e+01 1.065944e+02 4.658231e+01
         vertex 4.119829e+01 1.049033e+02 5.086242e+01
         vertex 4.119829e+01 1.045429e+02 4.475305e+01
      endloop
   endfacet
   facet normal 8.547743e-01 5.141854e-01 -7.052817e-02
      outer loop
         vertex 4.011515e+01 1.065944e+02 4.658231e+01
         vertex 4.119829e+01 1.045429e+02 4.475305e+01
         vertex 4.011515e+01 1.061636e+02 4.344178e+01
      endloop
   endfacet
   facet normal 8.608379e-01 5.003840e-01 -9.259538e-02
      outer loop
         vertex 4.011515e+01 1.061636e+02 4.344178e+01
         vertex 4.119829e+01 1.045429e+02 4.475305e+01
         vertex 4.011515e+01 1.055916e+02 4.035100e+01
      endloop
   endfacet
   facet normal 8.522986e-01 5.143236e-01 -9.517488e-02
      outer loop
         vertex 4.011515e+01 1.061636e+02 4.344178e+01
         vertex 4.011515e+01 1.055916e+02 4.035100e+01
         vertex 3.799205e+01 1.090232e+02 3.988271e+01
      endloop
   endfacet
   facet normal 8.468449e-01 4.987293e-01 -1.847238e-01
      outer loop
         vertex 3.799205e+01 1.090232e+02 3.988271e+01
         vertex 4.011515e+01 1.055916e+02 4.035100e+01
         vertex 3.903201e+01 1.069264e+02 3.898915e+01
      endloop
   endfacet
   facet normal 8.454330e-01 4.996767e-01 -1.885901e-01
      outer loop
         vertex 3.799205e+01 1.090232e+02 3.988271e+01
         vertex 3.903201e+01 1.069264e+02 3.898915e+01
         vertex 3.800306e+01 1.080140e+02 3.725803e+01
      endloop
   endfacet
   facet normal 8.473920e-01 4.946940e-01 -1.928850e-01
      outer loop
         vertex 3.800306e+01 1.080140e+02 3.725803e+01
         vertex 3.903201e+01 1.069264e+02 3.898915e+01
         vertex 3.864967e+01 1.062691e+02 3.562362e+01
      endloop
   endfacet
   facet normal 8.091693e-01 5.325012e-01 -2.483700e-01
      outer loop
         vertex 3.800306e+01 1.080140e+02 3.725803e+01
         vertex 3.864967e+01 1.062691e+02 3.562362e+01
         vertex 3.802164e+01 1.067936e+02 3.470198e+01
      endloop
   endfacet
   facet normal 7.068407e-01 7.073727e-01 1.963354e-17
      outer loop
         vertex 4.228143e+01 1.029221e+02 4.157951e+01
         vertex 4.096742e+01 1.042351e+02 3.926968e+01
         vertex 4.228143e+01 1.029221e+02 4.247340e+01
      endloop
   endfacet
   facet normal 7.959398e-01 5.999926e-01 -8.055268e-02
      outer loop
         vertex 4.228143e+01 1.029221e+02 4.247340e+01
         vertex 4.096742e+01 1.042351e+02 3.926968e+01
         vertex 4.119829e+01 1.042569e+02 4.171284e+01
      endloop
   endfacet
   facet normal 7.764998e-01 6.301175e-01 1.748927e-17
      outer loop
         vertex 4.228143e+01 1.029221e+02 4.247340e+01
         vertex 4.119829e+01 1.042569e+02 4.171284e+01
         vertex 4.228143e+01 1.029221e+02 4.734840e+01
      endloop
   endfacet
   facet normal 8.637624e-01 5.016848e-01 -4.719039e-02
      outer loop
         vertex 4.228143e+01 1.029221e+02 4.734840e+01
         vertex 4.119829e+01 1.042569e+02 4.171284e+01
         vertex 4.119829e+01 1.045429e+02 4.475305e+01
      endloop
   endfacet
   facet normal 8.314228e-01 5.556403e-01 1.542212e-17
      outer loop
         vertex 4.228143e+01 1.029221e+02 4.734840e+01
         vertex 4.119829e+01 1.045429e+02 4.475305e+01
         vertex 4.228143e+01 1.029221e+02 5.164840e+01
      endloop
   endfacet
   facet normal 8.816910e-01 4.710082e-01 -2.778880e-02
      outer loop
         vertex 4.228143e+01 1.029221e+02 5.164840e+01
         vertex 4.119829e+01 1.045429e+02 4.475305e+01
         vertex 4.119829e+01 1.049033e+02 5.086242e+01
      endloop
   endfacet
   facet normal 8.774307e-01 4.797035e-01 1.331445e-17
      outer loop
         vertex 4.228143e+01 1.029221e+02 5.164840e+01
         vertex 4.119829e+01 1.049033e+02 5.086242e+01
         vertex 4.228143e+01 1.029221e+02 5.196577e+01
      endloop
   endfacet
   facet normal 8.774307e-01 4.797035e-01 1.331445e-17
      outer loop
         vertex 4.228143e+01 1.029221e+02 5.196577e+01
         vertex 4.119829e+01 1.049033e+02 5.086242e+01
         vertex 4.228143e+01 1.029221e+02 5.594840e+01
      endloop
   endfacet
   facet normal -1.000000e+00 0.000000e+00 0.000000e+00
      outer loop
         vertex 3.728143e+01 5.539507e+01 4.479840e+01
         vertex 3.728143e+01 5.539507e+01 4.304840e+01
         vertex 3.728143e+01 5.477007e+01 4.496587e+01
      endloop
   endfacet
   facet normal -1.000000e+00 0.000000e+00 0.000000e+00
      outer loop
         vertex 3.728143e+01 5.477007e+01 4.496587e+01
         vertex 3.728143e+01 5.539507e+01 4.304840e+01
         vertex 3.728143e+01 5.389507e+01 4.345033e+01
      endloop
   endfacet
   facet normal -1.000000e+00 0.000000e+00 0.000000e+00
      outer loop
         vertex 3.728143e+01 5.477007e+01 4.496587e+01
         vertex 3.728143e+01 5.389507e+01 4.345033e+01
         vertex 3.728143e+01 5.431254e+01 4.542340e+01
      endloop
   endfacet
   facet normal -1.000000e+00 0.000000e+00 0.000000e+00
      outer loop
         vertex 3.728143e+01 5.431254e+01 4.542340e+01
         vertex 3.728143e+01 5.389507e+01 4.345033e+01
         vertex 3.728143e+01 5.279699e+01 4.454840e+01
      endloop
   endfacet
   facet normal -1.000000e+00 0.000000e+00 0.000000e+00
      outer loop
         vertex 3.728143e+01 5.431254e+01 4.542340e+01
         vertex 3.728143e+01 5.279699e+01 4.454840e+01
         vertex 3.728143e+01 5.414507e+01 4.604840e+01
      endloop
   endfacet
   facet normal -1.000000e+00 0.000000e+00 0.000000e+00
      outer loop
         vertex 3.728143e+01 5.414507e+01 4.604840e+01
         vertex 3.728143e+01 5.279699e+01 4.454840e+01
         vertex 3.728143e+01 5.239507e+01 4.604840e+01
      endloop
   endfacet
   facet normal -1.000000e+00 0.000000e+00 0.000000e+00
      outer loop
         vertex 3.728143e+01 5.414507e+01 4.604840e+01
         vertex 3.728143e+01 5.239507e+01 4.604840e+01
         vertex 3.728143e+01 5.431254e+01 4.667340e+01
      endloop
   endfacet
   facet normal -1.000000e+00 0.000000e+00 0.000000e+00
      outer loop
         vertex 3.728143e+01 5.431254e+01 4.667340e+01
         vertex 3.728143e+01 5.239507e+01 4.604840e+01
         vertex 3.728143e+01 5.279699e+01 4.754840e+01
      endloop
   endfacet
   facet normal -1.000000e+00 0.000000e+00 0.000000e+00
      outer loop
         vertex 3.728143e+01 5.431254e+01 4.667340e+01
         vertex 3.728143e+01 5.279699e+01 4.754840e+01
         vertex 3.728143e+01 5.477007e+01 4.713094e+01
      endloop
   endfacet
   facet normal -1.000000e+00 0.000000e+00 0.000000e+00
      outer loop
         vertex 3.728143e+01 5.477007e+01 4.713094e+01
         vertex 3.728143e+01 5.279699e+01 4.754840e+01
         vertex 3.728143e+01 5.389507e+01 4.864648e+01
      endloop
   endfacet
   facet normal -1.000000e+00 0.000000e+00 0.000000e+00
      outer loop
         vertex 3.728143e+01 5.477007e+01 4.713094e+01
         vertex 3.728143e+01 5.389507e+01 4.864648e+01
         vertex 3.728143e+01 5.539507e+01 4.729840e+01
      endloop
   endfacet
   facet normal -1.000000e+00 0.000000e+00 0.000000e+00
      outer loop
         vertex 3.728143e+01 5.539507e+01 4.729840e+01
         vertex 3.728143e+01 5.389507e+01 4.864648e+01
         vertex 3.728143e+01 5.539507e+01 4.904840e+01
      endloop
   endfacet
   facet normal -1.000000e+00 0.000000e+00 0.000000e+00
      outer loop
         vertex 3.728143e+01 5.539507e+01 4.729840e+01
         vertex 3.728143e+01 5.539507e+01 4.904840e+01
         vertex 3.728143e+01 5.602007e+01 4.713094e+01
      endloop
   endfacet
   facet normal -1.000000e+00 0.000000e+00 0.000000e+00
      outer loop
         vertex 3.728143e+01 5.602007e+01 4.713094e+01
         vertex 3.728143e+01 5.539507e+01 4.904840e+01
         vertex 3.728143e+01 5.689507e+01 4.864648e+01
      endloop
   endfacet
   facet normal -1.000000e+00 0.000000e+00 0.000000e+00
      outer loop
         vertex 3.728143e+01 5.602007e+01 4.713094e+01
         vertex 3.728143e+01 5.689507e+01 4.864648e+01
         vertex 3.728143e+01 5.647760e+01 4.667340e+01
      endloop
   endfacet
   facet normal -1.000000e+00 0.000000e+00 0.000000e+00
      outer loop
         vertex 3.728143e+01 5.647760e+01 4.667340e+01
         vertex 3.728143e+01 5.689507e+01 4.864648e+01
         vertex 3.728143e+01 5.799315e+01 4.754840e+01
      endloop
   endfacet
   facet normal -1.000000e+00 0.000000e+00 0.000000e+00
      outer loop
         vertex 3.728143e+01 5.647760e+01 4.667340e+01
         vertex 3.728143e+01 5.799315e+01 4.754840e+01
         vertex 3.728143e+01 5.664507e+01 4.604840e+01
      endloop
   endfacet
   facet normal -1.000000e+00 0.000000e+00 0.000000e+00
      outer loop
         vertex 3.728143e+01 5.664507e+01 4.604840e+01
         vertex 3.728143e+01 5.799315e+01 4.754840e+01
         vertex 3.728143e+01 5.839507e+01 4.604840e+01
      endloop
   endfacet
   facet normal -1.000000e+00 0.000000e+00 0.000000e+00
      outer loop
         vertex 3.728143e+01 5.664507e+01 4.604840e+01
         vertex 3.728143e+01 5.839507e+01 4.604840e+01
         vertex 3.728143e+01 5.647760e+01 4.542340e+01
      endloop
   endfacet
   facet normal -1.000000e+00 0.000000e+00 0.000000e+00
      outer loop
         vertex 3.728143e+01 5.647760e+01 4.542340e+01
         vertex 3.728143e+01 5.839507e+01 4.604840e+01
         vertex 3.728143e+01 5.799315e+01 4.454840e+01
      endloop
   endfacet
   facet normal -1.000000e+00 0.000000e+00 0.000000e+00
      outer loop
         vertex 3.728143e+01 5.647760e+01 4.542340e+01
         vertex 3.728143e+01 5.799315e+01 4.454840e+01
         vertex 3.728143e+01 5.602007e+01 4.496587e+01
      endloop
   endfacet
   facet normal -1.000000e+00 0.000000e+00 0.000000e+00
      outer loop
         vertex 3.728143e+01 5.602007e+01 4.496587e+01
         vertex 3.728143e+01 5.799315e+01 4.454840e+01
         vertex 3.728143e+01 5.689507e+01 4.345033e+01
      endloop
   endfacet
   facet normal -1.000000e+00 0.000000e+00 0.000000e+00
      outer loop
         vertex 3.728143e+01 5.602007e+01 4.496587e+01
         vertex 3.728143e+01 5.689507e+01 4.345033e+01
         vertex 3.728143e+01 5.539507e+01 4.479840e+01
      endloop
   endfacet
   facet normal -1.000000e+00 0.000000e+00 0.000000e+00
      outer loop
         vertex 3.728143e+01 5.539507e+01 4.479840e+01
         vertex 3.728143e+01 5.689507e+01 4.345033e+01
         vertex 3.728143e+01 5.539507e+01 4.304840e+01
      endloop
   endfacet
   facet normal -0.000000e+00 -2.588191e-01 -9.659258e-01
      outer loop
         vertex 3.728143e+01 5.539507e+01 4.904840e+01
         vertex 3.528143e+01 5.539507e+01 4.904840e+01
         vertex 3.728143e+01 5.689507e+01 4.864648e+01
      endloop
   endfacet
   facet normal -0.000000e+00 -2.588191e-01 -9.659258e-01
      outer loop
         vertex 3.728143e+01 5.689507e+01 4.864648e+01
         vertex 3.528143e+01 5.539507e+01 4.904840e+01
         vertex 3.528143e+01 5.689507e+01 4.864648e+01
      endloop
   endfacet
   facet normal -0.000000e+00 -7.071069e-01 -7.071066e-01
      outer loop
         vertex 3.728143e+01 5.689507e+01 4.864648e+01
         vertex 3.528143e+01 5.689507e+01 4.864648e+01
         vertex 3.728143e+01 5.799315e+01 4.754840e+01
      endloop
   endfacet
   facet normal -0.000000e+00 -7.071069e-01 -7.071066e-01
      outer loop
         vertex 3.728143e+01 5.799315e+01 4.754840e+01
         vertex 3.528143e+01 5.689507e+01 4.864648e+01
         vertex 3.528143e+01 5.799315e+01 4.754840e+01
      endloop
   endfacet
   facet normal -0.000000e+00 -9.659256e-01 -2.588200e-01
      outer loop
         vertex 3.728143e+01 5.799315e+01 4.754840e+01
         vertex 3.528143e+01 5.799315e+01 4.754840e+01
         vertex 3.728143e+01 5.839507e+01 4.604840e+01
      endloop
   endfacet
   facet normal -0.000000e+00 -9.659256e-01 -2.588200e-01
      outer loop
         vertex 3.728143e+01 5.839507e+01 4.604840e+01
         vertex 3.528143e+01 5.799315e+01 4.754840e+01
         vertex 3.528143e+01 5.839507e+01 4.604840e+01
      endloop
   endfacet
   facet normal 0.000000e+00 -9.659256e-01 2.588199e-01
      outer loop
         vertex 3.728143e+01 5.839507e+01 4.604840e+01
         vertex 3.528143e+01 5.839507e+01 4.604840e+01
         vertex 3.728143e+01 5.799315e+01 4.454840e+01
      endloop
   endfacet
   facet normal 0.000000e+00 -9.659256e-01 2.588199e-01
      outer loop
         vertex 3.728143e+01 5.799315e+01 4.454840e+01
         vertex 3.528143e+01 5.839507e+01 4.604840e+01
         vertex 3.528143e+01 5.799315e+01 4.454840e+01
      endloop
   endfacet
   facet normal 0.000000e+00 -7.071068e-01 7.071068e-01
      outer loop
         vertex 3.728143e+01 5.799315e+01 4.454840e+01
         vertex 3.528143e+01 5.799315e+01 4.454840e+01
         vertex 3.728143e+01 5.689507e+01 4.345033e+01
      endloop
   endfacet
   facet normal 0.000000e+00 -7.071068e-01 7.071068e-01
      outer loop
         vertex 3.728143e+01 5.689507e+01 4.345033e+01
         vertex 3.528143e+01 5.799315e+01 4.454840e+01
         vertex 3.528143e+01 5.689507e+01 4.345033e+01
      endloop
   endfacet
   facet normal 0.000000e+00 -2.588195e-01 9.659257e-01
      outer loop
         vertex 3.728143e+01 5.689507e+01 4.345033e+01
         vertex 3.528143e+01 5.689507e+01 4.345033e+01
         vertex 3.728143e+01 5.539507e+01 4.304840e+01
      endloop
   endfacet
   facet normal 0.000000e+00 -2.588195e-01 9.659257e-01
      outer loop
         vertex 3.728143e+01 5.539507e+01 4.304840e+01
         vertex 3.528143e+01 5.689507e+01 4.345033e+01
         vertex 3.528143e+01 5.539507e+01 4.304840e+01
      endloop
   endfacet
   facet normal 0.000000e+00 2.588195e-01 9.659257e-01
      outer loop
         vertex 3.728143e+01 5.539507e+01 4.304840e+01
         vertex 3.528143e+01 5.539507e+01 4.304840e+01
         vertex 3.728143e+01 5.389507e+01 4.345033e+01
      endloop
   endfacet
   facet normal 0.000000e+00 2.588195e-01 9.659257e-01
      outer loop
         vertex 3.728143e+01 5.389507e+01 4.345033e+01
         vertex 3.528143e+01 5.539507e+01 4.304840e+01
         vertex 3.528143e+01 5.389507e+01 4.345033e+01
      endloop
   endfacet
   facet normal 0.000000e+00 7.071062e-01 7.071074e-01
      outer loop
         vertex 3.728143e+01 5.389507e+01 4.345033e+01
         vertex 3.528143e+01 5.389507e+01 4.345033e+01
         vertex 3.728143e+01 5.279699e+01 4.454840e+01
      endloop
   endfacet
   facet normal 0.000000e+00 7.071062e-01 7.071074e-01
      outer loop
         vertex 3.728143e+01 5.279699e+01 4.454840e+01
         vertex 3.528143e+01 5.389507e+01 4.345033e+01
         vertex 3.528143e+01 5.279699e+01 4.454840e+01
      endloop
   endfacet
   facet normal 0.000000e+00 9.659259e-01 2.588188e-01
      outer loop
         vertex 3.728143e+01 5.279699e+01 4.454840e+01
         vertex 3.528143e+01 5.279699e+01 4.454840e+01
         vertex 3.728143e+01 5.239507e+01 4.604840e+01
      endloop
   endfacet
   facet normal 0.000000e+00 9.659259e-01 2.588188e-01
      outer loop
         vertex 3.728143e+01 5.239507e+01 4.604840e+01
         vertex 3.528143e+01 5.279699e+01 4.454840e+01
         vertex 3.528143e+01 5.239507e+01 4.604840e+01
      endloop
   endfacet
   facet normal 0.000000e+00 9.659259e-01 -2.588189e-01
      outer loop
         vertex 3.728143e+01 5.239507e+01 4.604840e+01
         vertex 3.528143e+01 5.239507e+01 4.604840e+01
         vertex 3.728143e+01 5.279699e+01 4.754840e+01
      endloop
   endfacet
   facet normal 0.000000e+00 9.659259e-01 -2.588189e-01
      outer loop
         vertex 3.728143e+01 5.279699e+01 4.754840e+01
         vertex 3.528143e+01 5.239507e+01 4.604840e+01
         vertex 3.528143e+01 5.279699e+01 4.754840e+01
      endloop
   endfacet
   facet normal 0.000000e+00 7.071063e-01 -7.071072e-01
      outer loop
         vertex 3.728143e+01 5.279699e+01 4.754840e+01
         vertex 3.528143e+01 5.279699e+01 4.754840e+01
         vertex 3.728143e+01 5.389507e+01 4.864648e+01
      endloop
   endfacet
   facet normal 0.000000e+00 7.071063e-01 -7.071072e-01
      outer loop
         vertex 3.728143e+01 5.389507e+01 4.864648e+01
         vertex 3.528143e+01 5.279699e+01 4.754840e+01
         vertex 3.528143e+01 5.389507e+01 4.864648e+01
      endloop
   endfacet
   facet normal 0.000000e+00 2.588191e-01 -9.659258e-01
      outer loop
         vertex 3.728143e+01 5.389507e+01 4.864648e+01
         vertex 3.528143e+01 5.389507e+01 4.864648e+01
         vertex 3.728143e+01 5.539507e+01 4.904840e+01
      endloop
   endfacet
   facet normal 0.000000e+00 2.588191e-01 -9.659258e-01
      outer loop
         vertex 3.728143e+01 5.539507e+01 4.904840e+01
         vertex 3.528143e+01 5.389507e+01 4.864648e+01
         vertex 3.528143e+01 5.539507e+01 4.904840e+01
      endloop
   endfacet
   facet normal -1.000000e+00 0.000000e+00 0.000000e+00
      outer loop
         vertex 3.728143e+01 6.764507e+01 5.464840e+01
         vertex 3.728143e+01 6.939507e+01 5.459840e+01
         vertex 3.728143e+01 6.747760e+01 5.402340e+01
      endloop
   endfacet
   facet normal -1.000000e+00 0.000000e+00 0.000000e+00
      outer loop
         vertex 3.728143e+01 6.747760e+01 5.402340e+01
         vertex 3.728143e+01 6.939507e+01 5.459840e+01
         vertex 3.728143e+01 6.899315e+01 5.309840e+01
      endloop
   endfacet
   facet normal -1.000000e+00 0.000000e+00 0.000000e+00
      outer loop
         vertex 3.728143e+01 6.747760e+01 5.402340e+01
         vertex 3.728143e+01 6.899315e+01 5.309840e+01
         vertex 3.728143e+01 6.702007e+01 5.356587e+01
      endloop
   endfacet
   facet normal -1.000000e+00 0.000000e+00 0.000000e+00
      outer loop
         vertex 3.728143e+01 6.702007e+01 5.356587e+01
         vertex 3.728143e+01 6.899315e+01 5.309840e+01
         vertex 3.728143e+01 6.789507e+01 5.200033e+01
      endloop
   endfacet
   facet normal -1.000000e+00 0.000000e+00 0.000000e+00
      outer loop
         vertex 3.728143e+01 6.702007e+01 5.356587e+01
         vertex 3.728143e+01 6.789507e+01 5.200033e+01
         vertex 3.728143e+01 6.639507e+01 5.339840e+01
      endloop
   endfacet
   facet normal -1.000000e+00 0.000000e+00 0.000000e+00
      outer loop
         vertex 3.728143e+01 6.639507e+01 5.339840e+01
         vertex 3.728143e+01 6.789507e+01 5.200033e+01
         vertex 3.728143e+01 6.639507e+01 5.159840e+01
      endloop
   endfacet
   facet normal -1.000000e+00 0.000000e+00 0.000000e+00
      outer loop
         vertex 3.728143e+01 6.639507e+01 5.339840e+01
         vertex 3.728143e+01 6.639507e+01 5.159840e+01
         vertex 3.728143e+01 6.577007e+01 5.356587e+01
      endloop
   endfacet
   facet normal -1.000000e+00 0.000000e+00 0.000000e+00
      outer loop
         vertex 3.728143e+01 6.577007e+01 5.356587e+01
         vertex 3.728143e+01 6.639507e+01 5.159840e+01
         vertex 3.728143e+01 6.489507e+01 5.200033e+01
      endloop
   endfacet
   facet normal -1.000000e+00 0.000000e+00 0.000000e+00
      outer loop
         vertex 3.728143e+01 6.577007e+01 5.356587e+01
         vertex 3.728143e+01 6.489507e+01 5.200033e+01
         vertex 3.728143e+01 6.531254e+01 5.402340e+01
      endloop
   endfacet
   facet normal -1.000000e+00 0.000000e+00 0.000000e+00
      outer loop
         vertex 3.728143e+01 6.531254e+01 5.402340e+01
         vertex 3.728143e+01 6.489507e+01 5.200033e+01
         vertex 3.728143e+01 6.379699e+01 5.309840e+01
      endloop
   endfacet
   facet normal -1.000000e+00 0.000000e+00 0.000000e+00
      outer loop
         vertex 3.728143e+01 6.531254e+01 5.402340e+01
         vertex 3.728143e+01 6.379699e+01 5.309840e+01
         vertex 3.728143e+01 6.514507e+01 5.464840e+01
      endloop
   endfacet
   facet normal -1.000000e+00 0.000000e+00 0.000000e+00
      outer loop
         vertex 3.728143e+01 6.514507e+01 5.464840e+01
         vertex 3.728143e+01 6.379699e+01 5.309840e+01
         vertex 3.728143e+01 6.339507e+01 5.459840e+01
      endloop
   endfacet
   facet normal -1.000000e+00 0.000000e+00 0.000000e+00
      outer loop
         vertex 3.728143e+01 6.514507e+01 5.464840e+01
         vertex 3.728143e+01 6.339507e+01 5.459840e+01
         vertex 3.728143e+01 6.531254e+01 5.527340e+01
      endloop
   endfacet
   facet normal -1.000000e+00 0.000000e+00 0.000000e+00
      outer loop
         vertex 3.728143e+01 6.531254e+01 5.527340e+01
         vertex 3.728143e+01 6.339507e+01 5.459840e+01
         vertex 3.728143e+01 6.379699e+01 5.609840e+01
      endloop
   endfacet
   facet normal -1.000000e+00 0.000000e+00 0.000000e+00
      outer loop
         vertex 3.728143e+01 6.531254e+01 5.527340e+01
         vertex 3.728143e+01 6.379699e+01 5.609840e+01
         vertex 3.728143e+01 6.577007e+01 5.573094e+01
      endloop
   endfacet
   facet normal -1.000000e+00 0.000000e+00 0.000000e+00
      outer loop
         vertex 3.728143e+01 6.577007e+01 5.573094e+01
         vertex 3.728143e+01 6.379699e+01 5.609840e+01
         vertex 3.728143e+01 6.489507e+01 5.719648e+01
      endloop
   endfacet
   facet normal -1.000000e+00 0.000000e+00 0.000000e+00
      outer loop
         vertex 3.728143e+01 6.577007e+01 5.573094e+01
         vertex 3.728143e+01 6.489507e+01 5.719648e+01
         vertex 3.728143e+01 6.639507e+01 5.589840e+01
      endloop
   endfacet
   facet normal -1.000000e+00 0.000000e+00 0.000000e+00
      outer loop
         vertex 3.728143e+01 6.639507e+01 5.589840e+01
         vertex 3.728143e+01 6.489507e+01 5.719648e+01
         vertex 3.728143e+01 6.639507e+01 5.759840e+01
      endloop
   endfacet
   facet normal -1.000000e+00 0.000000e+00 0.000000e+00
      outer loop
         vertex 3.728143e+01 6.639507e+01 5.589840e+01
         vertex 3.728143e+01 6.639507e+01 5.759840e+01
         vertex 3.728143e+01 6.702007e+01 5.573094e+01
      endloop
   endfacet
   facet normal -1.000000e+00 0.000000e+00 0.000000e+00
      outer loop
         vertex 3.728143e+01 6.702007e+01 5.573094e+01
         vertex 3.728143e+01 6.639507e+01 5.759840e+01
         vertex 3.728143e+01 6.789507e+01 5.719648e+01
      endloop
   endfacet
   facet normal -1.000000e+00 0.000000e+00 0.000000e+00
      outer loop
         vertex 3.728143e+01 6.702007e+01 5.573094e+01
         vertex 3.728143e+01 6.789507e+01 5.719648e+01
         vertex 3.728143e+01 6.747760e+01 5.527340e+01
      endloop
   endfacet
   facet normal -1.000000e+00 0.000000e+00 0.000000e+00
      outer loop
         vertex 3.728143e+01 6.747760e+01 5.527340e+01
         vertex 3.728143e+01 6.789507e+01 5.719648e+01
         vertex 3.728143e+01 6.899315e+01 5.609840e+01
      endloop
   endfacet
   facet normal -1.000000e+00 0.000000e+00 0.000000e+00
      outer loop
         vertex 3.728143e+01 6.747760e+01 5.527340e+01
         vertex 3.728143e+01 6.899315e+01 5.609840e+01
         vertex 3.728143e+01 6.764507e+01 5.464840e+01
      endloop
   endfacet
   facet normal -1.000000e+00 0.000000e+00 0.000000e+00
      outer loop
         vertex 3.728143e+01 6.764507e+01 5.464840e+01
         vertex 3.728143e+01 6.899315e+01 5.609840e+01
         vertex 3.728143e+01 6.939507e+01 5.459840e+01
      endloop
   endfacet
   facet normal -0.000000e+00 -2.588191e-01 -9.659258e-01
      outer loop
         vertex 3.728143e+01 6.639507e+01 5.759840e+01
         vertex 3.528143e+01 6.639507e+01 5.759840e+01
         vertex 3.728143e+01 6.789507e+01 5.719648e+01
      endloop
   endfacet
   facet normal -0.000000e+00 -2.588191e-01 -9.659258e-01
      outer loop
         vertex 3.728143e+01 6.789507e+01 5.719648e+01
         vertex 3.528143e+01 6.639507e+01 5.759840e+01
         vertex 3.528143e+01 6.789507e+01 5.719648e+01
      endloop
   endfacet
   facet normal -0.000000e+00 -7.071069e-01 -7.071066e-01
      outer loop
         vertex 3.728143e+01 6.789507e+01 5.719648e+01
         vertex 3.528143e+01 6.789507e+01 5.719648e+01
         vertex 3.728143e+01 6.899315e+01 5.609840e+01
      endloop
   endfacet
   facet normal -0.000000e+00 -7.071069e-01 -7.071066e-01
      outer loop
         vertex 3.728143e+01 6.899315e+01 5.609840e+01
         vertex 3.528143e+01 6.789507e+01 5.719648e+01
         vertex 3.528143e+01 6.899315e+01 5.609840e+01
      endloop
   endfacet
   facet normal -0.000000e+00 -9.659259e-01 -2.588189e-01
      outer loop
         vertex 3.728143e+01 6.899315e+01 5.609840e+01
         vertex 3.528143e+01 6.899315e+01 5.609840e+01
         vertex 3.728143e+01 6.939507e+01 5.459840e+01
      endloop
   endfacet
   facet normal -0.000000e+00 -9.659259e-01 -2.588189e-01
      outer loop
         vertex 3.728143e+01 6.939507e+01 5.459840e+01
         vertex 3.528143e+01 6.899315e+01 5.609840e+01
         vertex 3.528143e+01 6.939507e+01 5.459840e+01
      endloop
   endfacet
   facet normal 0.000000e+00 -9.659259e-01 2.588188e-01
      outer loop
         vertex 3.728143e+01 6.939507e+01 5.459840e+01
         vertex 3.528143e+01 6.939507e+01 5.459840e+01
         vertex 3.728143e+01 6.899315e+01 5.309840e+01
      endloop
   endfacet
   facet normal 0.000000e+00 -9.659259e-01 2.588188e-01
      outer loop
         vertex 3.728143e+01 6.899315e+01 5.309840e+01
         vertex 3.528143e+01 6.939507e+01 5.459840e+01
         vertex 3.528143e+01 6.899315e+01 5.309840e+01
      endloop
   endfacet
   facet normal 0.000000e+00 -7.071069e-01 7.071067e-01
      outer loop
         vertex 3.728143e+01 6.899315e+01 5.309840e+01
         vertex 3.528143e+01 6.899315e+01 5.309840e+01
         vertex 3.728143e+01 6.789507e+01 5.200033e+01
      endloop
   endfacet
   facet normal 0.000000e+00 -7.071069e-01 7.071067e-01
      outer loop
         vertex 3.728143e+01 6.789507e+01 5.200033e+01
         vertex 3.528143e+01 6.899315e+01 5.309840e+01
         vertex 3.528143e+01 6.789507e+01 5.200033e+01
      endloop
   endfacet
   facet normal 0.000000e+00 -2.588190e-01 9.659258e-01
      outer loop
         vertex 3.728143e+01 6.789507e+01 5.200033e+01
         vertex 3.528143e+01 6.789507e+01 5.200033e+01
         vertex 3.728143e+01 6.639507e+01 5.159840e+01
      endloop
   endfacet
   facet normal 0.000000e+00 -2.588190e-01 9.659258e-01
      outer loop
         vertex 3.728143e+01 6.639507e+01 5.159840e+01
         vertex 3.528143e+01 6.789507e+01 5.200033e+01
         vertex 3.528143e+01 6.639507e+01 5.159840e+01
      endloop
   endfacet
   facet normal 0.000000e+00 2.588190e-01 9.659258e-01
      outer loop
         vertex 3.728143e+01 6.639507e+01 5.159840e+01
         vertex 3.528143e+01 6.639507e+01 5.159840e+01
         vertex 3.728143e+01 6.489507e+01 5.200033e+01
      endloop
   endfacet
   facet normal 0.000000e+00 2.588190e-01 9.659258e-01
      outer loop
         vertex 3.728143e+01 6.489507e+01 5.200033e+01
         vertex 3.528143e+01 6.639507e+01 5.159840e+01
         vertex 3.528143e+01 6.489507e+01 5.200033e+01
      endloop
   endfacet
   facet normal 0.000000e+00 7.071069e-01 7.071067e-01
      outer loop
         vertex 3.728143e+01 6.489507e+01 5.200033e+01
         vertex 3.528143e+01 6.489507e+01 5.200033e+01
         vertex 3.728143e+01 6.379699e+01 5.309840e+01
      endloop
   endfacet
   facet normal 0.000000e+00 7.071069e-01 7.071067e-01
      outer loop
         vertex 3.728143e+01 6.379699e+01 5.309840e+01
         vertex 3.528143e+01 6.489507e+01 5.200033e+01
         vertex 3.528143e+01 6.379699e+01 5.309840e+01
      endloop
   endfacet
   facet normal 0.000000e+00 9.659257e-01 2.588194e-01
      outer loop
         vertex 3.728143e+01 6.379699e+01 5.309840e+01
         vertex 3.528143e+01 6.379699e+01 5.309840e+01
         vertex 3.728143e+01 6.339507e+01 5.459840e+01
      endloop
   endfacet
   facet normal 0.000000e+00 9.659257e-01 2.588194e-01
      outer loop
         vertex 3.728143e+01 6.339507e+01 5.459840e+01
         vertex 3.528143e+01 6.379699e+01 5.309840e+01
         vertex 3.528143e+01 6.339507e+01 5.459840e+01
      endloop
   endfacet
   facet normal 0.000000e+00 9.659257e-01 -2.588194e-01
      outer loop
         vertex 3.728143e+01 6.339507e+01 5.459840e+01
         vertex 3.528143e+01 6.339507e+01 5.459840e+01
         vertex 3.728143e+01 6.379699e+01 5.609840e+01
      endloop
   endfacet
   facet normal 0.000000e+00 9.659257e-01 -2.588194e-01
      outer loop
         vertex 3.728143e+01 6.379699e+01 5.609840e+01
         vertex 3.528143e+01 6.339507e+01 5.459840e+01
         vertex 3.528143e+01 6.379699e+01 5.609840e+01
      endloop
   endfacet
   facet normal 0.000000e+00 7.071069e-01 -7.071066e-01
      outer loop
         vertex 3.728143e+01 6.379699e+01 5.609840e+01
         vertex 3.528143e+01 6.379699e+01 5.609840e+01
         vertex 3.728143e+01 6.489507e+01 5.719648e+01
      endloop
   endfacet
   facet normal 0.000000e+00 7.071069e-01 -7.071066e-01
      outer loop
         vertex 3.728143e+01 6.489507e+01 5.719648e+01
         vertex 3.528143e+01 6.379699e+01 5.609840e+01
         vertex 3.528143e+01 6.489507e+01 5.719648e+01
      endloop
   endfacet
   facet normal 0.000000e+00 2.588191e-01 -9.659258e-01
      outer loop
         vertex 3.728143e+01 6.489507e+01 5.719648e+01
         vertex 3.528143e+01 6.489507e+01 5.719648e+01
         vertex 3.728143e+01 6.639507e+01 5.759840e+01
      endloop
   endfacet
   facet normal 0.000000e+00 2.588191e-01 -9.659258e-01
      outer loop
         vertex 3.728143e+01 6.639507e+01 5.759840e+01
         vertex 3.528143e+01 6.489507e+01 5.719648e+01
         vertex 3.528143e+01 6.639507e+01 5.759840e+01
      endloop
   endfacet
   facet normal -1.000000e+00 0.000000e+00 0.000000e+00
      outer loop
         vertex 3.728143e+01 7.802007e+01 4.973094e+01
         vertex 3.728143e+01 7.889507e+01 5.124648e+01
         vertex 3.728143e+01 7.847760e+01 4.927340e+01
      endloop
   endfacet
   facet normal -1.000000e+00 0.000000e+00 0.000000e+00
      outer loop
         vertex 3.728143e+01 7.847760e+01 4.927340e+01
         vertex 3.728143e+01 7.889507e+01 5.124648e+01
         vertex 3.728143e+01 7.999315e+01 5.014840e+01
      endloop
   endfacet
   facet normal -1.000000e+00 0.000000e+00 0.000000e+00
      outer loop
         vertex 3.728143e+01 7.847760e+01 4.927340e+01
         vertex 3.728143e+01 7.999315e+01 5.014840e+01
         vertex 3.728143e+01 7.864507e+01 4.864840e+01
      endloop
   endfacet
   facet normal -1.000000e+00 0.000000e+00 0.000000e+00
      outer loop
         vertex 3.728143e+01 7.864507e+01 4.864840e+01
         vertex 3.728143e+01 7.999315e+01 5.014840e+01
         vertex 3.728143e+01 8.039507e+01 4.864840e+01
      endloop
   endfacet
   facet normal -1.000000e+00 0.000000e+00 0.000000e+00
      outer loop
         vertex 3.728143e+01 7.864507e+01 4.864840e+01
         vertex 3.728143e+01 8.039507e+01 4.864840e+01
         vertex 3.728143e+01 7.847760e+01 4.802340e+01
      endloop
   endfacet
   facet normal -1.000000e+00 0.000000e+00 0.000000e+00
      outer loop
         vertex 3.728143e+01 7.847760e+01 4.802340e+01
         vertex 3.728143e+01 8.039507e+01 4.864840e+01
         vertex 3.728143e+01 7.999315e+01 4.714840e+01
      endloop
   endfacet
   facet normal -1.000000e+00 0.000000e+00 0.000000e+00
      outer loop
         vertex 3.728143e+01 7.847760e+01 4.802340e+01
         vertex 3.728143e+01 7.999315e+01 4.714840e+01
         vertex 3.728143e+01 7.802007e+01 4.756587e+01
      endloop
   endfacet
   facet normal -1.000000e+00 0.000000e+00 0.000000e+00
      outer loop
         vertex 3.728143e+01 7.802007e+01 4.756587e+01
         vertex 3.728143e+01 7.999315e+01 4.714840e+01
         vertex 3.728143e+01 7.889507e+01 4.605033e+01
      endloop
   endfacet
   facet normal -1.000000e+00 0.000000e+00 0.000000e+00
      outer loop
         vertex 3.728143e+01 7.802007e+01 4.756587e+01
         vertex 3.728143e+01 7.889507e+01 4.605033e+01
         vertex 3.728143e+01 7.739507e+01 4.739840e+01
      endloop
   endfacet
   facet normal -1.000000e+00 0.000000e+00 0.000000e+00
      outer loop
         vertex 3.728143e+01 7.739507e+01 4.739840e+01
         vertex 3.728143e+01 7.889507e+01 4.605033e+01
         vertex 3.728143e+01 7.739507e+01 4.564840e+01
      endloop
   endfacet
   facet normal -1.000000e+00 0.000000e+00 0.000000e+00
      outer loop
         vertex 3.728143e+01 7.739507e+01 4.739840e+01
         vertex 3.728143e+01 7.739507e+01 4.564840e+01
         vertex 3.728143e+01 7.677007e+01 4.756587e+01
      endloop
   endfacet
   facet normal -1.000000e+00 0.000000e+00 0.000000e+00
      outer loop
         vertex 3.728143e+01 7.677007e+01 4.756587e+01
         vertex 3.728143e+01 7.739507e+01 4.564840e+01
         vertex 3.728143e+01 7.589507e+01 4.605033e+01
      endloop
   endfacet
   facet normal -1.000000e+00 0.000000e+00 0.000000e+00
      outer loop
         vertex 3.728143e+01 7.677007e+01 4.756587e+01
         vertex 3.728143e+01 7.589507e+01 4.605033e+01
         vertex 3.728143e+01 7.631254e+01 4.802340e+01
      endloop
   endfacet
   facet normal -1.000000e+00 0.000000e+00 0.000000e+00
      outer loop
         vertex 3.728143e+01 7.631254e+01 4.802340e+01
         vertex 3.728143e+01 7.589507e+01 4.605033e+01
         vertex 3.728143e+01 7.479699e+01 4.714840e+01
      endloop
   endfacet
   facet normal -1.000000e+00 0.000000e+00 0.000000e+00
      outer loop
         vertex 3.728143e+01 7.631254e+01 4.802340e+01
         vertex 3.728143e+01 7.479699e+01 4.714840e+01
         vertex 3.728143e+01 7.614507e+01 4.864840e+01
      endloop
   endfacet
   facet normal -1.000000e+00 0.000000e+00 0.000000e+00
      outer loop
         vertex 3.728143e+01 7.614507e+01 4.864840e+01
         vertex 3.728143e+01 7.479699e+01 4.714840e+01
         vertex 3.728143e+01 7.439507e+01 4.864840e+01
      endloop
   endfacet
   facet normal -1.000000e+00 0.000000e+00 0.000000e+00
      outer loop
         vertex 3.728143e+01 7.614507e+01 4.864840e+01
         vertex 3.728143e+01 7.439507e+01 4.864840e+01
         vertex 3.728143e+01 7.631254e+01 4.927340e+01
      endloop
   endfacet
   facet normal -1.000000e+00 0.000000e+00 0.000000e+00
      outer loop
         vertex 3.728143e+01 7.631254e+01 4.927340e+01
         vertex 3.728143e+01 7.439507e+01 4.864840e+01
         vertex 3.728143e+01 7.479699e+01 5.014840e+01
      endloop
   endfacet
   facet normal -1.000000e+00 0.000000e+00 0.000000e+00
      outer loop
         vertex 3.728143e+01 7.631254e+01 4.927340e+01
         vertex 3.728143e+01 7.479699e+01 5.014840e+01
         vertex 3.728143e+01 7.677007e+01 4.973094e+01
      endloop
   endfacet
   facet normal -1.000000e+00 0.000000e+00 0.000000e+00
      outer loop
         vertex 3.728143e+01 7.677007e+01 4.973094e+01
         vertex 3.728143e+01 7.479699e+01 5.014840e+01
         vertex 3.728143e+01 7.589507e+01 5.124648e+01
      endloop
   endfacet
   facet normal -1.000000e+00 0.000000e+00 0.000000e+00
      outer loop
         vertex 3.728143e+01 7.677007e+01 4.973094e+01
         vertex 3.728143e+01 7.589507e+01 5.124648e+01
         vertex 3.728143e+01 7.739507e+01 4.989840e+01
      endloop
   endfacet
   facet normal -1.000000e+00 0.000000e+00 0.000000e+00
      outer loop
         vertex 3.728143e+01 7.739507e+01 4.989840e+01
         vertex 3.728143e+01 7.589507e+01 5.124648e+01
         vertex 3.728143e+01 7.739507e+01 5.164840e+01
      endloop
   endfacet
   facet normal -1.000000e+00 0.000000e+00 0.000000e+00
      outer loop
         vertex 3.728143e+01 7.739507e+01 4.989840e+01
         vertex 3.728143e+01 7.739507e+01 5.164840e+01
         vertex 3.728143e+01 7.802007e+01 4.973094e+01
      endloop
   endfacet
   facet normal -1.000000e+00 0.000000e+00 0.000000e+00
      outer loop
         vertex 3.728143e+01 7.802007e+01 4.973094e+01
         vertex 3.728143e+01 7.739507e+01 5.164840e+01
         vertex 3.728143e+01 7.889507e+01 5.124648e+01
      endloop
   endfacet
   facet normal 9.508853e-17 -2.588190e-01 -9.659258e-01
      outer loop
         vertex 3.728143e+01 7.739507e+01 5.164840e+01
         vertex 3.528143e+01 7.739507e+01 5.164840e+01
         vertex 3.728143e+01 7.889507e+01 5.124648e+01
      endloop
   endfacet
   facet normal -0.000000e+00 -2.588190e-01 -9.659258e-01
      outer loop
         vertex 3.728143e+01 7.889507e+01 5.124648e+01
         vertex 3.528143e+01 7.739507e+01 5.164840e+01
         vertex 3.528143e+01 7.889507e+01 5.124648e+01
      endloop
   endfacet
   facet normal -0.000000e+00 -7.071068e-01 -7.071067e-01
      outer loop
         vertex 3.728143e+01 7.889507e+01 5.124648e+01
         vertex 3.528143e+01 7.889507e+01 5.124648e+01
         vertex 3.728143e+01 7.999315e+01 5.014840e+01
      endloop
   endfacet
   facet normal -0.000000e+00 -7.071068e-01 -7.071067e-01
      outer loop
         vertex 3.728143e+01 7.999315e+01 5.014840e+01
         vertex 3.528143e+01 7.889507e+01 5.124648e+01
         vertex 3.528143e+01 7.999315e+01 5.014840e+01
      endloop
   endfacet
   facet normal -0.000000e+00 -9.659258e-01 -2.588191e-01
      outer loop
         vertex 3.728143e+01 7.999315e+01 5.014840e+01
         vertex 3.528143e+01 7.999315e+01 5.014840e+01
         vertex 3.728143e+01 8.039507e+01 4.864840e+01
      endloop
   endfacet
   facet normal -0.000000e+00 -9.659258e-01 -2.588191e-01
      outer loop
         vertex 3.728143e+01 8.039507e+01 4.864840e+01
         vertex 3.528143e+01 7.999315e+01 5.014840e+01
         vertex 3.528143e+01 8.039507e+01 4.864840e+01
      endloop
   endfacet
   facet normal 0.000000e+00 -9.659258e-01 2.588191e-01
      outer loop
         vertex 3.728143e+01 8.039507e+01 4.864840e+01
         vertex 3.528143e+01 8.039507e+01 4.864840e+01
         vertex 3.728143e+01 7.999315e+01 4.714840e+01
      endloop
   endfacet
   facet normal 0.000000e+00 -9.659258e-01 2.588191e-01
      outer loop
         vertex 3.728143e+01 7.999315e+01 4.714840e+01
         vertex 3.528143e+01 8.039507e+01 4.864840e+01
         vertex 3.528143e+01 7.999315e+01 4.714840e+01
      endloop
   endfacet
   facet normal 0.000000e+00 -7.071069e-01 7.071067e-01
      outer loop
         vertex 3.728143e+01 7.999315e+01 4.714840e+01
         vertex 3.528143e+01 7.999315e+01 4.714840e+01
         vertex 3.728143e+01 7.889507e+01 4.605033e+01
      endloop
   endfacet
   facet normal 0.000000e+00 -7.071069e-01 7.071067e-01
      outer loop
         vertex 3.728143e+01 7.889507e+01 4.605033e+01
         vertex 3.528143e+01 7.999315e+01 4.714840e+01
         vertex 3.528143e+01 7.889507e+01 4.605033e+01
      endloop
   endfacet
   facet normal 0.000000e+00 -2.588191e-01 9.659258e-01
      outer loop
         vertex 3.728143e+01 7.889507e+01 4.605033e+01
         vertex 3.528143e+01 7.889507e+01 4.605033e+01
         vertex 3.728143e+01 7.739507e+01 4.564840e+01
      endloop
   endfacet
   facet normal 0.000000e+00 -2.588191e-01 9.659258e-01
      outer loop
         vertex 3.728143e+01 7.739507e+01 4.564840e+01
         vertex 3.528143e+01 7.889507e+01 4.605033e+01
         vertex 3.528143e+01 7.739507e+01 4.564840e+01
      endloop
   endfacet
   facet normal 0.000000e+00 2.588191e-01 9.659258e-01
      outer loop
         vertex 3.728143e+01 7.739507e+01 4.564840e+01
         vertex 3.528143e+01 7.739507e+01 4.564840e+01
         vertex 3.728143e+01 7.589507e+01 4.605033e+01
      endloop
   endfacet
   facet normal 0.000000e+00 2.588191e-01 9.659258e-01
      outer loop
         vertex 3.728143e+01 7.589507e+01 4.605033e+01
         vertex 3.528143e+01 7.739507e+01 4.564840e+01
         vertex 3.528143e+01 7.589507e+01 4.605033e+01
      endloop
   endfacet
   facet normal 0.000000e+00 7.071069e-01 7.071067e-01
      outer loop
         vertex 3.728143e+01 7.589507e+01 4.605033e+01
         vertex 3.528143e+01 7.589507e+01 4.605033e+01
         vertex 3.728143e+01 7.479699e+01 4.714840e+01
      endloop
   endfacet
   facet normal 0.000000e+00 7.071069e-01 7.071067e-01
      outer loop
         vertex 3.728143e+01 7.479699e+01 4.714840e+01
         vertex 3.528143e+01 7.589507e+01 4.605033e+01
         vertex 3.528143e+01 7.479699e+01 4.714840e+01
      endloop
   endfacet
   facet normal 0.000000e+00 9.659258e-01 2.588191e-01
      outer loop
         vertex 3.728143e+01 7.479699e+01 4.714840e+01
         vertex 3.528143e+01 7.479699e+01 4.714840e+01
         vertex 3.728143e+01 7.439507e+01 4.864840e+01
      endloop
   endfacet
   facet normal 0.000000e+00 9.659258e-01 2.588191e-01
      outer loop
         vertex 3.728143e+01 7.439507e+01 4.864840e+01
         vertex 3.528143e+01 7.479699e+01 4.714840e+01
         vertex 3.528143e+01 7.439507e+01 4.864840e+01
      endloop
   endfacet
   facet normal 0.000000e+00 9.659258e-01 -2.588191e-01
      outer loop
         vertex 3.728143e+01 7.439507e+01 4.864840e+01
         vertex 3.528143e+01 7.439507e+01 4.864840e+01
         vertex 3.728143e+01 7.479699e+01 5.014840e+01
      endloop
   endfacet
   facet normal 0.000000e+00 9.659258e-01 -2.588191e-01
      outer loop
         vertex 3.728143e+01 7.479699e+01 5.014840e+01
         vertex 3.528143e+01 7.439507e+01 4.864840e+01
         vertex 3.528143e+01 7.479699e+01 5.014840e+01
      endloop
   endfacet
   facet normal 0.000000e+00 7.071068e-01 -7.071067e-01
      outer loop
         vertex 3.728143e+01 7.479699e+01 5.014840e+01
         vertex 3.528143e+01 7.479699e+01 5.014840e+01
         vertex 3.728143e+01 7.589507e+01 5.124648e+01
      endloop
   endfacet
   facet normal 0.000000e+00 7.071068e-01 -7.071067e-01
      outer loop
         vertex 3.728143e+01 7.589507e+01 5.124648e+01
         vertex 3.528143e+01 7.479699e+01 5.014840e+01
         vertex 3.528143e+01 7.589507e+01 5.124648e+01
      endloop
   endfacet
   facet normal 0.000000e+00 2.588190e-01 -9.659258e-01
      outer loop
         vertex 3.728143e+01 7.589507e+01 5.124648e+01
         vertex 3.528143e+01 7.589507e+01 5.124648e+01
         vertex 3.728143e+01 7.739507e+01 5.164840e+01
      endloop
   endfacet
   facet normal -9.508853e-17 2.588190e-01 -9.659258e-01
      outer loop
         vertex 3.728143e+01 7.739507e+01 5.164840e+01
         vertex 3.528143e+01 7.589507e+01 5.124648e+01
         vertex 3.528143e+01 7.739507e+01 5.164840e+01
      endloop
   endfacet
   facet normal -1.000000e+00 0.000000e+00 0.000000e+00
      outer loop
         vertex 3.728143e+01 8.964507e+01 5.464840e+01
         vertex 3.728143e+01 9.139507e+01 5.459840e+01
         vertex 3.728143e+01 8.947760e+01 5.402340e+01
      endloop
   endfacet
   facet normal -1.000000e+00 0.000000e+00 0.000000e+00
      outer loop
         vertex 3.728143e+01 8.947760e+01 5.402340e+01
         vertex 3.728143e+01 9.139507e+01 5.459840e+01
         vertex 3.728143e+01 9.099315e+01 5.309840e+01
      endloop
   endfacet
   facet normal -1.000000e+00 0.000000e+00 0.000000e+00
      outer loop
         vertex 3.728143e+01 8.947760e+01 5.402340e+01
         vertex 3.728143e+01 9.099315e+01 5.309840e+01
         vertex 3.728143e+01 8.902007e+01 5.356587e+01
      endloop
   endfacet
   facet normal -1.000000e+00 0.000000e+00 0.000000e+00
      outer loop
         vertex 3.728143e+01 8.902007e+01 5.356587e+01
         vertex 3.728143e+01 9.099315e+01 5.309840e+01
         vertex 3.728143e+01 8.989507e+01 5.200033e+01
      endloop
   endfacet
   facet normal -1.000000e+00 0.000000e+00 0.000000e+00
      outer loop
         vertex 3.728143e+01 8.902007e+01 5.356587e+01
         vertex 3.728143e+01 8.989507e+01 5.200033e+01
         vertex 3.728143e+01 8.839507e+01 5.339840e+01
      endloop
   endfacet
   facet normal -1.000000e+00 0.000000e+00 0.000000e+00
      outer loop
         vertex 3.728143e+01 8.839507e+01 5.339840e+01
         vertex 3.728143e+01 8.989507e+01 5.200033e+01
         vertex 3.728143e+01 8.839507e+01 5.159840e+01
      endloop
   endfacet
   facet normal -1.000000e+00 0.000000e+00 0.000000e+00
      outer loop
         vertex 3.728143e+01 8.839507e+01 5.339840e+01
         vertex 3.728143e+01 8.839507e+01 5.159840e+01
         vertex 3.728143e+01 8.777007e+01 5.356587e+01
      endloop
   endfacet
   facet normal -1.000000e+00 0.000000e+00 0.000000e+00
      outer loop
         vertex 3.728143e+01 8.777007e+01 5.356587e+01
         vertex 3.728143e+01 8.839507e+01 5.159840e+01
         vertex 3.728143e+01 8.689507e+01 5.200033e+01
      endloop
   endfacet
   facet normal -1.000000e+00 0.000000e+00 0.000000e+00
      outer loop
         vertex 3.728143e+01 8.777007e+01 5.356587e+01
         vertex 3.728143e+01 8.689507e+01 5.200033e+01
         vertex 3.728143e+01 8.731254e+01 5.402340e+01
      endloop
   endfacet
   facet normal -1.000000e+00 0.000000e+00 0.000000e+00
      outer loop
         vertex 3.728143e+01 8.731254e+01 5.402340e+01
         vertex 3.728143e+01 8.689507e+01 5.200033e+01
         vertex 3.728143e+01 8.579699e+01 5.309840e+01
      endloop
   endfacet
   facet normal -1.000000e+00 0.000000e+00 0.000000e+00
      outer loop
         vertex 3.728143e+01 8.731254e+01 5.402340e+01
         vertex 3.728143e+01 8.579699e+01 5.309840e+01
         vertex 3.728143e+01 8.714507e+01 5.464840e+01
      endloop
   endfacet
   facet normal -1.000000e+00 0.000000e+00 0.000000e+00
      outer loop
         vertex 3.728143e+01 8.714507e+01 5.464840e+01
         vertex 3.728143e+01 8.579699e+01 5.309840e+01
         vertex 3.728143e+01 8.539507e+01 5.459840e+01
      endloop
   endfacet
   facet normal -1.000000e+00 0.000000e+00 0.000000e+00
      outer loop
         vertex 3.728143e+01 8.714507e+01 5.464840e+01
         vertex 3.728143e+01 8.539507e+01 5.459840e+01
         vertex 3.728143e+01 8.731254e+01 5.527340e+01
      endloop
   endfacet
   facet normal -1.000000e+00 0.000000e+00 0.000000e+00
      outer loop
         vertex 3.728143e+01 8.731254e+01 5.527340e+01
         vertex 3.728143e+01 8.539507e+01 5.459840e+01
         vertex 3.728143e+01 8.579699e+01 5.609840e+01
      endloop
   endfacet
   facet normal -1.000000e+00 0.000000e+00 0.000000e+00
      outer loop
         vertex 3.728143e+01 8.731254e+01 5.527340e+01
         vertex 3.728143e+01 8.579699e+01 5.609840e+01
         vertex 3.728143e+01 8.777007e+01 5.573094e+01
      endloop
   endfacet
   facet normal -1.000000e+00 0.000000e+00 0.000000e+00
      outer loop
         vertex 3.728143e+01 8.777007e+01 5.573094e+01
         vertex 3.728143e+01 8.579699e+01 5.609840e+01
         vertex 3.728143e+01 8.689507e+01 5.719648e+01
      endloop
   endfacet
   facet normal -1.000000e+00 0.000000e+00 0.000000e+00
      outer loop
         vertex 3.728143e+01 8.777007e+01 5.573094e+01
         vertex 3.728143e+01 8.689507e+01 5.719648e+01
         vertex 3.728143e+01 8.839507e+01 5.589840e+01
      endloop
   endfacet
   facet normal -1.000000e+00 0.000000e+00 0.000000e+00
      outer loop
         vertex 3.728143e+01 8.839507e+01 5.589840e+01
         vertex 3.728143e+01 8.689507e+01 5.719648e+01
         vertex 3.728143e+01 8.839507e+01 5.759840e+01
      endloop
   endfacet
   facet normal -1.000000e+00 0.000000e+00 0.000000e+00
      outer loop
         vertex 3.728143e+01 8.839507e+01 5.589840e+01
         vertex 3.728143e+01 8.839507e+01 5.759840e+01
         vertex 3.728143e+01 8.902007e+01 5.573094e+01
      endloop
   endfacet
   facet normal -1.000000e+00 0.000000e+00 0.000000e+00
      outer loop
         vertex 3.728143e+01 8.902007e+01 5.573094e+01
         vertex 3.728143e+01 8.839507e+01 5.759840e+01
         vertex 3.728143e+01 8.989507e+01 5.719648e+01
      endloop
   endfacet
   facet normal -1.000000e+00 0.000000e+00 0.000000e+00
      outer loop
         vertex 3.728143e+01 8.902007e+01 5.573094e+01
         vertex 3.728143e+01 8.989507e+01 5.719648e+01
         vertex 3.728143e+01 8.947760e+01 5.527340e+01
      endloop
   endfacet
   facet normal -1.000000e+00 0.000000e+00 0.000000e+00
      outer loop
         vertex 3.728143e+01 8.947760e+01 5.527340e+01
         vertex 3.728143e+01 8.989507e+01 5.719648e+01
         vertex 3.728143e+01 9.099315e+01 5.609840e+01
      endloop
   endfacet
   facet normal -1.000000e+00 0.000000e+00 0.000000e+00
      outer loop
         vertex 3.728143e+01 8.947760e+01 5.527340e+01
         vertex 3.728143e+01 9.099315e+01 5.609840e+01
         vertex 3.728143e+01 8.964507e+01 5.464840e+01
      endloop
   endfacet
   facet normal -1.000000e+00 0.000000e+00 0.000000e+00
      outer loop
         vertex 3.728143e+01 8.964507e+01 5.464840e+01
         vertex 3.728143e+01 9.099315e+01 5.609840e+01
         vertex 3.728143e+01 9.139507e+01 5.459840e+01
      endloop
   endfacet
   facet normal -0.000000e+00 -2.588191e-01 -9.659258e-01
      outer loop
         vertex 3.728143e+01 8.839507e+01 5.759840e+01
         vertex 3.528143e+01 8.839507e+01 5.759840e+01
         vertex 3.728143e+01 8.989507e+01 5.719648e+01
      endloop
   endfacet
   facet normal -0.000000e+00 -2.588191e-01 -9.659258e-01
      outer loop
         vertex 3.728143e+01 8.989507e+01 5.719648e+01
         vertex 3.528143e+01 8.839507e+01 5.759840e+01
         vertex 3.528143e+01 8.989507e+01 5.719648e+01
      endloop
   endfacet
   facet normal -0.000000e+00 -7.071069e-01 -7.071066e-01
      outer loop
         vertex 3.728143e+01 8.989507e+01 5.719648e+01
         vertex 3.528143e+01 8.989507e+01 5.719648e+01
         vertex 3.728143e+01 9.099315e+01 5.609840e+01
      endloop
   endfacet
   facet normal -0.000000e+00 -7.071069e-01 -7.071066e-01
      outer loop
         vertex 3.728143e+01 9.099315e+01 5.609840e+01
         vertex 3.528143e+01 8.989507e+01 5.719648e+01
         vertex 3.528143e+01 9.099315e+01 5.609840e+01
      endloop
   endfacet
   facet normal -0.000000e+00 -9.659257e-01 -2.588194e-01
      outer loop
         vertex 3.728143e+01 9.099315e+01 5.609840e+01
         vertex 3.528143e+01 9.099315e+01 5.609840e+01
         vertex 3.728143e+01 9.139507e+01 5.459840e+01
      endloop
   endfacet
   facet normal -0.000000e+00 -9.659257e-01 -2.588194e-01
      outer loop
         vertex 3.728143e+01 9.139507e+01 5.459840e+01
         vertex 3.528143e+01 9.099315e+01 5.609840e+01
         vertex 3.528143e+01 9.139507e+01 5.459840e+01
      endloop
   endfacet
   facet normal 0.000000e+00 -9.659257e-01 2.588194e-01
      outer loop
         vertex 3.728143e+01 9.139507e+01 5.459840e+01
         vertex 3.528143e+01 9.139507e+01 5.459840e+01
         vertex 3.728143e+01 9.099315e+01 5.309840e+01
      endloop
   endfacet
   facet normal 0.000000e+00 -9.659257e-01 2.588194e-01
      outer loop
         vertex 3.728143e+01 9.099315e+01 5.309840e+01
         vertex 3.528143e+01 9.139507e+01 5.459840e+01
         vertex 3.528143e+01 9.099315e+01 5.309840e+01
      endloop
   endfacet
   facet normal 0.000000e+00 -7.071069e-01 7.071067e-01
      outer loop
         vertex 3.728143e+01 9.099315e+01 5.309840e+01
         vertex 3.528143e+01 9.099315e+01 5.309840e+01
         vertex 3.728143e+01 8.989507e+01 5.200033e+01
      endloop
   endfacet
   facet normal 0.000000e+00 -7.071069e-01 7.071067e-01
      outer loop
         vertex 3.728143e+01 8.989507e+01 5.200033e+01
         vertex 3.528143e+01 9.099315e+01 5.309840e+01
         vertex 3.528143e+01 8.989507e+01 5.200033e+01
      endloop
   endfacet
   facet normal 0.000000e+00 -2.588190e-01 9.659258e-01
      outer loop
         vertex 3.728143e+01 8.989507e+01 5.200033e+01
         vertex 3.528143e+01 8.989507e+01 5.200033e+01
         vertex 3.728143e+01 8.839507e+01 5.159840e+01
      endloop
   endfacet
   facet normal 0.000000e+00 -2.588190e-01 9.659258e-01
      outer loop
         vertex 3.728143e+01 8.839507e+01 5.159840e+01
         vertex 3.528143e+01 8.989507e+01 5.200033e+01
         vertex 3.528143e+01 8.839507e+01 5.159840e+01
      endloop
   endfacet
   facet normal 0.000000e+00 2.588190e-01 9.659258e-01
      outer loop
         vertex 3.728143e+01 8.839507e+01 5.159840e+01
         vertex 3.528143e+01 8.839507e+01 5.159840e+01
         vertex 3.728143e+01 8.689507e+01 5.200033e+01
      endloop
   endfacet
   facet normal 0.000000e+00 2.588190e-01 9.659258e-01
      outer loop
         vertex 3.728143e+01 8.689507e+01 5.200033e+01
         vertex 3.528143e+01 8.839507e+01 5.159840e+01
         vertex 3.528143e+01 8.689507e+01 5.200033e+01
      endloop
   endfacet
   facet normal 0.000000e+00 7.071069e-01 7.071067e-01
      outer loop
         vertex 3.728143e+01 8.689507e+01 5.200033e+01
         vertex 3.528143e+01 8.689507e+01 5.200033e+01
         vertex 3.728143e+01 8.579699e+01 5.309840e+01
      endloop
   endfacet
   facet normal 0.000000e+00 7.071069e-01 7.071067e-01
      outer loop
         vertex 3.728143e+01 8.579699e+01 5.309840e+01
         vertex 3.528143e+01 8.689507e+01 5.200033e+01
         vertex 3.528143e+01 8.579699e+01 5.309840e+01
      endloop
   endfacet
   facet normal 0.000000e+00 9.659259e-01 2.588188e-01
      outer loop
         vertex 3.728143e+01 8.579699e+01 5.309840e+01
         vertex 3.528143e+01 8.579699e+01 5.309840e+01
         vertex 3.728143e+01 8.539507e+01 5.459840e+01
      endloop
   endfacet
   facet normal 0.000000e+00 9.659259e-01 2.588188e-01
      outer loop
         vertex 3.728143e+01 8.539507e+01 5.459840e+01
         vertex 3.528143e+01 8.579699e+01 5.309840e+01
         vertex 3.528143e+01 8.539507e+01 5.459840e+01
      endloop
   endfacet
   facet normal 0.000000e+00 9.659259e-01 -2.588189e-01
      outer loop
         vertex 3.728143e+01 8.539507e+01 5.459840e+01
         vertex 3.528143e+01 8.539507e+01 5.459840e+01
         vertex 3.728143e+01 8.579699e+01 5.609840e+01
      endloop
   endfacet
   facet normal 0.000000e+00 9.659259e-01 -2.588189e-01
      outer loop
         vertex 3.728143e+01 8.579699e+01 5.609840e+01
         vertex 3.528143e+01 8.539507e+01 5.459840e+01
         vertex 3.528143e+01 8.579699e+01 5.609840e+01
      endloop
   endfacet
   facet normal 0.000000e+00 7.071069e-01 -7.071066e-01
      outer loop
         vertex 3.728143e+01 8.579699e+01 5.609840e+01
         vertex 3.528143e+01 8.579699e+01 5.609840e+01
         vertex 3.728143e+01 8.689507e+01 5.719648e+01
      endloop
   endfacet
   facet normal 0.000000e+00 7.071069e-01 -7.071066e-01
      outer loop
         vertex 3.728143e+01 8.689507e+01 5.719648e+01
         vertex 3.528143e+01 8.579699e+01 5.609840e+01
         vertex 3.528143e+01 8.689507e+01 5.719648e+01
      endloop
   endfacet
   facet normal 0.000000e+00 2.588191e-01 -9.659258e-01
      outer loop
         vertex 3.728143e+01 8.689507e+01 5.719648e+01
         vertex 3.528143e+01 8.689507e+01 5.719648e+01
         vertex 3.728143e+01 8.839507e+01 5.759840e+01
      endloop
   endfacet
   facet normal 0.000000e+00 2.588191e-01 -9.659258e-01
      outer loop
         vertex 3.728143e+01 8.839507e+01 5.759840e+01
         vertex 3.528143e+01 8.689507e+01 5.719648e+01
         vertex 3.528143e+01 8.839507e+01 5.759840e+01
      endloop
   endfacet
   facet normal -1.000000e+00 0.000000e+00 0.000000e+00
      outer loop
         vertex 3.728143e+01 9.939507e+01 5.599840e+01
         vertex 3.728143e+01 9.939507e+01 5.424840e+01
         vertex 3.728143e+01 9.877007e+01 5.616587e+01
      endloop
   endfacet
   facet normal -1.000000e+00 0.000000e+00 0.000000e+00
      outer loop
         vertex 3.728143e+01 9.877007e+01 5.616587e+01
         vertex 3.728143e+01 9.939507e+01 5.424840e+01
         vertex 3.728143e+01 9.789507e+01 5.465033e+01
      endloop
   endfacet
   facet normal -1.000000e+00 0.000000e+00 0.000000e+00
      outer loop
         vertex 3.728143e+01 9.877007e+01 5.616587e+01
         vertex 3.728143e+01 9.789507e+01 5.465033e+01
         vertex 3.728143e+01 9.831254e+01 5.662340e+01
      endloop
   endfacet
   facet normal -1.000000e+00 0.000000e+00 0.000000e+00
      outer loop
         vertex 3.728143e+01 9.831254e+01 5.662340e+01
         vertex 3.728143e+01 9.789507e+01 5.465033e+01
         vertex 3.728143e+01 9.679699e+01 5.574840e+01
      endloop
   endfacet
   facet normal -1.000000e+00 0.000000e+00 0.000000e+00
      outer loop
         vertex 3.728143e+01 9.831254e+01 5.662340e+01
         vertex 3.728143e+01 9.679699e+01 5.574840e+01
         vertex 3.728143e+01 9.814507e+01 5.724840e+01
      endloop
   endfacet
   facet normal -1.000000e+00 0.000000e+00 0.000000e+00
      outer loop
         vertex 3.728143e+01 9.814507e+01 5.724840e+01
         vertex 3.728143e+01 9.679699e+01 5.574840e+01
         vertex 3.728143e+01 9.639507e+01 5.724840e+01
      endloop
   endfacet
   facet normal -1.000000e+00 0.000000e+00 0.000000e+00
      outer loop
         vertex 3.728143e+01 9.814507e+01 5.724840e+01
         vertex 3.728143e+01 9.639507e+01 5.724840e+01
         vertex 3.728143e+01 9.831254e+01 5.787340e+01
      endloop
   endfacet
   facet normal -1.000000e+00 0.000000e+00 0.000000e+00
      outer loop
         vertex 3.728143e+01 9.831254e+01 5.787340e+01
         vertex 3.728143e+01 9.639507e+01 5.724840e+01
         vertex 3.728143e+01 9.679699e+01 5.874840e+01
      endloop
   endfacet
   facet normal -1.000000e+00 0.000000e+00 0.000000e+00
      outer loop
         vertex 3.728143e+01 9.831254e+01 5.787340e+01
         vertex 3.728143e+01 9.679699e+01 5.874840e+01
         vertex 3.728143e+01 9.877007e+01 5.833094e+01
      endloop
   endfacet
   facet normal -1.000000e+00 0.000000e+00 0.000000e+00
      outer loop
         vertex 3.728143e+01 9.877007e+01 5.833094e+01
         vertex 3.728143e+01 9.679699e+01 5.874840e+01
         vertex 3.728143e+01 9.789507e+01 5.984648e+01
      endloop
   endfacet
   facet normal -1.000000e+00 0.000000e+00 0.000000e+00
      outer loop
         vertex 3.728143e+01 9.877007e+01 5.833094e+01
         vertex 3.728143e+01 9.789507e+01 5.984648e+01
         vertex 3.728143e+01 9.939507e+01 5.849840e+01
      endloop
   endfacet
   facet normal -1.000000e+00 0.000000e+00 0.000000e+00
      outer loop
         vertex 3.728143e+01 9.939507e+01 5.849840e+01
         vertex 3.728143e+01 9.789507e+01 5.984648e+01
         vertex 3.728143e+01 9.939507e+01 6.024840e+01
      endloop
   endfacet
   facet normal -1.000000e+00 0.000000e+00 0.000000e+00
      outer loop
         vertex 3.728143e+01 9.939507e+01 5.849840e+01
         vertex 3.728143e+01 9.939507e+01 6.024840e+01
         vertex 3.728143e+01 1.000201e+02 5.833094e+01
      endloop
   endfacet
   facet normal -1.000000e+00 0.000000e+00 0.000000e+00
      outer loop
         vertex 3.728143e+01 1.000201e+02 5.833094e+01
         vertex 3.728143e+01 9.939507e+01 6.024840e+01
         vertex 3.728143e+01 1.008951e+02 5.984648e+01
      endloop
   endfacet
   facet normal -1.000000e+00 0.000000e+00 0.000000e+00
      outer loop
         vertex 3.728143e+01 1.000201e+02 5.833094e+01
         vertex 3.728143e+01 1.008951e+02 5.984648e+01
         vertex 3.728143e+01 1.004776e+02 5.787340e+01
      endloop
   endfacet
   facet normal -1.000000e+00 0.000000e+00 0.000000e+00
      outer loop
         vertex 3.728143e+01 1.004776e+02 5.787340e+01
         vertex 3.728143e+01 1.008951e+02 5.984648e+01
         vertex 3.728143e+01 1.019931e+02 5.874840e+01
      endloop
   endfacet
   facet normal -1.000000e+00 0.000000e+00 0.000000e+00
      outer loop
         vertex 3.728143e+01 1.004776e+02 5.787340e+01
         vertex 3.728143e+01 1.019931e+02 5.874840e+01
         vertex 3.728143e+01 1.006451e+02 5.724840e+01
      endloop
   endfacet
   facet normal -1.000000e+00 0.000000e+00 0.000000e+00
      outer loop
         vertex 3.728143e+01 1.006451e+02 5.724840e+01
         vertex 3.728143e+01 1.019931e+02 5.874840e+01
         vertex 3.728143e+01 1.023951e+02 5.724840e+01
      endloop
   endfacet
   facet normal -1.000000e+00 0.000000e+00 0.000000e+00
      outer loop
         vertex 3.728143e+01 1.006451e+02 5.724840e+01
         vertex 3.728143e+01 1.023951e+02 5.724840e+01
         vertex 3.728143e+01 1.004776e+02 5.662340e+01
      endloop
   endfacet
   facet normal -1.000000e+00 0.000000e+00 0.000000e+00
      outer loop
         vertex 3.728143e+01 1.004776e+02 5.662340e+01
         vertex 3.728143e+01 1.023951e+02 5.724840e+01
         vertex 3.728143e+01 1.019931e+02 5.574840e+01
      endloop
   endfacet
   facet normal -1.000000e+00 0.000000e+00 0.000000e+00
      outer loop
         vertex 3.728143e+01 1.004776e+02 5.662340e+01
         vertex 3.728143e+01 1.019931e+02 5.574840e+01
         vertex 3.728143e+01 1.000201e+02 5.616587e+01
      endloop
   endfacet
   facet normal -1.000000e+00 0.000000e+00 0.000000e+00
      outer loop
         vertex 3.728143e+01 1.000201e+02 5.616587e+01
         vertex 3.728143e+01 1.019931e+02 5.574840e+01
         vertex 3.728143e+01 1.008951e+02 5.465033e+01
      endloop
   endfacet
   facet normal -1.000000e+00 0.000000e+00 0.000000e+00
      outer loop
         vertex 3.728143e+01 1.000201e+02 5.616587e+01
         vertex 3.728143e+01 1.008951e+02 5.465033e+01
         vertex 3.728143e+01 9.939507e+01 5.599840e+01
      endloop
   endfacet
   facet normal -1.000000e+00 0.000000e+00 0.000000e+00
      outer loop
         vertex 3.728143e+01 9.939507e+01 5.599840e+01
         vertex 3.728143e+01 1.008951e+02 5.465033e+01
         vertex 3.728143e+01 9.939507e+01 5.424840e+01
      endloop
   endfacet
   facet normal -0.000000e+00 -2.588195e-01 -9.659257e-01
      outer loop
         vertex 3.728143e+01 9.939507e+01 6.024840e+01
         vertex 3.528143e+01 9.939507e+01 6.024840e+01
         vertex 3.728143e+01 1.008951e+02 5.984648e+01
      endloop
   endfacet
   facet normal -0.000000e+00 -2.588195e-01 -9.659257e-01
      outer loop
         vertex 3.728143e+01 1.008951e+02 5.984648e+01
         vertex 3.528143e+01 9.939507e+01 6.024840e+01
         vertex 3.528143e+01 1.008951e+02 5.984648e+01
      endloop
   endfacet
   facet normal -0.000000e+00 -7.071062e-01 -7.071074e-01
      outer loop
         vertex 3.728143e+01 1.008951e+02 5.984648e+01
         vertex 3.528143e+01 1.008951e+02 5.984648e+01
         vertex 3.728143e+01 1.019931e+02 5.874840e+01
      endloop
   endfacet
   facet normal -0.000000e+00 -7.071062e-01 -7.071074e-01
      outer loop
         vertex 3.728143e+01 1.019931e+02 5.874840e+01
         vertex 3.528143e+01 1.008951e+02 5.984648e+01
         vertex 3.528143e+01 1.019931e+02 5.874840e+01
      endloop
   endfacet
   facet normal -0.000000e+00 -9.659259e-01 -2.588188e-01
      outer loop
         vertex 3.728143e+01 1.019931e+02 5.874840e+01
         vertex 3.528143e+01 1.019931e+02 5.874840e+01
         vertex 3.728143e+01 1.023951e+02 5.724840e+01
      endloop
   endfacet
   facet normal -0.000000e+00 -9.659259e-01 -2.588188e-01
      outer loop
         vertex 3.728143e+01 1.023951e+02 5.724840e+01
         vertex 3.528143e+01 1.019931e+02 5.874840e+01
         vertex 3.528143e+01 1.023951e+02 5.724840e+01
      endloop
   endfacet
   facet normal 0.000000e+00 -9.659259e-01 2.588189e-01
      outer loop
         vertex 3.728143e+01 1.023951e+02 5.724840e+01
         vertex 3.528143e+01 1.023951e+02 5.724840e+01
         vertex 3.728143e+01 1.019931e+02 5.574840e+01
      endloop
   endfacet
   facet normal 0.000000e+00 -9.659259e-01 2.588189e-01
      outer loop
         vertex 3.728143e+01 1.019931e+02 5.574840e+01
         vertex 3.528143e+01 1.023951e+02 5.724840e+01
         vertex 3.528143e+01 1.019931e+02 5.574840e+01
      endloop
   endfacet
   facet normal 0.000000e+00 -7.071063e-01 7.071072e-01
      outer loop
         vertex 3.728143e+01 1.019931e+02 5.574840e+01
         vertex 3.528143e+01 1.019931e+02 5.574840e+01
         vertex 3.728143e+01 1.008951e+02 5.465033e+01
      endloop
   endfacet
   facet normal 0.000000e+00 -7.071063e-01 7.071072e-01
      outer loop
         vertex 3.728143e+01 1.008951e+02 5.465033e+01
         vertex 3.528143e+01 1.019931e+02 5.574840e+01
         vertex 3.528143e+01 1.008951e+02 5.465033e+01
      endloop
   endfacet
   facet normal 0.000000e+00 -2.588191e-01 9.659258e-01
      outer loop
         vertex 3.728143e+01 1.008951e+02 5.465033e+01
         vertex 3.528143e+01 1.008951e+02 5.465033e+01
         vertex 3.728143e+01 9.939507e+01 5.424840e+01
      endloop
   endfacet
   facet normal 0.000000e+00 -2.588191e-01 9.659258e-01
      outer loop
         vertex 3.728143e+01 9.939507e+01 5.424840e+01
         vertex 3.528143e+01 1.008951e+02 5.465033e+01
         vertex 3.528143e+01 9.939507e+01 5.424840e+01
      endloop
   endfacet
   facet normal 0.000000e+00 2.588191e-01 9.659258e-01
      outer loop
         vertex 3.728143e+01 9.939507e+01 5.424840e+01
         vertex 3.528143e+01 9.939507e+01 5.424840e+01
         vertex 3.728143e+01 9.789507e+01 5.465033e+01
      endloop
   endfacet
   facet normal 0.000000e+00 2.588191e-01 9.659258e-01
      outer loop
         vertex 3.728143e+01 9.789507e+01 5.465033e+01
         vertex 3.528143e+01 9.939507e+01 5.424840e+01
         vertex 3.528143e+01 9.789507e+01 5.465033e+01
      endloop
   endfacet
   facet normal 0.000000e+00 7.071069e-01 7.071066e-01
      outer loop
         vertex 3.728143e+01 9.789507e+01 5.465033e+01
         vertex 3.528143e+01 9.789507e+01 5.465033e+01
         vertex 3.728143e+01 9.679699e+01 5.574840e+01
      endloop
   endfacet
   facet normal 0.000000e+00 7.071069e-01 7.071066e-01
      outer loop
         vertex 3.728143e+01 9.679699e+01 5.574840e+01
         vertex 3.528143e+01 9.789507e+01 5.465033e+01
         vertex 3.528143e+01 9.679699e+01 5.574840e+01
      endloop
   endfacet
   facet normal 0.000000e+00 9.659256e-01 2.588200e-01
      outer loop
         vertex 3.728143e+01 9.679699e+01 5.574840e+01
         vertex 3.528143e+01 9.679699e+01 5.574840e+01
         vertex 3.728143e+01 9.639507e+01 5.724840e+01
      endloop
   endfacet
   facet normal 0.000000e+00 9.659256e-01 2.588200e-01
      outer loop
         vertex 3.728143e+01 9.639507e+01 5.724840e+01
         vertex 3.528143e+01 9.679699e+01 5.574840e+01
         vertex 3.528143e+01 9.639507e+01 5.724840e+01
      endloop
   endfacet
   facet normal 0.000000e+00 9.659256e-01 -2.588199e-01
      outer loop
         vertex 3.728143e+01 9.639507e+01 5.724840e+01
         vertex 3.528143e+01 9.639507e+01 5.724840e+01
         vertex 3.728143e+01 9.679699e+01 5.874840e+01
      endloop
   endfacet
   facet normal 0.000000e+00 9.659256e-01 -2.588199e-01
      outer loop
         vertex 3.728143e+01 9.679699e+01 5.874840e+01
         vertex 3.528143e+01 9.639507e+01 5.724840e+01
         vertex 3.528143e+01 9.679699e+01 5.874840e+01
      endloop
   endfacet
   facet normal 0.000000e+00 7.071068e-01 -7.071068e-01
      outer loop
         vertex 3.728143e+01 9.679699e+01 5.874840e+01
         vertex 3.528143e+01 9.679699e+01 5.874840e+01
         vertex 3.728143e+01 9.789507e+01 5.984648e+01
      endloop
   endfacet
   facet normal 0.000000e+00 7.071068e-01 -7.071068e-01
      outer loop
         vertex 3.728143e+01 9.789507e+01 5.984648e+01
         vertex 3.528143e+01 9.679699e+01 5.874840e+01
         vertex 3.528143e+01 9.789507e+01 5.984648e+01
      endloop
   endfacet
   facet normal 0.000000e+00 2.588195e-01 -9.659257e-01
      outer loop
         vertex 3.728143e+01 9.789507e+01 5.984648e+01
         vertex 3.528143e+01 9.789507e+01 5.984648e+01
         vertex 3.728143e+01 9.939507e+01 6.024840e+01
      endloop
   endfacet
   facet normal 0.000000e+00 2.588195e-01 -9.659257e-01
      outer loop
         vertex 3.728143e+01 9.939507e+01 6.024840e+01
         vertex 3.528143e+01 9.789507e+01 5.984648e+01
         vertex 3.528143e+01 9.939507e+01 6.024840e+01
      endloop
   endfacet
   facet normal -1.000000e+00 0.000000e+00 0.000000e+00
      outer loop
         vertex 3.728143e+01 9.939507e+01 4.479840e+01
         vertex 3.728143e+01 9.939507e+01 4.304840e+01
         vertex 3.728143e+01 9.877007e+01 4.496587e+01
      endloop
   endfacet
   facet normal -1.000000e+00 0.000000e+00 0.000000e+00
      outer loop
         vertex 3.728143e+01 9.877007e+01 4.496587e+01
         vertex 3.728143e+01 9.939507e+01 4.304840e+01
         vertex 3.728143e+01 9.789507e+01 4.345033e+01
      endloop
   endfacet
   facet normal -1.000000e+00 0.000000e+00 0.000000e+00
      outer loop
         vertex 3.728143e+01 9.877007e+01 4.496587e+01
         vertex 3.728143e+01 9.789507e+01 4.345033e+01
         vertex 3.728143e+01 9.831254e+01 4.542340e+01
      endloop
   endfacet
   facet normal -1.000000e+00 0.000000e+00 0.000000e+00
      outer loop
         vertex 3.728143e+01 9.831254e+01 4.542340e+01
         vertex 3.728143e+01 9.789507e+01 4.345033e+01
         vertex 3.728143e+01 9.679699e+01 4.454840e+01
      endloop
   endfacet
   facet normal -1.000000e+00 0.000000e+00 0.000000e+00
      outer loop
         vertex 3.728143e+01 9.831254e+01 4.542340e+01
         vertex 3.728143e+01 9.679699e+01 4.454840e+01
         vertex 3.728143e+01 9.814507e+01 4.604840e+01
      endloop
   endfacet
   facet normal -1.000000e+00 0.000000e+00 0.000000e+00
      outer loop
         vertex 3.728143e+01 9.814507e+01 4.604840e+01
         vertex 3.728143e+01 9.679699e+01 4.454840e+01
         vertex 3.728143e+01 9.639507e+01 4.604840e+01
      endloop
   endfacet
   facet normal -1.000000e+00 0.000000e+00 0.000000e+00
      outer loop
         vertex 3.728143e+01 9.814507e+01 4.604840e+01
         vertex 3.728143e+01 9.639507e+01 4.604840e+01
         vertex 3.728143e+01 9.831254e+01 4.667340e+01
      endloop
   endfacet
   facet normal -1.000000e+00 0.000000e+00 0.000000e+00
      outer loop
         vertex 3.728143e+01 9.831254e+01 4.667340e+01
         vertex 3.728143e+01 9.639507e+01 4.604840e+01
         vertex 3.728143e+01 9.679699e+01 4.754840e+01
      endloop
   endfacet
   facet normal -1.000000e+00 0.000000e+00 0.000000e+00
      outer loop
         vertex 3.728143e+01 9.831254e+01 4.667340e+01
         vertex 3.728143e+01 9.679699e+01 4.754840e+01
         vertex 3.728143e+01 9.877007e+01 4.713094e+01
      endloop
   endfacet
   facet normal -1.000000e+00 0.000000e+00 0.000000e+00
      outer loop
         vertex 3.728143e+01 9.877007e+01 4.713094e+01
         vertex 3.728143e+01 9.679699e+01 4.754840e+01
         vertex 3.728143e+01 9.789507e+01 4.864648e+01
      endloop
   endfacet
   facet normal -1.000000e+00 0.000000e+00 0.000000e+00
      outer loop
         vertex 3.728143e+01 9.877007e+01 4.713094e+01
         vertex 3.728143e+01 9.789507e+01 4.864648e+01
         vertex 3.728143e+01 9.939507e+01 4.729840e+01
      endloop
   endfacet
   facet normal -1.000000e+00 0.000000e+00 0.000000e+00
      outer loop
         vertex 3.728143e+01 9.939507e+01 4.729840e+01
         vertex 3.728143e+01 9.789507e+01 4.864648e+01
         vertex 3.728143e+01 9.939507e+01 4.904840e+01
      endloop
   endfacet
   facet normal -1.000000e+00 0.000000e+00 0.000000e+00
      outer loop
         vertex 3.728143e+01 9.939507e+01 4.729840e+01
         vertex 3.728143e+01 9.939507e+01 4.904840e+01
         vertex 3.728143e+01 1.000201e+02 4.713094e+01
      endloop
   endfacet
   facet normal -1.000000e+00 0.000000e+00 0.000000e+00
      outer loop
         vertex 3.728143e+01 1.000201e+02 4.713094e+01
         vertex 3.728143e+01 9.939507e+01 4.904840e+01
         vertex 3.728143e+01 1.008951e+02 4.864648e+01
      endloop
   endfacet
   facet normal -1.000000e+00 0.000000e+00 0.000000e+00
      outer loop
         vertex 3.728143e+01 1.000201e+02 4.713094e+01
         vertex 3.728143e+01 1.008951e+02 4.864648e+01
         vertex 3.728143e+01 1.004776e+02 4.667340e+01
      endloop
   endfacet
   facet normal -1.000000e+00 0.000000e+00 0.000000e+00
      outer loop
         vertex 3.728143e+01 1.004776e+02 4.667340e+01
         vertex 3.728143e+01 1.008951e+02 4.864648e+01
         vertex 3.728143e+01 1.019931e+02 4.754840e+01
      endloop
   endfacet
   facet normal -1.000000e+00 0.000000e+00 0.000000e+00
      outer loop
         vertex 3.728143e+01 1.004776e+02 4.667340e+01
         vertex 3.728143e+01 1.019931e+02 4.754840e+01
         vertex 3.728143e+01 1.006451e+02 4.604840e+01
      endloop
   endfacet
   facet normal -1.000000e+00 0.000000e+00 0.000000e+00
      outer loop
         vertex 3.728143e+01 1.006451e+02 4.604840e+01
         vertex 3.728143e+01 1.019931e+02 4.754840e+01
         vertex 3.728143e+01 1.023951e+02 4.604840e+01
      endloop
   endfacet
   facet normal -1.000000e+00 0.000000e+00 0.000000e+00
      outer loop
         vertex 3.728143e+01 1.006451e+02 4.604840e+01
         vertex 3.728143e+01 1.023951e+02 4.604840e+01
         vertex 3.728143e+01 1.004776e+02 4.542340e+01
      endloop
   endfacet
   facet normal -1.000000e+00 0.000000e+00 0.000000e+00
      outer loop
         vertex 3.728143e+01 1.004776e+02 4.542340e+01
         vertex 3.728143e+01 1.023951e+02 4.604840e+01
         vertex 3.728143e+01 1.019931e+02 4.454840e+01
      endloop
   endfacet
   facet normal -1.000000e+00 0.000000e+00 0.000000e+00
      outer loop
         vertex 3.728143e+01 1.004776e+02 4.542340e+01
         vertex 3.728143e+01 1.019931e+02 4.454840e+01
         vertex 3.728143e+01 1.000201e+02 4.496587e+01
      endloop
   endfacet
   facet normal -1.000000e+00 0.000000e+00 0.000000e+00
      outer loop
         vertex 3.728143e+01 1.000201e+02 4.496587e+01
         vertex 3.728143e+01 1.019931e+02 4.454840e+01
         vertex 3.728143e+01 1.008951e+02 4.345033e+01
      endloop
   endfacet
   facet normal -1.000000e+00 0.000000e+00 0.000000e+00
      outer loop
         vertex 3.728143e+01 1.000201e+02 4.496587e+01
         vertex 3.728143e+01 1.008951e+02 4.345033e+01
         vertex 3.728143e+01 9.939507e+01 4.479840e+01
      endloop
   endfacet
   facet normal -1.000000e+00 0.000000e+00 0.000000e+00
      outer loop
         vertex 3.728143e+01 9.939507e+01 4.479840e+01
         vertex 3.728143e+01 1.008951e+02 4.345033e+01
         vertex 3.728143e+01 9.939507e+01 4.304840e+01
      endloop
   endfacet
   facet normal -0.000000e+00 -2.588191e-01 -9.659258e-01
      outer loop
         vertex 3.728143e+01 9.939507e+01 4.904840e+01
         vertex 3.528143e+01 9.939507e+01 4.904840e+01
         vertex 3.728143e+01 1.008951e+02 4.864648e+01
      endloop
   endfacet
   facet normal -0.000000e+00 -2.588191e-01 -9.659258e-01
      outer loop
         vertex 3.728143e+01 1.008951e+02 4.864648e+01
         vertex 3.528143e+01 9.939507e+01 4.904840e+01
         vertex 3.528143e+01 1.008951e+02 4.864648e+01
      endloop
   endfacet
   facet normal -0.000000e+00 -7.071063e-01 -7.071072e-01
      outer loop
         vertex 3.728143e+01 1.008951e+02 4.864648e+01
         vertex 3.528143e+01 1.008951e+02 4.864648e+01
         vertex 3.728143e+01 1.019931e+02 4.754840e+01
      endloop
   endfacet
   facet normal -0.000000e+00 -7.071063e-01 -7.071072e-01
      outer loop
         vertex 3.728143e+01 1.019931e+02 4.754840e+01
         vertex 3.528143e+01 1.008951e+02 4.864648e+01
         vertex 3.528143e+01 1.019931e+02 4.754840e+01
      endloop
   endfacet
   facet normal -0.000000e+00 -9.659259e-01 -2.588189e-01
      outer loop
         vertex 3.728143e+01 1.019931e+02 4.754840e+01
         vertex 3.528143e+01 1.019931e+02 4.754840e+01
         vertex 3.728143e+01 1.023951e+02 4.604840e+01
      endloop
   endfacet
   facet normal -0.000000e+00 -9.659259e-01 -2.588189e-01
      outer loop
         vertex 3.728143e+01 1.023951e+02 4.604840e+01
         vertex 3.528143e+01 1.019931e+02 4.754840e+01
         vertex 3.528143e+01 1.023951e+02 4.604840e+01
      endloop
   endfacet
   facet normal 0.000000e+00 -9.659259e-01 2.588188e-01
      outer loop
         vertex 3.728143e+01 1.023951e+02 4.604840e+01
         vertex 3.528143e+01 1.023951e+02 4.604840e+01
         vertex 3.728143e+01 1.019931e+02 4.454840e+01
      endloop
   endfacet
   facet normal 0.000000e+00 -9.659259e-01 2.588188e-01
      outer loop
         vertex 3.728143e+01 1.019931e+02 4.454840e+01
         vertex 3.528143e+01 1.023951e+02 4.604840e+01
         vertex 3.528143e+01 1.019931e+02 4.454840e+01
      endloop
   endfacet
   facet normal 0.000000e+00 -7.071062e-01 7.071074e-01
      outer loop
         vertex 3.728143e+01 1.019931e+02 4.454840e+01
         vertex 3.528143e+01 1.019931e+02 4.454840e+01
         vertex 3.728143e+01 1.008951e+02 4.345033e+01
      endloop
   endfacet
   facet normal 0.000000e+00 -7.071062e-01 7.071074e-01
      outer loop
         vertex 3.728143e+01 1.008951e+02 4.345033e+01
         vertex 3.528143e+01 1.019931e+02 4.454840e+01
         vertex 3.528143e+01 1.008951e+02 4.345033e+01
      endloop
   endfacet
   facet normal 0.000000e+00 -2.588195e-01 9.659257e-01
      outer loop
         vertex 3.728143e+01 1.008951e+02 4.345033e+01
         vertex 3.528143e+01 1.008951e+02 4.345033e+01
         vertex 3.728143e+01 9.939507e+01 4.304840e+01
      endloop
   endfacet
   facet normal 0.000000e+00 -2.588195e-01 9.659257e-01
      outer loop
         vertex 3.728143e+01 9.939507e+01 4.304840e+01
         vertex 3.528143e+01 1.008951e+02 4.345033e+01
         vertex 3.528143e+01 9.939507e+01 4.304840e+01
      endloop
   endfacet
   facet normal 0.000000e+00 2.588195e-01 9.659257e-01
      outer loop
         vertex 3.728143e+01 9.939507e+01 4.304840e+01
         vertex 3.528143e+01 9.939507e+01 4.304840e+01
         vertex 3.728143e+01 9.789507e+01 4.345033e+01
      endloop
   endfacet
   facet normal 0.000000e+00 2.588195e-01 9.659257e-01
      outer loop
         vertex 3.728143e+01 9.789507e+01 4.345033e+01
         vertex 3.528143e+01 9.939507e+01 4.304840e+01
         vertex 3.528143e+01 9.789507e+01 4.345033e+01
      endloop
   endfacet
   facet normal 0.000000e+00 7.071068e-01 7.071068e-01
      outer loop
         vertex 3.728143e+01 9.789507e+01 4.345033e+01
         vertex 3.528143e+01 9.789507e+01 4.345033e+01
         vertex 3.728143e+01 9.679699e+01 4.454840e+01
      endloop
   endfacet
   facet normal 0.000000e+00 7.071068e-01 7.071068e-01
      outer loop
         vertex 3.728143e+01 9.679699e+01 4.454840e+01
         vertex 3.528143e+01 9.789507e+01 4.345033e+01
         vertex 3.528143e+01 9.679699e+01 4.454840e+01
      endloop
   endfacet
   facet normal 0.000000e+00 9.659256e-01 2.588199e-01
      outer loop
         vertex 3.728143e+01 9.679699e+01 4.454840e+01
         vertex 3.528143e+01 9.679699e+01 4.454840e+01
         vertex 3.728143e+01 9.639507e+01 4.604840e+01
      endloop
   endfacet
   facet normal 0.000000e+00 9.659256e-01 2.588199e-01
      outer loop
         vertex 3.728143e+01 9.639507e+01 4.604840e+01
         vertex 3.528143e+01 9.679699e+01 4.454840e+01
         vertex 3.528143e+01 9.639507e+01 4.604840e+01
      endloop
   endfacet
   facet normal 0.000000e+00 9.659256e-01 -2.588200e-01
      outer loop
         vertex 3.728143e+01 9.639507e+01 4.604840e+01
         vertex 3.528143e+01 9.639507e+01 4.604840e+01
         vertex 3.728143e+01 9.679699e+01 4.754840e+01
      endloop
   endfacet
   facet normal 0.000000e+00 9.659256e-01 -2.588200e-01
      outer loop
         vertex 3.728143e+01 9.679699e+01 4.754840e+01
         vertex 3.528143e+01 9.639507e+01 4.604840e+01
         vertex 3.528143e+01 9.679699e+01 4.754840e+01
      endloop
   endfacet
   facet normal 0.000000e+00 7.071069e-01 -7.071066e-01
      outer loop
         vertex 3.728143e+01 9.679699e+01 4.754840e+01
         vertex 3.528143e+01 9.679699e+01 4.754840e+01
         vertex 3.728143e+01 9.789507e+01 4.864648e+01
      endloop
   endfacet
   facet normal 0.000000e+00 7.071069e-01 -7.071066e-01
      outer loop
         vertex 3.728143e+01 9.789507e+01 4.864648e+01
         vertex 3.528143e+01 9.679699e+01 4.754840e+01
         vertex 3.528143e+01 9.789507e+01 4.864648e+01
      endloop
   endfacet
   facet normal 0.000000e+00 2.588191e-01 -9.659258e-01
      outer loop
         vertex 3.728143e+01 9.789507e+01 4.864648e+01
         vertex 3.528143e+01 9.789507e+01 4.864648e+01
         vertex 3.728143e+01 9.939507e+01 4.904840e+01
      endloop
   endfacet
   facet normal 0.000000e+00 2.588191e-01 -9.659258e-01
      outer loop
         vertex 3.728143e+01 9.939507e+01 4.904840e+01
         vertex 3.528143e+01 9.789507e+01 4.864648e+01
         vertex 3.528143e+01 9.939507e+01 4.904840e+01
      endloop
   endfacet
   facet normal -1.000000e+00 0.000000e+00 0.000000e+00
      outer loop
         vertex 3.728143e+01 5.539507e+01 5.599840e+01
         vertex 3.728143e+01 5.539507e+01 5.424840e+01
         vertex 3.728143e+01 5.477007e+01 5.616587e+01
      endloop
   endfacet
   facet normal -1.000000e+00 0.000000e+00 0.000000e+00
      outer loop
         vertex 3.728143e+01 5.477007e+01 5.616587e+01
         vertex 3.728143e+01 5.539507e+01 5.424840e+01
         vertex 3.728143e+01 5.389507e+01 5.465033e+01
      endloop
   endfacet
   facet normal -1.000000e+00 0.000000e+00 0.000000e+00
      outer loop
         vertex 3.728143e+01 5.477007e+01 5.616587e+01
         vertex 3.728143e+01 5.389507e+01 5.465033e+01
         vertex 3.728143e+01 5.431254e+01 5.662340e+01
      endloop
   endfacet
   facet normal -1.000000e+00 0.000000e+00 0.000000e+00
      outer loop
         vertex 3.728143e+01 5.431254e+01 5.662340e+01
         vertex 3.728143e+01 5.389507e+01 5.465033e+01
         vertex 3.728143e+01 5.279699e+01 5.574840e+01
      endloop
   endfacet
   facet normal -1.000000e+00 0.000000e+00 0.000000e+00
      outer loop
         vertex 3.728143e+01 5.431254e+01 5.662340e+01
         vertex 3.728143e+01 5.279699e+01 5.574840e+01
         vertex 3.728143e+01 5.414507e+01 5.724840e+01
      endloop
   endfacet
   facet normal -1.000000e+00 0.000000e+00 0.000000e+00
      outer loop
         vertex 3.728143e+01 5.414507e+01 5.724840e+01
         vertex 3.728143e+01 5.279699e+01 5.574840e+01
         vertex 3.728143e+01 5.239507e+01 5.724840e+01
      endloop
   endfacet
   facet normal -1.000000e+00 0.000000e+00 0.000000e+00
      outer loop
         vertex 3.728143e+01 5.414507e+01 5.724840e+01
         vertex 3.728143e+01 5.239507e+01 5.724840e+01
         vertex 3.728143e+01 5.431254e+01 5.787340e+01
      endloop
   endfacet
   facet normal -1.000000e+00 0.000000e+00 0.000000e+00
      outer loop
         vertex 3.728143e+01 5.431254e+01 5.787340e+01
         vertex 3.728143e+01 5.239507e+01 5.724840e+01
         vertex 3.728143e+01 5.279699e+01 5.874840e+01
      endloop
   endfacet
   facet normal -1.000000e+00 0.000000e+00 0.000000e+00
      outer loop
         vertex 3.728143e+01 5.431254e+01 5.787340e+01
         vertex 3.728143e+01 5.279699e+01 5.874840e+01
         vertex 3.728143e+01 5.477007e+01 5.833094e+01
      endloop
   endfacet
   facet normal -1.000000e+00 0.000000e+00 0.000000e+00
      outer loop
         vertex 3.728143e+01 5.477007e+01 5.833094e+01
         vertex 3.728143e+01 5.279699e+01 5.874840e+01
         vertex 3.728143e+01 5.389507e+01 5.984648e+01
      endloop
   endfacet
   facet normal -1.000000e+00 0.000000e+00 0.000000e+00
      outer loop
         vertex 3.728143e+01 5.477007e+01 5.833094e+01
         vertex 3.728143e+01 5.389507e+01 5.984648e+01
         vertex 3.728143e+01 5.539507e+01 5.849840e+01
      endloop
   endfacet
   facet normal -1.000000e+00 0.000000e+00 0.000000e+00
      outer loop
         vertex 3.728143e+01 5.539507e+01 5.849840e+01
         vertex 3.728143e+01 5.389507e+01 5.984648e+01
         vertex 3.728143e+01 5.539507e+01 6.024840e+01
      endloop
   endfacet
   facet normal -1.000000e+00 0.000000e+00 0.000000e+00
      outer loop
         vertex 3.728143e+01 5.539507e+01 5.849840e+01
         vertex 3.728143e+01 5.539507e+01 6.024840e+01
         vertex 3.728143e+01 5.602007e+01 5.833094e+01
      endloop
   endfacet
   facet normal -1.000000e+00 0.000000e+00 0.000000e+00
      outer loop
         vertex 3.728143e+01 5.602007e+01 5.833094e+01
         vertex 3.728143e+01 5.539507e+01 6.024840e+01
         vertex 3.728143e+01 5.689507e+01 5.984648e+01
      endloop
   endfacet
   facet normal -1.000000e+00 0.000000e+00 0.000000e+00
      outer loop
         vertex 3.728143e+01 5.602007e+01 5.833094e+01
         vertex 3.728143e+01 5.689507e+01 5.984648e+01
         vertex 3.728143e+01 5.647760e+01 5.787340e+01
      endloop
   endfacet
   facet normal -1.000000e+00 0.000000e+00 0.000000e+00
      outer loop
         vertex 3.728143e+01 5.647760e+01 5.787340e+01
         vertex 3.728143e+01 5.689507e+01 5.984648e+01
         vertex 3.728143e+01 5.799315e+01 5.874840e+01
      endloop
   endfacet
   facet normal -1.000000e+00 0.000000e+00 0.000000e+00
      outer loop
         vertex 3.728143e+01 5.647760e+01 5.787340e+01
         vertex 3.728143e+01 5.799315e+01 5.874840e+01
         vertex 3.728143e+01 5.664507e+01 5.724840e+01
      endloop
   endfacet
   facet normal -1.000000e+00 0.000000e+00 0.000000e+00
      outer loop
         vertex 3.728143e+01 5.664507e+01 5.724840e+01
         vertex 3.728143e+01 5.799315e+01 5.874840e+01
         vertex 3.728143e+01 5.839507e+01 5.724840e+01
      endloop
   endfacet
   facet normal -1.000000e+00 0.000000e+00 0.000000e+00
      outer loop
         vertex 3.728143e+01 5.664507e+01 5.724840e+01
         vertex 3.728143e+01 5.839507e+01 5.724840e+01
         vertex 3.728143e+01 5.647760e+01 5.662340e+01
      endloop
   endfacet
   facet normal -1.000000e+00 0.000000e+00 0.000000e+00
      outer loop
         vertex 3.728143e+01 5.647760e+01 5.662340e+01
         vertex 3.728143e+01 5.839507e+01 5.724840e+01
         vertex 3.728143e+01 5.799315e+01 5.574840e+01
      endloop
   endfacet
   facet normal -1.000000e+00 0.000000e+00 0.000000e+00
      outer loop
         vertex 3.728143e+01 5.647760e+01 5.662340e+01
         vertex 3.728143e+01 5.799315e+01 5.574840e+01
         vertex 3.728143e+01 5.602007e+01 5.616587e+01
      endloop
   endfacet
   facet normal -1.000000e+00 0.000000e+00 0.000000e+00
      outer loop
         vertex 3.728143e+01 5.602007e+01 5.616587e+01
         vertex 3.728143e+01 5.799315e+01 5.574840e+01
         vertex 3.728143e+01 5.689507e+01 5.465033e+01
      endloop
   endfacet
   facet normal -1.000000e+00 0.000000e+00 0.000000e+00
      outer loop
         vertex 3.728143e+01 5.602007e+01 5.616587e+01
         vertex 3.728143e+01 5.689507e+01 5.465033e+01
         vertex 3.728143e+01 5.539507e+01 5.599840e+01
      endloop
   endfacet
   facet normal -1.000000e+00 0.000000e+00 0.000000e+00
      outer loop
         vertex 3.728143e+01 5.539507e+01 5.599840e+01
         vertex 3.728143e+01 5.689507e+01 5.465033e+01
         vertex 3.728143e+01 5.539507e+01 5.424840e+01
      endloop
   endfacet
   facet normal -0.000000e+00 -2.588195e-01 -9.659257e-01
      outer loop
         vertex 3.728143e+01 5.539507e+01 6.024840e+01
         vertex 3.528143e+01 5.539507e+01 6.024840e+01
         vertex 3.728143e+01 5.689507e+01 5.984648e+01
      endloop
   endfacet
   facet normal -0.000000e+00 -2.588195e-01 -9.659257e-01
      outer loop
         vertex 3.728143e+01 5.689507e+01 5.984648e+01
         vertex 3.528143e+01 5.539507e+01 6.024840e+01
         vertex 3.528143e+01 5.689507e+01 5.984648e+01
      endloop
   endfacet
   facet normal -0.000000e+00 -7.071068e-01 -7.071068e-01
      outer loop
         vertex 3.728143e+01 5.689507e+01 5.984648e+01
         vertex 3.528143e+01 5.689507e+01 5.984648e+01
         vertex 3.728143e+01 5.799315e+01 5.874840e+01
      endloop
   endfacet
   facet normal -0.000000e+00 -7.071068e-01 -7.071068e-01
      outer loop
         vertex 3.728143e+01 5.799315e+01 5.874840e+01
         vertex 3.528143e+01 5.689507e+01 5.984648e+01
         vertex 3.528143e+01 5.799315e+01 5.874840e+01
      endloop
   endfacet
   facet normal -0.000000e+00 -9.659256e-01 -2.588199e-01
      outer loop
         vertex 3.728143e+01 5.799315e+01 5.874840e+01
         vertex 3.528143e+01 5.799315e+01 5.874840e+01
         vertex 3.728143e+01 5.839507e+01 5.724840e+01
      endloop
   endfacet
   facet normal -0.000000e+00 -9.659256e-01 -2.588199e-01
      outer loop
         vertex 3.728143e+01 5.839507e+01 5.724840e+01
         vertex 3.528143e+01 5.799315e+01 5.874840e+01
         vertex 3.528143e+01 5.839507e+01 5.724840e+01
      endloop
   endfacet
   facet normal 0.000000e+00 -9.659256e-01 2.588200e-01
      outer loop
         vertex 3.728143e+01 5.839507e+01 5.724840e+01
         vertex 3.528143e+01 5.839507e+01 5.724840e+01
         vertex 3.728143e+01 5.799315e+01 5.574840e+01
      endloop
   endfacet
   facet normal 0.000000e+00 -9.659256e-01 2.588200e-01
      outer loop
         vertex 3.728143e+01 5.799315e+01 5.574840e+01
         vertex 3.528143e+01 5.839507e+01 5.724840e+01
         vertex 3.528143e+01 5.799315e+01 5.574840e+01
      endloop
   endfacet
   facet normal 0.000000e+00 -7.071069e-01 7.071066e-01
      outer loop
         vertex 3.728143e+01 5.799315e+01 5.574840e+01
         vertex 3.528143e+01 5.799315e+01 5.574840e+01
         vertex 3.728143e+01 5.689507e+01 5.465033e+01
      endloop
   endfacet
   facet normal 0.000000e+00 -7.071069e-01 7.071066e-01
      outer loop
         vertex 3.728143e+01 5.689507e+01 5.465033e+01
         vertex 3.528143e+01 5.799315e+01 5.574840e+01
         vertex 3.528143e+01 5.689507e+01 5.465033e+01
      endloop
   endfacet
   facet normal 0.000000e+00 -2.588191e-01 9.659258e-01
      outer loop
         vertex 3.728143e+01 5.689507e+01 5.465033e+01
         vertex 3.528143e+01 5.689507e+01 5.465033e+01
         vertex 3.728143e+01 5.539507e+01 5.424840e+01
      endloop
   endfacet
   facet normal 0.000000e+00 -2.588191e-01 9.659258e-01
      outer loop
         vertex 3.728143e+01 5.539507e+01 5.424840e+01
         vertex 3.528143e+01 5.689507e+01 5.465033e+01
         vertex 3.528143e+01 5.539507e+01 5.424840e+01
      endloop
   endfacet
   facet normal 0.000000e+00 2.588191e-01 9.659258e-01
      outer loop
         vertex 3.728143e+01 5.539507e+01 5.424840e+01
         vertex 3.528143e+01 5.539507e+01 5.424840e+01
         vertex 3.728143e+01 5.389507e+01 5.465033e+01
      endloop
   endfacet
   facet normal 0.000000e+00 2.588191e-01 9.659258e-01
      outer loop
         vertex 3.728143e+01 5.389507e+01 5.465033e+01
         vertex 3.528143e+01 5.539507e+01 5.424840e+01
         vertex 3.528143e+01 5.389507e+01 5.465033e+01
      endloop
   endfacet
   facet normal 0.000000e+00 7.071063e-01 7.071072e-01
      outer loop
         vertex 3.728143e+01 5.389507e+01 5.465033e+01
         vertex 3.528143e+01 5.389507e+01 5.465033e+01
         vertex 3.728143e+01 5.279699e+01 5.574840e+01
      endloop
   endfacet
   facet normal 0.000000e+00 7.071063e-01 7.071072e-01
      outer loop
         vertex 3.728143e+01 5.279699e+01 5.574840e+01
         vertex 3.528143e+01 5.389507e+01 5.465033e+01
         vertex 3.528143e+01 5.279699e+01 5.574840e+01
      endloop
   endfacet
   facet normal 0.000000e+00 9.659259e-01 2.588189e-01
      outer loop
         vertex 3.728143e+01 5.279699e+01 5.574840e+01
         vertex 3.528143e+01 5.279699e+01 5.574840e+01
         vertex 3.728143e+01 5.239507e+01 5.724840e+01
      endloop
   endfacet
   facet normal 0.000000e+00 9.659259e-01 2.588189e-01
      outer loop
         vertex 3.728143e+01 5.239507e+01 5.724840e+01
         vertex 3.528143e+01 5.279699e+01 5.574840e+01
         vertex 3.528143e+01 5.239507e+01 5.724840e+01
      endloop
   endfacet
   facet normal 0.000000e+00 9.659259e-01 -2.588188e-01
      outer loop
         vertex 3.728143e+01 5.239507e+01 5.724840e+01
         vertex 3.528143e+01 5.239507e+01 5.724840e+01
         vertex 3.728143e+01 5.279699e+01 5.874840e+01
      endloop
   endfacet
   facet normal 0.000000e+00 9.659259e-01 -2.588188e-01
      outer loop
         vertex 3.728143e+01 5.279699e+01 5.874840e+01
         vertex 3.528143e+01 5.239507e+01 5.724840e+01
         vertex 3.528143e+01 5.279699e+01 5.874840e+01
      endloop
   endfacet
   facet normal 0.000000e+00 7.071062e-01 -7.071074e-01
      outer loop
         vertex 3.728143e+01 5.279699e+01 5.874840e+01
         vertex 3.528143e+01 5.279699e+01 5.874840e+01
         vertex 3.728143e+01 5.389507e+01 5.984648e+01
      endloop
   endfacet
   facet normal 0.000000e+00 7.071062e-01 -7.071074e-01
      outer loop
         vertex 3.728143e+01 5.389507e+01 5.984648e+01
         vertex 3.528143e+01 5.279699e+01 5.874840e+01
         vertex 3.528143e+01 5.389507e+01 5.984648e+01
      endloop
   endfacet
   facet normal 0.000000e+00 2.588195e-01 -9.659257e-01
      outer loop
         vertex 3.728143e+01 5.389507e+01 5.984648e+01
         vertex 3.528143e+01 5.389507e+01 5.984648e+01
         vertex 3.728143e+01 5.539507e+01 6.024840e+01
      endloop
   endfacet
   facet normal 0.000000e+00 2.588195e-01 -9.659257e-01
      outer loop
         vertex 3.728143e+01 5.539507e+01 6.024840e+01
         vertex 3.528143e+01 5.389507e+01 5.984648e+01
         vertex 3.528143e+01 5.539507e+01 6.024840e+01
      endloop
   endfacet
   facet normal 8.465746e-01 5.321551e-01 1.106230e-02
      outer loop
         vertex 4.112967e+01 1.047603e+02 6.283950e+01
         vertex 4.228143e+01 1.029212e+02 6.317146e+01
         vertex 4.228143e+01 1.029221e+02 6.312549e+01
      endloop
   endfacet
   facet normal 8.427464e-01 5.359200e-01 5.067800e-02
      outer loop
         vertex 4.228143e+01 1.029221e+02 6.312549e+01
         vertex 4.113420e+01 1.047562e+02 6.280778e+01
         vertex 4.112967e+01 1.047603e+02 6.283950e+01
      endloop
   endfacet
   facet normal 8.426023e-01 5.361513e-01 5.062728e-02
      outer loop
         vertex 4.112967e+01 1.047603e+02 6.283950e+01
         vertex 4.113420e+01 1.047562e+02 6.280778e+01
         vertex 3.978307e+01 1.069150e+02 6.243268e+01
      endloop
   endfacet
   facet normal 8.362632e-01 5.402912e-01 9.353764e-02
      outer loop
         vertex 4.112967e+01 1.047603e+02 6.283950e+01
         vertex 3.978307e+01 1.069150e+02 6.243268e+01
         vertex 3.977972e+01 1.069170e+02 6.245137e+01
      endloop
   endfacet
   facet normal 8.364154e-01 5.400464e-01 9.359041e-02
      outer loop
         vertex 3.977972e+01 1.069170e+02 6.245137e+01
         vertex 3.978307e+01 1.069150e+02 6.243268e+01
         vertex 3.804285e+01 1.096942e+02 6.194814e+01
      endloop
   endfacet
   facet normal 8.271048e-01 5.433293e-01 1.438433e-01
      outer loop
         vertex 3.977972e+01 1.069170e+02 6.245137e+01
         vertex 3.804285e+01 1.096942e+02 6.194814e+01
         vertex 3.804174e+01 1.096946e+02 6.195313e+01
      endloop
   endfacet
   facet normal 8.155245e-01 5.771098e-01 4.317511e-02
      outer loop
         vertex 4.226907e+01 1.028377e+02 6.554073e+01
         vertex 4.227636e+01 1.028336e+02 6.545808e+01
         vertex 4.178834e+01 1.035103e+02 6.563121e+01
      endloop
   endfacet
   facet normal 8.084933e-01 5.495738e-01 2.104928e-01
      outer loop
         vertex 4.226907e+01 1.028377e+02 6.554073e+01
         vertex 4.178834e+01 1.035103e+02 6.563121e+01
         vertex 4.211087e+01 1.028340e+02 6.615818e+01
      endloop
   endfacet
   facet normal 7.079813e-01 4.191116e-01 5.684258e-01
      outer loop
         vertex 4.173937e+01 1.027584e+02 6.676822e+01
         vertex 4.196600e+01 1.028087e+02 6.644883e+01
         vertex 4.165950e+01 1.032759e+02 6.648613e+01
      endloop
   endfacet
   facet normal 7.717676e-01 4.723530e-01 4.257435e-01
      outer loop
         vertex 4.165950e+01 1.032759e+02 6.648613e+01
         vertex 4.196600e+01 1.028087e+02 6.644883e+01
         vertex 4.211087e+01 1.028340e+02 6.615818e+01
      endloop
   endfacet
   facet normal 5.226546e-01 2.412171e-01 8.177081e-01
      outer loop
         vertex 4.132794e+01 1.026511e+02 6.714861e+01
         vertex 4.133702e+01 1.026536e+02 6.714207e+01
         vertex 4.123090e+01 1.028548e+02 6.715055e+01
      endloop
   endfacet
   facet normal 6.096636e-01 2.904937e-01 7.375118e-01
      outer loop
         vertex 4.123090e+01 1.028548e+02 6.715055e+01
         vertex 4.133702e+01 1.026536e+02 6.714207e+01
         vertex 4.173937e+01 1.027584e+02 6.676822e+01
      endloop
   endfacet
   facet normal 5.886958e-01 4.550406e-01 6.681132e-01
      outer loop
         vertex 4.173937e+01 1.027584e+02 6.676822e+01
         vertex 4.165950e+01 1.032759e+02 6.648613e+01
         vertex 4.123090e+01 1.028548e+02 6.715055e+01
      endloop
   endfacet
   facet normal 6.281433e-01 4.070391e-01 6.631404e-01
      outer loop
         vertex 4.123090e+01 1.028548e+02 6.715055e+01
         vertex 4.165950e+01 1.032759e+02 6.648613e+01
         vertex 4.095808e+01 1.043126e+02 6.651416e+01
      endloop
   endfacet
   facet normal 7.203467e-01 3.862930e-01 5.760888e-01
      outer loop
         vertex 4.123090e+01 1.028548e+02 6.715055e+01
         vertex 4.095808e+01 1.043126e+02 6.651416e+01
         vertex 4.064676e+01 1.040263e+02 6.709541e+01
      endloop
   endfacet
   facet normal 6.461174e-01 4.883191e-01 5.865806e-01
      outer loop
         vertex 4.064676e+01 1.040263e+02 6.709541e+01
         vertex 4.095808e+01 1.043126e+02 6.651416e+01
         vertex 3.977302e+01 1.059815e+02 6.643017e+01
      endloop
   endfacet
   facet normal 7.453575e-01 4.877263e-01 4.544945e-01
      outer loop
         vertex 4.064676e+01 1.040263e+02 6.709541e+01
         vertex 3.977302e+01 1.059815e+02 6.643017e+01
         vertex 3.961480e+01 1.058630e+02 6.681689e+01
      endloop
   endfacet
   facet normal 7.671127e-01 5.797781e-01 2.745824e-01
      outer loop
         vertex 4.211087e+01 1.028340e+02 6.615818e+01
         vertex 4.178834e+01 1.035103e+02 6.563121e+01
         vertex 4.165950e+01 1.032759e+02 6.648613e+01
      endloop
   endfacet
   facet normal 7.978867e-01 5.398243e-01 2.682657e-01
      outer loop
         vertex 4.165950e+01 1.032759e+02 6.648613e+01
         vertex 4.178834e+01 1.035103e+02 6.563121e+01
         vertex 4.107768e+01 1.044658e+02 6.582210e+01
      endloop
   endfacet
   facet normal 8.035082e-01 5.366485e-01 2.576490e-01
      outer loop
         vertex 4.165950e+01 1.032759e+02 6.648613e+01
         vertex 4.107768e+01 1.044658e+02 6.582210e+01
         vertex 4.095808e+01 1.043126e+02 6.651416e+01
      endloop
   endfacet
   facet normal 7.798119e-01 5.691276e-01 2.607435e-01
      outer loop
         vertex 4.095808e+01 1.043126e+02 6.651416e+01
         vertex 4.107768e+01 1.044658e+02 6.582210e+01
         vertex 3.986139e+01 1.060463e+02 6.600989e+01
      endloop
   endfacet
   facet normal 7.829346e-01 5.686465e-01 2.522985e-01
      outer loop
         vertex 4.095808e+01 1.043126e+02 6.651416e+01
         vertex 3.986139e+01 1.060463e+02 6.600989e+01
         vertex 3.977302e+01 1.059815e+02 6.643017e+01
      endloop
   endfacet
   facet normal 7.626234e-01 5.956547e-01 2.521926e-01
      outer loop
         vertex 3.977302e+01 1.059815e+02 6.643017e+01
         vertex 3.986139e+01 1.060463e+02 6.600989e+01
         vertex 3.818098e+01 1.081718e+02 6.607112e+01
      endloop
   endfacet
   facet normal 7.597327e-01 5.951488e-01 2.619238e-01
      outer loop
         vertex 3.977302e+01 1.059815e+02 6.643017e+01
         vertex 3.818098e+01 1.081718e+02 6.607112e+01
         vertex 3.815003e+01 1.081583e+02 6.619162e+01
      endloop
   endfacet
   facet normal 7.532386e-01 6.036563e-01 2.612101e-01
      outer loop
         vertex 3.815003e+01 1.081583e+02 6.619162e+01
         vertex 3.818098e+01 1.081718e+02 6.607112e+01
         vertex 3.805814e+01 1.083258e+02 6.606956e+01
      endloop
   endfacet
   facet normal 7.522626e-01 6.042191e-01 2.627171e-01
      outer loop
         vertex 3.815003e+01 1.081583e+02 6.619162e+01
         vertex 3.805814e+01 1.083258e+02 6.606956e+01
         vertex 3.803146e+01 1.083144e+02 6.617213e+01
      endloop
   endfacet
   facet normal 7.039322e-01 5.452437e-01 4.551800e-01
      outer loop
         vertex 3.961480e+01 1.058630e+02 6.681689e+01
         vertex 3.977302e+01 1.059815e+02 6.643017e+01
         vertex 3.887772e+01 1.070231e+02 6.656702e+01
      endloop
   endfacet
   facet normal 7.333490e-01 5.847739e-01 3.467547e-01
      outer loop
         vertex 3.887772e+01 1.070231e+02 6.656702e+01
         vertex 3.977302e+01 1.059815e+02 6.643017e+01
         vertex 3.815003e+01 1.081583e+02 6.619162e+01
      endloop
   endfacet
   facet normal 7.451301e-01 5.841005e-01 3.218817e-01
      outer loop
         vertex 3.887772e+01 1.070231e+02 6.656702e+01
         vertex 3.815003e+01 1.081583e+02 6.619162e+01
         vertex 3.811325e+01 1.081401e+02 6.630984e+01
      endloop
   endfacet
   facet normal 7.345320e-01 5.979944e-01 3.207263e-01
      outer loop
         vertex 3.811325e+01 1.081401e+02 6.630984e+01
         vertex 3.815003e+01 1.081583e+02 6.619162e+01
         vertex 3.803146e+01 1.083144e+02 6.617213e+01
      endloop
   endfacet
   facet normal 7.398720e-01 5.950586e-01 3.138387e-01
      outer loop
         vertex 3.811325e+01 1.081401e+02 6.630984e+01
         vertex 3.803146e+01 1.083144e+02 6.617213e+01
         vertex 3.800056e+01 1.082996e+02 6.627306e+01
      endloop
   endfacet
   facet normal 8.551299e-01 7.474597e-02 -5.129970e-01
      outer loop
         vertex 4.228143e+01 1.021535e+02 4.020023e+01
         vertex 4.228143e+01 1.017978e+02 4.014840e+01
         vertex 4.115694e+01 1.032432e+02 3.848456e+01
      endloop
   endfacet
   facet normal 8.322919e-01 5.111314e-01 -2.145575e-01
      outer loop
         vertex 4.228143e+01 1.028587e+02 4.102467e+01
         vertex 4.228143e+01 1.026859e+02 4.061305e+01
         vertex 4.115216e+01 1.037823e+02 3.884436e+01
      endloop
   endfacet
   facet normal 8.699785e-01 3.696836e-01 -3.262996e-01
      outer loop
         vertex 4.115216e+01 1.037823e+02 3.884436e+01
         vertex 4.228143e+01 1.026859e+02 4.061305e+01
         vertex 4.228143e+01 1.024725e+02 4.037127e+01
      endloop
   endfacet
   facet normal 8.744504e-01 2.292142e-01 -4.275480e-01
      outer loop
         vertex 4.228143e+01 1.021535e+02 4.020023e+01
         vertex 4.115694e+01 1.032432e+02 3.848456e+01
         vertex 4.228143e+01 1.024725e+02 4.037127e+01
      endloop
   endfacet
   facet normal 7.662185e-01 6.384232e-01 -7.297293e-02
      outer loop
         vertex 4.096742e+01 1.042351e+02 3.926968e+01
         vertex 4.228143e+01 1.029221e+02 4.157951e+01
         vertex 4.228143e+01 1.028587e+02 4.102467e+01
      endloop
   endfacet
   facet normal 8.707929e-01 2.782409e-01 -4.053415e-01
      outer loop
         vertex 4.228143e+01 1.024725e+02 4.037127e+01
         vertex 4.115694e+01 1.032432e+02 3.848456e+01
         vertex 4.115216e+01 1.037823e+02 3.884436e+01
      endloop
   endfacet
   facet normal 8.679408e-01 2.810093e-01 -4.095273e-01
      outer loop
         vertex 4.115216e+01 1.037823e+02 3.884436e+01
         vertex 4.115694e+01 1.032432e+02 3.848456e+01
         vertex 3.979366e+01 1.048272e+02 3.668218e+01
      endloop
   endfacet
   facet normal 8.572565e-01 3.667806e-01 -3.613632e-01
      outer loop
         vertex 4.115216e+01 1.037823e+02 3.884436e+01
         vertex 3.979366e+01 1.048272e+02 3.668218e+01
         vertex 3.975843e+01 1.051339e+02 3.690993e+01
      endloop
   endfacet
   facet normal 8.518032e-01 3.718343e-01 -3.690130e-01
      outer loop
         vertex 3.975843e+01 1.051339e+02 3.690993e+01
         vertex 3.979366e+01 1.048272e+02 3.668218e+01
         vertex 3.872655e+01 1.059657e+02 3.536611e+01
      endloop
   endfacet
   facet normal 8.410289e-01 4.271151e-01 -3.320286e-01
      outer loop
         vertex 3.975843e+01 1.051339e+02 3.690993e+01
         vertex 3.872655e+01 1.059657e+02 3.536611e+01
         vertex 3.869666e+01 1.061222e+02 3.549174e+01
      endloop
   endfacet
   facet normal 8.385887e-01 4.293139e-01 -3.353484e-01
      outer loop
         vertex 3.869666e+01 1.061222e+02 3.549174e+01
         vertex 3.872655e+01 1.059657e+02 3.536611e+01
         vertex 3.806283e+01 1.066395e+02 3.456900e+01
      endloop
   endfacet
   facet normal 8.313944e-01 4.583875e-01 -3.141087e-01
      outer loop
         vertex 3.869666e+01 1.061222e+02 3.549174e+01
         vertex 3.806283e+01 1.066395e+02 3.456900e+01
         vertex 3.804446e+01 1.067178e+02 3.463468e+01
      endloop
   endfacet
   facet normal 8.246851e-01 5.276713e-01 -2.036113e-01
      outer loop
         vertex 4.228143e+01 1.028587e+02 4.102467e+01
         vertex 4.115216e+01 1.037823e+02 3.884436e+01
         vertex 4.096742e+01 1.042351e+02 3.926968e+01
      endloop
   endfacet
   facet normal 8.170450e-01 5.350669e-01 -2.148040e-01
      outer loop
         vertex 4.096742e+01 1.042351e+02 3.926968e+01
         vertex 4.115216e+01 1.037823e+02 3.884436e+01
         vertex 3.975843e+01 1.051339e+02 3.690993e+01
      endloop
   endfacet
   facet normal 8.302299e-01 5.066766e-01 -2.323727e-01
      outer loop
         vertex 4.096742e+01 1.042351e+02 3.926968e+01
         vertex 3.975843e+01 1.051339e+02 3.690993e+01
         vertex 3.966139e+01 1.054078e+02 3.716043e+01
      endloop
   endfacet
   facet normal 8.174156e-01 5.187255e-01 -2.505107e-01
      outer loop
         vertex 3.966139e+01 1.054078e+02 3.716043e+01
         vertex 3.975843e+01 1.051339e+02 3.690993e+01
         vertex 3.869666e+01 1.061222e+02 3.549174e+01
      endloop
   endfacet
   facet normal 8.251227e-01 5.000162e-01 -2.629760e-01
      outer loop
         vertex 3.966139e+01 1.054078e+02 3.716043e+01
         vertex 3.869666e+01 1.061222e+02 3.549174e+01
         vertex 3.864967e+01 1.062691e+02 3.562362e+01
      endloop
   endfacet
   facet normal 8.188051e-01 5.057509e-01 -2.716141e-01
      outer loop
         vertex 3.864967e+01 1.062691e+02 3.562362e+01
         vertex 3.869666e+01 1.061222e+02 3.549174e+01
         vertex 3.804446e+01 1.067178e+02 3.463468e+01
      endloop
   endfacet
   facet normal 8.227079e-01 4.954779e-01 -2.786636e-01
      outer loop
         vertex 3.864967e+01 1.062691e+02 3.562362e+01
         vertex 3.804446e+01 1.067178e+02 3.463468e+01
         vertex 3.802164e+01 1.067936e+02 3.470198e+01
      endloop
   endfacet
   facet normal 8.468929e-01 -5.316486e-01 1.105178e-02
      outer loop
         vertex 4.113827e+01 5.004044e+01 6.280891e+01
         vertex 4.228143e+01 5.186802e+01 6.312549e+01
         vertex 4.228143e+01 5.186897e+01 6.317146e+01
      endloop
   endfacet
   facet normal 8.423307e-01 -5.365989e-01 5.040403e-02
      outer loop
         vertex 4.228143e+01 5.186897e+01 6.317146e+01
         vertex 4.113373e+01 5.003630e+01 6.284067e+01
         vertex 4.113827e+01 5.004044e+01 6.280891e+01
      endloop
   endfacet
   facet normal 8.424494e-01 -5.364086e-01 5.044579e-02
      outer loop
         vertex 4.113827e+01 5.004044e+01 6.280891e+01
         vertex 4.113373e+01 5.003630e+01 6.284067e+01
         vertex 3.977972e+01 4.787315e+01 6.245137e+01
      endloop
   endfacet
   facet normal 8.365473e-01 -5.398341e-01 9.363617e-02
      outer loop
         vertex 4.113827e+01 5.004044e+01 6.280891e+01
         vertex 3.977972e+01 4.787315e+01 6.245137e+01
         vertex 3.978307e+01 4.787510e+01 6.243268e+01
      endloop
   endfacet
   facet normal 8.363731e-01 -5.401145e-01 9.357574e-02
      outer loop
         vertex 3.978307e+01 4.787510e+01 6.243268e+01
         vertex 3.977972e+01 4.787315e+01 6.245137e+01
         vertex 3.804141e+01 4.509505e+01 6.195318e+01
      endloop
   endfacet
   facet normal 8.272225e-01 -5.430907e-01 1.440675e-01
      outer loop
         vertex 3.978307e+01 4.787510e+01 6.243268e+01
         vertex 3.804141e+01 4.509505e+01 6.195318e+01
         vertex 3.804285e+01 4.509591e+01 6.194814e+01
      endloop
   endfacet
   facet normal 7.369122e-01 -5.988996e-01 3.134958e-01
      outer loop
         vertex 3.800056e+01 4.649053e+01 6.627306e+01
         vertex 3.803146e+01 4.647572e+01 6.617213e+01
         vertex 3.815003e+01 4.663181e+01 6.619162e+01
      endloop
   endfacet
   facet normal 5.226546e-01 -2.412171e-01 8.177081e-01
      outer loop
         vertex 4.133702e+01 5.213650e+01 6.714207e+01
         vertex 4.132794e+01 5.213901e+01 6.714861e+01
         vertex 4.123090e+01 5.193532e+01 6.715055e+01
      endloop
   endfacet
   facet normal 6.095195e-01 -2.904113e-01 7.376633e-01
      outer loop
         vertex 4.133702e+01 5.213650e+01 6.714207e+01
         vertex 4.123090e+01 5.193532e+01 6.715055e+01
         vertex 4.173873e+01 5.203193e+01 6.676897e+01
      endloop
   endfacet
   facet normal 7.717309e-01 -4.723202e-01 4.258463e-01
      outer loop
         vertex 4.211068e+01 5.195620e+01 6.615864e+01
         vertex 4.196600e+01 5.198144e+01 6.644883e+01
         vertex 4.165950e+01 5.151427e+01 6.648613e+01
      endloop
   endfacet
   facet normal 7.078819e-01 -4.190310e-01 5.686090e-01
      outer loop
         vertex 4.165950e+01 5.151427e+01 6.648613e+01
         vertex 4.196600e+01 5.198144e+01 6.644883e+01
         vertex 4.173873e+01 5.203193e+01 6.676897e+01
      endloop
   endfacet
   facet normal 7.344819e-01 -5.989112e-01 3.191266e-01
      outer loop
         vertex 4.211068e+01 5.195620e+01 6.615864e+01
         vertex 4.178834e+01 5.127986e+01 6.563121e+01
         vertex 4.214116e+01 5.195219e+01 6.608097e+01
      endloop
   endfacet
   facet normal 8.192841e-01 -5.463429e-01 1.740204e-01
      outer loop
         vertex 4.214116e+01 5.195219e+01 6.608097e+01
         vertex 4.178834e+01 5.127986e+01 6.563121e+01
         vertex 4.227636e+01 5.195654e+01 6.545808e+01
      endloop
   endfacet
   facet normal 5.886050e-01 -4.551460e-01 6.681214e-01
      outer loop
         vertex 4.173873e+01 5.203193e+01 6.676897e+01
         vertex 4.123090e+01 5.193532e+01 6.715055e+01
         vertex 4.165950e+01 5.151427e+01 6.648613e+01
      endloop
   endfacet
   facet normal 6.624745e-01 -3.612093e-01 6.562434e-01
      outer loop
         vertex 4.165950e+01 5.151427e+01 6.648613e+01
         vertex 4.123090e+01 5.193532e+01 6.715055e+01
         vertex 4.064676e+01 5.076380e+01 6.709541e+01
      endloop
   endfacet
   facet normal 6.800913e-01 -4.443486e-01 5.831211e-01
      outer loop
         vertex 4.165950e+01 5.151427e+01 6.648613e+01
         vertex 4.064676e+01 5.076380e+01 6.709541e+01
         vertex 4.095808e+01 5.047753e+01 6.651416e+01
      endloop
   endfacet
   facet normal 6.661025e-01 -4.629536e-01 5.847918e-01
      outer loop
         vertex 4.095808e+01 5.047753e+01 6.651416e+01
         vertex 4.064676e+01 5.076380e+01 6.709541e+01
         vertex 3.961480e+01 4.892718e+01 6.681689e+01
      endloop
   endfacet
   facet normal 7.149954e-01 -5.306171e-01 4.552220e-01
      outer loop
         vertex 4.095808e+01 5.047753e+01 6.651416e+01
         vertex 3.961480e+01 4.892718e+01 6.681689e+01
         vertex 3.977302e+01 4.880862e+01 6.643017e+01
      endloop
   endfacet
   facet normal 7.039322e-01 -5.452437e-01 4.551800e-01
      outer loop
         vertex 3.977302e+01 4.880862e+01 6.643017e+01
         vertex 3.961480e+01 4.892718e+01 6.681689e+01
         vertex 3.887772e+01 4.776700e+01 6.656702e+01
      endloop
   endfacet
   facet normal 7.333490e-01 -5.847739e-01 3.467547e-01
      outer loop
         vertex 3.977302e+01 4.880862e+01 6.643017e+01
         vertex 3.887772e+01 4.776700e+01 6.656702e+01
         vertex 3.815003e+01 4.663181e+01 6.619162e+01
      endloop
   endfacet
   facet normal 7.451301e-01 -5.841005e-01 3.218817e-01
      outer loop
         vertex 3.815003e+01 4.663181e+01 6.619162e+01
         vertex 3.887772e+01 4.776700e+01 6.656702e+01
         vertex 3.811325e+01 4.665004e+01 6.630984e+01
      endloop
   endfacet
   facet normal 7.370591e-01 -5.947247e-01 3.210085e-01
      outer loop
         vertex 3.815003e+01 4.663181e+01 6.619162e+01
         vertex 3.811325e+01 4.665004e+01 6.630984e+01
         vertex 3.800056e+01 4.649053e+01 6.627306e+01
      endloop
   endfacet
   facet normal 7.671466e-01 -5.797363e-01 2.745760e-01
      outer loop
         vertex 4.211068e+01 5.195620e+01 6.615864e+01
         vertex 4.165950e+01 5.151427e+01 6.648613e+01
         vertex 4.178834e+01 5.127986e+01 6.563121e+01
      endloop
   endfacet
   facet normal 8.014177e-01 -5.349686e-01 2.674665e-01
      outer loop
         vertex 4.178834e+01 5.127986e+01 6.563121e+01
         vertex 4.165950e+01 5.151427e+01 6.648613e+01
         vertex 4.095808e+01 5.047753e+01 6.651416e+01
      endloop
   endfacet
   facet normal 7.991791e-01 -5.427845e-01 2.582591e-01
      outer loop
         vertex 4.178834e+01 5.127986e+01 6.563121e+01
         vertex 4.095808e+01 5.047753e+01 6.651416e+01
         vertex 4.107768e+01 5.032433e+01 6.582210e+01
      endloop
   endfacet
   facet normal 7.809360e-01 -5.676456e-01 2.606098e-01
      outer loop
         vertex 4.107768e+01 5.032433e+01 6.582210e+01
         vertex 4.095808e+01 5.047753e+01 6.651416e+01
         vertex 3.977302e+01 4.880862e+01 6.643017e+01
      endloop
   endfacet
   facet normal 7.811192e-01 -5.711367e-01 2.523007e-01
      outer loop
         vertex 4.107768e+01 5.032433e+01 6.582210e+01
         vertex 3.977302e+01 4.880862e+01 6.643017e+01
         vertex 3.986139e+01 4.874381e+01 6.600989e+01
      endloop
   endfacet
   facet normal 7.623364e-01 -5.960233e-01 2.521891e-01
      outer loop
         vertex 3.986139e+01 4.874381e+01 6.600989e+01
         vertex 3.977302e+01 4.880862e+01 6.643017e+01
         vertex 3.815003e+01 4.663181e+01 6.619162e+01
      endloop
   endfacet
   facet normal 7.607071e-01 -5.938564e-01 2.620291e-01
      outer loop
         vertex 3.986139e+01 4.874381e+01 6.600989e+01
         vertex 3.815003e+01 4.663181e+01 6.619162e+01
         vertex 3.818098e+01 4.661829e+01 6.607112e+01
      endloop
   endfacet
   facet normal 7.526991e-01 -6.043549e-01 2.611499e-01
      outer loop
         vertex 3.818098e+01 4.661829e+01 6.607112e+01
         vertex 3.815003e+01 4.663181e+01 6.619162e+01
         vertex 3.803146e+01 4.647572e+01 6.617213e+01
      endloop
   endfacet
   facet normal 7.528954e-01 -6.033984e-01 2.627906e-01
      outer loop
         vertex 3.818098e+01 4.661829e+01 6.607112e+01
         vertex 3.803146e+01 4.647572e+01 6.617213e+01
         vertex 3.805814e+01 4.646434e+01 6.606956e+01
      endloop
   endfacet
   facet normal 8.706701e-01 -3.644929e-01 -3.302703e-01
      outer loop
         vertex 4.228143e+01 5.233270e+01 4.035923e+01
         vertex 4.228143e+01 5.210795e+01 4.060727e+01
         vertex 4.115216e+01 5.100785e+01 3.884436e+01
      endloop
   endfacet
   facet normal 7.690944e-01 -6.344994e-01 -7.683943e-02
      outer loop
         vertex 4.228143e+01 5.193845e+01 4.099793e+01
         vertex 4.228143e+01 5.186802e+01 4.157951e+01
         vertex 4.096742e+01 5.055500e+01 3.926968e+01
      endloop
   endfacet
   facet normal 8.302213e-01 -5.113748e-01 -2.218749e-01
      outer loop
         vertex 4.228143e+01 5.193845e+01 4.099793e+01
         vertex 4.096742e+01 5.055500e+01 3.926968e+01
         vertex 4.228143e+01 5.210795e+01 4.060727e+01
      endloop
   endfacet
   facet normal 8.662731e-01 -2.332419e-01 -4.417796e-01
      outer loop
         vertex 4.228143e+01 5.233270e+01 4.035923e+01
         vertex 4.115216e+01 5.100785e+01 3.884436e+01
         vertex 4.228143e+01 5.262958e+01 4.020249e+01
      endloop
   endfacet
   facet normal 8.556160e-01 -7.632619e-02 -5.119528e-01
      outer loop
         vertex 4.115694e+01 5.154694e+01 3.848456e+01
         vertex 4.228143e+01 5.299235e+01 4.014840e+01
         vertex 4.228143e+01 5.262958e+01 4.020249e+01
      endloop
   endfacet
   facet normal 8.263649e-01 -5.260020e-01 -2.011043e-01
      outer loop
         vertex 4.228143e+01 5.210795e+01 4.060727e+01
         vertex 4.096742e+01 5.055500e+01 3.926968e+01
         vertex 4.115216e+01 5.100785e+01 3.884436e+01
      endloop
   endfacet
   facet normal 8.194990e-01 -5.327257e-01 -2.112454e-01
      outer loop
         vertex 4.115216e+01 5.100785e+01 3.884436e+01
         vertex 4.096742e+01 5.055500e+01 3.926968e+01
         vertex 3.966139e+01 4.938230e+01 3.716043e+01
      endloop
   endfacet
   facet normal 8.260746e-01 -5.106744e-01 -2.383536e-01
      outer loop
         vertex 4.115216e+01 5.100785e+01 3.884436e+01
         vertex 3.966139e+01 4.938230e+01 3.716043e+01
         vertex 3.975843e+01 4.965620e+01 3.690993e+01
      endloop
   endfacet
   facet normal 8.186271e-01 -5.176209e-01 -2.488337e-01
      outer loop
         vertex 3.975843e+01 4.965620e+01 3.690993e+01
         vertex 3.966139e+01 4.938230e+01 3.716043e+01
         vertex 3.864967e+01 4.852104e+01 3.562362e+01
      endloop
   endfacet
   facet normal 8.228292e-01 -5.021195e-01 -2.661357e-01
      outer loop
         vertex 3.975843e+01 4.965620e+01 3.690993e+01
         vertex 3.864967e+01 4.852104e+01 3.562362e+01
         vertex 3.869666e+01 4.866793e+01 3.549174e+01
      endloop
   endfacet
   facet normal 8.193775e-01 -5.052388e-01 -2.708398e-01
      outer loop
         vertex 3.869666e+01 4.866793e+01 3.549174e+01
         vertex 3.864967e+01 4.852104e+01 3.562362e+01
         vertex 3.802164e+01 4.799658e+01 3.470198e+01
      endloop
   endfacet
   facet normal 8.215888e-01 -4.964823e-01 -2.801734e-01
      outer loop
         vertex 3.869666e+01 4.866793e+01 3.549174e+01
         vertex 3.802164e+01 4.799658e+01 3.470198e+01
         vertex 3.804446e+01 4.807233e+01 3.463468e+01
      endloop
   endfacet
   facet normal 8.746599e-01 -2.744264e-01 -3.995749e-01
      outer loop
         vertex 4.228143e+01 5.262958e+01 4.020249e+01
         vertex 4.115216e+01 5.100785e+01 3.884436e+01
         vertex 4.115694e+01 5.154694e+01 3.848456e+01
      endloop
   endfacet
   facet normal 8.610343e-01 -2.875625e-01 -4.194374e-01
      outer loop
         vertex 4.115694e+01 5.154694e+01 3.848456e+01
         vertex 4.115216e+01 5.100785e+01 3.884436e+01
         vertex 3.975843e+01 4.965620e+01 3.690993e+01
      endloop
   endfacet
   facet normal 8.687849e-01 -3.556403e-01 -3.445763e-01
      outer loop
         vertex 4.115694e+01 5.154694e+01 3.848456e+01
         vertex 3.975843e+01 4.965620e+01 3.690993e+01
         vertex 3.979366e+01 4.996292e+01 3.668218e+01
      endloop
   endfacet
   facet normal 8.483201e-01 -3.749944e-01 -3.738078e-01
      outer loop
         vertex 3.979366e+01 4.996292e+01 3.668218e+01
         vertex 3.975843e+01 4.965620e+01 3.690993e+01
         vertex 3.869666e+01 4.866793e+01 3.549174e+01
      endloop
   endfacet
   facet normal 8.475685e-01 -4.210920e-01 -3.229691e-01
      outer loop
         vertex 3.979366e+01 4.996292e+01 3.668218e+01
         vertex 3.869666e+01 4.866793e+01 3.549174e+01
         vertex 3.872655e+01 4.882445e+01 3.536611e+01
      endloop
   endfacet
   facet normal 8.369630e-01 -4.307645e-01 -3.375424e-01
      outer loop
         vertex 3.872655e+01 4.882445e+01 3.536611e+01
         vertex 3.869666e+01 4.866793e+01 3.549174e+01
         vertex 3.804446e+01 4.807233e+01 3.463468e+01
      endloop
   endfacet
   facet normal 8.345608e-01 -4.555390e-01 -3.098266e-01
      outer loop
         vertex 3.872655e+01 4.882445e+01 3.536611e+01
         vertex 3.804446e+01 4.807233e+01 3.463468e+01
         vertex 3.806283e+01 4.815066e+01 3.456900e+01
      endloop
   endfacet
   facet normal 9.237520e-01 -1.060651e-01 3.680115e-01
      outer loop
         vertex 4.211068e+01 5.195620e+01 6.615864e+01
         vertex 4.214116e+01 5.195219e+01 6.608097e+01
         vertex 4.216446e+01 5.232751e+01 6.613066e+01
      endloop
   endfacet
   facet normal 9.993745e-01 -1.059042e-02 3.374206e-02
      outer loop
         vertex 4.227636e+01 5.195654e+01 6.545808e+01
         vertex 4.228143e+01 5.195754e+01 6.530834e+01
         vertex 4.228143e+01 5.251580e+01 6.548355e+01
      endloop
   endfacet
   facet normal 9.771038e-01 -1.850669e-02 2.119568e-01
      outer loop
         vertex 4.227636e+01 5.195654e+01 6.545808e+01
         vertex 4.228143e+01 5.251580e+01 6.548355e+01
         vertex 4.214116e+01 5.195219e+01 6.608097e+01
      endloop
   endfacet
   facet normal 8.876186e-01 -9.459460e-02 4.507605e-01
      outer loop
         vertex 4.211068e+01 5.195620e+01 6.615864e+01
         vertex 4.216446e+01 5.232751e+01 6.613066e+01
         vertex 4.196600e+01 5.198144e+01 6.644883e+01
      endloop
   endfacet
   facet normal 5.417863e-01 -1.804604e-01 8.209151e-01
      outer loop
         vertex 4.159453e+01 5.378818e+01 6.733520e+01
         vertex 4.132794e+01 5.213901e+01 6.714861e+01
         vertex 4.133702e+01 5.213650e+01 6.714207e+01
      endloop
   endfacet
   facet normal 7.912590e-01 1.680113e-01 5.879467e-01
      outer loop
         vertex 4.196600e+01 1.028087e+02 6.644883e+01
         vertex 4.173937e+01 1.027584e+02 6.676822e+01
         vertex 4.189542e+01 1.018512e+02 6.681744e+01
      endloop
   endfacet
   facet normal 6.511683e-01 1.523534e-01 7.434839e-01
      outer loop
         vertex 4.189542e+01 1.018512e+02 6.681744e+01
         vertex 4.173937e+01 1.027584e+02 6.676822e+01
         vertex 4.133702e+01 1.026536e+02 6.714207e+01
      endloop
   endfacet
   facet normal 8.865552e-01 1.035490e-01 4.508853e-01
      outer loop
         vertex 4.218248e+01 1.017200e+02 6.627321e+01
         vertex 4.211087e+01 1.028340e+02 6.615818e+01
         vertex 4.196600e+01 1.028087e+02 6.644883e+01
      endloop
   endfacet
   facet normal 9.993835e-01 9.679655e-03 3.374848e-02
      outer loop
         vertex 4.228143e+01 1.028326e+02 6.530834e+01
         vertex 4.227636e+01 1.028336e+02 6.545808e+01
         vertex 4.228143e+01 1.015744e+02 6.566921e+01
      endloop
   endfacet
   facet normal 9.960400e-01 1.858527e-02 8.694162e-02
      outer loop
         vertex 4.228143e+01 1.015744e+02 6.566921e+01
         vertex 4.227636e+01 1.028336e+02 6.545808e+01
         vertex 4.226907e+01 1.028377e+02 6.554073e+01
      endloop
   endfacet
   facet normal 6.681892e-01 -7.433053e-02 7.402690e-01
      outer loop
         vertex 4.173873e+01 5.203193e+01 6.676897e+01
         vertex 4.182723e+01 5.216124e+01 6.670207e+01
         vertex 4.133702e+01 5.213650e+01 6.714207e+01
      endloop
   endfacet
   facet normal 6.649878e-01 -1.443960e-01 7.327626e-01
      outer loop
         vertex 4.133702e+01 5.213650e+01 6.714207e+01
         vertex 4.182723e+01 5.216124e+01 6.670207e+01
         vertex 4.196555e+01 5.386901e+01 6.691307e+01
      endloop
   endfacet
   facet normal 7.551296e-01 -1.910616e-01 6.271162e-01
      outer loop
         vertex 4.133702e+01 5.213650e+01 6.714207e+01
         vertex 4.196555e+01 5.386901e+01 6.691307e+01
         vertex 4.159453e+01 5.378818e+01 6.733520e+01
      endloop
   endfacet
   facet normal 7.566893e-01 -9.609142e-02 6.466744e-01
      outer loop
         vertex 4.159453e+01 5.378818e+01 6.733520e+01
         vertex 4.196555e+01 5.386901e+01 6.691307e+01
         vertex 4.199961e+01 5.439100e+01 6.695078e+01
      endloop
   endfacet
   facet normal 7.823061e-01 -1.383990e-01 6.073243e-01
      outer loop
         vertex 4.159453e+01 5.378818e+01 6.733520e+01
         vertex 4.199961e+01 5.439100e+01 6.695078e+01
         vertex 4.166628e+01 5.432150e+01 6.736432e+01
      endloop
   endfacet
   facet normal 7.820344e-01 -5.916241e-02 6.204209e-01
      outer loop
         vertex 4.166628e+01 5.432150e+01 6.736432e+01
         vertex 4.199961e+01 5.439100e+01 6.695078e+01
         vertex 4.210843e+01 5.665321e+01 6.702934e+01
      endloop
   endfacet
   facet normal 8.650450e-01 -9.321484e-02 4.929586e-01
      outer loop
         vertex 4.166628e+01 5.432150e+01 6.736432e+01
         vertex 4.210843e+01 5.665321e+01 6.702934e+01
         vertex 4.189926e+01 5.661870e+01 6.738986e+01
      endloop
   endfacet
   facet normal 8.657369e-01 -2.535739e-02 4.998565e-01
      outer loop
         vertex 4.189926e+01 5.661870e+01 6.738986e+01
         vertex 4.210843e+01 5.665321e+01 6.702934e+01
         vertex 4.217390e+01 5.911017e+01 6.704059e+01
      endloop
   endfacet
   facet normal 9.161615e-01 -4.515833e-02 3.982573e-01
      outer loop
         vertex 4.189926e+01 5.661870e+01 6.738986e+01
         vertex 4.217390e+01 5.911017e+01 6.704059e+01
         vertex 4.204220e+01 5.909386e+01 6.734169e+01
      endloop
   endfacet
   facet normal 9.163656e-01 -1.120915e-02 4.001855e-01
      outer loop
         vertex 4.204220e+01 5.909386e+01 6.734169e+01
         vertex 4.217390e+01 5.911017e+01 6.704059e+01
         vertex 4.221099e+01 6.179679e+01 6.703091e+01
      endloop
   endfacet
   facet normal 9.450882e-01 -2.152012e-02 3.261060e-01
      outer loop
         vertex 4.204220e+01 5.909386e+01 6.734169e+01
         vertex 4.221099e+01 6.179679e+01 6.703091e+01
         vertex 4.212410e+01 6.178893e+01 6.728220e+01
      endloop
   endfacet
   facet normal 9.451274e-01 -3.499977e-03 3.266832e-01
      outer loop
         vertex 4.212410e+01 6.178893e+01 6.728220e+01
         vertex 4.221099e+01 6.179679e+01 6.703091e+01
         vertex 4.224612e+01 6.890156e+01 6.700538e+01
      endloop
   endfacet
   facet normal 9.724468e-01 -7.614738e-03 2.330006e-01
      outer loop
         vertex 4.212410e+01 6.178893e+01 6.728220e+01
         vertex 4.224612e+01 6.890156e+01 6.700538e+01
         vertex 4.220228e+01 6.889988e+01 6.718830e+01
      endloop
   endfacet
   facet normal 9.724613e-01 -2.377994e-03 2.330523e-01
      outer loop
         vertex 4.220228e+01 6.889988e+01 6.718830e+01
         vertex 4.224612e+01 6.890156e+01 6.700538e+01
         vertex 4.221070e+01 7.099775e+01 6.717458e+01
      endloop
   endfacet
   facet normal 9.770450e-01 -6.845431e-04 2.130320e-01
      outer loop
         vertex 4.221070e+01 7.099775e+01 6.717458e+01
         vertex 4.224612e+01 6.890156e+01 6.700538e+01
         vertex 4.225412e+01 7.739507e+01 6.699599e+01
      endloop
   endfacet
   facet normal 9.786912e-01 -9.105681e-04 2.053358e-01
      outer loop
         vertex 4.221070e+01 7.099775e+01 6.717458e+01
         vertex 4.225412e+01 7.739507e+01 6.699599e+01
         vertex 4.222016e+01 7.739507e+01 6.715786e+01
      endloop
   endfacet
   facet normal 9.786915e-01 4.199767e-04 2.053359e-01
      outer loop
         vertex 4.222016e+01 7.739507e+01 6.715786e+01
         vertex 4.225412e+01 7.739507e+01 6.699599e+01
         vertex 4.221793e+01 8.059186e+01 6.716193e+01
      endloop
   endfacet
   facet normal 9.789990e-01 4.998482e-04 2.038642e-01
      outer loop
         vertex 4.221793e+01 8.059186e+01 6.716193e+01
         vertex 4.225412e+01 7.739507e+01 6.699599e+01
         vertex 4.224960e+01 8.398702e+01 6.700152e+01
      endloop
   endfacet
   facet normal 9.751720e-01 1.366164e-03 2.214446e-01
      outer loop
         vertex 4.221793e+01 8.059186e+01 6.716193e+01
         vertex 4.224960e+01 8.398702e+01 6.700152e+01
         vertex 4.221006e+01 8.398816e+01 6.717566e+01
      endloop
   endfacet
   facet normal 9.751720e-01 1.606718e-03 2.214430e-01
      outer loop
         vertex 4.221006e+01 8.398816e+01 6.717566e+01
         vertex 4.224960e+01 8.398702e+01 6.700152e+01
         vertex 4.224207e+01 8.746067e+01 6.700949e+01
      endloop
   endfacet
   facet normal 9.693073e-01 2.828109e-03 2.458359e-01
      outer loop
         vertex 4.221006e+01 8.398816e+01 6.717566e+01
         vertex 4.224207e+01 8.746067e+01 6.700949e+01
         vertex 4.219323e+01 8.746297e+01 6.720201e+01
      endloop
   endfacet
   facet normal 9.846595e-01 -8.154667e-02 1.542590e-01
      outer loop
         vertex 4.214116e+01 5.195219e+01 6.608097e+01
         vertex 4.228143e+01 5.251580e+01 6.548355e+01
         vertex 4.216446e+01 5.232751e+01 6.613066e+01
      endloop
   endfacet
   facet normal 9.852345e-01 -3.960567e-02 1.665666e-01
      outer loop
         vertex 4.216446e+01 5.232751e+01 6.613066e+01
         vertex 4.228143e+01 5.251580e+01 6.548355e+01
         vertex 4.228143e+01 5.407192e+01 6.585356e+01
      endloop
   endfacet
   facet normal 9.897067e-01 -4.477276e-02 1.359263e-01
      outer loop
         vertex 4.216446e+01 5.232751e+01 6.613066e+01
         vertex 4.228143e+01 5.407192e+01 6.585356e+01
         vertex 4.220084e+01 5.396621e+01 6.640556e+01
      endloop
   endfacet
   facet normal 9.898731e-01 -2.508158e-02 1.397216e-01
      outer loop
         vertex 4.220084e+01 5.396621e+01 6.640556e+01
         vertex 4.228143e+01 5.407192e+01 6.585356e+01
         vertex 4.228143e+01 5.456064e+01 6.594129e+01
      endloop
   endfacet
   facet normal 9.909370e-01 -3.256926e-02 1.303192e-01
      outer loop
         vertex 4.220084e+01 5.396621e+01 6.640556e+01
         vertex 4.228143e+01 5.456064e+01 6.594129e+01
         vertex 4.220969e+01 5.447266e+01 6.646481e+01
      endloop
   endfacet
   facet normal 9.909783e-01 -1.703392e-02 1.329356e-01
      outer loop
         vertex 4.220969e+01 5.447266e+01 6.646481e+01
         vertex 4.228143e+01 5.456064e+01 6.594129e+01
         vertex 4.228143e+01 5.673075e+01 6.621936e+01
      endloop
   endfacet
   facet normal 9.944643e-01 -2.039023e-02 1.030773e-01
      outer loop
         vertex 4.220969e+01 5.447266e+01 6.646481e+01
         vertex 4.228143e+01 5.673075e+01 6.621936e+01
         vertex 4.223770e+01 5.669112e+01 6.663340e+01
      endloop
   endfacet
   facet normal 9.945160e-01 -7.569378e-03 1.043101e-01
      outer loop
         vertex 4.223770e+01 5.669112e+01 6.663340e+01
         vertex 4.228143e+01 5.673075e+01 6.621936e+01
         vertex 4.228143e+01 5.914516e+01 6.639457e+01
      endloop
   endfacet
   facet normal 9.965967e-01 -9.792487e-03 8.184871e-02
      outer loop
         vertex 4.223770e+01 5.669112e+01 6.663340e+01
         vertex 4.228143e+01 5.914516e+01 6.639457e+01
         vertex 4.225436e+01 5.912742e+01 6.672201e+01
      endloop
   endfacet
   facet normal 9.966104e-01 -3.403372e-03 8.219592e-02
      outer loop
         vertex 4.225436e+01 5.912742e+01 6.672201e+01
         vertex 4.228143e+01 5.914516e+01 6.639457e+01
         vertex 4.228143e+01 6.181324e+01 6.650504e+01
      endloop
   endfacet
   facet normal 9.977830e-01 -4.692401e-03 6.638572e-02
      outer loop
         vertex 4.225436e+01 5.912742e+01 6.672201e+01
         vertex 4.228143e+01 6.181324e+01 6.650504e+01
         vertex 4.226374e+01 6.180494e+01 6.677032e+01
      endloop
   endfacet
   facet normal 9.977860e-01 -1.183394e-03 6.649567e-02
      outer loop
         vertex 4.226374e+01 6.180494e+01 6.677032e+01
         vertex 4.228143e+01 6.181324e+01 6.650504e+01
         vertex 4.228143e+01 6.890501e+01 6.663125e+01
      endloop
   endfacet
   facet normal 9.988929e-01 -1.567716e-03 4.701584e-02
      outer loop
         vertex 4.226374e+01 6.180494e+01 6.677032e+01
         vertex 4.228143e+01 6.890501e+01 6.663125e+01
         vertex 4.227258e+01 6.890328e+01 6.681915e+01
      endloop
   endfacet
   facet normal 9.988935e-01 -1.958495e-04 4.702851e-02
      outer loop
         vertex 4.227258e+01 6.890328e+01 6.681915e+01
         vertex 4.228143e+01 6.890501e+01 6.663125e+01
         vertex 4.228143e+01 7.739507e+01 6.666661e+01
      endloop
   endfacet
   facet normal 9.991447e-01 -2.981253e-04 4.134943e-02
      outer loop
         vertex 4.227258e+01 6.890328e+01 6.681915e+01
         vertex 4.228143e+01 7.739507e+01 6.666661e+01
         vertex 4.227459e+01 7.739507e+01 6.683186e+01
      endloop
   endfacet
   facet normal 9.991447e-01 1.283808e-04 4.134943e-02
      outer loop
         vertex 4.227459e+01 7.739507e+01 6.683186e+01
         vertex 4.228143e+01 7.739507e+01 6.666661e+01
         vertex 4.228143e+01 8.398468e+01 6.664615e+01
      endloop
   endfacet
   facet normal 9.990029e-01 2.214002e-04 4.464474e-02
      outer loop
         vertex 4.227459e+01 7.739507e+01 6.683186e+01
         vertex 4.228143e+01 8.398468e+01 6.664615e+01
         vertex 4.227346e+01 8.398586e+01 6.682454e+01
      endloop
   endfacet
   facet normal 9.990029e-01 4.045939e-04 4.464354e-02
      outer loop
         vertex 4.227346e+01 8.398586e+01 6.682454e+01
         vertex 4.228143e+01 8.398468e+01 6.664615e+01
         vertex 4.228143e+01 8.745594e+01 6.661469e+01
      endloop
   endfacet
   facet normal 9.987662e-01 7.081834e-04 4.965454e-02
      outer loop
         vertex 4.227346e+01 8.398586e+01 6.682454e+01
         vertex 4.228143e+01 8.745594e+01 6.661469e+01
         vertex 4.227157e+01 8.745831e+01 6.681306e+01
      endloop
   endfacet
   facet normal 9.987661e-01 1.119307e-03 4.964961e-02
      outer loop
         vertex 4.227157e+01 8.745831e+01 6.681306e+01
         vertex 4.228143e+01 8.745594e+01 6.661469e+01
         vertex 4.228143e+01 9.415127e+01 6.646375e+01
      endloop
   endfacet
   facet normal 9.973651e-01 2.314391e-03 7.250795e-02
      outer loop
         vertex 4.227157e+01 8.745831e+01 6.681306e+01
         vertex 4.228143e+01 9.415127e+01 6.646375e+01
         vertex 4.226038e+01 9.416267e+01 6.675293e+01
      endloop
   endfacet
   facet normal 9.973649e-01 3.698899e-03 7.245332e-02
      outer loop
         vertex 4.226038e+01 9.416267e+01 6.675293e+01
         vertex 4.228143e+01 9.415127e+01 6.646375e+01
         vertex 4.228143e+01 9.647699e+01 6.634501e+01
      endloop
   endfacet
   facet normal 9.960403e-01 6.567466e-03 8.865990e-02
      outer loop
         vertex 4.226038e+01 9.416267e+01 6.675293e+01
         vertex 4.228143e+01 9.647699e+01 6.634501e+01
         vertex 4.224982e+01 9.650011e+01 6.669845e+01
      endloop
   endfacet
   facet normal 9.960373e-01 8.360466e-03 8.854238e-02
      outer loop
         vertex 4.224982e+01 9.650011e+01 6.669845e+01
         vertex 4.228143e+01 9.647699e+01 6.634501e+01
         vertex 4.228143e+01 9.933435e+01 6.607521e+01
      endloop
   endfacet
   facet normal 9.927011e-01 1.523473e-02 1.196347e-01
      outer loop
         vertex 4.224982e+01 9.650011e+01 6.669845e+01
         vertex 4.228143e+01 9.933435e+01 6.607521e+01
         vertex 4.222325e+01 9.939733e+01 6.654993e+01
      endloop
   endfacet
   facet normal 9.927008e-01 1.678721e-02 1.194287e-01
      outer loop
         vertex 4.222325e+01 9.939733e+01 6.654993e+01
         vertex 4.228143e+01 9.933435e+01 6.607521e+01
         vertex 4.228143e+01 9.977069e+01 6.601388e+01
      endloop
   endfacet
   facet normal 9.919023e-01 2.439233e-02 1.246389e-01
      outer loop
         vertex 4.222325e+01 9.939733e+01 6.654993e+01
         vertex 4.228143e+01 9.977069e+01 6.601388e+01
         vertex 4.221704e+01 9.984477e+01 6.651179e+01
      endloop
   endfacet
   facet normal 9.919054e-01 2.383312e-02 1.247225e-01
      outer loop
         vertex 4.221704e+01 9.984477e+01 6.651179e+01
         vertex 4.228143e+01 9.977069e+01 6.601388e+01
         vertex 4.228143e+01 1.015744e+02 6.566921e+01
      endloop
   endfacet
   facet normal 9.875534e-01 3.763210e-02 1.527159e-01
      outer loop
         vertex 4.221704e+01 9.984477e+01 6.651179e+01
         vertex 4.228143e+01 1.015744e+02 6.566921e+01
         vertex 4.218248e+01 1.017200e+02 6.627321e+01
      endloop
   endfacet
   facet normal 9.874862e-01 2.548762e-02 1.556324e-01
      outer loop
         vertex 4.218248e+01 1.017200e+02 6.627321e+01
         vertex 4.228143e+01 1.015744e+02 6.566921e+01
         vertex 4.226907e+01 1.028377e+02 6.554073e+01
      endloop
   endfacet
   facet normal 9.648550e-01 8.760725e-02 2.477495e-01
      outer loop
         vertex 4.218248e+01 1.017200e+02 6.627321e+01
         vertex 4.226907e+01 1.028377e+02 6.554073e+01
         vertex 4.211087e+01 1.028340e+02 6.615818e+01
      endloop
   endfacet
   facet normal 8.898330e-01 1.053169e-01 4.439657e-01
      outer loop
         vertex 4.196600e+01 1.028087e+02 6.644883e+01
         vertex 4.189542e+01 1.018512e+02 6.681744e+01
         vertex 4.218248e+01 1.017200e+02 6.627321e+01
      endloop
   endfacet
   facet normal 8.897949e-01 9.777855e-02 4.457627e-01
      outer loop
         vertex 4.218248e+01 1.017200e+02 6.627321e+01
         vertex 4.189542e+01 1.018512e+02 6.681744e+01
         vertex 4.202802e+01 9.991409e+01 6.697765e+01
      endloop
   endfacet
   facet normal 9.280132e-01 6.380322e-02 3.670430e-01
      outer loop
         vertex 4.218248e+01 1.017200e+02 6.627321e+01
         vertex 4.202802e+01 9.991409e+01 6.697765e+01
         vertex 4.221704e+01 9.984477e+01 6.651179e+01
      endloop
   endfacet
   facet normal 9.280079e-01 6.440609e-02 3.669512e-01
      outer loop
         vertex 4.221704e+01 9.984477e+01 6.651179e+01
         vertex 4.202802e+01 9.991409e+01 6.697765e+01
         vertex 4.205211e+01 9.945665e+01 6.699703e+01
      endloop
   endfacet
   facet normal 9.349429e-01 4.299612e-02 3.521835e-01
      outer loop
         vertex 4.221704e+01 9.984477e+01 6.651179e+01
         vertex 4.205211e+01 9.945665e+01 6.699703e+01
         vertex 4.222325e+01 9.939733e+01 6.654993e+01
      endloop
   endfacet
   facet normal 9.349164e-01 3.834896e-02 3.527899e-01
      outer loop
         vertex 4.222325e+01 9.939733e+01 6.654993e+01
         vertex 4.205211e+01 9.945665e+01 6.699703e+01
         vertex 4.215598e+01 9.652249e+01 6.704071e+01
      endloop
   endfacet
   facet normal 9.645404e-01 2.232532e-02 2.629893e-01
      outer loop
         vertex 4.222325e+01 9.939733e+01 6.654993e+01
         vertex 4.215598e+01 9.652249e+01 6.704071e+01
         vertex 4.224982e+01 9.650011e+01 6.669845e+01
      endloop
   endfacet
   facet normal 9.645529e-01 1.659769e-02 2.633672e-01
      outer loop
         vertex 4.224982e+01 9.650011e+01 6.669845e+01
         vertex 4.215598e+01 9.652249e+01 6.704071e+01
         vertex 4.219767e+01 9.417384e+01 6.703602e+01
      endloop
   endfacet
   facet normal 9.763706e-01 9.444083e-03 2.158962e-01
      outer loop
         vertex 4.224982e+01 9.650011e+01 6.669845e+01
         vertex 4.219767e+01 9.417384e+01 6.703602e+01
         vertex 4.226038e+01 9.416267e+01 6.675293e+01
      endloop
   endfacet
   facet normal 9.763669e-01 5.603040e-03 2.160469e-01
      outer loop
         vertex 4.226038e+01 9.416267e+01 6.675293e+01
         vertex 4.219767e+01 9.417384e+01 6.703602e+01
         vertex 4.224207e+01 8.746067e+01 6.700949e+01
      endloop
   endfacet
   facet normal 9.889135e-01 2.981584e-03 1.484626e-01
      outer loop
         vertex 4.226038e+01 9.416267e+01 6.675293e+01
         vertex 4.224207e+01 8.746067e+01 6.700949e+01
         vertex 4.227157e+01 8.745831e+01 6.681306e+01
      endloop
   endfacet
   facet normal 9.889142e-01 1.803839e-03 1.484768e-01
      outer loop
         vertex 4.227157e+01 8.745831e+01 6.681306e+01
         vertex 4.224207e+01 8.746067e+01 6.700949e+01
         vertex 4.224960e+01 8.398702e+01 6.700152e+01
      endloop
   endfacet
   facet normal 9.910382e-01 9.814049e-04 1.335754e-01
      outer loop
         vertex 4.227157e+01 8.745831e+01 6.681306e+01
         vertex 4.224960e+01 8.398702e+01 6.700152e+01
         vertex 4.227346e+01 8.398586e+01 6.682454e+01
      endloop
   endfacet
   facet normal 9.910381e-01 5.670841e-04 1.335781e-01
      outer loop
         vertex 4.227346e+01 8.398586e+01 6.682454e+01
         vertex 4.224960e+01 8.398702e+01 6.700152e+01
         vertex 4.225412e+01 7.739507e+01 6.699599e+01
      endloop
   endfacet
   facet normal 9.923114e-01 3.081044e-04 1.237658e-01
      outer loop
         vertex 4.227346e+01 8.398586e+01 6.682454e+01
         vertex 4.225412e+01 7.739507e+01 6.699599e+01
         vertex 4.227459e+01 7.739507e+01 6.683186e+01
      endloop
   endfacet
   facet normal 9.923111e-01 -7.976230e-04 1.237658e-01
      outer loop
         vertex 4.227459e+01 7.739507e+01 6.683186e+01
         vertex 4.225412e+01 7.739507e+01 6.699599e+01
         vertex 4.224612e+01 6.890156e+01 6.700538e+01
      endloop
   endfacet
   facet normal 9.900564e-01 -4.447184e-04 1.406702e-01
      outer loop
         vertex 4.227459e+01 7.739507e+01 6.683186e+01
         vertex 4.224612e+01 6.890156e+01 6.700538e+01
         vertex 4.227258e+01 6.890328e+01 6.681915e+01
      endloop
   endfacet
   facet normal 9.900520e-01 -4.390746e-03 1.406332e-01
      outer loop
         vertex 4.227258e+01 6.890328e+01 6.681915e+01
         vertex 4.224612e+01 6.890156e+01 6.700538e+01
         vertex 4.221099e+01 6.179679e+01 6.703091e+01
      endloop
   endfacet
   facet normal 9.801300e-01 -2.585154e-03 1.983393e-01
      outer loop
         vertex 4.227258e+01 6.890328e+01 6.681915e+01
         vertex 4.221099e+01 6.179679e+01 6.703091e+01
         vertex 4.226374e+01 6.180494e+01 6.677032e+01
      endloop
   endfacet
   facet normal 9.801149e-01 -1.281768e-02 1.980162e-01
      outer loop
         vertex 4.226374e+01 6.180494e+01 6.677032e+01
         vertex 4.221099e+01 6.179679e+01 6.703091e+01
         vertex 4.217390e+01 5.911017e+01 6.704059e+01
      endloop
   endfacet
   facet normal 9.696216e-01 -7.807281e-03 2.444851e-01
      outer loop
         vertex 4.226374e+01 6.180494e+01 6.677032e+01
         vertex 4.217390e+01 5.911017e+01 6.704059e+01
         vertex 4.225436e+01 5.912742e+01 6.672201e+01
      endloop
   endfacet
   facet normal 9.695443e-01 -2.694915e-02 2.434288e-01
      outer loop
         vertex 4.225436e+01 5.912742e+01 6.672201e+01
         vertex 4.217390e+01 5.911017e+01 6.704059e+01
         vertex 4.210843e+01 5.665321e+01 6.702934e+01
      endloop
   endfacet
   facet normal 9.509641e-01 -1.773420e-02 3.087924e-01
      outer loop
         vertex 4.225436e+01 5.912742e+01 6.672201e+01
         vertex 4.210843e+01 5.665321e+01 6.702934e+01
         vertex 4.223770e+01 5.669112e+01 6.663340e+01
      endloop
   endfacet
   facet normal 9.506833e-01 -5.632059e-02 3.050069e-01
      outer loop
         vertex 4.223770e+01 5.669112e+01 6.663340e+01
         vertex 4.210843e+01 5.665321e+01 6.702934e+01
         vertex 4.199961e+01 5.439100e+01 6.695078e+01
      endloop
   endfacet
   facet normal 9.196325e-01 -4.129582e-02 3.906031e-01
      outer loop
         vertex 4.223770e+01 5.669112e+01 6.663340e+01
         vertex 4.199961e+01 5.439100e+01 6.695078e+01
         vertex 4.220969e+01 5.447266e+01 6.646481e+01
      endloop
   endfacet
   facet normal 9.196540e-01 -8.766841e-02 3.828194e-01
      outer loop
         vertex 4.220969e+01 5.447266e+01 6.646481e+01
         vertex 4.199961e+01 5.439100e+01 6.695078e+01
         vertex 4.196555e+01 5.386901e+01 6.691307e+01
      endloop
   endfacet
   facet normal 9.100031e-01 -6.383547e-02 4.096577e-01
      outer loop
         vertex 4.220969e+01 5.447266e+01 6.646481e+01
         vertex 4.196555e+01 5.386901e+01 6.691307e+01
         vertex 4.220084e+01 5.396621e+01 6.640556e+01
      endloop
   endfacet
   facet normal 9.091435e-01 -1.228064e-01 3.979658e-01
      outer loop
         vertex 4.220084e+01 5.396621e+01 6.640556e+01
         vertex 4.196555e+01 5.386901e+01 6.691307e+01
         vertex 4.182723e+01 5.216124e+01 6.670207e+01
      endloop
   endfacet
   facet normal 8.693697e-01 -1.004662e-01 4.838417e-01
      outer loop
         vertex 4.220084e+01 5.396621e+01 6.640556e+01
         vertex 4.182723e+01 5.216124e+01 6.670207e+01
         vertex 4.216446e+01 5.232751e+01 6.613066e+01
      endloop
   endfacet
   facet normal 8.418486e-01 -3.756498e-01 3.875282e-01
      outer loop
         vertex 4.216446e+01 5.232751e+01 6.613066e+01
         vertex 4.182723e+01 5.216124e+01 6.670207e+01
         vertex 4.173873e+01 5.203193e+01 6.676897e+01
      endloop
   endfacet
   facet normal 8.183039e-01 5.661256e-02 5.719910e-01
      outer loop
         vertex 4.216446e+01 5.232751e+01 6.613066e+01
         vertex 4.173873e+01 5.203193e+01 6.676897e+01
         vertex 4.196600e+01 5.198144e+01 6.644883e+01
      endloop
   endfacet
   facet normal 9.693036e-01 5.728726e-03 2.458002e-01
      outer loop
         vertex 4.219323e+01 8.746297e+01 6.720201e+01
         vertex 4.224207e+01 8.746067e+01 6.700949e+01
         vertex 4.216838e+01 9.024408e+01 6.723520e+01
      endloop
   endfacet
   facet normal 9.684039e-01 5.418816e-03 2.493282e-01
      outer loop
         vertex 4.216838e+01 9.024408e+01 6.723520e+01
         vertex 4.224207e+01 8.746067e+01 6.700949e+01
         vertex 4.219767e+01 9.417384e+01 6.703602e+01
      endloop
   endfacet
   facet normal 9.348202e-01 1.102236e-02 3.549503e-01
      outer loop
         vertex 4.216838e+01 9.024408e+01 6.723520e+01
         vertex 4.219767e+01 9.417384e+01 6.703602e+01
         vertex 4.209463e+01 9.418453e+01 6.730707e+01
      endloop
   endfacet
   facet normal 9.348227e-01 1.588746e-02 3.547593e-01
      outer loop
         vertex 4.209463e+01 9.418453e+01 6.730707e+01
         vertex 4.219767e+01 9.417384e+01 6.703602e+01
         vertex 4.215598e+01 9.652249e+01 6.704071e+01
      endloop
   endfacet
   facet normal 9.025707e-01 2.528291e-02 4.297988e-01
      outer loop
         vertex 4.209463e+01 9.418453e+01 6.730707e+01
         vertex 4.215598e+01 9.652249e+01 6.704071e+01
         vertex 4.200288e+01 9.654343e+01 6.736098e+01
      endloop
   endfacet
   facet normal 9.025267e-01 3.833582e-02 4.289242e-01
      outer loop
         vertex 4.200288e+01 9.654343e+01 6.736098e+01
         vertex 4.215598e+01 9.652249e+01 6.704071e+01
         vertex 4.205211e+01 9.945665e+01 6.699703e+01
      endloop
   endfacet
   facet normal 8.226690e-01 5.677024e-02 5.656791e-01
      outer loop
         vertex 4.200288e+01 9.654343e+01 6.736098e+01
         vertex 4.205211e+01 9.945665e+01 6.699703e+01
         vertex 4.177795e+01 9.950885e+01 6.739050e+01
      endloop
   endfacet
   facet normal 8.227804e-01 6.723123e-02 5.643690e-01
      outer loop
         vertex 4.177795e+01 9.950885e+01 6.739050e+01
         vertex 4.205211e+01 9.945665e+01 6.699703e+01
         vertex 4.202802e+01 9.991409e+01 6.697765e+01
      endloop
   endfacet
   facet normal 8.043611e-01 1.002505e-01 5.856219e-01
      outer loop
         vertex 4.177795e+01 9.950885e+01 6.739050e+01
         vertex 4.202802e+01 9.991409e+01 6.697765e+01
         vertex 4.172655e+01 9.997417e+01 6.738144e+01
      endloop
   endfacet
   facet normal 8.043231e-01 1.034523e-01 5.851171e-01
      outer loop
         vertex 4.172655e+01 9.997417e+01 6.738144e+01
         vertex 4.202802e+01 9.991409e+01 6.697765e+01
         vertex 4.189542e+01 1.018512e+02 6.681744e+01
      endloop
   endfacet
   facet normal 7.039034e-01 1.455701e-01 6.952189e-01
      outer loop
         vertex 4.172655e+01 9.997417e+01 6.738144e+01
         vertex 4.189542e+01 1.018512e+02 6.681744e+01
         vertex 4.144865e+01 1.019550e+02 6.724806e+01
      endloop
   endfacet
   facet normal 7.031717e-01 2.151573e-01 6.776850e-01
      outer loop
         vertex 4.144865e+01 1.019550e+02 6.724806e+01
         vertex 4.189542e+01 1.018512e+02 6.681744e+01
         vertex 4.133702e+01 1.026536e+02 6.714207e+01
      endloop
   endfacet
   facet normal 5.329401e-01 2.095185e-01 8.198029e-01
      outer loop
         vertex 4.144865e+01 1.019550e+02 6.724806e+01
         vertex 4.133702e+01 1.026536e+02 6.714207e+01
         vertex 4.132794e+01 1.026511e+02 6.714861e+01
      endloop
   endfacet
   facet normal 0.000000e+00 1.000000e+00 2.775558e-17
      outer loop
         vertex 2.728143e+01 9.739507e+01 7.414841e+01
         vertex 2.728143e+01 9.739507e+01 8.037122e+01
         vertex 3.528143e+01 9.739507e+01 7.414841e+01
      endloop
   endfacet
   facet normal 0.000000e+00 1.000000e+00 2.775558e-17
      outer loop
         vertex 3.528143e+01 9.739507e+01 7.414841e+01
         vertex 2.728143e+01 9.739507e+01 8.037122e+01
         vertex 3.528143e+01 9.739507e+01 8.037122e+01
      endloop
   endfacet
   facet normal 0.000000e+00 2.775558e-17 -1.000000e+00
      outer loop
         vertex 2.993909e+01 8.567007e+01 7.414841e+01
         vertex 2.973143e+01 8.489507e+01 7.414841e+01
         vertex 2.728143e+01 9.739507e+01 7.414841e+01
      endloop
   endfacet
   facet normal 0.000000e+00 2.775558e-17 -1.000000e+00
      outer loop
         vertex 2.728143e+01 5.739507e+01 7.414841e+01
         vertex 2.728143e+01 9.739507e+01 7.414841e+01
         vertex 2.973143e+01 6.989507e+01 7.414841e+01
      endloop
   endfacet
   facet normal 0.000000e+00 2.775558e-17 -1.000000e+00
      outer loop
         vertex 2.973143e+01 6.989507e+01 7.414841e+01
         vertex 2.728143e+01 9.739507e+01 7.414841e+01
         vertex 2.993909e+01 7.067007e+01 7.414841e+01
      endloop
   endfacet
   facet normal 0.000000e+00 2.775558e-17 -1.000000e+00
      outer loop
         vertex 3.528143e+01 6.089507e+01 7.414841e+01
         vertex 3.262377e+01 6.912007e+01 7.414841e+01
         vertex 3.528143e+01 7.189507e+01 7.414841e+01
      endloop
   endfacet
   facet normal 0.000000e+00 2.775558e-17 -1.000000e+00
      outer loop
         vertex 3.528143e+01 7.189507e+01 7.414841e+01
         vertex 3.262377e+01 6.912007e+01 7.414841e+01
         vertex 3.283143e+01 6.989507e+01 7.414841e+01
      endloop
   endfacet
   facet normal -0.000000e+00 2.775558e-17 -1.000000e+00
      outer loop
         vertex 2.973143e+01 6.989507e+01 7.414841e+01
         vertex 2.993909e+01 6.912007e+01 7.414841e+01
         vertex 2.728143e+01 5.739507e+01 7.414841e+01
      endloop
   endfacet
   facet normal 0.000000e+00 2.775558e-17 -1.000000e+00
      outer loop
         vertex 2.728143e+01 5.739507e+01 7.414841e+01
         vertex 2.993909e+01 6.912007e+01 7.414841e+01
         vertex 3.050643e+01 6.855273e+01 7.414841e+01
      endloop
   endfacet
   facet normal 0.000000e+00 2.775558e-17 -1.000000e+00
      outer loop
         vertex 2.728143e+01 5.739507e+01 7.414841e+01
         vertex 3.050643e+01 6.855273e+01 7.414841e+01
         vertex 3.528143e+01 5.739507e+01 7.414841e+01
      endloop
   endfacet
   facet normal 0.000000e+00 2.775558e-17 -1.000000e+00
      outer loop
         vertex 3.528143e+01 5.739507e+01 7.414841e+01
         vertex 3.050643e+01 6.855273e+01 7.414841e+01
         vertex 3.128143e+01 6.834507e+01 7.414841e+01
      endloop
   endfacet
   facet normal 0.000000e+00 2.775558e-17 -1.000000e+00
      outer loop
         vertex 3.528143e+01 5.739507e+01 7.414841e+01
         vertex 3.128143e+01 6.834507e+01 7.414841e+01
         vertex 3.528143e+01 6.089507e+01 7.414841e+01
      endloop
   endfacet
   facet normal 0.000000e+00 2.775558e-17 -1.000000e+00
      outer loop
         vertex 3.528143e+01 6.089507e+01 7.414841e+01
         vertex 3.128143e+01 6.834507e+01 7.414841e+01
         vertex 3.205643e+01 6.855273e+01 7.414841e+01
      endloop
   endfacet
   facet normal 0.000000e+00 2.775558e-17 -1.000000e+00
      outer loop
         vertex 3.528143e+01 6.089507e+01 7.414841e+01
         vertex 3.205643e+01 6.855273e+01 7.414841e+01
         vertex 3.262377e+01 6.912007e+01 7.414841e+01
      endloop
   endfacet
   facet normal 0.000000e+00 2.775558e-17 -1.000000e+00
      outer loop
         vertex 2.728143e+01 9.739507e+01 7.414841e+01
         vertex 2.973143e+01 8.489507e+01 7.414841e+01
         vertex 2.993909e+01 7.067007e+01 7.414841e+01
      endloop
   endfacet
   facet normal 0.000000e+00 2.775558e-17 -1.000000e+00
      outer loop
         vertex 2.993909e+01 7.067007e+01 7.414841e+01
         vertex 2.973143e+01 8.489507e+01 7.414841e+01
         vertex 2.993909e+01 8.412007e+01 7.414841e+01
      endloop
   endfacet
   facet normal 0.000000e+00 2.775558e-17 -1.000000e+00
      outer loop
         vertex 2.993909e+01 7.067007e+01 7.414841e+01
         vertex 2.993909e+01 8.412007e+01 7.414841e+01
         vertex 3.050643e+01 7.123741e+01 7.414841e+01
      endloop
   endfacet
   facet normal 0.000000e+00 2.775558e-17 -1.000000e+00
      outer loop
         vertex 3.050643e+01 7.123741e+01 7.414841e+01
         vertex 2.993909e+01 8.412007e+01 7.414841e+01
         vertex 3.050643e+01 8.355273e+01 7.414841e+01
      endloop
   endfacet
   facet normal 0.000000e+00 2.775558e-17 -1.000000e+00
      outer loop
         vertex 3.050643e+01 7.123741e+01 7.414841e+01
         vertex 3.050643e+01 8.355273e+01 7.414841e+01
         vertex 3.128143e+01 7.144507e+01 7.414841e+01
      endloop
   endfacet
   facet normal 0.000000e+00 2.775558e-17 -1.000000e+00
      outer loop
         vertex 3.128143e+01 7.144507e+01 7.414841e+01
         vertex 3.050643e+01 8.355273e+01 7.414841e+01
         vertex 3.128143e+01 8.334507e+01 7.414841e+01
      endloop
   endfacet
   facet normal 0.000000e+00 2.775558e-17 -1.000000e+00
      outer loop
         vertex 3.128143e+01 7.144507e+01 7.414841e+01
         vertex 3.128143e+01 8.334507e+01 7.414841e+01
         vertex 3.205643e+01 7.123741e+01 7.414841e+01
      endloop
   endfacet
   facet normal 0.000000e+00 2.775558e-17 -1.000000e+00
      outer loop
         vertex 3.205643e+01 7.123741e+01 7.414841e+01
         vertex 3.128143e+01 8.334507e+01 7.414841e+01
         vertex 3.205643e+01 8.355273e+01 7.414841e+01
      endloop
   endfacet
   facet normal 0.000000e+00 2.775558e-17 -1.000000e+00
      outer loop
         vertex 3.205643e+01 7.123741e+01 7.414841e+01
         vertex 3.205643e+01 8.355273e+01 7.414841e+01
         vertex 3.262377e+01 7.067007e+01 7.414841e+01
      endloop
   endfacet
   facet normal 0.000000e+00 2.775558e-17 -1.000000e+00
      outer loop
         vertex 3.528143e+01 9.389507e+01 7.414841e+01
         vertex 3.528143e+01 8.289507e+01 7.414841e+01
         vertex 3.283143e+01 8.489507e+01 7.414841e+01
      endloop
   endfacet
   facet normal 0.000000e+00 2.775558e-17 -1.000000e+00
      outer loop
         vertex 3.283143e+01 6.989507e+01 7.414841e+01
         vertex 3.262377e+01 7.067007e+01 7.414841e+01
         vertex 3.528143e+01 7.189507e+01 7.414841e+01
      endloop
   endfacet
   facet normal 0.000000e+00 2.775558e-17 -1.000000e+00
      outer loop
         vertex 3.528143e+01 7.189507e+01 7.414841e+01
         vertex 3.262377e+01 7.067007e+01 7.414841e+01
         vertex 3.205643e+01 8.355273e+01 7.414841e+01
      endloop
   endfacet
   facet normal 0.000000e+00 2.775558e-17 -1.000000e+00
      outer loop
         vertex 3.528143e+01 7.189507e+01 7.414841e+01
         vertex 3.205643e+01 8.355273e+01 7.414841e+01
         vertex 3.528143e+01 8.289507e+01 7.414841e+01
      endloop
   endfacet
   facet normal 0.000000e+00 2.775558e-17 -1.000000e+00
      outer loop
         vertex 3.528143e+01 8.289507e+01 7.414841e+01
         vertex 3.205643e+01 8.355273e+01 7.414841e+01
         vertex 3.262377e+01 8.412007e+01 7.414841e+01
      endloop
   endfacet
   facet normal 0.000000e+00 2.775558e-17 -1.000000e+00
      outer loop
         vertex 3.528143e+01 8.289507e+01 7.414841e+01
         vertex 3.262377e+01 8.412007e+01 7.414841e+01
         vertex 3.283143e+01 8.489507e+01 7.414841e+01
      endloop
   endfacet
   facet normal 0.000000e+00 2.775558e-17 -1.000000e+00
      outer loop
         vertex 3.283143e+01 8.489507e+01 7.414841e+01
         vertex 3.262377e+01 8.567007e+01 7.414841e+01
         vertex 3.528143e+01 9.389507e+01 7.414841e+01
      endloop
   endfacet
   facet normal 0.000000e+00 2.775558e-17 -1.000000e+00
      outer loop
         vertex 3.528143e+01 9.389507e+01 7.414841e+01
         vertex 3.262377e+01 8.567007e+01 7.414841e+01
         vertex 3.205643e+01 8.623741e+01 7.414841e+01
      endloop
   endfacet
   facet normal 0.000000e+00 2.775558e-17 -1.000000e+00
      outer loop
         vertex 3.528143e+01 9.389507e+01 7.414841e+01
         vertex 3.205643e+01 8.623741e+01 7.414841e+01
         vertex 3.528143e+01 9.739507e+01 7.414841e+01
      endloop
   endfacet
   facet normal 0.000000e+00 2.775558e-17 -1.000000e+00
      outer loop
         vertex 3.528143e+01 9.739507e+01 7.414841e+01
         vertex 3.205643e+01 8.623741e+01 7.414841e+01
         vertex 3.128143e+01 8.644507e+01 7.414841e+01
      endloop
   endfacet
   facet normal 0.000000e+00 2.775558e-17 -1.000000e+00
      outer loop
         vertex 3.528143e+01 9.739507e+01 7.414841e+01
         vertex 3.128143e+01 8.644507e+01 7.414841e+01
         vertex 2.728143e+01 9.739507e+01 7.414841e+01
      endloop
   endfacet
   facet normal 0.000000e+00 2.775558e-17 -1.000000e+00
      outer loop
         vertex 2.728143e+01 9.739507e+01 7.414841e+01
         vertex 3.128143e+01 8.644507e+01 7.414841e+01
         vertex 3.050643e+01 8.623741e+01 7.414841e+01
      endloop
   endfacet
   facet normal 0.000000e+00 2.775558e-17 -1.000000e+00
      outer loop
         vertex 2.728143e+01 9.739507e+01 7.414841e+01
         vertex 3.050643e+01 8.623741e+01 7.414841e+01
         vertex 2.993909e+01 8.567007e+01 7.414841e+01
      endloop
   endfacet
   facet normal 0.000000e+00 -1.000000e+00 -2.775558e-17
      outer loop
         vertex 2.728143e+01 5.739507e+01 8.037122e+01
         vertex 2.728143e+01 5.739507e+01 7.414841e+01
         vertex 3.528143e+01 5.739507e+01 8.037122e+01
      endloop
   endfacet
   facet normal 0.000000e+00 -1.000000e+00 -2.775558e-17
      outer loop
         vertex 3.528143e+01 5.739507e+01 8.037122e+01
         vertex 2.728143e+01 5.739507e+01 7.414841e+01
         vertex 3.528143e+01 5.739507e+01 7.414841e+01
      endloop
   endfacet
   facet normal -1.000000e+00 0.000000e+00 0.000000e+00
      outer loop
         vertex 2.728143e+01 9.405323e+01 8.242999e+01
         vertex 2.728143e+01 9.739507e+01 8.037122e+01
         vertex 2.728143e+01 9.739507e+01 7.414841e+01
      endloop
   endfacet
   facet normal -1.000000e+00 0.000000e+00 0.000000e+00
      outer loop
         vertex 2.728143e+01 5.739507e+01 7.414841e+01
         vertex 2.728143e+01 5.739507e+01 8.037122e+01
         vertex 2.728143e+01 9.739507e+01 7.414841e+01
      endloop
   endfacet
   facet normal -1.000000e+00 0.000000e+00 0.000000e+00
      outer loop
         vertex 2.728143e+01 9.739507e+01 7.414841e+01
         vertex 2.728143e+01 5.739507e+01 8.037122e+01
         vertex 2.728143e+01 6.073691e+01 8.242999e+01
      endloop
   endfacet
   facet normal -1.000000e+00 0.000000e+00 0.000000e+00
      outer loop
         vertex 2.728143e+01 6.073691e+01 8.242999e+01
         vertex 2.728143e+01 6.603059e+01 8.475201e+01
         vertex 2.728143e+01 9.739507e+01 7.414841e+01
      endloop
   endfacet
   facet normal -1.000000e+00 0.000000e+00 0.000000e+00
      outer loop
         vertex 2.728143e+01 9.739507e+01 7.414841e+01
         vertex 2.728143e+01 6.603059e+01 8.475201e+01
         vertex 2.728143e+01 7.163426e+01 8.617105e+01
      endloop
   endfacet
   facet normal -1.000000e+00 0.000000e+00 0.000000e+00
      outer loop
         vertex 2.728143e+01 9.739507e+01 7.414841e+01
         vertex 2.728143e+01 7.163426e+01 8.617105e+01
         vertex 2.728143e+01 7.739507e+01 8.664840e+01
      endloop
   endfacet
   facet normal -1.000000e+00 0.000000e+00 0.000000e+00
      outer loop
         vertex 2.728143e+01 7.739507e+01 8.664840e+01
         vertex 2.728143e+01 8.315588e+01 8.617105e+01
         vertex 2.728143e+01 9.739507e+01 7.414841e+01
      endloop
   endfacet
   facet normal -1.000000e+00 0.000000e+00 0.000000e+00
      outer loop
         vertex 2.728143e+01 9.739507e+01 7.414841e+01
         vertex 2.728143e+01 8.315588e+01 8.617105e+01
         vertex 2.728143e+01 8.875955e+01 8.475201e+01
      endloop
   endfacet
   facet normal -1.000000e+00 0.000000e+00 0.000000e+00
      outer loop
         vertex 2.728143e+01 9.739507e+01 7.414841e+01
         vertex 2.728143e+01 8.875955e+01 8.475201e+01
         vertex 2.728143e+01 9.405323e+01 8.242999e+01
      endloop
   endfacet
   facet normal 0.000000e+00 -1.000000e+00 -2.775558e-17
      outer loop
         vertex 2.728143e+01 5.739507e+01 2.914840e+01
         vertex 2.728143e+01 5.739507e+01 2.292559e+01
         vertex 3.528143e+01 5.739507e+01 2.914840e+01
      endloop
   endfacet
   facet normal 0.000000e+00 -1.000000e+00 -2.775558e-17
      outer loop
         vertex 3.528143e+01 5.739507e+01 2.914840e+01
         vertex 2.728143e+01 5.739507e+01 2.292559e+01
         vertex 3.528143e+01 5.739507e+01 2.292559e+01
      endloop
   endfacet
   facet normal 0.000000e+00 -2.775558e-17 1.000000e+00
      outer loop
         vertex 3.262377e+01 7.067007e+01 2.914840e+01
         vertex 3.283143e+01 6.989507e+01 2.914840e+01
         vertex 3.528143e+01 7.189507e+01 2.914840e+01
      endloop
   endfacet
   facet normal 0.000000e+00 -2.775558e-17 1.000000e+00
      outer loop
         vertex 3.528143e+01 7.189507e+01 2.914840e+01
         vertex 3.283143e+01 6.989507e+01 2.914840e+01
         vertex 3.528143e+01 6.089507e+01 2.914840e+01
      endloop
   endfacet
   facet normal 0.000000e+00 -2.775558e-17 1.000000e+00
      outer loop
         vertex 3.262377e+01 7.067007e+01 2.914840e+01
         vertex 3.528143e+01 7.189507e+01 2.914840e+01
         vertex 3.205643e+01 7.123741e+01 2.914840e+01
      endloop
   endfacet
   facet normal 0.000000e+00 -2.775558e-17 1.000000e+00
      outer loop
         vertex 3.205643e+01 7.123741e+01 2.914840e+01
         vertex 3.528143e+01 7.189507e+01 2.914840e+01
         vertex 3.528143e+01 8.289507e+01 2.914840e+01
      endloop
   endfacet
   facet normal 0.000000e+00 -2.775558e-17 1.000000e+00
      outer loop
         vertex 3.205643e+01 7.123741e+01 2.914840e+01
         vertex 3.528143e+01 8.289507e+01 2.914840e+01
         vertex 3.128143e+01 7.144507e+01 2.914840e+01
      endloop
   endfacet
   facet normal 0.000000e+00 -2.775558e-17 1.000000e+00
      outer loop
         vertex 3.528143e+01 9.389507e+01 2.914840e+01
         vertex 3.262377e+01 8.567007e+01 2.914840e+01
         vertex 3.528143e+01 8.289507e+01 2.914840e+01
      endloop
   endfacet
   facet normal 0.000000e+00 -2.775558e-17 1.000000e+00
      outer loop
         vertex 3.528143e+01 8.289507e+01 2.914840e+01
         vertex 3.262377e+01 8.567007e+01 2.914840e+01
         vertex 3.283143e+01 8.489507e+01 2.914840e+01
      endloop
   endfacet
   facet normal 0.000000e+00 -2.775558e-17 1.000000e+00
      outer loop
         vertex 3.528143e+01 8.289507e+01 2.914840e+01
         vertex 3.283143e+01 8.489507e+01 2.914840e+01
         vertex 3.128143e+01 7.144507e+01 2.914840e+01
      endloop
   endfacet
   facet normal 0.000000e+00 -2.775558e-17 1.000000e+00
      outer loop
         vertex 3.283143e+01 8.489507e+01 2.914840e+01
         vertex 3.262377e+01 8.412007e+01 2.914840e+01
         vertex 3.128143e+01 7.144507e+01 2.914840e+01
      endloop
   endfacet
   facet normal 0.000000e+00 -2.775558e-17 1.000000e+00
      outer loop
         vertex 3.128143e+01 7.144507e+01 2.914840e+01
         vertex 3.262377e+01 8.412007e+01 2.914840e+01
         vertex 3.205643e+01 8.355273e+01 2.914840e+01
      endloop
   endfacet
   facet normal 0.000000e+00 -2.775558e-17 1.000000e+00
      outer loop
         vertex 3.128143e+01 7.144507e+01 2.914840e+01
         vertex 3.205643e+01 8.355273e+01 2.914840e+01
         vertex 3.050643e+01 7.123741e+01 2.914840e+01
      endloop
   endfacet
   facet normal 0.000000e+00 -2.775558e-17 1.000000e+00
      outer loop
         vertex 3.050643e+01 7.123741e+01 2.914840e+01
         vertex 3.205643e+01 8.355273e+01 2.914840e+01
         vertex 3.128143e+01 8.334507e+01 2.914840e+01
      endloop
   endfacet
   facet normal 0.000000e+00 -2.775558e-17 1.000000e+00
      outer loop
         vertex 2.728143e+01 9.739507e+01 2.914840e+01
         vertex 2.728143e+01 5.739507e+01 2.914840e+01
         vertex 2.973143e+01 8.489507e+01 2.914840e+01
      endloop
   endfacet
   facet normal 0.000000e+00 -2.775558e-17 1.000000e+00
      outer loop
         vertex 2.973143e+01 8.489507e+01 2.914840e+01
         vertex 2.728143e+01 5.739507e+01 2.914840e+01
         vertex 2.993909e+01 8.412007e+01 2.914840e+01
      endloop
   endfacet
   facet normal 0.000000e+00 -2.775558e-17 1.000000e+00
      outer loop
         vertex 3.283143e+01 6.989507e+01 2.914840e+01
         vertex 3.262377e+01 6.912007e+01 2.914840e+01
         vertex 3.528143e+01 6.089507e+01 2.914840e+01
      endloop
   endfacet
   facet normal 0.000000e+00 -2.775558e-17 1.000000e+00
      outer loop
         vertex 3.528143e+01 6.089507e+01 2.914840e+01
         vertex 3.262377e+01 6.912007e+01 2.914840e+01
         vertex 3.205643e+01 6.855273e+01 2.914840e+01
      endloop
   endfacet
   facet normal 0.000000e+00 -2.775558e-17 1.000000e+00
      outer loop
         vertex 3.528143e+01 6.089507e+01 2.914840e+01
         vertex 3.205643e+01 6.855273e+01 2.914840e+01
         vertex 3.528143e+01 5.739507e+01 2.914840e+01
      endloop
   endfacet
   facet normal 0.000000e+00 -2.775558e-17 1.000000e+00
      outer loop
         vertex 3.528143e+01 5.739507e+01 2.914840e+01
         vertex 3.205643e+01 6.855273e+01 2.914840e+01
         vertex 3.128143e+01 6.834507e+01 2.914840e+01
      endloop
   endfacet
   facet normal 0.000000e+00 -2.775558e-17 1.000000e+00
      outer loop
         vertex 3.528143e+01 5.739507e+01 2.914840e+01
         vertex 3.128143e+01 6.834507e+01 2.914840e+01
         vertex 2.728143e+01 5.739507e+01 2.914840e+01
      endloop
   endfacet
   facet normal 0.000000e+00 -2.775558e-17 1.000000e+00
      outer loop
         vertex 3.128143e+01 6.834507e+01 2.914840e+01
         vertex 3.050643e+01 6.855273e+01 2.914840e+01
         vertex 2.728143e+01 5.739507e+01 2.914840e+01
      endloop
   endfacet
   facet normal 0.000000e+00 -2.775558e-17 1.000000e+00
      outer loop
         vertex 2.728143e+01 5.739507e+01 2.914840e+01
         vertex 3.050643e+01 6.855273e+01 2.914840e+01
         vertex 2.993909e+01 6.912007e+01 2.914840e+01
      endloop
   endfacet
   facet normal 0.000000e+00 -2.775558e-17 1.000000e+00
      outer loop
         vertex 2.728143e+01 5.739507e+01 2.914840e+01
         vertex 2.993909e+01 6.912007e+01 2.914840e+01
         vertex 2.973143e+01 6.989507e+01 2.914840e+01
      endloop
   endfacet
   facet normal 0.000000e+00 -2.775558e-17 1.000000e+00
      outer loop
         vertex 2.973143e+01 8.489507e+01 2.914840e+01
         vertex 2.993909e+01 8.567007e+01 2.914840e+01
         vertex 2.728143e+01 9.739507e+01 2.914840e+01
      endloop
   endfacet
   facet normal 0.000000e+00 -2.775558e-17 1.000000e+00
      outer loop
         vertex 2.728143e+01 9.739507e+01 2.914840e+01
         vertex 2.993909e+01 8.567007e+01 2.914840e+01
         vertex 3.050643e+01 8.623741e+01 2.914840e+01
      endloop
   endfacet
   facet normal 0.000000e+00 -2.775558e-17 1.000000e+00
      outer loop
         vertex 2.728143e+01 9.739507e+01 2.914840e+01
         vertex 3.050643e+01 8.623741e+01 2.914840e+01
         vertex 3.528143e+01 9.739507e+01 2.914840e+01
      endloop
   endfacet
   facet normal 0.000000e+00 -2.775558e-17 1.000000e+00
      outer loop
         vertex 3.528143e+01 9.739507e+01 2.914840e+01
         vertex 3.050643e+01 8.623741e+01 2.914840e+01
         vertex 3.128143e+01 8.644507e+01 2.914840e+01
      endloop
   endfacet
   facet normal 0.000000e+00 -2.775558e-17 1.000000e+00
      outer loop
         vertex 3.528143e+01 9.739507e+01 2.914840e+01
         vertex 3.128143e+01 8.644507e+01 2.914840e+01
         vertex 3.528143e+01 9.389507e+01 2.914840e+01
      endloop
   endfacet
   facet normal 0.000000e+00 -2.775558e-17 1.000000e+00
      outer loop
         vertex 3.528143e+01 9.389507e+01 2.914840e+01
         vertex 3.128143e+01 8.644507e+01 2.914840e+01
         vertex 3.205643e+01 8.623741e+01 2.914840e+01
      endloop
   endfacet
   facet normal 0.000000e+00 -2.775558e-17 1.000000e+00
      outer loop
         vertex 3.528143e+01 9.389507e+01 2.914840e+01
         vertex 3.205643e+01 8.623741e+01 2.914840e+01
         vertex 3.262377e+01 8.567007e+01 2.914840e+01
      endloop
   endfacet
   facet normal 0.000000e+00 -2.775558e-17 1.000000e+00
      outer loop
         vertex 2.993909e+01 8.412007e+01 2.914840e+01
         vertex 2.728143e+01 5.739507e+01 2.914840e+01
         vertex 3.050643e+01 8.355273e+01 2.914840e+01
      endloop
   endfacet
   facet normal 0.000000e+00 -2.775558e-17 1.000000e+00
      outer loop
         vertex 3.050643e+01 8.355273e+01 2.914840e+01
         vertex 2.728143e+01 5.739507e+01 2.914840e+01
         vertex 2.973143e+01 6.989507e+01 2.914840e+01
      endloop
   endfacet
   facet normal 0.000000e+00 -2.775558e-17 1.000000e+00
      outer loop
         vertex 3.050643e+01 8.355273e+01 2.914840e+01
         vertex 2.973143e+01 6.989507e+01 2.914840e+01
         vertex 3.128143e+01 8.334507e+01 2.914840e+01
      endloop
   endfacet
   facet normal 0.000000e+00 -2.775558e-17 1.000000e+00
      outer loop
         vertex 3.128143e+01 8.334507e+01 2.914840e+01
         vertex 2.973143e+01 6.989507e+01 2.914840e+01
         vertex 2.993909e+01 7.067007e+01 2.914840e+01
      endloop
   endfacet
   facet normal 0.000000e+00 -2.775558e-17 1.000000e+00
      outer loop
         vertex 3.128143e+01 8.334507e+01 2.914840e+01
         vertex 2.993909e+01 7.067007e+01 2.914840e+01
         vertex 3.050643e+01 7.123741e+01 2.914840e+01
      endloop
   endfacet
   facet normal 0.000000e+00 1.000000e+00 2.775558e-17
      outer loop
         vertex 2.728143e+01 9.739507e+01 2.292559e+01
         vertex 2.728143e+01 9.739507e+01 2.914840e+01
         vertex 3.528143e+01 9.739507e+01 2.292559e+01
      endloop
   endfacet
   facet normal 0.000000e+00 1.000000e+00 2.775558e-17
      outer loop
         vertex 3.528143e+01 9.739507e+01 2.292559e+01
         vertex 2.728143e+01 9.739507e+01 2.914840e+01
         vertex 3.528143e+01 9.739507e+01 2.914840e+01
      endloop
   endfacet
   facet normal -1.000000e+00 0.000000e+00 0.000000e+00
      outer loop
         vertex 2.728143e+01 9.739507e+01 2.914840e+01
         vertex 2.728143e+01 9.739507e+01 2.292559e+01
         vertex 2.728143e+01 5.739507e+01 2.914840e+01
      endloop
   endfacet
   facet normal -1.000000e+00 0.000000e+00 0.000000e+00
      outer loop
         vertex 2.728143e+01 5.739507e+01 2.914840e+01
         vertex 2.728143e+01 9.739507e+01 2.292559e+01
         vertex 2.728143e+01 9.405323e+01 2.086682e+01
      endloop
   endfacet
   facet normal -1.000000e+00 0.000000e+00 0.000000e+00
      outer loop
         vertex 2.728143e+01 5.739507e+01 2.914840e+01
         vertex 2.728143e+01 9.405323e+01 2.086682e+01
         vertex 2.728143e+01 8.875955e+01 1.854480e+01
      endloop
   endfacet
   facet normal -1.000000e+00 0.000000e+00 0.000000e+00
      outer loop
         vertex 2.728143e+01 7.163426e+01 1.712576e+01
         vertex 2.728143e+01 6.603059e+01 1.854480e+01
         vertex 2.728143e+01 5.739507e+01 2.914840e+01
      endloop
   endfacet
   facet normal -1.000000e+00 0.000000e+00 0.000000e+00
      outer loop
         vertex 2.728143e+01 5.739507e+01 2.914840e+01
         vertex 2.728143e+01 6.603059e+01 1.854480e+01
         vertex 2.728143e+01 6.073691e+01 2.086682e+01
      endloop
   endfacet
   facet normal -1.000000e+00 0.000000e+00 0.000000e+00
      outer loop
         vertex 2.728143e+01 5.739507e+01 2.914840e+01
         vertex 2.728143e+01 6.073691e+01 2.086682e+01
         vertex 2.728143e+01 5.739507e+01 2.292559e+01
      endloop
   endfacet
   facet normal -1.000000e+00 0.000000e+00 0.000000e+00
      outer loop
         vertex 2.728143e+01 8.875955e+01 1.854480e+01
         vertex 2.728143e+01 8.315588e+01 1.712576e+01
         vertex 2.728143e+01 5.739507e+01 2.914840e+01
      endloop
   endfacet
   facet normal -1.000000e+00 0.000000e+00 0.000000e+00
      outer loop
         vertex 2.728143e+01 5.739507e+01 2.914840e+01
         vertex 2.728143e+01 8.315588e+01 1.712576e+01
         vertex 2.728143e+01 7.739507e+01 1.664840e+01
      endloop
   endfacet
   facet normal -1.000000e+00 0.000000e+00 0.000000e+00
      outer loop
         vertex 2.728143e+01 5.739507e+01 2.914840e+01
         vertex 2.728143e+01 7.739507e+01 1.664840e+01
         vertex 2.728143e+01 7.163426e+01 1.712576e+01
      endloop
   endfacet
   facet normal 1.323943e-02 -8.654057e-01 -5.008969e-01
      outer loop
         vertex 3.597362e+01 4.709961e+01 3.412171e+01
         vertex 3.603963e+01 4.710262e+01 3.411825e+01
         vertex 3.603976e+01 4.709960e+01 3.412347e+01
      endloop
   endfacet
   facet normal 1.656864e-01 -8.517982e-01 -4.969787e-01
      outer loop
         vertex 3.603976e+01 4.709960e+01 3.412347e+01
         vertex 3.603963e+01 4.710262e+01 3.411825e+01
         vertex 3.672549e+01 4.722598e+01 3.413549e+01
      endloop
   endfacet
   facet normal 1.656787e-01 -8.517479e-01 -4.970674e-01
      outer loop
         vertex 3.603976e+01 4.709960e+01 3.412347e+01
         vertex 3.672549e+01 4.722598e+01 3.413549e+01
         vertex 3.672704e+01 4.719149e+01 3.419510e+01
      endloop
   endfacet
   facet normal 3.291993e-01 -8.136040e-01 -4.792456e-01
      outer loop
         vertex 3.672704e+01 4.719149e+01 3.419510e+01
         vertex 3.672549e+01 4.722598e+01 3.413549e+01
         vertex 3.686228e+01 4.727201e+01 3.415130e+01
      endloop
   endfacet
   facet normal 3.291935e-01 -8.136001e-01 -4.792563e-01
      outer loop
         vertex 3.672704e+01 4.719149e+01 3.419510e+01
         vertex 3.686228e+01 4.727201e+01 3.415130e+01
         vertex 3.686411e+01 4.723123e+01 3.422179e+01
      endloop
   endfacet
   facet normal 4.832396e-01 -7.523024e-01 -4.477952e-01
      outer loop
         vertex 3.686411e+01 4.723123e+01 3.422179e+01
         vertex 3.686228e+01 4.727201e+01 3.415130e+01
         vertex 3.747095e+01 4.758423e+01 3.428361e+01
      endloop
   endfacet
   facet normal 4.832398e-01 -7.523030e-01 -4.477939e-01
      outer loop
         vertex 3.686411e+01 4.723123e+01 3.422179e+01
         vertex 3.747095e+01 4.758423e+01 3.428361e+01
         vertex 3.747405e+01 4.751532e+01 3.440272e+01
      endloop
   endfacet
   facet normal 6.235889e-01 -6.695343e-01 -4.035600e-01
      outer loop
         vertex 3.747405e+01 4.751532e+01 3.440272e+01
         vertex 3.747095e+01 4.758423e+01 3.428361e+01
         vertex 3.758471e+01 4.766684e+01 3.432234e+01
      endloop
   endfacet
   facet normal 6.235894e-01 -6.695343e-01 -4.035593e-01
      outer loop
         vertex 3.747405e+01 4.751532e+01 3.440272e+01
         vertex 3.758471e+01 4.766684e+01 3.432234e+01
         vertex 3.758805e+01 4.759265e+01 3.445059e+01
      endloop
   endfacet
   facet normal 7.362971e-01 -5.772292e-01 -3.530907e-01
      outer loop
         vertex 3.758805e+01 4.759265e+01 3.445059e+01
         vertex 3.758471e+01 4.766684e+01 3.432234e+01
         vertex 3.800611e+01 4.807911e+01 3.452709e+01
      endloop
   endfacet
   facet normal 7.362939e-01 -5.772242e-01 -3.531055e-01
      outer loop
         vertex 3.758805e+01 4.759265e+01 3.445059e+01
         vertex 3.800611e+01 4.807911e+01 3.452709e+01
         vertex 3.801033e+01 4.798519e+01 3.468943e+01
      endloop
   endfacet
   facet normal 8.205789e-01 -4.973839e-01 -2.815307e-01
      outer loop
         vertex 3.804446e+01 4.807233e+01 3.463468e+01
         vertex 3.802164e+01 4.799658e+01 3.470198e+01
         vertex 3.801994e+01 4.799512e+01 3.469959e+01
      endloop
   endfacet
   facet normal 8.336827e-01 -4.563334e-01 -3.110193e-01
      outer loop
         vertex 3.805452e+01 4.814013e+01 3.456217e+01
         vertex 3.806283e+01 4.815066e+01 3.456900e+01
         vertex 3.804446e+01 4.807233e+01 3.463468e+01
      endloop
   endfacet
   facet normal 6.413580e-01 -6.028032e-01 -4.746453e-01
      outer loop
         vertex 3.804446e+01 4.807233e+01 3.463468e+01
         vertex 3.801994e+01 4.799512e+01 3.469959e+01
         vertex 3.805452e+01 4.814013e+01 3.456217e+01
      endloop
   endfacet
   facet normal 8.249014e-01 -4.798829e-01 -2.987475e-01
      outer loop
         vertex 3.805452e+01 4.814013e+01 3.456217e+01
         vertex 3.801994e+01 4.799512e+01 3.469959e+01
         vertex 3.801842e+01 4.799375e+01 3.469762e+01
      endloop
   endfacet
   facet normal 8.309218e-01 -4.742137e-01 -2.910160e-01
      outer loop
         vertex 3.805452e+01 4.814013e+01 3.456217e+01
         vertex 3.801842e+01 4.799375e+01 3.469762e+01
         vertex 3.804708e+01 4.813070e+01 3.455626e+01
      endloop
   endfacet
   facet normal 8.200517e-01 -4.850480e-01 -3.037165e-01
      outer loop
         vertex 3.804708e+01 4.813070e+01 3.455626e+01
         vertex 3.801842e+01 4.799375e+01 3.469762e+01
         vertex 3.801033e+01 4.798519e+01 3.468943e+01
      endloop
   endfacet
   facet normal 8.223401e-01 -4.829746e-01 -3.008195e-01
      outer loop
         vertex 3.804708e+01 4.813070e+01 3.455626e+01
         vertex 3.801033e+01 4.798519e+01 3.468943e+01
         vertex 3.800611e+01 4.807911e+01 3.452709e+01
      endloop
   endfacet
   facet normal 8.271823e-01 -5.431579e-01 1.440446e-01
      outer loop
         vertex 3.804285e+01 4.509591e+01 6.194814e+01
         vertex 3.804141e+01 4.509505e+01 6.195318e+01
         vertex 3.804125e+01 4.509364e+01 6.194878e+01
      endloop
   endfacet
   facet normal 4.585866e-01 -8.634785e-01 2.100077e-01
      outer loop
         vertex 3.718992e+01 4.436056e+01 6.221723e+01
         vertex 3.706141e+01 4.429838e+01 6.224217e+01
         vertex 3.671846e+01 4.330786e+01 5.891839e+01
      endloop
   endfacet
   facet normal 7.338969e-01 -6.181022e-01 -2.816825e-01
      outer loop
         vertex 3.758805e+01 4.759265e+01 3.445059e+01
         vertex 3.801033e+01 4.798519e+01 3.468943e+01
         vertex 3.800033e+01 4.649904e+01 3.792449e+01
      endloop
   endfacet
   facet normal 1.639220e-01 -8.825875e-01 -4.406460e-01
      outer loop
         vertex 3.603976e+01 4.709960e+01 3.412347e+01
         vertex 3.672704e+01 4.719149e+01 3.419510e+01
         vertex 3.670383e+01 4.555367e+01 3.746692e+01
      endloop
   endfacet
   facet normal 3.272430e-01 -8.459101e-01 -4.211272e-01
      outer loop
         vertex 3.670383e+01 4.555367e+01 3.746692e+01
         vertex 3.672704e+01 4.719149e+01 3.419510e+01
         vertex 3.686411e+01 4.723123e+01 3.422179e+01
      endloop
   endfacet
   facet normal 3.145009e-01 -9.260905e-01 2.084359e-01
      outer loop
         vertex 3.587642e+01 4.316915e+01 5.896867e+01
         vertex 3.639897e+01 4.410324e+01 6.233045e+01
         vertex 3.590790e+01 4.346609e+01 6.024053e+01
      endloop
   endfacet
   facet normal 8.412767e-02 -9.584869e-01 2.724434e-01
      outer loop
         vertex 3.590790e+01 4.346609e+01 6.024053e+01
         vertex 3.639897e+01 4.410324e+01 6.233045e+01
         vertex 3.597405e+01 4.407334e+01 6.235646e+01
      endloop
   endfacet
   facet normal 6.018226e-01 -7.745325e-01 1.947024e-01
      outer loop
         vertex 3.746205e+01 4.371621e+01 5.881284e+01
         vertex 3.774464e+01 4.475439e+01 6.206926e+01
         vertex 3.718992e+01 4.436056e+01 6.221723e+01
      endloop
   endfacet
   facet normal 7.868221e-01 -6.052933e-01 1.205442e-01
      outer loop
         vertex 3.746205e+01 4.371621e+01 5.881284e+01
         vertex 3.804125e+01 4.509364e+01 6.194878e+01
         vertex 3.784380e+01 4.485384e+01 6.203347e+01
      endloop
   endfacet
   facet normal 7.266372e-01 -6.703026e-01 1.506414e-01
      outer loop
         vertex 3.746205e+01 4.371621e+01 5.881284e+01
         vertex 3.784380e+01 4.485384e+01 6.203347e+01
         vertex 3.774464e+01 4.475439e+01 6.206926e+01
      endloop
   endfacet
   facet normal 6.214768e-01 -7.059643e-01 -3.396779e-01
      outer loop
         vertex 3.747405e+01 4.751532e+01 3.440272e+01
         vertex 3.758805e+01 4.759265e+01 3.445059e+01
         vertex 3.744222e+01 4.592370e+01 3.765240e+01
      endloop
   endfacet
   facet normal 7.518411e-01 -5.980975e-01 -2.775144e-01
      outer loop
         vertex 3.744222e+01 4.592370e+01 3.765240e+01
         vertex 3.758805e+01 4.759265e+01 3.445059e+01
         vertex 3.800033e+01 4.649904e+01 3.792449e+01
      endloop
   endfacet
   facet normal 7.504364e-01 -6.211248e-01 -2.259409e-01
      outer loop
         vertex 3.744222e+01 4.592370e+01 3.765240e+01
         vertex 3.800033e+01 4.649904e+01 3.792449e+01
         vertex 3.742938e+01 4.467147e+01 4.105224e+01
      endloop
   endfacet
   facet normal 7.663145e-01 -6.057553e-01 -2.140620e-01
      outer loop
         vertex 3.742938e+01 4.467147e+01 4.105224e+01
         vertex 3.800033e+01 4.649904e+01 3.792449e+01
         vertex 3.798819e+01 4.544387e+01 4.086694e+01
      endloop
   endfacet
   facet normal 1.199187e-02 -8.907309e-01 -4.543728e-01
      outer loop
         vertex 3.597362e+01 4.709961e+01 3.412171e+01
         vertex 3.603976e+01 4.709960e+01 3.412347e+01
         vertex 3.586982e+01 4.543137e+01 3.738931e+01
      endloop
   endfacet
   facet normal 1.702627e-01 -8.811002e-01 -4.412177e-01
      outer loop
         vertex 3.586982e+01 4.543137e+01 3.738931e+01
         vertex 3.603976e+01 4.709960e+01 3.412347e+01
         vertex 3.670383e+01 4.555367e+01 3.746692e+01
      endloop
   endfacet
   facet normal 1.691727e-01 -9.029113e-01 -3.951351e-01
      outer loop
         vertex 3.586982e+01 4.543137e+01 3.738931e+01
         vertex 3.670383e+01 4.555367e+01 3.746692e+01
         vertex 3.586477e+01 4.534301e+01 3.758905e+01
      endloop
   endfacet
   facet normal 1.804272e-01 -9.201440e-01 -3.475356e-01
      outer loop
         vertex 3.586477e+01 4.534301e+01 3.758905e+01
         vertex 3.670383e+01 4.555367e+01 3.746692e+01
         vertex 3.666908e+01 4.424906e+01 4.090299e+01
      endloop
   endfacet
   facet normal 1.814516e-01 -9.790691e-01 -9.219030e-02
      outer loop
         vertex 3.575753e+01 4.251461e+01 4.875814e+01
         vertex 3.575610e+01 4.258563e+01 4.800113e+01
         vertex 3.664827e+01 4.274947e+01 4.801712e+01
      endloop
   endfacet
   facet normal 1.811473e-01 -9.714656e-01 -1.531024e-01
      outer loop
         vertex 3.664827e+01 4.274947e+01 4.801712e+01
         vertex 3.575610e+01 4.258563e+01 4.800113e+01
         vertex 3.576422e+01 4.315705e+01 4.438493e+01
      endloop
   endfacet
   facet normal 1.797742e-01 -9.717679e-01 -1.528021e-01
      outer loop
         vertex 3.664827e+01 4.274947e+01 4.801712e+01
         vertex 3.576422e+01 4.315705e+01 4.438493e+01
         vertex 3.665110e+01 4.331496e+01 4.442411e+01
      endloop
   endfacet
   facet normal 1.804159e-01 -9.583145e-01 -2.215478e-01
      outer loop
         vertex 3.665110e+01 4.331496e+01 4.442411e+01
         vertex 3.576422e+01 4.315705e+01 4.438493e+01
         vertex 3.577419e+01 4.346607e+01 4.305638e+01
      endloop
   endfacet
   facet normal 2.256311e-01 -9.419266e-01 -2.487265e-01
      outer loop
         vertex 3.665110e+01 4.331496e+01 4.442411e+01
         vertex 3.577419e+01 4.346607e+01 4.305638e+01
         vertex 3.666908e+01 4.424906e+01 4.090299e+01
      endloop
   endfacet
   facet normal 1.759020e-01 -9.463685e-01 -2.710078e-01
      outer loop
         vertex 3.666908e+01 4.424906e+01 4.090299e+01
         vertex 3.577419e+01 4.346607e+01 4.305638e+01
         vertex 3.580056e+01 4.410499e+01 4.084235e+01
      endloop
   endfacet
   facet normal 1.770012e-01 -9.210144e-01 -3.469914e-01
      outer loop
         vertex 3.666908e+01 4.424906e+01 4.090299e+01
         vertex 3.580056e+01 4.410499e+01 4.084235e+01
         vertex 3.586477e+01 4.534301e+01 3.758905e+01
      endloop
   endfacet
   facet normal 7.751542e-01 -6.046936e-01 -1.829800e-01
      outer loop
         vertex 3.798819e+01 4.544387e+01 4.086694e+01
         vertex 3.798673e+01 4.531958e+01 4.127152e+01
         vertex 3.742938e+01 4.467147e+01 4.105224e+01
      endloop
   endfacet
   facet normal 7.742473e-01 -6.142598e-01 -1.524008e-01
      outer loop
         vertex 3.742938e+01 4.467147e+01 4.105224e+01
         vertex 3.798673e+01 4.531958e+01 4.127152e+01
         vertex 3.797838e+01 4.446427e+01 4.467644e+01
      endloop
   endfacet
   facet normal 7.872312e-01 -5.972743e-01 -1.533966e-01
      outer loop
         vertex 3.742938e+01 4.467147e+01 4.105224e+01
         vertex 3.797838e+01 4.446427e+01 4.467644e+01
         vertex 3.742260e+01 4.377045e+01 4.452568e+01
      endloop
   endfacet
   facet normal 7.868692e-01 -6.099886e-01 -9.354584e-02
      outer loop
         vertex 3.742260e+01 4.377045e+01 4.452568e+01
         vertex 3.797838e+01 4.446427e+01 4.467644e+01
         vertex 3.797813e+01 4.393288e+01 4.813937e+01
      endloop
   endfacet
   facet normal 7.905188e-01 -6.051304e-01 -9.432526e-02
      outer loop
         vertex 3.742260e+01 4.377045e+01 4.452568e+01
         vertex 3.797813e+01 4.393288e+01 4.813937e+01
         vertex 3.742296e+01 4.321917e+01 4.806532e+01
      endloop
   endfacet
   facet normal 7.906200e-01 -6.112309e-01 -3.628780e-02
      outer loop
         vertex 3.742296e+01 4.321917e+01 4.806532e+01
         vertex 3.797813e+01 4.393288e+01 4.813937e+01
         vertex 3.798574e+01 4.373320e+01 5.166871e+01
      endloop
   endfacet
   facet normal 7.865707e-01 -6.165131e-01 -3.490189e-02
      outer loop
         vertex 3.742296e+01 4.321917e+01 4.806532e+01
         vertex 3.798574e+01 4.373320e+01 5.166871e+01
         vertex 3.742992e+01 4.302377e+01 5.167392e+01
      endloop
   endfacet
   facet normal 7.870698e-01 -6.164897e-01 2.148273e-02
      outer loop
         vertex 3.742992e+01 4.302377e+01 5.167392e+01
         vertex 3.798574e+01 4.373320e+01 5.166871e+01
         vertex 3.800011e+01 4.387413e+01 5.518647e+01
      endloop
   endfacet
   facet normal 7.756584e-01 -6.305859e-01 2.674777e-02
      outer loop
         vertex 3.742992e+01 4.302377e+01 5.167392e+01
         vertex 3.800011e+01 4.387413e+01 5.518647e+01
         vertex 3.744289e+01 4.319215e+01 5.526748e+01
      endloop
   endfacet
   facet normal 7.765326e-01 -6.249291e-01 8.037810e-02
      outer loop
         vertex 3.744289e+01 4.319215e+01 5.526748e+01
         vertex 3.800011e+01 4.387413e+01 5.518647e+01
         vertex 3.802022e+01 4.434645e+01 5.866438e+01
      endloop
   endfacet
   facet normal 7.560766e-01 -6.480268e-01 9.170359e-02
      outer loop
         vertex 3.744289e+01 4.319215e+01 5.526748e+01
         vertex 3.802022e+01 4.434645e+01 5.866438e+01
         vertex 3.746205e+01 4.371621e+01 5.881284e+01
      endloop
   endfacet
   facet normal 7.573756e-01 -6.377222e-01 1.403304e-01
      outer loop
         vertex 3.746205e+01 4.371621e+01 5.881284e+01
         vertex 3.802022e+01 4.434645e+01 5.866438e+01
         vertex 3.804285e+01 4.509591e+01 6.194814e+01
      endloop
   endfacet
   facet normal 8.255971e-01 -5.567028e-01 9.203976e-02
      outer loop
         vertex 3.746205e+01 4.371621e+01 5.881284e+01
         vertex 3.804285e+01 4.509591e+01 6.194814e+01
         vertex 3.804125e+01 4.509364e+01 6.194878e+01
      endloop
   endfacet
   facet normal 4.932881e-01 -8.466386e-01 1.996745e-01
      outer loop
         vertex 3.718992e+01 4.436056e+01 6.221723e+01
         vertex 3.671846e+01 4.330786e+01 5.891839e+01
         vertex 3.746205e+01 4.371621e+01 5.881284e+01
      endloop
   endfacet
   facet normal 4.913692e-01 -8.612526e-01 1.296159e-01
      outer loop
         vertex 3.746205e+01 4.371621e+01 5.881284e+01
         vertex 3.671846e+01 4.330786e+01 5.891839e+01
         vertex 3.668146e+01 4.274617e+01 5.532643e+01
      endloop
   endfacet
   facet normal 5.086372e-01 -8.521196e-01 1.232085e-01
      outer loop
         vertex 3.746205e+01 4.371621e+01 5.881284e+01
         vertex 3.668146e+01 4.274617e+01 5.532643e+01
         vertex 3.744289e+01 4.319215e+01 5.526748e+01
      endloop
   endfacet
   facet normal 5.073533e-01 -8.607449e-01 4.136272e-02
      outer loop
         vertex 3.744289e+01 4.319215e+01 5.526748e+01
         vertex 3.668146e+01 4.274617e+01 5.532643e+01
         vertex 3.665866e+01 4.255753e+01 5.168058e+01
      endloop
   endfacet
   facet normal 5.171967e-01 -8.550138e-01 3.819662e-02
      outer loop
         vertex 3.744289e+01 4.319215e+01 5.526748e+01
         vertex 3.665866e+01 4.255753e+01 5.168058e+01
         vertex 3.742992e+01 4.302377e+01 5.167392e+01
      endloop
   endfacet
   facet normal 5.164869e-01 -8.550445e-01 -4.626211e-02
      outer loop
         vertex 3.742992e+01 4.302377e+01 5.167392e+01
         vertex 3.665866e+01 4.255753e+01 5.168058e+01
         vertex 3.664827e+01 4.274947e+01 4.801712e+01
      endloop
   endfacet
   facet normal 5.200314e-01 -8.528429e-01 -4.718491e-02
      outer loop
         vertex 3.742992e+01 4.302377e+01 5.167392e+01
         vertex 3.664827e+01 4.274947e+01 4.801712e+01
         vertex 3.742296e+01 4.321917e+01 4.806532e+01
      endloop
   endfacet
   facet normal 5.199095e-01 -8.438968e-01 -1.324098e-01
      outer loop
         vertex 3.742296e+01 4.321917e+01 4.806532e+01
         vertex 3.664827e+01 4.274947e+01 4.801712e+01
         vertex 3.665110e+01 4.331496e+01 4.442411e+01
      endloop
   endfacet
   facet normal 5.167747e-01 -8.459156e-01 -1.317984e-01
      outer loop
         vertex 3.742296e+01 4.321917e+01 4.806532e+01
         vertex 3.665110e+01 4.331496e+01 4.442411e+01
         vertex 3.742260e+01 4.377045e+01 4.452568e+01
      endloop
   endfacet
   facet normal 5.173135e-01 -8.278351e-01 -2.169697e-01
      outer loop
         vertex 3.742260e+01 4.377045e+01 4.452568e+01
         vertex 3.665110e+01 4.331496e+01 4.442411e+01
         vertex 3.666908e+01 4.424906e+01 4.090299e+01
      endloop
   endfacet
   facet normal 5.062380e-01 -8.350054e-01 -2.156133e-01
      outer loop
         vertex 3.742260e+01 4.377045e+01 4.452568e+01
         vertex 3.666908e+01 4.424906e+01 4.090299e+01
         vertex 3.742938e+01 4.467147e+01 4.105224e+01
      endloop
   endfacet
   facet normal 5.076052e-01 -8.071764e-01 -3.013357e-01
      outer loop
         vertex 3.742938e+01 4.467147e+01 4.105224e+01
         vertex 3.666908e+01 4.424906e+01 4.090299e+01
         vertex 3.670383e+01 4.555367e+01 3.746692e+01
      endloop
   endfacet
   facet normal 4.865728e-01 -8.203948e-01 -3.003319e-01
      outer loop
         vertex 3.742938e+01 4.467147e+01 4.105224e+01
         vertex 3.670383e+01 4.555367e+01 3.746692e+01
         vertex 3.744222e+01 4.592370e+01 3.765240e+01
      endloop
   endfacet
   facet normal 4.889543e-01 -7.845111e-01 -3.814000e-01
      outer loop
         vertex 3.744222e+01 4.592370e+01 3.765240e+01
         vertex 3.670383e+01 4.555367e+01 3.746692e+01
         vertex 3.686411e+01 4.723123e+01 3.422179e+01
      endloop
   endfacet
   facet normal 4.808921e-01 -7.892605e-01 -3.818515e-01
      outer loop
         vertex 3.744222e+01 4.592370e+01 3.765240e+01
         vertex 3.686411e+01 4.723123e+01 3.422179e+01
         vertex 3.747405e+01 4.751532e+01 3.440272e+01
      endloop
   endfacet
   facet normal 2.228247e-01 -9.740022e-01 -4.085145e-02
      outer loop
         vertex 3.575753e+01 4.251461e+01 4.875814e+01
         vertex 3.664827e+01 4.274947e+01 4.801712e+01
         vertex 3.577220e+01 4.239509e+01 5.168780e+01
      endloop
   endfacet
   facet normal 1.795921e-01 -9.823671e-01 -5.197721e-02
      outer loop
         vertex 3.577220e+01 4.239509e+01 5.168780e+01
         vertex 3.664827e+01 4.274947e+01 4.801712e+01
         vertex 3.665866e+01 4.255753e+01 5.168058e+01
      endloop
   endfacet
   facet normal 1.804164e-01 -9.828000e-01 3.942288e-02
      outer loop
         vertex 3.577220e+01 4.239509e+01 5.168780e+01
         vertex 3.665866e+01 4.255753e+01 5.168058e+01
         vertex 3.580034e+01 4.251461e+01 5.453870e+01
      endloop
   endfacet
   facet normal 2.125124e-01 -9.759207e-01 4.916498e-02
      outer loop
         vertex 3.580034e+01 4.251461e+01 5.453870e+01
         vertex 3.665866e+01 4.255753e+01 5.168058e+01
         vertex 3.668146e+01 4.274617e+01 5.532643e+01
      endloop
   endfacet
   facet normal 1.766809e-01 -9.801012e-01 9.047371e-02
      outer loop
         vertex 3.580034e+01 4.251461e+01 5.453870e+01
         vertex 3.668146e+01 4.274617e+01 5.532643e+01
         vertex 3.581110e+01 4.259199e+01 5.535592e+01
      endloop
   endfacet
   facet normal 1.773788e-01 -9.726036e-01 1.502632e-01
      outer loop
         vertex 3.581110e+01 4.259199e+01 5.535592e+01
         vertex 3.668146e+01 4.274617e+01 5.532643e+01
         vertex 3.671846e+01 4.330786e+01 5.891839e+01
      endloop
   endfacet
   facet normal 1.694994e-01 -9.736626e-01 1.524829e-01
      outer loop
         vertex 3.581110e+01 4.259199e+01 5.535592e+01
         vertex 3.671846e+01 4.330786e+01 5.891839e+01
         vertex 3.587642e+01 4.316915e+01 5.896867e+01
      endloop
   endfacet
   facet normal 1.721169e-01 -9.487675e-01 2.649829e-01
      outer loop
         vertex 3.587642e+01 4.316915e+01 5.896867e+01
         vertex 3.671846e+01 4.330786e+01 5.891839e+01
         vertex 3.706141e+01 4.429838e+01 6.224217e+01
      endloop
   endfacet
   facet normal 3.019935e-01 -9.295862e-01 2.113513e-01
      outer loop
         vertex 3.587642e+01 4.316915e+01 5.896867e+01
         vertex 3.706141e+01 4.429838e+01 6.224217e+01
         vertex 3.639897e+01 4.410324e+01 6.233045e+01
      endloop
   endfacet
   facet normal 1.850636e-01 -7.666204e-01 -6.148533e-01
      outer loop
         vertex 3.665347e+01 4.941930e+01 3.090804e+01
         vertex 3.573666e+01 4.925046e+01 3.084262e+01
         vertex 3.564195e+01 5.060433e+01 2.912606e+01
      endloop
   endfacet
   facet normal 7.323322e-01 5.473318e-01 -4.051141e-01
      outer loop
         vertex 3.800611e+01 1.067110e+02 3.452709e+01
         vertex 3.745477e+01 1.053935e+02 3.175041e+01
         vertex 3.758474e+01 1.071233e+02 3.432235e+01
      endloop
   endfacet
   facet normal 6.189782e-01 6.368836e-01 -4.596142e-01
      outer loop
         vertex 3.758474e+01 1.071233e+02 3.432235e+01
         vertex 3.745477e+01 1.053935e+02 3.175041e+01
         vertex 3.747096e+01 1.072059e+02 3.428362e+01
      endloop
   endfacet
   facet normal 8.322742e-01 4.301742e-01 -3.496710e-01
      outer loop
         vertex 3.806283e+01 1.066395e+02 3.456900e+01
         vertex 3.800769e+01 1.047777e+02 3.214731e+01
         vertex 3.805452e+01 1.066500e+02 3.456217e+01
      endloop
   endfacet
   facet normal 8.290054e-01 4.340606e-01 -3.526208e-01
      outer loop
         vertex 3.805452e+01 1.066500e+02 3.456217e+01
         vertex 3.800769e+01 1.047777e+02 3.214731e+01
         vertex 3.804708e+01 1.066594e+02 3.455626e+01
      endloop
   endfacet
   facet normal 3.249924e-01 7.841296e-01 -5.286972e-01
      outer loop
         vertex 3.667536e+01 1.058132e+02 3.150773e+01
         vertex 3.672549e+01 1.075642e+02 3.413549e+01
         vertex 3.686229e+01 1.075181e+02 3.415130e+01
      endloop
   endfacet
   facet normal 1.134799e-02 8.512381e-01 -5.246569e-01
      outer loop
         vertex 3.597362e+01 1.076905e+02 3.412171e+01
         vertex 3.603963e+01 1.076875e+02 3.411825e+01
         vertex 3.584610e+01 1.066962e+02 3.250566e+01
      endloop
   endfacet
   facet normal 7.034002e-01 5.647590e-01 -4.315963e-01
      outer loop
         vertex 3.584610e+01 1.066962e+02 3.250566e+01
         vertex 3.603963e+01 1.076875e+02 3.411825e+01
         vertex 3.577452e+01 1.059801e+02 3.145201e+01
      endloop
   endfacet
   facet normal 3.264380e-01 -7.937053e-01 -5.132935e-01
      outer loop
         vertex 3.686228e+01 4.727201e+01 3.415130e+01
         vertex 3.672549e+01 4.722598e+01 3.413549e+01
         vertex 3.672136e+01 4.816487e+01 3.268104e+01
      endloop
   endfacet
   facet normal 1.625127e-01 -8.287740e-01 -5.354655e-01
      outer loop
         vertex 3.672136e+01 4.816487e+01 3.268104e+01
         vertex 3.672549e+01 4.722598e+01 3.413549e+01
         vertex 3.603963e+01 4.710262e+01 3.411825e+01
      endloop
   endfacet
   facet normal 4.786376e-01 -7.203753e-01 -5.019616e-01
      outer loop
         vertex 3.747912e+01 4.856680e+01 3.288130e+01
         vertex 3.747095e+01 4.758423e+01 3.428361e+01
         vertex 3.686228e+01 4.727201e+01 3.415130e+01
      endloop
   endfacet
   facet normal 8.326760e-01 -4.351436e-01 -3.424919e-01
      outer loop
         vertex 3.803542e+01 4.915942e+01 3.322070e+01
         vertex 3.806283e+01 4.815066e+01 3.456900e+01
         vertex 3.805452e+01 4.814013e+01 3.456217e+01
      endloop
   endfacet
   facet normal 8.294703e-01 -4.389808e-01 -3.453618e-01
      outer loop
         vertex 3.805452e+01 4.814013e+01 3.456217e+01
         vertex 3.804708e+01 4.813070e+01 3.455626e+01
         vertex 3.803542e+01 4.915942e+01 3.322070e+01
      endloop
   endfacet
   facet normal 8.194923e-01 -4.505426e-01 -3.541803e-01
      outer loop
         vertex 3.803542e+01 4.915942e+01 3.322070e+01
         vertex 3.804708e+01 4.813070e+01 3.455626e+01
         vertex 3.800611e+01 4.807911e+01 3.452709e+01
      endloop
   endfacet
   facet normal 7.299698e-01 -5.346714e-01 -4.257588e-01
      outer loop
         vertex 3.803542e+01 4.915942e+01 3.322070e+01
         vertex 3.800611e+01 4.807911e+01 3.452709e+01
         vertex 3.758471e+01 4.766684e+01 3.432234e+01
      endloop
   endfacet
   facet normal 8.219965e-01 4.015330e-01 -4.038478e-01
      outer loop
         vertex 3.792084e+01 1.019630e+02 2.902794e+01
         vertex 3.741840e+01 1.040366e+02 3.006698e+01
         vertex 3.796304e+01 1.034035e+02 3.054609e+01
      endloop
   endfacet
   facet normal 8.242202e-01 4.320495e-01 -3.660523e-01
      outer loop
         vertex 3.796304e+01 1.034035e+02 3.054609e+01
         vertex 3.741840e+01 1.040366e+02 3.006698e+01
         vertex 3.745477e+01 1.053935e+02 3.175041e+01
      endloop
   endfacet
   facet normal 7.942486e-01 4.499598e-01 -4.082958e-01
      outer loop
         vertex 3.796304e+01 1.034035e+02 3.054609e+01
         vertex 3.745477e+01 1.053935e+02 3.175041e+01
         vertex 3.800769e+01 1.047777e+02 3.214731e+01
      endloop
   endfacet
   facet normal 7.964730e-01 4.695776e-01 -3.809563e-01
      outer loop
         vertex 3.800769e+01 1.047777e+02 3.214731e+01
         vertex 3.745477e+01 1.053935e+02 3.175041e+01
         vertex 3.800611e+01 1.067110e+02 3.452709e+01
      endloop
   endfacet
   facet normal 8.188299e-01 4.458052e-01 -3.616287e-01
      outer loop
         vertex 3.800769e+01 1.047777e+02 3.214731e+01
         vertex 3.800611e+01 1.067110e+02 3.452709e+01
         vertex 3.804708e+01 1.066594e+02 3.455626e+01
      endloop
   endfacet
   facet normal 1.907415e-01 7.368539e-01 -6.485862e-01
      outer loop
         vertex 3.656458e+01 1.030326e+02 2.811451e+01
         vertex 3.567073e+01 1.046417e+02 2.967970e+01
         vertex 3.661456e+01 1.044708e+02 2.976316e+01
      endloop
   endfacet
   facet normal 1.936488e-01 7.774038e-01 -5.984509e-01
      outer loop
         vertex 3.661456e+01 1.044708e+02 2.976316e+01
         vertex 3.567073e+01 1.046417e+02 2.967970e+01
         vertex 3.577452e+01 1.059801e+02 3.145201e+01
      endloop
   endfacet
   facet normal 1.812146e-01 7.763484e-01 -6.036924e-01
      outer loop
         vertex 3.661456e+01 1.044708e+02 2.976316e+01
         vertex 3.577452e+01 1.059801e+02 3.145201e+01
         vertex 3.667536e+01 1.058132e+02 3.150773e+01
      endloop
   endfacet
   facet normal 1.853715e-01 8.190596e-01 -5.429354e-01
      outer loop
         vertex 3.667536e+01 1.058132e+02 3.150773e+01
         vertex 3.577452e+01 1.059801e+02 3.145201e+01
         vertex 3.603963e+01 1.076875e+02 3.411825e+01
      endloop
   endfacet
   facet normal 1.612596e-01 8.198618e-01 -5.493833e-01
      outer loop
         vertex 3.667536e+01 1.058132e+02 3.150773e+01
         vertex 3.603963e+01 1.076875e+02 3.411825e+01
         vertex 3.672549e+01 1.075642e+02 3.413549e+01
      endloop
   endfacet
   facet normal 8.514550e-01 3.536981e-01 -3.871976e-01
      outer loop
         vertex 3.789917e+01 1.011313e+02 2.822055e+01
         vertex 3.735694e+01 1.010696e+02 2.697175e+01
         vertex 3.792084e+01 1.019630e+02 2.902794e+01
      endloop
   endfacet
   facet normal 8.425659e-01 3.696680e-01 -3.916991e-01
      outer loop
         vertex 3.792084e+01 1.019630e+02 2.902794e+01
         vertex 3.735694e+01 1.010696e+02 2.697175e+01
         vertex 3.738562e+01 1.025961e+02 2.847416e+01
      endloop
   endfacet
   facet normal 8.434831e-01 3.896497e-01 -3.697424e-01
      outer loop
         vertex 3.792084e+01 1.019630e+02 2.902794e+01
         vertex 3.738562e+01 1.025961e+02 2.847416e+01
         vertex 3.741840e+01 1.040366e+02 3.006698e+01
      endloop
   endfacet
   facet normal 2.035875e-01 6.504565e-01 -7.317503e-01
      outer loop
         vertex 3.648895e+01 9.986923e+01 2.510283e+01
         vertex 3.552167e+01 1.016654e+02 2.643033e+01
         vertex 3.652328e+01 1.014989e+02 2.656097e+01
      endloop
   endfacet
   facet normal 2.054333e-01 6.953191e-01 -6.887151e-01
      outer loop
         vertex 3.652328e+01 1.014989e+02 2.656097e+01
         vertex 3.552167e+01 1.016654e+02 2.643033e+01
         vertex 3.558543e+01 1.031454e+02 2.794356e+01
      endloop
   endfacet
   facet normal 2.006734e-01 6.944877e-01 -6.909537e-01
      outer loop
         vertex 3.652328e+01 1.014989e+02 2.656097e+01
         vertex 3.558543e+01 1.031454e+02 2.794356e+01
         vertex 3.656458e+01 1.030326e+02 2.811451e+01
      endloop
   endfacet
   facet normal 1.992396e-01 7.172709e-01 -6.677021e-01
      outer loop
         vertex 3.656458e+01 1.030326e+02 2.811451e+01
         vertex 3.558543e+01 1.031454e+02 2.794356e+01
         vertex 3.558826e+01 1.032029e+02 2.800619e+01
      endloop
   endfacet
   facet normal 2.002728e-01 7.380346e-01 -6.443569e-01
      outer loop
         vertex 3.656458e+01 1.030326e+02 2.811451e+01
         vertex 3.558826e+01 1.032029e+02 2.800619e+01
         vertex 3.567073e+01 1.046417e+02 2.967970e+01
      endloop
   endfacet
   facet normal 2.146952e-01 5.020748e-01 -8.377510e-01
      outer loop
         vertex 3.641653e+01 9.444417e+01 2.135314e+01
         vertex 3.538485e+01 9.646524e+01 2.230000e+01
         vertex 3.643622e+01 9.632450e+01 2.248510e+01
      endloop
   endfacet
   facet normal 2.157285e-01 5.548516e-01 -8.034929e-01
      outer loop
         vertex 3.643622e+01 9.632450e+01 2.248510e+01
         vertex 3.538485e+01 9.646524e+01 2.230000e+01
         vertex 3.542214e+01 9.829359e+01 2.357258e+01
      endloop
   endfacet
   facet normal 2.117157e-01 5.537812e-01 -8.052968e-01
      outer loop
         vertex 3.643622e+01 9.632450e+01 2.248510e+01
         vertex 3.542214e+01 9.829359e+01 2.357258e+01
         vertex 3.646022e+01 9.814224e+01 2.374142e+01
      endloop
   endfacet
   facet normal 2.126696e-01 5.886106e-01 -7.799418e-01
      outer loop
         vertex 3.646022e+01 9.814224e+01 2.374142e+01
         vertex 3.542214e+01 9.829359e+01 2.357258e+01
         vertex 3.543646e+01 9.889253e+01 2.402850e+01
      endloop
   endfacet
   facet normal 2.252834e-01 6.008535e-01 -7.669566e-01
      outer loop
         vertex 3.646022e+01 9.814224e+01 2.374142e+01
         vertex 3.543646e+01 9.889253e+01 2.402850e+01
         vertex 3.648895e+01 9.986923e+01 2.510283e+01
      endloop
   endfacet
   facet normal 2.084518e-01 6.133377e-01 -7.618168e-01
      outer loop
         vertex 3.648895e+01 9.986923e+01 2.510283e+01
         vertex 3.543646e+01 9.889253e+01 2.402850e+01
         vertex 3.546718e+01 1.000293e+02 2.495210e+01
      endloop
   endfacet
   facet normal 2.096092e-01 6.516525e-01 -7.289808e-01
      outer loop
         vertex 3.648895e+01 9.986923e+01 2.510283e+01
         vertex 3.546718e+01 1.000293e+02 2.495210e+01
         vertex 3.552167e+01 1.016654e+02 2.643033e+01
      endloop
   endfacet
   facet normal 2.190749e-01 3.936898e-01 -8.927567e-01
      outer loop
         vertex 3.638715e+01 9.050486e+01 1.946008e+01
         vertex 3.532954e+01 9.261963e+01 2.013313e+01
         vertex 3.640040e+01 9.250422e+01 2.034501e+01
      endloop
   endfacet
   facet normal 2.197197e-01 4.423065e-01 -8.695333e-01
      outer loop
         vertex 3.640040e+01 9.250422e+01 2.034501e+01
         vertex 3.532954e+01 9.261963e+01 2.013313e+01
         vertex 3.534722e+01 9.405323e+01 2.086683e+01
      endloop
   endfacet
   facet normal 2.296012e-01 4.472994e-01 -8.644111e-01
      outer loop
         vertex 3.640040e+01 9.250422e+01 2.034501e+01
         vertex 3.534722e+01 9.405323e+01 2.086683e+01
         vertex 3.641653e+01 9.444417e+01 2.135314e+01
      endloop
   endfacet
   facet normal 2.175282e-01 4.695040e-01 -8.557146e-01
      outer loop
         vertex 3.641653e+01 9.444417e+01 2.135314e+01
         vertex 3.534722e+01 9.405323e+01 2.086683e+01
         vertex 3.535441e+01 9.457283e+01 2.115374e+01
      endloop
   endfacet
   facet normal 2.179513e-01 5.030644e-01 -8.363154e-01
      outer loop
         vertex 3.641653e+01 9.444417e+01 2.135314e+01
         vertex 3.535441e+01 9.457283e+01 2.115374e+01
         vertex 3.538485e+01 9.646524e+01 2.230000e+01
      endloop
   endfacet
   facet normal 2.229816e-01 2.193157e-01 -9.498315e-01
      outer loop
         vertex 3.636157e+01 8.418464e+01 1.756902e+01
         vertex 3.527976e+01 8.639800e+01 1.782612e+01
         vertex 3.636789e+01 8.632818e+01 1.806544e+01
      endloop
   endfacet
   facet normal 2.233210e-01 2.793390e-01 -9.338616e-01
      outer loop
         vertex 3.636789e+01 8.632818e+01 1.806544e+01
         vertex 3.527976e+01 8.639800e+01 1.782612e+01
         vertex 3.529272e+01 8.853165e+01 1.846744e+01
      endloop
   endfacet
   facet normal 2.219547e-01 2.787631e-01 -9.343593e-01
      outer loop
         vertex 3.636789e+01 8.632818e+01 1.806544e+01
         vertex 3.529272e+01 8.853165e+01 1.846744e+01
         vertex 3.637636e+01 8.844572e+01 1.869922e+01
      endloop
   endfacet
   facet normal 2.223116e-01 3.119861e-01 -9.237111e-01
      outer loop
         vertex 3.637636e+01 8.844572e+01 1.869922e+01
         vertex 3.529272e+01 8.853165e+01 1.846744e+01
         vertex 3.529433e+01 8.875955e+01 1.854480e+01
      endloop
   endfacet
   facet normal 2.279704e-01 3.364219e-01 -9.137012e-01
      outer loop
         vertex 3.637636e+01 8.844572e+01 1.869922e+01
         vertex 3.529433e+01 8.875955e+01 1.854480e+01
         vertex 3.638715e+01 9.050486e+01 1.946008e+01
      endloop
   endfacet
   facet normal 2.207336e-01 3.409959e-01 -9.137825e-01
      outer loop
         vertex 3.638715e+01 9.050486e+01 1.946008e+01
         vertex 3.529433e+01 8.875955e+01 1.854480e+01
         vertex 3.530920e+01 9.060603e+01 1.923744e+01
      endloop
   endfacet
   facet normal 2.212286e-01 3.944859e-01 -8.918737e-01
      outer loop
         vertex 3.638715e+01 9.050486e+01 1.946008e+01
         vertex 3.530920e+01 9.060603e+01 1.923744e+01
         vertex 3.532954e+01 9.261963e+01 2.013313e+01
      endloop
   endfacet
   facet normal 2.525203e-01 1.434565e-01 -9.568980e-01
      outer loop
         vertex 3.526321e+01 8.206213e+01 1.696096e+01
         vertex 3.526633e+01 8.315588e+01 1.712576e+01
         vertex 3.636157e+01 8.418464e+01 1.756902e+01
      endloop
   endfacet
   facet normal 2.239027e-01 1.747503e-01 -9.588169e-01
      outer loop
         vertex 3.636157e+01 8.418464e+01 1.756902e+01
         vertex 3.526633e+01 8.315588e+01 1.712576e+01
         vertex 3.527008e+01 8.423796e+01 1.732385e+01
      endloop
   endfacet
   facet normal 2.240062e-01 2.197762e-01 -9.494839e-01
      outer loop
         vertex 3.636157e+01 8.418464e+01 1.756902e+01
         vertex 3.527008e+01 8.423796e+01 1.732385e+01
         vertex 3.527976e+01 8.639800e+01 1.782612e+01
      endloop
   endfacet
   facet normal 2.244764e-01 1.592523e-01 -9.613787e-01
      outer loop
         vertex 3.636157e+01 8.418464e+01 1.756902e+01
         vertex 3.635705e+01 8.202558e+01 1.721031e+01
         vertex 3.526321e+01 8.206213e+01 1.696096e+01
      endloop
   endfacet
   facet normal 2.243074e-01 9.883159e-02 -9.694939e-01
      outer loop
         vertex 3.526321e+01 8.206213e+01 1.696096e+01
         vertex 3.635705e+01 8.202558e+01 1.721031e+01
         vertex 3.635421e+01 7.985125e+01 1.698800e+01
      endloop
   endfacet
   facet normal 2.247409e-01 9.904704e-02 -9.693715e-01
      outer loop
         vertex 3.526321e+01 8.206213e+01 1.696096e+01
         vertex 3.635421e+01 7.985125e+01 1.698800e+01
         vertex 3.525897e+01 7.987067e+01 1.673606e+01
      endloop
   endfacet
   facet normal 2.246535e-01 3.797205e-02 -9.736986e-01
      outer loop
         vertex 3.525897e+01 7.987067e+01 1.673606e+01
         vertex 3.635421e+01 7.985125e+01 1.698800e+01
         vertex 3.635317e+01 7.766144e+01 1.690236e+01
      endloop
   endfacet
   facet normal 2.247767e-01 -8.449554e-02 -9.707399e-01
      outer loop
         vertex 3.635622e+01 7.327496e+01 1.714573e+01
         vertex 3.525836e+01 7.544052e+01 1.670302e+01
         vertex 3.635380e+01 7.545584e+01 1.695534e+01
      endloop
   endfacet
   facet normal 2.247348e-01 -2.710525e-02 -9.740429e-01
      outer loop
         vertex 3.635380e+01 7.545584e+01 1.695534e+01
         vertex 3.525836e+01 7.544052e+01 1.670302e+01
         vertex 3.525738e+01 7.739507e+01 1.664840e+01
      endloop
   endfacet
   facet normal 2.310855e-01 -2.329488e-02 -9.726545e-01
      outer loop
         vertex 3.635380e+01 7.545584e+01 1.695534e+01
         vertex 3.525738e+01 7.739507e+01 1.664840e+01
         vertex 3.635317e+01 7.766144e+01 1.690236e+01
      endloop
   endfacet
   facet normal 2.249171e-01 3.716824e-03 -9.743708e-01
      outer loop
         vertex 3.635317e+01 7.766144e+01 1.690236e+01
         vertex 3.525738e+01 7.739507e+01 1.664840e+01
         vertex 3.525740e+01 7.766354e+01 1.664943e+01
      endloop
   endfacet
   facet normal 2.248180e-01 3.805666e-02 -9.736573e-01
      outer loop
         vertex 3.635317e+01 7.766144e+01 1.690236e+01
         vertex 3.525740e+01 7.766354e+01 1.664943e+01
         vertex 3.525897e+01 7.987067e+01 1.673606e+01
      endloop
   endfacet
   facet normal 8.574020e-01 3.370107e-01 -3.889544e-01
      outer loop
         vertex 3.789917e+01 1.011313e+02 2.822055e+01
         vertex 3.788285e+01 1.004495e+02 2.759379e+01
         vertex 3.735694e+01 1.010696e+02 2.697175e+01
      endloop
   endfacet
   facet normal 8.566401e-01 3.229232e-01 -4.023535e-01
      outer loop
         vertex 3.735694e+01 1.010696e+02 2.697175e+01
         vertex 3.788285e+01 1.004495e+02 2.759379e+01
         vertex 3.784938e+01 9.885784e+01 2.624509e+01
      endloop
   endfacet
   facet normal 8.689138e-01 3.180629e-01 -3.792424e-01
      outer loop
         vertex 3.735694e+01 1.010696e+02 2.697175e+01
         vertex 3.784938e+01 9.885784e+01 2.624509e+01
         vertex 3.733214e+01 9.945460e+01 2.556049e+01
      endloop
   endfacet
   facet normal 8.679735e-01 2.890514e-01 -4.038208e-01
      outer loop
         vertex 3.733214e+01 9.945460e+01 2.556049e+01
         vertex 3.784938e+01 9.885784e+01 2.624509e+01
         vertex 3.782017e+01 9.718372e+01 2.498397e+01
      endloop
   endfacet
   facet normal 8.775869e-01 2.862355e-01 -3.845913e-01
      outer loop
         vertex 3.733214e+01 9.945460e+01 2.556049e+01
         vertex 3.782017e+01 9.718372e+01 2.498397e+01
         vertex 3.731078e+01 9.774858e+01 2.424203e+01
      endloop
   endfacet
   facet normal 8.768546e-01 2.573880e-01 -4.060510e-01
      outer loop
         vertex 3.731078e+01 9.774858e+01 2.424203e+01
         vertex 3.782017e+01 9.718372e+01 2.498397e+01
         vertex 3.779498e+01 9.543142e+01 2.381884e+01
      endloop
   endfacet
   facet normal 8.844637e-01 2.560599e-01 -3.900735e-01
      outer loop
         vertex 3.731078e+01 9.774858e+01 2.424203e+01
         vertex 3.779498e+01 9.543142e+01 2.381884e+01
         vertex 3.729255e+01 9.595718e+01 2.302475e+01
      endloop
   endfacet
   facet normal 8.838948e-01 2.274886e-01 -4.086306e-01
      outer loop
         vertex 3.729255e+01 9.595718e+01 2.302475e+01
         vertex 3.779498e+01 9.543142e+01 2.381884e+01
         vertex 3.777380e+01 9.362626e+01 2.276808e+01
      endloop
   endfacet
   facet normal 8.899033e-01 2.272826e-01 -3.954931e-01
      outer loop
         vertex 3.729255e+01 9.595718e+01 2.302475e+01
         vertex 3.777380e+01 9.362626e+01 2.276808e+01
         vertex 3.727737e+01 9.410737e+01 2.192754e+01
      endloop
   endfacet
   facet normal 8.894583e-01 1.990329e-01 -4.113998e-01
      outer loop
         vertex 3.727737e+01 9.410737e+01 2.192754e+01
         vertex 3.777380e+01 9.362626e+01 2.276808e+01
         vertex 3.775611e+01 9.176955e+01 2.183156e+01
      endloop
   endfacet
   facet normal 8.942441e-01 1.995705e-01 -4.006235e-01
      outer loop
         vertex 3.727737e+01 9.410737e+01 2.192754e+01
         vertex 3.775611e+01 9.176955e+01 2.183156e+01
         vertex 3.726481e+01 9.220139e+01 2.095004e+01
      endloop
   endfacet
   facet normal 8.938935e-01 1.715378e-01 -4.141608e-01
      outer loop
         vertex 3.726481e+01 9.220139e+01 2.095004e+01
         vertex 3.775611e+01 9.176955e+01 2.183156e+01
         vertex 3.774135e+01 8.986043e+01 2.100899e+01
      endloop
   endfacet
   facet normal 8.977110e-01 1.725357e-01 -4.053965e-01
      outer loop
         vertex 3.726481e+01 9.220139e+01 2.095004e+01
         vertex 3.774135e+01 8.986043e+01 2.100899e+01
         vertex 3.725438e+01 9.023900e+01 2.009176e+01
      endloop
   endfacet
   facet normal 8.974354e-01 1.446959e-01 -4.167407e-01
      outer loop
         vertex 3.725438e+01 9.023900e+01 2.009176e+01
         vertex 3.774135e+01 8.986043e+01 2.100899e+01
         vertex 3.772921e+01 8.789782e+01 2.030140e+01
      endloop
   endfacet
   facet normal 9.004541e-01 1.459352e-01 -4.097380e-01
      outer loop
         vertex 3.725438e+01 9.023900e+01 2.009176e+01
         vertex 3.772921e+01 8.789782e+01 2.030140e+01
         vertex 3.724581e+01 8.821954e+01 1.935366e+01
      endloop
   endfacet
   facet normal 9.002412e-01 1.182772e-01 -4.190183e-01
      outer loop
         vertex 3.724581e+01 8.821954e+01 1.935366e+01
         vertex 3.772921e+01 8.789782e+01 2.030140e+01
         vertex 3.771956e+01 8.588234e+01 1.971177e+01
      endloop
   endfacet
   facet normal 9.025888e-01 1.195893e-01 -4.135600e-01
      outer loop
         vertex 3.724581e+01 8.821954e+01 1.935366e+01
         vertex 3.771956e+01 8.588234e+01 1.971177e+01
         vertex 3.723905e+01 8.614405e+01 1.873874e+01
      endloop
   endfacet
   facet normal 9.024323e-01 9.218134e-02 -4.208545e-01
      outer loop
         vertex 3.723905e+01 8.614405e+01 1.873874e+01
         vertex 3.771956e+01 8.588234e+01 1.971177e+01
         vertex 3.771232e+01 8.384406e+01 1.924978e+01
      endloop
   endfacet
   facet normal 9.041765e-01 9.343794e-02 -4.168143e-01
      outer loop
         vertex 3.723905e+01 8.614405e+01 1.873874e+01
         vertex 3.771232e+01 8.384406e+01 1.924978e+01
         vertex 3.723401e+01 8.404392e+01 1.825702e+01
      endloop
   endfacet
   facet normal 9.040660e-01 6.642462e-02 -4.221995e-01
      outer loop
         vertex 3.723401e+01 8.404392e+01 1.825702e+01
         vertex 3.771232e+01 8.384406e+01 1.924978e+01
         vertex 3.770711e+01 8.179240e+01 1.891585e+01
      endloop
   endfacet
   facet normal 9.052732e-01 6.748710e-02 -4.194353e-01
      outer loop
         vertex 3.723401e+01 8.404392e+01 1.825702e+01
         vertex 3.770711e+01 8.179240e+01 1.891585e+01
         vertex 3.723036e+01 8.192919e+01 1.790888e+01
      endloop
   endfacet
   facet normal 9.052014e-01 4.097786e-02 -4.230025e-01
      outer loop
         vertex 3.723036e+01 8.192919e+01 1.790888e+01
         vertex 3.770711e+01 8.179240e+01 1.891585e+01
         vertex 3.770386e+01 7.972731e+01 1.870883e+01
      endloop
   endfacet
   facet normal 9.059225e-01 4.172121e-02 -4.213832e-01
      outer loop
         vertex 3.723036e+01 8.192919e+01 1.790888e+01
         vertex 3.770386e+01 7.972731e+01 1.870883e+01
         vertex 3.722805e+01 7.980001e+01 1.769310e+01
      endloop
   endfacet
   facet normal 9.058869e-01 1.571074e-02 -4.232282e-01
      outer loop
         vertex 3.722805e+01 7.980001e+01 1.769310e+01
         vertex 3.770386e+01 7.972731e+01 1.870883e+01
         vertex 3.770266e+01 7.764801e+01 1.862908e+01
      endloop
   endfacet
   facet normal 9.061600e-01 1.603067e-02 -4.226311e-01
      outer loop
         vertex 3.722805e+01 7.980001e+01 1.769310e+01
         vertex 3.770266e+01 7.764801e+01 1.862908e+01
         vertex 3.722721e+01 7.765589e+01 1.760998e+01
      endloop
   endfacet
   facet normal 9.061582e-01 -9.643991e-03 -4.228289e-01
      outer loop
         vertex 3.722721e+01 7.765589e+01 1.760998e+01
         vertex 3.770266e+01 7.764801e+01 1.862908e+01
         vertex 3.770339e+01 7.555371e+01 1.867842e+01
      endloop
   endfacet
   facet normal 9.059899e-01 -9.862764e-03 -4.231844e-01
      outer loop
         vertex 3.722721e+01 7.765589e+01 1.760998e+01
         vertex 3.770339e+01 7.555371e+01 1.867842e+01
         vertex 3.722772e+01 7.549630e+01 1.766140e+01
      endloop
   endfacet
   facet normal 9.060233e-01 -3.489324e-02 -4.217871e-01
      outer loop
         vertex 3.722772e+01 7.549630e+01 1.766140e+01
         vertex 3.770339e+01 7.555371e+01 1.867842e+01
         vertex 3.770617e+01 7.348258e+01 1.885571e+01
      endloop
   endfacet
   facet normal 9.054121e-01 -3.577211e-02 -4.230241e-01
      outer loop
         vertex 3.722772e+01 7.549630e+01 1.766140e+01
         vertex 3.770617e+01 7.348258e+01 1.885571e+01
         vertex 3.722969e+01 7.336079e+01 1.784620e+01
      endloop
   endfacet
   facet normal 9.054774e-01 -5.999265e-02 -4.201329e-01
      outer loop
         vertex 3.722969e+01 7.336079e+01 1.784620e+01
         vertex 3.770617e+01 7.348258e+01 1.885571e+01
         vertex 3.771089e+01 7.143942e+01 1.915764e+01
      endloop
   endfacet
   facet normal 9.044054e-01 -6.166813e-02 -4.221943e-01
      outer loop
         vertex 3.722969e+01 7.336079e+01 1.784620e+01
         vertex 3.771089e+01 7.143942e+01 1.915764e+01
         vertex 3.723302e+01 7.125465e+01 1.816095e+01
      endloop
   endfacet
   facet normal 9.045006e-01 -8.507021e-02 -4.179016e-01
      outer loop
         vertex 3.723302e+01 7.125465e+01 1.816095e+01
         vertex 3.771089e+01 7.143942e+01 1.915764e+01
         vertex 3.771751e+01 6.942358e+01 1.958233e+01
      endloop
   endfacet
   facet normal 9.029330e-01 -8.768879e-02 -4.207406e-01
      outer loop
         vertex 3.723302e+01 7.125465e+01 1.816095e+01
         vertex 3.771751e+01 6.942358e+01 1.958233e+01
         vertex 3.723763e+01 6.917743e+01 1.860377e+01
      endloop
   endfacet
   facet normal 9.030710e-01 -1.028029e-01 -4.170064e-01
      outer loop
         vertex 3.723763e+01 6.917743e+01 1.860377e+01
         vertex 3.771751e+01 6.942358e+01 1.958233e+01
         vertex 3.772070e+01 6.863862e+01 1.978274e+01
      endloop
   endfacet
   facet normal 8.997871e-01 -1.145430e-01 -4.210263e-01
      outer loop
         vertex 3.723763e+01 6.917743e+01 1.860377e+01
         vertex 3.772070e+01 6.863862e+01 1.978274e+01
         vertex 3.724380e+01 6.712892e+01 1.917427e+01
      endloop
   endfacet
   facet normal 2.235175e-01 -2.631666e-01 -9.385006e-01
      outer loop
         vertex 3.637384e+01 6.691395e+01 1.851432e+01
         vertex 3.527702e+01 6.893855e+01 1.768538e+01
         vertex 3.636610e+01 6.900422e+01 1.792634e+01
      endloop
   endfacet
   facet normal 2.232116e-01 -2.049846e-01 -9.529732e-01
      outer loop
         vertex 3.636610e+01 6.900422e+01 1.792634e+01
         vertex 3.527702e+01 6.893855e+01 1.768538e+01
         vertex 3.526819e+01 7.107523e+01 1.722371e+01
      endloop
   endfacet
   facet normal 2.241424e-01 -2.044555e-01 -9.528684e-01
      outer loop
         vertex 3.636610e+01 6.900422e+01 1.792634e+01
         vertex 3.526819e+01 7.107523e+01 1.722371e+01
         vertex 3.636033e+01 7.112454e+01 1.747003e+01
      endloop
   endfacet
   facet normal 2.240969e-01 -1.674743e-01 -9.600692e-01
      outer loop
         vertex 3.636033e+01 7.112454e+01 1.747003e+01
         vertex 3.526819e+01 7.107523e+01 1.722371e+01
         vertex 3.526633e+01 7.163426e+01 1.712576e+01
      endloop
   endfacet
   facet normal 2.351426e-01 -1.445031e-01 -9.611591e-01
      outer loop
         vertex 3.636033e+01 7.112454e+01 1.747003e+01
         vertex 3.526633e+01 7.163426e+01 1.712576e+01
         vertex 3.635622e+01 7.327496e+01 1.714573e+01
      endloop
   endfacet
   facet normal 2.245814e-01 -1.374442e-01 -9.647136e-01
      outer loop
         vertex 3.635622e+01 7.327496e+01 1.714573e+01
         vertex 3.526633e+01 7.163426e+01 1.712576e+01
         vertex 3.526198e+01 7.324241e+01 1.689563e+01
      endloop
   endfacet
   facet normal 2.244052e-01 -8.469785e-02 -9.708082e-01
      outer loop
         vertex 3.635622e+01 7.327496e+01 1.714573e+01
         vertex 3.526198e+01 7.324241e+01 1.689563e+01
         vertex 3.525836e+01 7.544052e+01 1.670302e+01
      endloop
   endfacet
   facet normal 2.449903e-01 -3.308304e-01 -9.113347e-01
      outer loop
         vertex 3.530423e+01 6.475681e+01 1.900987e+01
         vertex 3.529433e+01 6.603059e+01 1.854480e+01
         vertex 3.637384e+01 6.691395e+01 1.851432e+01
      endloop
   endfacet
   facet normal 2.226403e-01 -3.040334e-01 -9.262802e-01
      outer loop
         vertex 3.637384e+01 6.691395e+01 1.851432e+01
         vertex 3.529433e+01 6.603059e+01 1.854480e+01
         vertex 3.528887e+01 6.683231e+01 1.828033e+01
      endloop
   endfacet
   facet normal 2.222751e-01 -2.638786e-01 -9.385957e-01
      outer loop
         vertex 3.637384e+01 6.691395e+01 1.851432e+01
         vertex 3.528887e+01 6.683231e+01 1.828033e+01
         vertex 3.527702e+01 6.893855e+01 1.768538e+01
      endloop
   endfacet
   facet normal 9.009846e-01 -1.161334e-01 -4.180189e-01
      outer loop
         vertex 3.772070e+01 6.863862e+01 1.978274e+01
         vertex 3.772635e+01 6.743463e+01 2.012940e+01
         vertex 3.724380e+01 6.712892e+01 1.917427e+01
      endloop
   endfacet
   facet normal 9.011067e-01 -1.354904e-01 -4.118849e-01
      outer loop
         vertex 3.724380e+01 6.712892e+01 1.917427e+01
         vertex 3.772635e+01 6.743463e+01 2.012940e+01
         vertex 3.773771e+01 6.547192e+01 2.079990e+01
      endloop
   endfacet
   facet normal 8.983575e-01 -1.405247e-01 -4.161811e-01
      outer loop
         vertex 3.724380e+01 6.712892e+01 1.917427e+01
         vertex 3.773771e+01 6.547192e+01 2.079990e+01
         vertex 3.725181e+01 6.510886e+01 1.987363e+01
      endloop
   endfacet
   facet normal 8.985441e-01 -1.552809e-01 -4.104952e-01
      outer loop
         vertex 3.725181e+01 6.510886e+01 1.987363e+01
         vertex 3.773771e+01 6.547192e+01 2.079990e+01
         vertex 3.774439e+01 6.450281e+01 2.118112e+01
      endloop
   endfacet
   facet normal 8.940674e-01 -1.686099e-01 -4.149870e-01
      outer loop
         vertex 3.725181e+01 6.510886e+01 1.987363e+01
         vertex 3.774439e+01 6.450281e+01 2.118112e+01
         vertex 3.726173e+01 6.312571e+01 2.070077e+01
      endloop
   endfacet
   facet normal 8.950938e-01 -1.699329e-01 -4.122254e-01
      outer loop
         vertex 3.726173e+01 6.312571e+01 2.070077e+01
         vertex 3.774439e+01 6.450281e+01 2.118112e+01
         vertex 3.775175e+01 6.354320e+01 2.159269e+01
      endloop
   endfacet
   facet normal 8.952873e-01 -1.873922e-01 -4.041594e-01
      outer loop
         vertex 3.726173e+01 6.312571e+01 2.070077e+01
         vertex 3.775175e+01 6.354320e+01 2.159269e+01
         vertex 3.776853e+01 6.167752e+01 2.249490e+01
      endloop
   endfacet
   facet normal 2.210606e-01 -3.211542e-01 -9.208649e-01
      outer loop
         vertex 3.637384e+01 6.691395e+01 1.851432e+01
         vertex 3.638390e+01 6.485382e+01 1.923522e+01
         vertex 3.530423e+01 6.475681e+01 1.900987e+01
      endloop
   endfacet
   facet normal 2.215831e-01 -3.779273e-01 -8.989282e-01
      outer loop
         vertex 3.530423e+01 6.475681e+01 1.900987e+01
         vertex 3.638390e+01 6.485382e+01 1.923522e+01
         vertex 3.639647e+01 6.283283e+01 2.008798e+01
      endloop
   endfacet
   facet normal 2.195658e-01 -3.790784e-01 -8.989385e-01
      outer loop
         vertex 3.530423e+01 6.475681e+01 1.900987e+01
         vertex 3.639647e+01 6.283283e+01 2.008798e+01
         vertex 3.532350e+01 6.272125e+01 1.987296e+01
      endloop
   endfacet
   facet normal 2.201938e-01 -4.333080e-01 -8.739330e-01
      outer loop
         vertex 3.532350e+01 6.272125e+01 1.987296e+01
         vertex 3.639647e+01 6.283283e+01 2.008798e+01
         vertex 3.641170e+01 6.088212e+01 2.105900e+01
      endloop
   endfacet
   facet normal 8.806318e-01 -2.191315e-01 -4.200822e-01
      outer loop
         vertex 3.777998e+01 6.059777e+01 2.308213e+01
         vertex 3.728786e+01 5.936219e+01 2.269503e+01
         vertex 3.776853e+01 6.167752e+01 2.249490e+01
      endloop
   endfacet
   facet normal 8.912158e-01 -2.193355e-01 -3.970219e-01
      outer loop
         vertex 3.776853e+01 6.167752e+01 2.249490e+01
         vertex 3.728786e+01 5.936219e+01 2.269503e+01
         vertex 3.727362e+01 6.120974e+01 2.164237e+01
      endloop
   endfacet
   facet normal 8.909287e-01 -1.958400e-01 -4.097471e-01
      outer loop
         vertex 3.776853e+01 6.167752e+01 2.249490e+01
         vertex 3.727362e+01 6.120974e+01 2.164237e+01
         vertex 3.726173e+01 6.312571e+01 2.070077e+01
      endloop
   endfacet
   facet normal 2.163991e-01 -5.381047e-01 -8.146255e-01
      outer loop
         vertex 3.645239e+01 5.719571e+01 2.334483e+01
         vertex 3.537540e+01 5.886592e+01 2.195546e+01
         vertex 3.643012e+01 5.900330e+01 2.214490e+01
      endloop
   endfacet
   facet normal 2.154942e-01 -4.886739e-01 -8.454349e-01
      outer loop
         vertex 3.643012e+01 5.900330e+01 2.214490e+01
         vertex 3.537540e+01 5.886592e+01 2.195546e+01
         vertex 3.534722e+01 6.073691e+01 2.086682e+01
      endloop
   endfacet
   facet normal 2.190645e-01 -4.866344e-01 -8.456936e-01
      outer loop
         vertex 3.643012e+01 5.900330e+01 2.214490e+01
         vertex 3.534722e+01 6.073691e+01 2.086682e+01
         vertex 3.641170e+01 6.088212e+01 2.105900e+01
      endloop
   endfacet
   facet normal 2.182135e-01 -4.618945e-01 -8.596722e-01
      outer loop
         vertex 3.641170e+01 6.088212e+01 2.105900e+01
         vertex 3.534722e+01 6.073691e+01 2.086682e+01
         vertex 3.534695e+01 6.075705e+01 2.085593e+01
      endloop
   endfacet
   facet normal 2.177255e-01 -4.347162e-01 -8.738520e-01
      outer loop
         vertex 3.641170e+01 6.088212e+01 2.105900e+01
         vertex 3.534695e+01 6.075705e+01 2.085593e+01
         vertex 3.532350e+01 6.272125e+01 1.987296e+01
      endloop
   endfacet
   facet normal 8.858523e-01 -2.258452e-01 -4.052897e-01
      outer loop
         vertex 3.777998e+01 6.059777e+01 2.308213e+01
         vertex 3.778846e+01 5.987556e+01 2.350313e+01
         vertex 3.728786e+01 5.936219e+01 2.269503e+01
      endloop
   endfacet
   facet normal 8.861349e-01 -2.411546e-01 -3.957390e-01
      outer loop
         vertex 3.728786e+01 5.936219e+01 2.269503e+01
         vertex 3.778846e+01 5.987556e+01 2.350313e+01
         vertex 3.781203e+01 5.813542e+01 2.461630e+01
      endloop
   endfacet
   facet normal 8.794282e-01 -2.543881e-01 -4.023590e-01
      outer loop
         vertex 3.728786e+01 5.936219e+01 2.269503e+01
         vertex 3.781203e+01 5.813542e+01 2.461630e+01
         vertex 3.730487e+01 5.758182e+01 2.385782e+01
      endloop
   endfacet
   facet normal 8.797947e-01 -2.694847e-01 -3.915856e-01
      outer loop
         vertex 3.730487e+01 5.758182e+01 2.385782e+01
         vertex 3.781203e+01 5.813542e+01 2.461630e+01
         vertex 3.783965e+01 5.645556e+01 2.583441e+01
      endloop
   endfacet
   facet normal 8.713550e-01 -2.859735e-01 -3.986975e-01
      outer loop
         vertex 3.730487e+01 5.758182e+01 2.385782e+01
         vertex 3.783965e+01 5.645556e+01 2.583441e+01
         vertex 3.732500e+01 5.586808e+01 2.513102e+01
      endloop
   endfacet
   facet normal 8.717700e-01 -2.994440e-01 -3.877504e-01
      outer loop
         vertex 3.732500e+01 5.586808e+01 2.513102e+01
         vertex 3.783965e+01 5.645556e+01 2.583441e+01
         vertex 3.787176e+01 5.483651e+01 2.715694e+01
      endloop
   endfacet
   facet normal 8.431714e-01 -3.494117e-01 -4.086240e-01
      outer loop
         vertex 3.789917e+01 5.365893e+01 2.822043e+01
         vertex 3.737607e+01 5.266932e+01 2.798726e+01
         vertex 3.787176e+01 5.483651e+01 2.715694e+01
      endloop
   endfacet
   facet normal 8.616714e-01 -3.410557e-01 -3.757703e-01
      outer loop
         vertex 3.787176e+01 5.483651e+01 2.715694e+01
         vertex 3.737607e+01 5.266932e+01 2.798726e+01
         vertex 3.734868e+01 5.422280e+01 2.651448e+01
      endloop
   endfacet
   facet normal 8.609956e-01 -3.200165e-01 -3.953177e-01
      outer loop
         vertex 3.787176e+01 5.483651e+01 2.715694e+01
         vertex 3.734868e+01 5.422280e+01 2.651448e+01
         vertex 3.732500e+01 5.586808e+01 2.513102e+01
      endloop
   endfacet
   facet normal 2.014064e-01 -7.103379e-01 -6.744298e-01
      outer loop
         vertex 3.558543e+01 5.164470e+01 2.794359e+01
         vertex 3.556560e+01 5.206477e+01 2.749523e+01
         vertex 3.655061e+01 5.223424e+01 2.761089e+01
      endloop
   endfacet
   facet normal 2.000241e-01 -6.834406e-01 -7.020679e-01
      outer loop
         vertex 3.655061e+01 5.223424e+01 2.761089e+01
         vertex 3.556560e+01 5.206477e+01 2.749523e+01
         vertex 3.550324e+01 5.363267e+01 2.595116e+01
      endloop
   endfacet
   facet normal 2.068027e-01 -6.799983e-01 -7.034451e-01
      outer loop
         vertex 3.655061e+01 5.223424e+01 2.761089e+01
         vertex 3.550324e+01 5.363267e+01 2.595116e+01
         vertex 3.651172e+01 5.379741e+01 2.608839e+01
      endloop
   endfacet
   facet normal 2.052080e-01 -6.378522e-01 -7.423168e-01
      outer loop
         vertex 3.651172e+01 5.379741e+01 2.608839e+01
         vertex 3.550324e+01 5.363267e+01 2.595116e+01
         vertex 3.545194e+01 5.530198e+01 2.450259e+01
      endloop
   endfacet
   facet normal 2.107123e-01 -6.349614e-01 -7.432526e-01
      outer loop
         vertex 3.651172e+01 5.379741e+01 2.608839e+01
         vertex 3.545194e+01 5.530198e+01 2.450259e+01
         vertex 3.647926e+01 5.545948e+01 2.465928e+01
      endloop
   endfacet
   facet normal 2.099197e-01 -6.055387e-01 -7.676305e-01
      outer loop
         vertex 3.647926e+01 5.545948e+01 2.465928e+01
         vertex 3.545194e+01 5.530198e+01 2.450259e+01
         vertex 3.543646e+01 5.589761e+01 2.402850e+01
      endloop
   endfacet
   facet normal 2.247597e-01 -5.859472e-01 -7.785557e-01
      outer loop
         vertex 3.647926e+01 5.545948e+01 2.465928e+01
         vertex 3.543646e+01 5.589761e+01 2.402850e+01
         vertex 3.645239e+01 5.719571e+01 2.334483e+01
      endloop
   endfacet
   facet normal 2.137391e-01 -5.809235e-01 -7.853938e-01
      outer loop
         vertex 3.645239e+01 5.719571e+01 2.334483e+01
         vertex 3.543646e+01 5.589761e+01 2.402850e+01
         vertex 3.540995e+01 5.704743e+01 2.317081e+01
      endloop
   endfacet
   facet normal 2.127530e-01 -5.401362e-01 -8.142414e-01
      outer loop
         vertex 3.645239e+01 5.719571e+01 2.334483e+01
         vertex 3.540995e+01 5.704743e+01 2.317081e+01
         vertex 3.537540e+01 5.886592e+01 2.195546e+01
      endloop
   endfacet
   facet normal 2.199970e-01 -7.271446e-01 -6.502784e-01
      outer loop
         vertex 3.558543e+01 5.164470e+01 2.794359e+01
         vertex 3.655061e+01 5.223424e+01 2.761089e+01
         vertex 3.564195e+01 5.060433e+01 2.912606e+01
      endloop
   endfacet
   facet normal 1.933043e-01 -7.236577e-01 -6.625353e-01
      outer loop
         vertex 3.564195e+01 5.060433e+01 2.912606e+01
         vertex 3.655061e+01 5.223424e+01 2.761089e+01
         vertex 3.659727e+01 5.077545e+01 2.921788e+01
      endloop
   endfacet
   facet normal 1.958018e-01 -7.616788e-01 -6.176626e-01
      outer loop
         vertex 3.564195e+01 5.060433e+01 2.912606e+01
         vertex 3.659727e+01 5.077545e+01 2.921788e+01
         vertex 3.665347e+01 4.941930e+01 3.090804e+01
      endloop
   endfacet
   facet normal 8.475120e-01 -3.550171e-01 -3.945710e-01
      outer loop
         vertex 3.789917e+01 5.365893e+01 2.822043e+01
         vertex 3.790829e+01 5.329954e+01 2.856338e+01
         vertex 3.737607e+01 5.266932e+01 2.798726e+01
      endloop
   endfacet
   facet normal 8.481168e-01 -3.663366e-01 -3.827471e-01
      outer loop
         vertex 3.737607e+01 5.266932e+01 2.798726e+01
         vertex 3.790829e+01 5.329954e+01 2.856338e+01
         vertex 3.794895e+01 5.184626e+01 3.004446e+01
      endloop
   endfacet
   facet normal 8.300515e-01 -3.981898e-01 -3.904605e-01
      outer loop
         vertex 3.737607e+01 5.266932e+01 2.798726e+01
         vertex 3.794895e+01 5.184626e+01 3.004446e+01
         vertex 3.740733e+01 5.121153e+01 2.954036e+01
      endloop
   endfacet
   facet normal 8.305167e-01 -4.050106e-01 -3.823720e-01
      outer loop
         vertex 3.740733e+01 5.121153e+01 2.954036e+01
         vertex 3.794895e+01 5.184626e+01 3.004446e+01
         vertex 3.799256e+01 5.046939e+01 3.159757e+01
      endloop
   endfacet
   facet normal 8.061149e-01 -4.451417e-01 -3.899074e-01
      outer loop
         vertex 3.740733e+01 5.121153e+01 2.954036e+01
         vertex 3.799256e+01 5.046939e+01 3.159757e+01
         vertex 3.744218e+01 4.984546e+01 3.117199e+01
      endloop
   endfacet
   facet normal 8.065135e-01 -4.494823e-01 -3.840594e-01
      outer loop
         vertex 3.744218e+01 4.984546e+01 3.117199e+01
         vertex 3.799256e+01 5.046939e+01 3.159757e+01
         vertex 3.803542e+01 4.915942e+01 3.322070e+01
      endloop
   endfacet
   facet normal 7.721301e-01 -5.007276e-01 -3.912633e-01
      outer loop
         vertex 3.744218e+01 4.984546e+01 3.117199e+01
         vertex 3.803542e+01 4.915942e+01 3.322070e+01
         vertex 3.747912e+01 4.856680e+01 3.288130e+01
      endloop
   endfacet
   facet normal 7.733042e-01 -5.107722e-01 -3.756492e-01
      outer loop
         vertex 3.747912e+01 4.856680e+01 3.288130e+01
         vertex 3.803542e+01 4.915942e+01 3.322070e+01
         vertex 3.758471e+01 4.766684e+01 3.432234e+01
      endloop
   endfacet
   facet normal 6.201822e-01 -6.441424e-01 -4.477216e-01
      outer loop
         vertex 3.747912e+01 4.856680e+01 3.288130e+01
         vertex 3.758471e+01 4.766684e+01 3.432234e+01
         vertex 3.747095e+01 4.758423e+01 3.428361e+01
      endloop
   endfacet
   facet normal 5.065309e-01 -7.145761e-01 -4.825013e-01
      outer loop
         vertex 3.686228e+01 4.727201e+01 3.415130e+01
         vertex 3.672136e+01 4.816487e+01 3.268104e+01
         vertex 3.747912e+01 4.856680e+01 3.288130e+01
      endloop
   endfacet
   facet normal 5.042236e-01 -6.957474e-01 -5.115605e-01
      outer loop
         vertex 3.747912e+01 4.856680e+01 3.288130e+01
         vertex 3.672136e+01 4.816487e+01 3.268104e+01
         vertex 3.665347e+01 4.941930e+01 3.090804e+01
      endloop
   endfacet
   facet normal 5.345378e-01 -6.711634e-01 -5.136235e-01
      outer loop
         vertex 3.747912e+01 4.856680e+01 3.288130e+01
         vertex 3.665347e+01 4.941930e+01 3.090804e+01
         vertex 3.744218e+01 4.984546e+01 3.117199e+01
      endloop
   endfacet
   facet normal 5.327537e-01 -6.513252e-01 -5.403231e-01
      outer loop
         vertex 3.744218e+01 4.984546e+01 3.117199e+01
         vertex 3.665347e+01 4.941930e+01 3.090804e+01
         vertex 3.659727e+01 5.077545e+01 2.921788e+01
      endloop
   endfacet
   facet normal 5.553743e-01 -6.317501e-01 -5.407876e-01
      outer loop
         vertex 3.744218e+01 4.984546e+01 3.117199e+01
         vertex 3.659727e+01 5.077545e+01 2.921788e+01
         vertex 3.740733e+01 5.121153e+01 2.954036e+01
      endloop
   endfacet
   facet normal 5.538199e-01 -6.084374e-01 -5.684079e-01
      outer loop
         vertex 3.740733e+01 5.121153e+01 2.954036e+01
         vertex 3.659727e+01 5.077545e+01 2.921788e+01
         vertex 3.655061e+01 5.223424e+01 2.761089e+01
      endloop
   endfacet
   facet normal 5.712702e-01 -5.926685e-01 -5.677979e-01
      outer loop
         vertex 3.740733e+01 5.121153e+01 2.954036e+01
         vertex 3.655061e+01 5.223424e+01 2.761089e+01
         vertex 3.737607e+01 5.266932e+01 2.798726e+01
      endloop
   endfacet
   facet normal 5.699247e-01 -5.659991e-01 -5.956767e-01
      outer loop
         vertex 3.737607e+01 5.266932e+01 2.798726e+01
         vertex 3.655061e+01 5.223424e+01 2.761089e+01
         vertex 3.651172e+01 5.379741e+01 2.608839e+01
      endloop
   endfacet
   facet normal 5.837342e-01 -5.531788e-01 -5.943464e-01
      outer loop
         vertex 3.737607e+01 5.266932e+01 2.798726e+01
         vertex 3.651172e+01 5.379741e+01 2.608839e+01
         vertex 3.734868e+01 5.422280e+01 2.651448e+01
      endloop
   endfacet
   facet normal 5.825779e-01 -5.233329e-01 -6.218727e-01
      outer loop
         vertex 3.734868e+01 5.422280e+01 2.651448e+01
         vertex 3.651172e+01 5.379741e+01 2.608839e+01
         vertex 3.647926e+01 5.545948e+01 2.465928e+01
      endloop
   endfacet
   facet normal 5.936664e-01 -5.128739e-01 -6.200973e-01
      outer loop
         vertex 3.734868e+01 5.422280e+01 2.651448e+01
         vertex 3.647926e+01 5.545948e+01 2.465928e+01
         vertex 3.732500e+01 5.586808e+01 2.513102e+01
      endloop
   endfacet
   facet normal 5.926874e-01 -4.803120e-01 -6.465463e-01
      outer loop
         vertex 3.732500e+01 5.586808e+01 2.513102e+01
         vertex 3.647926e+01 5.545948e+01 2.465928e+01
         vertex 3.645239e+01 5.719571e+01 2.334483e+01
      endloop
   endfacet
   facet normal 6.015871e-01 -4.718161e-01 -6.445793e-01
      outer loop
         vertex 3.732500e+01 5.586808e+01 2.513102e+01
         vertex 3.645239e+01 5.719571e+01 2.334483e+01
         vertex 3.730487e+01 5.758182e+01 2.385782e+01
      endloop
   endfacet
   facet normal 6.007617e-01 -4.369811e-01 -6.694273e-01
      outer loop
         vertex 3.730487e+01 5.758182e+01 2.385782e+01
         vertex 3.645239e+01 5.719571e+01 2.334483e+01
         vertex 3.643012e+01 5.900330e+01 2.214490e+01
      endloop
   endfacet
   facet normal 6.079811e-01 -4.300721e-01 -6.673807e-01
      outer loop
         vertex 3.730487e+01 5.758182e+01 2.385782e+01
         vertex 3.643012e+01 5.900330e+01 2.214490e+01
         vertex 3.728786e+01 5.936219e+01 2.269503e+01
      endloop
   endfacet
   facet normal 6.072862e-01 -3.930882e-01 -6.904239e-01
      outer loop
         vertex 3.728786e+01 5.936219e+01 2.269503e+01
         vertex 3.643012e+01 5.900330e+01 2.214490e+01
         vertex 3.641170e+01 6.088212e+01 2.105900e+01
      endloop
   endfacet
   facet normal 6.131894e-01 -3.874789e-01 -6.883741e-01
      outer loop
         vertex 3.728786e+01 5.936219e+01 2.269503e+01
         vertex 3.641170e+01 6.088212e+01 2.105900e+01
         vertex 3.727362e+01 6.120974e+01 2.164237e+01
      endloop
   endfacet
   facet normal 6.126050e-01 -3.483791e-01 -7.094696e-01
      outer loop
         vertex 3.727362e+01 6.120974e+01 2.164237e+01
         vertex 3.641170e+01 6.088212e+01 2.105900e+01
         vertex 3.639647e+01 6.283283e+01 2.008798e+01
      endloop
   endfacet
   facet normal 6.174440e-01 -3.438569e-01 -7.074782e-01
      outer loop
         vertex 3.727362e+01 6.120974e+01 2.164237e+01
         vertex 3.639647e+01 6.283283e+01 2.008798e+01
         vertex 3.726173e+01 6.312571e+01 2.070077e+01
      endloop
   endfacet
   facet normal 6.169539e-01 -3.026943e-01 -7.264599e-01
      outer loop
         vertex 3.726173e+01 6.312571e+01 2.070077e+01
         vertex 3.639647e+01 6.283283e+01 2.008798e+01
         vertex 3.638390e+01 6.485382e+01 1.923522e+01
      endloop
   endfacet
   facet normal 6.208937e-01 -2.991051e-01 -7.245876e-01
      outer loop
         vertex 3.726173e+01 6.312571e+01 2.070077e+01
         vertex 3.638390e+01 6.485382e+01 1.923522e+01
         vertex 3.725181e+01 6.510886e+01 1.987363e+01
      endloop
   endfacet
   facet normal 6.204949e-01 -2.563129e-01 -7.411408e-01
      outer loop
         vertex 3.725181e+01 6.510886e+01 1.987363e+01
         vertex 3.638390e+01 6.485382e+01 1.923522e+01
         vertex 3.637384e+01 6.691395e+01 1.851432e+01
      endloop
   endfacet
   facet normal 6.236149e-01 -2.535402e-01 -7.394740e-01
      outer loop
         vertex 3.725181e+01 6.510886e+01 1.987363e+01
         vertex 3.637384e+01 6.691395e+01 1.851432e+01
         vertex 3.724380e+01 6.712892e+01 1.917427e+01
      endloop
   endfacet
   facet normal 6.232988e-01 -2.096090e-01 -7.533676e-01
      outer loop
         vertex 3.724380e+01 6.712892e+01 1.917427e+01
         vertex 3.637384e+01 6.691395e+01 1.851432e+01
         vertex 3.636610e+01 6.900422e+01 1.792634e+01
      endloop
   endfacet
   facet normal 6.257160e-01 -2.075269e-01 -7.519389e-01
      outer loop
         vertex 3.724380e+01 6.712892e+01 1.917427e+01
         vertex 3.636610e+01 6.900422e+01 1.792634e+01
         vertex 3.723763e+01 6.917743e+01 1.860377e+01
      endloop
   endfacet
   facet normal 6.254725e-01 -1.625306e-01 -7.631303e-01
      outer loop
         vertex 3.723763e+01 6.917743e+01 1.860377e+01
         vertex 3.636610e+01 6.900422e+01 1.792634e+01
         vertex 3.636033e+01 7.112454e+01 1.747003e+01
      endloop
   endfacet
   facet normal 6.272713e-01 -1.610435e-01 -7.619683e-01
      outer loop
         vertex 3.723763e+01 6.917743e+01 1.860377e+01
         vertex 3.636033e+01 7.112454e+01 1.747003e+01
         vertex 3.723302e+01 7.125465e+01 1.816095e+01
      endloop
   endfacet
   facet normal 6.270903e-01 -1.149877e-01 -7.704126e-01
      outer loop
         vertex 3.723302e+01 7.125465e+01 1.816095e+01
         vertex 3.636033e+01 7.112454e+01 1.747003e+01
         vertex 3.635622e+01 7.327496e+01 1.714573e+01
      endloop
   endfacet
   facet normal 6.283308e-01 -1.140139e-01 -7.695461e-01
      outer loop
         vertex 3.723302e+01 7.125465e+01 1.816095e+01
         vertex 3.635622e+01 7.327496e+01 1.714573e+01
         vertex 3.722969e+01 7.336079e+01 1.784620e+01
      endloop
   endfacet
   facet normal 6.282084e-01 -6.697458e-02 -7.751572e-01
      outer loop
         vertex 3.722969e+01 7.336079e+01 1.784620e+01
         vertex 3.635622e+01 7.327496e+01 1.714573e+01
         vertex 3.635380e+01 7.545584e+01 1.695534e+01
      endloop
   endfacet
   facet normal 6.289157e-01 -6.645392e-02 -7.746282e-01
      outer loop
         vertex 3.722969e+01 7.336079e+01 1.784620e+01
         vertex 3.635380e+01 7.545584e+01 1.695534e+01
         vertex 3.722772e+01 7.549630e+01 1.766140e+01
      endloop
   endfacet
   facet normal 6.288557e-01 -1.848906e-02 -7.773022e-01
      outer loop
         vertex 3.722772e+01 7.549630e+01 1.766140e+01
         vertex 3.635380e+01 7.545584e+01 1.695534e+01
         vertex 3.635317e+01 7.766144e+01 1.690236e+01
      endloop
   endfacet
   facet normal 6.290510e-01 -1.835589e-02 -7.771473e-01
      outer loop
         vertex 3.722772e+01 7.549630e+01 1.766140e+01
         vertex 3.635317e+01 7.766144e+01 1.690236e+01
         vertex 3.722721e+01 7.765589e+01 1.760998e+01
      endloop
   endfacet
   facet normal 6.290581e-01 3.007939e-02 -7.767761e-01
      outer loop
         vertex 3.722721e+01 7.765589e+01 1.760998e+01
         vertex 3.635317e+01 7.766144e+01 1.690236e+01
         vertex 3.635421e+01 7.985125e+01 1.698800e+01
      endloop
   endfacet
   facet normal 6.287425e-01 2.987932e-02 -7.770393e-01
      outer loop
         vertex 3.722721e+01 7.765589e+01 1.760998e+01
         vertex 3.635421e+01 7.985125e+01 1.698800e+01
         vertex 3.722805e+01 7.980001e+01 1.769310e+01
      endloop
   endfacet
   facet normal 6.288114e-01 7.827610e-02 -7.736078e-01
      outer loop
         vertex 3.722805e+01 7.980001e+01 1.769310e+01
         vertex 3.635421e+01 7.985125e+01 1.698800e+01
         vertex 3.635705e+01 8.202558e+01 1.721031e+01
      endloop
   endfacet
   facet normal 6.279777e-01 7.779240e-02 -7.743335e-01
      outer loop
         vertex 3.722805e+01 7.980001e+01 1.769310e+01
         vertex 3.635705e+01 8.202558e+01 1.721031e+01
         vertex 3.723036e+01 8.192919e+01 1.790888e+01
      endloop
   endfacet
   facet normal 6.281107e-01 1.262472e-01 -7.678141e-01
      outer loop
         vertex 3.723036e+01 8.192919e+01 1.790888e+01
         vertex 3.635705e+01 8.202558e+01 1.721031e+01
         vertex 3.636157e+01 8.418464e+01 1.756902e+01
      endloop
   endfacet
   facet normal 6.267251e-01 1.255252e-01 -7.690637e-01
      outer loop
         vertex 3.723036e+01 8.192919e+01 1.790888e+01
         vertex 3.636157e+01 8.418464e+01 1.756902e+01
         vertex 3.723401e+01 8.404392e+01 1.825702e+01
      endloop
   endfacet
   facet normal 6.269237e-01 1.740227e-01 -7.593963e-01
      outer loop
         vertex 3.723401e+01 8.404392e+01 1.825702e+01
         vertex 3.636157e+01 8.418464e+01 1.756902e+01
         vertex 3.636789e+01 8.632818e+01 1.806544e+01
      endloop
   endfacet
   facet normal 6.249323e-01 1.731128e-01 -7.612434e-01
      outer loop
         vertex 3.723401e+01 8.404392e+01 1.825702e+01
         vertex 3.636789e+01 8.632818e+01 1.806544e+01
         vertex 3.723905e+01 8.614405e+01 1.873874e+01
      endloop
   endfacet
   facet normal 6.252076e-01 2.214832e-01 -7.483720e-01
      outer loop
         vertex 3.723905e+01 8.614405e+01 1.873874e+01
         vertex 3.636789e+01 8.632818e+01 1.806544e+01
         vertex 3.637636e+01 8.844572e+01 1.869922e+01
      endloop
   endfacet
   facet normal 6.225504e-01 2.204440e-01 -7.508898e-01
      outer loop
         vertex 3.723905e+01 8.614405e+01 1.873874e+01
         vertex 3.637636e+01 8.844572e+01 1.869922e+01
         vertex 3.724581e+01 8.821954e+01 1.935366e+01
      endloop
   endfacet
   facet normal 6.229183e-01 2.682669e-01 -7.348508e-01
      outer loop
         vertex 3.724581e+01 8.821954e+01 1.935366e+01
         vertex 3.637636e+01 8.844572e+01 1.869922e+01
         vertex 3.638715e+01 9.050486e+01 1.946008e+01
      endloop
   endfacet
   facet normal 6.195310e-01 2.671462e-01 -7.381154e-01
      outer loop
         vertex 3.724581e+01 8.821954e+01 1.935366e+01
         vertex 3.638715e+01 9.050486e+01 1.946008e+01
         vertex 3.725438e+01 9.023900e+01 2.009176e+01
      endloop
   endfacet
   facet normal 6.199947e-01 3.141189e-01 -7.189825e-01
      outer loop
         vertex 3.725438e+01 9.023900e+01 2.009176e+01
         vertex 3.638715e+01 9.050486e+01 1.946008e+01
         vertex 3.640040e+01 9.250422e+01 2.034501e+01
      endloop
   endfacet
   facet normal 6.157670e-01 3.129852e-01 -7.230984e-01
      outer loop
         vertex 3.725438e+01 9.023900e+01 2.009176e+01
         vertex 3.640040e+01 9.250422e+01 2.034501e+01
         vertex 3.726481e+01 9.220139e+01 2.095004e+01
      endloop
   endfacet
   facet normal 6.163403e-01 3.590838e-01 -7.008448e-01
      outer loop
         vertex 3.726481e+01 9.220139e+01 2.095004e+01
         vertex 3.640040e+01 9.250422e+01 2.034501e+01
         vertex 3.641653e+01 9.444417e+01 2.135314e+01
      endloop
   endfacet
   facet normal 6.111155e-01 3.580241e-01 -7.059437e-01
      outer loop
         vertex 3.726481e+01 9.220139e+01 2.095004e+01
         vertex 3.641653e+01 9.444417e+01 2.135314e+01
         vertex 3.727737e+01 9.410737e+01 2.192754e+01
      endloop
   endfacet
   facet normal 6.118233e-01 4.032451e-01 -6.804893e-01
      outer loop
         vertex 3.727737e+01 9.410737e+01 2.192754e+01
         vertex 3.641653e+01 9.444417e+01 2.135314e+01
         vertex 3.643622e+01 9.632450e+01 2.248510e+01
      endloop
   endfacet
   facet normal 6.053749e-01 4.023717e-01 -6.867447e-01
      outer loop
         vertex 3.727737e+01 9.410737e+01 2.192754e+01
         vertex 3.643622e+01 9.632450e+01 2.248510e+01
         vertex 3.729255e+01 9.595718e+01 2.302475e+01
      endloop
   endfacet
   facet normal 6.062524e-01 4.467302e-01 -6.579439e-01
      outer loop
         vertex 3.729255e+01 9.595718e+01 2.302475e+01
         vertex 3.643622e+01 9.632450e+01 2.248510e+01
         vertex 3.646022e+01 9.814224e+01 2.374142e+01
      endloop
   endfacet
   facet normal 5.982506e-01 4.461901e-01 -6.655904e-01
      outer loop
         vertex 3.729255e+01 9.595718e+01 2.302475e+01
         vertex 3.646022e+01 9.814224e+01 2.374142e+01
         vertex 3.731078e+01 9.774858e+01 2.424203e+01
      endloop
   endfacet
   facet normal 5.993413e-01 4.893982e-01 -6.334662e-01
      outer loop
         vertex 3.731078e+01 9.774858e+01 2.424203e+01
         vertex 3.646022e+01 9.814224e+01 2.374142e+01
         vertex 3.648895e+01 9.986923e+01 2.510283e+01
      endloop
   endfacet
   facet normal 5.894730e-01 4.893274e-01 -6.427132e-01
      outer loop
         vertex 3.731078e+01 9.774858e+01 2.424203e+01
         vertex 3.648895e+01 9.986923e+01 2.510283e+01
         vertex 3.733214e+01 9.945460e+01 2.556049e+01
      endloop
   endfacet
   facet normal 5.908167e-01 5.310360e-01 -6.074014e-01
      outer loop
         vertex 3.733214e+01 9.945460e+01 2.556049e+01
         vertex 3.648895e+01 9.986923e+01 2.510283e+01
         vertex 3.652328e+01 1.014989e+02 2.656097e+01
      endloop
   endfacet
   facet normal 5.785667e-01 5.316480e-01 -6.185556e-01
      outer loop
         vertex 3.733214e+01 9.945460e+01 2.556049e+01
         vertex 3.652328e+01 1.014989e+02 2.656097e+01
         vertex 3.735694e+01 1.010696e+02 2.697175e+01
      endloop
   endfacet
   facet normal 5.802345e-01 5.718279e-01 -5.799490e-01
      outer loop
         vertex 3.735694e+01 1.010696e+02 2.697175e+01
         vertex 3.652328e+01 1.014989e+02 2.656097e+01
         vertex 3.656458e+01 1.030326e+02 2.811451e+01
      endloop
   endfacet
   facet normal 5.647740e-01 5.734488e-01 -5.934533e-01
      outer loop
         vertex 3.735694e+01 1.010696e+02 2.697175e+01
         vertex 3.656458e+01 1.030326e+02 2.811451e+01
         vertex 3.738562e+01 1.025961e+02 2.847416e+01
      endloop
   endfacet
   facet normal 5.668789e-01 6.121943e-01 -5.512409e-01
      outer loop
         vertex 3.738562e+01 1.025961e+02 2.847416e+01
         vertex 3.656458e+01 1.030326e+02 2.811451e+01
         vertex 3.661456e+01 1.044708e+02 2.976316e+01
      endloop
   endfacet
   facet normal 5.469027e-01 6.153042e-01 -5.677132e-01
      outer loop
         vertex 3.738562e+01 1.025961e+02 2.847416e+01
         vertex 3.661456e+01 1.044708e+02 2.976316e+01
         vertex 3.741840e+01 1.040366e+02 3.006698e+01
      endloop
   endfacet
   facet normal 5.496156e-01 6.527279e-01 -5.214105e-01
      outer loop
         vertex 3.741840e+01 1.040366e+02 3.006698e+01
         vertex 3.661456e+01 1.044708e+02 2.976316e+01
         vertex 3.667536e+01 1.058132e+02 3.150773e+01
      endloop
   endfacet
   facet normal 5.229877e-01 6.580534e-01 -5.417099e-01
      outer loop
         vertex 3.741840e+01 1.040366e+02 3.006698e+01
         vertex 3.667536e+01 1.058132e+02 3.150773e+01
         vertex 3.745477e+01 1.053935e+02 3.175041e+01
      endloop
   endfacet
   facet normal 5.267661e-01 6.968822e-01 -4.866957e-01
      outer loop
         vertex 3.745477e+01 1.053935e+02 3.175041e+01
         vertex 3.667536e+01 1.058132e+02 3.150773e+01
         vertex 3.686229e+01 1.075181e+02 3.415130e+01
      endloop
   endfacet
   facet normal 4.774118e-01 7.131706e-01 -5.132890e-01
      outer loop
         vertex 3.745477e+01 1.053935e+02 3.175041e+01
         vertex 3.686229e+01 1.075181e+02 3.415130e+01
         vertex 3.747096e+01 1.072059e+02 3.428362e+01
      endloop
   endfacet
   facet normal 1.880363e-01 -8.005053e-01 -5.690638e-01
      outer loop
         vertex 3.573666e+01 4.925046e+01 3.084262e+01
         vertex 3.665347e+01 4.941930e+01 3.090804e+01
         vertex 3.584608e+01 4.809421e+01 3.250527e+01
      endloop
   endfacet
   facet normal 1.795881e-01 -7.998103e-01 -5.727578e-01
      outer loop
         vertex 3.584608e+01 4.809421e+01 3.250527e+01
         vertex 3.665347e+01 4.941930e+01 3.090804e+01
         vertex 3.672136e+01 4.816487e+01 3.268104e+01
      endloop
   endfacet
   facet normal 1.756882e-01 -8.195558e-01 -5.454007e-01
      outer loop
         vertex 3.584608e+01 4.809421e+01 3.250527e+01
         vertex 3.672136e+01 4.816487e+01 3.268104e+01
         vertex 3.585619e+01 4.800353e+01 3.264479e+01
      endloop
   endfacet
   facet normal 1.769168e-01 -8.297498e-01 -5.293541e-01
      outer loop
         vertex 3.585619e+01 4.800353e+01 3.264479e+01
         vertex 3.672136e+01 4.816487e+01 3.268104e+01
         vertex 3.603963e+01 4.710262e+01 3.411825e+01
      endloop
   endfacet
   facet normal 1.150914e-02 -8.524681e-01 -5.226525e-01
      outer loop
         vertex 3.585619e+01 4.800353e+01 3.264479e+01
         vertex 3.603963e+01 4.710262e+01 3.411825e+01
         vertex 3.597362e+01 4.709961e+01 3.412171e+01
      endloop
   endfacet
   facet normal 8.336827e-01 4.563334e-01 -3.110193e-01
      outer loop
         vertex 3.804446e+01 1.067178e+02 3.463468e+01
         vertex 3.806283e+01 1.066395e+02 3.456900e+01
         vertex 3.805452e+01 1.066500e+02 3.456217e+01
      endloop
   endfacet
   facet normal 8.205789e-01 4.973839e-01 -2.815307e-01
      outer loop
         vertex 3.801994e+01 1.067950e+02 3.469959e+01
         vertex 3.802164e+01 1.067936e+02 3.470198e+01
         vertex 3.804446e+01 1.067178e+02 3.463468e+01
      endloop
   endfacet
   facet normal 6.413580e-01 6.028032e-01 -4.746453e-01
      outer loop
         vertex 3.804446e+01 1.067178e+02 3.463468e+01
         vertex 3.805452e+01 1.066500e+02 3.456217e+01
         vertex 3.801994e+01 1.067950e+02 3.469959e+01
      endloop
   endfacet
   facet normal 8.309226e-01 4.741257e-01 -2.911572e-01
      outer loop
         vertex 3.801994e+01 1.067950e+02 3.469959e+01
         vertex 3.805452e+01 1.066500e+02 3.456217e+01
         vertex 3.804708e+01 1.066594e+02 3.455626e+01
      endloop
   endfacet
   facet normal 8.247636e-01 4.804149e-01 -2.982725e-01
      outer loop
         vertex 3.801994e+01 1.067950e+02 3.469959e+01
         vertex 3.804708e+01 1.066594e+02 3.455626e+01
         vertex 3.801842e+01 1.067964e+02 3.469762e+01
      endloop
   endfacet
   facet normal 8.223338e-01 4.828159e-01 -3.010913e-01
      outer loop
         vertex 3.801842e+01 1.067964e+02 3.469762e+01
         vertex 3.804708e+01 1.066594e+02 3.455626e+01
         vertex 3.800611e+01 1.067110e+02 3.452709e+01
      endloop
   endfacet
   facet normal 8.199018e-01 4.860416e-01 -3.025304e-01
      outer loop
         vertex 3.801842e+01 1.067964e+02 3.469762e+01
         vertex 3.800611e+01 1.067110e+02 3.452709e+01
         vertex 3.801033e+01 1.068049e+02 3.468943e+01
      endloop
   endfacet
   facet normal 3.054341e-01 -9.099110e-01 2.806635e-01
      outer loop
         vertex 3.639897e+01 4.410324e+01 6.233045e+01
         vertex 3.706141e+01 4.429838e+01 6.224217e+01
         vertex 3.706150e+01 4.429912e+01 6.224447e+01
      endloop
   endfacet
   facet normal 4.608510e-01 -8.498840e-01 2.555652e-01
      outer loop
         vertex 3.706150e+01 4.429912e+01 6.224447e+01
         vertex 3.706141e+01 4.429838e+01 6.224217e+01
         vertex 3.718992e+01 4.436056e+01 6.221723e+01
      endloop
   endfacet
   facet normal 4.608238e-01 -8.500491e-01 2.550647e-01
      outer loop
         vertex 3.706150e+01 4.429912e+01 6.224447e+01
         vertex 3.718992e+01 4.436056e+01 6.221723e+01
         vertex 3.719002e+01 4.436139e+01 6.221980e+01
      endloop
   endfacet
   facet normal 6.031650e-01 -7.658696e-01 2.227908e-01
      outer loop
         vertex 3.719002e+01 4.436139e+01 6.221980e+01
         vertex 3.718992e+01 4.436056e+01 6.221723e+01
         vertex 3.774464e+01 4.475439e+01 6.206926e+01
      endloop
   endfacet
   facet normal 6.031998e-01 -7.655989e-01 2.236255e-01
      outer loop
         vertex 3.719002e+01 4.436139e+01 6.221980e+01
         vertex 3.774464e+01 4.475439e+01 6.206926e+01
         vertex 3.774478e+01 4.475560e+01 6.207301e+01
      endloop
   endfacet
   facet normal 7.284004e-01 -6.597274e-01 1.849125e-01
      outer loop
         vertex 3.774478e+01 4.475560e+01 6.207301e+01
         vertex 3.774464e+01 4.475439e+01 6.206926e+01
         vertex 3.784380e+01 4.485384e+01 6.203347e+01
      endloop
   endfacet
   facet normal 7.284132e-01 -6.596509e-01 1.851347e-01
      outer loop
         vertex 3.774478e+01 4.475560e+01 6.207301e+01
         vertex 3.784380e+01 4.485384e+01 6.203347e+01
         vertex 3.784394e+01 4.485511e+01 6.203744e+01
      endloop
   endfacet
   facet normal 7.890695e-01 -5.927435e-01 1.613207e-01
      outer loop
         vertex 3.784394e+01 4.485511e+01 6.203744e+01
         vertex 3.784380e+01 4.485384e+01 6.203347e+01
         vertex 3.804125e+01 4.509364e+01 6.194878e+01
      endloop
   endfacet
   facet normal 7.890747e-01 -5.927060e-01 1.614331e-01
      outer loop
         vertex 3.784394e+01 4.485511e+01 6.203744e+01
         vertex 3.804125e+01 4.509364e+01 6.194878e+01
         vertex 3.804141e+01 4.509505e+01 6.195318e+01
      endloop
   endfacet
   facet normal 1.323943e-02 8.654057e-01 -5.008969e-01
      outer loop
         vertex 3.597362e+01 1.076905e+02 3.412171e+01
         vertex 3.603976e+01 1.076905e+02 3.412347e+01
         vertex 3.603963e+01 1.076875e+02 3.411825e+01
      endloop
   endfacet
   facet normal 1.656763e-01 8.517998e-01 -4.969793e-01
      outer loop
         vertex 3.603963e+01 1.076875e+02 3.411825e+01
         vertex 3.603976e+01 1.076905e+02 3.412347e+01
         vertex 3.672704e+01 1.075987e+02 3.419510e+01
      endloop
   endfacet
   facet normal 1.656795e-01 8.517472e-01 -4.970684e-01
      outer loop
         vertex 3.603963e+01 1.076875e+02 3.411825e+01
         vertex 3.672704e+01 1.075987e+02 3.419510e+01
         vertex 3.672549e+01 1.075642e+02 3.413549e+01
      endloop
   endfacet
   facet normal 3.291968e-01 8.136037e-01 -4.792479e-01
      outer loop
         vertex 3.672549e+01 1.075642e+02 3.413549e+01
         vertex 3.672704e+01 1.075987e+02 3.419510e+01
         vertex 3.686412e+01 1.075589e+02 3.422179e+01
      endloop
   endfacet
   facet normal 3.291959e-01 8.136049e-01 -4.792464e-01
      outer loop
         vertex 3.672549e+01 1.075642e+02 3.413549e+01
         vertex 3.686412e+01 1.075589e+02 3.422179e+01
         vertex 3.686229e+01 1.075181e+02 3.415130e+01
      endloop
   endfacet
   facet normal 4.832454e-01 7.523048e-01 -4.477849e-01
      outer loop
         vertex 3.686229e+01 1.075181e+02 3.415130e+01
         vertex 3.686412e+01 1.075589e+02 3.422179e+01
         vertex 3.747406e+01 1.072748e+02 3.440273e+01
      endloop
   endfacet
   facet normal 4.832457e-01 7.523032e-01 -4.477872e-01
      outer loop
         vertex 3.686229e+01 1.075181e+02 3.415130e+01
         vertex 3.747406e+01 1.072748e+02 3.440273e+01
         vertex 3.747096e+01 1.072059e+02 3.428362e+01
      endloop
   endfacet
   facet normal 6.235899e-01 6.695365e-01 -4.035549e-01
      outer loop
         vertex 3.747096e+01 1.072059e+02 3.428362e+01
         vertex 3.747406e+01 1.072748e+02 3.440273e+01
         vertex 3.758807e+01 1.071975e+02 3.445060e+01
      endloop
   endfacet
   facet normal 6.235998e-01 6.695226e-01 -4.035626e-01
      outer loop
         vertex 3.747096e+01 1.072059e+02 3.428362e+01
         vertex 3.758807e+01 1.071975e+02 3.445060e+01
         vertex 3.758474e+01 1.071233e+02 3.432235e+01
      endloop
   endfacet
   facet normal 7.362985e-01 5.772241e-01 -3.530961e-01
      outer loop
         vertex 3.758474e+01 1.071233e+02 3.432235e+01
         vertex 3.758807e+01 1.071975e+02 3.445060e+01
         vertex 3.801033e+01 1.068049e+02 3.468943e+01
      endloop
   endfacet
   facet normal 7.362998e-01 5.772186e-01 -3.531024e-01
      outer loop
         vertex 3.758474e+01 1.071233e+02 3.432235e+01
         vertex 3.801033e+01 1.068049e+02 3.468943e+01
         vertex 3.800611e+01 1.067110e+02 3.452709e+01
      endloop
   endfacet
   facet normal 7.386562e-01 -5.966408e-01 3.136985e-01
      outer loop
         vertex 3.803146e+01 4.647572e+01 6.617213e+01
         vertex 3.800056e+01 4.649053e+01 6.627306e+01
         vertex 3.799841e+01 4.648755e+01 6.627246e+01
      endloop
   endfacet
   facet normal 7.553686e-01 -6.001745e-01 2.630759e-01
      outer loop
         vertex 3.804711e+01 4.645247e+01 6.607414e+01
         vertex 3.805814e+01 4.646434e+01 6.606956e+01
         vertex 3.803146e+01 4.647572e+01 6.617213e+01
      endloop
   endfacet
   facet normal 5.531805e-01 -7.863734e-01 2.749695e-01
      outer loop
         vertex 3.803146e+01 4.647572e+01 6.617213e+01
         vertex 3.799841e+01 4.648755e+01 6.627246e+01
         vertex 3.804711e+01 4.645247e+01 6.607414e+01
      endloop
   endfacet
   facet normal 7.454934e-01 -6.004508e-01 2.893067e-01
      outer loop
         vertex 3.804711e+01 4.645247e+01 6.607414e+01
         vertex 3.799841e+01 4.648755e+01 6.627246e+01
         vertex 3.799654e+01 4.648507e+01 6.627211e+01
      endloop
   endfacet
   facet normal 7.508467e-01 -5.936244e-01 2.895501e-01
      outer loop
         vertex 3.804711e+01 4.645247e+01 6.607414e+01
         vertex 3.799654e+01 4.648507e+01 6.627211e+01
         vertex 3.803743e+01 4.644225e+01 6.607830e+01
      endloop
   endfacet
   facet normal 7.401311e-01 -6.066385e-01 2.901650e-01
      outer loop
         vertex 3.803743e+01 4.644225e+01 6.607830e+01
         vertex 3.799654e+01 4.648507e+01 6.627211e+01
         vertex 3.798749e+01 4.647433e+01 6.627274e+01
      endloop
   endfacet
   facet normal 7.406736e-01 -6.059627e-01 2.901928e-01
      outer loop
         vertex 3.803743e+01 4.644225e+01 6.607830e+01
         vertex 3.798749e+01 4.647433e+01 6.627274e+01
         vertex 3.798887e+01 4.639374e+01 6.610095e+01
      endloop
   endfacet
   facet normal 5.090607e-01 -8.020079e-01 3.124749e-01
      outer loop
         vertex 3.765844e+01 4.613129e+01 6.624056e+01
         vertex 3.720589e+01 4.589581e+01 6.637343e+01
         vertex 3.716285e+01 4.481577e+01 6.367149e+01
      endloop
   endfacet
   facet normal 4.614011e-01 -8.441875e-01 2.728672e-01
      outer loop
         vertex 3.706150e+01 4.429912e+01 6.224447e+01
         vertex 3.719002e+01 4.436139e+01 6.221980e+01
         vertex 3.716285e+01 4.481577e+01 6.367149e+01
      endloop
   endfacet
   facet normal 6.039020e-01 -7.573762e-01 2.483620e-01
      outer loop
         vertex 3.716285e+01 4.481577e+01 6.367149e+01
         vertex 3.719002e+01 4.436139e+01 6.221980e+01
         vertex 3.774478e+01 4.475560e+01 6.207301e+01
      endloop
   endfacet
   facet normal 6.502911e-01 -7.125006e-01 2.635609e-01
      outer loop
         vertex 3.716285e+01 4.481577e+01 6.367149e+01
         vertex 3.774478e+01 4.475560e+01 6.207301e+01
         vertex 3.805000e+01 4.551517e+01 6.337334e+01
      endloop
   endfacet
   facet normal 7.290661e-01 -6.515944e-01 2.094930e-01
      outer loop
         vertex 3.805000e+01 4.551517e+01 6.337334e+01
         vertex 3.774478e+01 4.475560e+01 6.207301e+01
         vertex 3.784394e+01 4.485511e+01 6.203744e+01
      endloop
   endfacet
   facet normal 7.893494e-01 -5.900063e-01 1.697648e-01
      outer loop
         vertex 3.805000e+01 4.551517e+01 6.337334e+01
         vertex 3.784394e+01 4.485511e+01 6.203744e+01
         vertex 3.804141e+01 4.509505e+01 6.195318e+01
      endloop
   endfacet
   facet normal 3.061847e-01 -9.018670e-01 3.047735e-01
      outer loop
         vertex 3.706150e+01 4.429912e+01 6.224447e+01
         vertex 3.716285e+01 4.481577e+01 6.367149e+01
         vertex 3.639897e+01 4.410324e+01 6.233045e+01
      endloop
   endfacet
   facet normal 2.342999e-01 -9.074754e-01 3.487003e-01
      outer loop
         vertex 3.639897e+01 4.410324e+01 6.233045e+01
         vertex 3.716285e+01 4.481577e+01 6.367149e+01
         vertex 3.602779e+01 4.457601e+01 6.381020e+01
      endloop
   endfacet
   facet normal 8.608537e-02 -9.425668e-01 3.227339e-01
      outer loop
         vertex 3.639897e+01 4.410324e+01 6.233045e+01
         vertex 3.602779e+01 4.457601e+01 6.381020e+01
         vertex 3.597405e+01 4.407334e+01 6.235646e+01
      endloop
   endfacet
   facet normal 3.840806e-01 -8.594353e-01 3.374211e-01
      outer loop
         vertex 3.720589e+01 4.589581e+01 6.637343e+01
         vertex 3.704835e+01 4.583893e+01 6.640788e+01
         vertex 3.716285e+01 4.481577e+01 6.367149e+01
      endloop
   endfacet
   facet normal 3.246820e-01 -8.813826e-01 3.431419e-01
      outer loop
         vertex 3.716285e+01 4.481577e+01 6.367149e+01
         vertex 3.704835e+01 4.583893e+01 6.640788e+01
         vertex 3.691113e+01 4.579841e+01 6.643364e+01
      endloop
   endfacet
   facet normal 2.341432e-01 -9.090324e-01 3.447274e-01
      outer loop
         vertex 3.716285e+01 4.481577e+01 6.367149e+01
         vertex 3.691113e+01 4.579841e+01 6.643364e+01
         vertex 3.602779e+01 4.457601e+01 6.381020e+01
      endloop
   endfacet
   facet normal 1.617455e-01 -9.142255e-01 3.715241e-01
      outer loop
         vertex 3.602779e+01 4.457601e+01 6.381020e+01
         vertex 3.691113e+01 4.579841e+01 6.643364e+01
         vertex 3.622392e+01 4.570779e+01 6.650983e+01
      endloop
   endfacet
   facet normal 4.761043e-01 -8.228020e-01 3.103572e-01
      outer loop
         vertex 3.602779e+01 4.457601e+01 6.381020e+01
         vertex 3.622392e+01 4.570779e+01 6.650983e+01
         vertex 3.611638e+01 4.534309e+01 6.570795e+01
      endloop
   endfacet
   facet normal 1.185680e-02 -9.108136e-01 4.126476e-01
      outer loop
         vertex 3.611638e+01 4.534309e+01 6.570795e+01
         vertex 3.622392e+01 4.570779e+01 6.650983e+01
         vertex 3.616174e+01 4.570826e+01 6.651265e+01
      endloop
   endfacet
   facet normal 7.555166e-01 -6.186673e-01 2.155120e-01
      outer loop
         vertex 3.805000e+01 4.551517e+01 6.337334e+01
         vertex 3.805814e+01 4.646434e+01 6.606956e+01
         vertex 3.804711e+01 4.645247e+01 6.607414e+01
      endloop
   endfacet
   facet normal 7.511758e-01 -6.233666e-01 2.171383e-01
      outer loop
         vertex 3.804711e+01 4.645247e+01 6.607414e+01
         vertex 3.803743e+01 4.644225e+01 6.607830e+01
         vertex 3.805000e+01 4.551517e+01 6.337334e+01
      endloop
   endfacet
   facet normal 7.389492e-01 -6.363055e-01 2.215161e-01
      outer loop
         vertex 3.805000e+01 4.551517e+01 6.337334e+01
         vertex 3.803743e+01 4.644225e+01 6.607830e+01
         vertex 3.798887e+01 4.639374e+01 6.610095e+01
      endloop
   endfacet
   facet normal 6.497314e-01 -7.191859e-01 2.462128e-01
      outer loop
         vertex 3.805000e+01 4.551517e+01 6.337334e+01
         vertex 3.798887e+01 4.639374e+01 6.610095e+01
         vertex 3.716285e+01 4.481577e+01 6.367149e+01
      endloop
   endfacet
   facet normal 6.842645e-01 -6.955374e-01 2.191113e-01
      outer loop
         vertex 3.716285e+01 4.481577e+01 6.367149e+01
         vertex 3.798887e+01 4.639374e+01 6.610095e+01
         vertex 3.777276e+01 4.621147e+01 6.619726e+01
      endloop
   endfacet
   facet normal 6.185881e-01 -7.413501e-01 2.602861e-01
      outer loop
         vertex 3.716285e+01 4.481577e+01 6.367149e+01
         vertex 3.777276e+01 4.621147e+01 6.619726e+01
         vertex 3.765844e+01 4.613129e+01 6.624056e+01
      endloop
   endfacet
   facet normal 7.879027e-01 6.003588e-01 1.370350e-01
      outer loop
         vertex 3.784380e+01 1.099363e+02 6.203347e+01
         vertex 3.804125e+01 1.096965e+02 6.194878e+01
         vertex 3.802469e+01 1.103124e+02 5.934579e+01
      endloop
   endfacet
   facet normal 8.268660e-01 5.484444e-01 1.245043e-01
      outer loop
         vertex 3.802469e+01 1.103124e+02 5.934579e+01
         vertex 3.804125e+01 1.096965e+02 6.194878e+01
         vertex 3.804285e+01 1.096942e+02 6.194814e+01
      endloop
   endfacet
   facet normal 7.268750e-01 6.691886e-01 1.543998e-01
      outer loop
         vertex 3.746658e+01 1.109292e+02 5.950609e+01
         vertex 3.774464e+01 1.100358e+02 6.206926e+01
         vertex 3.784380e+01 1.099363e+02 6.203347e+01
      endloop
   endfacet
   facet normal 3.042903e-01 9.180931e-01 2.539932e-01
      outer loop
         vertex 3.639897e+01 1.106869e+02 6.233045e+01
         vertex 3.706141e+01 1.104918e+02 6.224217e+01
         vertex 3.672781e+01 1.113278e+02 5.961984e+01
      endloop
   endfacet
   facet normal 4.589424e-01 8.617226e-01 2.163471e-01
      outer loop
         vertex 3.672781e+01 1.113278e+02 5.961984e+01
         vertex 3.706141e+01 1.104918e+02 6.224217e+01
         vertex 3.718992e+01 1.104296e+02 6.221723e+01
      endloop
   endfacet
   facet normal 8.412765e-02 9.584870e-01 2.724430e-01
      outer loop
         vertex 3.597405e+01 1.107168e+02 6.235646e+01
         vertex 3.639897e+01 1.106869e+02 6.233045e+01
         vertex 3.590789e+01 1.113241e+02 6.024046e+01
      endloop
   endfacet
   facet normal 2.709732e-01 9.366639e-01 2.218879e-01
      outer loop
         vertex 3.590789e+01 1.113241e+02 6.024046e+01
         vertex 3.639897e+01 1.106869e+02 6.233045e+01
         vertex 3.589322e+01 1.114625e+02 5.967399e+01
      endloop
   endfacet
   facet normal 3.276273e-01 8.413480e-01 -4.298766e-01
      outer loop
         vertex 3.686412e+01 1.075589e+02 3.422179e+01
         vertex 3.672704e+01 1.075987e+02 3.419510e+01
         vertex 3.671290e+01 1.089285e+02 3.678714e+01
      endloop
   endfacet
   facet normal 1.642409e-01 8.780114e-01 -4.495785e-01
      outer loop
         vertex 3.671290e+01 1.089285e+02 3.678714e+01
         vertex 3.672704e+01 1.075987e+02 3.419510e+01
         vertex 3.603976e+01 1.076905e+02 3.412347e+01
      endloop
   endfacet
   facet normal 4.813238e-01 7.850716e-01 -3.898589e-01
      outer loop
         vertex 3.744520e+01 1.085714e+02 3.697798e+01
         vertex 3.747406e+01 1.072748e+02 3.440273e+01
         vertex 3.686412e+01 1.075589e+02 3.422179e+01
      endloop
   endfacet
   facet normal 7.342729e-01 6.150117e-01 -2.874090e-01
      outer loop
         vertex 3.800306e+01 1.080140e+02 3.725803e+01
         vertex 3.801033e+01 1.068049e+02 3.468943e+01
         vertex 3.758807e+01 1.071975e+02 3.445060e+01
      endloop
   endfacet
   facet normal 7.520422e-01 6.439187e-01 1.407164e-01
      outer loop
         vertex 3.784380e+01 1.099363e+02 6.203347e+01
         vertex 3.802469e+01 1.103124e+02 5.934579e+01
         vertex 3.746658e+01 1.109292e+02 5.950609e+01
      endloop
   endfacet
   facet normal 7.513982e-01 6.491491e-01 1.183478e-01
      outer loop
         vertex 3.746658e+01 1.109292e+02 5.950609e+01
         vertex 3.802469e+01 1.103124e+02 5.934579e+01
         vertex 3.801889e+01 1.104811e+02 5.845691e+01
      endloop
   endfacet
   facet normal 7.457541e-01 6.567147e-01 1.121459e-01
      outer loop
         vertex 3.746658e+01 1.109292e+02 5.950609e+01
         vertex 3.801889e+01 1.104811e+02 5.845691e+01
         vertex 3.744951e+01 1.114364e+02 5.664915e+01
      endloop
   endfacet
   facet normal 1.699759e-01 9.541894e-01 2.462332e-01
      outer loop
         vertex 3.639897e+01 1.106869e+02 6.233045e+01
         vertex 3.672781e+01 1.113278e+02 5.961984e+01
         vertex 3.589322e+01 1.114625e+02 5.967399e+01
      endloop
   endfacet
   facet normal 1.680905e-01 9.692551e-01 1.796943e-01
      outer loop
         vertex 3.589322e+01 1.114625e+02 5.967399e+01
         vertex 3.672781e+01 1.113278e+02 5.961984e+01
         vertex 3.669387e+01 1.118700e+02 5.672705e+01
      endloop
   endfacet
   facet normal 1.755004e-01 9.676077e-01 1.814797e-01
      outer loop
         vertex 3.589322e+01 1.114625e+02 5.967399e+01
         vertex 3.669387e+01 1.118700e+02 5.672705e+01
         vertex 3.583283e+01 1.120191e+02 5.676484e+01
      endloop
   endfacet
   facet normal 1.742596e-01 9.785163e-01 1.101787e-01
      outer loop
         vertex 3.583283e+01 1.120191e+02 5.676484e+01
         vertex 3.669387e+01 1.118700e+02 5.672705e+01
         vertex 3.580034e+01 1.122755e+02 5.453870e+01
      endloop
   endfacet
   facet normal 2.019867e-01 9.744622e-01 9.810608e-02
      outer loop
         vertex 3.580034e+01 1.122755e+02 5.453870e+01
         vertex 3.669387e+01 1.118700e+02 5.672705e+01
         vertex 3.667041e+01 1.121685e+02 5.381046e+01
      endloop
   endfacet
   facet normal 1.786649e-01 9.814727e-01 6.921181e-02
      outer loop
         vertex 3.580034e+01 1.122755e+02 5.453870e+01
         vertex 3.667041e+01 1.121685e+02 5.381046e+01
         vertex 3.579199e+01 1.123270e+02 5.383090e+01
      endloop
   endfacet
   facet normal 1.779034e-01 9.838874e-01 1.777615e-02
      outer loop
         vertex 3.579199e+01 1.123270e+02 5.383090e+01
         vertex 3.667041e+01 1.121685e+02 5.381046e+01
         vertex 3.665546e+01 1.122238e+02 5.089977e+01
      endloop
   endfacet
   facet normal 1.808016e-01 9.833428e-01 1.864908e-02
      outer loop
         vertex 3.579199e+01 1.123270e+02 5.383090e+01
         vertex 3.665546e+01 1.122238e+02 5.089977e+01
         vertex 3.576691e+01 1.123871e+02 5.090214e+01
      endloop
   endfacet
   facet normal 7.702522e-01 6.312198e-01 9.095724e-02
      outer loop
         vertex 3.801889e+01 1.104811e+02 5.845691e+01
         vertex 3.800726e+01 1.107715e+02 5.654067e+01
         vertex 3.744951e+01 1.114364e+02 5.664915e+01
      endloop
   endfacet
   facet normal 7.692725e-01 6.368490e-01 5.141178e-02
      outer loop
         vertex 3.744951e+01 1.114364e+02 5.664915e+01
         vertex 3.800726e+01 1.107715e+02 5.654067e+01
         vertex 3.799339e+01 1.110157e+02 5.372256e+01
      endloop
   endfacet
   facet normal 7.818428e-01 6.209526e-01 5.603304e-02
      outer loop
         vertex 3.744951e+01 1.114364e+02 5.664915e+01
         vertex 3.799339e+01 1.110157e+02 5.372256e+01
         vertex 3.743679e+01 1.117120e+02 5.377274e+01
      endloop
   endfacet
   facet normal 7.812176e-01 6.242499e-01 3.348123e-03
      outer loop
         vertex 3.743679e+01 1.117120e+02 5.377274e+01
         vertex 3.799339e+01 1.110157e+02 5.372256e+01
         vertex 3.798356e+01 1.110431e+02 5.091621e+01
      endloop
   endfacet
   facet normal 7.884372e-01 6.150768e-01 6.878230e-03
      outer loop
         vertex 3.743679e+01 1.117120e+02 5.377274e+01
         vertex 3.798356e+01 1.110431e+02 5.091621e+01
         vertex 3.742797e+01 1.117554e+02 5.090468e+01
      endloop
   endfacet
   facet normal 7.881231e-01 6.140272e-01 -4.280835e-02
      outer loop
         vertex 3.742797e+01 1.117554e+02 5.090468e+01
         vertex 3.798356e+01 1.110431e+02 5.091621e+01
         vertex 3.797811e+01 1.108550e+02 4.811772e+01
      endloop
   endfacet
   facet normal 7.907120e-01 6.107968e-01 -4.125365e-02
      outer loop
         vertex 3.742797e+01 1.117554e+02 5.090468e+01
         vertex 3.797811e+01 1.108550e+02 4.811772e+01
         vertex 3.742294e+01 1.115686e+02 4.804318e+01
      endloop
   endfacet
   facet normal 7.908964e-01 6.079837e-01 -6.955995e-02
      outer loop
         vertex 3.742294e+01 1.115686e+02 4.804318e+01
         vertex 3.797811e+01 1.108550e+02 4.811772e+01
         vertex 3.797763e+01 1.107943e+02 4.758198e+01
      endloop
   endfacet
   facet normal 7.833782e-01 6.149508e-01 -9.029975e-02
      outer loop
         vertex 3.742294e+01 1.115686e+02 4.804318e+01
         vertex 3.797763e+01 1.107943e+02 4.758198e+01
         vertex 3.742215e+01 1.111502e+02 4.518677e+01
      endloop
   endfacet
   facet normal 1.804077e-01 9.822212e-01 -5.190859e-02
      outer loop
         vertex 3.576691e+01 1.123871e+02 5.090214e+01
         vertex 3.665546e+01 1.122238e+02 5.089977e+01
         vertex 3.575753e+01 1.122755e+02 4.875813e+01
      endloop
   endfacet
   facet normal 2.061882e-01 9.764914e-01 -6.285611e-02
      outer loop
         vertex 3.575753e+01 1.122755e+02 4.875813e+01
         vertex 3.665546e+01 1.122238e+02 5.089977e+01
         vertex 3.664825e+01 1.120383e+02 4.799464e+01
      endloop
   endfacet
   facet normal 1.814540e-01 9.790391e-01 -9.250361e-02
      outer loop
         vertex 3.575753e+01 1.122755e+02 4.875813e+01
         vertex 3.664825e+01 1.120383e+02 4.799464e+01
         vertex 3.575607e+01 1.122021e+02 4.797850e+01
      endloop
   endfacet
   facet normal 1.812496e-01 9.728817e-01 -1.437006e-01
      outer loop
         vertex 3.575607e+01 1.122021e+02 4.797850e+01
         vertex 3.664825e+01 1.120383e+02 4.799464e+01
         vertex 3.664949e+01 1.116098e+02 4.509494e+01
      endloop
   endfacet
   facet normal 1.803906e-01 9.729984e-01 -1.439907e-01
      outer loop
         vertex 3.575607e+01 1.122021e+02 4.797850e+01
         vertex 3.664949e+01 1.116098e+02 4.509494e+01
         vertex 3.576070e+01 1.117694e+02 4.506004e+01
      endloop
   endfacet
   facet normal 1.807986e-01 9.603510e-01 -2.122213e-01
      outer loop
         vertex 3.576070e+01 1.117694e+02 4.506004e+01
         vertex 3.664949e+01 1.116098e+02 4.509494e+01
         vertex 3.577419e+01 1.113241e+02 4.305640e+01
      endloop
   endfacet
   facet normal 2.063968e-01 9.529118e-01 -2.221700e-01
      outer loop
         vertex 3.577419e+01 1.113241e+02 4.305640e+01
         vertex 3.664949e+01 1.116098e+02 4.509494e+01
         vertex 3.666027e+01 1.109422e+02 4.224176e+01
      endloop
   endfacet
   facet normal 1.781476e-01 9.511675e-01 -2.520789e-01
      outer loop
         vertex 3.577419e+01 1.113241e+02 4.305640e+01
         vertex 3.666027e+01 1.109422e+02 4.224176e+01
         vertex 3.578303e+01 1.110925e+02 4.218891e+01
      endloop
   endfacet
   facet normal 1.786250e-01 9.366572e-01 -3.012745e-01
      outer loop
         vertex 3.578303e+01 1.110925e+02 4.218891e+01
         vertex 3.666027e+01 1.109422e+02 4.224176e+01
         vertex 3.668135e+01 1.100477e+02 3.947322e+01
      endloop
   endfacet
   facet normal 1.730252e-01 9.370605e-01 -3.032820e-01
      outer loop
         vertex 3.578303e+01 1.110925e+02 4.218891e+01
         vertex 3.668135e+01 1.100477e+02 3.947322e+01
         vertex 3.582490e+01 1.101837e+02 3.940483e+01
      endloop
   endfacet
   facet normal 7.884310e-01 6.081309e-01 -9.248488e-02
      outer loop
         vertex 3.797763e+01 1.107943e+02 4.758198e+01
         vertex 3.797772e+01 1.104507e+02 4.532353e+01
         vertex 3.742215e+01 1.111502e+02 4.518677e+01
      endloop
   endfacet
   facet normal 7.886092e-01 6.004455e-01 -1.325170e-01
      outer loop
         vertex 3.742215e+01 1.111502e+02 4.518677e+01
         vertex 3.797772e+01 1.104507e+02 4.532353e+01
         vertex 3.798264e+01 1.098362e+02 4.256830e+01
      endloop
   endfacet
   facet normal 7.805732e-01 6.094669e-01 -1.387642e-01
      outer loop
         vertex 3.742215e+01 1.111502e+02 4.518677e+01
         vertex 3.798264e+01 1.098362e+02 4.256830e+01
         vertex 3.742593e+01 1.105049e+02 4.237382e+01
      endloop
   endfacet
   facet normal 7.810999e-01 5.983797e-01 -1.783946e-01
      outer loop
         vertex 3.742593e+01 1.105049e+02 4.237382e+01
         vertex 3.798264e+01 1.098362e+02 4.256830e+01
         vertex 3.799205e+01 1.090232e+02 3.988271e+01
      endloop
   endfacet
   facet normal 7.663898e-01 6.134217e-01 -1.906843e-01
      outer loop
         vertex 3.742593e+01 1.105049e+02 4.237382e+01
         vertex 3.799205e+01 1.090232e+02 3.988271e+01
         vertex 3.743412e+01 1.096446e+02 3.963921e+01
      endloop
   endfacet
   facet normal 7.671922e-01 5.997545e-01 -2.274000e-01
      outer loop
         vertex 3.743412e+01 1.096446e+02 3.963921e+01
         vertex 3.799205e+01 1.090232e+02 3.988271e+01
         vertex 3.800306e+01 1.080140e+02 3.725803e+01
      endloop
   endfacet
   facet normal 7.441417e-01 6.206061e-01 -2.471865e-01
      outer loop
         vertex 3.743412e+01 1.096446e+02 3.963921e+01
         vertex 3.800306e+01 1.080140e+02 3.725803e+01
         vertex 3.744520e+01 1.085714e+02 3.697798e+01
      endloop
   endfacet
   facet normal 7.452967e-01 6.025538e-01 -2.854152e-01
      outer loop
         vertex 3.744520e+01 1.085714e+02 3.697798e+01
         vertex 3.800306e+01 1.080140e+02 3.725803e+01
         vertex 3.758807e+01 1.071975e+02 3.445060e+01
      endloop
   endfacet
   facet normal 6.218638e-01 7.022545e-01 -3.465893e-01
      outer loop
         vertex 3.744520e+01 1.085714e+02 3.697798e+01
         vertex 3.758807e+01 1.071975e+02 3.445060e+01
         vertex 3.747406e+01 1.072748e+02 3.440273e+01
      endloop
   endfacet
   facet normal 4.837805e-01 7.835758e-01 -3.898274e-01
      outer loop
         vertex 3.686412e+01 1.075589e+02 3.422179e+01
         vertex 3.671290e+01 1.089285e+02 3.678714e+01
         vertex 3.744520e+01 1.085714e+02 3.697798e+01
      endloop
   endfacet
   facet normal 4.820113e-01 8.107660e-01 -3.321500e-01
      outer loop
         vertex 3.744520e+01 1.085714e+02 3.697798e+01
         vertex 3.671290e+01 1.089285e+02 3.678714e+01
         vertex 3.668135e+01 1.100477e+02 3.947322e+01
      endloop
   endfacet
   facet normal 5.011265e-01 8.032869e-01 -3.218732e-01
      outer loop
         vertex 3.744520e+01 1.085714e+02 3.697798e+01
         vertex 3.668135e+01 1.100477e+02 3.947322e+01
         vertex 3.743412e+01 1.096446e+02 3.963921e+01
      endloop
   endfacet
   facet normal 4.998716e-01 8.252556e-01 -2.628336e-01
      outer loop
         vertex 3.743412e+01 1.096446e+02 3.963921e+01
         vertex 3.668135e+01 1.100477e+02 3.947322e+01
         vertex 3.666027e+01 1.109422e+02 4.224176e+01
      endloop
   endfacet
   facet normal 5.123555e-01 8.196301e-01 -2.563167e-01
      outer loop
         vertex 3.743412e+01 1.096446e+02 3.963921e+01
         vertex 3.666027e+01 1.109422e+02 4.224176e+01
         vertex 3.742593e+01 1.105049e+02 4.237382e+01
      endloop
   endfacet
   facet normal 5.115598e-01 8.370799e-01 -1.939169e-01
      outer loop
         vertex 3.742593e+01 1.105049e+02 4.237382e+01
         vertex 3.666027e+01 1.109422e+02 4.224176e+01
         vertex 3.664949e+01 1.116098e+02 4.509494e+01
      endloop
   endfacet
   facet normal 5.184670e-01 8.336001e-01 -1.905331e-01
      outer loop
         vertex 3.742593e+01 1.105049e+02 4.237382e+01
         vertex 3.664949e+01 1.116098e+02 4.509494e+01
         vertex 3.742215e+01 1.111502e+02 4.518677e+01
      endloop
   endfacet
   facet normal 5.181218e-01 8.461489e-01 -1.248269e-01
      outer loop
         vertex 3.742215e+01 1.111502e+02 4.518677e+01
         vertex 3.664949e+01 1.116098e+02 4.509494e+01
         vertex 3.664825e+01 1.120383e+02 4.799464e+01
      endloop
   endfacet
   facet normal 5.201056e-01 8.450621e-01 -1.239364e-01
      outer loop
         vertex 3.742215e+01 1.111502e+02 4.518677e+01
         vertex 3.664825e+01 1.120383e+02 4.799464e+01
         vertex 3.742294e+01 1.115686e+02 4.804318e+01
      endloop
   endfacet
   facet normal 5.201809e-01 8.522377e-01 -5.570261e-02
      outer loop
         vertex 3.742294e+01 1.115686e+02 4.804318e+01
         vertex 3.664825e+01 1.120383e+02 4.799464e+01
         vertex 3.665546e+01 1.122238e+02 5.089977e+01
      endloop
   endfacet
   facet normal 5.179089e-01 8.535602e-01 -5.661635e-02
      outer loop
         vertex 3.742294e+01 1.115686e+02 4.804318e+01
         vertex 3.665546e+01 1.122238e+02 5.089977e+01
         vertex 3.742797e+01 1.117554e+02 5.090468e+01
      endloop
   endfacet
   facet normal 5.183669e-01 8.550505e-01 1.358046e-02
      outer loop
         vertex 3.742797e+01 1.117554e+02 5.090468e+01
         vertex 3.665546e+01 1.122238e+02 5.089977e+01
         vertex 3.667041e+01 1.121685e+02 5.381046e+01
      endloop
   endfacet
   facet normal 5.121200e-01 8.588381e-01 1.141338e-02
      outer loop
         vertex 3.742797e+01 1.117554e+02 5.090468e+01
         vertex 3.667041e+01 1.121685e+02 5.381046e+01
         vertex 3.743679e+01 1.117120e+02 5.377274e+01
      endloop
   endfacet
   facet normal 5.129831e-01 8.543462e-01 8.331139e-02
      outer loop
         vertex 3.743679e+01 1.117120e+02 5.377274e+01
         vertex 3.667041e+01 1.121685e+02 5.381046e+01
         vertex 3.669387e+01 1.118700e+02 5.672705e+01
      endloop
   endfacet
   facet normal 5.022767e-01 8.609737e-01 8.026462e-02
      outer loop
         vertex 3.743679e+01 1.117120e+02 5.377274e+01
         vertex 3.669387e+01 1.118700e+02 5.672705e+01
         vertex 3.744951e+01 1.114364e+02 5.664915e+01
      endloop
   endfacet
   facet normal 5.036298e-01 8.501843e-01 1.534397e-01
      outer loop
         vertex 3.744951e+01 1.114364e+02 5.664915e+01
         vertex 3.669387e+01 1.118700e+02 5.672705e+01
         vertex 3.672781e+01 1.113278e+02 5.961984e+01
      endloop
   endfacet
   facet normal 4.872786e-01 8.602956e-01 1.498371e-01
      outer loop
         vertex 3.744951e+01 1.114364e+02 5.664915e+01
         vertex 3.672781e+01 1.113278e+02 5.961984e+01
         vertex 3.746658e+01 1.109292e+02 5.950609e+01
      endloop
   endfacet
   facet normal 4.890635e-01 8.475522e-01 2.060878e-01
      outer loop
         vertex 3.746658e+01 1.109292e+02 5.950609e+01
         vertex 3.672781e+01 1.113278e+02 5.961984e+01
         vertex 3.718992e+01 1.104296e+02 6.221723e+01
      endloop
   endfacet
   facet normal 6.023113e-01 7.718360e-01 2.036917e-01
      outer loop
         vertex 3.746658e+01 1.109292e+02 5.950609e+01
         vertex 3.718992e+01 1.104296e+02 6.221723e+01
         vertex 3.774464e+01 1.100358e+02 6.206926e+01
      endloop
   endfacet
   facet normal 1.744052e-01 9.137842e-01 -3.668532e-01
      outer loop
         vertex 3.582490e+01 1.101837e+02 3.940483e+01
         vertex 3.668135e+01 1.100477e+02 3.947322e+01
         vertex 3.586477e+01 1.094471e+02 3.758902e+01
      endloop
   endfacet
   facet normal 1.991479e-01 9.054186e-01 -3.749097e-01
      outer loop
         vertex 3.586477e+01 1.094471e+02 3.758902e+01
         vertex 3.668135e+01 1.100477e+02 3.947322e+01
         vertex 3.671290e+01 1.089285e+02 3.678714e+01
      endloop
   endfacet
   facet normal 1.669292e-01 8.990179e-01 -4.048475e-01
      outer loop
         vertex 3.586477e+01 1.094471e+02 3.758902e+01
         vertex 3.671290e+01 1.089285e+02 3.678714e+01
         vertex 3.588819e+01 1.090455e+02 3.670688e+01
      endloop
   endfacet
   facet normal 1.682088e-01 8.769893e-01 -4.501062e-01
      outer loop
         vertex 3.588819e+01 1.090455e+02 3.670688e+01
         vertex 3.671290e+01 1.089285e+02 3.678714e+01
         vertex 3.603976e+01 1.076905e+02 3.412347e+01
      endloop
   endfacet
   facet normal 1.224686e-02 8.858115e-01 -4.638836e-01
      outer loop
         vertex 3.588819e+01 1.090455e+02 3.670688e+01
         vertex 3.603976e+01 1.076905e+02 3.412347e+01
         vertex 3.597362e+01 1.076905e+02 3.412171e+01
      endloop
   endfacet
   facet normal 8.271810e-01 5.432064e-01 1.438692e-01
      outer loop
         vertex 3.804174e+01 1.096946e+02 6.195313e+01
         vertex 3.804285e+01 1.096942e+02 6.194814e+01
         vertex 3.804125e+01 1.096965e+02 6.194878e+01
      endloop
   endfacet
   facet normal 6.228400e-01 -7.063587e-01 3.363446e-01
      outer loop
         vertex 3.765731e+01 4.619716e+01 6.638098e+01
         vertex 3.777276e+01 4.621147e+01 6.619726e+01
         vertex 3.777155e+01 4.628242e+01 6.634851e+01
      endloop
   endfacet
   facet normal 6.899353e-01 -6.532052e-01 3.119491e-01
      outer loop
         vertex 3.777155e+01 4.628242e+01 6.634851e+01
         vertex 3.777276e+01 4.621147e+01 6.619726e+01
         vertex 3.798887e+01 4.639374e+01 6.610095e+01
      endloop
   endfacet
   facet normal 6.899345e-01 -6.532068e-01 3.119476e-01
      outer loop
         vertex 3.777155e+01 4.628242e+01 6.634851e+01
         vertex 3.798887e+01 4.639374e+01 6.610095e+01
         vertex 3.798749e+01 4.647433e+01 6.627274e+01
      endloop
   endfacet
   facet normal 1.246368e-02 -9.050780e-01 4.250628e-01
      outer loop
         vertex 3.616174e+01 4.570826e+01 6.651265e+01
         vertex 3.622392e+01 4.570779e+01 6.650983e+01
         vertex 3.622388e+01 4.571051e+01 6.651564e+01
      endloop
   endfacet
   facet normal 1.642751e-01 -8.923821e-01 4.203189e-01
      outer loop
         vertex 3.622388e+01 4.571051e+01 6.651564e+01
         vertex 3.622392e+01 4.570779e+01 6.650983e+01
         vertex 3.691113e+01 4.579841e+01 6.643364e+01
      endloop
   endfacet
   facet normal 1.642572e-01 -8.925310e-01 4.200096e-01
      outer loop
         vertex 3.622388e+01 4.571051e+01 6.651564e+01
         vertex 3.691113e+01 4.579841e+01 6.643364e+01
         vertex 3.691056e+01 4.583128e+01 6.650372e+01
      endloop
   endfacet
   facet normal 3.279730e-01 -8.542427e-01 4.033647e-01
      outer loop
         vertex 3.691056e+01 4.583128e+01 6.650372e+01
         vertex 3.691113e+01 4.579841e+01 6.643364e+01
         vertex 3.704835e+01 4.583893e+01 6.640788e+01
      endloop
   endfacet
   facet normal 3.279775e-01 -8.542378e-01 4.033715e-01
      outer loop
         vertex 3.691056e+01 4.583128e+01 6.650372e+01
         vertex 3.704835e+01 4.583893e+01 6.640788e+01
         vertex 3.704768e+01 4.587784e+01 6.649083e+01
      endloop
   endfacet
   facet normal 3.871311e-01 -8.335381e-01 3.941366e-01
      outer loop
         vertex 3.704768e+01 4.587784e+01 6.649083e+01
         vertex 3.704835e+01 4.583893e+01 6.640788e+01
         vertex 3.720589e+01 4.589581e+01 6.637343e+01
      endloop
   endfacet
   facet normal 4.678025e-01 -7.138211e-01 5.211720e-01
      outer loop
         vertex 3.704768e+01 4.587784e+01 6.649083e+01
         vertex 3.720589e+01 4.589581e+01 6.637343e+01
         vertex 3.765731e+01 4.619716e+01 6.638098e+01
      endloop
   endfacet
   facet normal 5.119441e-01 -7.761117e-01 3.681899e-01
      outer loop
         vertex 3.765731e+01 4.619716e+01 6.638098e+01
         vertex 3.720589e+01 4.589581e+01 6.637343e+01
         vertex 3.765844e+01 4.613129e+01 6.624056e+01
      endloop
   endfacet
   facet normal 6.228504e-01 -7.063459e-01 3.363522e-01
      outer loop
         vertex 3.765731e+01 4.619716e+01 6.638098e+01
         vertex 3.765844e+01 4.613129e+01 6.624056e+01
         vertex 3.777276e+01 4.621147e+01 6.619726e+01
      endloop
   endfacet
   facet normal 3.054341e-01 9.099110e-01 2.806635e-01
      outer loop
         vertex 3.639897e+01 1.106869e+02 6.233045e+01
         vertex 3.706150e+01 1.104910e+02 6.224447e+01
         vertex 3.706141e+01 1.104918e+02 6.224217e+01
      endloop
   endfacet
   facet normal 4.608423e-01 8.498882e-01 2.555669e-01
      outer loop
         vertex 3.706141e+01 1.104918e+02 6.224217e+01
         vertex 3.706150e+01 1.104910e+02 6.224447e+01
         vertex 3.719002e+01 1.104288e+02 6.221980e+01
      endloop
   endfacet
   facet normal 4.608551e-01 8.496961e-01 2.561819e-01
      outer loop
         vertex 3.706141e+01 1.104918e+02 6.224217e+01
         vertex 3.719002e+01 1.104288e+02 6.221980e+01
         vertex 3.718992e+01 1.104296e+02 6.221723e+01
      endloop
   endfacet
   facet normal 6.032059e-01 7.655446e-01 2.237947e-01
      outer loop
         vertex 3.718992e+01 1.104296e+02 6.221723e+01
         vertex 3.719002e+01 1.104288e+02 6.221980e+01
         vertex 3.774478e+01 1.100345e+02 6.207301e+01
      endloop
   endfacet
   facet normal 6.032003e-01 7.655985e-01 2.236254e-01
      outer loop
         vertex 3.718992e+01 1.104296e+02 6.221723e+01
         vertex 3.774478e+01 1.100345e+02 6.207301e+01
         vertex 3.774464e+01 1.100358e+02 6.206926e+01
      endloop
   endfacet
   facet normal 7.284050e-01 6.597228e-01 1.849109e-01
      outer loop
         vertex 3.774464e+01 1.100358e+02 6.206926e+01
         vertex 3.774478e+01 1.100345e+02 6.207301e+01
         vertex 3.784394e+01 1.099350e+02 6.203744e+01
      endloop
   endfacet
   facet normal 7.284095e-01 6.596435e-01 1.851759e-01
      outer loop
         vertex 3.774464e+01 1.100358e+02 6.206926e+01
         vertex 3.784394e+01 1.099350e+02 6.203744e+01
         vertex 3.784380e+01 1.099363e+02 6.203347e+01
      endloop
   endfacet
   facet normal 7.891420e-01 5.926460e-01 1.613245e-01
      outer loop
         vertex 3.784380e+01 1.099363e+02 6.203347e+01
         vertex 3.784394e+01 1.099350e+02 6.203744e+01
         vertex 3.804174e+01 1.096946e+02 6.195313e+01
      endloop
   endfacet
   facet normal 7.893278e-01 5.903023e-01 1.688337e-01
      outer loop
         vertex 3.784380e+01 1.099363e+02 6.203347e+01
         vertex 3.804174e+01 1.096946e+02 6.195313e+01
         vertex 3.804125e+01 1.096965e+02 6.194878e+01
      endloop
   endfacet
   facet normal 4.815807e-01 -7.861784e-01 3.873030e-01
      outer loop
         vertex 3.704768e+01 4.587784e+01 6.649083e+01
         vertex 3.765731e+01 4.619716e+01 6.638098e+01
         vertex 3.746322e+01 4.640721e+01 6.704869e+01
      endloop
   endfacet
   facet normal 6.864949e-01 -6.273530e-01 3.676316e-01
      outer loop
         vertex 3.777155e+01 4.628242e+01 6.634851e+01
         vertex 3.798749e+01 4.647433e+01 6.627274e+01
         vertex 3.799956e+01 4.684122e+01 6.687630e+01
      endloop
   endfacet
   facet normal 1.030592e-02 8.889885e-01 4.578135e-01
      outer loop
         vertex 3.616174e+01 1.090819e+02 6.651265e+01
         vertex 3.600278e+01 1.079204e+02 6.877154e+01
         vertex 3.622388e+01 1.090796e+02 6.651564e+01
      endloop
   endfacet
   facet normal 1.572589e-01 8.720296e-01 4.635020e-01
      outer loop
         vertex 3.622388e+01 1.090796e+02 6.651564e+01
         vertex 3.600278e+01 1.079204e+02 6.877154e+01
         vertex 3.677013e+01 1.077916e+02 6.875360e+01
      endloop
   endfacet
   facet normal 1.613581e-01 8.718628e-01 4.624054e-01
      outer loop
         vertex 3.622388e+01 1.090796e+02 6.651564e+01
         vertex 3.677013e+01 1.077916e+02 6.875360e+01
         vertex 3.691056e+01 1.089589e+02 6.650372e+01
      endloop
   endfacet
   facet normal 3.246524e-01 8.311315e-01 4.514657e-01
      outer loop
         vertex 3.691056e+01 1.089589e+02 6.650372e+01
         vertex 3.677013e+01 1.077916e+02 6.875360e+01
         vertex 3.704768e+01 1.089123e+02 6.649083e+01
      endloop
   endfacet
   facet normal 4.523832e-01 7.758619e-01 4.397588e-01
      outer loop
         vertex 3.704768e+01 1.089123e+02 6.649083e+01
         vertex 3.677013e+01 1.077916e+02 6.875360e+01
         vertex 3.746312e+01 1.074639e+02 6.861886e+01
      endloop
   endfacet
   facet normal 4.786444e-01 7.664861e-01 4.282506e-01
      outer loop
         vertex 3.704768e+01 1.089123e+02 6.649083e+01
         vertex 3.746312e+01 1.074639e+02 6.861886e+01
         vertex 3.765731e+01 1.085930e+02 6.638098e+01
      endloop
   endfacet
   facet normal 6.188963e-01 6.783666e-01 3.959622e-01
      outer loop
         vertex 3.765731e+01 1.085930e+02 6.638098e+01
         vertex 3.746312e+01 1.074639e+02 6.861886e+01
         vertex 3.777155e+01 1.085077e+02 6.634851e+01
      endloop
   endfacet
   facet normal 7.037554e-01 6.043606e-01 3.734656e-01
      outer loop
         vertex 3.777155e+01 1.085077e+02 6.634851e+01
         vertex 3.746312e+01 1.074639e+02 6.861886e+01
         vertex 3.801456e+01 1.069691e+02 6.838038e+01
      endloop
   endfacet
   facet normal 6.847464e-01 6.180827e-01 3.861297e-01
      outer loop
         vertex 3.777155e+01 1.085077e+02 6.634851e+01
         vertex 3.801456e+01 1.069691e+02 6.838038e+01
         vertex 3.798749e+01 1.083158e+02 6.627274e+01
      endloop
   endfacet
   facet normal 3.260595e-01 -8.404249e-01 4.328640e-01
      outer loop
         vertex 3.681782e+01 4.612246e+01 6.713891e+01
         vertex 3.691056e+01 4.583128e+01 6.650372e+01
         vertex 3.704768e+01 4.587784e+01 6.649083e+01
      endloop
   endfacet
   facet normal 1.185732e-02 -9.006665e-01 4.343492e-01
      outer loop
         vertex 3.611560e+01 4.601002e+01 6.713965e+01
         vertex 3.616174e+01 4.570826e+01 6.651265e+01
         vertex 3.622388e+01 4.571051e+01 6.651564e+01
      endloop
   endfacet
   facet normal 6.190965e-01 -6.794908e-01 3.937153e-01
      outer loop
         vertex 3.765731e+01 4.619716e+01 6.638098e+01
         vertex 3.777155e+01 4.628242e+01 6.634851e+01
         vertex 3.746322e+01 4.640721e+01 6.704869e+01
      endloop
   endfacet
   facet normal 6.506522e-01 -6.446184e-01 4.013962e-01
      outer loop
         vertex 3.746322e+01 4.640721e+01 6.704869e+01
         vertex 3.777155e+01 4.628242e+01 6.634851e+01
         vertex 3.799956e+01 4.684122e+01 6.687630e+01
      endloop
   endfacet
   facet normal 6.517375e-01 -6.504778e-01 3.900216e-01
      outer loop
         vertex 3.746322e+01 4.640721e+01 6.704869e+01
         vertex 3.799956e+01 4.684122e+01 6.687630e+01
         vertex 3.746053e+01 4.771534e+01 6.923489e+01
      endloop
   endfacet
   facet normal 6.970007e-01 -6.057250e-01 3.837802e-01
      outer loop
         vertex 3.746053e+01 4.771534e+01 6.923489e+01
         vertex 3.799956e+01 4.684122e+01 6.687630e+01
         vertex 3.801348e+01 4.765345e+01 6.813297e+01
      endloop
   endfacet
   facet normal 1.388126e-01 -8.637724e-01 4.843844e-01
      outer loop
         vertex 3.675163e+01 4.737323e+01 6.938830e+01
         vertex 3.611560e+01 4.601002e+01 6.713965e+01
         vertex 3.681782e+01 4.612246e+01 6.713891e+01
      endloop
   endfacet
   facet normal 1.417899e-01 -8.826040e-01 4.482252e-01
      outer loop
         vertex 3.681782e+01 4.612246e+01 6.713891e+01
         vertex 3.611560e+01 4.601002e+01 6.713965e+01
         vertex 3.622388e+01 4.571051e+01 6.651564e+01
      endloop
   endfacet
   facet normal 1.635644e-01 -8.875333e-01 4.307334e-01
      outer loop
         vertex 3.681782e+01 4.612246e+01 6.713891e+01
         vertex 3.622388e+01 4.571051e+01 6.651564e+01
         vertex 3.691056e+01 4.583128e+01 6.650372e+01
      endloop
   endfacet
   facet normal 1.719506e-01 -7.810490e-01 6.003295e-01
      outer loop
         vertex 3.663662e+01 5.034181e+01 7.358506e+01
         vertex 3.583405e+01 4.863171e+01 7.159005e+01
         vertex 3.669078e+01 4.877979e+01 7.153731e+01
      endloop
   endfacet
   facet normal 1.746512e-01 -8.122842e-01 5.564991e-01
      outer loop
         vertex 3.669078e+01 4.877979e+01 7.153731e+01
         vertex 3.583405e+01 4.863171e+01 7.159005e+01
         vertex 3.587853e+01 4.809416e+01 7.079147e+01
      endloop
   endfacet
   facet normal 1.938901e-01 -8.183103e-01 5.410868e-01
      outer loop
         vertex 3.669078e+01 4.877979e+01 7.153731e+01
         vertex 3.587853e+01 4.809416e+01 7.079147e+01
         vertex 3.675163e+01 4.737323e+01 6.938830e+01
      endloop
   endfacet
   facet normal 1.588135e-01 -8.345219e-01 5.275903e-01
      outer loop
         vertex 3.675163e+01 4.737323e+01 6.938830e+01
         vertex 3.587853e+01 4.809416e+01 7.079147e+01
         vertex 3.596142e+01 4.723894e+01 6.941376e+01
      endloop
   endfacet
   facet normal 1.621248e-01 -8.634815e-01 4.776142e-01
      outer loop
         vertex 3.675163e+01 4.737323e+01 6.938830e+01
         vertex 3.596142e+01 4.723894e+01 6.941376e+01
         vertex 3.611560e+01 4.601002e+01 6.713965e+01
      endloop
   endfacet
   facet normal 7.195227e-01 -5.724261e-01 3.932117e-01
      outer loop
         vertex 3.801348e+01 4.765345e+01 6.813297e+01
         vertex 3.801518e+01 4.823008e+01 6.896931e+01
         vertex 3.746053e+01 4.771534e+01 6.923489e+01
      endloop
   endfacet
   facet normal 7.169999e-01 -5.549234e-01 4.218662e-01
      outer loop
         vertex 3.746053e+01 4.771534e+01 6.923489e+01
         vertex 3.801518e+01 4.823008e+01 6.896931e+01
         vertex 3.800086e+01 4.972414e+01 7.095893e+01
      endloop
   endfacet
   facet normal 7.681117e-01 -5.233001e-01 3.690007e-01
      outer loop
         vertex 3.746053e+01 4.771534e+01 6.923489e+01
         vertex 3.800086e+01 4.972414e+01 7.095893e+01
         vertex 3.744351e+01 4.915928e+01 7.131806e+01
      endloop
   endfacet
   facet normal 7.648965e-01 -4.857731e-01 4.230342e-01
      outer loop
         vertex 3.744351e+01 4.915928e+01 7.131806e+01
         vertex 3.800086e+01 4.972414e+01 7.095893e+01
         vertex 3.797225e+01 5.132875e+01 7.285325e+01
      endloop
   endfacet
   facet normal 8.009565e-01 -4.634449e-01 3.790613e-01
      outer loop
         vertex 3.744351e+01 4.915928e+01 7.131806e+01
         vertex 3.797225e+01 5.132875e+01 7.285325e+01
         vertex 3.741967e+01 5.074048e+01 7.330163e+01
      endloop
   endfacet
   facet normal 7.986427e-01 -4.268316e-01 4.242459e-01
      outer loop
         vertex 3.741967e+01 5.074048e+01 7.330163e+01
         vertex 3.797225e+01 5.132875e+01 7.285325e+01
         vertex 3.793894e+01 5.305408e+01 7.465179e+01
      endloop
   endfacet
   facet normal 8.246747e-01 -4.115300e-01 3.880138e-01
      outer loop
         vertex 3.741967e+01 5.074048e+01 7.330163e+01
         vertex 3.793894e+01 5.305408e+01 7.465179e+01
         vertex 3.739416e+01 5.246383e+01 7.518363e+01
      endloop
   endfacet
   facet normal 8.234174e-01 -3.815253e-01 4.200265e-01
      outer loop
         vertex 3.739416e+01 5.246383e+01 7.518363e+01
         vertex 3.793894e+01 5.305408e+01 7.465179e+01
         vertex 3.792132e+01 5.401141e+01 7.555592e+01
      endloop
   endfacet
   facet normal 8.344248e-01 -3.802091e-01 3.989692e-01
      outer loop
         vertex 3.739416e+01 5.246383e+01 7.518363e+01
         vertex 3.792132e+01 5.401141e+01 7.555592e+01
         vertex 3.738105e+01 5.342720e+01 7.612911e+01
      endloop
   endfacet
   facet normal 8.336192e-01 -3.594131e-01 4.194057e-01
      outer loop
         vertex 3.738105e+01 5.342720e+01 7.612911e+01
         vertex 3.792132e+01 5.401141e+01 7.555592e+01
         vertex 3.735804e+01 5.532582e+01 7.780190e+01
      endloop
   endfacet
   facet normal 1.948324e-01 -6.552125e-01 7.298883e-01
      outer loop
         vertex 3.653162e+01 5.493912e+01 7.822954e+01
         vertex 3.560646e+01 5.287311e+01 7.662186e+01
         vertex 3.656772e+01 5.302725e+01 7.650364e+01
      endloop
   endfacet
   facet normal 1.965718e-01 -6.968267e-01 6.897768e-01
      outer loop
         vertex 3.656772e+01 5.302725e+01 7.650364e+01
         vertex 3.560646e+01 5.287311e+01 7.662186e+01
         vertex 3.564481e+01 5.190542e+01 7.563336e+01
      endloop
   endfacet
   facet normal 1.918326e-01 -6.952176e-01 6.927285e-01
      outer loop
         vertex 3.656772e+01 5.302725e+01 7.650364e+01
         vertex 3.564481e+01 5.190542e+01 7.563336e+01
         vertex 3.658963e+01 5.206100e+01 7.552785e+01
      endloop
   endfacet
   facet normal 1.927496e-01 -7.143695e-01 6.726988e-01
      outer loop
         vertex 3.658963e+01 5.206100e+01 7.552785e+01
         vertex 3.564481e+01 5.190542e+01 7.563336e+01
         vertex 3.565618e+01 5.164471e+01 7.535323e+01
      endloop
   endfacet
   facet normal 2.039871e-01 -7.306862e-01 6.515267e-01
      outer loop
         vertex 3.658963e+01 5.206100e+01 7.552785e+01
         vertex 3.565618e+01 5.164471e+01 7.535323e+01
         vertex 3.663662e+01 5.034181e+01 7.358506e+01
      endloop
   endfacet
   facet normal 1.832588e-01 -7.401405e-01 6.469995e-01
      outer loop
         vertex 3.663662e+01 5.034181e+01 7.358506e+01
         vertex 3.565618e+01 5.164471e+01 7.535323e+01
         vertex 3.572990e+01 5.018709e+01 7.366490e+01
      endloop
   endfacet
   facet normal 1.858014e-01 -7.817087e-01 5.953229e-01
      outer loop
         vertex 3.663662e+01 5.034181e+01 7.358506e+01
         vertex 3.572990e+01 5.018709e+01 7.366490e+01
         vertex 3.583405e+01 4.863171e+01 7.159005e+01
      endloop
   endfacet
   facet normal 8.425474e-01 -3.452950e-01 4.133826e-01
      outer loop
         vertex 3.792132e+01 5.401141e+01 7.555592e+01
         vertex 3.789889e+01 5.532271e+01 7.669695e+01
         vertex 3.735804e+01 5.532582e+01 7.780190e+01
      endloop
   endfacet
   facet normal 8.490203e-01 -3.251109e-01 4.164942e-01
      outer loop
         vertex 3.735804e+01 5.532582e+01 7.780190e+01
         vertex 3.789889e+01 5.532271e+01 7.669695e+01
         vertex 3.788989e+01 5.588787e+01 7.715645e+01
      endloop
   endfacet
   facet normal 8.482632e-01 -3.078324e-01 4.309162e-01
      outer loop
         vertex 3.735804e+01 5.532582e+01 7.780190e+01
         vertex 3.788989e+01 5.588787e+01 7.715645e+01
         vertex 3.786170e+01 5.786421e+01 7.862378e+01
      endloop
   endfacet
   facet normal 8.614010e-01 -2.723415e-01 4.287406e-01
      outer loop
         vertex 3.784635e+01 5.912008e+01 7.945236e+01
         vertex 3.732028e+01 5.945772e+01 8.072378e+01
         vertex 3.786170e+01 5.786421e+01 7.862378e+01
      endloop
   endfacet
   facet normal 8.600275e-01 -2.745678e-01 4.300758e-01
      outer loop
         vertex 3.786170e+01 5.786421e+01 7.862378e+01
         vertex 3.732028e+01 5.945772e+01 8.072378e+01
         vertex 3.733767e+01 5.733606e+01 7.933450e+01
      endloop
   endfacet
   facet normal 8.605895e-01 -3.032413e-01 4.091826e-01
      outer loop
         vertex 3.786170e+01 5.786421e+01 7.862378e+01
         vertex 3.733767e+01 5.733606e+01 7.933450e+01
         vertex 3.735804e+01 5.532582e+01 7.780190e+01
      endloop
   endfacet
   facet normal 2.048958e-01 -5.409509e-01 8.157143e-01
      outer loop
         vertex 3.647664e+01 5.912197e+01 8.124280e+01
         vertex 3.549476e+01 5.683162e+01 7.997056e+01
         vertex 3.650148e+01 5.697127e+01 7.981030e+01
      endloop
   endfacet
   facet normal 2.060265e-01 -5.850552e-01 7.843873e-01
      outer loop
         vertex 3.650148e+01 5.697127e+01 7.981030e+01
         vertex 3.549476e+01 5.683162e+01 7.997056e+01
         vertex 3.551606e+01 5.589761e+01 7.926831e+01
      endloop
   endfacet
   facet normal 2.256202e-01 -5.960695e-01 7.705820e-01
      outer loop
         vertex 3.650148e+01 5.697127e+01 7.981030e+01
         vertex 3.551606e+01 5.589761e+01 7.926831e+01
         vertex 3.653162e+01 5.493912e+01 7.822954e+01
      endloop
   endfacet
   facet normal 2.009940e-01 -6.141363e-01 7.631763e-01
      outer loop
         vertex 3.653162e+01 5.493912e+01 7.822954e+01
         vertex 3.551606e+01 5.589761e+01 7.926831e+01
         vertex 3.554489e+01 5.479062e+01 7.836991e+01
      endloop
   endfacet
   facet normal 2.021789e-01 -6.562310e-01 7.269695e-01
      outer loop
         vertex 3.653162e+01 5.493912e+01 7.822954e+01
         vertex 3.554489e+01 5.479062e+01 7.836991e+01
         vertex 3.560646e+01 5.287311e+01 7.662186e+01
      endloop
   endfacet
   facet normal 2.147600e-01 -3.314374e-01 9.187096e-01
      outer loop
         vertex 3.537421e+01 6.603058e+01 8.475201e+01
         vertex 3.538311e+01 6.490098e+01 8.434241e+01
         vertex 3.643263e+01 6.499175e+01 8.412981e+01
      endloop
   endfacet
   facet normal 2.150958e-01 -3.804645e-01 8.994335e-01
      outer loop
         vertex 3.643263e+01 6.499175e+01 8.412981e+01
         vertex 3.538311e+01 6.490098e+01 8.434241e+01
         vertex 3.540634e+01 6.251029e+01 8.332558e+01
      endloop
   endfacet
   facet normal 2.125210e-01 -3.797022e-01 9.003672e-01
      outer loop
         vertex 3.643263e+01 6.499175e+01 8.412981e+01
         vertex 3.540634e+01 6.251029e+01 8.332558e+01
         vertex 3.644719e+01 6.261701e+01 8.312490e+01
      endloop
   endfacet
   facet normal 2.132340e-01 -4.307720e-01 8.769075e-01
      outer loop
         vertex 3.644719e+01 6.261701e+01 8.312490e+01
         vertex 3.540634e+01 6.251029e+01 8.332558e+01
         vertex 3.542098e+01 6.127619e+01 8.271578e+01
      endloop
   endfacet
   facet normal 2.115862e-01 -4.297808e-01 8.777925e-01
      outer loop
         vertex 3.644719e+01 6.261701e+01 8.312490e+01
         vertex 3.542098e+01 6.127619e+01 8.271578e+01
         vertex 3.645629e+01 6.139072e+01 8.252230e+01
      endloop
   endfacet
   facet normal 2.119713e-01 -4.554541e-01 8.646559e-01
      outer loop
         vertex 3.645629e+01 6.139072e+01 8.252230e+01
         vertex 3.542098e+01 6.127619e+01 8.271578e+01
         vertex 3.542803e+01 6.073690e+01 8.242998e+01
      endloop
   endfacet
   facet normal 2.269767e-01 -4.768656e-01 8.491648e-01
      outer loop
         vertex 3.645629e+01 6.139072e+01 8.252230e+01
         vertex 3.542803e+01 6.073690e+01 8.242998e+01
         vertex 3.647664e+01 5.912197e+01 8.124280e+01
      endloop
   endfacet
   facet normal 2.086517e-01 -4.876966e-01 8.477125e-01
      outer loop
         vertex 3.647664e+01 5.912197e+01 8.124280e+01
         vertex 3.542803e+01 6.073690e+01 8.242998e+01
         vertex 3.545402e+01 5.899382e+01 8.142078e+01
      endloop
   endfacet
   facet normal 2.095589e-01 -5.419299e-01 8.138778e-01
      outer loop
         vertex 3.647664e+01 5.912197e+01 8.124280e+01
         vertex 3.545402e+01 5.899382e+01 8.142078e+01
         vertex 3.549476e+01 5.683162e+01 7.997056e+01
      endloop
   endfacet
   facet normal 8.691664e-01 -2.507651e-01 4.262238e-01
      outer loop
         vertex 3.784635e+01 5.912008e+01 7.945236e+01
         vertex 3.783730e+01 5.994231e+01 7.995457e+01
         vertex 3.732028e+01 5.945772e+01 8.072378e+01
      endloop
   endfacet
   facet normal 8.686215e-01 -2.307722e-01 4.384529e-01
      outer loop
         vertex 3.732028e+01 5.945772e+01 8.072378e+01
         vertex 3.783730e+01 5.994231e+01 7.995457e+01
         vertex 3.781659e+01 6.212438e+01 8.114409e+01
      endloop
   endfacet
   facet normal 8.760215e-01 -2.298662e-01 4.239668e-01
      outer loop
         vertex 3.732028e+01 5.945772e+01 8.072378e+01
         vertex 3.781659e+01 6.212438e+01 8.114409e+01
         vertex 3.730568e+01 6.169145e+01 8.196505e+01
      endloop
   endfacet
   facet normal 8.757402e-01 -2.019228e-01 4.385275e-01
      outer loop
         vertex 3.730568e+01 6.169145e+01 8.196505e+01
         vertex 3.781659e+01 6.212438e+01 8.114409e+01
         vertex 3.780713e+01 6.330062e+01 8.170460e+01
      endloop
   endfacet
   facet normal 8.789439e-01 -2.041346e-01 4.310299e-01
      outer loop
         vertex 3.730568e+01 6.169145e+01 8.196505e+01
         vertex 3.780713e+01 6.330062e+01 8.170460e+01
         vertex 3.729902e+01 6.289743e+01 8.254976e+01
      endloop
   endfacet
   facet normal 8.785036e-01 -1.766594e-01 4.438726e-01
      outer loop
         vertex 3.729902e+01 6.289743e+01 8.254976e+01
         vertex 3.780713e+01 6.330062e+01 8.170460e+01
         vertex 3.779175e+01 6.557356e+01 8.263965e+01
      endloop
   endfacet
   facet normal 8.834049e-01 -1.772237e-01 4.338059e-01
      outer loop
         vertex 3.729902e+01 6.289743e+01 8.254976e+01
         vertex 3.779175e+01 6.557356e+01 8.263965e+01
         vertex 3.728821e+01 6.523066e+01 8.352498e+01
      endloop
   endfacet
   facet normal 8.830879e-01 -1.429307e-01 4.469078e-01
      outer loop
         vertex 3.728821e+01 6.523066e+01 8.352498e+01
         vertex 3.779175e+01 6.557356e+01 8.263965e+01
         vertex 3.777970e+01 6.790474e+01 8.340902e+01
      endloop
   endfacet
   facet normal 8.867841e-01 -1.439444e-01 4.391970e-01
      outer loop
         vertex 3.728821e+01 6.523066e+01 8.352498e+01
         vertex 3.777970e+01 6.790474e+01 8.340902e+01
         vertex 3.727981e+01 6.762660e+01 8.432720e+01
      endloop
   endfacet
   facet normal 8.865525e-01 -1.098875e-01 4.493878e-01
      outer loop
         vertex 3.727981e+01 6.762660e+01 8.432720e+01
         vertex 3.777970e+01 6.790474e+01 8.340902e+01
         vertex 3.777071e+01 7.029309e+01 8.401078e+01
      endloop
   endfacet
   facet normal 2.529409e-01 -2.942897e-01 9.216368e-01
      outer loop
         vertex 3.537421e+01 6.603058e+01 8.475201e+01
         vertex 3.643263e+01 6.499175e+01 8.412981e+01
         vertex 3.536524e+01 6.735903e+01 8.517865e+01
      endloop
   endfacet
   facet normal 2.164450e-01 -3.122429e-01 9.250167e-01
      outer loop
         vertex 3.536524e+01 6.735903e+01 8.517865e+01
         vertex 3.643263e+01 6.499175e+01 8.412981e+01
         vertex 3.642141e+01 6.743258e+01 8.495635e+01
      endloop
   endfacet
   facet normal 2.159759e-01 -2.432989e-01 9.456004e-01
      outer loop
         vertex 3.536524e+01 6.735903e+01 8.517865e+01
         vertex 3.642141e+01 6.743258e+01 8.495635e+01
         vertex 3.641315e+01 6.993683e+01 8.560257e+01
      endloop
   endfacet
   facet normal 8.892273e-01 -7.861967e-02 4.506592e-01
      outer loop
         vertex 3.776475e+01 7.249046e+01 8.440588e+01
         vertex 3.726903e+01 7.259885e+01 8.540294e+01
         vertex 3.777071e+01 7.029309e+01 8.401078e+01
      endloop
   endfacet
   facet normal 8.891254e-01 -7.874954e-02 4.508376e-01
      outer loop
         vertex 3.777071e+01 7.029309e+01 8.401078e+01
         vertex 3.726903e+01 7.259885e+01 8.540294e+01
         vertex 3.727359e+01 7.008331e+01 8.495453e+01
      endloop
   endfacet
   facet normal 8.892552e-01 -1.110570e-01 4.437246e-01
      outer loop
         vertex 3.777071e+01 7.029309e+01 8.401078e+01
         vertex 3.727359e+01 7.008331e+01 8.495453e+01
         vertex 3.727981e+01 6.762660e+01 8.432720e+01
      endloop
   endfacet
   facet normal 2.186101e-01 -1.350987e-02 9.757188e-01
      outer loop
         vertex 3.533590e+01 7.739507e+01 8.664840e+01
         vertex 3.533614e+01 7.642210e+01 8.663488e+01
         vertex 3.640288e+01 7.642934e+01 8.639598e+01
      endloop
   endfacet
   facet normal 2.185151e-01 -6.304147e-02 9.737951e-01
      outer loop
         vertex 3.640288e+01 7.642934e+01 8.639598e+01
         vertex 3.533614e+01 7.642210e+01 8.663488e+01
         vertex 3.533942e+01 7.382926e+01 8.646629e+01
      endloop
   endfacet
   facet normal 2.181671e-01 -6.289678e-02 9.738825e-01
      outer loop
         vertex 3.640288e+01 7.642934e+01 8.639598e+01
         vertex 3.533942e+01 7.382926e+01 8.646629e+01
         vertex 3.640501e+01 7.385587e+01 8.622929e+01
      endloop
   endfacet
   facet normal 2.183912e-01 -1.179280e-01 9.687096e-01
      outer loop
         vertex 3.640501e+01 7.385587e+01 8.622929e+01
         vertex 3.533942e+01 7.382926e+01 8.646629e+01
         vertex 3.534277e+01 7.246538e+01 8.629950e+01
      endloop
   endfacet
   facet normal 2.180405e-01 -1.176545e-01 9.688218e-01
      outer loop
         vertex 3.640501e+01 7.385587e+01 8.622929e+01
         vertex 3.534277e+01 7.246538e+01 8.629950e+01
         vertex 3.640720e+01 7.250210e+01 8.606440e+01
      endloop
   endfacet
   facet normal 2.181606e-01 -1.483971e-01 9.645643e-01
      outer loop
         vertex 3.640720e+01 7.250210e+01 8.606440e+01
         vertex 3.534277e+01 7.246538e+01 8.629950e+01
         vertex 3.534533e+01 7.163426e+01 8.617105e+01
      endloop
   endfacet
   facet normal 2.363300e-01 -1.716326e-01 9.563945e-01
      outer loop
         vertex 3.640720e+01 7.250210e+01 8.606440e+01
         vertex 3.534533e+01 7.163426e+01 8.617105e+01
         vertex 3.641315e+01 6.993683e+01 8.560257e+01
      endloop
   endfacet
   facet normal 2.172392e-01 -1.843639e-01 9.585495e-01
      outer loop
         vertex 3.641315e+01 6.993683e+01 8.560257e+01
         vertex 3.534533e+01 7.163426e+01 8.617105e+01
         vertex 3.535206e+01 6.988133e+01 8.583237e+01
      endloop
   endfacet
   facet normal 2.174428e-01 -2.438179e-01 9.451304e-01
      outer loop
         vertex 3.641315e+01 6.993683e+01 8.560257e+01
         vertex 3.535206e+01 6.988133e+01 8.583237e+01
         vertex 3.536524e+01 6.735903e+01 8.517865e+01
      endloop
   endfacet
   facet normal 8.909992e-01 -6.207340e-02 4.497415e-01
      outer loop
         vertex 3.776475e+01 7.249046e+01 8.440588e+01
         vertex 3.776420e+01 7.273722e+01 8.444102e+01
         vertex 3.726903e+01 7.259885e+01 8.540294e+01
      endloop
   endfacet
   facet normal 8.909310e-01 -5.212497e-02 4.511374e-01
      outer loop
         vertex 3.726903e+01 7.259885e+01 8.540294e+01
         vertex 3.776420e+01 7.273722e+01 8.444102e+01
         vertex 3.776181e+01 7.402627e+01 8.459468e+01
      endloop
   endfacet
   facet normal 8.915604e-01 -5.311270e-02 4.497768e-01
      outer loop
         vertex 3.726903e+01 7.259885e+01 8.540294e+01
         vertex 3.776181e+01 7.402627e+01 8.459468e+01
         vertex 3.726731e+01 7.392600e+01 8.556306e+01
      endloop
   endfacet
   facet normal 8.914200e-01 -2.783216e-02 4.523226e-01
      outer loop
         vertex 3.726731e+01 7.392600e+01 8.556306e+01
         vertex 3.776181e+01 7.402627e+01 8.459468e+01
         vertex 3.775948e+01 7.647586e+01 8.475001e+01
      endloop
   endfacet
   facet normal 8.920431e-01 -2.835507e-02 4.510599e-01
      outer loop
         vertex 3.726731e+01 7.392600e+01 8.556306e+01
         vertex 3.775948e+01 7.647586e+01 8.475001e+01
         vertex 3.726565e+01 7.644847e+01 8.572492e+01
      endloop
   endfacet
   facet normal 8.921326e-01 -5.961536e-03 4.517342e-01
      outer loop
         vertex 3.726565e+01 7.644847e+01 8.572492e+01
         vertex 3.775948e+01 7.647586e+01 8.475001e+01
         vertex 3.775931e+01 7.739508e+01 8.476248e+01
      endloop
   endfacet
   facet normal 8.881117e-01 4.141859e-03 4.596090e-01
      outer loop
         vertex 3.726565e+01 7.644847e+01 8.572492e+01
         vertex 3.775931e+01 7.739508e+01 8.476248e+01
         vertex 3.726587e+01 7.897466e+01 8.570173e+01
      endloop
   endfacet
   facet normal 2.492926e-01 2.236248e-02 9.681700e-01
      outer loop
         vertex 3.533590e+01 7.739507e+01 8.664840e+01
         vertex 3.640288e+01 7.642934e+01 8.639598e+01
         vertex 3.533659e+01 7.901870e+01 8.661072e+01
      endloop
   endfacet
   facet normal 2.184233e-01 9.016855e-03 9.758125e-01
      outer loop
         vertex 3.533659e+01 7.901870e+01 8.661072e+01
         vertex 3.640288e+01 7.642934e+01 8.639598e+01
         vertex 3.640317e+01 7.900661e+01 8.637210e+01
      endloop
   endfacet
   facet normal 2.184921e-01 8.097350e-02 9.724734e-01
      outer loop
         vertex 3.533659e+01 7.901870e+01 8.661072e+01
         vertex 3.640317e+01 7.900661e+01 8.637210e+01
         vertex 3.640597e+01 8.158397e+01 8.615686e+01
      endloop
   endfacet
   facet normal 8.920144e-01 9.946363e-03 4.518976e-01
      outer loop
         vertex 3.775931e+01 7.739508e+01 8.476248e+01
         vertex 3.775979e+01 7.892896e+01 8.472776e+01
         vertex 3.726587e+01 7.897466e+01 8.570173e+01
      endloop
   endfacet
   facet normal 8.919761e-01 3.572689e-02 4.506686e-01
      outer loop
         vertex 3.726587e+01 7.897466e+01 8.570173e+01
         vertex 3.775979e+01 7.892896e+01 8.472776e+01
         vertex 3.776286e+01 8.138245e+01 8.452718e+01
      endloop
   endfacet
   facet normal 8.911709e-01 3.663340e-02 4.521862e-01
      outer loop
         vertex 3.726587e+01 7.897466e+01 8.570173e+01
         vertex 3.776286e+01 8.138245e+01 8.452718e+01
         vertex 3.726806e+01 8.150104e+01 8.549272e+01
      endloop
   endfacet
   facet normal 8.913253e-01 5.763517e-02 4.496860e-01
      outer loop
         vertex 3.726806e+01 8.150104e+01 8.549272e+01
         vertex 3.776286e+01 8.138245e+01 8.452718e+01
         vertex 3.776475e+01 8.229971e+01 8.440588e+01
      endloop
   endfacet
   facet normal 8.866435e-01 7.055404e-02 4.570399e-01
      outer loop
         vertex 3.726806e+01 8.150104e+01 8.549272e+01
         vertex 3.776475e+01 8.229971e+01 8.440588e+01
         vertex 3.727219e+01 8.402512e+01 8.509506e+01
      endloop
   endfacet
   facet normal 8.897444e-01 7.408898e-02 4.504061e-01
      outer loop
         vertex 3.776475e+01 8.229971e+01 8.440588e+01
         vertex 3.776870e+01 8.383458e+01 8.414561e+01
         vertex 3.727219e+01 8.402512e+01 8.509506e+01
      endloop
   endfacet
   facet normal 8.898552e-01 9.227742e-02 4.468138e-01
      outer loop
         vertex 3.727219e+01 8.402512e+01 8.509506e+01
         vertex 3.776870e+01 8.383458e+01 8.414561e+01
         vertex 3.777268e+01 8.509113e+01 8.387817e+01
      endloop
   endfacet
   facet normal 8.887064e-01 9.481627e-02 4.485653e-01
      outer loop
         vertex 3.727219e+01 8.402512e+01 8.509506e+01
         vertex 3.777268e+01 8.509113e+01 8.387817e+01
         vertex 3.727496e+01 8.531806e+01 8.481629e+01
      endloop
   endfacet
   facet normal 8.887241e-01 1.191333e-01 4.426925e-01
      outer loop
         vertex 3.727496e+01 8.531806e+01 8.481629e+01
         vertex 3.777268e+01 8.509113e+01 8.387817e+01
         vertex 3.728164e+01 8.775615e+01 8.414675e+01
      endloop
   endfacet
   facet normal 2.161034e-01 3.056318e-01 9.273018e-01
      outer loop
         vertex 3.537421e+01 8.875956e+01 8.475201e+01
         vertex 3.536915e+01 8.803931e+01 8.499057e+01
         vertex 3.642386e+01 8.796144e+01 8.477044e+01
      endloop
   endfacet
   facet normal 2.156563e-01 2.610945e-01 9.409155e-01
      outer loop
         vertex 3.642386e+01 8.796144e+01 8.477044e+01
         vertex 3.536915e+01 8.803931e+01 8.499057e+01
         vertex 3.535493e+01 8.553650e+01 8.568834e+01
      endloop
   endfacet
   facet normal 2.172298e-01 2.603427e-01 9.407619e-01
      outer loop
         vertex 3.642386e+01 8.796144e+01 8.477044e+01
         vertex 3.535493e+01 8.553650e+01 8.568834e+01
         vertex 3.641495e+01 8.547648e+01 8.546018e+01
      endloop
   endfacet
   facet normal 2.170569e-01 2.076880e-01 9.538092e-01
      outer loop
         vertex 3.641495e+01 8.547648e+01 8.546018e+01
         vertex 3.535493e+01 8.553650e+01 8.568834e+01
         vertex 3.534916e+01 8.420867e+01 8.597878e+01
      endloop
   endfacet
   facet normal 2.176862e-01 2.071483e-01 9.537831e-01
      outer loop
         vertex 3.641495e+01 8.547648e+01 8.546018e+01
         vertex 3.534916e+01 8.420867e+01 8.597878e+01
         vertex 3.641131e+01 8.415823e+01 8.574732e+01
      endloop
   endfacet
   facet normal 2.175612e-01 1.745892e-01 9.603050e-01
      outer loop
         vertex 3.641131e+01 8.415823e+01 8.574732e+01
         vertex 3.534916e+01 8.420867e+01 8.597878e+01
         vertex 3.534533e+01 8.315588e+01 8.617105e+01
      endloop
   endfacet
   facet normal 2.382656e-01 1.521095e-01 9.592144e-01
      outer loop
         vertex 3.641131e+01 8.415823e+01 8.574732e+01
         vertex 3.534533e+01 8.315588e+01 8.617105e+01
         vertex 3.640597e+01 8.158397e+01 8.615686e+01
      endloop
   endfacet
   facet normal 2.182865e-01 1.385674e-01 9.659969e-01
      outer loop
         vertex 3.640597e+01 8.158397e+01 8.615686e+01
         vertex 3.534533e+01 8.315588e+01 8.617105e+01
         vertex 3.534089e+01 8.161545e+01 8.639302e+01
      endloop
   endfacet
   facet normal 2.180446e-01 8.117482e-02 9.725570e-01
      outer loop
         vertex 3.640597e+01 8.158397e+01 8.615686e+01
         vertex 3.534089e+01 8.161545e+01 8.639302e+01
         vertex 3.533659e+01 7.901870e+01 8.661072e+01
      endloop
   endfacet
   facet normal 8.824672e-01 1.166721e-01 4.556744e-01
      outer loop
         vertex 3.777268e+01 8.509113e+01 8.387817e+01
         vertex 3.778031e+01 8.702211e+01 8.336897e+01
         vertex 3.728164e+01 8.775615e+01 8.414675e+01
      endloop
   endfacet
   facet normal 8.860195e-01 1.304970e-01 4.449045e-01
      outer loop
         vertex 3.728164e+01 8.775615e+01 8.414675e+01
         vertex 3.778031e+01 8.702211e+01 8.336897e+01
         vertex 3.778235e+01 8.746177e+01 8.323595e+01
      endloop
   endfacet
   facet normal 8.860725e-01 1.485972e-01 4.390836e-01
      outer loop
         vertex 3.728164e+01 8.775615e+01 8.414675e+01
         vertex 3.778235e+01 8.746177e+01 8.323595e+01
         vertex 3.779521e+01 8.977944e+01 8.242564e+01
      endloop
   endfacet
   facet normal 8.724630e-01 1.847791e-01 4.523992e-01
      outer loop
         vertex 3.780723e+01 9.150282e+01 8.169856e+01
         vertex 3.730206e+01 9.245989e+01 8.228189e+01
         vertex 3.779521e+01 8.977944e+01 8.242564e+01
      endloop
   endfacet
   facet normal 8.824171e-01 1.855347e-01 4.323389e-01
      outer loop
         vertex 3.779521e+01 8.977944e+01 8.242564e+01
         vertex 3.730206e+01 9.245989e+01 8.228189e+01
         vertex 3.729064e+01 9.013757e+01 8.330179e+01
      endloop
   endfacet
   facet normal 8.821640e-01 1.545141e-01 4.448731e-01
      outer loop
         vertex 3.779521e+01 8.977944e+01 8.242564e+01
         vertex 3.729064e+01 9.013757e+01 8.330179e+01
         vertex 3.728164e+01 8.775615e+01 8.414675e+01
      endloop
   endfacet
   facet normal 2.405867e-01 3.374336e-01 9.100860e-01
      outer loop
         vertex 3.537421e+01 8.875956e+01 8.475201e+01
         vertex 3.642386e+01 8.796144e+01 8.477044e+01
         vertex 3.538828e+01 9.048182e+01 8.410972e+01
      endloop
   endfacet
   facet normal 2.140373e-01 3.290544e-01 9.197343e-01
      outer loop
         vertex 3.538828e+01 9.048182e+01 8.410972e+01
         vertex 3.642386e+01 8.796144e+01 8.477044e+01
         vertex 3.643588e+01 9.038701e+01 8.389985e+01
      endloop
   endfacet
   facet normal 2.146996e-01 3.957459e-01 8.929105e-01
      outer loop
         vertex 3.538828e+01 9.048182e+01 8.410972e+01
         vertex 3.643588e+01 9.038701e+01 8.389985e+01
         vertex 3.645133e+01 9.274997e+01 8.284885e+01
      endloop
   endfacet
   facet normal 8.573603e-01 2.795860e-01 4.321632e-01
      outer loop
         vertex 3.786815e+01 9.741117e+01 7.828270e+01
         vertex 3.734231e+01 9.794843e+01 7.897833e+01
         vertex 3.784635e+01 9.566999e+01 7.945241e+01
      endloop
   endfacet
   facet normal 8.634226e-01 2.785261e-01 4.206240e-01
      outer loop
         vertex 3.784635e+01 9.566999e+01 7.945241e+01
         vertex 3.734231e+01 9.794843e+01 7.897833e+01
         vertex 3.732422e+01 9.585637e+01 8.040078e+01
      endloop
   endfacet
   facet normal 8.671810e-01 2.560857e-01 4.271033e-01
      outer loop
         vertex 3.784635e+01 9.566999e+01 7.945241e+01
         vertex 3.732422e+01 9.585637e+01 8.040078e+01
         vertex 3.784285e+01 9.536043e+01 7.964511e+01
      endloop
   endfacet
   facet normal 8.670971e-01 2.524491e-01 4.294323e-01
      outer loop
         vertex 3.784285e+01 9.536043e+01 7.964511e+01
         vertex 3.732422e+01 9.585637e+01 8.040078e+01
         vertex 3.731594e+01 9.471947e+01 8.108584e+01
      endloop
   endfacet
   facet normal 8.712693e-01 2.426781e-01 4.266113e-01
      outer loop
         vertex 3.784285e+01 9.536043e+01 7.964511e+01
         vertex 3.731594e+01 9.471947e+01 8.108584e+01
         vertex 3.783116e+01 9.424855e+01 8.030148e+01
      endloop
   endfacet
   facet normal 8.709034e-01 2.257251e-01 4.365495e-01
      outer loop
         vertex 3.783116e+01 9.424855e+01 8.030148e+01
         vertex 3.731594e+01 9.471947e+01 8.108584e+01
         vertex 3.730206e+01 9.245989e+01 8.228189e+01
      endloop
   endfacet
   facet normal 8.776324e-01 2.148226e-01 4.285005e-01
      outer loop
         vertex 3.783116e+01 9.424855e+01 8.030148e+01
         vertex 3.730206e+01 9.245989e+01 8.228189e+01
         vertex 3.781144e+01 9.204258e+01 8.144780e+01
      endloop
   endfacet
   facet normal 8.774548e-01 1.964406e-01 4.375890e-01
      outer loop
         vertex 3.781144e+01 9.204258e+01 8.144780e+01
         vertex 3.730206e+01 9.245989e+01 8.228189e+01
         vertex 3.780723e+01 9.150282e+01 8.169856e+01
      endloop
   endfacet
   facet normal 4.127284e-01 -7.941203e-01 4.461258e-01
      outer loop
         vertex 3.704768e+01 4.587784e+01 6.649083e+01
         vertex 3.746322e+01 4.640721e+01 6.704869e+01
         vertex 3.681782e+01 4.612246e+01 6.713891e+01
      endloop
   endfacet
   facet normal 4.106102e-01 -7.822141e-01 4.685513e-01
      outer loop
         vertex 3.681782e+01 4.612246e+01 6.713891e+01
         vertex 3.746322e+01 4.640721e+01 6.704869e+01
         vertex 3.746053e+01 4.771534e+01 6.923489e+01
      endloop
   endfacet
   facet normal 4.657233e-01 -7.675148e-01 4.404803e-01
      outer loop
         vertex 3.681782e+01 4.612246e+01 6.713891e+01
         vertex 3.746053e+01 4.771534e+01 6.923489e+01
         vertex 3.675163e+01 4.737323e+01 6.938830e+01
      endloop
   endfacet
   facet normal 4.610535e-01 -7.275359e-01 5.080563e-01
      outer loop
         vertex 3.675163e+01 4.737323e+01 6.938830e+01
         vertex 3.746053e+01 4.771534e+01 6.923489e+01
         vertex 3.744351e+01 4.915928e+01 7.131806e+01
      endloop
   endfacet
   facet normal 5.022676e-01 -7.169306e-01 4.834643e-01
      outer loop
         vertex 3.675163e+01 4.737323e+01 6.938830e+01
         vertex 3.744351e+01 4.915928e+01 7.131806e+01
         vertex 3.669078e+01 4.877979e+01 7.153731e+01
      endloop
   endfacet
   facet normal 4.986757e-01 -6.748583e-01 5.439567e-01
      outer loop
         vertex 3.669078e+01 4.877979e+01 7.153731e+01
         vertex 3.744351e+01 4.915928e+01 7.131806e+01
         vertex 3.741967e+01 5.074048e+01 7.330163e+01
      endloop
   endfacet
   facet normal 5.293927e-01 -6.677261e-01 5.233405e-01
      outer loop
         vertex 3.669078e+01 4.877979e+01 7.153731e+01
         vertex 3.741967e+01 5.074048e+01 7.330163e+01
         vertex 3.663662e+01 5.034181e+01 7.358506e+01
      endloop
   endfacet
   facet normal 5.266025e-01 -6.233987e-01 5.779825e-01
      outer loop
         vertex 3.663662e+01 5.034181e+01 7.358506e+01
         vertex 3.741967e+01 5.074048e+01 7.330163e+01
         vertex 3.739416e+01 5.246383e+01 7.518363e+01
      endloop
   endfacet
   facet normal 5.498653e-01 -6.188651e-01 5.609404e-01
      outer loop
         vertex 3.663662e+01 5.034181e+01 7.358506e+01
         vertex 3.739416e+01 5.246383e+01 7.518363e+01
         vertex 3.658963e+01 5.206100e+01 7.552785e+01
      endloop
   endfacet
   facet normal 5.483316e-01 -5.819486e-01 6.005567e-01
      outer loop
         vertex 3.658963e+01 5.206100e+01 7.552785e+01
         vertex 3.739416e+01 5.246383e+01 7.518363e+01
         vertex 3.738105e+01 5.342720e+01 7.612911e+01
      endloop
   endfacet
   facet normal 5.584336e-01 -5.831501e-01 5.899897e-01
      outer loop
         vertex 3.658963e+01 5.206100e+01 7.552785e+01
         vertex 3.738105e+01 5.342720e+01 7.612911e+01
         vertex 3.656772e+01 5.302725e+01 7.650364e+01
      endloop
   endfacet
   facet normal 5.567160e-01 -5.453457e-01 6.266302e-01
      outer loop
         vertex 3.656772e+01 5.302725e+01 7.650364e+01
         vertex 3.738105e+01 5.342720e+01 7.612911e+01
         vertex 3.735804e+01 5.532582e+01 7.780190e+01
      endloop
   endfacet
   facet normal 5.721454e-01 -5.435916e-01 6.141318e-01
      outer loop
         vertex 3.656772e+01 5.302725e+01 7.650364e+01
         vertex 3.735804e+01 5.532582e+01 7.780190e+01
         vertex 3.653162e+01 5.493912e+01 7.822954e+01
      endloop
   endfacet
   facet normal 5.706285e-01 -4.942275e-01 6.558371e-01
      outer loop
         vertex 3.653162e+01 5.493912e+01 7.822954e+01
         vertex 3.735804e+01 5.532582e+01 7.780190e+01
         vertex 3.733767e+01 5.733606e+01 7.933450e+01
      endloop
   endfacet
   facet normal 5.826917e-01 -4.935820e-01 6.456370e-01
      outer loop
         vertex 3.653162e+01 5.493912e+01 7.822954e+01
         vertex 3.733767e+01 5.733606e+01 7.933450e+01
         vertex 3.650148e+01 5.697127e+01 7.981030e+01
      endloop
   endfacet
   facet normal 5.814820e-01 -4.423375e-01 6.828003e-01
      outer loop
         vertex 3.650148e+01 5.697127e+01 7.981030e+01
         vertex 3.733767e+01 5.733606e+01 7.933450e+01
         vertex 3.732028e+01 5.945772e+01 8.072378e+01
      endloop
   endfacet
   facet normal 5.910282e-01 -4.424294e-01 6.744938e-01
      outer loop
         vertex 3.650148e+01 5.697127e+01 7.981030e+01
         vertex 3.732028e+01 5.945772e+01 8.072378e+01
         vertex 3.647664e+01 5.912197e+01 8.124280e+01
      endloop
   endfacet
   facet normal 5.900612e-01 -3.892090e-01 7.073501e-01
      outer loop
         vertex 3.647664e+01 5.912197e+01 8.124280e+01
         vertex 3.732028e+01 5.945772e+01 8.072378e+01
         vertex 3.730568e+01 6.169145e+01 8.196505e+01
      endloop
   endfacet
   facet normal 5.976607e-01 -3.897715e-01 7.006282e-01
      outer loop
         vertex 3.647664e+01 5.912197e+01 8.124280e+01
         vertex 3.730568e+01 6.169145e+01 8.196505e+01
         vertex 3.645629e+01 6.139072e+01 8.252230e+01
      endloop
   endfacet
   facet normal 5.972656e-01 -3.472386e-01 7.229794e-01
      outer loop
         vertex 3.645629e+01 6.139072e+01 8.252230e+01
         vertex 3.730568e+01 6.169145e+01 8.196505e+01
         vertex 3.729902e+01 6.289743e+01 8.254976e+01
      endloop
   endfacet
   facet normal 6.005943e-01 -3.490343e-01 7.193480e-01
      outer loop
         vertex 3.645629e+01 6.139072e+01 8.252230e+01
         vertex 3.729902e+01 6.289743e+01 8.254976e+01
         vertex 3.644719e+01 6.261701e+01 8.312490e+01
      endloop
   endfacet
   facet normal 5.998812e-01 -3.061771e-01 7.391874e-01
      outer loop
         vertex 3.644719e+01 6.261701e+01 8.312490e+01
         vertex 3.729902e+01 6.289743e+01 8.254976e+01
         vertex 3.728821e+01 6.523066e+01 8.352498e+01
      endloop
   endfacet
   facet normal 6.050497e-01 -3.071325e-01 7.345641e-01
      outer loop
         vertex 3.644719e+01 6.261701e+01 8.312490e+01
         vertex 3.728821e+01 6.523066e+01 8.352498e+01
         vertex 3.643263e+01 6.499175e+01 8.412981e+01
      endloop
   endfacet
   facet normal 6.045315e-01 -2.510091e-01 7.560000e-01
      outer loop
         vertex 3.643263e+01 6.499175e+01 8.412981e+01
         vertex 3.728821e+01 6.523066e+01 8.352498e+01
         vertex 3.727981e+01 6.762660e+01 8.432720e+01
      endloop
   endfacet
   facet normal 6.084841e-01 -2.520167e-01 7.524857e-01
      outer loop
         vertex 3.643263e+01 6.499175e+01 8.412981e+01
         vertex 3.727981e+01 6.762660e+01 8.432720e+01
         vertex 3.642141e+01 6.743258e+01 8.495635e+01
      endloop
   endfacet
   facet normal 6.080964e-01 -1.949682e-01 7.695493e-01
      outer loop
         vertex 3.642141e+01 6.743258e+01 8.495635e+01
         vertex 3.727981e+01 6.762660e+01 8.432720e+01
         vertex 3.727359e+01 7.008331e+01 8.495453e+01
      endloop
   endfacet
   facet normal 6.110115e-01 -1.959071e-01 7.669976e-01
      outer loop
         vertex 3.642141e+01 6.743258e+01 8.495635e+01
         vertex 3.727359e+01 7.008331e+01 8.495453e+01
         vertex 3.641315e+01 6.993683e+01 8.560257e+01
      endloop
   endfacet
   facet normal 6.107308e-01 -1.378835e-01 7.797410e-01
      outer loop
         vertex 3.641315e+01 6.993683e+01 8.560257e+01
         vertex 3.727359e+01 7.008331e+01 8.495453e+01
         vertex 3.726903e+01 7.259885e+01 8.540294e+01
      endloop
   endfacet
   facet normal 6.127217e-01 -1.386511e-01 7.780412e-01
      outer loop
         vertex 3.641315e+01 6.993683e+01 8.560257e+01
         vertex 3.726903e+01 7.259885e+01 8.540294e+01
         vertex 3.640720e+01 7.250210e+01 8.606440e+01
      endloop
   endfacet
   facet normal 6.127759e-01 -9.387815e-02 7.846608e-01
      outer loop
         vertex 3.640720e+01 7.250210e+01 8.606440e+01
         vertex 3.726903e+01 7.259885e+01 8.540294e+01
         vertex 3.726731e+01 7.392600e+01 8.556306e+01
      endloop
   endfacet
   facet normal 6.134626e-01 -9.450862e-02 7.840483e-01
      outer loop
         vertex 3.640720e+01 7.250210e+01 8.606440e+01
         vertex 3.726731e+01 7.392600e+01 8.556306e+01
         vertex 3.640501e+01 7.385587e+01 8.622929e+01
      endloop
   endfacet
   facet normal 6.131796e-01 -5.018112e-02 7.883480e-01
      outer loop
         vertex 3.640501e+01 7.385587e+01 8.622929e+01
         vertex 3.726731e+01 7.392600e+01 8.556306e+01
         vertex 3.726565e+01 7.644847e+01 8.572492e+01
      endloop
   endfacet
   facet normal 6.138644e-01 -5.051633e-02 7.877935e-01
      outer loop
         vertex 3.640501e+01 7.385587e+01 8.622929e+01
         vertex 3.726565e+01 7.644847e+01 8.572492e+01
         vertex 3.640288e+01 7.642934e+01 8.639598e+01
      endloop
   endfacet
   facet normal 6.138351e-01 7.193160e-03 7.894015e-01
      outer loop
         vertex 3.640288e+01 7.642934e+01 8.639598e+01
         vertex 3.726565e+01 7.644847e+01 8.572492e+01
         vertex 3.726587e+01 7.897466e+01 8.570173e+01
      endloop
   endfacet
   facet normal 6.137383e-01 7.246402e-03 7.894763e-01
      outer loop
         vertex 3.640288e+01 7.642934e+01 8.639598e+01
         vertex 3.726587e+01 7.897466e+01 8.570173e+01
         vertex 3.640317e+01 7.900661e+01 8.637210e+01
      endloop
   endfacet
   facet normal 6.137967e-01 6.455849e-02 7.868201e-01
      outer loop
         vertex 3.640317e+01 7.900661e+01 8.637210e+01
         vertex 3.726587e+01 7.897466e+01 8.570173e+01
         vertex 3.726806e+01 8.150104e+01 8.549272e+01
      endloop
   endfacet
   facet normal 6.129096e-01 6.509418e-02 7.874672e-01
      outer loop
         vertex 3.640317e+01 7.900661e+01 8.637210e+01
         vertex 3.726806e+01 8.150104e+01 8.549272e+01
         vertex 3.640597e+01 8.158397e+01 8.615686e+01
      endloop
   endfacet
   facet normal 6.130621e-01 1.219714e-01 7.805625e-01
      outer loop
         vertex 3.640597e+01 8.158397e+01 8.615686e+01
         vertex 3.726806e+01 8.150104e+01 8.549272e+01
         vertex 3.727219e+01 8.402512e+01 8.509506e+01
      endloop
   endfacet
   facet normal 6.113249e-01 1.231027e-01 7.817465e-01
      outer loop
         vertex 3.640597e+01 8.158397e+01 8.615686e+01
         vertex 3.727219e+01 8.402512e+01 8.509506e+01
         vertex 3.641131e+01 8.415823e+01 8.574732e+01
      endloop
   endfacet
   facet normal 6.116977e-01 1.654866e-01 7.735891e-01
      outer loop
         vertex 3.641131e+01 8.415823e+01 8.574732e+01
         vertex 3.727219e+01 8.402512e+01 8.509506e+01
         vertex 3.727496e+01 8.531806e+01 8.481629e+01
      endloop
   endfacet
   facet normal 6.104447e-01 1.669598e-01 7.742620e-01
      outer loop
         vertex 3.641131e+01 8.415823e+01 8.574732e+01
         vertex 3.727496e+01 8.531806e+01 8.481629e+01
         vertex 3.641495e+01 8.547648e+01 8.546018e+01
      endloop
   endfacet
   facet normal 6.104871e-01 2.081814e-01 7.641767e-01
      outer loop
         vertex 3.641495e+01 8.547648e+01 8.546018e+01
         vertex 3.727496e+01 8.531806e+01 8.481629e+01
         vertex 3.728164e+01 8.775615e+01 8.414675e+01
      endloop
   endfacet
   facet normal 6.073566e-01 2.104495e-01 7.660476e-01
      outer loop
         vertex 3.641495e+01 8.547648e+01 8.546018e+01
         vertex 3.728164e+01 8.775615e+01 8.414675e+01
         vertex 3.642386e+01 8.796144e+01 8.477044e+01
      endloop
   endfacet
   facet normal 6.077549e-01 2.635062e-01 7.491318e-01
      outer loop
         vertex 3.642386e+01 8.796144e+01 8.477044e+01
         vertex 3.728164e+01 8.775615e+01 8.414675e+01
         vertex 3.729064e+01 9.013757e+01 8.330179e+01
      endloop
   endfacet
   facet normal 6.035612e-01 2.666999e-01 7.513888e-01
      outer loop
         vertex 3.642386e+01 8.796144e+01 8.477044e+01
         vertex 3.729064e+01 9.013757e+01 8.330179e+01
         vertex 3.643588e+01 9.038701e+01 8.389985e+01
      endloop
   endfacet
   facet normal 6.040775e-01 3.179564e-01 7.307490e-01
      outer loop
         vertex 3.643588e+01 9.038701e+01 8.389985e+01
         vertex 3.729064e+01 9.013757e+01 8.330179e+01
         vertex 3.730206e+01 9.245989e+01 8.228189e+01
      endloop
   endfacet
   facet normal 5.986180e-01 3.222670e-01 7.333488e-01
      outer loop
         vertex 3.643588e+01 9.038701e+01 8.389985e+01
         vertex 3.730206e+01 9.245989e+01 8.228189e+01
         vertex 3.645133e+01 9.274997e+01 8.284885e+01
      endloop
   endfacet
   facet normal 5.992654e-01 3.716398e-01 7.090591e-01
      outer loop
         vertex 3.645133e+01 9.274997e+01 8.284885e+01
         vertex 3.730206e+01 9.245989e+01 8.228189e+01
         vertex 3.731594e+01 9.471947e+01 8.108584e+01
      endloop
   endfacet
   facet normal 5.922457e-01 3.773135e-01 7.119547e-01
      outer loop
         vertex 3.645133e+01 9.274997e+01 8.284885e+01
         vertex 3.731594e+01 9.471947e+01 8.108584e+01
         vertex 3.647054e+01 9.504600e+01 8.161604e+01
      endloop
   endfacet
   facet normal 5.930108e-01 4.123989e-01 6.915673e-01
      outer loop
         vertex 3.647054e+01 9.504600e+01 8.161604e+01
         vertex 3.731594e+01 9.471947e+01 8.108584e+01
         vertex 3.732422e+01 9.585637e+01 8.040078e+01
      endloop
   endfacet
   facet normal 5.886962e-01 4.177004e-01 6.920716e-01
      outer loop
         vertex 3.647054e+01 9.504600e+01 8.161604e+01
         vertex 3.732422e+01 9.585637e+01 8.040078e+01
         vertex 3.648220e+01 9.619973e+01 8.090979e+01
      endloop
   endfacet
   facet normal 5.891852e-01 4.508212e-01 6.705379e-01
      outer loop
         vertex 3.648220e+01 9.619973e+01 8.090979e+01
         vertex 3.732422e+01 9.585637e+01 8.040078e+01
         vertex 3.734231e+01 9.794843e+01 7.897833e+01
      endloop
   endfacet
   facet normal 5.792875e-01 4.590445e-01 6.735756e-01
      outer loop
         vertex 3.648220e+01 9.619973e+01 8.090979e+01
         vertex 3.734231e+01 9.794843e+01 7.897833e+01
         vertex 3.650823e+01 9.831920e+01 7.944298e+01
      endloop
   endfacet
   facet normal 2.049541e-01 5.921150e-01 7.793547e-01
      outer loop
         vertex 3.551606e+01 9.889253e+01 7.926831e+01
         vertex 3.550591e+01 9.846124e+01 7.959865e+01
         vertex 3.650823e+01 9.831920e+01 7.944298e+01
      endloop
   endfacet
   facet normal 2.039748e-01 5.570679e-01 8.050277e-01
      outer loop
         vertex 3.650823e+01 9.831920e+01 7.944298e+01
         vertex 3.550591e+01 9.846124e+01 7.959865e+01
         vertex 3.546312e+01 9.633087e+01 8.108368e+01
      endloop
   endfacet
   facet normal 2.088160e-01 5.547945e-01 8.053564e-01
      outer loop
         vertex 3.650823e+01 9.831920e+01 7.944298e+01
         vertex 3.546312e+01 9.633087e+01 8.108368e+01
         vertex 3.648220e+01 9.619973e+01 8.090979e+01
      endloop
   endfacet
   facet normal 2.080617e-01 5.105912e-01 8.342703e-01
      outer loop
         vertex 3.648220e+01 9.619973e+01 8.090979e+01
         vertex 3.546312e+01 9.633087e+01 8.108368e+01
         vertex 3.544409e+01 9.517054e+01 8.179858e+01
      endloop
   endfacet
   facet normal 2.101895e-01 5.088847e-01 8.347795e-01
      outer loop
         vertex 3.648220e+01 9.619973e+01 8.090979e+01
         vertex 3.544409e+01 9.517054e+01 8.179858e+01
         vertex 3.647054e+01 9.504600e+01 8.161604e+01
      endloop
   endfacet
   facet normal 2.096924e-01 4.787678e-01 8.525318e-01
      outer loop
         vertex 3.647054e+01 9.504600e+01 8.161604e+01
         vertex 3.544409e+01 9.517054e+01 8.179858e+01
         vertex 3.542803e+01 9.405324e+01 8.242998e+01
      endloop
   endfacet
   facet normal 2.329325e-01 4.585269e-01 8.576103e-01
      outer loop
         vertex 3.647054e+01 9.504600e+01 8.161604e+01
         vertex 3.542803e+01 9.405324e+01 8.242998e+01
         vertex 3.645133e+01 9.274997e+01 8.284885e+01
      endloop
   endfacet
   facet normal 2.127028e-01 4.463687e-01 8.692022e-01
      outer loop
         vertex 3.645133e+01 9.274997e+01 8.284885e+01
         vertex 3.542803e+01 9.405324e+01 8.242998e+01
         vertex 3.541298e+01 9.286040e+01 8.304624e+01
      endloop
   endfacet
   facet normal 2.119784e-01 3.970587e-01 8.929779e-01
      outer loop
         vertex 3.645133e+01 9.274997e+01 8.284885e+01
         vertex 3.541298e+01 9.286040e+01 8.304624e+01
         vertex 3.538828e+01 9.048182e+01 8.410972e+01
      endloop
   endfacet
   facet normal 1.995315e-01 6.210716e-01 7.579296e-01
      outer loop
         vertex 3.555862e+01 1.004740e+02 7.796123e+01
         vertex 3.551606e+01 9.889253e+01 7.926831e+01
         vertex 3.653976e+01 1.003238e+02 7.782600e+01
      endloop
   endfacet
   facet normal 2.188049e-01 6.105412e-01 7.611596e-01
      outer loop
         vertex 3.653976e+01 1.003238e+02 7.782600e+01
         vertex 3.551606e+01 9.889253e+01 7.926831e+01
         vertex 3.650823e+01 9.831920e+01 7.944298e+01
      endloop
   endfacet
   facet normal 5.678424e-01 5.113704e-01 6.450235e-01
      outer loop
         vertex 3.653976e+01 1.003238e+02 7.782600e+01
         vertex 3.650823e+01 9.831920e+01 7.944298e+01
         vertex 3.736337e+01 9.993303e+01 7.741072e+01
      endloop
   endfacet
   facet normal 5.803567e-01 5.009761e-01 6.420351e-01
      outer loop
         vertex 3.736337e+01 9.993303e+01 7.741072e+01
         vertex 3.650823e+01 9.831920e+01 7.944298e+01
         vertex 3.734231e+01 9.794843e+01 7.897833e+01
      endloop
   endfacet
   facet normal 8.453947e-01 3.255313e-01 4.234823e-01
      outer loop
         vertex 3.736337e+01 9.993303e+01 7.741072e+01
         vertex 3.734231e+01 9.794843e+01 7.897833e+01
         vertex 3.789722e+01 9.936446e+01 7.678207e+01
      endloop
   endfacet
   facet normal 8.580937e-01 3.047431e-01 4.132878e-01
      outer loop
         vertex 3.789722e+01 9.936446e+01 7.678207e+01
         vertex 3.734231e+01 9.794843e+01 7.897833e+01
         vertex 3.786815e+01 9.741117e+01 7.828270e+01
      endloop
   endfacet
   facet normal 8.460289e-01 3.441703e-01 4.071632e-01
      outer loop
         vertex 3.789722e+01 9.936446e+01 7.678207e+01
         vertex 3.792935e+01 1.012215e+02 7.514556e+01
         vertex 3.736337e+01 9.993303e+01 7.741072e+01
      endloop
   endfacet
   facet normal 8.292343e-01 3.708478e-01 4.181416e-01
      outer loop
         vertex 3.736337e+01 9.993303e+01 7.741072e+01
         vertex 3.792935e+01 1.012215e+02 7.514556e+01
         vertex 3.738701e+01 1.018090e+02 7.570004e+01
      endloop
   endfacet
   facet normal 5.691285e-01 5.501050e-01 6.111278e-01
      outer loop
         vertex 3.736337e+01 9.993303e+01 7.741072e+01
         vertex 3.738701e+01 1.018090e+02 7.570004e+01
         vertex 3.653976e+01 1.003238e+02 7.782600e+01
      endloop
   endfacet
   facet normal 5.530905e-01 5.632213e-01 6.138996e-01
      outer loop
         vertex 3.653976e+01 1.003238e+02 7.782600e+01
         vertex 3.738701e+01 1.018090e+02 7.570004e+01
         vertex 3.657752e+01 1.022107e+02 7.606083e+01
      endloop
   endfacet
   facet normal 2.009826e-01 6.670672e-01 7.173754e-01
      outer loop
         vertex 3.653976e+01 1.003238e+02 7.782600e+01
         vertex 3.657752e+01 1.022107e+02 7.606083e+01
         vertex 3.555862e+01 1.004740e+02 7.796123e+01
      endloop
   endfacet
   facet normal 2.362651e-01 7.237156e-01 6.483938e-01
      outer loop
         vertex 3.570396e+01 1.041314e+02 7.423528e+01
         vertex 3.565618e+01 1.031455e+02 7.535321e+01
         vertex 3.657752e+01 1.022107e+02 7.606083e+01
      endloop
   endfacet
   facet normal 1.949708e-01 7.068847e-01 6.799268e-01
      outer loop
         vertex 3.657752e+01 1.022107e+02 7.606083e+01
         vertex 3.565618e+01 1.031455e+02 7.535321e+01
         vertex 3.562353e+01 1.023656e+02 7.617331e+01
      endloop
   endfacet
   facet normal 1.933425e-01 6.704231e-01 7.163460e-01
      outer loop
         vertex 3.657752e+01 1.022107e+02 7.606083e+01
         vertex 3.562353e+01 1.023656e+02 7.617331e+01
         vertex 3.555862e+01 1.004740e+02 7.796123e+01
      endloop
   endfacet
   facet normal 8.077904e-01 4.309962e-01 4.021404e-01
      outer loop
         vertex 3.796298e+01 1.029839e+02 7.337417e+01
         vertex 3.798118e+01 1.039299e+02 7.232376e+01
         vertex 3.741244e+01 1.035747e+02 7.384687e+01
      endloop
   endfacet
   facet normal 7.916596e-01 4.594242e-01 4.027462e-01
      outer loop
         vertex 3.741244e+01 1.035747e+02 7.384687e+01
         vertex 3.798118e+01 1.039299e+02 7.232376e+01
         vertex 3.742679e+01 1.045139e+02 7.274730e+01
      endloop
   endfacet
   facet normal 5.351916e-01 6.388573e-01 5.526584e-01
      outer loop
         vertex 3.741244e+01 1.035747e+02 7.384687e+01
         vertex 3.742679e+01 1.045139e+02 7.274730e+01
         vertex 3.662254e+01 1.039759e+02 7.414797e+01
      endloop
   endfacet
   facet normal 5.207660e-01 6.530614e-01 5.498306e-01
      outer loop
         vertex 3.662254e+01 1.039759e+02 7.414797e+01
         vertex 3.742679e+01 1.045139e+02 7.274730e+01
         vertex 3.665130e+01 1.049088e+02 7.301277e+01
      endloop
   endfacet
   facet normal 7.921564e-01 4.670724e-01 3.928506e-01
      outer loop
         vertex 3.798118e+01 1.039299e+02 7.232376e+01
         vertex 3.800697e+01 1.055019e+02 7.040271e+01
         vertex 3.742679e+01 1.045139e+02 7.274730e+01
      endloop
   endfacet
   facet normal 7.544971e-01 5.168303e-01 4.045003e-01
      outer loop
         vertex 3.742679e+01 1.045139e+02 7.274730e+01
         vertex 3.800697e+01 1.055019e+02 7.040271e+01
         vertex 3.744934e+01 1.060555e+02 7.073555e+01
      endloop
   endfacet
   facet normal 5.221177e-01 6.741325e-01 5.224351e-01
      outer loop
         vertex 3.742679e+01 1.045139e+02 7.274730e+01
         vertex 3.744934e+01 1.060555e+02 7.073555e+01
         vertex 3.665130e+01 1.049088e+02 7.301277e+01
      endloop
   endfacet
   facet normal 4.900043e-01 6.974557e-01 5.229257e-01
      outer loop
         vertex 3.665130e+01 1.049088e+02 7.301277e+01
         vertex 3.744934e+01 1.060555e+02 7.073555e+01
         vertex 3.670746e+01 1.064263e+02 7.093611e+01
      endloop
   endfacet
   facet normal 8.299769e-01 3.874678e-01 4.012569e-01
      outer loop
         vertex 3.792935e+01 1.012215e+02 7.514556e+01
         vertex 3.796298e+01 1.029839e+02 7.337417e+01
         vertex 3.738701e+01 1.018090e+02 7.570004e+01
      endloop
   endfacet
   facet normal 8.071947e-01 4.217902e-01 4.129525e-01
      outer loop
         vertex 3.738701e+01 1.018090e+02 7.570004e+01
         vertex 3.796298e+01 1.029839e+02 7.337417e+01
         vertex 3.741244e+01 1.035747e+02 7.384687e+01
      endloop
   endfacet
   facet normal 5.546348e-01 5.986147e-01 5.779625e-01
      outer loop
         vertex 3.738701e+01 1.018090e+02 7.570004e+01
         vertex 3.741244e+01 1.035747e+02 7.384687e+01
         vertex 3.657752e+01 1.022107e+02 7.606083e+01
      endloop
   endfacet
   facet normal 5.336935e-01 6.151853e-01 5.802743e-01
      outer loop
         vertex 3.657752e+01 1.022107e+02 7.606083e+01
         vertex 3.741244e+01 1.035747e+02 7.384687e+01
         vertex 3.662254e+01 1.039759e+02 7.414797e+01
      endloop
   endfacet
   facet normal 1.854332e-01 7.199683e-01 6.687751e-01
      outer loop
         vertex 3.657752e+01 1.022107e+02 7.606083e+01
         vertex 3.662254e+01 1.039759e+02 7.414797e+01
         vertex 3.570396e+01 1.041314e+02 7.423528e+01
      endloop
   endfacet
   facet normal 1.876029e-01 7.565595e-01 6.264366e-01
      outer loop
         vertex 3.570396e+01 1.041314e+02 7.423528e+01
         vertex 3.662254e+01 1.039759e+02 7.414797e+01
         vertex 3.665130e+01 1.049088e+02 7.301277e+01
      endloop
   endfacet
   facet normal 1.809559e-01 7.604045e-01 6.237306e-01
      outer loop
         vertex 3.570396e+01 1.041314e+02 7.423528e+01
         vertex 3.665130e+01 1.049088e+02 7.301277e+01
         vertex 3.575743e+01 1.050622e+02 7.308500e+01
      endloop
   endfacet
   facet normal 1.830068e-01 7.913934e-01 5.832709e-01
      outer loop
         vertex 3.575743e+01 1.050622e+02 7.308500e+01
         vertex 3.665130e+01 1.049088e+02 7.301277e+01
         vertex 3.670746e+01 1.064263e+02 7.093611e+01
      endloop
   endfacet
   facet normal 1.685631e-01 7.967691e-01 5.802977e-01
      outer loop
         vertex 3.575743e+01 1.050622e+02 7.308500e+01
         vertex 3.670746e+01 1.064263e+02 7.093611e+01
         vertex 3.586774e+01 1.065713e+02 7.098102e+01
      endloop
   endfacet
   facet normal 1.706321e-01 8.186554e-01 5.483503e-01
      outer loop
         vertex 3.586774e+01 1.065713e+02 7.098102e+01
         vertex 3.670746e+01 1.064263e+02 7.093611e+01
         vertex 3.587853e+01 1.066959e+02 7.079154e+01
      endloop
   endfacet
   facet normal 1.533199e-01 8.408280e-01 5.191351e-01
      outer loop
         vertex 3.600278e+01 1.079204e+02 6.877154e+01
         vertex 3.587853e+01 1.066959e+02 7.079154e+01
         vertex 3.677013e+01 1.077916e+02 6.875360e+01
      endloop
   endfacet
   facet normal 1.788959e-01 8.317934e-01 5.254674e-01
      outer loop
         vertex 3.677013e+01 1.077916e+02 6.875360e+01
         vertex 3.587853e+01 1.066959e+02 7.079154e+01
         vertex 3.670746e+01 1.064263e+02 7.093611e+01
      endloop
   endfacet
   facet normal 4.492963e-01 7.515411e-01 4.830308e-01
      outer loop
         vertex 3.677013e+01 1.077916e+02 6.875360e+01
         vertex 3.670746e+01 1.064263e+02 7.093611e+01
         vertex 3.746312e+01 1.074639e+02 6.861886e+01
      endloop
   endfacet
   facet normal 4.924143e-01 7.231282e-01 4.843694e-01
      outer loop
         vertex 3.746312e+01 1.074639e+02 6.861886e+01
         vertex 3.670746e+01 1.064263e+02 7.093611e+01
         vertex 3.744934e+01 1.060555e+02 7.073555e+01
      endloop
   endfacet
   facet normal 7.020312e-01 5.907741e-01 3.976659e-01
      outer loop
         vertex 3.746312e+01 1.074639e+02 6.861886e+01
         vertex 3.744934e+01 1.060555e+02 7.073555e+01
         vertex 3.801456e+01 1.069691e+02 6.838038e+01
      endloop
   endfacet
   facet normal 7.556371e-01 5.288071e-01 3.864913e-01
      outer loop
         vertex 3.801456e+01 1.069691e+02 6.838038e+01
         vertex 3.744934e+01 1.060555e+02 7.073555e+01
         vertex 3.800697e+01 1.055019e+02 7.040271e+01
      endloop
   endfacet
   facet normal 8.642277e-02 9.393188e-01 3.319810e-01
      outer loop
         vertex 3.639897e+01 1.106869e+02 6.233045e+01
         vertex 3.597405e+01 1.107168e+02 6.235646e+01
         vertex 3.605566e+01 1.099648e+02 6.446302e+01
      endloop
   endfacet
   facet normal 6.862882e-01 6.859842e-01 2.417316e-01
      outer loop
         vertex 3.798887e+01 1.083964e+02 6.610095e+01
         vertex 3.805327e+01 1.090674e+02 6.401389e+01
         vertex 3.777276e+01 1.085787e+02 6.619726e+01
      endloop
   endfacet
   facet normal 6.394842e-01 7.286323e-01 2.452652e-01
      outer loop
         vertex 3.777276e+01 1.085787e+02 6.619726e+01
         vertex 3.805327e+01 1.090674e+02 6.401389e+01
         vertex 3.717229e+01 1.097376e+02 6.431994e+01
      endloop
   endfacet
   facet normal 6.185565e-01 7.415090e-01 2.599083e-01
      outer loop
         vertex 3.777276e+01 1.085787e+02 6.619726e+01
         vertex 3.717229e+01 1.097376e+02 6.431994e+01
         vertex 3.765844e+01 1.086589e+02 6.624056e+01
      endloop
   endfacet
   facet normal 7.392227e-01 6.341576e-01 2.267021e-01
      outer loop
         vertex 3.798887e+01 1.083964e+02 6.610095e+01
         vertex 3.803743e+01 1.083479e+02 6.607830e+01
         vertex 3.805327e+01 1.090674e+02 6.401389e+01
      endloop
   endfacet
   facet normal 7.513046e-01 6.213747e-01 2.223395e-01
      outer loop
         vertex 3.805327e+01 1.090674e+02 6.401389e+01
         vertex 3.803743e+01 1.083479e+02 6.607830e+01
         vertex 3.804711e+01 1.083377e+02 6.607414e+01
      endloop
   endfacet
   facet normal 7.555959e-01 6.167353e-01 2.207091e-01
      outer loop
         vertex 3.805327e+01 1.090674e+02 6.401389e+01
         vertex 3.804711e+01 1.083377e+02 6.607414e+01
         vertex 3.805814e+01 1.083258e+02 6.606956e+01
      endloop
   endfacet
   facet normal 3.251333e-01 8.784541e-01 3.501526e-01
      outer loop
         vertex 3.691113e+01 1.089917e+02 6.643364e+01
         vertex 3.704835e+01 1.089512e+02 6.640788e+01
         vertex 3.717229e+01 1.097376e+02 6.431994e+01
      endloop
   endfacet
   facet normal 3.845863e-01 8.560898e-01 3.452587e-01
      outer loop
         vertex 3.717229e+01 1.097376e+02 6.431994e+01
         vertex 3.704835e+01 1.089512e+02 6.640788e+01
         vertex 3.720589e+01 1.088943e+02 6.637343e+01
      endloop
   endfacet
   facet normal 5.095395e-01 7.988471e-01 3.197074e-01
      outer loop
         vertex 3.717229e+01 1.097376e+02 6.431994e+01
         vertex 3.720589e+01 1.088943e+02 6.637343e+01
         vertex 3.765844e+01 1.086589e+02 6.624056e+01
      endloop
   endfacet
   facet normal 1.185672e-02 9.108144e-01 4.126459e-01
      outer loop
         vertex 3.616174e+01 1.090819e+02 6.651265e+01
         vertex 3.622392e+01 1.090824e+02 6.650983e+01
         vertex 3.611638e+01 1.094471e+02 6.570789e+01
      endloop
   endfacet
   facet normal 3.907493e-01 8.565324e-01 3.371456e-01
      outer loop
         vertex 3.611638e+01 1.094471e+02 6.570789e+01
         vertex 3.622392e+01 1.090824e+02 6.650983e+01
         vertex 3.605566e+01 1.099648e+02 6.446302e+01
      endloop
   endfacet
   facet normal 3.063304e-01 8.999198e-01 3.103321e-01
      outer loop
         vertex 3.706150e+01 1.104910e+02 6.224447e+01
         vertex 3.639897e+01 1.106869e+02 6.233045e+01
         vertex 3.717229e+01 1.097376e+02 6.431994e+01
      endloop
   endfacet
   facet normal 2.293804e-01 9.101039e-01 3.451022e-01
      outer loop
         vertex 3.717229e+01 1.097376e+02 6.431994e+01
         vertex 3.639897e+01 1.106869e+02 6.233045e+01
         vertex 3.605566e+01 1.099648e+02 6.446302e+01
      endloop
   endfacet
   facet normal 2.295664e-01 9.085790e-01 3.489749e-01
      outer loop
         vertex 3.717229e+01 1.097376e+02 6.431994e+01
         vertex 3.605566e+01 1.099648e+02 6.446302e+01
         vertex 3.691113e+01 1.089917e+02 6.643364e+01
      endloop
   endfacet
   facet normal 1.621802e-01 9.109155e-01 3.793817e-01
      outer loop
         vertex 3.691113e+01 1.089917e+02 6.643364e+01
         vertex 3.605566e+01 1.099648e+02 6.446302e+01
         vertex 3.622392e+01 1.090824e+02 6.650983e+01
      endloop
   endfacet
   facet normal 7.895497e-01 5.883155e-01 1.746313e-01
      outer loop
         vertex 3.804174e+01 1.096946e+02 6.195313e+01
         vertex 3.784394e+01 1.099350e+02 6.203744e+01
         vertex 3.805327e+01 1.090674e+02 6.401389e+01
      endloop
   endfacet
   facet normal 7.290560e-01 6.517948e-01 2.089040e-01
      outer loop
         vertex 3.805327e+01 1.090674e+02 6.401389e+01
         vertex 3.784394e+01 1.099350e+02 6.203744e+01
         vertex 3.774478e+01 1.100345e+02 6.207301e+01
      endloop
   endfacet
   facet normal 6.401548e-01 7.233771e-01 2.587033e-01
      outer loop
         vertex 3.805327e+01 1.090674e+02 6.401389e+01
         vertex 3.774478e+01 1.100345e+02 6.207301e+01
         vertex 3.717229e+01 1.097376e+02 6.431994e+01
      endloop
   endfacet
   facet normal 6.040007e-01 7.555130e-01 2.537386e-01
      outer loop
         vertex 3.717229e+01 1.097376e+02 6.431994e+01
         vertex 3.774478e+01 1.100345e+02 6.207301e+01
         vertex 3.719002e+01 1.104288e+02 6.221980e+01
      endloop
   endfacet
   facet normal 4.616074e-01 8.414615e-01 2.808223e-01
      outer loop
         vertex 3.717229e+01 1.097376e+02 6.431994e+01
         vertex 3.719002e+01 1.104288e+02 6.221980e+01
         vertex 3.706150e+01 1.104910e+02 6.224447e+01
      endloop
   endfacet
   facet normal 7.553686e-01 6.001745e-01 2.630759e-01
      outer loop
         vertex 3.803146e+01 1.083144e+02 6.617213e+01
         vertex 3.805814e+01 1.083258e+02 6.606956e+01
         vertex 3.804711e+01 1.083377e+02 6.607414e+01
      endloop
   endfacet
   facet normal 7.386562e-01 5.966408e-01 3.136985e-01
      outer loop
         vertex 3.799841e+01 1.083026e+02 6.627246e+01
         vertex 3.800056e+01 1.082996e+02 6.627306e+01
         vertex 3.803146e+01 1.083144e+02 6.617213e+01
      endloop
   endfacet
   facet normal 5.531805e-01 7.863734e-01 2.749695e-01
      outer loop
         vertex 3.803146e+01 1.083144e+02 6.617213e+01
         vertex 3.804711e+01 1.083377e+02 6.607414e+01
         vertex 3.799841e+01 1.083026e+02 6.627246e+01
      endloop
   endfacet
   facet normal 7.508513e-01 5.936797e-01 2.894247e-01
      outer loop
         vertex 3.799841e+01 1.083026e+02 6.627246e+01
         vertex 3.804711e+01 1.083377e+02 6.607414e+01
         vertex 3.803743e+01 1.083479e+02 6.607830e+01
      endloop
   endfacet
   facet normal 7.453143e-01 6.003970e-01 2.898794e-01
      outer loop
         vertex 3.799841e+01 1.083026e+02 6.627246e+01
         vertex 3.803743e+01 1.083479e+02 6.607830e+01
         vertex 3.799654e+01 1.083051e+02 6.627211e+01
      endloop
   endfacet
   facet normal 7.406739e-01 6.059895e-01 2.901361e-01
      outer loop
         vertex 3.799654e+01 1.083051e+02 6.627211e+01
         vertex 3.803743e+01 1.083479e+02 6.607830e+01
         vertex 3.798887e+01 1.083964e+02 6.610095e+01
      endloop
   endfacet
   facet normal 7.400687e-01 6.065678e-01 2.904718e-01
      outer loop
         vertex 3.799654e+01 1.083051e+02 6.627211e+01
         vertex 3.798887e+01 1.083964e+02 6.610095e+01
         vertex 3.798749e+01 1.083158e+02 6.627274e+01
      endloop
   endfacet
   facet normal 6.228501e-01 7.063514e-01 3.363413e-01
      outer loop
         vertex 3.765844e+01 1.086589e+02 6.624056e+01
         vertex 3.777155e+01 1.085077e+02 6.634851e+01
         vertex 3.777276e+01 1.085787e+02 6.619726e+01
      endloop
   endfacet
   facet normal 6.899344e-01 6.532060e-01 3.119494e-01
      outer loop
         vertex 3.777276e+01 1.085787e+02 6.619726e+01
         vertex 3.777155e+01 1.085077e+02 6.634851e+01
         vertex 3.798749e+01 1.083158e+02 6.627274e+01
      endloop
   endfacet
   facet normal 6.899353e-01 6.532061e-01 3.119473e-01
      outer loop
         vertex 3.777276e+01 1.085787e+02 6.619726e+01
         vertex 3.798749e+01 1.083158e+02 6.627274e+01
         vertex 3.798887e+01 1.083964e+02 6.610095e+01
      endloop
   endfacet
   facet normal 5.034410e-01 6.399734e-01 5.805008e-01
      outer loop
         vertex 3.720589e+01 1.088943e+02 6.637343e+01
         vertex 3.704768e+01 1.089123e+02 6.649083e+01
         vertex 3.765844e+01 1.086589e+02 6.624056e+01
      endloop
   endfacet
   facet normal 4.822484e-01 7.916093e-01 3.752216e-01
      outer loop
         vertex 3.765844e+01 1.086589e+02 6.624056e+01
         vertex 3.704768e+01 1.089123e+02 6.649083e+01
         vertex 3.765731e+01 1.085930e+02 6.638098e+01
      endloop
   endfacet
   facet normal 6.228396e-01 7.063538e-01 3.363558e-01
      outer loop
         vertex 3.765844e+01 1.086589e+02 6.624056e+01
         vertex 3.765731e+01 1.085930e+02 6.638098e+01
         vertex 3.777155e+01 1.085077e+02 6.634851e+01
      endloop
   endfacet
   facet normal 3.871311e-01 8.335381e-01 3.941366e-01
      outer loop
         vertex 3.720589e+01 1.088943e+02 6.637343e+01
         vertex 3.704835e+01 1.089512e+02 6.640788e+01
         vertex 3.704768e+01 1.089123e+02 6.649083e+01
      endloop
   endfacet
   facet normal 3.279734e-01 8.542391e-01 4.033721e-01
      outer loop
         vertex 3.704768e+01 1.089123e+02 6.649083e+01
         vertex 3.704835e+01 1.089512e+02 6.640788e+01
         vertex 3.691113e+01 1.089917e+02 6.643364e+01
      endloop
   endfacet
   facet normal 3.279780e-01 8.542412e-01 4.033640e-01
      outer loop
         vertex 3.704768e+01 1.089123e+02 6.649083e+01
         vertex 3.691113e+01 1.089917e+02 6.643364e+01
         vertex 3.691056e+01 1.089589e+02 6.650372e+01
      endloop
   endfacet
   facet normal 1.642604e-01 8.925305e-01 4.200094e-01
      outer loop
         vertex 3.691056e+01 1.089589e+02 6.650372e+01
         vertex 3.691113e+01 1.089917e+02 6.643364e+01
         vertex 3.622392e+01 1.090824e+02 6.650983e+01
      endloop
   endfacet
   facet normal 1.642375e-01 8.923878e-01 4.203213e-01
      outer loop
         vertex 3.691056e+01 1.089589e+02 6.650372e+01
         vertex 3.622392e+01 1.090824e+02 6.650983e+01
         vertex 3.622388e+01 1.090796e+02 6.651564e+01
      endloop
   endfacet
   facet normal 1.246368e-02 9.050780e-01 4.250628e-01
      outer loop
         vertex 3.622388e+01 1.090796e+02 6.651564e+01
         vertex 3.622392e+01 1.090824e+02 6.650983e+01
         vertex 3.616174e+01 1.090819e+02 6.651265e+01
      endloop
   endfacet
   facet normal 9.659258e-01 -2.588193e-01 -7.183678e-18
      outer loop
         vertex 2.973143e+01 6.989507e+01 2.914840e+01
         vertex 2.973143e+01 6.989507e+01 2.292559e+01
         vertex 2.993909e+01 7.067007e+01 2.914840e+01
      endloop
   endfacet
   facet normal 9.659258e-01 -2.588193e-01 -7.183678e-18
      outer loop
         vertex 2.993909e+01 7.067007e+01 2.914840e+01
         vertex 2.973143e+01 6.989507e+01 2.292559e+01
         vertex 2.993909e+01 7.067007e+01 2.292559e+01
      endloop
   endfacet
   facet normal 7.071068e-01 -7.071068e-01 -1.962616e-17
      outer loop
         vertex 2.993909e+01 7.067007e+01 2.914840e+01
         vertex 2.993909e+01 7.067007e+01 2.292559e+01
         vertex 3.050643e+01 7.123741e+01 2.914840e+01
      endloop
   endfacet
   facet normal 7.071068e-01 -7.071068e-01 -1.962616e-17
      outer loop
         vertex 3.050643e+01 7.123741e+01 2.914840e+01
         vertex 2.993909e+01 7.067007e+01 2.292559e+01
         vertex 3.050643e+01 7.123741e+01 2.292559e+01
      endloop
   endfacet
   facet normal 2.588191e-01 -9.659258e-01 -2.680983e-17
      outer loop
         vertex 3.050643e+01 7.123741e+01 2.914840e+01
         vertex 3.050643e+01 7.123741e+01 2.292559e+01
         vertex 3.128143e+01 7.144507e+01 2.914840e+01
      endloop
   endfacet
   facet normal 2.588191e-01 -9.659258e-01 -2.680983e-17
      outer loop
         vertex 3.128143e+01 7.144507e+01 2.914840e+01
         vertex 3.050643e+01 7.123741e+01 2.292559e+01
         vertex 3.128143e+01 7.144507e+01 2.292559e+01
      endloop
   endfacet
   facet normal -2.588191e-01 -9.659258e-01 -2.680983e-17
      outer loop
         vertex 3.128143e+01 7.144507e+01 2.914840e+01
         vertex 3.128143e+01 7.144507e+01 2.292559e+01
         vertex 3.205643e+01 7.123741e+01 2.914840e+01
      endloop
   endfacet
   facet normal -2.588191e-01 -9.659258e-01 -2.680983e-17
      outer loop
         vertex 3.205643e+01 7.123741e+01 2.914840e+01
         vertex 3.128143e+01 7.144507e+01 2.292559e+01
         vertex 3.205643e+01 7.123741e+01 2.292559e+01
      endloop
   endfacet
   facet normal -7.071068e-01 -7.071068e-01 -1.962616e-17
      outer loop
         vertex 3.205643e+01 7.123741e+01 2.914840e+01
         vertex 3.205643e+01 7.123741e+01 2.292559e+01
         vertex 3.262377e+01 7.067007e+01 2.914840e+01
      endloop
   endfacet
   facet normal -7.071068e-01 -7.071068e-01 -1.962616e-17
      outer loop
         vertex 3.262377e+01 7.067007e+01 2.914840e+01
         vertex 3.205643e+01 7.123741e+01 2.292559e+01
         vertex 3.262377e+01 7.067007e+01 2.292559e+01
      endloop
   endfacet
   facet normal -9.659258e-01 -2.588193e-01 -7.183678e-18
      outer loop
         vertex 3.262377e+01 7.067007e+01 2.914840e+01
         vertex 3.262377e+01 7.067007e+01 2.292559e+01
         vertex 3.283143e+01 6.989507e+01 2.914840e+01
      endloop
   endfacet
   facet normal -9.659258e-01 -2.588193e-01 -7.183678e-18
      outer loop
         vertex 3.283143e+01 6.989507e+01 2.914840e+01
         vertex 3.262377e+01 7.067007e+01 2.292559e+01
         vertex 3.283143e+01 6.989507e+01 2.292559e+01
      endloop
   endfacet
   facet normal -9.659258e-01 2.588190e-01 7.183670e-18
      outer loop
         vertex 3.283143e+01 6.989507e+01 2.914840e+01
         vertex 3.283143e+01 6.989507e+01 2.292559e+01
         vertex 3.262377e+01 6.912007e+01 2.914840e+01
      endloop
   endfacet
   facet normal -9.659258e-01 2.588190e-01 7.183670e-18
      outer loop
         vertex 3.262377e+01 6.912007e+01 2.914840e+01
         vertex 3.283143e+01 6.989507e+01 2.292559e+01
         vertex 3.262377e+01 6.912007e+01 2.292559e+01
      endloop
   endfacet
   facet normal -7.071068e-01 7.071068e-01 1.962616e-17
      outer loop
         vertex 3.262377e+01 6.912007e+01 2.914840e+01
         vertex 3.262377e+01 6.912007e+01 2.292559e+01
         vertex 3.205643e+01 6.855273e+01 2.914840e+01
      endloop
   endfacet
   facet normal -7.071068e-01 7.071068e-01 1.962616e-17
      outer loop
         vertex 3.205643e+01 6.855273e+01 2.914840e+01
         vertex 3.262377e+01 6.912007e+01 2.292559e+01
         vertex 3.205643e+01 6.855273e+01 2.292559e+01
      endloop
   endfacet
   facet normal -2.588191e-01 9.659258e-01 2.680983e-17
      outer loop
         vertex 3.205643e+01 6.855273e+01 2.914840e+01
         vertex 3.205643e+01 6.855273e+01 2.292559e+01
         vertex 3.128143e+01 6.834507e+01 2.914840e+01
      endloop
   endfacet
   facet normal -2.588191e-01 9.659258e-01 2.680983e-17
      outer loop
         vertex 3.128143e+01 6.834507e+01 2.914840e+01
         vertex 3.205643e+01 6.855273e+01 2.292559e+01
         vertex 3.128143e+01 6.834507e+01 2.292559e+01
      endloop
   endfacet
   facet normal 2.588191e-01 9.659258e-01 2.680983e-17
      outer loop
         vertex 3.128143e+01 6.834507e+01 2.914840e+01
         vertex 3.128143e+01 6.834507e+01 2.292559e+01
         vertex 3.050643e+01 6.855273e+01 2.914840e+01
      endloop
   endfacet
   facet normal 2.588191e-01 9.659258e-01 2.680983e-17
      outer loop
         vertex 3.050643e+01 6.855273e+01 2.914840e+01
         vertex 3.128143e+01 6.834507e+01 2.292559e+01
         vertex 3.050643e+01 6.855273e+01 2.292559e+01
      endloop
   endfacet
   facet normal 7.071068e-01 7.071068e-01 1.962616e-17
      outer loop
         vertex 3.050643e+01 6.855273e+01 2.914840e+01
         vertex 3.050643e+01 6.855273e+01 2.292559e+01
         vertex 2.993909e+01 6.912007e+01 2.914840e+01
      endloop
   endfacet
   facet normal 7.071068e-01 7.071068e-01 1.962616e-17
      outer loop
         vertex 2.993909e+01 6.912007e+01 2.914840e+01
         vertex 3.050643e+01 6.855273e+01 2.292559e+01
         vertex 2.993909e+01 6.912007e+01 2.292559e+01
      endloop
   endfacet
   facet normal 9.659258e-01 2.588190e-01 7.183670e-18
      outer loop
         vertex 2.993909e+01 6.912007e+01 2.914840e+01
         vertex 2.993909e+01 6.912007e+01 2.292559e+01
         vertex 2.973143e+01 6.989507e+01 2.914840e+01
      endloop
   endfacet
   facet normal 9.659258e-01 2.588190e-01 7.183670e-18
      outer loop
         vertex 2.973143e+01 6.989507e+01 2.914840e+01
         vertex 2.993909e+01 6.912007e+01 2.292559e+01
         vertex 2.973143e+01 6.989507e+01 2.292559e+01
      endloop
   endfacet
   facet normal 9.659258e-01 -2.588193e-01 -7.183678e-18
      outer loop
         vertex 2.973143e+01 6.989507e+01 8.037122e+01
         vertex 2.973143e+01 6.989507e+01 7.414841e+01
         vertex 2.993909e+01 7.067007e+01 8.037122e+01
      endloop
   endfacet
   facet normal 9.659258e-01 -2.588193e-01 -7.183678e-18
      outer loop
         vertex 2.993909e+01 7.067007e+01 8.037122e+01
         vertex 2.973143e+01 6.989507e+01 7.414841e+01
         vertex 2.993909e+01 7.067007e+01 7.414841e+01
      endloop
   endfacet
   facet normal 7.071068e-01 -7.071068e-01 -1.962616e-17
      outer loop
         vertex 2.993909e+01 7.067007e+01 8.037122e+01
         vertex 2.993909e+01 7.067007e+01 7.414841e+01
         vertex 3.050643e+01 7.123741e+01 8.037122e+01
      endloop
   endfacet
   facet normal 7.071068e-01 -7.071068e-01 -1.962616e-17
      outer loop
         vertex 3.050643e+01 7.123741e+01 8.037122e+01
         vertex 2.993909e+01 7.067007e+01 7.414841e+01
         vertex 3.050643e+01 7.123741e+01 7.414841e+01
      endloop
   endfacet
   facet normal 2.588191e-01 -9.659258e-01 -2.680983e-17
      outer loop
         vertex 3.050643e+01 7.123741e+01 8.037122e+01
         vertex 3.050643e+01 7.123741e+01 7.414841e+01
         vertex 3.128143e+01 7.144507e+01 8.037122e+01
      endloop
   endfacet
   facet normal 2.588191e-01 -9.659258e-01 -2.680983e-17
      outer loop
         vertex 3.128143e+01 7.144507e+01 8.037122e+01
         vertex 3.050643e+01 7.123741e+01 7.414841e+01
         vertex 3.128143e+01 7.144507e+01 7.414841e+01
      endloop
   endfacet
   facet normal -2.588191e-01 -9.659258e-01 -2.680983e-17
      outer loop
         vertex 3.128143e+01 7.144507e+01 8.037122e+01
         vertex 3.128143e+01 7.144507e+01 7.414841e+01
         vertex 3.205643e+01 7.123741e+01 8.037122e+01
      endloop
   endfacet
   facet normal -2.588191e-01 -9.659258e-01 -2.680983e-17
      outer loop
         vertex 3.205643e+01 7.123741e+01 8.037122e+01
         vertex 3.128143e+01 7.144507e+01 7.414841e+01
         vertex 3.205643e+01 7.123741e+01 7.414841e+01
      endloop
   endfacet
   facet normal -7.071068e-01 -7.071068e-01 -1.962616e-17
      outer loop
         vertex 3.205643e+01 7.123741e+01 8.037122e+01
         vertex 3.205643e+01 7.123741e+01 7.414841e+01
         vertex 3.262377e+01 7.067007e+01 8.037122e+01
      endloop
   endfacet
   facet normal -7.071068e-01 -7.071068e-01 -1.962616e-17
      outer loop
         vertex 3.262377e+01 7.067007e+01 8.037122e+01
         vertex 3.205643e+01 7.123741e+01 7.414841e+01
         vertex 3.262377e+01 7.067007e+01 7.414841e+01
      endloop
   endfacet
   facet normal -9.659258e-01 -2.588193e-01 -7.183678e-18
      outer loop
         vertex 3.262377e+01 7.067007e+01 8.037122e+01
         vertex 3.262377e+01 7.067007e+01 7.414841e+01
         vertex 3.283143e+01 6.989507e+01 8.037122e+01
      endloop
   endfacet
   facet normal -9.659258e-01 -2.588193e-01 -7.183678e-18
      outer loop
         vertex 3.283143e+01 6.989507e+01 8.037122e+01
         vertex 3.262377e+01 7.067007e+01 7.414841e+01
         vertex 3.283143e+01 6.989507e+01 7.414841e+01
      endloop
   endfacet
   facet normal -9.659258e-01 2.588190e-01 7.183670e-18
      outer loop
         vertex 3.283143e+01 6.989507e+01 8.037122e+01
         vertex 3.283143e+01 6.989507e+01 7.414841e+01
         vertex 3.262377e+01 6.912007e+01 8.037122e+01
      endloop
   endfacet
   facet normal -9.659258e-01 2.588190e-01 7.183670e-18
      outer loop
         vertex 3.262377e+01 6.912007e+01 8.037122e+01
         vertex 3.283143e+01 6.989507e+01 7.414841e+01
         vertex 3.262377e+01 6.912007e+01 7.414841e+01
      endloop
   endfacet
   facet normal -7.071068e-01 7.071068e-01 1.962616e-17
      outer loop
         vertex 3.262377e+01 6.912007e+01 8.037122e+01
         vertex 3.262377e+01 6.912007e+01 7.414841e+01
         vertex 3.205643e+01 6.855273e+01 8.037122e+01
      endloop
   endfacet
   facet normal -7.071068e-01 7.071068e-01 1.962616e-17
      outer loop
         vertex 3.205643e+01 6.855273e+01 8.037122e+01
         vertex 3.262377e+01 6.912007e+01 7.414841e+01
         vertex 3.205643e+01 6.855273e+01 7.414841e+01
      endloop
   endfacet
   facet normal -2.588191e-01 9.659258e-01 2.680983e-17
      outer loop
         vertex 3.205643e+01 6.855273e+01 8.037122e+01
         vertex 3.205643e+01 6.855273e+01 7.414841e+01
         vertex 3.128143e+01 6.834507e+01 8.037122e+01
      endloop
   endfacet
   facet normal -2.588191e-01 9.659258e-01 2.680983e-17
      outer loop
         vertex 3.128143e+01 6.834507e+01 8.037122e+01
         vertex 3.205643e+01 6.855273e+01 7.414841e+01
         vertex 3.128143e+01 6.834507e+01 7.414841e+01
      endloop
   endfacet
   facet normal 2.588191e-01 9.659258e-01 2.680983e-17
      outer loop
         vertex 3.128143e+01 6.834507e+01 8.037122e+01
         vertex 3.128143e+01 6.834507e+01 7.414841e+01
         vertex 3.050643e+01 6.855273e+01 8.037122e+01
      endloop
   endfacet
   facet normal 2.588191e-01 9.659258e-01 2.680983e-17
      outer loop
         vertex 3.050643e+01 6.855273e+01 8.037122e+01
         vertex 3.128143e+01 6.834507e+01 7.414841e+01
         vertex 3.050643e+01 6.855273e+01 7.414841e+01
      endloop
   endfacet
   facet normal 7.071068e-01 7.071068e-01 1.962616e-17
      outer loop
         vertex 3.050643e+01 6.855273e+01 8.037122e+01
         vertex 3.050643e+01 6.855273e+01 7.414841e+01
         vertex 2.993909e+01 6.912007e+01 8.037122e+01
      endloop
   endfacet
   facet normal 7.071068e-01 7.071068e-01 1.962616e-17
      outer loop
         vertex 2.993909e+01 6.912007e+01 8.037122e+01
         vertex 3.050643e+01 6.855273e+01 7.414841e+01
         vertex 2.993909e+01 6.912007e+01 7.414841e+01
      endloop
   endfacet
   facet normal 9.659258e-01 2.588190e-01 7.183670e-18
      outer loop
         vertex 2.993909e+01 6.912007e+01 8.037122e+01
         vertex 2.993909e+01 6.912007e+01 7.414841e+01
         vertex 2.973143e+01 6.989507e+01 8.037122e+01
      endloop
   endfacet
   facet normal 9.659258e-01 2.588190e-01 7.183670e-18
      outer loop
         vertex 2.973143e+01 6.989507e+01 8.037122e+01
         vertex 2.993909e+01 6.912007e+01 7.414841e+01
         vertex 2.973143e+01 6.989507e+01 7.414841e+01
      endloop
   endfacet
   facet normal 9.238588e-01 -3.827335e-01 -1.062299e-17
      outer loop
         vertex 2.868335e+01 7.139507e+01 8.037122e+01
         vertex 2.868335e+01 7.139507e+01 8.613028e+01
         vertex 2.838374e+01 7.067184e+01 8.599659e+01
      endloop
   endfacet
   facet normal 9.657663e-01 -2.587767e-01 1.816865e-02
      outer loop
         vertex 2.868335e+01 7.139507e+01 8.037122e+01
         vertex 2.838374e+01 7.067184e+01 8.599659e+01
         vertex 2.828143e+01 6.989507e+01 8.037122e+01
      endloop
   endfacet
   facet normal 8.391796e-01 -5.438544e-01 -1.509499e-17
      outer loop
         vertex 2.868335e+01 7.139507e+01 8.613028e+01
         vertex 2.868335e+01 7.139507e+01 8.037122e+01
         vertex 2.885109e+01 7.165389e+01 8.617432e+01
      endloop
   endfacet
   facet normal 7.070634e-01 -7.070631e-01 1.109785e-02
      outer loop
         vertex 2.885109e+01 7.165389e+01 8.617432e+01
         vertex 2.868335e+01 7.139507e+01 8.037122e+01
         vertex 2.978143e+01 7.249315e+01 8.037122e+01
      endloop
   endfacet
   facet normal 7.436948e-01 -6.681372e-01 2.260007e-02
      outer loop
         vertex 2.885109e+01 7.165389e+01 8.617432e+01
         vertex 2.978143e+01 7.249315e+01 8.037122e+01
         vertex 2.926132e+01 7.211299e+01 8.624753e+01
      endloop
   endfacet
   facet normal 2.587812e-01 -9.657844e-01 1.711073e-02
      outer loop
         vertex 3.128143e+01 7.289507e+01 8.037122e+01
         vertex 3.050505e+01 7.279287e+01 8.634451e+01
         vertex 2.978143e+01 7.249315e+01 8.037122e+01
      endloop
   endfacet
   facet normal 3.826714e-01 -9.238845e-01 -2.564295e-17
      outer loop
         vertex 2.978143e+01 7.249315e+01 8.037122e+01
         vertex 3.050505e+01 7.279287e+01 8.634451e+01
         vertex 2.978143e+01 7.249315e+01 8.630344e+01
      endloop
   endfacet
   facet normal 5.900964e-01 -8.073328e-01 -2.240799e-17
      outer loop
         vertex 2.978143e+01 7.249315e+01 8.037122e+01
         vertex 2.978143e+01 7.249315e+01 8.630344e+01
         vertex 2.926132e+01 7.211299e+01 8.624753e+01
      endloop
   endfacet
   facet normal -2.587812e-01 -9.657844e-01 1.711072e-02
      outer loop
         vertex 3.278143e+01 7.249315e+01 8.037122e+01
         vertex 3.205760e+01 7.279293e+01 8.634452e+01
         vertex 3.128143e+01 7.289507e+01 8.037122e+01
      endloop
   endfacet
   facet normal -1.304765e-01 -9.914514e-01 -2.751830e-17
      outer loop
         vertex 3.128143e+01 7.289507e+01 8.037122e+01
         vertex 3.205760e+01 7.279293e+01 8.634452e+01
         vertex 3.128143e+01 7.289507e+01 8.635791e+01
      endloop
   endfacet
   facet normal 1.305138e-01 -9.914465e-01 -2.751817e-17
      outer loop
         vertex 3.128143e+01 7.289507e+01 8.037122e+01
         vertex 3.128143e+01 7.289507e+01 8.635791e+01
         vertex 3.050505e+01 7.279287e+01 8.634451e+01
      endloop
   endfacet
   facet normal -7.463743e-01 -6.651275e-01 2.303963e-02
      outer loop
         vertex 3.372586e+01 7.163426e+01 8.617105e+01
         vertex 3.330186e+01 7.211269e+01 8.624749e+01
         vertex 3.278143e+01 7.249315e+01 8.037122e+01
      endloop
   endfacet
   facet normal -5.901556e-01 -8.072895e-01 -2.240679e-17
      outer loop
         vertex 3.278143e+01 7.249315e+01 8.037122e+01
         vertex 3.330186e+01 7.211269e+01 8.624749e+01
         vertex 3.278143e+01 7.249315e+01 8.630344e+01
      endloop
   endfacet
   facet normal -3.826369e-01 -9.238988e-01 -2.564334e-17
      outer loop
         vertex 3.278143e+01 7.249315e+01 8.037122e+01
         vertex 3.278143e+01 7.249315e+01 8.630344e+01
         vertex 3.205760e+01 7.279293e+01 8.634452e+01
      endloop
   endfacet
   facet normal -8.358536e-01 -5.461673e-01 5.522680e-02
      outer loop
         vertex 3.372586e+01 7.163426e+01 8.617105e+01
         vertex 3.278143e+01 7.249315e+01 8.037122e+01
         vertex 3.387996e+01 7.139429e+01 8.613015e+01
      endloop
   endfacet
   facet normal -7.071069e-01 -7.071066e-01 -4.076643e-05
      outer loop
         vertex 3.387996e+01 7.139429e+01 8.613015e+01
         vertex 3.278143e+01 7.249315e+01 8.037122e+01
         vertex 3.387951e+01 7.139507e+01 8.037122e+01
      endloop
   endfacet
   facet normal -9.240521e-01 -3.822667e-01 2.054298e-05
      outer loop
         vertex 3.387996e+01 7.139429e+01 8.613015e+01
         vertex 3.387951e+01 7.139507e+01 8.037122e+01
         vertex 3.417968e+01 7.066976e+01 8.599619e+01
      endloop
   endfacet
   facet normal -9.657664e-01 -2.587761e-01 1.816998e-02
      outer loop
         vertex 3.417968e+01 7.066976e+01 8.599619e+01
         vertex 3.387951e+01 7.139507e+01 8.037122e+01
         vertex 3.428143e+01 6.989507e+01 8.037122e+01
      endloop
   endfacet
   facet normal -9.914846e-01 -1.302236e-01 -3.614431e-18
      outer loop
         vertex 3.417968e+01 7.066976e+01 8.599619e+01
         vertex 3.428143e+01 6.989507e+01 8.037122e+01
         vertex 3.428143e+01 6.989507e+01 8.583539e+01
      endloop
   endfacet
   facet normal -9.914307e-01 1.306335e-01 3.625808e-18
      outer loop
         vertex 3.428143e+01 6.989507e+01 8.583539e+01
         vertex 3.428143e+01 6.989507e+01 8.037122e+01
         vertex 3.417904e+01 6.911798e+01 8.565561e+01
      endloop
   endfacet
   facet normal -9.657452e-01 2.587705e-01 1.934074e-02
      outer loop
         vertex 3.417904e+01 6.911798e+01 8.565561e+01
         vertex 3.428143e+01 6.989507e+01 8.037122e+01
         vertex 3.387951e+01 6.839507e+01 8.037122e+01
      endloop
   endfacet
   facet normal -9.238375e-01 3.827850e-01 1.062442e-17
      outer loop
         vertex 3.417904e+01 6.911798e+01 8.565561e+01
         vertex 3.387951e+01 6.839507e+01 8.037122e+01
         vertex 3.387951e+01 6.839507e+01 8.547147e+01
      endloop
   endfacet
   facet normal -7.071071e-01 7.071065e-01 1.962615e-17
      outer loop
         vertex 3.278143e+01 6.729699e+01 8.037122e+01
         vertex 3.278143e+01 6.729699e+01 8.516003e+01
         vertex 3.387951e+01 6.839507e+01 8.037122e+01
      endloop
   endfacet
   facet normal -6.143312e-01 7.880422e-01 3.983214e-02
      outer loop
         vertex 3.387951e+01 6.839507e+01 8.037122e+01
         vertex 3.278143e+01 6.729699e+01 8.516003e+01
         vertex 3.340499e+01 6.777599e+01 8.530065e+01
      endloop
   endfacet
   facet normal -7.936754e-01 6.083415e-01 1.688487e-17
      outer loop
         vertex 3.387951e+01 6.839507e+01 8.037122e+01
         vertex 3.340499e+01 6.777599e+01 8.530065e+01
         vertex 3.387951e+01 6.839507e+01 8.547147e+01
      endloop
   endfacet
   facet normal 2.587575e-01 9.656973e-01 2.175635e-02
      outer loop
         vertex 2.978143e+01 6.729699e+01 8.037122e+01
         vertex 3.050162e+01 6.699819e+01 8.506853e+01
         vertex 3.128143e+01 6.689507e+01 8.037122e+01
      endloop
   endfacet
   facet normal 1.310994e-01 9.913692e-01 2.751602e-17
      outer loop
         vertex 3.128143e+01 6.689507e+01 8.037122e+01
         vertex 3.050162e+01 6.699819e+01 8.506853e+01
         vertex 3.128143e+01 6.689507e+01 8.503628e+01
      endloop
   endfacet
   facet normal -2.588188e-01 9.659259e-01 2.680983e-17
      outer loop
         vertex 3.128143e+01 6.689507e+01 8.037122e+01
         vertex 3.128143e+01 6.689507e+01 8.503628e+01
         vertex 3.278143e+01 6.729699e+01 8.037122e+01
      endloop
   endfacet
   facet normal -1.325450e-01 9.902569e-01 4.269827e-02
      outer loop
         vertex 3.278143e+01 6.729699e+01 8.037122e+01
         vertex 3.128143e+01 6.689507e+01 8.503628e+01
         vertex 3.206026e+01 6.699793e+01 8.506845e+01
      endloop
   endfacet
   facet normal -3.830612e-01 9.237230e-01 2.563846e-17
      outer loop
         vertex 3.278143e+01 6.729699e+01 8.037122e+01
         vertex 3.206026e+01 6.699793e+01 8.506845e+01
         vertex 3.278143e+01 6.729699e+01 8.516003e+01
      endloop
   endfacet
   facet normal 7.069551e-01 7.069545e-01 2.073367e-02
      outer loop
         vertex 2.868335e+01 6.839507e+01 8.037122e+01
         vertex 2.915869e+01 6.777517e+01 8.530041e+01
         vertex 2.978143e+01 6.729699e+01 8.037122e+01
      endloop
   endfacet
   facet normal 6.090276e-01 7.931490e-01 2.201431e-17
      outer loop
         vertex 2.978143e+01 6.729699e+01 8.037122e+01
         vertex 2.915869e+01 6.777517e+01 8.530041e+01
         vertex 2.978143e+01 6.729699e+01 8.516003e+01
      endloop
   endfacet
   facet normal 3.832177e-01 9.236581e-01 2.563666e-17
      outer loop
         vertex 2.978143e+01 6.729699e+01 8.037122e+01
         vertex 2.978143e+01 6.729699e+01 8.516003e+01
         vertex 3.050162e+01 6.699819e+01 8.506853e+01
      endloop
   endfacet
   facet normal 9.914377e-01 -1.305802e-01 -3.624329e-18
      outer loop
         vertex 2.838374e+01 7.067184e+01 8.599659e+01
         vertex 2.828143e+01 6.989507e+01 8.583539e+01
         vertex 2.828143e+01 6.989507e+01 8.037122e+01
      endloop
   endfacet
   facet normal 9.914531e-01 1.304637e-01 3.621094e-18
      outer loop
         vertex 2.828143e+01 6.989507e+01 8.037122e+01
         vertex 2.828143e+01 6.989507e+01 8.583539e+01
         vertex 2.838355e+01 6.911898e+01 8.565585e+01
      endloop
   endfacet
   facet normal 9.657451e-01 2.587710e-01 1.933971e-02
      outer loop
         vertex 2.828143e+01 6.989507e+01 8.037122e+01
         vertex 2.838355e+01 6.911898e+01 8.565585e+01
         vertex 2.868335e+01 6.839507e+01 8.037122e+01
      endloop
   endfacet
   facet normal 9.239038e-01 3.826249e-01 1.061997e-17
      outer loop
         vertex 2.868335e+01 6.839507e+01 8.037122e+01
         vertex 2.838355e+01 6.911898e+01 8.565585e+01
         vertex 2.868335e+01 6.839507e+01 8.547147e+01
      endloop
   endfacet
   facet normal 7.935581e-01 6.084944e-01 1.688911e-17
      outer loop
         vertex 2.868335e+01 6.839507e+01 8.037122e+01
         vertex 2.868335e+01 6.839507e+01 8.547147e+01
         vertex 2.915869e+01 6.777517e+01 8.530041e+01
      endloop
   endfacet
   facet normal 0.000000e+00 -2.775558e-17 1.000000e+00
      outer loop
         vertex 3.205643e+01 7.123741e+01 8.037122e+01
         vertex 3.278143e+01 7.249315e+01 8.037122e+01
         vertex 3.128143e+01 7.144507e+01 8.037122e+01
      endloop
   endfacet
   facet normal 0.000000e+00 -2.775558e-17 1.000000e+00
      outer loop
         vertex 3.128143e+01 7.144507e+01 8.037122e+01
         vertex 3.278143e+01 7.249315e+01 8.037122e+01
         vertex 3.128143e+01 7.289507e+01 8.037122e+01
      endloop
   endfacet
   facet normal 0.000000e+00 -2.775558e-17 1.000000e+00
      outer loop
         vertex 3.128143e+01 7.144507e+01 8.037122e+01
         vertex 3.128143e+01 7.289507e+01 8.037122e+01
         vertex 3.050643e+01 7.123741e+01 8.037122e+01
      endloop
   endfacet
   facet normal 0.000000e+00 -2.775558e-17 1.000000e+00
      outer loop
         vertex 3.050643e+01 7.123741e+01 8.037122e+01
         vertex 3.128143e+01 7.289507e+01 8.037122e+01
         vertex 2.978143e+01 7.249315e+01 8.037122e+01
      endloop
   endfacet
   facet normal 0.000000e+00 -2.775558e-17 1.000000e+00
      outer loop
         vertex 3.050643e+01 7.123741e+01 8.037122e+01
         vertex 2.978143e+01 7.249315e+01 8.037122e+01
         vertex 2.993909e+01 7.067007e+01 8.037122e+01
      endloop
   endfacet
   facet normal 0.000000e+00 -2.775558e-17 1.000000e+00
      outer loop
         vertex 2.993909e+01 7.067007e+01 8.037122e+01
         vertex 2.978143e+01 7.249315e+01 8.037122e+01
         vertex 2.868335e+01 7.139507e+01 8.037122e+01
      endloop
   endfacet
   facet normal 0.000000e+00 -2.775558e-17 1.000000e+00
      outer loop
         vertex 2.993909e+01 7.067007e+01 8.037122e+01
         vertex 2.868335e+01 7.139507e+01 8.037122e+01
         vertex 2.973143e+01 6.989507e+01 8.037122e+01
      endloop
   endfacet
   facet normal 0.000000e+00 -2.775558e-17 1.000000e+00
      outer loop
         vertex 2.973143e+01 6.989507e+01 8.037122e+01
         vertex 2.868335e+01 7.139507e+01 8.037122e+01
         vertex 2.828143e+01 6.989507e+01 8.037122e+01
      endloop
   endfacet
   facet normal 0.000000e+00 -2.775558e-17 1.000000e+00
      outer loop
         vertex 2.973143e+01 6.989507e+01 8.037122e+01
         vertex 2.828143e+01 6.989507e+01 8.037122e+01
         vertex 2.993909e+01 6.912007e+01 8.037122e+01
      endloop
   endfacet
   facet normal 0.000000e+00 -2.775558e-17 1.000000e+00
      outer loop
         vertex 2.993909e+01 6.912007e+01 8.037122e+01
         vertex 2.828143e+01 6.989507e+01 8.037122e+01
         vertex 2.868335e+01 6.839507e+01 8.037122e+01
      endloop
   endfacet
   facet normal 0.000000e+00 -2.775558e-17 1.000000e+00
      outer loop
         vertex 2.993909e+01 6.912007e+01 8.037122e+01
         vertex 2.868335e+01 6.839507e+01 8.037122e+01
         vertex 3.050643e+01 6.855273e+01 8.037122e+01
      endloop
   endfacet
   facet normal 0.000000e+00 -2.775558e-17 1.000000e+00
      outer loop
         vertex 3.050643e+01 6.855273e+01 8.037122e+01
         vertex 2.868335e+01 6.839507e+01 8.037122e+01
         vertex 2.978143e+01 6.729699e+01 8.037122e+01
      endloop
   endfacet
   facet normal 0.000000e+00 -2.775558e-17 1.000000e+00
      outer loop
         vertex 3.050643e+01 6.855273e+01 8.037122e+01
         vertex 2.978143e+01 6.729699e+01 8.037122e+01
         vertex 3.128143e+01 6.834507e+01 8.037122e+01
      endloop
   endfacet
   facet normal 0.000000e+00 -2.775558e-17 1.000000e+00
      outer loop
         vertex 3.128143e+01 6.834507e+01 8.037122e+01
         vertex 2.978143e+01 6.729699e+01 8.037122e+01
         vertex 3.128143e+01 6.689507e+01 8.037122e+01
      endloop
   endfacet
   facet normal 0.000000e+00 -2.775558e-17 1.000000e+00
      outer loop
         vertex 3.128143e+01 6.834507e+01 8.037122e+01
         vertex 3.128143e+01 6.689507e+01 8.037122e+01
         vertex 3.205643e+01 6.855273e+01 8.037122e+01
      endloop
   endfacet
   facet normal 0.000000e+00 -2.775558e-17 1.000000e+00
      outer loop
         vertex 3.205643e+01 6.855273e+01 8.037122e+01
         vertex 3.128143e+01 6.689507e+01 8.037122e+01
         vertex 3.278143e+01 6.729699e+01 8.037122e+01
      endloop
   endfacet
   facet normal 0.000000e+00 -2.775558e-17 1.000000e+00
      outer loop
         vertex 3.205643e+01 6.855273e+01 8.037122e+01
         vertex 3.278143e+01 6.729699e+01 8.037122e+01
         vertex 3.262377e+01 6.912007e+01 8.037122e+01
      endloop
   endfacet
   facet normal 0.000000e+00 -2.775558e-17 1.000000e+00
      outer loop
         vertex 3.262377e+01 6.912007e+01 8.037122e+01
         vertex 3.278143e+01 6.729699e+01 8.037122e+01
         vertex 3.387951e+01 6.839507e+01 8.037122e+01
      endloop
   endfacet
   facet normal 0.000000e+00 -2.775558e-17 1.000000e+00
      outer loop
         vertex 3.262377e+01 6.912007e+01 8.037122e+01
         vertex 3.387951e+01 6.839507e+01 8.037122e+01
         vertex 3.283143e+01 6.989507e+01 8.037122e+01
      endloop
   endfacet
   facet normal 0.000000e+00 -2.775558e-17 1.000000e+00
      outer loop
         vertex 3.283143e+01 6.989507e+01 8.037122e+01
         vertex 3.387951e+01 6.839507e+01 8.037122e+01
         vertex 3.428143e+01 6.989507e+01 8.037122e+01
      endloop
   endfacet
   facet normal 0.000000e+00 -2.775558e-17 1.000000e+00
      outer loop
         vertex 3.283143e+01 6.989507e+01 8.037122e+01
         vertex 3.428143e+01 6.989507e+01 8.037122e+01
         vertex 3.262377e+01 7.067007e+01 8.037122e+01
      endloop
   endfacet
   facet normal 0.000000e+00 -2.775558e-17 1.000000e+00
      outer loop
         vertex 3.262377e+01 7.067007e+01 8.037122e+01
         vertex 3.428143e+01 6.989507e+01 8.037122e+01
         vertex 3.387951e+01 7.139507e+01 8.037122e+01
      endloop
   endfacet
   facet normal 0.000000e+00 -2.775558e-17 1.000000e+00
      outer loop
         vertex 3.262377e+01 7.067007e+01 8.037122e+01
         vertex 3.387951e+01 7.139507e+01 8.037122e+01
         vertex 3.205643e+01 7.123741e+01 8.037122e+01
      endloop
   endfacet
   facet normal 0.000000e+00 -2.775558e-17 1.000000e+00
      outer loop
         vertex 3.205643e+01 7.123741e+01 8.037122e+01
         vertex 3.387951e+01 7.139507e+01 8.037122e+01
         vertex 3.278143e+01 7.249315e+01 8.037122e+01
      endloop
   endfacet
   facet normal 3.829572e-01 -9.237661e-01 -2.563966e-17
      outer loop
         vertex 3.050325e+01 8.779239e+01 8.506840e+01
         vertex 2.978143e+01 8.749315e+01 8.516003e+01
         vertex 2.978143e+01 8.749315e+01 8.037122e+01
      endloop
   endfacet
   facet normal 9.236757e-01 -3.831752e-01 -1.063525e-17
      outer loop
         vertex 2.868335e+01 8.639507e+01 8.547147e+01
         vertex 2.838448e+01 8.567461e+01 8.565501e+01
         vertex 2.868335e+01 8.639507e+01 8.037122e+01
      endloop
   endfacet
   facet normal 9.657450e-01 -2.587710e-01 1.934252e-02
      outer loop
         vertex 2.868335e+01 8.639507e+01 8.037122e+01
         vertex 2.838448e+01 8.567461e+01 8.565501e+01
         vertex 2.828143e+01 8.489507e+01 8.037122e+01
      endloop
   endfacet
   facet normal 7.071071e-01 -7.071065e-01 -1.962615e-17
      outer loop
         vertex 2.978143e+01 8.749315e+01 8.037122e+01
         vertex 2.978143e+01 8.749315e+01 8.516003e+01
         vertex 2.868335e+01 8.639507e+01 8.037122e+01
      endloop
   endfacet
   facet normal 6.143490e-01 -7.880288e-01 3.982499e-02
      outer loop
         vertex 2.868335e+01 8.639507e+01 8.037122e+01
         vertex 2.978143e+01 8.749315e+01 8.516003e+01
         vertex 2.915777e+01 8.701405e+01 8.530068e+01
      endloop
   endfacet
   facet normal 7.936898e-01 -6.083227e-01 -1.688435e-17
      outer loop
         vertex 2.868335e+01 8.639507e+01 8.037122e+01
         vertex 2.915777e+01 8.701405e+01 8.530068e+01
         vertex 2.868335e+01 8.639507e+01 8.547147e+01
      endloop
   endfacet
   facet normal 1.324336e-01 -9.902702e-01 4.273522e-02
      outer loop
         vertex 3.050325e+01 8.779239e+01 8.506840e+01
         vertex 2.978143e+01 8.749315e+01 8.037122e+01
         vertex 3.128143e+01 8.789507e+01 8.503628e+01
      endloop
   endfacet
   facet normal 2.588188e-01 -9.659259e-01 -2.680983e-17
      outer loop
         vertex 3.128143e+01 8.789507e+01 8.503628e+01
         vertex 2.978143e+01 8.749315e+01 8.037122e+01
         vertex 3.128143e+01 8.789507e+01 8.037122e+01
      endloop
   endfacet
   facet normal -1.307905e-01 -9.914100e-01 -2.751716e-17
      outer loop
         vertex 3.128143e+01 8.789507e+01 8.503628e+01
         vertex 3.128143e+01 8.789507e+01 8.037122e+01
         vertex 3.205943e+01 8.779243e+01 8.506838e+01
      endloop
   endfacet
   facet normal -2.587575e-01 -9.656972e-01 2.175742e-02
      outer loop
         vertex 3.205943e+01 8.779243e+01 8.506838e+01
         vertex 3.128143e+01 8.789507e+01 8.037122e+01
         vertex 3.278143e+01 8.749315e+01 8.037122e+01
      endloop
   endfacet
   facet normal -3.829303e-01 -9.237772e-01 -2.563997e-17
      outer loop
         vertex 3.205943e+01 8.779243e+01 8.506838e+01
         vertex 3.278143e+01 8.749315e+01 8.037122e+01
         vertex 3.278143e+01 8.749315e+01 8.516003e+01
      endloop
   endfacet
   facet normal -6.092152e-01 -7.930050e-01 -2.201031e-17
      outer loop
         vertex 3.278143e+01 8.749315e+01 8.516003e+01
         vertex 3.278143e+01 8.749315e+01 8.037122e+01
         vertex 3.340517e+01 8.701397e+01 8.530070e+01
      endloop
   endfacet
   facet normal -7.069551e-01 -7.069545e-01 2.073206e-02
      outer loop
         vertex 3.340517e+01 8.701397e+01 8.530070e+01
         vertex 3.278143e+01 8.749315e+01 8.037122e+01
         vertex 3.387951e+01 8.639507e+01 8.037122e+01
      endloop
   endfacet
   facet normal -7.937010e-01 -6.083081e-01 -1.688394e-17
      outer loop
         vertex 3.340517e+01 8.701397e+01 8.530070e+01
         vertex 3.387951e+01 8.639507e+01 8.037122e+01
         vertex 3.387951e+01 8.639507e+01 8.547147e+01
      endloop
   endfacet
   facet normal -9.237900e-01 -3.828994e-01 -1.062759e-17
      outer loop
         vertex 3.387951e+01 8.639507e+01 8.547147e+01
         vertex 3.387951e+01 8.639507e+01 8.037122e+01
         vertex 3.417884e+01 8.567288e+01 8.565543e+01
      endloop
   endfacet
   facet normal -9.657452e-01 -2.587705e-01 1.934119e-02
      outer loop
         vertex 3.417884e+01 8.567288e+01 8.565543e+01
         vertex 3.387951e+01 8.639507e+01 8.037122e+01
         vertex 3.428143e+01 8.489507e+01 8.037122e+01
      endloop
   endfacet
   facet normal -9.914143e-01 -1.307581e-01 -3.629265e-18
      outer loop
         vertex 3.417884e+01 8.567288e+01 8.565543e+01
         vertex 3.428143e+01 8.489507e+01 8.037122e+01
         vertex 3.428143e+01 8.489507e+01 8.583539e+01
      endloop
   endfacet
   facet normal -9.914960e-01 1.301373e-01 3.612036e-18
      outer loop
         vertex 3.428143e+01 8.489507e+01 8.583539e+01
         vertex 3.428143e+01 8.489507e+01 8.037122e+01
         vertex 3.417981e+01 8.412088e+01 8.599609e+01
      endloop
   endfacet
   facet normal -9.657664e-01 2.587761e-01 1.817020e-02
      outer loop
         vertex 3.417981e+01 8.412088e+01 8.599609e+01
         vertex 3.428143e+01 8.489507e+01 8.037122e+01
         vertex 3.387951e+01 8.339507e+01 8.037122e+01
      endloop
   endfacet
   facet normal -9.240293e-01 3.823218e-01 1.061156e-17
      outer loop
         vertex 3.417981e+01 8.412088e+01 8.599609e+01
         vertex 3.387951e+01 8.339507e+01 8.037122e+01
         vertex 3.387951e+01 8.339507e+01 8.613028e+01
      endloop
   endfacet
   facet normal -8.391682e-01 5.438720e-01 1.509548e-17
      outer loop
         vertex 3.387951e+01 8.339507e+01 8.613028e+01
         vertex 3.387951e+01 8.339507e+01 8.037122e+01
         vertex 3.371170e+01 8.313616e+01 8.617434e+01
      endloop
   endfacet
   facet normal -7.070634e-01 7.070631e-01 1.110100e-02
      outer loop
         vertex 3.371170e+01 8.313616e+01 8.617434e+01
         vertex 3.387951e+01 8.339507e+01 8.037122e+01
         vertex 3.278143e+01 8.229699e+01 8.037122e+01
      endloop
   endfacet
   facet normal -7.434050e-01 6.684627e-01 2.250856e-02
      outer loop
         vertex 3.371170e+01 8.313616e+01 8.617434e+01
         vertex 3.278143e+01 8.229699e+01 8.037122e+01
         vertex 3.329964e+01 8.267543e+01 8.624779e+01
      endloop
   endfacet
   facet normal -2.587812e-01 9.657844e-01 1.711082e-02
      outer loop
         vertex 3.128143e+01 8.189507e+01 8.037122e+01
         vertex 3.205857e+01 8.199748e+01 8.634448e+01
         vertex 3.278143e+01 8.229699e+01 8.037122e+01
      endloop
   endfacet
   facet normal -3.827925e-01 9.238344e-01 2.564155e-17
      outer loop
         vertex 3.278143e+01 8.229699e+01 8.037122e+01
         vertex 3.205857e+01 8.199748e+01 8.634448e+01
         vertex 3.278143e+01 8.229699e+01 8.630344e+01
      endloop
   endfacet
   facet normal -5.897516e-01 8.075847e-01 2.241498e-17
      outer loop
         vertex 3.278143e+01 8.229699e+01 8.037122e+01
         vertex 3.278143e+01 8.229699e+01 8.630344e+01
         vertex 3.329964e+01 8.267543e+01 8.624779e+01
      endloop
   endfacet
   facet normal 5.898717e-01 8.074970e-01 2.241254e-17
      outer loop
         vertex 2.926256e+01 8.267603e+01 8.624770e+01
         vertex 2.978143e+01 8.229699e+01 8.630344e+01
         vertex 2.978143e+01 8.229699e+01 8.037122e+01
      endloop
   endfacet
   facet normal 3.828943e-01 9.237922e-01 2.564038e-17
      outer loop
         vertex 2.978143e+01 8.229699e+01 8.037122e+01
         vertex 2.978143e+01 8.229699e+01 8.630344e+01
         vertex 3.050365e+01 8.199765e+01 8.634446e+01
      endloop
   endfacet
   facet normal 2.587812e-01 9.657844e-01 1.711082e-02
      outer loop
         vertex 2.978143e+01 8.229699e+01 8.037122e+01
         vertex 3.050365e+01 8.199765e+01 8.634446e+01
         vertex 3.128143e+01 8.189507e+01 8.037122e+01
      endloop
   endfacet
   facet normal 1.307529e-01 9.914150e-01 2.751729e-17
      outer loop
         vertex 3.128143e+01 8.189507e+01 8.037122e+01
         vertex 3.050365e+01 8.199765e+01 8.634446e+01
         vertex 3.128143e+01 8.189507e+01 8.635791e+01
      endloop
   endfacet
   facet normal -1.306432e-01 9.914294e-01 2.751769e-17
      outer loop
         vertex 3.128143e+01 8.189507e+01 8.037122e+01
         vertex 3.128143e+01 8.189507e+01 8.635791e+01
         vertex 3.205857e+01 8.199748e+01 8.634448e+01
      endloop
   endfacet
   facet normal 9.913753e-01 -1.310534e-01 -3.637464e-18
      outer loop
         vertex 2.838448e+01 8.567461e+01 8.565501e+01
         vertex 2.828143e+01 8.489507e+01 8.583539e+01
         vertex 2.828143e+01 8.489507e+01 8.037122e+01
      endloop
   endfacet
   facet normal 9.915152e-01 1.299906e-01 3.607963e-18
      outer loop
         vertex 2.828143e+01 8.489507e+01 8.037122e+01
         vertex 2.828143e+01 8.489507e+01 8.583539e+01
         vertex 2.838281e+01 8.412175e+01 8.599592e+01
      endloop
   endfacet
   facet normal 9.657663e-01 2.587767e-01 1.817049e-02
      outer loop
         vertex 2.828143e+01 8.489507e+01 8.037122e+01
         vertex 2.838281e+01 8.412175e+01 8.599592e+01
         vertex 2.868335e+01 8.339507e+01 8.037122e+01
      endloop
   endfacet
   facet normal 9.241428e-01 3.820472e-01 2.063679e-05
      outer loop
         vertex 2.868335e+01 8.339507e+01 8.037122e+01
         vertex 2.838281e+01 8.412175e+01 8.599592e+01
         vertex 2.868290e+01 8.339586e+01 8.613015e+01
      endloop
   endfacet
   facet normal 7.071069e-01 7.071066e-01 -4.082360e-05
      outer loop
         vertex 2.868335e+01 8.339507e+01 8.037122e+01
         vertex 2.868290e+01 8.339586e+01 8.613015e+01
         vertex 2.978143e+01 8.229699e+01 8.037122e+01
      endloop
   endfacet
   facet normal 8.358536e-01 5.461673e-01 5.522679e-02
      outer loop
         vertex 2.978143e+01 8.229699e+01 8.037122e+01
         vertex 2.868290e+01 8.339586e+01 8.613015e+01
         vertex 2.883700e+01 8.315588e+01 8.617105e+01
      endloop
   endfacet
   facet normal 7.461488e-01 6.653830e-01 2.296508e-02
      outer loop
         vertex 2.978143e+01 8.229699e+01 8.037122e+01
         vertex 2.883700e+01 8.315588e+01 8.617105e+01
         vertex 2.926256e+01 8.267603e+01 8.624770e+01
      endloop
   endfacet
   facet normal 0.000000e+00 -2.775558e-17 1.000000e+00
      outer loop
         vertex 3.262377e+01 8.567007e+01 8.037122e+01
         vertex 3.387951e+01 8.639507e+01 8.037122e+01
         vertex 3.205643e+01 8.623741e+01 8.037122e+01
      endloop
   endfacet
   facet normal 0.000000e+00 -2.775558e-17 1.000000e+00
      outer loop
         vertex 3.205643e+01 8.623741e+01 8.037122e+01
         vertex 3.387951e+01 8.639507e+01 8.037122e+01
         vertex 3.278143e+01 8.749315e+01 8.037122e+01
      endloop
   endfacet
   facet normal 0.000000e+00 -2.775558e-17 1.000000e+00
      outer loop
         vertex 3.205643e+01 8.623741e+01 8.037122e+01
         vertex 3.278143e+01 8.749315e+01 8.037122e+01
         vertex 3.128143e+01 8.644507e+01 8.037122e+01
      endloop
   endfacet
   facet normal 0.000000e+00 -2.775558e-17 1.000000e+00
      outer loop
         vertex 3.128143e+01 8.644507e+01 8.037122e+01
         vertex 3.278143e+01 8.749315e+01 8.037122e+01
         vertex 3.128143e+01 8.789507e+01 8.037122e+01
      endloop
   endfacet
   facet normal 0.000000e+00 -2.775558e-17 1.000000e+00
      outer loop
         vertex 3.128143e+01 8.644507e+01 8.037122e+01
         vertex 3.128143e+01 8.789507e+01 8.037122e+01
         vertex 3.050643e+01 8.623741e+01 8.037122e+01
      endloop
   endfacet
   facet normal 0.000000e+00 -2.775558e-17 1.000000e+00
      outer loop
         vertex 3.050643e+01 8.623741e+01 8.037122e+01
         vertex 3.128143e+01 8.789507e+01 8.037122e+01
         vertex 2.978143e+01 8.749315e+01 8.037122e+01
      endloop
   endfacet
   facet normal 0.000000e+00 -2.775558e-17 1.000000e+00
      outer loop
         vertex 3.050643e+01 8.623741e+01 8.037122e+01
         vertex 2.978143e+01 8.749315e+01 8.037122e+01
         vertex 2.993909e+01 8.567007e+01 8.037122e+01
      endloop
   endfacet
   facet normal 0.000000e+00 -2.775558e-17 1.000000e+00
      outer loop
         vertex 2.993909e+01 8.567007e+01 8.037122e+01
         vertex 2.978143e+01 8.749315e+01 8.037122e+01
         vertex 2.868335e+01 8.639507e+01 8.037122e+01
      endloop
   endfacet
   facet normal 0.000000e+00 -2.775558e-17 1.000000e+00
      outer loop
         vertex 2.993909e+01 8.567007e+01 8.037122e+01
         vertex 2.868335e+01 8.639507e+01 8.037122e+01
         vertex 2.973143e+01 8.489507e+01 8.037122e+01
      endloop
   endfacet
   facet normal 0.000000e+00 -2.775558e-17 1.000000e+00
      outer loop
         vertex 2.973143e+01 8.489507e+01 8.037122e+01
         vertex 2.868335e+01 8.639507e+01 8.037122e+01
         vertex 2.828143e+01 8.489507e+01 8.037122e+01
      endloop
   endfacet
   facet normal 0.000000e+00 -2.775558e-17 1.000000e+00
      outer loop
         vertex 2.973143e+01 8.489507e+01 8.037122e+01
         vertex 2.828143e+01 8.489507e+01 8.037122e+01
         vertex 2.993909e+01 8.412007e+01 8.037122e+01
      endloop
   endfacet
   facet normal 0.000000e+00 -2.775558e-17 1.000000e+00
      outer loop
         vertex 2.993909e+01 8.412007e+01 8.037122e+01
         vertex 2.828143e+01 8.489507e+01 8.037122e+01
         vertex 2.868335e+01 8.339507e+01 8.037122e+01
      endloop
   endfacet
   facet normal 0.000000e+00 -2.775558e-17 1.000000e+00
      outer loop
         vertex 2.993909e+01 8.412007e+01 8.037122e+01
         vertex 2.868335e+01 8.339507e+01 8.037122e+01
         vertex 3.050643e+01 8.355273e+01 8.037122e+01
      endloop
   endfacet
   facet normal 0.000000e+00 -2.775558e-17 1.000000e+00
      outer loop
         vertex 3.050643e+01 8.355273e+01 8.037122e+01
         vertex 2.868335e+01 8.339507e+01 8.037122e+01
         vertex 2.978143e+01 8.229699e+01 8.037122e+01
      endloop
   endfacet
   facet normal 0.000000e+00 -2.775558e-17 1.000000e+00
      outer loop
         vertex 3.050643e+01 8.355273e+01 8.037122e+01
         vertex 2.978143e+01 8.229699e+01 8.037122e+01
         vertex 3.128143e+01 8.334507e+01 8.037122e+01
      endloop
   endfacet
   facet normal 0.000000e+00 -2.775558e-17 1.000000e+00
      outer loop
         vertex 3.128143e+01 8.334507e+01 8.037122e+01
         vertex 2.978143e+01 8.229699e+01 8.037122e+01
         vertex 3.128143e+01 8.189507e+01 8.037122e+01
      endloop
   endfacet
   facet normal 0.000000e+00 -2.775558e-17 1.000000e+00
      outer loop
         vertex 3.128143e+01 8.334507e+01 8.037122e+01
         vertex 3.128143e+01 8.189507e+01 8.037122e+01
         vertex 3.205643e+01 8.355273e+01 8.037122e+01
      endloop
   endfacet
   facet normal 0.000000e+00 -2.775558e-17 1.000000e+00
      outer loop
         vertex 3.205643e+01 8.355273e+01 8.037122e+01
         vertex 3.128143e+01 8.189507e+01 8.037122e+01
         vertex 3.278143e+01 8.229699e+01 8.037122e+01
      endloop
   endfacet
   facet normal 0.000000e+00 -2.775558e-17 1.000000e+00
      outer loop
         vertex 3.205643e+01 8.355273e+01 8.037122e+01
         vertex 3.278143e+01 8.229699e+01 8.037122e+01
         vertex 3.262377e+01 8.412007e+01 8.037122e+01
      endloop
   endfacet
   facet normal 0.000000e+00 -2.775558e-17 1.000000e+00
      outer loop
         vertex 3.262377e+01 8.412007e+01 8.037122e+01
         vertex 3.278143e+01 8.229699e+01 8.037122e+01
         vertex 3.387951e+01 8.339507e+01 8.037122e+01
      endloop
   endfacet
   facet normal 0.000000e+00 -2.775558e-17 1.000000e+00
      outer loop
         vertex 3.262377e+01 8.412007e+01 8.037122e+01
         vertex 3.387951e+01 8.339507e+01 8.037122e+01
         vertex 3.283143e+01 8.489507e+01 8.037122e+01
      endloop
   endfacet
   facet normal 0.000000e+00 -2.775558e-17 1.000000e+00
      outer loop
         vertex 3.283143e+01 8.489507e+01 8.037122e+01
         vertex 3.387951e+01 8.339507e+01 8.037122e+01
         vertex 3.428143e+01 8.489507e+01 8.037122e+01
      endloop
   endfacet
   facet normal 0.000000e+00 -2.775558e-17 1.000000e+00
      outer loop
         vertex 3.283143e+01 8.489507e+01 8.037122e+01
         vertex 3.428143e+01 8.489507e+01 8.037122e+01
         vertex 3.262377e+01 8.567007e+01 8.037122e+01
      endloop
   endfacet
   facet normal 0.000000e+00 -2.775558e-17 1.000000e+00
      outer loop
         vertex 3.262377e+01 8.567007e+01 8.037122e+01
         vertex 3.428143e+01 8.489507e+01 8.037122e+01
         vertex 3.387951e+01 8.639507e+01 8.037122e+01
      endloop
   endfacet
   facet normal -9.241428e-01 -3.820472e-01 -2.063679e-05
      outer loop
         vertex 3.387951e+01 7.139507e+01 2.292559e+01
         vertex 3.387996e+01 7.139428e+01 1.716666e+01
         vertex 3.418005e+01 7.066839e+01 1.730089e+01
      endloop
   endfacet
   facet normal -9.657664e-01 -2.587761e-01 -1.817057e-02
      outer loop
         vertex 3.387951e+01 7.139507e+01 2.292559e+01
         vertex 3.418005e+01 7.066839e+01 1.730089e+01
         vertex 3.428143e+01 6.989507e+01 2.292559e+01
      endloop
   endfacet
   facet normal -8.414448e-01 -5.403431e-01 7.482041e-06
      outer loop
         vertex 3.387996e+01 7.139428e+01 1.716666e+01
         vertex 3.387951e+01 7.139507e+01 2.292559e+01
         vertex 3.372586e+01 7.163426e+01 1.712576e+01
      endloop
   endfacet
   facet normal -7.070685e-01 -7.070682e-01 -1.042829e-02
      outer loop
         vertex 3.372586e+01 7.163426e+01 1.712576e+01
         vertex 3.387951e+01 7.139507e+01 2.292559e+01
         vertex 3.278143e+01 7.249315e+01 2.292559e+01
      endloop
   endfacet
   facet normal -7.461488e-01 -6.653830e-01 -2.296508e-02
      outer loop
         vertex 3.372586e+01 7.163426e+01 1.712576e+01
         vertex 3.278143e+01 7.249315e+01 2.292559e+01
         vertex 3.330030e+01 7.211411e+01 1.704910e+01
      endloop
   endfacet
   facet normal -2.587812e-01 -9.657844e-01 -1.711082e-02
      outer loop
         vertex 3.128143e+01 7.289507e+01 2.292559e+01
         vertex 3.205921e+01 7.279249e+01 1.695235e+01
         vertex 3.278143e+01 7.249315e+01 2.292559e+01
      endloop
   endfacet
   facet normal -3.828943e-01 -9.237922e-01 -2.564038e-17
      outer loop
         vertex 3.278143e+01 7.249315e+01 2.292559e+01
         vertex 3.205921e+01 7.279249e+01 1.695235e+01
         vertex 3.278143e+01 7.249315e+01 1.699337e+01
      endloop
   endfacet
   facet normal -5.898717e-01 -8.074970e-01 -2.241254e-17
      outer loop
         vertex 3.278143e+01 7.249315e+01 2.292559e+01
         vertex 3.278143e+01 7.249315e+01 1.699337e+01
         vertex 3.330030e+01 7.211411e+01 1.704910e+01
      endloop
   endfacet
   facet normal 2.587812e-01 -9.657844e-01 -1.711082e-02
      outer loop
         vertex 2.978143e+01 7.249315e+01 2.292559e+01
         vertex 3.050429e+01 7.279266e+01 1.695232e+01
         vertex 3.128143e+01 7.289507e+01 2.292559e+01
      endloop
   endfacet
   facet normal 1.306432e-01 -9.914294e-01 -2.751769e-17
      outer loop
         vertex 3.128143e+01 7.289507e+01 2.292559e+01
         vertex 3.050429e+01 7.279266e+01 1.695232e+01
         vertex 3.128143e+01 7.289507e+01 1.693889e+01
      endloop
   endfacet
   facet normal -1.307529e-01 -9.914150e-01 -2.751729e-17
      outer loop
         vertex 3.128143e+01 7.289507e+01 2.292559e+01
         vertex 3.128143e+01 7.289507e+01 1.693889e+01
         vertex 3.205921e+01 7.279249e+01 1.695235e+01
      endloop
   endfacet
   facet normal 7.434050e-01 -6.684627e-01 -2.250856e-02
      outer loop
         vertex 2.885116e+01 7.165398e+01 1.712247e+01
         vertex 2.926322e+01 7.211471e+01 1.704901e+01
         vertex 2.978143e+01 7.249315e+01 2.292559e+01
      endloop
   endfacet
   facet normal 5.897516e-01 -8.075847e-01 -2.241498e-17
      outer loop
         vertex 2.978143e+01 7.249315e+01 2.292559e+01
         vertex 2.926322e+01 7.211471e+01 1.704901e+01
         vertex 2.978143e+01 7.249315e+01 1.699337e+01
      endloop
   endfacet
   facet normal 3.827925e-01 -9.238344e-01 -2.564155e-17
      outer loop
         vertex 2.978143e+01 7.249315e+01 2.292559e+01
         vertex 2.978143e+01 7.249315e+01 1.699337e+01
         vertex 3.050429e+01 7.279266e+01 1.695232e+01
      endloop
   endfacet
   facet normal 8.337034e-01 -5.495482e-01 -5.417956e-02
      outer loop
         vertex 2.885116e+01 7.165398e+01 1.712247e+01
         vertex 2.978143e+01 7.249315e+01 2.292559e+01
         vertex 2.868335e+01 7.139507e+01 1.716653e+01
      endloop
   endfacet
   facet normal 7.071069e-01 -7.071066e-01 -1.962615e-17
      outer loop
         vertex 2.868335e+01 7.139507e+01 1.716653e+01
         vertex 2.978143e+01 7.249315e+01 2.292559e+01
         vertex 2.868335e+01 7.139507e+01 2.292559e+01
      endloop
   endfacet
   facet normal 9.240293e-01 -3.823218e-01 -1.061156e-17
      outer loop
         vertex 2.868335e+01 7.139507e+01 1.716653e+01
         vertex 2.868335e+01 7.139507e+01 2.292559e+01
         vertex 2.838304e+01 7.066926e+01 1.730072e+01
      endloop
   endfacet
   facet normal 9.657663e-01 -2.587767e-01 -1.817012e-02
      outer loop
         vertex 2.838304e+01 7.066926e+01 1.730072e+01
         vertex 2.868335e+01 7.139507e+01 2.292559e+01
         vertex 2.828143e+01 6.989507e+01 2.292559e+01
      endloop
   endfacet
   facet normal 9.914958e-01 -1.301385e-01 -3.612068e-18
      outer loop
         vertex 2.838304e+01 7.066926e+01 1.730072e+01
         vertex 2.828143e+01 6.989507e+01 2.292559e+01
         vertex 2.828143e+01 6.989507e+01 1.746142e+01
      endloop
   endfacet
   facet normal 9.914142e-01 1.307592e-01 3.629298e-18
      outer loop
         vertex 2.828143e+01 6.989507e+01 1.746142e+01
         vertex 2.828143e+01 6.989507e+01 2.292559e+01
         vertex 2.838402e+01 6.911726e+01 1.764138e+01
      endloop
   endfacet
   facet normal 9.657450e-01 2.587710e-01 -1.934111e-02
      outer loop
         vertex 2.838402e+01 6.911726e+01 1.764138e+01
         vertex 2.828143e+01 6.989507e+01 2.292559e+01
         vertex 2.868335e+01 6.839507e+01 2.292559e+01
      endloop
   endfacet
   facet normal 9.237900e-01 3.828994e-01 1.062759e-17
      outer loop
         vertex 2.838402e+01 6.911726e+01 1.764138e+01
         vertex 2.868335e+01 6.839507e+01 2.292559e+01
         vertex 2.868335e+01 6.839507e+01 1.782534e+01
      endloop
   endfacet
   facet normal 7.071071e-01 7.071065e-01 1.962615e-17
      outer loop
         vertex 2.978143e+01 6.729699e+01 2.292559e+01
         vertex 2.978143e+01 6.729699e+01 1.813678e+01
         vertex 2.868335e+01 6.839507e+01 2.292559e+01
      endloop
   endfacet
   facet normal 6.143638e-01 7.880175e-01 -3.981899e-02
      outer loop
         vertex 2.868335e+01 6.839507e+01 2.292559e+01
         vertex 2.978143e+01 6.729699e+01 1.813678e+01
         vertex 2.915769e+01 6.777617e+01 1.799611e+01
      endloop
   endfacet
   facet normal 7.937010e-01 6.083081e-01 1.688394e-17
      outer loop
         vertex 2.868335e+01 6.839507e+01 2.292559e+01
         vertex 2.915769e+01 6.777617e+01 1.799611e+01
         vertex 2.868335e+01 6.839507e+01 1.782534e+01
      endloop
   endfacet
   facet normal -2.587575e-01 9.656972e-01 -2.175730e-02
      outer loop
         vertex 3.278143e+01 6.729699e+01 2.292559e+01
         vertex 3.205960e+01 6.699775e+01 1.822841e+01
         vertex 3.128143e+01 6.689507e+01 2.292559e+01
      endloop
   endfacet
   facet normal -1.308196e-01 9.914062e-01 2.751705e-17
      outer loop
         vertex 3.128143e+01 6.689507e+01 2.292559e+01
         vertex 3.205960e+01 6.699775e+01 1.822841e+01
         vertex 3.128143e+01 6.689507e+01 1.826053e+01
      endloop
   endfacet
   facet normal 2.588188e-01 9.659259e-01 2.680983e-17
      outer loop
         vertex 3.128143e+01 6.689507e+01 2.292559e+01
         vertex 3.128143e+01 6.689507e+01 1.826053e+01
         vertex 2.978143e+01 6.729699e+01 2.292559e+01
      endloop
   endfacet
   facet normal 1.324044e-01 9.902737e-01 -4.274490e-02
      outer loop
         vertex 2.978143e+01 6.729699e+01 2.292559e+01
         vertex 3.128143e+01 6.689507e+01 1.826053e+01
         vertex 3.050342e+01 6.699771e+01 1.822843e+01
      endloop
   endfacet
   facet normal 3.829303e-01 9.237772e-01 2.563997e-17
      outer loop
         vertex 2.978143e+01 6.729699e+01 2.292559e+01
         vertex 3.050342e+01 6.699771e+01 1.822843e+01
         vertex 2.978143e+01 6.729699e+01 1.813678e+01
      endloop
   endfacet
   facet normal -7.069551e-01 7.069545e-01 -2.073229e-02
      outer loop
         vertex 3.387951e+01 6.839507e+01 2.292559e+01
         vertex 3.340509e+01 6.777609e+01 1.799613e+01
         vertex 3.278143e+01 6.729699e+01 2.292559e+01
      endloop
   endfacet
   facet normal -6.091996e-01 7.930170e-01 2.201064e-17
      outer loop
         vertex 3.278143e+01 6.729699e+01 2.292559e+01
         vertex 3.340509e+01 6.777609e+01 1.799613e+01
         vertex 3.278143e+01 6.729699e+01 1.813678e+01
      endloop
   endfacet
   facet normal -3.829572e-01 9.237661e-01 2.563966e-17
      outer loop
         vertex 3.278143e+01 6.729699e+01 2.292559e+01
         vertex 3.278143e+01 6.729699e+01 1.813678e+01
         vertex 3.205960e+01 6.699775e+01 1.822841e+01
      endloop
   endfacet
   facet normal -9.915154e-01 -1.299894e-01 -3.607930e-18
      outer loop
         vertex 3.418005e+01 7.066839e+01 1.730089e+01
         vertex 3.428143e+01 6.989507e+01 1.746142e+01
         vertex 3.428143e+01 6.989507e+01 2.292559e+01
      endloop
   endfacet
   facet normal -9.913753e-01 1.310534e-01 3.637464e-18
      outer loop
         vertex 3.428143e+01 6.989507e+01 2.292559e+01
         vertex 3.428143e+01 6.989507e+01 1.746142e+01
         vertex 3.417838e+01 6.911553e+01 1.764180e+01
      endloop
   endfacet
   facet normal -9.657452e-01 2.587704e-01 -1.934243e-02
      outer loop
         vertex 3.428143e+01 6.989507e+01 2.292559e+01
         vertex 3.417838e+01 6.911553e+01 1.764180e+01
         vertex 3.387951e+01 6.839507e+01 2.292559e+01
      endloop
   endfacet
   facet normal -9.236761e-01 3.831741e-01 1.063522e-17
      outer loop
         vertex 3.387951e+01 6.839507e+01 2.292559e+01
         vertex 3.417838e+01 6.911553e+01 1.764180e+01
         vertex 3.387951e+01 6.839507e+01 1.782534e+01
      endloop
   endfacet
   facet normal -7.936898e-01 6.083227e-01 1.688435e-17
      outer loop
         vertex 3.387951e+01 6.839507e+01 2.292559e+01
         vertex 3.387951e+01 6.839507e+01 1.782534e+01
         vertex 3.340509e+01 6.777609e+01 1.799613e+01
      endloop
   endfacet
   facet normal 0.000000e+00 2.775558e-17 -1.000000e+00
      outer loop
         vertex 3.050643e+01 7.123741e+01 2.292559e+01
         vertex 2.978143e+01 7.249315e+01 2.292559e+01
         vertex 3.128143e+01 7.144507e+01 2.292559e+01
      endloop
   endfacet
   facet normal 0.000000e+00 2.775558e-17 -1.000000e+00
      outer loop
         vertex 3.128143e+01 7.144507e+01 2.292559e+01
         vertex 2.978143e+01 7.249315e+01 2.292559e+01
         vertex 3.128143e+01 7.289507e+01 2.292559e+01
      endloop
   endfacet
   facet normal 0.000000e+00 2.775558e-17 -1.000000e+00
      outer loop
         vertex 3.128143e+01 7.144507e+01 2.292559e+01
         vertex 3.128143e+01 7.289507e+01 2.292559e+01
         vertex 3.205643e+01 7.123741e+01 2.292559e+01
      endloop
   endfacet
   facet normal 0.000000e+00 2.775558e-17 -1.000000e+00
      outer loop
         vertex 3.205643e+01 7.123741e+01 2.292559e+01
         vertex 3.128143e+01 7.289507e+01 2.292559e+01
         vertex 3.278143e+01 7.249315e+01 2.292559e+01
      endloop
   endfacet
   facet normal 0.000000e+00 2.775558e-17 -1.000000e+00
      outer loop
         vertex 3.205643e+01 7.123741e+01 2.292559e+01
         vertex 3.278143e+01 7.249315e+01 2.292559e+01
         vertex 3.262377e+01 7.067007e+01 2.292559e+01
      endloop
   endfacet
   facet normal 0.000000e+00 2.775558e-17 -1.000000e+00
      outer loop
         vertex 3.262377e+01 7.067007e+01 2.292559e+01
         vertex 3.278143e+01 7.249315e+01 2.292559e+01
         vertex 3.387951e+01 7.139507e+01 2.292559e+01
      endloop
   endfacet
   facet normal 0.000000e+00 2.775558e-17 -1.000000e+00
      outer loop
         vertex 3.262377e+01 7.067007e+01 2.292559e+01
         vertex 3.387951e+01 7.139507e+01 2.292559e+01
         vertex 3.283143e+01 6.989507e+01 2.292559e+01
      endloop
   endfacet
   facet normal 0.000000e+00 2.775558e-17 -1.000000e+00
      outer loop
         vertex 3.283143e+01 6.989507e+01 2.292559e+01
         vertex 3.387951e+01 7.139507e+01 2.292559e+01
         vertex 3.428143e+01 6.989507e+01 2.292559e+01
      endloop
   endfacet
   facet normal 0.000000e+00 2.775558e-17 -1.000000e+00
      outer loop
         vertex 3.283143e+01 6.989507e+01 2.292559e+01
         vertex 3.428143e+01 6.989507e+01 2.292559e+01
         vertex 3.262377e+01 6.912007e+01 2.292559e+01
      endloop
   endfacet
   facet normal 0.000000e+00 2.775558e-17 -1.000000e+00
      outer loop
         vertex 3.262377e+01 6.912007e+01 2.292559e+01
         vertex 3.428143e+01 6.989507e+01 2.292559e+01
         vertex 3.387951e+01 6.839507e+01 2.292559e+01
      endloop
   endfacet
   facet normal -0.000000e+00 2.775558e-17 -1.000000e+00
      outer loop
         vertex 3.262377e+01 6.912007e+01 2.292559e+01
         vertex 3.387951e+01 6.839507e+01 2.292559e+01
         vertex 3.205643e+01 6.855273e+01 2.292559e+01
      endloop
   endfacet
   facet normal 0.000000e+00 2.775558e-17 -1.000000e+00
      outer loop
         vertex 3.205643e+01 6.855273e+01 2.292559e+01
         vertex 3.387951e+01 6.839507e+01 2.292559e+01
         vertex 3.278143e+01 6.729699e+01 2.292559e+01
      endloop
   endfacet
   facet normal -0.000000e+00 2.775558e-17 -1.000000e+00
      outer loop
         vertex 3.205643e+01 6.855273e+01 2.292559e+01
         vertex 3.278143e+01 6.729699e+01 2.292559e+01
         vertex 3.128143e+01 6.834507e+01 2.292559e+01
      endloop
   endfacet
   facet normal -0.000000e+00 2.775558e-17 -1.000000e+00
      outer loop
         vertex 3.128143e+01 6.834507e+01 2.292559e+01
         vertex 3.278143e+01 6.729699e+01 2.292559e+01
         vertex 3.128143e+01 6.689507e+01 2.292559e+01
      endloop
   endfacet
   facet normal 0.000000e+00 2.775558e-17 -1.000000e+00
      outer loop
         vertex 3.128143e+01 6.834507e+01 2.292559e+01
         vertex 3.128143e+01 6.689507e+01 2.292559e+01
         vertex 3.050643e+01 6.855273e+01 2.292559e+01
      endloop
   endfacet
   facet normal -0.000000e+00 2.775558e-17 -1.000000e+00
      outer loop
         vertex 3.050643e+01 6.855273e+01 2.292559e+01
         vertex 3.128143e+01 6.689507e+01 2.292559e+01
         vertex 2.978143e+01 6.729699e+01 2.292559e+01
      endloop
   endfacet
   facet normal 0.000000e+00 2.775558e-17 -1.000000e+00
      outer loop
         vertex 3.050643e+01 6.855273e+01 2.292559e+01
         vertex 2.978143e+01 6.729699e+01 2.292559e+01
         vertex 2.993909e+01 6.912007e+01 2.292559e+01
      endloop
   endfacet
   facet normal 0.000000e+00 2.775558e-17 -1.000000e+00
      outer loop
         vertex 2.993909e+01 6.912007e+01 2.292559e+01
         vertex 2.978143e+01 6.729699e+01 2.292559e+01
         vertex 2.868335e+01 6.839507e+01 2.292559e+01
      endloop
   endfacet
   facet normal 0.000000e+00 2.775558e-17 -1.000000e+00
      outer loop
         vertex 2.993909e+01 6.912007e+01 2.292559e+01
         vertex 2.868335e+01 6.839507e+01 2.292559e+01
         vertex 2.973143e+01 6.989507e+01 2.292559e+01
      endloop
   endfacet
   facet normal 0.000000e+00 2.775558e-17 -1.000000e+00
      outer loop
         vertex 2.973143e+01 6.989507e+01 2.292559e+01
         vertex 2.868335e+01 6.839507e+01 2.292559e+01
         vertex 2.828143e+01 6.989507e+01 2.292559e+01
      endloop
   endfacet
   facet normal 0.000000e+00 2.775558e-17 -1.000000e+00
      outer loop
         vertex 2.973143e+01 6.989507e+01 2.292559e+01
         vertex 2.828143e+01 6.989507e+01 2.292559e+01
         vertex 2.993909e+01 7.067007e+01 2.292559e+01
      endloop
   endfacet
   facet normal 0.000000e+00 2.775558e-17 -1.000000e+00
      outer loop
         vertex 2.993909e+01 7.067007e+01 2.292559e+01
         vertex 2.828143e+01 6.989507e+01 2.292559e+01
         vertex 2.868335e+01 7.139507e+01 2.292559e+01
      endloop
   endfacet
   facet normal 0.000000e+00 2.775558e-17 -1.000000e+00
      outer loop
         vertex 2.993909e+01 7.067007e+01 2.292559e+01
         vertex 2.868335e+01 7.139507e+01 2.292559e+01
         vertex 3.050643e+01 7.123741e+01 2.292559e+01
      endloop
   endfacet
   facet normal 0.000000e+00 2.775558e-17 -1.000000e+00
      outer loop
         vertex 3.050643e+01 7.123741e+01 2.292559e+01
         vertex 2.868335e+01 7.139507e+01 2.292559e+01
         vertex 2.978143e+01 7.249315e+01 2.292559e+01
      endloop
   endfacet
   facet normal -3.832177e-01 -9.236581e-01 -2.563666e-17
      outer loop
         vertex 3.206124e+01 8.779195e+01 1.822828e+01
         vertex 3.278143e+01 8.749315e+01 1.813678e+01
         vertex 3.278143e+01 8.749315e+01 2.292559e+01
      endloop
   endfacet
   facet normal -9.239038e-01 -3.826249e-01 -1.061997e-17
      outer loop
         vertex 3.387951e+01 8.639507e+01 1.782534e+01
         vertex 3.417931e+01 8.567116e+01 1.764096e+01
         vertex 3.387951e+01 8.639507e+01 2.292559e+01
      endloop
   endfacet
   facet normal -9.657452e-01 -2.587705e-01 -1.933980e-02
      outer loop
         vertex 3.387951e+01 8.639507e+01 2.292559e+01
         vertex 3.417931e+01 8.567116e+01 1.764096e+01
         vertex 3.428143e+01 8.489507e+01 2.292559e+01
      endloop
   endfacet
   facet normal -7.071071e-01 -7.071065e-01 -1.962615e-17
      outer loop
         vertex 3.278143e+01 8.749315e+01 2.292559e+01
         vertex 3.278143e+01 8.749315e+01 1.813678e+01
         vertex 3.387951e+01 8.639507e+01 2.292559e+01
      endloop
   endfacet
   facet normal -6.141850e-01 -7.881532e-01 -3.989113e-02
      outer loop
         vertex 3.387951e+01 8.639507e+01 2.292559e+01
         vertex 3.278143e+01 8.749315e+01 1.813678e+01
         vertex 3.340417e+01 8.701497e+01 1.799640e+01
      endloop
   endfacet
   facet normal -7.935576e-01 -6.084952e-01 -1.688913e-17
      outer loop
         vertex 3.387951e+01 8.639507e+01 2.292559e+01
         vertex 3.340417e+01 8.701497e+01 1.799640e+01
         vertex 3.387951e+01 8.639507e+01 1.782534e+01
      endloop
   endfacet
   facet normal -1.327133e-01 -9.902367e-01 -4.264239e-02
      outer loop
         vertex 3.206124e+01 8.779195e+01 1.822828e+01
         vertex 3.278143e+01 8.749315e+01 2.292559e+01
         vertex 3.128143e+01 8.789507e+01 1.826053e+01
      endloop
   endfacet
   facet normal -2.588188e-01 -9.659259e-01 -2.680983e-17
      outer loop
         vertex 3.128143e+01 8.789507e+01 1.826053e+01
         vertex 3.278143e+01 8.749315e+01 2.292559e+01
         vertex 3.128143e+01 8.789507e+01 2.292559e+01
      endloop
   endfacet
   facet normal 1.309309e-01 -9.913915e-01 -2.751664e-17
      outer loop
         vertex 3.128143e+01 8.789507e+01 1.826053e+01
         vertex 3.128143e+01 8.789507e+01 2.292559e+01
         vertex 3.050260e+01 8.779221e+01 1.822836e+01
      endloop
   endfacet
   facet normal 2.587575e-01 -9.656972e-01 -2.175703e-02
      outer loop
         vertex 3.050260e+01 8.779221e+01 1.822836e+01
         vertex 3.128143e+01 8.789507e+01 2.292559e+01
         vertex 2.978143e+01 8.749315e+01 2.292559e+01
      endloop
   endfacet
   facet normal 3.830616e-01 -9.237228e-01 -2.563846e-17
      outer loop
         vertex 3.050260e+01 8.779221e+01 1.822836e+01
         vertex 2.978143e+01 8.749315e+01 2.292559e+01
         vertex 2.978143e+01 8.749315e+01 1.813678e+01
      endloop
   endfacet
   facet normal 6.091811e-01 -7.930311e-01 -2.201104e-17
      outer loop
         vertex 2.978143e+01 8.749315e+01 1.813678e+01
         vertex 2.978143e+01 8.749315e+01 2.292559e+01
         vertex 2.915787e+01 8.701415e+01 1.799616e+01
      endloop
   endfacet
   facet normal 7.069551e-01 -7.069545e-01 -2.073241e-02
      outer loop
         vertex 2.915787e+01 8.701415e+01 1.799616e+01
         vertex 2.978143e+01 8.749315e+01 2.292559e+01
         vertex 2.868335e+01 8.639507e+01 2.292559e+01
      endloop
   endfacet
   facet normal 7.936754e-01 -6.083415e-01 -1.688487e-17
      outer loop
         vertex 2.915787e+01 8.701415e+01 1.799616e+01
         vertex 2.868335e+01 8.639507e+01 2.292559e+01
         vertex 2.868335e+01 8.639507e+01 1.782534e+01
      endloop
   endfacet
   facet normal 9.238375e-01 -3.827850e-01 -1.062442e-17
      outer loop
         vertex 2.868335e+01 8.639507e+01 1.782534e+01
         vertex 2.868335e+01 8.639507e+01 2.292559e+01
         vertex 2.838382e+01 8.567216e+01 1.764120e+01
      endloop
   endfacet
   facet normal 9.657450e-01 -2.587710e-01 -1.934065e-02
      outer loop
         vertex 2.838382e+01 8.567216e+01 1.764120e+01
         vertex 2.868335e+01 8.639507e+01 2.292559e+01
         vertex 2.828143e+01 8.489507e+01 2.292559e+01
      endloop
   endfacet
   facet normal 9.914306e-01 -1.306347e-01 -3.625841e-18
      outer loop
         vertex 2.838382e+01 8.567216e+01 1.764120e+01
         vertex 2.828143e+01 8.489507e+01 2.292559e+01
         vertex 2.828143e+01 8.489507e+01 1.746142e+01
      endloop
   endfacet
   facet normal 9.914845e-01 1.302248e-01 3.614464e-18
      outer loop
         vertex 2.828143e+01 8.489507e+01 1.746142e+01
         vertex 2.828143e+01 8.489507e+01 2.292559e+01
         vertex 2.838318e+01 8.412038e+01 1.730062e+01
      endloop
   endfacet
   facet normal 9.657663e-01 2.587767e-01 -1.816990e-02
      outer loop
         vertex 2.838318e+01 8.412038e+01 1.730062e+01
         vertex 2.828143e+01 8.489507e+01 2.292559e+01
         vertex 2.868335e+01 8.339507e+01 2.292559e+01
      endloop
   endfacet
   facet normal 9.240521e-01 3.822667e-01 -2.054298e-05
      outer loop
         vertex 2.838318e+01 8.412038e+01 1.730062e+01
         vertex 2.868335e+01 8.339507e+01 2.292559e+01
         vertex 2.868290e+01 8.339585e+01 1.716666e+01
      endloop
   endfacet
   facet normal 8.414448e-01 5.403430e-01 7.487027e-06
      outer loop
         vertex 2.868290e+01 8.339585e+01 1.716666e+01
         vertex 2.868335e+01 8.339507e+01 2.292559e+01
         vertex 2.883700e+01 8.315588e+01 1.712576e+01
      endloop
   endfacet
   facet normal 7.070685e-01 7.070682e-01 -1.042829e-02
      outer loop
         vertex 2.883700e+01 8.315588e+01 1.712576e+01
         vertex 2.868335e+01 8.339507e+01 2.292559e+01
         vertex 2.978143e+01 8.229699e+01 2.292559e+01
      endloop
   endfacet
   facet normal 7.463743e-01 6.651275e-01 -2.303963e-02
      outer loop
         vertex 2.883700e+01 8.315588e+01 1.712576e+01
         vertex 2.978143e+01 8.229699e+01 2.292559e+01
         vertex 2.926100e+01 8.267745e+01 1.704932e+01
      endloop
   endfacet
   facet normal 2.587812e-01 9.657844e-01 -1.711072e-02
      outer loop
         vertex 3.128143e+01 8.189507e+01 2.292559e+01
         vertex 3.050526e+01 8.199721e+01 1.695229e+01
         vertex 2.978143e+01 8.229699e+01 2.292559e+01
      endloop
   endfacet
   facet normal 3.826369e-01 9.238988e-01 2.564334e-17
      outer loop
         vertex 2.978143e+01 8.229699e+01 2.292559e+01
         vertex 3.050526e+01 8.199721e+01 1.695229e+01
         vertex 2.978143e+01 8.229699e+01 1.699337e+01
      endloop
   endfacet
   facet normal 5.901556e-01 8.072895e-01 2.240679e-17
      outer loop
         vertex 2.978143e+01 8.229699e+01 2.292559e+01
         vertex 2.978143e+01 8.229699e+01 1.699337e+01
         vertex 2.926100e+01 8.267745e+01 1.704932e+01
      endloop
   endfacet
   facet normal -5.900971e-01 8.073323e-01 2.240797e-17
      outer loop
         vertex 3.330154e+01 8.267715e+01 1.704928e+01
         vertex 3.278143e+01 8.229699e+01 1.699337e+01
         vertex 3.278143e+01 8.229699e+01 2.292559e+01
      endloop
   endfacet
   facet normal -3.826714e-01 9.238845e-01 2.564295e-17
      outer loop
         vertex 3.278143e+01 8.229699e+01 2.292559e+01
         vertex 3.278143e+01 8.229699e+01 1.699337e+01
         vertex 3.205781e+01 8.199727e+01 1.695230e+01
      endloop
   endfacet
   facet normal -2.587812e-01 9.657844e-01 -1.711073e-02
      outer loop
         vertex 3.278143e+01 8.229699e+01 2.292559e+01
         vertex 3.205781e+01 8.199727e+01 1.695230e+01
         vertex 3.128143e+01 8.189507e+01 2.292559e+01
      endloop
   endfacet
   facet normal -1.305138e-01 9.914465e-01 2.751817e-17
      outer loop
         vertex 3.128143e+01 8.189507e+01 2.292559e+01
         vertex 3.205781e+01 8.199727e+01 1.695230e+01
         vertex 3.128143e+01 8.189507e+01 1.693889e+01
      endloop
   endfacet
   facet normal 1.304765e-01 9.914514e-01 2.751830e-17
      outer loop
         vertex 3.128143e+01 8.189507e+01 2.292559e+01
         vertex 3.128143e+01 8.189507e+01 1.693889e+01
         vertex 3.050526e+01 8.199721e+01 1.695229e+01
      endloop
   endfacet
   facet normal -9.914532e-01 -1.304625e-01 -3.621062e-18
      outer loop
         vertex 3.417931e+01 8.567116e+01 1.764096e+01
         vertex 3.428143e+01 8.489507e+01 1.746142e+01
         vertex 3.428143e+01 8.489507e+01 2.292559e+01
      endloop
   endfacet
   facet normal -9.914379e-01 1.305790e-01 3.624297e-18
      outer loop
         vertex 3.428143e+01 8.489507e+01 2.292559e+01
         vertex 3.428143e+01 8.489507e+01 1.746142e+01
         vertex 3.417912e+01 8.411830e+01 1.730021e+01
      endloop
   endfacet
   facet normal -9.657664e-01 2.587761e-01 -1.816873e-02
      outer loop
         vertex 3.428143e+01 8.489507e+01 2.292559e+01
         vertex 3.417912e+01 8.411830e+01 1.730021e+01
         vertex 3.387951e+01 8.339507e+01 2.292559e+01
      endloop
   endfacet
   facet normal -9.238588e-01 3.827335e-01 1.062299e-17
      outer loop
         vertex 3.387951e+01 8.339507e+01 2.292559e+01
         vertex 3.417912e+01 8.411830e+01 1.730021e+01
         vertex 3.387951e+01 8.339507e+01 1.716653e+01
      endloop
   endfacet
   facet normal -7.071069e-01 7.071066e-01 1.962615e-17
      outer loop
         vertex 3.387951e+01 8.339507e+01 2.292559e+01
         vertex 3.387951e+01 8.339507e+01 1.716653e+01
         vertex 3.278143e+01 8.229699e+01 2.292559e+01
      endloop
   endfacet
   facet normal -8.337140e-01 5.495316e-01 -5.418476e-02
      outer loop
         vertex 3.278143e+01 8.229699e+01 2.292559e+01
         vertex 3.387951e+01 8.339507e+01 1.716653e+01
         vertex 3.371177e+01 8.313625e+01 1.712249e+01
      endloop
   endfacet
   facet normal -7.436941e-01 6.681380e-01 -2.259983e-02
      outer loop
         vertex 3.278143e+01 8.229699e+01 2.292559e+01
         vertex 3.371177e+01 8.313625e+01 1.712249e+01
         vertex 3.330154e+01 8.267715e+01 1.704928e+01
      endloop
   endfacet
   facet normal 0.000000e+00 2.775558e-17 -1.000000e+00
      outer loop
         vertex 3.283143e+01 8.489507e+01 2.292559e+01
         vertex 3.428143e+01 8.489507e+01 2.292559e+01
         vertex 3.262377e+01 8.412007e+01 2.292559e+01
      endloop
   endfacet
   facet normal 0.000000e+00 2.775558e-17 -1.000000e+00
      outer loop
         vertex 3.262377e+01 8.412007e+01 2.292559e+01
         vertex 3.428143e+01 8.489507e+01 2.292559e+01
         vertex 3.387951e+01 8.339507e+01 2.292559e+01
      endloop
   endfacet
   facet normal -0.000000e+00 2.775558e-17 -1.000000e+00
      outer loop
         vertex 3.262377e+01 8.412007e+01 2.292559e+01
         vertex 3.387951e+01 8.339507e+01 2.292559e+01
         vertex 3.205643e+01 8.355273e+01 2.292559e+01
      endloop
   endfacet
   facet normal 0.000000e+00 2.775558e-17 -1.000000e+00
      outer loop
         vertex 3.205643e+01 8.355273e+01 2.292559e+01
         vertex 3.387951e+01 8.339507e+01 2.292559e+01
         vertex 3.278143e+01 8.229699e+01 2.292559e+01
      endloop
   endfacet
   facet normal -0.000000e+00 2.775558e-17 -1.000000e+00
      outer loop
         vertex 3.205643e+01 8.355273e+01 2.292559e+01
         vertex 3.278143e+01 8.229699e+01 2.292559e+01
         vertex 3.128143e+01 8.334507e+01 2.292559e+01
      endloop
   endfacet
   facet normal -0.000000e+00 2.775558e-17 -1.000000e+00
      outer loop
         vertex 3.128143e+01 8.334507e+01 2.292559e+01
         vertex 3.278143e+01 8.229699e+01 2.292559e+01
         vertex 3.128143e+01 8.189507e+01 2.292559e+01
      endloop
   endfacet
   facet normal 0.000000e+00 2.775558e-17 -1.000000e+00
      outer loop
         vertex 3.128143e+01 8.334507e+01 2.292559e+01
         vertex 3.128143e+01 8.189507e+01 2.292559e+01
         vertex 3.050643e+01 8.355273e+01 2.292559e+01
      endloop
   endfacet
   facet normal -0.000000e+00 2.775558e-17 -1.000000e+00
      outer loop
         vertex 3.050643e+01 8.355273e+01 2.292559e+01
         vertex 3.128143e+01 8.189507e+01 2.292559e+01
         vertex 2.978143e+01 8.229699e+01 2.292559e+01
      endloop
   endfacet
   facet normal 0.000000e+00 2.775558e-17 -1.000000e+00
      outer loop
         vertex 3.050643e+01 8.355273e+01 2.292559e+01
         vertex 2.978143e+01 8.229699e+01 2.292559e+01
         vertex 2.993909e+01 8.412007e+01 2.292559e+01
      endloop
   endfacet
   facet normal 0.000000e+00 2.775558e-17 -1.000000e+00
      outer loop
         vertex 2.993909e+01 8.412007e+01 2.292559e+01
         vertex 2.978143e+01 8.229699e+01 2.292559e+01
         vertex 2.868335e+01 8.339507e+01 2.292559e+01
      endloop
   endfacet
   facet normal 0.000000e+00 2.775558e-17 -1.000000e+00
      outer loop
         vertex 2.993909e+01 8.412007e+01 2.292559e+01
         vertex 2.868335e+01 8.339507e+01 2.292559e+01
         vertex 2.973143e+01 8.489507e+01 2.292559e+01
      endloop
   endfacet
   facet normal 0.000000e+00 2.775558e-17 -1.000000e+00
      outer loop
         vertex 2.973143e+01 8.489507e+01 2.292559e+01
         vertex 2.868335e+01 8.339507e+01 2.292559e+01
         vertex 2.828143e+01 8.489507e+01 2.292559e+01
      endloop
   endfacet
   facet normal 0.000000e+00 2.775558e-17 -1.000000e+00
      outer loop
         vertex 2.973143e+01 8.489507e+01 2.292559e+01
         vertex 2.828143e+01 8.489507e+01 2.292559e+01
         vertex 2.993909e+01 8.567007e+01 2.292559e+01
      endloop
   endfacet
   facet normal 0.000000e+00 2.775558e-17 -1.000000e+00
      outer loop
         vertex 2.993909e+01 8.567007e+01 2.292559e+01
         vertex 2.828143e+01 8.489507e+01 2.292559e+01
         vertex 2.868335e+01 8.639507e+01 2.292559e+01
      endloop
   endfacet
   facet normal 0.000000e+00 2.775558e-17 -1.000000e+00
      outer loop
         vertex 2.993909e+01 8.567007e+01 2.292559e+01
         vertex 2.868335e+01 8.639507e+01 2.292559e+01
         vertex 3.050643e+01 8.623741e+01 2.292559e+01
      endloop
   endfacet
   facet normal 0.000000e+00 2.775558e-17 -1.000000e+00
      outer loop
         vertex 3.050643e+01 8.623741e+01 2.292559e+01
         vertex 2.868335e+01 8.639507e+01 2.292559e+01
         vertex 2.978143e+01 8.749315e+01 2.292559e+01
      endloop
   endfacet
   facet normal 0.000000e+00 2.775558e-17 -1.000000e+00
      outer loop
         vertex 3.050643e+01 8.623741e+01 2.292559e+01
         vertex 2.978143e+01 8.749315e+01 2.292559e+01
         vertex 3.128143e+01 8.644507e+01 2.292559e+01
      endloop
   endfacet
   facet normal 0.000000e+00 2.775558e-17 -1.000000e+00
      outer loop
         vertex 3.128143e+01 8.644507e+01 2.292559e+01
         vertex 2.978143e+01 8.749315e+01 2.292559e+01
         vertex 3.128143e+01 8.789507e+01 2.292559e+01
      endloop
   endfacet
   facet normal 0.000000e+00 2.775558e-17 -1.000000e+00
      outer loop
         vertex 3.128143e+01 8.644507e+01 2.292559e+01
         vertex 3.128143e+01 8.789507e+01 2.292559e+01
         vertex 3.205643e+01 8.623741e+01 2.292559e+01
      endloop
   endfacet
   facet normal 0.000000e+00 2.775558e-17 -1.000000e+00
      outer loop
         vertex 3.205643e+01 8.623741e+01 2.292559e+01
         vertex 3.128143e+01 8.789507e+01 2.292559e+01
         vertex 3.278143e+01 8.749315e+01 2.292559e+01
      endloop
   endfacet
   facet normal 0.000000e+00 2.775558e-17 -1.000000e+00
      outer loop
         vertex 3.205643e+01 8.623741e+01 2.292559e+01
         vertex 3.278143e+01 8.749315e+01 2.292559e+01
         vertex 3.262377e+01 8.567007e+01 2.292559e+01
      endloop
   endfacet
   facet normal 0.000000e+00 2.775558e-17 -1.000000e+00
      outer loop
         vertex 3.262377e+01 8.567007e+01 2.292559e+01
         vertex 3.278143e+01 8.749315e+01 2.292559e+01
         vertex 3.387951e+01 8.639507e+01 2.292559e+01
      endloop
   endfacet
   facet normal 0.000000e+00 2.775558e-17 -1.000000e+00
      outer loop
         vertex 3.262377e+01 8.567007e+01 2.292559e+01
         vertex 3.387951e+01 8.639507e+01 2.292559e+01
         vertex 3.283143e+01 8.489507e+01 2.292559e+01
      endloop
   endfacet
   facet normal 0.000000e+00 2.775558e-17 -1.000000e+00
      outer loop
         vertex 3.283143e+01 8.489507e+01 2.292559e+01
         vertex 3.387951e+01 8.639507e+01 2.292559e+01
         vertex 3.428143e+01 8.489507e+01 2.292559e+01
      endloop
   endfacet
endsolid TRY2_ASS - Part1-2